
===== Submit_Full_Histogram_Creation_Pipeline.py start 2026-08-22T14:48:19 name=1st_Order_V3 mode=parallel email=all =====

Submit_Full_Histogram_Creation_Pipeline.py ready.
  name=1st_Order_V3  mode=parallel  email=all  skip_acceptance=True  run_all_cuts=False  unsmeared=False  no_run_rho_weight=False  rho0_source=lundvpk
  master log: /w/hallb-scshelf2102/clas12/richcap/SIDIS_Analysis/Histo_Files_ROOT/DataFrames/1st_Order_V3_full_pipeline.log
  time log:   /w/hallb-scshelf2102/clas12/richcap/SIDIS_Analysis/Histo_Files_ROOT/DataFrames/1st_Order_V3_full_pipeline.time
  default --jobs=5  overrides: jobs_2D=0  jobs_3D=35  jobs_5D=0  jobs_Binning=0
rho0_source for Acceptance: lundvpk

=== Stage 1: Acceptance SKIPPED (-sa / -rac / defaults) ===
  HPP cut=cut_Complete_SIDIS: pure=/w/hallb-scshelf2102/clas12/richcap/SIDIS_Analysis/Histo_Files_ROOT/DataFrames/HPP_Files_Output/generated_acceptance_weights_1st_Order_noSpline.hpp
                 comb=/w/hallb-scshelf2102/clas12/richcap/SIDIS_Analysis/Histo_Files_ROOT/DataFrames/HPP_Files_Output/generated_acceptance_weights_1st_Order_withSpline.hpp

=== Stage 2: Response-matrix products (Only_3D×35 when parallel) ===
Phase-2 product job plan:
  2D_Presentation: SKIPPED (jobs_2D=0)
  Only_3D: jobs=35 (from --jobs_3D)
  Only_5D: SKIPPED (jobs_5D=0)
  Binning_Presentation_Only: SKIPPED (jobs_Binning=0)

Products for cut cut_Complete_SIDIS
SKIP product 2D_Presentation for cut cut_Complete_SIDIS (jobs_2D=0)
SKIP product Only_5D for cut cut_Complete_SIDIS (jobs_5D=0)
SKIP product Binning_Presentation_Only for cut cut_Complete_SIDIS (jobs_Binning=0)
CMD [Only_3D]: ./run_sidis_DataFrame_pipeline.py -m parallel -cn cut_Complete_SIDIS -n Only_3D_1st_Order_V3_Response_Matrices --use_hpp --spline_weights --spline_weight_file /w/hallb-scshelf2102/clas12/richcap/SIDIS_Analysis/Prepare_Next_Iteration/rho0_Subtracted_5D_V2_4D_xB_Fit_Pars_from_5D_BC_RC_Bayesian_Compute_SplineWeight.txt --hpp_weight_file /w/hallb-scshelf2102/clas12/richcap/SIDIS_Analysis/Histo_Files_ROOT/DataFrames/HPP_Files_Output/generated_acceptance_weights_1st_Order_noSpline.hpp --hpp_weight_file_spline /w/hallb-scshelf2102/clas12/richcap/SIDIS_Analysis/Histo_Files_ROOT/DataFrames/HPP_Files_Output/generated_acceptance_weights_1st_Order_withSpline.hpp --run_rho_weight --no_make_2D_rho --no_make_2D --no_unfold_5D --jobs 35 --email -emj Running full histogram runner script (1st_Order_V3) after updating the kinematic binning scheme (empty BC Corrections bins were removed and some bin borders were changed). This is a 3D-only test run so those response matrices can be inspected before launching 2D and 5D. Skipped HPP generation and reused HPP_Files_Output/generated_acceptance_weights_1st_Order_{noSpline,withSpline}.hpp via --HPP_Old_Name 1st_Order. Included the most recent versions of the rho0 subtractions. Phase-2 2D skipped (--jobs_2D 0). Phase-2 3D Response Matrices set to 35 concurrent jobs (3D-only; ~1.9 GB/worker). Phase-2 5D skipped (--jobs_5D 0). Ran in tmuxPython. Only 3D Response Matrices --extra --run_rho_weight
[Only_3D] 
[Only_3D] Started running on 8-22-2026 at 02:48 p.m.
[Only_3D] 
[Only_3D] Starting parallel run with 171 batches → output dir: /scratch/richcap/Response_Matrix_Outputs/Only_3D_1st_Order_V3_Response_Matrices_Final_Analysis_Iterations_I0_08_22_2026
[Only_3D] 
[Only_3D] START: Batch   1 of 171
[Only_3D] Time Elapsed Up To Now: 0 Day(s), 0 Hour(s), 0 Minute(s), and 0 Second(s). 
[Only_3D] START: Batch   2 of 171
[Only_3D] Time Elapsed Up To Now: 0 Day(s), 0 Hour(s), 0 Minute(s), and 0 Second(s). 
[Only_3D] START: Batch   3 of 171
[Only_3D] Time Elapsed Up To Now: 0 Day(s), 0 Hour(s), 0 Minute(s), and 0 Second(s). 
[Only_3D] START: Batch   4 of 171
[Only_3D] Time Elapsed Up To Now: 0 Day(s), 0 Hour(s), 0 Minute(s), and 0 Second(s). 
[Only_3D] START: Batch   5 of 171
[Only_3D] Time Elapsed Up To Now: 0 Day(s), 0 Hour(s), 0 Minute(s), and 0 Second(s). 
[Only_3D] START: Batch   6 of 171
[Only_3D] Time Elapsed Up To Now: 0 Day(s), 0 Hour(s), 0 Minute(s), and 0 Second(s). 
[Only_3D] START: Batch   7 of 171
[Only_3D] Time Elapsed Up To Now: 0 Day(s), 0 Hour(s), 0 Minute(s), and 0 Second(s). 
[Only_3D] START: Batch   8 of 171
[Only_3D] Time Elapsed Up To Now: 0 Day(s), 0 Hour(s), 0 Minute(s), and 0 Second(s). 
[Only_3D] START: Batch   9 of 171
[Only_3D] Time Elapsed Up To Now: 0 Day(s), 0 Hour(s), 0 Minute(s), and 0 Second(s). 
[Only_3D] START: Batch  10 of 171
[Only_3D] Time Elapsed Up To Now: 0 Day(s), 0 Hour(s), 0 Minute(s), and 0 Second(s). 
[Only_3D] START: Batch  11 of 171
[Only_3D] Time Elapsed Up To Now: 0 Day(s), 0 Hour(s), 0 Minute(s), and 0 Second(s). 
[Only_3D] START: Batch  12 of 171
[Only_3D] Time Elapsed Up To Now: 0 Day(s), 0 Hour(s), 0 Minute(s), and 0 Second(s). 
[Only_3D] START: Batch  13 of 171
[Only_3D] Time Elapsed Up To Now: 0 Day(s), 0 Hour(s), 0 Minute(s), and 0 Second(s). 
[Only_3D] START: Batch  14 of 171
[Only_3D] Time Elapsed Up To Now: 0 Day(s), 0 Hour(s), 0 Minute(s), and 0 Second(s). 
[Only_3D] START: Batch  15 of 171
[Only_3D] Time Elapsed Up To Now: 0 Day(s), 0 Hour(s), 0 Minute(s), and 0 Second(s). 
[Only_3D] START: Batch  16 of 171
[Only_3D] Time Elapsed Up To Now: 0 Day(s), 0 Hour(s), 0 Minute(s), and 0 Second(s). 
[Only_3D] START: Batch  17 of 171
[Only_3D] Time Elapsed Up To Now: 0 Day(s), 0 Hour(s), 0 Minute(s), and 0 Second(s). 
[Only_3D] START: Batch  18 of 171
[Only_3D] Time Elapsed Up To Now: 0 Day(s), 0 Hour(s), 0 Minute(s), and 0 Second(s). 
[Only_3D] START: Batch  19 of 171
[Only_3D] Time Elapsed Up To Now: 0 Day(s), 0 Hour(s), 0 Minute(s), and 0 Second(s). 
[Only_3D] START: Batch  20 of 171
[Only_3D] Time Elapsed Up To Now: 0 Day(s), 0 Hour(s), 0 Minute(s), and 0 Second(s). 
[Only_3D] START: Batch  21 of 171
[Only_3D] Time Elapsed Up To Now: 0 Day(s), 0 Hour(s), 0 Minute(s), and 0 Second(s). 
[Only_3D] START: Batch  22 of 171
[Only_3D] Time Elapsed Up To Now: 0 Day(s), 0 Hour(s), 0 Minute(s), and 0 Second(s). 
[Only_3D] START: Batch  23 of 171
[Only_3D] Time Elapsed Up To Now: 0 Day(s), 0 Hour(s), 0 Minute(s), and 0 Second(s). 
[Only_3D] START: Batch  24 of 171
[Only_3D] Time Elapsed Up To Now: 0 Day(s), 0 Hour(s), 0 Minute(s), and 0 Second(s). 
[Only_3D] START: Batch  25 of 171
[Only_3D] Time Elapsed Up To Now: 0 Day(s), 0 Hour(s), 0 Minute(s), and 0 Second(s). 
[Only_3D] START: Batch  26 of 171
[Only_3D] Time Elapsed Up To Now: 0 Day(s), 0 Hour(s), 0 Minute(s), and 0 Second(s). 
[Only_3D] START: Batch  27 of 171
[Only_3D] Time Elapsed Up To Now: 0 Day(s), 0 Hour(s), 0 Minute(s), and 0 Second(s). 
[Only_3D] START: Batch  28 of 171
[Only_3D] Time Elapsed Up To Now: 0 Day(s), 0 Hour(s), 0 Minute(s), and 0 Second(s). 
[Only_3D] START: Batch  29 of 171
[Only_3D] Time Elapsed Up To Now: 0 Day(s), 0 Hour(s), 0 Minute(s), and 0 Second(s). 
[Only_3D] START: Batch  30 of 171
[Only_3D] Time Elapsed Up To Now: 0 Day(s), 0 Hour(s), 0 Minute(s), and 0 Second(s). 
[Only_3D] START: Batch  31 of 171
[Only_3D] Time Elapsed Up To Now: 0 Day(s), 0 Hour(s), 0 Minute(s), and 0 Second(s). 
[Only_3D] START: Batch  32 of 171
[Only_3D] Time Elapsed Up To Now: 0 Day(s), 0 Hour(s), 0 Minute(s), and 0 Second(s). 
[Only_3D] START: Batch  33 of 171
[Only_3D] Time Elapsed Up To Now: 0 Day(s), 0 Hour(s), 0 Minute(s), and 0 Second(s). 
[Only_3D] START: Batch  34 of 171
[Only_3D] Time Elapsed Up To Now: 0 Day(s), 0 Hour(s), 0 Minute(s), and 0 Second(s). 
[Only_3D] START: Batch  35 of 171
[Only_3D] Time Elapsed Up To Now: 0 Day(s), 0 Hour(s), 0 Minute(s), and 0 Second(s). 
[Only_3D] DONE : Batch  14 of 171
[Only_3D] Time Elapsed Up To Now: 0 Day(s), 1 Hour(s), 15 Minute(s), and 35 Second(s). 
[Only_3D] START: Batch  36 of 171
[Only_3D] Time Elapsed Up To Now: 0 Day(s), 1 Hour(s), 15 Minute(s), and 35 Second(s). 
[Only_3D] DONE : Batch  13 of 171
[Only_3D] Time Elapsed Up To Now: 0 Day(s), 1 Hour(s), 23 Minute(s), and 16 Second(s). 
[Only_3D] START: Batch  37 of 171
[Only_3D] Time Elapsed Up To Now: 0 Day(s), 1 Hour(s), 23 Minute(s), and 16 Second(s). 
[Only_3D] DONE : Batch  12 of 171
[Only_3D] Time Elapsed Up To Now: 0 Day(s), 1 Hour(s), 23 Minute(s), and 46 Second(s). 
[Only_3D] START: Batch  38 of 171
[Only_3D] Time Elapsed Up To Now: 0 Day(s), 1 Hour(s), 23 Minute(s), and 46 Second(s). 
[Only_3D] DONE : Batch  16 of 171
[Only_3D] Time Elapsed Up To Now: 0 Day(s), 1 Hour(s), 53 Minute(s), and 31 Second(s). 
[Only_3D] START: Batch  39 of 171
[Only_3D] Time Elapsed Up To Now: 0 Day(s), 1 Hour(s), 53 Minute(s), and 31 Second(s). 
[Only_3D] DONE : Batch  21 of 171
[Only_3D] Time Elapsed Up To Now: 0 Day(s), 1 Hour(s), 53 Minute(s), and 40 Second(s). 
[Only_3D] START: Batch  40 of 171
[Only_3D] Time Elapsed Up To Now: 0 Day(s), 1 Hour(s), 53 Minute(s), and 40 Second(s). 
[Only_3D] DONE : Batch  15 of 171
[Only_3D] Time Elapsed Up To Now: 0 Day(s), 1 Hour(s), 53 Minute(s), and 48 Second(s). 
[Only_3D] START: Batch  41 of 171
[Only_3D] Time Elapsed Up To Now: 0 Day(s), 1 Hour(s), 53 Minute(s), and 48 Second(s). 
[Only_3D] DONE : Batch  17 of 171
[Only_3D] Time Elapsed Up To Now: 0 Day(s), 1 Hour(s), 53 Minute(s), and 57 Second(s). 
[Only_3D] START: Batch  42 of 171
[Only_3D] Time Elapsed Up To Now: 0 Day(s), 1 Hour(s), 53 Minute(s), and 57 Second(s). 
[Only_3D] DONE : Batch  27 of 171
[Only_3D] Time Elapsed Up To Now: 0 Day(s), 1 Hour(s), 54 Minute(s), and 0 Second(s). 
[Only_3D] START: Batch  43 of 171
[Only_3D] Time Elapsed Up To Now: 0 Day(s), 1 Hour(s), 54 Minute(s), and 0 Second(s). 
[Only_3D] DONE : Batch  11 of 171
[Only_3D] Time Elapsed Up To Now: 0 Day(s), 1 Hour(s), 54 Minute(s), and 8 Second(s). 
[Only_3D] START: Batch  44 of 171
[Only_3D] Time Elapsed Up To Now: 0 Day(s), 1 Hour(s), 54 Minute(s), and 8 Second(s). 
[Only_3D] DONE : Batch  32 of 171
[Only_3D] Time Elapsed Up To Now: 0 Day(s), 1 Hour(s), 54 Minute(s), and 15 Second(s). 
[Only_3D] START: Batch  45 of 171
[Only_3D] Time Elapsed Up To Now: 0 Day(s), 1 Hour(s), 54 Minute(s), and 15 Second(s). 
[Only_3D] DONE : Batch  29 of 171
[Only_3D] Time Elapsed Up To Now: 0 Day(s), 1 Hour(s), 54 Minute(s), and 21 Second(s). 
[Only_3D] START: Batch  46 of 171
[Only_3D] Time Elapsed Up To Now: 0 Day(s), 1 Hour(s), 54 Minute(s), and 21 Second(s). 
[Only_3D] DONE : Batch  35 of 171
[Only_3D] Time Elapsed Up To Now: 0 Day(s), 1 Hour(s), 54 Minute(s), and 22 Second(s). 
[Only_3D] START: Batch  47 of 171
[Only_3D] Time Elapsed Up To Now: 0 Day(s), 1 Hour(s), 54 Minute(s), and 22 Second(s). 
[Only_3D] DONE : Batch  28 of 171
[Only_3D] Time Elapsed Up To Now: 0 Day(s), 1 Hour(s), 54 Minute(s), and 23 Second(s). 
[Only_3D] START: Batch  48 of 171
[Only_3D] Time Elapsed Up To Now: 0 Day(s), 1 Hour(s), 54 Minute(s), and 23 Second(s). 
[Only_3D] DONE : Batch  26 of 171
[Only_3D] Time Elapsed Up To Now: 0 Day(s), 1 Hour(s), 54 Minute(s), and 24 Second(s). 
[Only_3D] START: Batch  49 of 171
[Only_3D] Time Elapsed Up To Now: 0 Day(s), 1 Hour(s), 54 Minute(s), and 24 Second(s). 
[Only_3D] DONE : Batch  30 of 171
[Only_3D] Time Elapsed Up To Now: 0 Day(s), 1 Hour(s), 54 Minute(s), and 29 Second(s). 
[Only_3D] START: Batch  50 of 171
[Only_3D] Time Elapsed Up To Now: 0 Day(s), 1 Hour(s), 54 Minute(s), and 29 Second(s). 
[Only_3D] DONE : Batch  25 of 171
[Only_3D] Time Elapsed Up To Now: 0 Day(s), 1 Hour(s), 54 Minute(s), and 33 Second(s). 
[Only_3D] START: Batch  51 of 171
[Only_3D] Time Elapsed Up To Now: 0 Day(s), 1 Hour(s), 54 Minute(s), and 33 Second(s). 
[Only_3D] DONE : Batch  22 of 171
[Only_3D] Time Elapsed Up To Now: 0 Day(s), 1 Hour(s), 54 Minute(s), and 41 Second(s). 
[Only_3D] START: Batch  52 of 171
[Only_3D] Time Elapsed Up To Now: 0 Day(s), 1 Hour(s), 54 Minute(s), and 41 Second(s). 
[Only_3D] DONE : Batch  23 of 171
[Only_3D] Time Elapsed Up To Now: 0 Day(s), 1 Hour(s), 54 Minute(s), and 46 Second(s). 
[Only_3D] START: Batch  53 of 171
[Only_3D] Time Elapsed Up To Now: 0 Day(s), 1 Hour(s), 54 Minute(s), and 46 Second(s). 
[Only_3D] DONE : Batch  24 of 171
[Only_3D] Time Elapsed Up To Now: 0 Day(s), 1 Hour(s), 54 Minute(s), and 55 Second(s). 
[Only_3D] START: Batch  54 of 171
[Only_3D] Time Elapsed Up To Now: 0 Day(s), 1 Hour(s), 54 Minute(s), and 55 Second(s). 
[Only_3D] DONE : Batch   3 of 171
[Only_3D] Time Elapsed Up To Now: 0 Day(s), 1 Hour(s), 54 Minute(s), and 58 Second(s). 
[Only_3D] START: Batch  55 of 171
[Only_3D] Time Elapsed Up To Now: 0 Day(s), 1 Hour(s), 54 Minute(s), and 58 Second(s). 
[Only_3D] DONE : Batch  31 of 171
[Only_3D] Time Elapsed Up To Now: 0 Day(s), 1 Hour(s), 55 Minute(s), and 6 Second(s). 
[Only_3D] START: Batch  56 of 171
[Only_3D] Time Elapsed Up To Now: 0 Day(s), 1 Hour(s), 55 Minute(s), and 6 Second(s). 
[Only_3D] DONE : Batch  19 of 171
[Only_3D] Time Elapsed Up To Now: 0 Day(s), 1 Hour(s), 55 Minute(s), and 7 Second(s). 
[Only_3D] START: Batch  57 of 171
[Only_3D] Time Elapsed Up To Now: 0 Day(s), 1 Hour(s), 55 Minute(s), and 7 Second(s). 
[Only_3D] DONE : Batch  33 of 171
[Only_3D] Time Elapsed Up To Now: 0 Day(s), 1 Hour(s), 55 Minute(s), and 34 Second(s). 
[Only_3D] START: Batch  58 of 171
[Only_3D] Time Elapsed Up To Now: 0 Day(s), 1 Hour(s), 55 Minute(s), and 34 Second(s). 
[Only_3D] DONE : Batch  10 of 171
[Only_3D] Time Elapsed Up To Now: 0 Day(s), 1 Hour(s), 55 Minute(s), and 51 Second(s). 
[Only_3D] START: Batch  59 of 171
[Only_3D] Time Elapsed Up To Now: 0 Day(s), 1 Hour(s), 55 Minute(s), and 51 Second(s). 
[Only_3D] DONE : Batch  20 of 171
[Only_3D] Time Elapsed Up To Now: 0 Day(s), 1 Hour(s), 55 Minute(s), and 52 Second(s). 
[Only_3D] START: Batch  60 of 171
[Only_3D] Time Elapsed Up To Now: 0 Day(s), 1 Hour(s), 55 Minute(s), and 52 Second(s). 
[Only_3D] DONE : Batch  18 of 171
[Only_3D] Time Elapsed Up To Now: 0 Day(s), 1 Hour(s), 59 Minute(s), and 24 Second(s). 
[Only_3D] START: Batch  61 of 171
[Only_3D] Time Elapsed Up To Now: 0 Day(s), 1 Hour(s), 59 Minute(s), and 24 Second(s). 
[Only_3D] DONE : Batch   7 of 171
[Only_3D] Time Elapsed Up To Now: 0 Day(s), 2 Hour(s), 13 Minute(s), and 38 Second(s). 
[Only_3D] START: Batch  62 of 171
[Only_3D] Time Elapsed Up To Now: 0 Day(s), 2 Hour(s), 13 Minute(s), and 38 Second(s). 
[Only_3D] DONE : Batch   4 of 171
[Only_3D] Time Elapsed Up To Now: 0 Day(s), 2 Hour(s), 14 Minute(s), and 27 Second(s). 
[Only_3D] START: Batch  63 of 171
[Only_3D] Time Elapsed Up To Now: 0 Day(s), 2 Hour(s), 14 Minute(s), and 27 Second(s). 
[Only_3D] DONE : Batch   8 of 171
[Only_3D] Time Elapsed Up To Now: 0 Day(s), 2 Hour(s), 14 Minute(s), and 42 Second(s). 
[Only_3D] START: Batch  64 of 171
[Only_3D] Time Elapsed Up To Now: 0 Day(s), 2 Hour(s), 14 Minute(s), and 42 Second(s). 
[Only_3D] DONE : Batch   6 of 171
[Only_3D] Time Elapsed Up To Now: 0 Day(s), 2 Hour(s), 14 Minute(s), and 43 Second(s). 
[Only_3D] START: Batch  65 of 171
[Only_3D] Time Elapsed Up To Now: 0 Day(s), 2 Hour(s), 14 Minute(s), and 43 Second(s). 
[Only_3D] DONE : Batch   9 of 171
[Only_3D] Time Elapsed Up To Now: 0 Day(s), 2 Hour(s), 14 Minute(s), and 51 Second(s). 
[Only_3D] START: Batch  66 of 171
[Only_3D] Time Elapsed Up To Now: 0 Day(s), 2 Hour(s), 14 Minute(s), and 51 Second(s). 
[Only_3D] DONE : Batch   2 of 171
[Only_3D] Time Elapsed Up To Now: 0 Day(s), 2 Hour(s), 14 Minute(s), and 56 Second(s). 
[Only_3D] START: Batch  67 of 171
[Only_3D] Time Elapsed Up To Now: 0 Day(s), 2 Hour(s), 14 Minute(s), and 56 Second(s). 
[Only_3D] DONE : Batch   1 of 171
[Only_3D] Time Elapsed Up To Now: 0 Day(s), 2 Hour(s), 15 Minute(s), and 4 Second(s). 
[Only_3D] START: Batch  68 of 171
[Only_3D] Time Elapsed Up To Now: 0 Day(s), 2 Hour(s), 15 Minute(s), and 4 Second(s). 
[Only_3D] DONE : Batch   5 of 171
[Only_3D] Time Elapsed Up To Now: 0 Day(s), 2 Hour(s), 15 Minute(s), and 42 Second(s). 
[Only_3D] START: Batch  69 of 171
[Only_3D] Time Elapsed Up To Now: 0 Day(s), 2 Hour(s), 15 Minute(s), and 42 Second(s). 
[Only_3D] DONE : Batch  36 of 171
[Only_3D] Time Elapsed Up To Now: 0 Day(s), 3 Hour(s), 1 Minute(s), and 6 Second(s). 
[Only_3D] START: Batch  70 of 171
[Only_3D] Time Elapsed Up To Now: 0 Day(s), 3 Hour(s), 1 Minute(s), and 6 Second(s). 
[Only_3D] DONE : Batch  37 of 171
[Only_3D] Time Elapsed Up To Now: 0 Day(s), 3 Hour(s), 9 Minute(s), and 33 Second(s). 
[Only_3D] START: Batch  71 of 171
[Only_3D] Time Elapsed Up To Now: 0 Day(s), 3 Hour(s), 9 Minute(s), and 33 Second(s). 
[Only_3D] DONE : Batch  38 of 171
[Only_3D] Time Elapsed Up To Now: 0 Day(s), 3 Hour(s), 11 Minute(s), and 23 Second(s). 
[Only_3D] START: Batch  72 of 171
[Only_3D] Time Elapsed Up To Now: 0 Day(s), 3 Hour(s), 11 Minute(s), and 23 Second(s). 
[Only_3D] DONE : Batch  54 of 171
[Only_3D] Time Elapsed Up To Now: 0 Day(s), 3 Hour(s), 26 Minute(s), and 27 Second(s). 
[Only_3D] START: Batch  73 of 171
[Only_3D] Time Elapsed Up To Now: 0 Day(s), 3 Hour(s), 26 Minute(s), and 27 Second(s). 
[Only_3D] DONE : Batch  51 of 171
[Only_3D] Time Elapsed Up To Now: 0 Day(s), 3 Hour(s), 26 Minute(s), and 45 Second(s). 
[Only_3D] START: Batch  74 of 171
[Only_3D] Time Elapsed Up To Now: 0 Day(s), 3 Hour(s), 26 Minute(s), and 45 Second(s). 
[Only_3D] DONE : Batch  55 of 171
[Only_3D] Time Elapsed Up To Now: 0 Day(s), 3 Hour(s), 26 Minute(s), and 57 Second(s). 
[Only_3D] START: Batch  75 of 171
[Only_3D] Time Elapsed Up To Now: 0 Day(s), 3 Hour(s), 26 Minute(s), and 57 Second(s). 
[Only_3D] DONE : Batch  52 of 171
[Only_3D] Time Elapsed Up To Now: 0 Day(s), 3 Hour(s), 27 Minute(s), and 6 Second(s). 
[Only_3D] START: Batch  76 of 171
[Only_3D] Time Elapsed Up To Now: 0 Day(s), 3 Hour(s), 27 Minute(s), and 6 Second(s). 
[Only_3D] DONE : Batch  60 of 171
[Only_3D] Time Elapsed Up To Now: 0 Day(s), 3 Hour(s), 27 Minute(s), and 57 Second(s). 
[Only_3D] START: Batch  77 of 171
[Only_3D] Time Elapsed Up To Now: 0 Day(s), 3 Hour(s), 27 Minute(s), and 57 Second(s). 
[Only_3D] DONE : Batch  59 of 171
[Only_3D] Time Elapsed Up To Now: 0 Day(s), 3 Hour(s), 28 Minute(s), and 2 Second(s). 
[Only_3D] START: Batch  78 of 171
[Only_3D] Time Elapsed Up To Now: 0 Day(s), 3 Hour(s), 28 Minute(s), and 2 Second(s). 
[Only_3D] DONE : Batch  50 of 171
[Only_3D] Time Elapsed Up To Now: 0 Day(s), 3 Hour(s), 28 Minute(s), and 21 Second(s). 
[Only_3D] START: Batch  79 of 171
[Only_3D] Time Elapsed Up To Now: 0 Day(s), 3 Hour(s), 28 Minute(s), and 21 Second(s). 
[Only_3D] DONE : Batch  53 of 171
[Only_3D] Time Elapsed Up To Now: 0 Day(s), 3 Hour(s), 28 Minute(s), and 53 Second(s). 
[Only_3D] START: Batch  80 of 171
[Only_3D] Time Elapsed Up To Now: 0 Day(s), 3 Hour(s), 28 Minute(s), and 53 Second(s). 
[Only_3D] DONE : Batch  61 of 171
[Only_3D] Time Elapsed Up To Now: 0 Day(s), 3 Hour(s), 30 Minute(s), and 8 Second(s). 
[Only_3D] START: Batch  81 of 171
[Only_3D] Time Elapsed Up To Now: 0 Day(s), 3 Hour(s), 30 Minute(s), and 8 Second(s). 
[Only_3D] DONE : Batch  57 of 171
[Only_3D] Time Elapsed Up To Now: 0 Day(s), 3 Hour(s), 30 Minute(s), and 16 Second(s). 
[Only_3D] START: Batch  82 of 171
[Only_3D] Time Elapsed Up To Now: 0 Day(s), 3 Hour(s), 30 Minute(s), and 16 Second(s). 
[Only_3D] DONE : Batch  56 of 171
[Only_3D] Time Elapsed Up To Now: 0 Day(s), 3 Hour(s), 30 Minute(s), and 43 Second(s). 
[Only_3D] START: Batch  83 of 171
[Only_3D] Time Elapsed Up To Now: 0 Day(s), 3 Hour(s), 30 Minute(s), and 43 Second(s). 
[Only_3D] DONE : Batch  58 of 171
[Only_3D] Time Elapsed Up To Now: 0 Day(s), 3 Hour(s), 31 Minute(s), and 4 Second(s). 
[Only_3D] START: Batch  84 of 171
[Only_3D] Time Elapsed Up To Now: 0 Day(s), 3 Hour(s), 31 Minute(s), and 4 Second(s). 
[Only_3D] DONE : Batch  40 of 171
[Only_3D] Time Elapsed Up To Now: 0 Day(s), 3 Hour(s), 41 Minute(s), and 52 Second(s). 
[Only_3D] START: Batch  85 of 171
[Only_3D] Time Elapsed Up To Now: 0 Day(s), 3 Hour(s), 41 Minute(s), and 52 Second(s). 
[Only_3D] DONE : Batch  47 of 171
[Only_3D] Time Elapsed Up To Now: 0 Day(s), 3 Hour(s), 41 Minute(s), and 58 Second(s). 
[Only_3D] START: Batch  86 of 171
[Only_3D] Time Elapsed Up To Now: 0 Day(s), 3 Hour(s), 41 Minute(s), and 58 Second(s). 
[Only_3D] DONE : Batch  42 of 171
[Only_3D] Time Elapsed Up To Now: 0 Day(s), 3 Hour(s), 42 Minute(s), and 8 Second(s). 
[Only_3D] START: Batch  87 of 171
[Only_3D] Time Elapsed Up To Now: 0 Day(s), 3 Hour(s), 42 Minute(s), and 8 Second(s). 
[Only_3D] DONE : Batch  43 of 171
[Only_3D] Time Elapsed Up To Now: 0 Day(s), 3 Hour(s), 47 Minute(s), and 49 Second(s). 
[Only_3D] START: Batch  88 of 171
[Only_3D] Time Elapsed Up To Now: 0 Day(s), 3 Hour(s), 47 Minute(s), and 49 Second(s). 
[Only_3D] DONE : Batch  62 of 171
[Only_3D] Time Elapsed Up To Now: 0 Day(s), 3 Hour(s), 49 Minute(s), and 59 Second(s). 
[Only_3D] START: Batch  89 of 171
[Only_3D] Time Elapsed Up To Now: 0 Day(s), 3 Hour(s), 49 Minute(s), and 59 Second(s). 
[Only_3D] DONE : Batch  65 of 171
[Only_3D] Time Elapsed Up To Now: 0 Day(s), 3 Hour(s), 50 Minute(s), and 15 Second(s). 
[Only_3D] START: Batch  90 of 171
[Only_3D] Time Elapsed Up To Now: 0 Day(s), 3 Hour(s), 50 Minute(s), and 15 Second(s). 
[Only_3D] DONE : Batch  68 of 171
[Only_3D] Time Elapsed Up To Now: 0 Day(s), 3 Hour(s), 50 Minute(s), and 19 Second(s). 
[Only_3D] START: Batch  91 of 171
[Only_3D] Time Elapsed Up To Now: 0 Day(s), 3 Hour(s), 50 Minute(s), and 19 Second(s). 
[Only_3D] DONE : Batch  64 of 171
[Only_3D] Time Elapsed Up To Now: 0 Day(s), 3 Hour(s), 50 Minute(s), and 21 Second(s). 
[Only_3D] START: Batch  92 of 171
[Only_3D] Time Elapsed Up To Now: 0 Day(s), 3 Hour(s), 50 Minute(s), and 21 Second(s). 
[Only_3D] DONE : Batch  67 of 171
[Only_3D] Time Elapsed Up To Now: 0 Day(s), 3 Hour(s), 50 Minute(s), and 23 Second(s). 
[Only_3D] START: Batch  93 of 171
[Only_3D] Time Elapsed Up To Now: 0 Day(s), 3 Hour(s), 50 Minute(s), and 23 Second(s). 
[Only_3D] DONE : Batch  63 of 171
[Only_3D] Time Elapsed Up To Now: 0 Day(s), 3 Hour(s), 50 Minute(s), and 36 Second(s). 
[Only_3D] START: Batch  94 of 171
[Only_3D] Time Elapsed Up To Now: 0 Day(s), 3 Hour(s), 50 Minute(s), and 36 Second(s). 
[Only_3D] DONE : Batch  69 of 171
[Only_3D] Time Elapsed Up To Now: 0 Day(s), 3 Hour(s), 50 Minute(s), and 43 Second(s). 
[Only_3D] START: Batch  95 of 171
[Only_3D] Time Elapsed Up To Now: 0 Day(s), 3 Hour(s), 50 Minute(s), and 43 Second(s). 
[Only_3D] DONE : Batch  66 of 171
[Only_3D] Time Elapsed Up To Now: 0 Day(s), 3 Hour(s), 50 Minute(s), and 46 Second(s). 
[Only_3D] START: Batch  96 of 171
[Only_3D] Time Elapsed Up To Now: 0 Day(s), 3 Hour(s), 50 Minute(s), and 46 Second(s). 
[Only_3D] DONE : Batch  70 of 171
[Only_3D] Time Elapsed Up To Now: 0 Day(s), 4 Hour(s), 28 Minute(s), and 48 Second(s). 
[Only_3D] START: Batch  97 of 171
[Only_3D] Time Elapsed Up To Now: 0 Day(s), 4 Hour(s), 28 Minute(s), and 48 Second(s). 
[Only_3D] DONE : Batch  71 of 171
[Only_3D] Time Elapsed Up To Now: 0 Day(s), 4 Hour(s), 36 Minute(s), and 32 Second(s). 
[Only_3D] START: Batch  98 of 171
[Only_3D] Time Elapsed Up To Now: 0 Day(s), 4 Hour(s), 36 Minute(s), and 32 Second(s). 
[Only_3D] DONE : Batch  72 of 171
[Only_3D] Time Elapsed Up To Now: 0 Day(s), 4 Hour(s), 39 Minute(s), and 1 Second(s). 
[Only_3D] START: Batch  99 of 171
[Only_3D] Time Elapsed Up To Now: 0 Day(s), 4 Hour(s), 39 Minute(s), and 1 Second(s). 
[Only_3D] DONE : Batch  34 of 171
[Only_3D] Time Elapsed Up To Now: 0 Day(s), 4 Hour(s), 48 Minute(s), and 29 Second(s). 
[Only_3D] START: Batch 100 of 171
[Only_3D] Time Elapsed Up To Now: 0 Day(s), 4 Hour(s), 48 Minute(s), and 29 Second(s). 
[Only_3D] DONE : Batch  73 of 171
[Only_3D] Time Elapsed Up To Now: 0 Day(s), 4 Hour(s), 56 Minute(s), and 21 Second(s). 
[Only_3D] START: Batch 101 of 171
[Only_3D] Time Elapsed Up To Now: 0 Day(s), 4 Hour(s), 56 Minute(s), and 21 Second(s). 
[Only_3D] DONE : Batch  75 of 171
[Only_3D] Time Elapsed Up To Now: 0 Day(s), 4 Hour(s), 56 Minute(s), and 23 Second(s). 
[Only_3D] START: Batch 102 of 171
[Only_3D] Time Elapsed Up To Now: 0 Day(s), 4 Hour(s), 56 Minute(s), and 23 Second(s). 
[Only_3D] DONE : Batch  74 of 171
[Only_3D] Time Elapsed Up To Now: 0 Day(s), 4 Hour(s), 56 Minute(s), and 48 Second(s). 
[Only_3D] START: Batch 103 of 171
[Only_3D] Time Elapsed Up To Now: 0 Day(s), 4 Hour(s), 56 Minute(s), and 48 Second(s). 
[Only_3D] DONE : Batch  76 of 171
[Only_3D] Time Elapsed Up To Now: 0 Day(s), 4 Hour(s), 56 Minute(s), and 51 Second(s). 
[Only_3D] START: Batch 104 of 171
[Only_3D] Time Elapsed Up To Now: 0 Day(s), 4 Hour(s), 56 Minute(s), and 51 Second(s). 
[Only_3D] DONE : Batch  77 of 171
[Only_3D] Time Elapsed Up To Now: 0 Day(s), 4 Hour(s), 57 Minute(s), and 23 Second(s). 
[Only_3D] START: Batch 105 of 171
[Only_3D] Time Elapsed Up To Now: 0 Day(s), 4 Hour(s), 57 Minute(s), and 23 Second(s). 
[Only_3D] DONE : Batch  78 of 171
[Only_3D] Time Elapsed Up To Now: 0 Day(s), 5 Hour(s), 7 Minute(s), and 44 Second(s). 
[Only_3D] START: Batch 106 of 171
[Only_3D] Time Elapsed Up To Now: 0 Day(s), 5 Hour(s), 7 Minute(s), and 44 Second(s). 
[Only_3D] DONE : Batch  79 of 171
[Only_3D] Time Elapsed Up To Now: 0 Day(s), 5 Hour(s), 8 Minute(s), and 42 Second(s). 
[Only_3D] START: Batch 107 of 171
[Only_3D] Time Elapsed Up To Now: 0 Day(s), 5 Hour(s), 8 Minute(s), and 42 Second(s). 
[Only_3D] DONE : Batch  80 of 171
[Only_3D] Time Elapsed Up To Now: 0 Day(s), 5 Hour(s), 9 Minute(s), and 33 Second(s). 
[Only_3D] START: Batch 108 of 171
[Only_3D] Time Elapsed Up To Now: 0 Day(s), 5 Hour(s), 9 Minute(s), and 33 Second(s). 
[Only_3D] DONE : Batch  81 of 171
[Only_3D] Time Elapsed Up To Now: 0 Day(s), 5 Hour(s), 10 Minute(s), and 26 Second(s). 
[Only_3D] START: Batch 109 of 171
[Only_3D] Time Elapsed Up To Now: 0 Day(s), 5 Hour(s), 10 Minute(s), and 26 Second(s). 
[Only_3D] DONE : Batch  82 of 171
[Only_3D] Time Elapsed Up To Now: 0 Day(s), 5 Hour(s), 10 Minute(s), and 28 Second(s). 
[Only_3D] START: Batch 110 of 171
[Only_3D] Time Elapsed Up To Now: 0 Day(s), 5 Hour(s), 10 Minute(s), and 28 Second(s). 
[Only_3D] DONE : Batch  83 of 171
[Only_3D] Time Elapsed Up To Now: 0 Day(s), 5 Hour(s), 11 Minute(s), and 37 Second(s). 
[Only_3D] START: Batch 111 of 171
[Only_3D] Time Elapsed Up To Now: 0 Day(s), 5 Hour(s), 11 Minute(s), and 37 Second(s). 
[Only_3D] DONE : Batch  84 of 171
[Only_3D] Time Elapsed Up To Now: 0 Day(s), 5 Hour(s), 12 Minute(s), and 20 Second(s). 
[Only_3D] START: Batch 112 of 171
[Only_3D] Time Elapsed Up To Now: 0 Day(s), 5 Hour(s), 12 Minute(s), and 20 Second(s). 
[Only_3D] DONE : Batch  87 of 171
[Only_3D] Time Elapsed Up To Now: 0 Day(s), 5 Hour(s), 27 Minute(s), and 7 Second(s). 
[Only_3D] START: Batch 113 of 171
[Only_3D] Time Elapsed Up To Now: 0 Day(s), 5 Hour(s), 27 Minute(s), and 7 Second(s). 
[Only_3D] DONE : Batch  86 of 171
[Only_3D] Time Elapsed Up To Now: 0 Day(s), 5 Hour(s), 32 Minute(s), and 17 Second(s). 
[Only_3D] START: Batch 114 of 171
[Only_3D] Time Elapsed Up To Now: 0 Day(s), 5 Hour(s), 32 Minute(s), and 17 Second(s). 
[Only_3D] DONE : Batch  85 of 171
[Only_3D] Time Elapsed Up To Now: 0 Day(s), 5 Hour(s), 33 Minute(s), and 58 Second(s). 
[Only_3D] START: Batch 115 of 171
[Only_3D] Time Elapsed Up To Now: 0 Day(s), 5 Hour(s), 33 Minute(s), and 58 Second(s). 
[Only_3D] DONE : Batch  88 of 171
[Only_3D] Time Elapsed Up To Now: 0 Day(s), 5 Hour(s), 50 Minute(s), and 48 Second(s). 
[Only_3D] START: Batch 116 of 171
[Only_3D] Time Elapsed Up To Now: 0 Day(s), 5 Hour(s), 50 Minute(s), and 48 Second(s). 
[Only_3D] DONE : Batch  89 of 171
[Only_3D] Time Elapsed Up To Now: 0 Day(s), 5 Hour(s), 51 Minute(s), and 18 Second(s). 
[Only_3D] START: Batch 117 of 171
[Only_3D] Time Elapsed Up To Now: 0 Day(s), 5 Hour(s), 51 Minute(s), and 18 Second(s). 
[Only_3D] DONE : Batch  95 of 171
[Only_3D] Time Elapsed Up To Now: 0 Day(s), 5 Hour(s), 52 Minute(s), and 2 Second(s). 
[Only_3D] START: Batch 118 of 171
[Only_3D] Time Elapsed Up To Now: 0 Day(s), 5 Hour(s), 52 Minute(s), and 2 Second(s). 
[Only_3D] DONE : Batch  92 of 171
[Only_3D] Time Elapsed Up To Now: 0 Day(s), 5 Hour(s), 52 Minute(s), and 25 Second(s). 
[Only_3D] START: Batch 119 of 171
[Only_3D] Time Elapsed Up To Now: 0 Day(s), 5 Hour(s), 52 Minute(s), and 25 Second(s). 
[Only_3D] DONE : Batch  93 of 171
[Only_3D] Time Elapsed Up To Now: 0 Day(s), 5 Hour(s), 52 Minute(s), and 49 Second(s). 
[Only_3D] START: Batch 120 of 171
[Only_3D] Time Elapsed Up To Now: 0 Day(s), 5 Hour(s), 52 Minute(s), and 49 Second(s). 
[Only_3D] DONE : Batch  90 of 171
[Only_3D] Time Elapsed Up To Now: 0 Day(s), 5 Hour(s), 53 Minute(s), and 15 Second(s). 
[Only_3D] START: Batch 121 of 171
[Only_3D] Time Elapsed Up To Now: 0 Day(s), 5 Hour(s), 53 Minute(s), and 15 Second(s). 
[Only_3D] DONE : Batch  96 of 171
[Only_3D] Time Elapsed Up To Now: 0 Day(s), 5 Hour(s), 53 Minute(s), and 39 Second(s). 
[Only_3D] START: Batch 122 of 171
[Only_3D] Time Elapsed Up To Now: 0 Day(s), 5 Hour(s), 53 Minute(s), and 39 Second(s). 
[Only_3D] DONE : Batch  91 of 171
[Only_3D] Time Elapsed Up To Now: 0 Day(s), 5 Hour(s), 53 Minute(s), and 42 Second(s). 
[Only_3D] START: Batch 123 of 171
[Only_3D] Time Elapsed Up To Now: 0 Day(s), 5 Hour(s), 53 Minute(s), and 42 Second(s). 
[Only_3D] DONE : Batch  94 of 171
[Only_3D] Time Elapsed Up To Now: 0 Day(s), 5 Hour(s), 53 Minute(s), and 51 Second(s). 
[Only_3D] START: Batch 124 of 171
[Only_3D] Time Elapsed Up To Now: 0 Day(s), 5 Hour(s), 53 Minute(s), and 51 Second(s). 
[Only_3D] DONE : Batch  49 of 171
[Only_3D] Time Elapsed Up To Now: 0 Day(s), 6 Hour(s), 25 Minute(s), and 33 Second(s). 
[Only_3D] START: Batch 125 of 171
[Only_3D] Time Elapsed Up To Now: 0 Day(s), 6 Hour(s), 25 Minute(s), and 33 Second(s). 
[Only_3D] DONE : Batch  98 of 171
[Only_3D] Time Elapsed Up To Now: 0 Day(s), 6 Hour(s), 31 Minute(s), and 57 Second(s). 
[Only_3D] START: Batch 126 of 171
[Only_3D] Time Elapsed Up To Now: 0 Day(s), 6 Hour(s), 31 Minute(s), and 57 Second(s). 
[Only_3D] DONE : Batch  97 of 171
[Only_3D] Time Elapsed Up To Now: 0 Day(s), 6 Hour(s), 34 Minute(s), and 38 Second(s). 
[Only_3D] START: Batch 127 of 171
[Only_3D] Time Elapsed Up To Now: 0 Day(s), 6 Hour(s), 34 Minute(s), and 38 Second(s). 
[Only_3D] DONE : Batch  99 of 171
[Only_3D] Time Elapsed Up To Now: 0 Day(s), 6 Hour(s), 34 Minute(s), and 44 Second(s). 
[Only_3D] START: Batch 128 of 171
[Only_3D] Time Elapsed Up To Now: 0 Day(s), 6 Hour(s), 34 Minute(s), and 44 Second(s). 
[Only_3D] DONE : Batch  39 of 171
[Only_3D] Time Elapsed Up To Now: 0 Day(s), 6 Hour(s), 41 Minute(s), and 20 Second(s). 
[Only_3D] START: Batch 129 of 171
[Only_3D] Time Elapsed Up To Now: 0 Day(s), 6 Hour(s), 41 Minute(s), and 20 Second(s). 
[Only_3D] DONE : Batch 100 of 171
[Only_3D] Time Elapsed Up To Now: 0 Day(s), 6 Hour(s), 41 Minute(s), and 26 Second(s). 
[Only_3D] START: Batch 130 of 171
[Only_3D] Time Elapsed Up To Now: 0 Day(s), 6 Hour(s), 41 Minute(s), and 26 Second(s). 
[Only_3D] DONE : Batch  41 of 171
[Only_3D] Time Elapsed Up To Now: 0 Day(s), 6 Hour(s), 41 Minute(s), and 40 Second(s). 
[Only_3D] START: Batch 131 of 171
[Only_3D] Time Elapsed Up To Now: 0 Day(s), 6 Hour(s), 41 Minute(s), and 40 Second(s). 
[Only_3D] DONE : Batch  45 of 171
[Only_3D] Time Elapsed Up To Now: 0 Day(s), 6 Hour(s), 43 Minute(s), and 28 Second(s). 
[Only_3D] START: Batch 132 of 171
[Only_3D] Time Elapsed Up To Now: 0 Day(s), 6 Hour(s), 43 Minute(s), and 28 Second(s). 
[Only_3D] DONE : Batch  44 of 171
[Only_3D] Time Elapsed Up To Now: 0 Day(s), 6 Hour(s), 43 Minute(s), and 50 Second(s). 
[Only_3D] START: Batch 133 of 171
[Only_3D] Time Elapsed Up To Now: 0 Day(s), 6 Hour(s), 43 Minute(s), and 50 Second(s). 
[Only_3D] DONE : Batch  46 of 171
[Only_3D] Time Elapsed Up To Now: 0 Day(s), 6 Hour(s), 44 Minute(s), and 33 Second(s). 
[Only_3D] START: Batch 134 of 171
[Only_3D] Time Elapsed Up To Now: 0 Day(s), 6 Hour(s), 44 Minute(s), and 33 Second(s). 
[Only_3D] DONE : Batch 101 of 171
[Only_3D] Time Elapsed Up To Now: 0 Day(s), 6 Hour(s), 46 Minute(s), and 19 Second(s). 
[Only_3D] START: Batch 135 of 171
[Only_3D] Time Elapsed Up To Now: 0 Day(s), 6 Hour(s), 46 Minute(s), and 19 Second(s). 
[Only_3D] DONE : Batch 102 of 171
[Only_3D] Time Elapsed Up To Now: 0 Day(s), 6 Hour(s), 46 Minute(s), and 19 Second(s). 
[Only_3D] START: Batch 136 of 171
[Only_3D] Time Elapsed Up To Now: 0 Day(s), 6 Hour(s), 46 Minute(s), and 19 Second(s). 
[Only_3D] DONE : Batch 103 of 171
[Only_3D] Time Elapsed Up To Now: 0 Day(s), 6 Hour(s), 46 Minute(s), and 38 Second(s). 
[Only_3D] START: Batch 137 of 171
[Only_3D] Time Elapsed Up To Now: 0 Day(s), 6 Hour(s), 46 Minute(s), and 38 Second(s). 
[Only_3D] DONE : Batch 104 of 171
[Only_3D] Time Elapsed Up To Now: 0 Day(s), 6 Hour(s), 47 Minute(s), and 23 Second(s). 
[Only_3D] START: Batch 138 of 171
[Only_3D] Time Elapsed Up To Now: 0 Day(s), 6 Hour(s), 47 Minute(s), and 23 Second(s). 
[Only_3D] DONE : Batch 105 of 171
[Only_3D] Time Elapsed Up To Now: 0 Day(s), 6 Hour(s), 48 Minute(s), and 8 Second(s). 
[Only_3D] START: Batch 139 of 171
[Only_3D] Time Elapsed Up To Now: 0 Day(s), 6 Hour(s), 48 Minute(s), and 8 Second(s). 
[Only_3D] DONE : Batch 106 of 171
[Only_3D] Time Elapsed Up To Now: 0 Day(s), 6 Hour(s), 54 Minute(s), and 22 Second(s). 
[Only_3D] START: Batch 140 of 171
[Only_3D] Time Elapsed Up To Now: 0 Day(s), 6 Hour(s), 54 Minute(s), and 22 Second(s). 
[Only_3D] DONE : Batch 110 of 171
[Only_3D] Time Elapsed Up To Now: 0 Day(s), 6 Hour(s), 54 Minute(s), and 50 Second(s). 
[Only_3D] START: Batch 141 of 171
[Only_3D] Time Elapsed Up To Now: 0 Day(s), 6 Hour(s), 54 Minute(s), and 50 Second(s). 
[Only_3D] DONE : Batch 111 of 171
[Only_3D] Time Elapsed Up To Now: 0 Day(s), 6 Hour(s), 55 Minute(s), and 45 Second(s). 
[Only_3D] START: Batch 142 of 171
[Only_3D] Time Elapsed Up To Now: 0 Day(s), 6 Hour(s), 55 Minute(s), and 45 Second(s). 
[Only_3D] DONE : Batch 108 of 171
[Only_3D] Time Elapsed Up To Now: 0 Day(s), 6 Hour(s), 55 Minute(s), and 48 Second(s). 
[Only_3D] START: Batch 143 of 171
[Only_3D] Time Elapsed Up To Now: 0 Day(s), 6 Hour(s), 55 Minute(s), and 48 Second(s). 
[Only_3D] DONE : Batch 109 of 171
[Only_3D] Time Elapsed Up To Now: 0 Day(s), 6 Hour(s), 56 Minute(s), and 48 Second(s). 
[Only_3D] START: Batch 144 of 171
[Only_3D] Time Elapsed Up To Now: 0 Day(s), 6 Hour(s), 56 Minute(s), and 48 Second(s). 
[Only_3D] DONE : Batch 107 of 171
[Only_3D] Time Elapsed Up To Now: 0 Day(s), 6 Hour(s), 57 Minute(s), and 15 Second(s). 
[Only_3D] START: Batch 145 of 171
[Only_3D] Time Elapsed Up To Now: 0 Day(s), 6 Hour(s), 57 Minute(s), and 15 Second(s). 
[Only_3D] DONE : Batch 112 of 171
[Only_3D] Time Elapsed Up To Now: 0 Day(s), 6 Hour(s), 57 Minute(s), and 35 Second(s). 
[Only_3D] START: Batch 146 of 171
[Only_3D] Time Elapsed Up To Now: 0 Day(s), 6 Hour(s), 57 Minute(s), and 35 Second(s). 
[Only_3D] DONE : Batch 113 of 171
[Only_3D] Time Elapsed Up To Now: 0 Day(s), 7 Hour(s), 4 Minute(s), and 47 Second(s). 
[Only_3D] START: Batch 147 of 171
[Only_3D] Time Elapsed Up To Now: 0 Day(s), 7 Hour(s), 4 Minute(s), and 47 Second(s). 
[Only_3D] DONE : Batch 114 of 171
[Only_3D] Time Elapsed Up To Now: 0 Day(s), 7 Hour(s), 9 Minute(s), and 16 Second(s). 
[Only_3D] START: Batch 148 of 171
[Only_3D] Time Elapsed Up To Now: 0 Day(s), 7 Hour(s), 9 Minute(s), and 16 Second(s). 
[Only_3D] DONE : Batch 115 of 171
[Only_3D] Time Elapsed Up To Now: 0 Day(s), 7 Hour(s), 11 Minute(s), and 24 Second(s). 
[Only_3D] START: Batch 149 of 171
[Only_3D] Time Elapsed Up To Now: 0 Day(s), 7 Hour(s), 11 Minute(s), and 24 Second(s). 
[Only_3D] DONE : Batch 116 of 171
[Only_3D] Time Elapsed Up To Now: 0 Day(s), 7 Hour(s), 29 Minute(s), and 16 Second(s). 
[Only_3D] START: Batch 150 of 171
[Only_3D] Time Elapsed Up To Now: 0 Day(s), 7 Hour(s), 29 Minute(s), and 16 Second(s). 
[Only_3D] DONE : Batch 117 of 171
[Only_3D] Time Elapsed Up To Now: 0 Day(s), 7 Hour(s), 30 Minute(s), and 7 Second(s). 
[Only_3D] START: Batch 151 of 171
[Only_3D] Time Elapsed Up To Now: 0 Day(s), 7 Hour(s), 30 Minute(s), and 7 Second(s). 
[Only_3D] DONE : Batch 119 of 171
[Only_3D] Time Elapsed Up To Now: 0 Day(s), 7 Hour(s), 32 Minute(s), and 19 Second(s). 
[Only_3D] START: Batch 152 of 171
[Only_3D] Time Elapsed Up To Now: 0 Day(s), 7 Hour(s), 32 Minute(s), and 19 Second(s). 
[Only_3D] DONE : Batch 120 of 171
[Only_3D] Time Elapsed Up To Now: 0 Day(s), 7 Hour(s), 32 Minute(s), and 53 Second(s). 
[Only_3D] START: Batch 153 of 171
[Only_3D] Time Elapsed Up To Now: 0 Day(s), 7 Hour(s), 32 Minute(s), and 53 Second(s). 
[Only_3D] DONE : Batch 122 of 171
[Only_3D] Time Elapsed Up To Now: 0 Day(s), 7 Hour(s), 33 Minute(s), and 15 Second(s). 
[Only_3D] START: Batch 154 of 171
[Only_3D] Time Elapsed Up To Now: 0 Day(s), 7 Hour(s), 33 Minute(s), and 15 Second(s). 
[Only_3D] DONE : Batch 123 of 171
[Only_3D] Time Elapsed Up To Now: 0 Day(s), 7 Hour(s), 33 Minute(s), and 24 Second(s). 
[Only_3D] START: Batch 155 of 171
[Only_3D] Time Elapsed Up To Now: 0 Day(s), 7 Hour(s), 33 Minute(s), and 24 Second(s). 
[Only_3D] DONE : Batch 121 of 171
[Only_3D] Time Elapsed Up To Now: 0 Day(s), 7 Hour(s), 33 Minute(s), and 38 Second(s). 
[Only_3D] START: Batch 156 of 171
[Only_3D] Time Elapsed Up To Now: 0 Day(s), 7 Hour(s), 33 Minute(s), and 38 Second(s). 
[Only_3D] DONE : Batch 124 of 171
[Only_3D] Time Elapsed Up To Now: 0 Day(s), 7 Hour(s), 33 Minute(s), and 53 Second(s). 
[Only_3D] START: Batch 157 of 171
[Only_3D] Time Elapsed Up To Now: 0 Day(s), 7 Hour(s), 33 Minute(s), and 53 Second(s). 
[Only_3D] DONE : Batch 118 of 171
[Only_3D] Time Elapsed Up To Now: 0 Day(s), 7 Hour(s), 36 Minute(s), and 6 Second(s). 
[Only_3D] START: Batch 158 of 171
[Only_3D] Time Elapsed Up To Now: 0 Day(s), 7 Hour(s), 36 Minute(s), and 6 Second(s). 
[Only_3D] DONE : Batch 125 of 171
[Only_3D] Time Elapsed Up To Now: 0 Day(s), 7 Hour(s), 59 Minute(s), and 58 Second(s). 
[Only_3D] START: Batch 159 of 171
[Only_3D] Time Elapsed Up To Now: 0 Day(s), 7 Hour(s), 59 Minute(s), and 58 Second(s). 
[Only_3D] DONE : Batch 126 of 171
[Only_3D] Time Elapsed Up To Now: 0 Day(s), 8 Hour(s), 7 Minute(s), and 9 Second(s). 
[Only_3D] START: Batch 160 of 171
[Only_3D] Time Elapsed Up To Now: 0 Day(s), 8 Hour(s), 7 Minute(s), and 9 Second(s). 
[Only_3D] DONE : Batch 127 of 171
[Only_3D] Time Elapsed Up To Now: 0 Day(s), 8 Hour(s), 10 Minute(s), and 22 Second(s). Info in <hadd>: target file: /w/hallb-scshelf2102/clas12/richcap/SIDIS_Analysis/Histo_Files_ROOT/DataFrames/hadd_ROOT_files_From_using_RDataFrames/SIDIS_epip_Response_Matrices_from_RDataFrames_Only_3D_1st_Order_V3_Response_Matrices_Final_Analysis_Iterations_I0_All.root
[Only_3D] Info in <hadd>: compression setting for all output: 101
[Only_3D] hadd Source file 1: /scratch/richcap/Response_Matrix_Outputs/Only_3D_1st_Order_V3_Response_Matrices_Final_Analysis_Iterations_I0_08_22_2026/SIDIS_epip_Response_Matrices_from_RDataFrames_Only_3D_1st_Order_V3_Response_Matrices_Final_Analysis_Iterations_I0_Batch014.root
[Only_3D] hadd Source file 2: /scratch/richcap/Response_Matrix_Outputs/Only_3D_1st_Order_V3_Response_Matrices_Final_Analysis_Iterations_I0_08_22_2026/SIDIS_epip_Response_Matrices_from_RDataFrames_Only_3D_1st_Order_V3_Response_Matrices_Final_Analysis_Iterations_I0_Batch013.root
[Only_3D] hadd Source file 3: /scratch/richcap/Response_Matrix_Outputs/Only_3D_1st_Order_V3_Response_Matrices_Final_Analysis_Iterations_I0_08_22_2026/SIDIS_epip_Response_Matrices_from_RDataFrames_Only_3D_1st_Order_V3_Response_Matrices_Final_Analysis_Iterations_I0_Batch012.root
[Only_3D] hadd Source file 4: /scratch/richcap/Response_Matrix_Outputs/Only_3D_1st_Order_V3_Response_Matrices_Final_Analysis_Iterations_I0_08_22_2026/SIDIS_epip_Response_Matrices_from_RDataFrames_Only_3D_1st_Order_V3_Response_Matrices_Final_Analysis_Iterations_I0_Batch016.root
[Only_3D] hadd Source file 5: /scratch/richcap/Response_Matrix_Outputs/Only_3D_1st_Order_V3_Response_Matrices_Final_Analysis_Iterations_I0_08_22_2026/SIDIS_epip_Response_Matrices_from_RDataFrames_Only_3D_1st_Order_V3_Response_Matrices_Final_Analysis_Iterations_I0_Batch021.root
[Only_3D] hadd Source file 6: /scratch/richcap/Response_Matrix_Outputs/Only_3D_1st_Order_V3_Response_Matrices_Final_Analysis_Iterations_I0_08_22_2026/SIDIS_epip_Response_Matrices_from_RDataFrames_Only_3D_1st_Order_V3_Response_Matrices_Final_Analysis_Iterations_I0_Batch015.root
[Only_3D] hadd Source file 7: /scratch/richcap/Response_Matrix_Outputs/Only_3D_1st_Order_V3_Response_Matrices_Final_Analysis_Iterations_I0_08_22_2026/SIDIS_epip_Response_Matrices_from_RDataFrames_Only_3D_1st_Order_V3_Response_Matrices_Final_Analysis_Iterations_I0_Batch017.root
[Only_3D] hadd Source file 8: /scratch/richcap/Response_Matrix_Outputs/Only_3D_1st_Order_V3_Response_Matrices_Final_Analysis_Iterations_I0_08_22_2026/SIDIS_epip_Response_Matrices_from_RDataFrames_Only_3D_1st_Order_V3_Response_Matrices_Final_Analysis_Iterations_I0_Batch027.root
[Only_3D] hadd Source file 9: /scratch/richcap/Response_Matrix_Outputs/Only_3D_1st_Order_V3_Response_Matrices_Final_Analysis_Iterations_I0_08_22_2026/SIDIS_epip_Response_Matrices_from_RDataFrames_Only_3D_1st_Order_V3_Response_Matrices_Final_Analysis_Iterations_I0_Batch011.root
[Only_3D] hadd Source file 10: /scratch/richcap/Response_Matrix_Outputs/Only_3D_1st_Order_V3_Response_Matrices_Final_Analysis_Iterations_I0_08_22_2026/SIDIS_epip_Response_Matrices_from_RDataFrames_Only_3D_1st_Order_V3_Response_Matrices_Final_Analysis_Iterations_I0_Batch032.root
[Only_3D] hadd Source file 11: /scratch/richcap/Response_Matrix_Outputs/Only_3D_1st_Order_V3_Response_Matrices_Final_Analysis_Iterations_I0_08_22_2026/SIDIS_epip_Response_Matrices_from_RDataFrames_Only_3D_1st_Order_V3_Response_Matrices_Final_Analysis_Iterations_I0_Batch029.root
[Only_3D] hadd Source file 12: /scratch/richcap/Response_Matrix_Outputs/Only_3D_1st_Order_V3_Response_Matrices_Final_Analysis_Iterations_I0_08_22_2026/SIDIS_epip_Response_Matrices_from_RDataFrames_Only_3D_1st_Order_V3_Response_Matrices_Final_Analysis_Iterations_I0_Batch035.root
[Only_3D] hadd Source file 13: /scratch/richcap/Response_Matrix_Outputs/Only_3D_1st_Order_V3_Response_Matrices_Final_Analysis_Iterations_I0_08_22_2026/SIDIS_epip_Response_Matrices_from_RDataFrames_Only_3D_1st_Order_V3_Response_Matrices_Final_Analysis_Iterations_I0_Batch028.root
[Only_3D] hadd Source file 14: /scratch/richcap/Response_Matrix_Outputs/Only_3D_1st_Order_V3_Response_Matrices_Final_Analysis_Iterations_I0_08_22_2026/SIDIS_epip_Response_Matrices_from_RDataFrames_Only_3D_1st_Order_V3_Response_Matrices_Final_Analysis_Iterations_I0_Batch026.root
[Only_3D] hadd Source file 15: /scratch/richcap/Response_Matrix_Outputs/Only_3D_1st_Order_V3_Response_Matrices_Final_Analysis_Iterations_I0_08_22_2026/SIDIS_epip_Response_Matrices_from_RDataFrames_Only_3D_1st_Order_V3_Response_Matrices_Final_Analysis_Iterations_I0_Batch030.root
[Only_3D] hadd Source file 16: /scratch/richcap/Response_Matrix_Outputs/Only_3D_1st_Order_V3_Response_Matrices_Final_Analysis_Iterations_I0_08_22_2026/SIDIS_epip_Response_Matrices_from_RDataFrames_Only_3D_1st_Order_V3_Response_Matrices_Final_Analysis_Iterations_I0_Batch025.root
[Only_3D] hadd Source file 17: /scratch/richcap/Response_Matrix_Outputs/Only_3D_1st_Order_V3_Response_Matrices_Final_Analysis_Iterations_I0_08_22_2026/SIDIS_epip_Response_Matrices_from_RDataFrames_Only_3D_1st_Order_V3_Response_Matrices_Final_Analysis_Iterations_I0_Batch022.root
[Only_3D] hadd Source file 18: /scratch/richcap/Response_Matrix_Outputs/Only_3D_1st_Order_V3_Response_Matrices_Final_Analysis_Iterations_I0_08_22_2026/SIDIS_epip_Response_Matrices_from_RDataFrames_Only_3D_1st_Order_V3_Response_Matrices_Final_Analysis_Iterations_I0_Batch023.root
[Only_3D] hadd Source file 19: /scratch/richcap/Response_Matrix_Outputs/Only_3D_1st_Order_V3_Response_Matrices_Final_Analysis_Iterations_I0_08_22_2026/SIDIS_epip_Response_Matrices_from_RDataFrames_Only_3D_1st_Order_V3_Response_Matrices_Final_Analysis_Iterations_I0_Batch024.root
[Only_3D] hadd Source file 20: /scratch/richcap/Response_Matrix_Outputs/Only_3D_1st_Order_V3_Response_Matrices_Final_Analysis_Iterations_I0_08_22_2026/SIDIS_epip_Response_Matrices_from_RDataFrames_Only_3D_1st_Order_V3_Response_Matrices_Final_Analysis_Iterations_I0_Batch003.root
[Only_3D] hadd Source file 21: /scratch/richcap/Response_Matrix_Outputs/Only_3D_1st_Order_V3_Response_Matrices_Final_Analysis_Iterations_I0_08_22_2026/SIDIS_epip_Response_Matrices_from_RDataFrames_Only_3D_1st_Order_V3_Response_Matrices_Final_Analysis_Iterations_I0_Batch031.root
[Only_3D] hadd Source file 22: /scratch/richcap/Response_Matrix_Outputs/Only_3D_1st_Order_V3_Response_Matrices_Final_Analysis_Iterations_I0_08_22_2026/SIDIS_epip_Response_Matrices_from_RDataFrames_Only_3D_1st_Order_V3_Response_Matrices_Final_Analysis_Iterations_I0_Batch019.root
[Only_3D] hadd Source file 23: /scratch/richcap/Response_Matrix_Outputs/Only_3D_1st_Order_V3_Response_Matrices_Final_Analysis_Iterations_I0_08_22_2026/SIDIS_epip_Response_Matrices_from_RDataFrames_Only_3D_1st_Order_V3_Response_Matrices_Final_Analysis_Iterations_I0_Batch033.root
[Only_3D] hadd Source file 24: /scratch/richcap/Response_Matrix_Outputs/Only_3D_1st_Order_V3_Response_Matrices_Final_Analysis_Iterations_I0_08_22_2026/SIDIS_epip_Response_Matrices_from_RDataFrames_Only_3D_1st_Order_V3_Response_Matrices_Final_Analysis_Iterations_I0_Batch010.root
[Only_3D] hadd Source file 25: /scratch/richcap/Response_Matrix_Outputs/Only_3D_1st_Order_V3_Response_Matrices_Final_Analysis_Iterations_I0_08_22_2026/SIDIS_epip_Response_Matrices_from_RDataFrames_Only_3D_1st_Order_V3_Response_Matrices_Final_Analysis_Iterations_I0_Batch020.root
[Only_3D] hadd Source file 26: /scratch/richcap/Response_Matrix_Outputs/Only_3D_1st_Order_V3_Response_Matrices_Final_Analysis_Iterations_I0_08_22_2026/SIDIS_epip_Response_Matrices_from_RDataFrames_Only_3D_1st_Order_V3_Response_Matrices_Final_Analysis_Iterations_I0_Batch018.root
[Only_3D] hadd Source file 27: /scratch/richcap/Response_Matrix_Outputs/Only_3D_1st_Order_V3_Response_Matrices_Final_Analysis_Iterations_I0_08_22_2026/SIDIS_epip_Response_Matrices_from_RDataFrames_Only_3D_1st_Order_V3_Response_Matrices_Final_Analysis_Iterations_I0_Batch007.root
[Only_3D] hadd Source file 28: /scratch/richcap/Response_Matrix_Outputs/Only_3D_1st_Order_V3_Response_Matrices_Final_Analysis_Iterations_I0_08_22_2026/SIDIS_epip_Response_Matrices_from_RDataFrames_Only_3D_1st_Order_V3_Response_Matrices_Final_Analysis_Iterations_I0_Batch004.root
[Only_3D] hadd Source file 29: /scratch/richcap/Response_Matrix_Outputs/Only_3D_1st_Order_V3_Response_Matrices_Final_Analysis_Iterations_I0_08_22_2026/SIDIS_epip_Response_Matrices_from_RDataFrames_Only_3D_1st_Order_V3_Response_Matrices_Final_Analysis_Iterations_I0_Batch008.root
[Only_3D] hadd Source file 30: /scratch/richcap/Response_Matrix_Outputs/Only_3D_1st_Order_V3_Response_Matrices_Final_Analysis_Iterations_I0_08_22_2026/SIDIS_epip_Response_Matrices_from_RDataFrames_Only_3D_1st_Order_V3_Response_Matrices_Final_Analysis_Iterations_I0_Batch006.root
[Only_3D] hadd Source file 31: /scratch/richcap/Response_Matrix_Outputs/Only_3D_1st_Order_V3_Response_Matrices_Final_Analysis_Iterations_I0_08_22_2026/SIDIS_epip_Response_Matrices_from_RDataFrames_Only_3D_1st_Order_V3_Response_Matrices_Final_Analysis_Iterations_I0_Batch009.root
[Only_3D] hadd Source file 32: /scratch/richcap/Response_Matrix_Outputs/Only_3D_1st_Order_V3_Response_Matrices_Final_Analysis_Iterations_I0_08_22_2026/SIDIS_epip_Response_Matrices_from_RDataFrames_Only_3D_1st_Order_V3_Response_Matrices_Final_Analysis_Iterations_I0_Batch002.root
[Only_3D] hadd Source file 33: /scratch/richcap/Response_Matrix_Outputs/Only_3D_1st_Order_V3_Response_Matrices_Final_Analysis_Iterations_I0_08_22_2026/SIDIS_epip_Response_Matrices_from_RDataFrames_Only_3D_1st_Order_V3_Response_Matrices_Final_Analysis_Iterations_I0_Batch001.root
[Only_3D] hadd Source file 34: /scratch/richcap/Response_Matrix_Outputs/Only_3D_1st_Order_V3_Response_Matrices_Final_Analysis_Iterations_I0_08_22_2026/SIDIS_epip_Response_Matrices_from_RDataFrames_Only_3D_1st_Order_V3_Response_Matrices_Final_Analysis_Iterations_I0_Batch005.root
[Only_3D] hadd Source file 35: /scratch/richcap/Response_Matrix_Outputs/Only_3D_1st_Order_V3_Response_Matrices_Final_Analysis_Iterations_I0_08_22_2026/SIDIS_epip_Response_Matrices_from_RDataFrames_Only_3D_1st_Order_V3_Response_Matrices_Final_Analysis_Iterations_I0_Batch036.root
[Only_3D] hadd Source file 36: /scratch/richcap/Response_Matrix_Outputs/Only_3D_1st_Order_V3_Response_Matrices_Final_Analysis_Iterations_I0_08_22_2026/SIDIS_epip_Response_Matrices_from_RDataFrames_Only_3D_1st_Order_V3_Response_Matrices_Final_Analysis_Iterations_I0_Batch037.root
[Only_3D] hadd Source file 37: /scratch/richcap/Response_Matrix_Outputs/Only_3D_1st_Order_V3_Response_Matrices_Final_Analysis_Iterations_I0_08_22_2026/SIDIS_epip_Response_Matrices_from_RDataFrames_Only_3D_1st_Order_V3_Response_Matrices_Final_Analysis_Iterations_I0_Batch038.root
[Only_3D] hadd Source file 38: /scratch/richcap/Response_Matrix_Outputs/Only_3D_1st_Order_V3_Response_Matrices_Final_Analysis_Iterations_I0_08_22_2026/SIDIS_epip_Response_Matrices_from_RDataFrames_Only_3D_1st_Order_V3_Response_Matrices_Final_Analysis_Iterations_I0_Batch054.root
[Only_3D] hadd Source file 39: /scratch/richcap/Response_Matrix_Outputs/Only_3D_1st_Order_V3_Response_Matrices_Final_Analysis_Iterations_I0_08_22_2026/SIDIS_epip_Response_Matrices_from_RDataFrames_Only_3D_1st_Order_V3_Response_Matrices_Final_Analysis_Iterations_I0_Batch051.root
[Only_3D] hadd Source file 40: /scratch/richcap/Response_Matrix_Outputs/Only_3D_1st_Order_V3_Response_Matrices_Final_Analysis_Iterations_I0_08_22_2026/SIDIS_epip_Response_Matrices_from_RDataFrames_Only_3D_1st_Order_V3_Response_Matrices_Final_Analysis_Iterations_I0_Batch055.root
[Only_3D] hadd Source file 41: /scratch/richcap/Response_Matrix_Outputs/Only_3D_1st_Order_V3_Response_Matrices_Final_Analysis_Iterations_I0_08_22_2026/SIDIS_epip_Response_Matrices_from_RDataFrames_Only_3D_1st_Order_V3_Response_Matrices_Final_Analysis_Iterations_I0_Batch052.root
[Only_3D] hadd Source file 42: /scratch/richcap/Response_Matrix_Outputs/Only_3D_1st_Order_V3_Response_Matrices_Final_Analysis_Iterations_I0_08_22_2026/SIDIS_epip_Response_Matrices_from_RDataFrames_Only_3D_1st_Order_V3_Response_Matrices_Final_Analysis_Iterations_I0_Batch060.root
[Only_3D] hadd Source file 43: /scratch/richcap/Response_Matrix_Outputs/Only_3D_1st_Order_V3_Response_Matrices_Final_Analysis_Iterations_I0_08_22_2026/SIDIS_epip_Response_Matrices_from_RDataFrames_Only_3D_1st_Order_V3_Response_Matrices_Final_Analysis_Iterations_I0_Batch059.root
[Only_3D] hadd Source file 44: /scratch/richcap/Response_Matrix_Outputs/Only_3D_1st_Order_V3_Response_Matrices_Final_Analysis_Iterations_I0_08_22_2026/SIDIS_epip_Response_Matrices_from_RDataFrames_Only_3D_1st_Order_V3_Response_Matrices_Final_Analysis_Iterations_I0_Batch050.root
[Only_3D] hadd Source file 45: /scratch/richcap/Response_Matrix_Outputs/Only_3D_1st_Order_V3_Response_Matrices_Final_Analysis_Iterations_I0_08_22_2026/SIDIS_epip_Response_Matrices_from_RDataFrames_Only_3D_1st_Order_V3_Response_Matrices_Final_Analysis_Iterations_I0_Batch053.root
[Only_3D] hadd Source file 46: /scratch/richcap/Response_Matrix_Outputs/Only_3D_1st_Order_V3_Response_Matrices_Final_Analysis_Iterations_I0_08_22_2026/SIDIS_epip_Response_Matrices_from_RDataFrames_Only_3D_1st_Order_V3_Response_Matrices_Final_Analysis_Iterations_I0_Batch061.root
[Only_3D] hadd Source file 47: /scratch/richcap/Response_Matrix_Outputs/Only_3D_1st_Order_V3_Response_Matrices_Final_Analysis_Iterations_I0_08_22_2026/SIDIS_epip_Response_Matrices_from_RDataFrames_Only_3D_1st_Order_V3_Response_Matrices_Final_Analysis_Iterations_I0_Batch057.root
[Only_3D] hadd Source file 48: /scratch/richcap/Response_Matrix_Outputs/Only_3D_1st_Order_V3_Response_Matrices_Final_Analysis_Iterations_I0_08_22_2026/SIDIS_epip_Response_Matrices_from_RDataFrames_Only_3D_1st_Order_V3_Response_Matrices_Final_Analysis_Iterations_I0_Batch056.root
[Only_3D] hadd Source file 49: /scratch/richcap/Response_Matrix_Outputs/Only_3D_1st_Order_V3_Response_Matrices_Final_Analysis_Iterations_I0_08_22_2026/SIDIS_epip_Response_Matrices_from_RDataFrames_Only_3D_1st_Order_V3_Response_Matrices_Final_Analysis_Iterations_I0_Batch058.root
[Only_3D] hadd Source file 50: /scratch/richcap/Response_Matrix_Outputs/Only_3D_1st_Order_V3_Response_Matrices_Final_Analysis_Iterations_I0_08_22_2026/SIDIS_epip_Response_Matrices_from_RDataFrames_Only_3D_1st_Order_V3_Response_Matrices_Final_Analysis_Iterations_I0_Batch040.root
[Only_3D] hadd Source file 51: /scratch/richcap/Response_Matrix_Outputs/Only_3D_1st_Order_V3_Response_Matrices_Final_Analysis_Iterations_I0_08_22_2026/SIDIS_epip_Response_Matrices_from_RDataFrames_Only_3D_1st_Order_V3_Response_Matrices_Final_Analysis_Iterations_I0_Batch047.root
[Only_3D] hadd Source file 52: /scratch/richcap/Response_Matrix_Outputs/Only_3D_1st_Order_V3_Response_Matrices_Final_Analysis_Iterations_I0_08_22_2026/SIDIS_epip_Response_Matrices_from_RDataFrames_Only_3D_1st_Order_V3_Response_Matrices_Final_Analysis_Iterations_I0_Batch042.root
[Only_3D] hadd Source file 53: /scratch/richcap/Response_Matrix_Outputs/Only_3D_1st_Order_V3_Response_Matrices_Final_Analysis_Iterations_I0_08_22_2026/SIDIS_epip_Response_Matrices_from_RDataFrames_Only_3D_1st_Order_V3_Response_Matrices_Final_Analysis_Iterations_I0_Batch043.root
[Only_3D] hadd Source file 54: /scratch/richcap/Response_Matrix_Outputs/Only_3D_1st_Order_V3_Response_Matrices_Final_Analysis_Iterations_I0_08_22_2026/SIDIS_epip_Response_Matrices_from_RDataFrames_Only_3D_1st_Order_V3_Response_Matrices_Final_Analysis_Iterations_I0_Batch062.root
[Only_3D] hadd Source file 55: /scratch/richcap/Response_Matrix_Outputs/Only_3D_1st_Order_V3_Response_Matrices_Final_Analysis_Iterations_I0_08_22_2026/SIDIS_epip_Response_Matrices_from_RDataFrames_Only_3D_1st_Order_V3_Response_Matrices_Final_Analysis_Iterations_I0_Batch065.root
[Only_3D] hadd Source file 56: /scratch/richcap/Response_Matrix_Outputs/Only_3D_1st_Order_V3_Response_Matrices_Final_Analysis_Iterations_I0_08_22_2026/SIDIS_epip_Response_Matrices_from_RDataFrames_Only_3D_1st_Order_V3_Response_Matrices_Final_Analysis_Iterations_I0_Batch068.root
[Only_3D] hadd Source file 57: /scratch/richcap/Response_Matrix_Outputs/Only_3D_1st_Order_V3_Response_Matrices_Final_Analysis_Iterations_I0_08_22_2026/SIDIS_epip_Response_Matrices_from_RDataFrames_Only_3D_1st_Order_V3_Response_Matrices_Final_Analysis_Iterations_I0_Batch064.root
[Only_3D] hadd Source file 58: /scratch/richcap/Response_Matrix_Outputs/Only_3D_1st_Order_V3_Response_Matrices_Final_Analysis_Iterations_I0_08_22_2026/SIDIS_epip_Response_Matrices_from_RDataFrames_Only_3D_1st_Order_V3_Response_Matrices_Final_Analysis_Iterations_I0_Batch067.root
[Only_3D] hadd Source file 59: /scratch/richcap/Response_Matrix_Outputs/Only_3D_1st_Order_V3_Response_Matrices_Final_Analysis_Iterations_I0_08_22_2026/SIDIS_epip_Response_Matrices_from_RDataFrames_Only_3D_1st_Order_V3_Response_Matrices_Final_Analysis_Iterations_I0_Batch063.root
[Only_3D] hadd Source file 60: /scratch/richcap/Response_Matrix_Outputs/Only_3D_1st_Order_V3_Response_Matrices_Final_Analysis_Iterations_I0_08_22_2026/SIDIS_epip_Response_Matrices_from_RDataFrames_Only_3D_1st_Order_V3_Response_Matrices_Final_Analysis_Iterations_I0_Batch069.root
[Only_3D] hadd Source file 61: /scratch/richcap/Response_Matrix_Outputs/Only_3D_1st_Order_V3_Response_Matrices_Final_Analysis_Iterations_I0_08_22_2026/SIDIS_epip_Response_Matrices_from_RDataFrames_Only_3D_1st_Order_V3_Response_Matrices_Final_Analysis_Iterations_I0_Batch066.root
[Only_3D] hadd Source file 62: /scratch/richcap/Response_Matrix_Outputs/Only_3D_1st_Order_V3_Response_Matrices_Final_Analysis_Iterations_I0_08_22_2026/SIDIS_epip_Response_Matrices_from_RDataFrames_Only_3D_1st_Order_V3_Response_Matrices_Final_Analysis_Iterations_I0_Batch070.root
[Only_3D] hadd Source file 63: /scratch/richcap/Response_Matrix_Outputs/Only_3D_1st_Order_V3_Response_Matrices_Final_Analysis_Iterations_I0_08_22_2026/SIDIS_epip_Response_Matrices_from_RDataFrames_Only_3D_1st_Order_V3_Response_Matrices_Final_Analysis_Iterations_I0_Batch071.root
[Only_3D] hadd Source file 64: /scratch/richcap/Response_Matrix_Outputs/Only_3D_1st_Order_V3_Response_Matrices_Final_Analysis_Iterations_I0_08_22_2026/SIDIS_epip_Response_Matrices_from_RDataFrames_Only_3D_1st_Order_V3_Response_Matrices_Final_Analysis_Iterations_I0_Batch072.root
[Only_3D] hadd Source file 65: /scratch/richcap/Response_Matrix_Outputs/Only_3D_1st_Order_V3_Response_Matrices_Final_Analysis_Iterations_I0_08_22_2026/SIDIS_epip_Response_Matrices_from_RDataFrames_Only_3D_1st_Order_V3_Response_Matrices_Final_Analysis_Iterations_I0_Batch034.root
[Only_3D] hadd Source file 66: /scratch/richcap/Response_Matrix_Outputs/Only_3D_1st_Order_V3_Response_Matrices_Final_Analysis_Iterations_I0_08_22_2026/SIDIS_epip_Response_Matrices_from_RDataFrames_Only_3D_1st_Order_V3_Response_Matrices_Final_Analysis_Iterations_I0_Batch073.root
[Only_3D] hadd Source file 67: /scratch/richcap/Response_Matrix_Outputs/Only_3D_1st_Order_V3_Response_Matrices_Final_Analysis_Iterations_I0_08_22_2026/SIDIS_epip_Response_Matrices_from_RDataFrames_Only_3D_1st_Order_V3_Response_Matrices_Final_Analysis_Iterations_I0_Batch075.root
[Only_3D] hadd Source file 68: /scratch/richcap/Response_Matrix_Outputs/Only_3D_1st_Order_V3_Response_Matrices_Final_Analysis_Iterations_I0_08_22_2026/SIDIS_epip_Response_Matrices_from_RDataFrames_Only_3D_1st_Order_V3_Response_Matrices_Final_Analysis_Iterations_I0_Batch074.root
[Only_3D] hadd Source file 69: /scratch/richcap/Response_Matrix_Outputs/Only_3D_1st_Order_V3_Response_Matrices_Final_Analysis_Iterations_I0_08_22_2026/SIDIS_epip_Response_Matrices_from_RDataFrames_Only_3D_1st_Order_V3_Response_Matrices_Final_Analysis_Iterations_I0_Batch076.root
[Only_3D] hadd Source file 70: /scratch/richcap/Response_Matrix_Outputs/Only_3D_1st_Order_V3_Response_Matrices_Final_Analysis_Iterations_I0_08_22_2026/SIDIS_epip_Response_Matrices_from_RDataFrames_Only_3D_1st_Order_V3_Response_Matrices_Final_Analysis_Iterations_I0_Batch077.root
[Only_3D] hadd Source file 71: /scratch/richcap/Response_Matrix_Outputs/Only_3D_1st_Order_V3_Response_Matrices_Final_Analysis_Iterations_I0_08_22_2026/SIDIS_epip_Response_Matrices_from_RDataFrames_Only_3D_1st_Order_V3_Response_Matrices_Final_Analysis_Iterations_I0_Batch078.root
[Only_3D] hadd Source file 72: /scratch/richcap/Response_Matrix_Outputs/Only_3D_1st_Order_V3_Response_Matrices_Final_Analysis_Iterations_I0_08_22_2026/SIDIS_epip_Response_Matrices_from_RDataFrames_Only_3D_1st_Order_V3_Response_Matrices_Final_Analysis_Iterations_I0_Batch079.root
[Only_3D] hadd Source file 73: /scratch/richcap/Response_Matrix_Outputs/Only_3D_1st_Order_V3_Response_Matrices_Final_Analysis_Iterations_I0_08_22_2026/SIDIS_epip_Response_Matrices_from_RDataFrames_Only_3D_1st_Order_V3_Response_Matrices_Final_Analysis_Iterations_I0_Batch080.root
[Only_3D] hadd Source file 74: /scratch/richcap/Response_Matrix_Outputs/Only_3D_1st_Order_V3_Response_Matrices_Final_Analysis_Iterations_I0_08_22_2026/SIDIS_epip_Response_Matrices_from_RDataFrames_Only_3D_1st_Order_V3_Response_Matrices_Final_Analysis_Iterations_I0_Batch081.root
[Only_3D] hadd Source file 75: /scratch/richcap/Response_Matrix_Outputs/Only_3D_1st_Order_V3_Response_Matrices_Final_Analysis_Iterations_I0_08_22_2026/SIDIS_epip_Response_Matrices_from_RDataFrames_Only_3D_1st_Order_V3_Response_Matrices_Final_Analysis_Iterations_I0_Batch082.root
[Only_3D] hadd Source file 76: /scratch/richcap/Response_Matrix_Outputs/Only_3D_1st_Order_V3_Response_Matrices_Final_Analysis_Iterations_I0_08_22_2026/SIDIS_epip_Response_Matrices_from_RDataFrames_Only_3D_1st_Order_V3_Response_Matrices_Final_Analysis_Iterations_I0_Batch083.root
[Only_3D] hadd Source file 77: /scratch/richcap/Response_Matrix_Outputs/Only_3D_1st_Order_V3_Response_Matrices_Final_Analysis_Iterations_I0_08_22_2026/SIDIS_epip_Response_Matrices_from_RDataFrames_Only_3D_1st_Order_V3_Response_Matrices_Final_Analysis_Iterations_I0_Batch084.root
[Only_3D] hadd Source file 78: /scratch/richcap/Response_Matrix_Outputs/Only_3D_1st_Order_V3_Response_Matrices_Final_Analysis_Iterations_I0_08_22_2026/SIDIS_epip_Response_Matrices_from_RDataFrames_Only_3D_1st_Order_V3_Response_Matrices_Final_Analysis_Iterations_I0_Batch087.root
[Only_3D] hadd Source file 79: /scratch/richcap/Response_Matrix_Outputs/Only_3D_1st_Order_V3_Response_Matrices_Final_Analysis_Iterations_I0_08_22_2026/SIDIS_epip_Response_Matrices_from_RDataFrames_Only_3D_1st_Order_V3_Response_Matrices_Final_Analysis_Iterations_I0_Batch086.root
[Only_3D] hadd Source file 80: /scratch/richcap/Response_Matrix_Outputs/Only_3D_1st_Order_V3_Response_Matrices_Final_Analysis_Iterations_I0_08_22_2026/SIDIS_epip_Response_Matrices_from_RDataFrames_Only_3D_1st_Order_V3_Response_Matrices_Final_Analysis_Iterations_I0_Batch085.root
[Only_3D] hadd Source file 81: /scratch/richcap/Response_Matrix_Outputs/Only_3D_1st_Order_V3_Response_Matrices_Final_Analysis_Iterations_I0_08_22_2026/SIDIS_epip_Response_Matrices_from_RDataFrames_Only_3D_1st_Order_V3_Response_Matrices_Final_Analysis_Iterations_I0_Batch088.root
[Only_3D] hadd Source file 82: /scratch/richcap/Response_Matrix_Outputs/Only_3D_1st_Order_V3_Response_Matrices_Final_Analysis_Iterations_I0_08_22_2026/SIDIS_epip_Response_Matrices_from_RDataFrames_Only_3D_1st_Order_V3_Response_Matrices_Final_Analysis_Iterations_I0_Batch089.root
[Only_3D] hadd Source file 83: /scratch/richcap/Response_Matrix_Outputs/Only_3D_1st_Order_V3_Response_Matrices_Final_Analysis_Iterations_I0_08_22_2026/SIDIS_epip_Response_Matrices_from_RDataFrames_Only_3D_1st_Order_V3_Response_Matrices_Final_Analysis_Iterations_I0_Batch095.root
[Only_3D] hadd Source file 84: /scratch/richcap/Response_Matrix_Outputs/Only_3D_1st_Order_V3_Response_Matrices_Final_Analysis_Iterations_I0_08_22_2026/SIDIS_epip_Response_Matrices_from_RDataFrames_Only_3D_1st_Order_V3_Response_Matrices_Final_Analysis_Iterations_I0_Batch092.root
[Only_3D] hadd Source file 85: /scratch/richcap/Response_Matrix_Outputs/Only_3D_1st_Order_V3_Response_Matrices_Final_Analysis_Iterations_I0_08_22_2026/SIDIS_epip_Response_Matrices_from_RDataFrames_Only_3D_1st_Order_V3_Response_Matrices_Final_Analysis_Iterations_I0_Batch093.root
[Only_3D] hadd Source file 86: /scratch/richcap/Response_Matrix_Outputs/Only_3D_1st_Order_V3_Response_Matrices_Final_Analysis_Iterations_I0_08_22_2026/SIDIS_epip_Response_Matrices_from_RDataFrames_Only_3D_1st_Order_V3_Response_Matrices_Final_Analysis_Iterations_I0_Batch090.root
[Only_3D] hadd Source file 87: /scratch/richcap/Response_Matrix_Outputs/Only_3D_1st_Order_V3_Response_Matrices_Final_Analysis_Iterations_I0_08_22_2026/SIDIS_epip_Response_Matrices_from_RDataFrames_Only_3D_1st_Order_V3_Response_Matrices_Final_Analysis_Iterations_I0_Batch096.root
[Only_3D] hadd Source file 88: /scratch/richcap/Response_Matrix_Outputs/Only_3D_1st_Order_V3_Response_Matrices_Final_Analysis_Iterations_I0_08_22_2026/SIDIS_epip_Response_Matrices_from_RDataFrames_Only_3D_1st_Order_V3_Response_Matrices_Final_Analysis_Iterations_I0_Batch091.root
[Only_3D] hadd Source file 89: /scratch/richcap/Response_Matrix_Outputs/Only_3D_1st_Order_V3_Response_Matrices_Final_Analysis_Iterations_I0_08_22_2026/SIDIS_epip_Response_Matrices_from_RDataFrames_Only_3D_1st_Order_V3_Response_Matrices_Final_Analysis_Iterations_I0_Batch094.root
[Only_3D] hadd Source file 90: /scratch/richcap/Response_Matrix_Outputs/Only_3D_1st_Order_V3_Response_Matrices_Final_Analysis_Iterations_I0_08_22_2026/SIDIS_epip_Response_Matrices_from_RDataFrames_Only_3D_1st_Order_V3_Response_Matrices_Final_Analysis_Iterations_I0_Batch049.root
[Only_3D] hadd Source file 91: /scratch/richcap/Response_Matrix_Outputs/Only_3D_1st_Order_V3_Response_Matrices_Final_Analysis_Iterations_I0_08_22_2026/SIDIS_epip_Response_Matrices_from_RDataFrames_Only_3D_1st_Order_V3_Response_Matrices_Final_Analysis_Iterations_I0_Batch098.root
[Only_3D] hadd Source file 92: /scratch/richcap/Response_Matrix_Outputs/Only_3D_1st_Order_V3_Response_Matrices_Final_Analysis_Iterations_I0_08_22_2026/SIDIS_epip_Response_Matrices_from_RDataFrames_Only_3D_1st_Order_V3_Response_Matrices_Final_Analysis_Iterations_I0_Batch097.root
[Only_3D] hadd Source file 93: /scratch/richcap/Response_Matrix_Outputs/Only_3D_1st_Order_V3_Response_Matrices_Final_Analysis_Iterations_I0_08_22_2026/SIDIS_epip_Response_Matrices_from_RDataFrames_Only_3D_1st_Order_V3_Response_Matrices_Final_Analysis_Iterations_I0_Batch099.root
[Only_3D] hadd Source file 94: /scratch/richcap/Response_Matrix_Outputs/Only_3D_1st_Order_V3_Response_Matrices_Final_Analysis_Iterations_I0_08_22_2026/SIDIS_epip_Response_Matrices_from_RDataFrames_Only_3D_1st_Order_V3_Response_Matrices_Final_Analysis_Iterations_I0_Batch039.root
[Only_3D] hadd Source file 95: /scratch/richcap/Response_Matrix_Outputs/Only_3D_1st_Order_V3_Response_Matrices_Final_Analysis_Iterations_I0_08_22_2026/SIDIS_epip_Response_Matrices_from_RDataFrames_Only_3D_1st_Order_V3_Response_Matrices_Final_Analysis_Iterations_I0_Batch100.root
[Only_3D] hadd Source file 96: /scratch/richcap/Response_Matrix_Outputs/Only_3D_1st_Order_V3_Response_Matrices_Final_Analysis_Iterations_I0_08_22_2026/SIDIS_epip_Response_Matrices_from_RDataFrames_Only_3D_1st_Order_V3_Response_Matrices_Final_Analysis_Iterations_I0_Batch041.root
[Only_3D] hadd Source file 97: /scratch/richcap/Response_Matrix_Outputs/Only_3D_1st_Order_V3_Response_Matrices_Final_Analysis_Iterations_I0_08_22_2026/SIDIS_epip_Response_Matrices_from_RDataFrames_Only_3D_1st_Order_V3_Response_Matrices_Final_Analysis_Iterations_I0_Batch045.root
[Only_3D] hadd Source file 98: /scratch/richcap/Response_Matrix_Outputs/Only_3D_1st_Order_V3_Response_Matrices_Final_Analysis_Iterations_I0_08_22_2026/SIDIS_epip_Response_Matrices_from_RDataFrames_Only_3D_1st_Order_V3_Response_Matrices_Final_Analysis_Iterations_I0_Batch044.root
[Only_3D] hadd Source file 99: /scratch/richcap/Response_Matrix_Outputs/Only_3D_1st_Order_V3_Response_Matrices_Final_Analysis_Iterations_I0_08_22_2026/SIDIS_epip_Response_Matrices_from_RDataFrames_Only_3D_1st_Order_V3_Response_Matrices_Final_Analysis_Iterations_I0_Batch046.root
[Only_3D] hadd Source file 100: /scratch/richcap/Response_Matrix_Outputs/Only_3D_1st_Order_V3_Response_Matrices_Final_Analysis_Iterations_I0_08_22_2026/SIDIS_epip_Response_Matrices_from_RDataFrames_Only_3D_1st_Order_V3_Response_Matrices_Final_Analysis_Iterations_I0_Batch102.root
[Only_3D] hadd Source file 101: /scratch/richcap/Response_Matrix_Outputs/Only_3D_1st_Order_V3_Response_Matrices_Final_Analysis_Iterations_I0_08_22_2026/SIDIS_epip_Response_Matrices_from_RDataFrames_Only_3D_1st_Order_V3_Response_Matrices_Final_Analysis_Iterations_I0_Batch101.root
[Only_3D] hadd Source file 102: /scratch/richcap/Response_Matrix_Outputs/Only_3D_1st_Order_V3_Response_Matrices_Final_Analysis_Iterations_I0_08_22_2026/SIDIS_epip_Response_Matrices_from_RDataFrames_Only_3D_1st_Order_V3_Response_Matrices_Final_Analysis_Iterations_I0_Batch103.root
[Only_3D] hadd Source file 103: /scratch/richcap/Response_Matrix_Outputs/Only_3D_1st_Order_V3_Response_Matrices_Final_Analysis_Iterations_I0_08_22_2026/SIDIS_epip_Response_Matrices_from_RDataFrames_Only_3D_1st_Order_V3_Response_Matrices_Final_Analysis_Iterations_I0_Batch104.root
[Only_3D] hadd Source file 104: /scratch/richcap/Response_Matrix_Outputs/Only_3D_1st_Order_V3_Response_Matrices_Final_Analysis_Iterations_I0_08_22_2026/SIDIS_epip_Response_Matrices_from_RDataFrames_Only_3D_1st_Order_V3_Response_Matrices_Final_Analysis_Iterations_I0_Batch105.root
[Only_3D] hadd Source file 105: /scratch/richcap/Response_Matrix_Outputs/Only_3D_1st_Order_V3_Response_Matrices_Final_Analysis_Iterations_I0_08_22_2026/SIDIS_epip_Response_Matrices_from_RDataFrames_Only_3D_1st_Order_V3_Response_Matrices_Final_Analysis_Iterations_I0_Batch106.root
[Only_3D] hadd Source file 106: /scratch/richcap/Response_Matrix_Outputs/Only_3D_1st_Order_V3_Response_Matrices_Final_Analysis_Iterations_I0_08_22_2026/SIDIS_epip_Response_Matrices_from_RDataFrames_Only_3D_1st_Order_V3_Response_Matrices_Final_Analysis_Iterations_I0_Batch110.root
[Only_3D] hadd Source file 107: /scratch/richcap/Response_Matrix_Outputs/Only_3D_1st_Order_V3_Response_Matrices_Final_Analysis_Iterations_I0_08_22_2026/SIDIS_epip_Response_Matrices_from_RDataFrames_Only_3D_1st_Order_V3_Response_Matrices_Final_Analysis_Iterations_I0_Batch111.root
[Only_3D] hadd Source file 108: /scratch/richcap/Response_Matrix_Outputs/Only_3D_1st_Order_V3_Response_Matrices_Final_Analysis_Iterations_I0_08_22_2026/SIDIS_epip_Response_Matrices_from_RDataFrames_Only_3D_1st_Order_V3_Response_Matrices_Final_Analysis_Iterations_I0_Batch108.root
[Only_3D] hadd Source file 109: /scratch/richcap/Response_Matrix_Outputs/Only_3D_1st_Order_V3_Response_Matrices_Final_Analysis_Iterations_I0_08_22_2026/SIDIS_epip_Response_Matrices_from_RDataFrames_Only_3D_1st_Order_V3_Response_Matrices_Final_Analysis_Iterations_I0_Batch109.root
[Only_3D] hadd Source file 110: /scratch/richcap/Response_Matrix_Outputs/Only_3D_1st_Order_V3_Response_Matrices_Final_Analysis_Iterations_I0_08_22_2026/SIDIS_epip_Response_Matrices_from_RDataFrames_Only_3D_1st_Order_V3_Response_Matrices_Final_Analysis_Iterations_I0_Batch107.root
[Only_3D] hadd Source file 111: /scratch/richcap/Response_Matrix_Outputs/Only_3D_1st_Order_V3_Response_Matrices_Final_Analysis_Iterations_I0_08_22_2026/SIDIS_epip_Response_Matrices_from_RDataFrames_Only_3D_1st_Order_V3_Response_Matrices_Final_Analysis_Iterations_I0_Batch112.root
[Only_3D] hadd Source file 112: /scratch/richcap/Response_Matrix_Outputs/Only_3D_1st_Order_V3_Response_Matrices_Final_Analysis_Iterations_I0_08_22_2026/SIDIS_epip_Response_Matrices_from_RDataFrames_Only_3D_1st_Order_V3_Response_Matrices_Final_Analysis_Iterations_I0_Batch113.root
[Only_3D] hadd Source file 113: /scratch/richcap/Response_Matrix_Outputs/Only_3D_1st_Order_V3_Response_Matrices_Final_Analysis_Iterations_I0_08_22_2026/SIDIS_epip_Response_Matrices_from_RDataFrames_Only_3D_1st_Order_V3_Response_Matrices_Final_Analysis_Iterations_I0_Batch114.root
[Only_3D] hadd Source file 114: /scratch/richcap/Response_Matrix_Outputs/Only_3D_1st_Order_V3_Response_Matrices_Final_Analysis_Iterations_I0_08_22_2026/SIDIS_epip_Response_Matrices_from_RDataFrames_Only_3D_1st_Order_V3_Response_Matrices_Final_Analysis_Iterations_I0_Batch115.root
[Only_3D] hadd Source file 115: /scratch/richcap/Response_Matrix_Outputs/Only_3D_1st_Order_V3_Response_Matrices_Final_Analysis_Iterations_I0_08_22_2026/SIDIS_epip_Response_Matrices_from_RDataFrames_Only_3D_1st_Order_V3_Response_Matrices_Final_Analysis_Iterations_I0_Batch116.root
[Only_3D] hadd Source file 116: /scratch/richcap/Response_Matrix_Outputs/Only_3D_1st_Order_V3_Response_Matrices_Final_Analysis_Iterations_I0_08_22_2026/SIDIS_epip_Response_Matrices_from_RDataFrames_Only_3D_1st_Order_V3_Response_Matrices_Final_Analysis_Iterations_I0_Batch117.root
[Only_3D] hadd Source file 117: /scratch/richcap/Response_Matrix_Outputs/Only_3D_1st_Order_V3_Response_Matrices_Final_Analysis_Iterations_I0_08_22_2026/SIDIS_epip_Response_Matrices_from_RDataFrames_Only_3D_1st_Order_V3_Response_Matrices_Final_Analysis_Iterations_I0_Batch119.root
[Only_3D] hadd Source file 118: /scratch/richcap/Response_Matrix_Outputs/Only_3D_1st_Order_V3_Response_Matrices_Final_Analysis_Iterations_I0_08_22_2026/SIDIS_epip_Response_Matrices_from_RDataFrames_Only_3D_1st_Order_V3_Response_Matrices_Final_Analysis_Iterations_I0_Batch120.root
[Only_3D] hadd Source file 119: /scratch/richcap/Response_Matrix_Outputs/Only_3D_1st_Order_V3_Response_Matrices_Final_Analysis_Iterations_I0_08_22_2026/SIDIS_epip_Response_Matrices_from_RDataFrames_Only_3D_1st_Order_V3_Response_Matrices_Final_Analysis_Iterations_I0_Batch122.root
[Only_3D] hadd Source file 120: /scratch/richcap/Response_Matrix_Outputs/Only_3D_1st_Order_V3_Response_Matrices_Final_Analysis_Iterations_I0_08_22_2026/SIDIS_epip_Response_Matrices_from_RDataFrames_Only_3D_1st_Order_V3_Response_Matrices_Final_Analysis_Iterations_I0_Batch123.root
[Only_3D] hadd Source file 121: /scratch/richcap/Response_Matrix_Outputs/Only_3D_1st_Order_V3_Response_Matrices_Final_Analysis_Iterations_I0_08_22_2026/SIDIS_epip_Response_Matrices_from_RDataFrames_Only_3D_1st_Order_V3_Response_Matrices_Final_Analysis_Iterations_I0_Batch121.root
[Only_3D] hadd Source file 122: /scratch/richcap/Response_Matrix_Outputs/Only_3D_1st_Order_V3_Response_Matrices_Final_Analysis_Iterations_I0_08_22_2026/SIDIS_epip_Response_Matrices_from_RDataFrames_Only_3D_1st_Order_V3_Response_Matrices_Final_Analysis_Iterations_I0_Batch124.root
[Only_3D] hadd Source file 123: /scratch/richcap/Response_Matrix_Outputs/Only_3D_1st_Order_V3_Response_Matrices_Final_Analysis_Iterations_I0_08_22_2026/SIDIS_epip_Response_Matrices_from_RDataFrames_Only_3D_1st_Order_V3_Response_Matrices_Final_Analysis_Iterations_I0_Batch118.root
[Only_3D] hadd Source file 124: /scratch/richcap/Response_Matrix_Outputs/Only_3D_1st_Order_V3_Response_Matrices_Final_Analysis_Iterations_I0_08_22_2026/SIDIS_epip_Response_Matrices_from_RDataFrames_Only_3D_1st_Order_V3_Response_Matrices_Final_Analysis_Iterations_I0_Batch125.root
[Only_3D] hadd Source file 125: /scratch/richcap/Response_Matrix_Outputs/Only_3D_1st_Order_V3_Response_Matrices_Final_Analysis_Iterations_I0_08_22_2026/SIDIS_epip_Response_Matrices_from_RDataFrames_Only_3D_1st_Order_V3_Response_Matrices_Final_Analysis_Iterations_I0_Batch126.root
[Only_3D] hadd Source file 126: /scratch/richcap/Response_Matrix_Outputs/Only_3D_1st_Order_V3_Response_Matrices_Final_Analysis_Iterations_I0_08_22_2026/SIDIS_epip_Response_Matrices_from_RDataFrames_Only_3D_1st_Order_V3_Response_Matrices_Final_Analysis_Iterations_I0_Batch127.root
[Only_3D] hadd Source file 127: /scratch/richcap/Response_Matrix_Outputs/Only_3D_1st_Order_V3_Response_Matrices_Final_Analysis_Iterations_I0_08_22_2026/SIDIS_epip_Response_Matrices_from_RDataFrames_Only_3D_1st_Order_V3_Response_Matrices_Final_Analysis_Iterations_I0_Batch128.root
[Only_3D] hadd Source file 128: /scratch/richcap/Response_Matrix_Outputs/Only_3D_1st_Order_V3_Response_Matrices_Final_Analysis_Iterations_I0_08_22_2026/SIDIS_epip_Response_Matrices_from_RDataFrames_Only_3D_1st_Order_V3_Response_Matrices_Final_Analysis_Iterations_I0_Batch129.root
[Only_3D] hadd Source file 129: /scratch/richcap/Response_Matrix_Outputs/Only_3D_1st_Order_V3_Response_Matrices_Final_Analysis_Iterations_I0_08_22_2026/SIDIS_epip_Response_Matrices_from_RDataFrames_Only_3D_1st_Order_V3_Response_Matrices_Final_Analysis_Iterations_I0_Batch130.root
[Only_3D] hadd Source file 130: /scratch/richcap/Response_Matrix_Outputs/Only_3D_1st_Order_V3_Response_Matrices_Final_Analysis_Iterations_I0_08_22_2026/SIDIS_epip_Response_Matrices_from_RDataFrames_Only_3D_1st_Order_V3_Response_Matrices_Final_Analysis_Iterations_I0_Batch131.root
[Only_3D] hadd Source file 131: /scratch/richcap/Response_Matrix_Outputs/Only_3D_1st_Order_V3_Response_Matrices_Final_Analysis_Iterations_I0_08_22_2026/SIDIS_epip_Response_Matrices_from_RDataFrames_Only_3D_1st_Order_V3_Response_Matrices_Final_Analysis_Iterations_I0_Batch132.root
[Only_3D] hadd Source file 132: /scratch/richcap/Response_Matrix_Outputs/Only_3D_1st_Order_V3_Response_Matrices_Final_Analysis_Iterations_I0_08_22_2026/SIDIS_epip_Response_Matrices_from_RDataFrames_Only_3D_1st_Order_V3_Response_Matrices_Final_Analysis_Iterations_I0_Batch133.root
[Only_3D] hadd Source file 133: /scratch/richcap/Response_Matrix_Outputs/Only_3D_1st_Order_V3_Response_Matrices_Final_Analysis_Iterations_I0_08_22_2026/SIDIS_epip_Response_Matrices_from_RDataFrames_Only_3D_1st_Order_V3_Response_Matrices_Final_Analysis_Iterations_I0_Batch134.root
[Only_3D] hadd Source file 134: /scratch/richcap/Response_Matrix_Outputs/Only_3D_1st_Order_V3_Response_Matrices_Final_Analysis_Iterations_I0_08_22_2026/SIDIS_epip_Response_Matrices_from_RDataFrames_Only_3D_1st_Order_V3_Response_Matrices_Final_Analysis_Iterations_I0_Batch137.root
[Only_3D] hadd Source file 135: /scratch/richcap/Response_Matrix_Outputs/Only_3D_1st_Order_V3_Response_Matrices_Final_Analysis_Iterations_I0_08_22_2026/SIDIS_epip_Response_Matrices_from_RDataFrames_Only_3D_1st_Order_V3_Response_Matrices_Final_Analysis_Iterations_I0_Batch135.root
[Only_3D] hadd Source file 136: /scratch/richcap/Response_Matrix_Outputs/Only_3D_1st_Order_V3_Response_Matrices_Final_Analysis_Iterations_I0_08_22_2026/SIDIS_epip_Response_Matrices_from_RDataFrames_Only_3D_1st_Order_V3_Response_Matrices_Final_Analysis_Iterations_I0_Batch139.root
[Only_3D] hadd Source file 137: /scratch/richcap/Response_Matrix_Outputs/Only_3D_1st_Order_V3_Response_Matrices_Final_Analysis_Iterations_I0_08_22_2026/SIDIS_epip_Response_Matrices_from_RDataFrames_Only_3D_1st_Order_V3_Response_Matrices_Final_Analysis_Iterations_I0_Batch136.root
[Only_3D] hadd Source file 138: /scratch/richcap/Response_Matrix_Outputs/Only_3D_1st_Order_V3_Response_Matrices_Final_Analysis_Iterations_I0_08_22_2026/SIDIS_epip_Response_Matrices_from_RDataFrames_Only_3D_1st_Order_V3_Response_Matrices_Final_Analysis_Iterations_I0_Batch138.root
[Only_3D] hadd Source file 139: /scratch/richcap/Response_Matrix_Outputs/Only_3D_1st_Order_V3_Response_Matrices_Final_Analysis_Iterations_I0_08_22_2026/SIDIS_epip_Response_Matrices_from_RDataFrames_Only_3D_1st_Order_V3_Response_Matrices_Final_Analysis_Iterations_I0_Batch140.root
[Only_3D] hadd Source file 140: /scratch/richcap/Response_Matrix_Outputs/Only_3D_1st_Order_V3_Response_Matrices_Final_Analysis_Iterations_I0_08_22_2026/SIDIS_epip_Response_Matrices_from_RDataFrames_Only_3D_1st_Order_V3_Response_Matrices_Final_Analysis_Iterations_I0_Batch170.root
[Only_3D] hadd Source file 141: /scratch/richcap/Response_Matrix_Outputs/Only_3D_1st_Order_V3_Response_Matrices_Final_Analysis_Iterations_I0_08_22_2026/SIDIS_epip_Response_Matrices_from_RDataFrames_Only_3D_1st_Order_V3_Response_Matrices_Final_Analysis_Iterations_I0_Batch141.root
[Only_3D] hadd Source file 142: /scratch/richcap/Response_Matrix_Outputs/Only_3D_1st_Order_V3_Response_Matrices_Final_Analysis_Iterations_I0_08_22_2026/SIDIS_epip_Response_Matrices_from_RDataFrames_Only_3D_1st_Order_V3_Response_Matrices_Final_Analysis_Iterations_I0_Batch171.root
[Only_3D] hadd Source file 143: /scratch/richcap/Response_Matrix_Outputs/Only_3D_1st_Order_V3_Response_Matrices_Final_Analysis_Iterations_I0_08_22_2026/SIDIS_epip_Response_Matrices_from_RDataFrames_Only_3D_1st_Order_V3_Response_Matrices_Final_Analysis_Iterations_I0_Batch142.root
[Only_3D] hadd Source file 144: /scratch/richcap/Response_Matrix_Outputs/Only_3D_1st_Order_V3_Response_Matrices_Final_Analysis_Iterations_I0_08_22_2026/SIDIS_epip_Response_Matrices_from_RDataFrames_Only_3D_1st_Order_V3_Response_Matrices_Final_Analysis_Iterations_I0_Batch143.root
[Only_3D] hadd Source file 145: /scratch/richcap/Response_Matrix_Outputs/Only_3D_1st_Order_V3_Response_Matrices_Final_Analysis_Iterations_I0_08_22_2026/SIDIS_epip_Response_Matrices_from_RDataFrames_Only_3D_1st_Order_V3_Response_Matrices_Final_Analysis_Iterations_I0_Batch144.root
[Only_3D] hadd Source file 146: /scratch/richcap/Response_Matrix_Outputs/Only_3D_1st_Order_V3_Response_Matrices_Final_Analysis_Iterations_I0_08_22_2026/SIDIS_epip_Response_Matrices_from_RDataFrames_Only_3D_1st_Order_V3_Response_Matrices_Final_Analysis_Iterations_I0_Batch145.root
[Only_3D] hadd Source file 147: /scratch/richcap/Response_Matrix_Outputs/Only_3D_1st_Order_V3_Response_Matrices_Final_Analysis_Iterations_I0_08_22_2026/SIDIS_epip_Response_Matrices_from_RDataFrames_Only_3D_1st_Order_V3_Response_Matrices_Final_Analysis_Iterations_I0_Batch146.root
[Only_3D] hadd Source file 148: /scratch/richcap/Response_Matrix_Outputs/Only_3D_1st_Order_V3_Response_Matrices_Final_Analysis_Iterations_I0_08_22_2026/SIDIS_epip_Response_Matrices_from_RDataFrames_Only_3D_1st_Order_V3_Response_Matrices_Final_Analysis_Iterations_I0_Batch147.root
[Only_3D] hadd Source file 149: /scratch/richcap/Response_Matrix_Outputs/Only_3D_1st_Order_V3_Response_Matrices_Final_Analysis_Iterations_I0_08_22_2026/SIDIS_epip_Response_Matrices_from_RDataFrames_Only_3D_1st_Order_V3_Response_Matrices_Final_Analysis_Iterations_I0_Batch148.root
[Only_3D] hadd Source file 150: /scratch/richcap/Response_Matrix_Outputs/Only_3D_1st_Order_V3_Response_Matrices_Final_Analysis_Iterations_I0_08_22_2026/SIDIS_epip_Response_Matrices_from_RDataFrames_Only_3D_1st_Order_V3_Response_Matrices_Final_Analysis_Iterations_I0_Batch149.root
[Only_3D] hadd Source file 151: /scratch/richcap/Response_Matrix_Outputs/Only_3D_1st_Order_V3_Response_Matrices_Final_Analysis_Iterations_I0_08_22_2026/SIDIS_epip_Response_Matrices_from_RDataFrames_Only_3D_1st_Order_V3_Response_Matrices_Final_Analysis_Iterations_I0_Batch159.root
[Only_3D] hadd Source file 152: /scratch/richcap/Response_Matrix_Outputs/Only_3D_1st_Order_V3_Response_Matrices_Final_Analysis_Iterations_I0_08_22_2026/SIDIS_epip_Response_Matrices_from_RDataFrames_Only_3D_1st_Order_V3_Response_Matrices_Final_Analysis_Iterations_I0_Batch152.root
[Only_3D] hadd Source file 153: /scratch/richcap/Response_Matrix_Outputs/Only_3D_1st_Order_V3_Response_Matrices_Final_Analysis_Iterations_I0_08_22_2026/SIDIS_epip_Response_Matrices_from_RDataFrames_Only_3D_1st_Order_V3_Response_Matrices_Final_Analysis_Iterations_I0_Batch153.root
[Only_3D] hadd Source file 154: /scratch/richcap/Response_Matrix_Outputs/Only_3D_1st_Order_V3_Response_Matrices_Final_Analysis_Iterations_I0_08_22_2026/SIDIS_epip_Response_Matrices_from_RDataFrames_Only_3D_1st_Order_V3_Response_Matrices_Final_Analysis_Iterations_I0_Batch150.root
[Only_3D] hadd Source file 155: /scratch/richcap/Response_Matrix_Outputs/Only_3D_1st_Order_V3_Response_Matrices_Final_Analysis_Iterations_I0_08_22_2026/SIDIS_epip_Response_Matrices_from_RDataFrames_Only_3D_1st_Order_V3_Response_Matrices_Final_Analysis_Iterations_I0_Batch151.root
[Only_3D] hadd Source file 156: /scratch/richcap/Response_Matrix_Outputs/Only_3D_1st_Order_V3_Response_Matrices_Final_Analysis_Iterations_I0_08_22_2026/SIDIS_epip_Response_Matrices_from_RDataFrames_Only_3D_1st_Order_V3_Response_Matrices_Final_Analysis_Iterations_I0_Batch155.root
[Only_3D] hadd Source file 157: /scratch/richcap/Response_Matrix_Outputs/Only_3D_1st_Order_V3_Response_Matrices_Final_Analysis_Iterations_I0_08_22_2026/SIDIS_epip_Response_Matrices_from_RDataFrames_Only_3D_1st_Order_V3_Response_Matrices_Final_Analysis_Iterations_I0_Batch154.root
[Only_3D] hadd Source file 158: /scratch/richcap/Response_Matrix_Outputs/Only_3D_1st_Order_V3_Response_Matrices_Final_Analysis_Iterations_I0_08_22_2026/SIDIS_epip_Response_Matrices_from_RDataFrames_Only_3D_1st_Order_V3_Response_Matrices_Final_Analysis_Iterations_I0_Batch156.root
[Only_3D] hadd Source file 159: /scratch/richcap/Response_Matrix_Outputs/Only_3D_1st_Order_V3_Response_Matrices_Final_Analysis_Iterations_I0_08_22_2026/SIDIS_epip_Response_Matrices_from_RDataFrames_Only_3D_1st_Order_V3_Response_Matrices_Final_Analysis_Iterations_I0_Batch157.root
[Only_3D] hadd Source file 160: /scratch/richcap/Response_Matrix_Outputs/Only_3D_1st_Order_V3_Response_Matrices_Final_Analysis_Iterations_I0_08_22_2026/SIDIS_epip_Response_Matrices_from_RDataFrames_Only_3D_1st_Order_V3_Response_Matrices_Final_Analysis_Iterations_I0_Batch158.root
[Only_3D] hadd Source file 161: /scratch/richcap/Response_Matrix_Outputs/Only_3D_1st_Order_V3_Response_Matrices_Final_Analysis_Iterations_I0_08_22_2026/SIDIS_epip_Response_Matrices_from_RDataFrames_Only_3D_1st_Order_V3_Response_Matrices_Final_Analysis_Iterations_I0_Batch048.root
[Only_3D] hadd Source file 162: /scratch/richcap/Response_Matrix_Outputs/Only_3D_1st_Order_V3_Response_Matrices_Final_Analysis_Iterations_I0_08_22_2026/SIDIS_epip_Response_Matrices_from_RDataFrames_Only_3D_1st_Order_V3_Response_Matrices_Final_Analysis_Iterations_I0_Batch164.root
[Only_3D] hadd Source file 163: /scratch/richcap/Response_Matrix_Outputs/Only_3D_1st_Order_V3_Response_Matrices_Final_Analysis_Iterations_I0_08_22_2026/SIDIS_epip_Response_Matrices_from_RDataFrames_Only_3D_1st_Order_V3_Response_Matrices_Final_Analysis_Iterations_I0_Batch160.root
[Only_3D] hadd Source file 164: /scratch/richcap/Response_Matrix_Outputs/Only_3D_1st_Order_V3_Response_Matrices_Final_Analysis_Iterations_I0_08_22_2026/SIDIS_epip_Response_Matrices_from_RDataFrames_Only_3D_1st_Order_V3_Response_Matrices_Final_Analysis_Iterations_I0_Batch161.root
[Only_3D] hadd Source file 165: /scratch/richcap/Response_Matrix_Outputs/Only_3D_1st_Order_V3_Response_Matrices_Final_Analysis_Iterations_I0_08_22_2026/SIDIS_epip_Response_Matrices_from_RDataFrames_Only_3D_1st_Order_V3_Response_Matrices_Final_Analysis_Iterations_I0_Batch162.root
[Only_3D] hadd Source file 166: /scratch/richcap/Response_Matrix_Outputs/Only_3D_1st_Order_V3_Response_Matrices_Final_Analysis_Iterations_I0_08_22_2026/SIDIS_epip_Response_Matrices_from_RDataFrames_Only_3D_1st_Order_V3_Response_Matrices_Final_Analysis_Iterations_I0_Batch163.root
[Only_3D] hadd Source file 167: /scratch/richcap/Response_Matrix_Outputs/Only_3D_1st_Order_V3_Response_Matrices_Final_Analysis_Iterations_I0_08_22_2026/SIDIS_epip_Response_Matrices_from_RDataFrames_Only_3D_1st_Order_V3_Response_Matrices_Final_Analysis_Iterations_I0_Batch165.root
[Only_3D] hadd Source file 168: /scratch/richcap/Response_Matrix_Outputs/Only_3D_1st_Order_V3_Response_Matrices_Final_Analysis_Iterations_I0_08_22_2026/SIDIS_epip_Response_Matrices_from_RDataFrames_Only_3D_1st_Order_V3_Response_Matrices_Final_Analysis_Iterations_I0_Batch166.root
[Only_3D] hadd Source file 169: /scratch/richcap/Response_Matrix_Outputs/Only_3D_1st_Order_V3_Response_Matrices_Final_Analysis_Iterations_I0_08_22_2026/SIDIS_epip_Response_Matrices_from_RDataFrames_Only_3D_1st_Order_V3_Response_Matrices_Final_Analysis_Iterations_I0_Batch167.root
[Only_3D] hadd Source file 170: /scratch/richcap/Response_Matrix_Outputs/Only_3D_1st_Order_V3_Response_Matrices_Final_Analysis_Iterations_I0_08_22_2026/SIDIS_epip_Response_Matrices_from_RDataFrames_Only_3D_1st_Order_V3_Response_Matrices_Final_Analysis_Iterations_I0_Batch168.root
[Only_3D] hadd Source file 171: /scratch/richcap/Response_Matrix_Outputs/Only_3D_1st_Order_V3_Response_Matrices_Final_Analysis_Iterations_I0_08_22_2026/SIDIS_epip_Response_Matrices_from_RDataFrames_Only_3D_1st_Order_V3_Response_Matrices_Final_Analysis_Iterations_I0_Batch169.root
[Only_3D] hadd Target path: /w/hallb-scshelf2102/clas12/richcap/SIDIS_Analysis/Histo_Files_ROOT/DataFrames/hadd_ROOT_files_From_using_RDataFrames/SIDIS_epip_Response_Matrices_from_RDataFrames_Only_3D_1st_Order_V3_Response_Matrices_Final_Analysis_Iterations_I0_All.root:/
[Only_3D] 
[Only_3D] START: Batch 161 of 171
[Only_3D] Time Elapsed Up To Now: 0 Day(s), 8 Hour(s), 10 Minute(s), and 22 Second(s). 
[Only_3D] DONE : Batch 128 of 171
[Only_3D] Time Elapsed Up To Now: 0 Day(s), 8 Hour(s), 10 Minute(s), and 50 Second(s). 
[Only_3D] START: Batch 162 of 171
[Only_3D] Time Elapsed Up To Now: 0 Day(s), 8 Hour(s), 10 Minute(s), and 50 Second(s). 
[Only_3D] DONE : Batch 129 of 171
[Only_3D] Time Elapsed Up To Now: 0 Day(s), 8 Hour(s), 19 Minute(s), and 5 Second(s). 
[Only_3D] START: Batch 163 of 171
[Only_3D] Time Elapsed Up To Now: 0 Day(s), 8 Hour(s), 19 Minute(s), and 5 Second(s). 
[Only_3D] DONE : Batch 130 of 171
[Only_3D] Time Elapsed Up To Now: 0 Day(s), 8 Hour(s), 19 Minute(s), and 24 Second(s). 
[Only_3D] START: Batch 164 of 171
[Only_3D] Time Elapsed Up To Now: 0 Day(s), 8 Hour(s), 19 Minute(s), and 24 Second(s). 
[Only_3D] DONE : Batch 131 of 171
[Only_3D] Time Elapsed Up To Now: 0 Day(s), 8 Hour(s), 20 Minute(s), and 18 Second(s). 
[Only_3D] START: Batch 165 of 171
[Only_3D] Time Elapsed Up To Now: 0 Day(s), 8 Hour(s), 20 Minute(s), and 18 Second(s). 
[Only_3D] DONE : Batch 132 of 171
[Only_3D] Time Elapsed Up To Now: 0 Day(s), 8 Hour(s), 22 Minute(s), and 51 Second(s). 
[Only_3D] START: Batch 166 of 171
[Only_3D] Time Elapsed Up To Now: 0 Day(s), 8 Hour(s), 22 Minute(s), and 51 Second(s). 
[Only_3D] DONE : Batch 133 of 171
[Only_3D] Time Elapsed Up To Now: 0 Day(s), 8 Hour(s), 22 Minute(s), and 52 Second(s). 
[Only_3D] START: Batch 167 of 171
[Only_3D] Time Elapsed Up To Now: 0 Day(s), 8 Hour(s), 22 Minute(s), and 52 Second(s). 
[Only_3D] DONE : Batch 134 of 171
[Only_3D] Time Elapsed Up To Now: 0 Day(s), 8 Hour(s), 23 Minute(s), and 10 Second(s). 
[Only_3D] START: Batch 168 of 171
[Only_3D] Time Elapsed Up To Now: 0 Day(s), 8 Hour(s), 23 Minute(s), and 10 Second(s). 
[Only_3D] DONE : Batch 137 of 171
[Only_3D] Time Elapsed Up To Now: 0 Day(s), 8 Hour(s), 24 Minute(s), and 58 Second(s). 
[Only_3D] START: Batch 169 of 171
[Only_3D] Time Elapsed Up To Now: 0 Day(s), 8 Hour(s), 24 Minute(s), and 58 Second(s). 
[Only_3D] DONE : Batch 135 of 171
[Only_3D] Time Elapsed Up To Now: 0 Day(s), 8 Hour(s), 25 Minute(s), and 10 Second(s). 
[Only_3D] START: Batch 170 of 171
[Only_3D] Time Elapsed Up To Now: 0 Day(s), 8 Hour(s), 25 Minute(s), and 10 Second(s). 
[Only_3D] DONE : Batch 139 of 171
[Only_3D] Time Elapsed Up To Now: 0 Day(s), 8 Hour(s), 25 Minute(s), and 12 Second(s). 
[Only_3D] START: Batch 171 of 171
[Only_3D] Time Elapsed Up To Now: 0 Day(s), 8 Hour(s), 25 Minute(s), and 12 Second(s). 
[Only_3D] DONE : Batch 136 of 171
[Only_3D] Time Elapsed Up To Now: 0 Day(s), 8 Hour(s), 25 Minute(s), and 19 Second(s). 
[Only_3D] DONE : Batch 138 of 171
[Only_3D] Time Elapsed Up To Now: 0 Day(s), 8 Hour(s), 25 Minute(s), and 29 Second(s). 
[Only_3D] DONE : Batch 140 of 171
[Only_3D] Time Elapsed Up To Now: 0 Day(s), 8 Hour(s), 31 Minute(s), and 16 Second(s). 
[Only_3D] DONE : Batch 170 of 171
[Only_3D] Time Elapsed Up To Now: 0 Day(s), 8 Hour(s), 32 Minute(s), and 17 Second(s). 
[Only_3D] DONE : Batch 141 of 171
[Only_3D] Time Elapsed Up To Now: 0 Day(s), 8 Hour(s), 32 Minute(s), and 28 Second(s). 
[Only_3D] DONE : Batch 171 of 171
[Only_3D] Time Elapsed Up To Now: 0 Day(s), 8 Hour(s), 32 Minute(s), and 39 Second(s). 
[Only_3D] DONE : Batch 142 of 171
[Only_3D] Time Elapsed Up To Now: 0 Day(s), 8 Hour(s), 33 Minute(s), and 19 Second(s). 
[Only_3D] DONE : Batch 143 of 171
[Only_3D] Time Elapsed Up To Now: 0 Day(s), 8 Hour(s), 33 Minute(s), and 30 Second(s). 
[Only_3D] DONE : Batch 144 of 171
[Only_3D] Time Elapsed Up To Now: 0 Day(s), 8 Hour(s), 34 Minute(s), and 3 Second(s). 
[Only_3D] DONE : Batch 145 of 171
[Only_3D] Time Elapsed Up To Now: 0 Day(s), 8 Hour(s), 34 Minute(s), and 36 Second(s). 
[Only_3D] DONE : Batch 146 of 171
[Only_3D] Time Elapsed Up To Now: 0 Day(s), 8 Hour(s), 34 Minute(s), and 41 Second(s). 
[Only_3D] DONE : Batch 147 of 171
[Only_3D] Time Elapsed Up To Now: 0 Day(s), 8 Hour(s), 39 Minute(s), and 16 Second(s). 
[Only_3D] DONE : Batch 148 of 171
[Only_3D] Time Elapsed Up To Now: 0 Day(s), 8 Hour(s), 43 Minute(s), and 36 Second(s). 
[Only_3D] DONE : Batch 149 of 171
[Only_3D] Time Elapsed Up To Now: 0 Day(s), 8 Hour(s), 45 Minute(s), and 10 Second(s). 
[Only_3D] DONE : Batch 159 of 171
[Only_3D] Time Elapsed Up To Now: 0 Day(s), 8 Hour(s), 51 Minute(s), and 34 Second(s). 
[Only_3D] DONE : Batch 152 of 171
[Only_3D] Time Elapsed Up To Now: 0 Day(s), 8 Hour(s), 59 Minute(s), and 3 Second(s). 
[Only_3D] DONE : Batch 153 of 171
[Only_3D] Time Elapsed Up To Now: 0 Day(s), 9 Hour(s), 0 Minute(s), and 8 Second(s). 
[Only_3D] DONE : Batch 150 of 171
[Only_3D] Time Elapsed Up To Now: 0 Day(s), 9 Hour(s), 0 Minute(s), and 19 Second(s). 
[Only_3D] DONE : Batch 151 of 171
[Only_3D] Time Elapsed Up To Now: 0 Day(s), 9 Hour(s), 0 Minute(s), and 35 Second(s). 
[Only_3D] DONE : Batch 155 of 171
[Only_3D] Time Elapsed Up To Now: 0 Day(s), 9 Hour(s), 3 Minute(s), and 50 Second(s). 
[Only_3D] DONE : Batch 154 of 171
[Only_3D] Time Elapsed Up To Now: 0 Day(s), 9 Hour(s), 3 Minute(s), and 53 Second(s). 
[Only_3D] DONE : Batch 156 of 171
[Only_3D] Time Elapsed Up To Now: 0 Day(s), 9 Hour(s), 4 Minute(s), and 4 Second(s). 
[Only_3D] DONE : Batch 157 of 171
[Only_3D] Time Elapsed Up To Now: 0 Day(s), 9 Hour(s), 4 Minute(s), and 7 Second(s). 
[Only_3D] DONE : Batch 158 of 171
[Only_3D] Time Elapsed Up To Now: 0 Day(s), 9 Hour(s), 4 Minute(s), and 19 Second(s). 
[Only_3D] DONE : Batch  48 of 171
[Only_3D] Time Elapsed Up To Now: 0 Day(s), 9 Hour(s), 14 Minute(s), and 45 Second(s). 
[Only_3D] DONE : Batch 164 of 171
[Only_3D] Time Elapsed Up To Now: 0 Day(s), 9 Hour(s), 22 Minute(s), and 42 Second(s). 
[Only_3D] DONE : Batch 160 of 171
[Only_3D] Time Elapsed Up To Now: 0 Day(s), 9 Hour(s), 27 Minute(s), and 37 Second(s). 
[Only_3D] DONE : Batch 161 of 171
[Only_3D] Time Elapsed Up To Now: 0 Day(s), 9 Hour(s), 32 Minute(s), and 0 Second(s). 
[Only_3D] DONE : Batch 162 of 171
[Only_3D] Time Elapsed Up To Now: 0 Day(s), 9 Hour(s), 32 Minute(s), and 41 Second(s). 
[Only_3D] DONE : Batch 163 of 171
[Only_3D] Time Elapsed Up To Now: 0 Day(s), 9 Hour(s), 39 Minute(s), and 15 Second(s). 
[Only_3D] DONE : Batch 165 of 171
[Only_3D] Time Elapsed Up To Now: 0 Day(s), 9 Hour(s), 40 Minute(s), and 16 Second(s). 
[Only_3D] DONE : Batch 166 of 171
[Only_3D] Time Elapsed Up To Now: 0 Day(s), 9 Hour(s), 41 Minute(s), and 37 Second(s). 
[Only_3D] DONE : Batch 167 of 171
[Only_3D] Time Elapsed Up To Now: 0 Day(s), 9 Hour(s), 41 Minute(s), and 53 Second(s). 
[Only_3D] DONE : Batch 168 of 171
[Only_3D] Time Elapsed Up To Now: 0 Day(s), 9 Hour(s), 41 Minute(s), and 56 Second(s). 
[Only_3D] DONE : Batch 169 of 171
[Only_3D] Time Elapsed Up To Now: 0 Day(s), 9 Hour(s), 42 Minute(s), and 30 Second(s). 
[Only_3D] Running hadd on 171 batch files...
[Only_3D] Time Elapsed Up To Now: 0 Day(s), 9 Hour(s), 42 Minute(s), and 30 Second(s). 
[Only_3D] Merged file created: /w/hallb-scshelf2102/clas12/richcap/SIDIS_Analysis/Histo_Files_ROOT/DataFrames/hadd_ROOT_files_From_using_RDataFrames/SIDIS_epip_Response_Matrices_from_RDataFrames_Only_3D_1st_Order_V3_Response_Matrices_Final_Analysis_Iterations_I0_All.root
[Only_3D] Time Elapsed Up To Now: 0 Day(s), 9 Hour(s), 45 Minute(s), and 56 Second(s). 
[Only_3D] Peak memory used by child jobs: 1.94 GB
[Only_3D] 
[Only_3D] 
[Only_3D] 
[Only_3D] 
[Only_3D] EMAIL MESSAGE TO SEND:
[Only_3D] 
[Only_3D] 
[Only_3D] The 'run_sidis_DataFrame_pipeline.py' script has finished running.
[Only_3D] Started running on 8-22-2026 at 02:48 p.m.
[Only_3D] 
[Only_3D] Running full histogram runner script (1st_Order_V3) after updating the kinematic binning scheme (empty BC Corrections bins were removed and some bin borders were changed). This is a 3D-only test run so those response matrices can be inspected before launching 2D and 5D. Skipped HPP generation and reused HPP_Files_Output/generated_acceptance_weights_1st_Order_{noSpline,withSpline}.hpp via --HPP_Old_Name 1st_Order. Included the most recent versions of the rho0 subtractions. Phase-2 2D skipped (--jobs_2D 0). Phase-2 3D Response Matrices set to 35 concurrent jobs (3D-only; ~1.9 GB/worker). Phase-2 5D skipped (--jobs_5D 0). Ran in tmuxPython. Only 3D Response Matrices
[Only_3D] Starting parallel run with 171 batches → output dir: /scratch/richcap/Response_Matrix_Outputs/Only_3D_1st_Order_V3_Response_Matrices_Final_Analysis_Iterations_I0_08_22_2026
[Only_3D] 
[Only_3D] START: Batch   1 of 171
[Only_3D] Time Elapsed Up To Now: 0 Day(s), 0 Hour(s), 0 Minute(s), and 0 Second(s). 
[Only_3D] START: Batch   2 of 171
[Only_3D] Time Elapsed Up To Now: 0 Day(s), 0 Hour(s), 0 Minute(s), and 0 Second(s). 
[Only_3D] START: Batch   3 of 171
[Only_3D] Time Elapsed Up To Now: 0 Day(s), 0 Hour(s), 0 Minute(s), and 0 Second(s). 
[Only_3D] START: Batch   4 of 171
[Only_3D] Time Elapsed Up To Now: 0 Day(s), 0 Hour(s), 0 Minute(s), and 0 Second(s). 
[Only_3D] START: Batch   5 of 171
[Only_3D] Time Elapsed Up To Now: 0 Day(s), 0 Hour(s), 0 Minute(s), and 0 Second(s). 
[Only_3D] START: Batch   6 of 171
[Only_3D] Time Elapsed Up To Now: 0 Day(s), 0 Hour(s), 0 Minute(s), and 0 Second(s). 
[Only_3D] START: Batch   7 of 171
[Only_3D] Time Elapsed Up To Now: 0 Day(s), 0 Hour(s), 0 Minute(s), and 0 Second(s). 
[Only_3D] START: Batch   8 of 171
[Only_3D] Time Elapsed Up To Now: 0 Day(s), 0 Hour(s), 0 Minute(s), and 0 Second(s). 
[Only_3D] START: Batch   9 of 171
[Only_3D] Time Elapsed Up To Now: 0 Day(s), 0 Hour(s), 0 Minute(s), and 0 Second(s). 
[Only_3D] START: Batch  10 of 171
[Only_3D] Time Elapsed Up To Now: 0 Day(s), 0 Hour(s), 0 Minute(s), and 0 Second(s). 
[Only_3D] START: Batch  11 of 171
[Only_3D] Time Elapsed Up To Now: 0 Day(s), 0 Hour(s), 0 Minute(s), and 0 Second(s). 
[Only_3D] START: Batch  12 of 171
[Only_3D] Time Elapsed Up To Now: 0 Day(s), 0 Hour(s), 0 Minute(s), and 0 Second(s). 
[Only_3D] START: Batch  13 of 171
[Only_3D] Time Elapsed Up To Now: 0 Day(s), 0 Hour(s), 0 Minute(s), and 0 Second(s). 
[Only_3D] START: Batch  14 of 171
[Only_3D] Time Elapsed Up To Now: 0 Day(s), 0 Hour(s), 0 Minute(s), and 0 Second(s). 
[Only_3D] START: Batch  15 of 171
[Only_3D] Time Elapsed Up To Now: 0 Day(s), 0 Hour(s), 0 Minute(s), and 0 Second(s). 
[Only_3D] START: Batch  16 of 171
[Only_3D] Time Elapsed Up To Now: 0 Day(s), 0 Hour(s), 0 Minute(s), and 0 Second(s). 
[Only_3D] START: Batch  17 of 171
[Only_3D] Time Elapsed Up To Now: 0 Day(s), 0 Hour(s), 0 Minute(s), and 0 Second(s). 
[Only_3D] START: Batch  18 of 171
[Only_3D] Time Elapsed Up To Now: 0 Day(s), 0 Hour(s), 0 Minute(s), and 0 Second(s). 
[Only_3D] START: Batch  19 of 171
[Only_3D] Time Elapsed Up To Now: 0 Day(s), 0 Hour(s), 0 Minute(s), and 0 Second(s). 
[Only_3D] START: Batch  20 of 171
[Only_3D] Time Elapsed Up To Now: 0 Day(s), 0 Hour(s), 0 Minute(s), and 0 Second(s). 
[Only_3D] START: Batch  21 of 171
[Only_3D] Time Elapsed Up To Now: 0 Day(s), 0 Hour(s), 0 Minute(s), and 0 Second(s). 
[Only_3D] START: Batch  22 of 171
[Only_3D] Time Elapsed Up To Now: 0 Day(s), 0 Hour(s), 0 Minute(s), and 0 Second(s). 
[Only_3D] START: Batch  23 of 171
[Only_3D] Time Elapsed Up To Now: 0 Day(s), 0 Hour(s), 0 Minute(s), and 0 Second(s). 
[Only_3D] START: Batch  24 of 171
[Only_3D] Time Elapsed Up To Now: 0 Day(s), 0 Hour(s), 0 Minute(s), and 0 Second(s). 
[Only_3D] START: Batch  25 of 171
[Only_3D] Time Elapsed Up To Now: 0 Day(s), 0 Hour(s), 0 Minute(s), and 0 Second(s). 
[Only_3D] START: Batch  26 of 171
[Only_3D] Time Elapsed Up To Now: 0 Day(s), 0 Hour(s), 0 Minute(s), and 0 Second(s). 
[Only_3D] START: Batch  27 of 171
[Only_3D] Time Elapsed Up To Now: 0 Day(s), 0 Hour(s), 0 Minute(s), and 0 Second(s). 
[Only_3D] START: Batch  28 of 171
[Only_3D] Time Elapsed Up To Now: 0 Day(s), 0 Hour(s), 0 Minute(s), and 0 Second(s). 
[Only_3D] START: Batch  29 of 171
[Only_3D] Time Elapsed Up To Now: 0 Day(s), 0 Hour(s), 0 Minute(s), and 0 Second(s). 
[Only_3D] START: Batch  30 of 171
[Only_3D] Time Elapsed Up To Now: 0 Day(s), 0 Hour(s), 0 Minute(s), and 0 Second(s). 
[Only_3D] START: Batch  31 of 171
[Only_3D] Time Elapsed Up To Now: 0 Day(s), 0 Hour(s), 0 Minute(s), and 0 Second(s). 
[Only_3D] START: Batch  32 of 171
[Only_3D] Time Elapsed Up To Now: 0 Day(s), 0 Hour(s), 0 Minute(s), and 0 Second(s). 
[Only_3D] START: Batch  33 of 171
[Only_3D] Time Elapsed Up To Now: 0 Day(s), 0 Hour(s), 0 Minute(s), and 0 Second(s). 
[Only_3D] START: Batch  34 of 171
[Only_3D] Time Elapsed Up To Now: 0 Day(s), 0 Hour(s), 0 Minute(s), and 0 Second(s). 
[Only_3D] START: Batch  35 of 171
[Only_3D] Time Elapsed Up To Now: 0 Day(s), 0 Hour(s), 0 Minute(s), and 0 Second(s). 
[Only_3D] DONE : Batch  14 of 171
[Only_3D] Time Elapsed Up To Now: 0 Day(s), 1 Hour(s), 15 Minute(s), and 35 Second(s). 
[Only_3D] START: Batch  36 of 171
[Only_3D] Time Elapsed Up To Now: 0 Day(s), 1 Hour(s), 15 Minute(s), and 35 Second(s). 
[Only_3D] DONE : Batch  13 of 171
[Only_3D] Time Elapsed Up To Now: 0 Day(s), 1 Hour(s), 23 Minute(s), and 16 Second(s). 
[Only_3D] START: Batch  37 of 171
[Only_3D] Time Elapsed Up To Now: 0 Day(s), 1 Hour(s), 23 Minute(s), and 16 Second(s). 
[Only_3D] DONE : Batch  12 of 171
[Only_3D] Time Elapsed Up To Now: 0 Day(s), 1 Hour(s), 23 Minute(s), and 46 Second(s). 
[Only_3D] START: Batch  38 of 171
[Only_3D] Time Elapsed Up To Now: 0 Day(s), 1 Hour(s), 23 Minute(s), and 46 Second(s). 
[Only_3D] DONE : Batch  16 of 171
[Only_3D] Time Elapsed Up To Now: 0 Day(s), 1 Hour(s), 53 Minute(s), and 31 Second(s). 
[Only_3D] START: Batch  39 of 171
[Only_3D] Time Elapsed Up To Now: 0 Day(s), 1 Hour(s), 53 Minute(s), and 31 Second(s). 
[Only_3D] DONE : Batch  21 of 171
[Only_3D] Time Elapsed Up To Now: 0 Day(s), 1 Hour(s), 53 Minute(s), and 40 Second(s). 
[Only_3D] START: Batch  40 of 171
[Only_3D] Time Elapsed Up To Now: 0 Day(s), 1 Hour(s), 53 Minute(s), and 40 Second(s). 
[Only_3D] DONE : Batch  15 of 171
[Only_3D] Time Elapsed Up To Now: 0 Day(s), 1 Hour(s), 53 Minute(s), and 48 Second(s). 
[Only_3D] START: Batch  41 of 171
[Only_3D] Time Elapsed Up To Now: 0 Day(s), 1 Hour(s), 53 Minute(s), and 48 Second(s). 
[Only_3D] DONE : Batch  17 of 171
[Only_3D] Time Elapsed Up To Now: 0 Day(s), 1 Hour(s), 53 Minute(s), and 57 Second(s). 
[Only_3D] START: Batch  42 of 171
[Only_3D] Time Elapsed Up To Now: 0 Day(s), 1 Hour(s), 53 Minute(s), and 57 Second(s). 
[Only_3D] DONE : Batch  27 of 171
[Only_3D] Time Elapsed Up To Now: 0 Day(s), 1 Hour(s), 54 Minute(s), and 0 Second(s). 
[Only_3D] START: Batch  43 of 171
[Only_3D] Time Elapsed Up To Now: 0 Day(s), 1 Hour(s), 54 Minute(s), and 0 Second(s). 
[Only_3D] DONE : Batch  11 of 171
[Only_3D] Time Elapsed Up To Now: 0 Day(s), 1 Hour(s), 54 Minute(s), and 8 Second(s). 
[Only_3D] START: Batch  44 of 171
[Only_3D] Time Elapsed Up To Now: 0 Day(s), 1 Hour(s), 54 Minute(s), and 8 Second(s). 
[Only_3D] DONE : Batch  32 of 171
[Only_3D] Time Elapsed Up To Now: 0 Day(s), 1 Hour(s), 54 Minute(s), and 15 Second(s). 
[Only_3D] START: Batch  45 of 171
[Only_3D] Time Elapsed Up To Now: 0 Day(s), 1 Hour(s), 54 Minute(s), and 15 Second(s). 
[Only_3D] DONE : Batch  29 of 171
[Only_3D] Time Elapsed Up To Now: 0 Day(s), 1 Hour(s), 54 Minute(s), and 21 Second(s). 
[Only_3D] START: Batch  46 of 171
[Only_3D] Time Elapsed Up To Now: 0 Day(s), 1 Hour(s), 54 Minute(s), and 21 Second(s). 
[Only_3D] DONE : Batch  35 of 171
[Only_3D] Time Elapsed Up To Now: 0 Day(s), 1 Hour(s), 54 Minute(s), and 22 Second(s). 
[Only_3D] START: Batch  47 of 171
[Only_3D] Time Elapsed Up To Now: 0 Day(s), 1 Hour(s), 54 Minute(s), and 22 Second(s). 
[Only_3D] DONE : Batch  28 of 171
[Only_3D] Time Elapsed Up To Now: 0 Day(s), 1 Hour(s), 54 Minute(s), and 23 Second(s). 
[Only_3D] START: Batch  48 of 171
[Only_3D] Time Elapsed Up To Now: 0 Day(s), 1 Hour(s), 54 Minute(s), and 23 Second(s). 
[Only_3D] DONE : Batch  26 of 171
[Only_3D] Time Elapsed Up To Now: 0 Day(s), 1 Hour(s), 54 Minute(s), and 24 Second(s). 
[Only_3D] START: Batch  49 of 171
[Only_3D] Time Elapsed Up To Now: 0 Day(s), 1 Hour(s), 54 Minute(s), and 24 Second(s). 
[Only_3D] DONE : Batch  30 of 171
[Only_3D] Time Elapsed Up To Now: 0 Day(s), 1 Hour(s), 54 Minute(s), and 29 Second(s). 
[Only_3D] START: Batch  50 of 171
[Only_3D] Time Elapsed Up To Now: 0 Day(s), 1 Hour(s), 54 Minute(s), and 29 Second(s). 
[Only_3D] DONE : Batch  25 of 171
[Only_3D] Time Elapsed Up To Now: 0 Day(s), 1 Hour(s), 54 Minute(s), and 33 Second(s). 
[Only_3D] START: Batch  51 of 171
[Only_3D] Time Elapsed Up To Now: 0 Day(s), 1 Hour(s), 54 Minute(s), and 33 Second(s). 
[Only_3D] DONE : Batch  22 of 171
[Only_3D] Time Elapsed Up To Now: 0 Day(s), 1 Hour(s), 54 Minute(s), and 41 Second(s). 
[Only_3D] START: Batch  52 of 171
[Only_3D] Time Elapsed Up To Now: 0 Day(s), 1 Hour(s), 54 Minute(s), and 41 Second(s). 
[Only_3D] DONE : Batch  23 of 171
[Only_3D] Time Elapsed Up To Now: 0 Day(s), 1 Hour(s), 54 Minute(s), and 46 Second(s). 
[Only_3D] START: Batch  53 of 171
[Only_3D] Time Elapsed Up To Now: 0 Day(s), 1 Hour(s), 54 Minute(s), and 46 Second(s). 
[Only_3D] DONE : Batch  24 of 171
[Only_3D] Time Elapsed Up To Now: 0 Day(s), 1 Hour(s), 54 Minute(s), and 55 Second(s). 
[Only_3D] START: Batch  54 of 171
[Only_3D] Time Elapsed Up To Now: 0 Day(s), 1 Hour(s), 54 Minute(s), and 55 Second(s). 
[Only_3D] DONE : Batch   3 of 171
[Only_3D] Time Elapsed Up To Now: 0 Day(s), 1 Hour(s), 54 Minute(s), and 58 Second(s). 
[Only_3D] START: Batch  55 of 171
[Only_3D] Time Elapsed Up To Now: 0 Day(s), 1 Hour(s), 54 Minute(s), and 58 Second(s). 
[Only_3D] DONE : Batch  31 of 171
[Only_3D] Time Elapsed Up To Now: 0 Day(s), 1 Hour(s), 55 Minute(s), and 6 Second(s). 
[Only_3D] START: Batch  56 of 171
[Only_3D] Time Elapsed Up To Now: 0 Day(s), 1 Hour(s), 55 Minute(s), and 6 Second(s). 
[Only_3D] DONE : Batch  19 of 171
[Only_3D] Time Elapsed Up To Now: 0 Day(s), 1 Hour(s), 55 Minute(s), and 7 Second(s). 
[Only_3D] START: Batch  57 of 171
[Only_3D] Time Elapsed Up To Now: 0 Day(s), 1 Hour(s), 55 Minute(s), and 7 Second(s). 
[Only_3D] DONE : Batch  33 of 171
[Only_3D] Time Elapsed Up To Now: 0 Day(s), 1 Hour(s), 55 Minute(s), and 34 Second(s). 
[Only_3D] START: Batch  58 of 171
[Only_3D] Time Elapsed Up To Now: 0 Day(s), 1 Hour(s), 55 Minute(s), and 34 Second(s). 
[Only_3D] DONE : Batch  10 of 171
[Only_3D] Time Elapsed Up To Now: 0 Day(s), 1 Hour(s), 55 Minute(s), and 51 Second(s). 
[Only_3D] START: Batch  59 of 171
[Only_3D] Time Elapsed Up To Now: 0 Day(s), 1 Hour(s), 55 Minute(s), and 51 Second(s). 
[Only_3D] DONE : Batch  20 of 171
[Only_3D] Time Elapsed Up To Now: 0 Day(s), 1 Hour(s), 55 Minute(s), and 52 Second(s). 
[Only_3D] START: Batch  60 of 171
[Only_3D] Time Elapsed Up To Now: 0 Day(s), 1 Hour(s), 55 Minute(s), and 52 Second(s). 
[Only_3D] DONE : Batch  18 of 171
[Only_3D] Time Elapsed Up To Now: 0 Day(s), 1 Hour(s), 59 Minute(s), and 24 Second(s). 
[Only_3D] START: Batch  61 of 171
[Only_3D] Time Elapsed Up To Now: 0 Day(s), 1 Hour(s), 59 Minute(s), and 24 Second(s). 
[Only_3D] DONE : Batch   7 of 171
[Only_3D] Time Elapsed Up To Now: 0 Day(s), 2 Hour(s), 13 Minute(s), and 38 Second(s). 
[Only_3D] START: Batch  62 of 171
[Only_3D] Time Elapsed Up To Now: 0 Day(s), 2 Hour(s), 13 Minute(s), and 38 Second(s). 
[Only_3D] DONE : Batch   4 of 171
[Only_3D] Time Elapsed Up To Now: 0 Day(s), 2 Hour(s), 14 Minute(s), and 27 Second(s). 
[Only_3D] START: Batch  63 of 171
[Only_3D] Time Elapsed Up To Now: 0 Day(s), 2 Hour(s), 14 Minute(s), and 27 Second(s). 
[Only_3D] DONE : Batch   8 of 171
[Only_3D] Time Elapsed Up To Now: 0 Day(s), 2 Hour(s), 14 Minute(s), and 42 Second(s). 
[Only_3D] START: Batch  64 of 171
[Only_3D] Time Elapsed Up To Now: 0 Day(s), 2 Hour(s), 14 Minute(s), and 42 Second(s). 
[Only_3D] DONE : Batch   6 of 171
[Only_3D] Time Elapsed Up To Now: 0 Day(s), 2 Hour(s), 14 Minute(s), and 43 Second(s). 
[Only_3D] START: Batch  65 of 171
[Only_3D] Time Elapsed Up To Now: 0 Day(s), 2 Hour(s), 14 Minute(s), and 43 Second(s). 
[Only_3D] DONE : Batch   9 of 171
[Only_3D] Time Elapsed Up To Now: 0 Day(s), 2 Hour(s), 14 Minute(s), and 51 Second(s). 
[Only_3D] START: Batch  66 of 171
[Only_3D] Time Elapsed Up To Now: 0 Day(s), 2 Hour(s), 14 Minute(s), and 51 Second(s). 
[Only_3D] DONE : Batch   2 of 171
[Only_3D] Time Elapsed Up To Now: 0 Day(s), 2 Hour(s), 14 Minute(s), and 56 Second(s). 
[Only_3D] START: Batch  67 of 171
[Only_3D] Time Elapsed Up To Now: 0 Day(s), 2 Hour(s), 14 Minute(s), and 56 Second(s). 
[Only_3D] DONE : Batch   1 of 171
[Only_3D] Time Elapsed Up To Now: 0 Day(s), 2 Hour(s), 15 Minute(s), and 4 Second(s). 
[Only_3D] START: Batch  68 of 171
[Only_3D] Time Elapsed Up To Now: 0 Day(s), 2 Hour(s), 15 Minute(s), and 4 Second(s). 
[Only_3D] DONE : Batch   5 of 171
[Only_3D] Time Elapsed Up To Now: 0 Day(s), 2 Hour(s), 15 Minute(s), and 42 Second(s). 
[Only_3D] START: Batch  69 of 171
[Only_3D] Time Elapsed Up To Now: 0 Day(s), 2 Hour(s), 15 Minute(s), and 42 Second(s). 
[Only_3D] DONE : Batch  36 of 171
[Only_3D] Time Elapsed Up To Now: 0 Day(s), 3 Hour(s), 1 Minute(s), and 6 Second(s). 
[Only_3D] START: Batch  70 of 171
[Only_3D] Time Elapsed Up To Now: 0 Day(s), 3 Hour(s), 1 Minute(s), and 6 Second(s). 
[Only_3D] DONE : Batch  37 of 171
[Only_3D] Time Elapsed Up To Now: 0 Day(s), 3 Hour(s), 9 Minute(s), and 33 Second(s). 
[Only_3D] START: Batch  71 of 171
[Only_3D] Time Elapsed Up To Now: 0 Day(s), 3 Hour(s), 9 Minute(s), and 33 Second(s). 
[Only_3D] DONE : Batch  38 of 171
[Only_3D] Time Elapsed Up To Now: 0 Day(s), 3 Hour(s), 11 Minute(s), and 23 Second(s). 
[Only_3D] START: Batch  72 of 171
[Only_3D] Time Elapsed Up To Now: 0 Day(s), 3 Hour(s), 11 Minute(s), and 23 Second(s). 
[Only_3D] DONE : Batch  54 of 171
[Only_3D] Time Elapsed Up To Now: 0 Day(s), 3 Hour(s), 26 Minute(s), and 27 Second(s). 
[Only_3D] START: Batch  73 of 171
[Only_3D] Time Elapsed Up To Now: 0 Day(s), 3 Hour(s), 26 Minute(s), and 27 Second(s). 
[Only_3D] DONE : Batch  51 of 171
[Only_3D] Time Elapsed Up To Now: 0 Day(s), 3 Hour(s), 26 Minute(s), and 45 Second(s). 
[Only_3D] START: Batch  74 of 171
[Only_3D] Time Elapsed Up To Now: 0 Day(s), 3 Hour(s), 26 Minute(s), and 45 Second(s). 
[Only_3D] DONE : Batch  55 of 171
[Only_3D] Time Elapsed Up To Now: 0 Day(s), 3 Hour(s), 26 Minute(s), and 57 Second(s). 
[Only_3D] START: Batch  75 of 171
[Only_3D] Time Elapsed Up To Now: 0 Day(s), 3 Hour(s), 26 Minute(s), and 57 Second(s). 
[Only_3D] DONE : Batch  52 of 171
[Only_3D] Time Elapsed Up To Now: 0 Day(s), 3 Hour(s), 27 Minute(s), and 6 Second(s). 
[Only_3D] START: Batch  76 of 171
[Only_3D] Time Elapsed Up To Now: 0 Day(s), 3 Hour(s), 27 Minute(s), and 6 Second(s). 
[Only_3D] DONE : Batch  60 of 171
[Only_3D] Time Elapsed Up To Now: 0 Day(s), 3 Hour(s), 27 Minute(s), and 57 Second(s). 
[Only_3D] START: Batch  77 of 171
[Only_3D] Time Elapsed Up To Now: 0 Day(s), 3 Hour(s), 27 Minute(s), and 57 Second(s). 
[Only_3D] DONE : Batch  59 of 171
[Only_3D] Time Elapsed Up To Now: 0 Day(s), 3 Hour(s), 28 Minute(s), and 2 Second(s). 
[Only_3D] START: Batch  78 of 171
[Only_3D] Time Elapsed Up To Now: 0 Day(s), 3 Hour(s), 28 Minute(s), and 2 Second(s). 
[Only_3D] DONE : Batch  50 of 171
[Only_3D] Time Elapsed Up To Now: 0 Day(s), 3 Hour(s), 28 Minute(s), and 21 Second(s). 
[Only_3D] START: Batch  79 of 171
[Only_3D] Time Elapsed Up To Now: 0 Day(s), 3 Hour(s), 28 Minute(s), and 21 Second(s). 
[Only_3D] DONE : Batch  53 of 171
[Only_3D] Time Elapsed Up To Now: 0 Day(s), 3 Hour(s), 28 Minute(s), and 53 Second(s). 
[Only_3D] START: Batch  80 of 171
[Only_3D] Time Elapsed Up To Now: 0 Day(s), 3 Hour(s), 28 Minute(s), and 53 Second(s). 
[Only_3D] DONE : Batch  61 of 171
[Only_3D] Time Elapsed Up To Now: 0 Day(s), 3 Hour(s), 30 Minute(s), and 8 Second(s). 
[Only_3D] START: Batch  81 of 171
[Only_3D] Time Elapsed Up To Now: 0 Day(s), 3 Hour(s), 30 Minute(s), and 8 Second(s). 
[Only_3D] DONE : Batch  57 of 171
[Only_3D] Time Elapsed Up To Now: 0 Day(s), 3 Hour(s), 30 Minute(s), and 16 Second(s). 
[Only_3D] START: Batch  82 of 171
[Only_3D] Time Elapsed Up To Now: 0 Day(s), 3 Hour(s), 30 Minute(s), and 16 Second(s). 
[Only_3D] DONE : Batch  56 of 171
[Only_3D] Time Elapsed Up To Now: 0 Day(s), 3 Hour(s), 30 Minute(s), and 43 Second(s). 
[Only_3D] START: Batch  83 of 171
[Only_3D] Time Elapsed Up To Now: 0 Day(s), 3 Hour(s), 30 Minute(s), and 43 Second(s). 
[Only_3D] DONE : Batch  58 of 171
[Only_3D] Time Elapsed Up To Now: 0 Day(s), 3 Hour(s), 31 Minute(s), and 4 Second(s). 
[Only_3D] START: Batch  84 of 171
[Only_3D] Time Elapsed Up To Now: 0 Day(s), 3 Hour(s), 31 Minute(s), and 4 Second(s). 
[Only_3D] DONE : Batch  40 of 171
[Only_3D] Time Elapsed Up To Now: 0 Day(s), 3 Hour(s), 41 Minute(s), and 52 Second(s). 
[Only_3D] START: Batch  85 of 171
[Only_3D] Time Elapsed Up To Now: 0 Day(s), 3 Hour(s), 41 Minute(s), and 52 Second(s). 
[Only_3D] DONE : Batch  47 of 171
[Only_3D] Time Elapsed Up To Now: 0 Day(s), 3 Hour(s), 41 Minute(s), and 58 Second(s). 
[Only_3D] START: Batch  86 of 171
[Only_3D] Time Elapsed Up To Now: 0 Day(s), 3 Hour(s), 41 Minute(s), and 58 Second(s). 
[Only_3D] DONE : Batch  42 of 171
[Only_3D] Time Elapsed Up To Now: 0 Day(s), 3 Hour(s), 42 Minute(s), and 8 Second(s). 
[Only_3D] START: Batch  87 of 171
[Only_3D] Time Elapsed Up To Now: 0 Day(s), 3 Hour(s), 42 Minute(s), and 8 Second(s). 
[Only_3D] DONE : Batch  43 of 171
[Only_3D] Time Elapsed Up To Now: 0 Day(s), 3 Hour(s), 47 Minute(s), and 49 Second(s). 
[Only_3D] START: Batch  88 of 171
[Only_3D] Time Elapsed Up To Now: 0 Day(s), 3 Hour(s), 47 Minute(s), and 49 Second(s). 
[Only_3D] DONE : Batch  62 of 171
[Only_3D] Time Elapsed Up To Now: 0 Day(s), 3 Hour(s), 49 Minute(s), and 59 Second(s). 
[Only_3D] START: Batch  89 of 171
[Only_3D] Time Elapsed Up To Now: 0 Day(s), 3 Hour(s), 49 Minute(s), and 59 Second(s). 
[Only_3D] DONE : Batch  65 of 171
[Only_3D] Time Elapsed Up To Now: 0 Day(s), 3 Hour(s), 50 Minute(s), and 15 Second(s). 
[Only_3D] START: Batch  90 of 171
[Only_3D] Time Elapsed Up To Now: 0 Day(s), 3 Hour(s), 50 Minute(s), and 15 Second(s). 
[Only_3D] DONE : Batch  68 of 171
[Only_3D] Time Elapsed Up To Now: 0 Day(s), 3 Hour(s), 50 Minute(s), and 19 Second(s). 
[Only_3D] START: Batch  91 of 171
[Only_3D] Time Elapsed Up To Now: 0 Day(s), 3 Hour(s), 50 Minute(s), and 19 Second(s). 
[Only_3D] DONE : Batch  64 of 171
[Only_3D] Time Elapsed Up To Now: 0 Day(s), 3 Hour(s), 50 Minute(s), and 21 Second(s). 
[Only_3D] START: Batch  92 of 171
[Only_3D] Time Elapsed Up To Now: 0 Day(s), 3 Hour(s), 50 Minute(s), and 21 Second(s). 
[Only_3D] DONE : Batch  67 of 171
[Only_3D] Time Elapsed Up To Now: 0 Day(s), 3 Hour(s), 50 Minute(s), and 23 Second(s). 
[Only_3D] START: Batch  93 of 171
[Only_3D] Time Elapsed Up To Now: 0 Day(s), 3 Hour(s), 50 Minute(s), and 23 Second(s). 
[Only_3D] DONE : Batch  63 of 171
[Only_3D] Time Elapsed Up To Now: 0 Day(s), 3 Hour(s), 50 Minute(s), and 36 Second(s). 
[Only_3D] START: Batch  94 of 171
[Only_3D] Time Elapsed Up To Now: 0 Day(s), 3 Hour(s), 50 Minute(s), and 36 Second(s). 
[Only_3D] DONE : Batch  69 of 171
[Only_3D] Time Elapsed Up To Now: 0 Day(s), 3 Hour(s), 50 Minute(s), and 43 Second(s). 
[Only_3D] START: Batch  95 of 171
[Only_3D] Time Elapsed Up To Now: 0 Day(s), 3 Hour(s), 50 Minute(s), and 43 Second(s). 
[Only_3D] DONE : Batch  66 of 171
[Only_3D] Time Elapsed Up To Now: 0 Day(s), 3 Hour(s), 50 Minute(s), and 46 Second(s). 
[Only_3D] START: Batch  96 of 171
[Only_3D] Time Elapsed Up To Now: 0 Day(s), 3 Hour(s), 50 Minute(s), and 46 Second(s). 
[Only_3D] DONE : Batch  70 of 171
[Only_3D] Time Elapsed Up To Now: 0 Day(s), 4 Hour(s), 28 Minute(s), and 48 Second(s). 
[Only_3D] START: Batch  97 of 171
[Only_3D] Time Elapsed Up To Now: 0 Day(s), 4 Hour(s), 28 Minute(s), and 48 Second(s). 
[Only_3D] DONE : Batch  71 of 171
[Only_3D] Time Elapsed Up To Now: 0 Day(s), 4 Hour(s), 36 Minute(s), and 32 Second(s). 
[Only_3D] START: Batch  98 of 171
[Only_3D] Time Elapsed Up To Now: 0 Day(s), 4 Hour(s), 36 Minute(s), and 32 Second(s). 
[Only_3D] DONE : Batch  72 of 171
[Only_3D] Time Elapsed Up To Now: 0 Day(s), 4 Hour(s), 39 Minute(s), and 1 Second(s). 
[Only_3D] START: Batch  99 of 171
[Only_3D] Time Elapsed Up To Now: 0 Day(s), 4 Hour(s), 39 Minute(s), and 1 Second(s). 
[Only_3D] DONE : Batch  34 of 171
[Only_3D] Time Elapsed Up To Now: 0 Day(s), 4 Hour(s), 48 Minute(s), and 29 Second(s). 
[Only_3D] START: Batch 100 of 171
[Only_3D] Time Elapsed Up To Now: 0 Day(s), 4 Hour(s), 48 Minute(s), and 29 Second(s). 
[Only_3D] DONE : Batch  73 of 171
[Only_3D] Time Elapsed Up To Now: 0 Day(s), 4 Hour(s), 56 Minute(s), and 21 Second(s). 
[Only_3D] START: Batch 101 of 171
[Only_3D] Time Elapsed Up To Now: 0 Day(s), 4 Hour(s), 56 Minute(s), and 21 Second(s). 
[Only_3D] DONE : Batch  75 of 171
[Only_3D] Time Elapsed Up To Now: 0 Day(s), 4 Hour(s), 56 Minute(s), and 23 Second(s). 
[Only_3D] START: Batch 102 of 171
[Only_3D] Time Elapsed Up To Now: 0 Day(s), 4 Hour(s), 56 Minute(s), and 23 Second(s). 
[Only_3D] DONE : Batch  74 of 171
[Only_3D] Time Elapsed Up To Now: 0 Day(s), 4 Hour(s), 56 Minute(s), and 48 Second(s). 
[Only_3D] START: Batch 103 of 171
[Only_3D] Time Elapsed Up To Now: 0 Day(s), 4 Hour(s), 56 Minute(s), and 48 Second(s). 
[Only_3D] DONE : Batch  76 of 171
[Only_3D] Time Elapsed Up To Now: 0 Day(s), 4 Hour(s), 56 Minute(s), and 51 Second(s). 
[Only_3D] START: Batch 104 of 171
[Only_3D] Time Elapsed Up To Now: 0 Day(s), 4 Hour(s), 56 Minute(s), and 51 Second(s). 
[Only_3D] DONE : Batch  77 of 171
[Only_3D] Time Elapsed Up To Now: 0 Day(s), 4 Hour(s), 57 Minute(s), and 23 Second(s). 
[Only_3D] START: Batch 105 of 171
[Only_3D] Time Elapsed Up To Now: 0 Day(s), 4 Hour(s), 57 Minute(s), and 23 Second(s). 
[Only_3D] DONE : Batch  78 of 171
[Only_3D] Time Elapsed Up To Now: 0 Day(s), 5 Hour(s), 7 Minute(s), and 44 Second(s). 
[Only_3D] START: Batch 106 of 171
[Only_3D] Time Elapsed Up To Now: 0 Day(s), 5 Hour(s), 7 Minute(s), and 44 Second(s). 
[Only_3D] DONE : Batch  79 of 171
[Only_3D] Time Elapsed Up To Now: 0 Day(s), 5 Hour(s), 8 Minute(s), and 42 Second(s). 
[Only_3D] START: Batch 107 of 171
[Only_3D] Time Elapsed Up To Now: 0 Day(s), 5 Hour(s), 8 Minute(s), and 42 Second(s). 
[Only_3D] DONE : Batch  80 of 171
[Only_3D] Time Elapsed Up To Now: 0 Day(s), 5 Hour(s), 9 Minute(s), and 33 Second(s). 
[Only_3D] START: Batch 108 of 171
[Only_3D] Time Elapsed Up To Now: 0 Day(s), 5 Hour(s), 9 Minute(s), and 33 Second(s). 
[Only_3D] DONE : Batch  81 of 171
[Only_3D] Time Elapsed Up To Now: 0 Day(s), 5 Hour(s), 10 Minute(s), and 26 Second(s). 
[Only_3D] START: Batch 109 of 171
[Only_3D] Time Elapsed Up To Now: 0 Day(s), 5 Hour(s), 10 Minute(s), and 26 Second(s). 
[Only_3D] DONE : Batch  82 of 171
[Only_3D] Time Elapsed Up To Now: 0 Day(s), 5 Hour(s), 10 Minute(s), and 28 Second(s). 
[Only_3D] START: Batch 110 of 171
[Only_3D] Time Elapsed Up To Now: 0 Day(s), 5 Hour(s), 10 Minute(s), and 28 Second(s). 
[Only_3D] DONE : Batch  83 of 171
[Only_3D] Time Elapsed Up To Now: 0 Day(s), 5 Hour(s), 11 Minute(s), and 37 Second(s). 
[Only_3D] START: Batch 111 of 171
[Only_3D] Time Elapsed Up To Now: 0 Day(s), 5 Hour(s), 11 Minute(s), and 37 Second(s). 
[Only_3D] DONE : Batch  84 of 171
[Only_3D] Time Elapsed Up To Now: 0 Day(s), 5 Hour(s), 12 Minute(s), and 20 Second(s). 
[Only_3D] START: Batch 112 of 171
[Only_3D] Time Elapsed Up To Now: 0 Day(s), 5 Hour(s), 12 Minute(s), and 20 Second(s). 
[Only_3D] DONE : Batch  87 of 171
[Only_3D] Time Elapsed Up To Now: 0 Day(s), 5 Hour(s), 27 Minute(s), and 7 Second(s). 
[Only_3D] START: Batch 113 of 171
[Only_3D] Time Elapsed Up To Now: 0 Day(s), 5 Hour(s), 27 Minute(s), and 7 Second(s). 
[Only_3D] DONE : Batch  86 of 171
[Only_3D] Time Elapsed Up To Now: 0 Day(s), 5 Hour(s), 32 Minute(s), and 17 Second(s). 
[Only_3D] START: Batch 114 of 171
[Only_3D] Time Elapsed Up To Now: 0 Day(s), 5 Hour(s), 32 Minute(s), and 17 Second(s). 
[Only_3D] DONE : Batch  85 of 171
[Only_3D] Time Elapsed Up To Now: 0 Day(s), 5 Hour(s), 33 Minute(s), and 58 Second(s). 
[Only_3D] START: Batch 115 of 171
[Only_3D] Time Elapsed Up To Now: 0 Day(s), 5 Hour(s), 33 Minute(s), and 58 Second(s). 
[Only_3D] DONE : Batch  88 of 171
[Only_3D] Time Elapsed Up To Now: 0 Day(s), 5 Hour(s), 50 Minute(s), and 48 Second(s). 
[Only_3D] START: Batch 116 of 171
[Only_3D] Time Elapsed Up To Now: 0 Day(s), 5 Hour(s), 50 Minute(s), and 48 Second(s). 
[Only_3D] DONE : Batch  89 of 171
[Only_3D] Time Elapsed Up To Now: 0 Day(s), 5 Hour(s), 51 Minute(s), and 18 Second(s). 
[Only_3D] START: Batch 117 of 171
[Only_3D] Time Elapsed Up To Now: 0 Day(s), 5 Hour(s), 51 Minute(s), and 18 Second(s). 
[Only_3D] DONE : Batch  95 of 171
[Only_3D] Time Elapsed Up To Now: 0 Day(s), 5 Hour(s), 52 Minute(s), and 2 Second(s). 
[Only_3D] START: Batch 118 of 171
[Only_3D] Time Elapsed Up To Now: 0 Day(s), 5 Hour(s), 52 Minute(s), and 2 Second(s). 
[Only_3D] DONE : Batch  92 of 171
[Only_3D] Time Elapsed Up To Now: 0 Day(s), 5 Hour(s), 52 Minute(s), and 25 Second(s). 
[Only_3D] START: Batch 119 of 171
[Only_3D] Time Elapsed Up To Now: 0 Day(s), 5 Hour(s), 52 Minute(s), and 25 Second(s). 
[Only_3D] DONE : Batch  93 of 171
[Only_3D] Time Elapsed Up To Now: 0 Day(s), 5 Hour(s), 52 Minute(s), and 49 Second(s). 
[Only_3D] START: Batch 120 of 171
[Only_3D] Time Elapsed Up To Now: 0 Day(s), 5 Hour(s), 52 Minute(s), and 49 Second(s). 
[Only_3D] DONE : Batch  90 of 171
[Only_3D] Time Elapsed Up To Now: 0 Day(s), 5 Hour(s), 53 Minute(s), and 15 Second(s). 
[Only_3D] START: Batch 121 of 171
[Only_3D] Time Elapsed Up To Now: 0 Day(s), 5 Hour(s), 53 Minute(s), and 15 Second(s). 
[Only_3D] DONE : Batch  96 of 171
[Only_3D] Time Elapsed Up To Now: 0 Day(s), 5 Hour(s), 53 Minute(s), and 39 Second(s). 
[Only_3D] START: Batch 122 of 171
[Only_3D] Time Elapsed Up To Now: 0 Day(s), 5 Hour(s), 53 Minute(s), and 39 Second(s). 
[Only_3D] DONE : Batch  91 of 171
[Only_3D] Time Elapsed Up To Now: 0 Day(s), 5 Hour(s), 53 Minute(s), and 42 Second(s). 
[Only_3D] START: Batch 123 of 171
[Only_3D] Time Elapsed Up To Now: 0 Day(s), 5 Hour(s), 53 Minute(s), and 42 Second(s). 
[Only_3D] DONE : Batch  94 of 171
[Only_3D] Time Elapsed Up To Now: 0 Day(s), 5 Hour(s), 53 Minute(s), and 51 Second(s). 
[Only_3D] START: Batch 124 of 171
[Only_3D] Time Elapsed Up To Now: 0 Day(s), 5 Hour(s), 53 Minute(s), and 51 Second(s). 
[Only_3D] DONE : Batch  49 of 171
[Only_3D] Time Elapsed Up To Now: 0 Day(s), 6 Hour(s), 25 Minute(s), and 33 Second(s). 
[Only_3D] START: Batch 125 of 171
[Only_3D] Time Elapsed Up To Now: 0 Day(s), 6 Hour(s), 25 Minute(s), and 33 Second(s). 
[Only_3D] DONE : Batch  98 of 171
[Only_3D] Time Elapsed Up To Now: 0 Day(s), 6 Hour(s), 31 Minute(s), and 57 Second(s). 
[Only_3D] START: Batch 126 of 171
[Only_3D] Time Elapsed Up To Now: 0 Day(s), 6 Hour(s), 31 Minute(s), and 57 Second(s). 
[Only_3D] DONE : Batch  97 of 171
[Only_3D] Time Elapsed Up To Now: 0 Day(s), 6 Hour(s), 34 Minute(s), and 38 Second(s). 
[Only_3D] START: Batch 127 of 171
[Only_3D] Time Elapsed Up To Now: 0 Day(s), 6 Hour(s), 34 Minute(s), and 38 Second(s). 
[Only_3D] DONE : Batch  99 of 171
[Only_3D] Time Elapsed Up To Now: 0 Day(s), 6 Hour(s), 34 Minute(s), and 44 Second(s). 
[Only_3D] START: Batch 128 of 171
[Only_3D] Time Elapsed Up To Now: 0 Day(s), 6 Hour(s), 34 Minute(s), and 44 Second(s). 
[Only_3D] DONE : Batch  39 of 171
[Only_3D] Time Elapsed Up To Now: 0 Day(s), 6 Hour(s), 41 Minute(s), and 20 Second(s). 
[Only_3D] START: Batch 129 of 171
[Only_3D] Time Elapsed Up To Now: 0 Day(s), 6 Hour(s), 41 Minute(s), and 20 Second(s). 
[Only_3D] DONE : Batch 100 of 171
[Only_3D] Time Elapsed Up To Now: 0 Day(s), 6 Hour(s), 41 Minute(s), and 26 Second(s). 
[Only_3D] START: Batch 130 of 171
[Only_3D] Time Elapsed Up To Now: 0 Day(s), 6 Hour(s), 41 Minute(s), and 26 Second(s). 
[Only_3D] DONE : Batch  41 of 171
[Only_3D] Time Elapsed Up To Now: 0 Day(s), 6 Hour(s), 41 Minute(s), and 40 Second(s). 
[Only_3D] START: Batch 131 of 171
[Only_3D] Time Elapsed Up To Now: 0 Day(s), 6 Hour(s), 41 Minute(s), and 40 Second(s). 
[Only_3D] DONE : Batch  45 of 171
[Only_3D] Time Elapsed Up To Now: 0 Day(s), 6 Hour(s), 43 Minute(s), and 28 Second(s). 
[Only_3D] START: Batch 132 of 171
[Only_3D] Time Elapsed Up To Now: 0 Day(s), 6 Hour(s), 43 Minute(s), and 28 Second(s). 
[Only_3D] DONE : Batch  44 of 171
[Only_3D] Time Elapsed Up To Now: 0 Day(s), 6 Hour(s), 43 Minute(s), and 50 Second(s). 
[Only_3D] START: Batch 133 of 171
[Only_3D] Time Elapsed Up To Now: 0 Day(s), 6 Hour(s), 43 Minute(s), and 50 Second(s). 
[Only_3D] DONE : Batch  46 of 171
[Only_3D] Time Elapsed Up To Now: 0 Day(s), 6 Hour(s), 44 Minute(s), and 33 Second(s). 
[Only_3D] START: Batch 134 of 171
[Only_3D] Time Elapsed Up To Now: 0 Day(s), 6 Hour(s), 44 Minute(s), and 33 Second(s). 
[Only_3D] DONE : Batch 101 of 171
[Only_3D] Time Elapsed Up To Now: 0 Day(s), 6 Hour(s), 46 Minute(s), and 19 Second(s). 
[Only_3D] START: Batch 135 of 171
[Only_3D] Time Elapsed Up To Now: 0 Day(s), 6 Hour(s), 46 Minute(s), and 19 Second(s). 
[Only_3D] DONE : Batch 102 of 171
[Only_3D] Time Elapsed Up To Now: 0 Day(s), 6 Hour(s), 46 Minute(s), and 19 Second(s). 
[Only_3D] START: Batch 136 of 171
[Only_3D] Time Elapsed Up To Now: 0 Day(s), 6 Hour(s), 46 Minute(s), and 19 Second(s). 
[Only_3D] DONE : Batch 103 of 171
[Only_3D] Time Elapsed Up To Now: 0 Day(s), 6 Hour(s), 46 Minute(s), and 38 Second(s). 
[Only_3D] START: Batch 137 of 171
[Only_3D] Time Elapsed Up To Now: 0 Day(s), 6 Hour(s), 46 Minute(s), and 38 Second(s). 
[Only_3D] DONE : Batch 104 of 171
[Only_3D] Time Elapsed Up To Now: 0 Day(s), 6 Hour(s), 47 Minute(s), and 23 Second(s). 
[Only_3D] START: Batch 138 of 171
[Only_3D] Time Elapsed Up To Now: 0 Day(s), 6 Hour(s), 47 Minute(s), and 23 Second(s). 
[Only_3D] DONE : Batch 105 of 171
[Only_3D] Time Elapsed Up To Now: 0 Day(s), 6 Hour(s), 48 Minute(s), and 8 Second(s). 
[Only_3D] START: Batch 139 of 171
[Only_3D] Time Elapsed Up To Now: 0 Day(s), 6 Hour(s), 48 Minute(s), and 8 Second(s). 
[Only_3D] DONE : Batch 106 of 171
[Only_3D] Time Elapsed Up To Now: 0 Day(s), 6 Hour(s), 54 Minute(s), and 22 Second(s). 
[Only_3D] START: Batch 140 of 171
[Only_3D] Time Elapsed Up To Now: 0 Day(s), 6 Hour(s), 54 Minute(s), and 22 Second(s). 
[Only_3D] DONE : Batch 110 of 171
[Only_3D] Time Elapsed Up To Now: 0 Day(s), 6 Hour(s), 54 Minute(s), and 50 Second(s). 
[Only_3D] START: Batch 141 of 171
[Only_3D] Time Elapsed Up To Now: 0 Day(s), 6 Hour(s), 54 Minute(s), and 50 Second(s). 
[Only_3D] DONE : Batch 111 of 171
[Only_3D] Time Elapsed Up To Now: 0 Day(s), 6 Hour(s), 55 Minute(s), and 45 Second(s). 
[Only_3D] START: Batch 142 of 171
[Only_3D] Time Elapsed Up To Now: 0 Day(s), 6 Hour(s), 55 Minute(s), and 45 Second(s). 
[Only_3D] DONE : Batch 108 of 171
[Only_3D] Time Elapsed Up To Now: 0 Day(s), 6 Hour(s), 55 Minute(s), and 48 Second(s). 
[Only_3D] START: Batch 143 of 171
[Only_3D] Time Elapsed Up To Now: 0 Day(s), 6 Hour(s), 55 Minute(s), and 48 Second(s). 
[Only_3D] DONE : Batch 109 of 171
[Only_3D] Time Elapsed Up To Now: 0 Day(s), 6 Hour(s), 56 Minute(s), and 48 Second(s). 
[Only_3D] START: Batch 144 of 171
[Only_3D] Time Elapsed Up To Now: 0 Day(s), 6 Hour(s), 56 Minute(s), and 48 Second(s). 
[Only_3D] DONE : Batch 107 of 171
[Only_3D] Time Elapsed Up To Now: 0 Day(s), 6 Hour(s), 57 Minute(s), and 15 Second(s). 
[Only_3D] START: Batch 145 of 171
[Only_3D] Time Elapsed Up To Now: 0 Day(s), 6 Hour(s), 57 Minute(s), and 15 Second(s). 
[Only_3D] DONE : Batch 112 of 171
[Only_3D] Time Elapsed Up To Now: 0 Day(s), 6 Hour(s), 57 Minute(s), and 35 Second(s). 
[Only_3D] START: Batch 146 of 171
[Only_3D] Time Elapsed Up To Now: 0 Day(s), 6 Hour(s), 57 Minute(s), and 35 Second(s). 
[Only_3D] DONE : Batch 113 of 171
[Only_3D] Time Elapsed Up To Now: 0 Day(s), 7 Hour(s), 4 Minute(s), and 47 Second(s). 
[Only_3D] START: Batch 147 of 171
[Only_3D] Time Elapsed Up To Now: 0 Day(s), 7 Hour(s), 4 Minute(s), and 47 Second(s). 
[Only_3D] DONE : Batch 114 of 171
[Only_3D] Time Elapsed Up To Now: 0 Day(s), 7 Hour(s), 9 Minute(s), and 16 Second(s). 
[Only_3D] START: Batch 148 of 171
[Only_3D] Time Elapsed Up To Now: 0 Day(s), 7 Hour(s), 9 Minute(s), and 16 Second(s). 
[Only_3D] DONE : Batch 115 of 171
[Only_3D] Time Elapsed Up To Now: 0 Day(s), 7 Hour(s), 11 Minute(s), and 24 Second(s). 
[Only_3D] START: Batch 149 of 171
[Only_3D] Time Elapsed Up To Now: 0 Day(s), 7 Hour(s), 11 Minute(s), and 24 Second(s). 
[Only_3D] DONE : Batch 116 of 171
[Only_3D] Time Elapsed Up To Now: 0 Day(s), 7 Hour(s), 29 Minute(s), and 16 Second(s). 
[Only_3D] START: Batch 150 of 171
[Only_3D] Time Elapsed Up To Now: 0 Day(s), 7 Hour(s), 29 Minute(s), and 16 Second(s). 
[Only_3D] DONE : Batch 117 of 171
[Only_3D] Time Elapsed Up To Now: 0 Day(s), 7 Hour(s), 30 Minute(s), and 7 Second(s). 
[Only_3D] START: Batch 151 of 171
[Only_3D] Time Elapsed Up To Now: 0 Day(s), 7 Hour(s), 30 Minute(s), and 7 Second(s). 
[Only_3D] DONE : Batch 119 of 171
[Only_3D] Time Elapsed Up To Now: 0 Day(s), 7 Hour(s), 32 Minute(s), and 19 Second(s). 
[Only_3D] START: Batch 152 of 171
[Only_3D] Time Elapsed Up To Now: 0 Day(s), 7 Hour(s), 32 Minute(s), and 19 Second(s). 
[Only_3D] DONE : Batch 120 of 171
[Only_3D] Time Elapsed Up To Now: 0 Day(s), 7 Hour(s), 32 Minute(s), and 53 Second(s). 
[Only_3D] START: Batch 153 of 171
[Only_3D] Time Elapsed Up To Now: 0 Day(s), 7 Hour(s), 32 Minute(s), and 53 Second(s). 
[Only_3D] DONE : Batch 122 of 171
[Only_3D] Time Elapsed Up To Now: 0 Day(s), 7 Hour(s), 33 Minute(s), and 15 Second(s). 
[Only_3D] START: Batch 154 of 171
[Only_3D] Time Elapsed Up To Now: 0 Day(s), 7 Hour(s), 33 Minute(s), and 15 Second(s). 
[Only_3D] DONE : Batch 123 of 171
[Only_3D] Time Elapsed Up To Now: 0 Day(s), 7 Hour(s), 33 Minute(s), and 24 Second(s). 
[Only_3D] START: Batch 155 of 171
[Only_3D] Time Elapsed Up To Now: 0 Day(s), 7 Hour(s), 33 Minute(s), and 24 Second(s). 
[Only_3D] DONE : Batch 121 of 171
[Only_3D] Time Elapsed Up To Now: 0 Day(s), 7 Hour(s), 33 Minute(s), and 38 Second(s). 
[Only_3D] START: Batch 156 of 171
[Only_3D] Time Elapsed Up To Now: 0 Day(s), 7 Hour(s), 33 Minute(s), and 38 Second(s). 
[Only_3D] DONE : Batch 124 of 171
[Only_3D] Time Elapsed Up To Now: 0 Day(s), 7 Hour(s), 33 Minute(s), and 53 Second(s). 
[Only_3D] START: Batch 157 of 171
[Only_3D] Time Elapsed Up To Now: 0 Day(s), 7 Hour(s), 33 Minute(s), and 53 Second(s). 
[Only_3D] DONE : Batch 118 of 171
[Only_3D] Time Elapsed Up To Now: 0 Day(s), 7 Hour(s), 36 Minute(s), and 6 Second(s). 
[Only_3D] START: Batch 158 of 171
[Only_3D] Time Elapsed Up To Now: 0 Day(s), 7 Hour(s), 36 Minute(s), and 6 Second(s). 
[Only_3D] DONE : Batch 125 of 171
[Only_3D] Time Elapsed Up To Now: 0 Day(s), 7 Hour(s), 59 Minute(s), and 58 Second(s). 
[Only_3D] START: Batch 159 of 171
[Only_3D] Time Elapsed Up To Now: 0 Day(s), 7 Hour(s), 59 Minute(s), and 58 Second(s). 
[Only_3D] DONE : Batch 126 of 171
[Only_3D] Time Elapsed Up To Now: 0 Day(s), 8 Hour(s), 7 Minute(s), and 9 Second(s). 
[Only_3D] START: Batch 160 of 171
[Only_3D] Time Elapsed Up To Now: 0 Day(s), 8 Hour(s), 7 Minute(s), and 9 Second(s). 
[Only_3D] DONE : Batch 127 of 171
[Only_3D] Time Elapsed Up To Now: 0 Day(s), 8 Hour(s), 10 Minute(s), and 22 Second(s). 
[Only_3D] START: Batch 161 of 171
[Only_3D] Time Elapsed Up To Now: 0 Day(s), 8 Hour(s), 10 Minute(s), and 22 Second(s). 
[Only_3D] DONE : Batch 128 of 171
[Only_3D] Time Elapsed Up To Now: 0 Day(s), 8 Hour(s), 10 Minute(s), and 50 Second(s). 
[Only_3D] START: Batch 162 of 171
[Only_3D] Time Elapsed Up To Now: 0 Day(s), 8 Hour(s), 10 Minute(s), and 50 Second(s). 
[Only_3D] DONE : Batch 129 of 171
[Only_3D] Time Elapsed Up To Now: 0 Day(s), 8 Hour(s), 19 Minute(s), and 5 Second(s). 
[Only_3D] START: Batch 163 of 171
[Only_3D] Time Elapsed Up To Now: 0 Day(s), 8 Hour(s), 19 Minute(s), and 5 Second(s). 
[Only_3D] DONE : Batch 130 of 171
[Only_3D] Time Elapsed Up To Now: 0 Day(s), 8 Hour(s), 19 Minute(s), and 24 Second(s). 
[Only_3D] START: Batch 164 of 171
[Only_3D] Time Elapsed Up To Now: 0 Day(s), 8 Hour(s), 19 Minute(s), and 24 Second(s). 
[Only_3D] DONE : Batch 131 of 171
[Only_3D] Time Elapsed Up To Now: 0 Day(s), 8 Hour(s), 20 Minute(s), and 18 Second(s). 
[Only_3D] START: Batch 165 of 171
[Only_3D] Time Elapsed Up To Now: 0 Day(s), 8 Hour(s), 20 Minute(s), and 18 Second(s). 
[Only_3D] DONE : Batch 132 of 171
[Only_3D] Time Elapsed Up To Now: 0 Day(s), 8 Hour(s), 22 Minute(s), and 51 Second(s). 
[Only_3D] START: Batch 166 of 171
[Only_3D] Time Elapsed Up To Now: 0 Day(s), 8 Hour(s), 22 Minute(s), and 51 Second(s). 
[Only_3D] DONE : Batch 133 of 171
[Only_3D] Time Elapsed Up To Now: 0 Day(s), 8 Hour(s), 22 Minute(s), and 52 Second(s). 
[Only_3D] START: Batch 167 of 171
[Only_3D] Time Elapsed Up To Now: 0 Day(s), 8 Hour(s), 22 Minute(s), and 52 Second(s). 
[Only_3D] DONE : Batch 134 of 171
[Only_3D] Time Elapsed Up To Now: 0 Day(s), 8 Hour(s), 23 Minute(s), and 10 Second(s). 
[Only_3D] START: Batch 168 of 171
[Only_3D] Time Elapsed Up To Now: 0 Day(s), 8 Hour(s), 23 Minute(s), and 10 Second(s). 
[Only_3D] DONE : Batch 137 of 171
[Only_3D] Time Elapsed Up To Now: 0 Day(s), 8 Hour(s), 24 Minute(s), and 58 Second(s). 
[Only_3D] START: Batch 169 of 171
[Only_3D] Time Elapsed Up To Now: 0 Day(s), 8 Hour(s), 24 Minute(s), and 58 Second(s). 
[Only_3D] DONE : Batch 135 of 171
[Only_3D] Time Elapsed Up To Now: 0 Day(s), 8 Hour(s), 25 Minute(s), and 10 Second(s). 
[Only_3D] START: Batch 170 of 171
[Only_3D] Time Elapsed Up To Now: 0 Day(s), 8 Hour(s), 25 Minute(s), and 10 Second(s). 
[Only_3D] DONE : Batch 139 of 171
[Only_3D] Time Elapsed Up To Now: 0 Day(s), 8 Hour(s), 25 Minute(s), and 12 Second(s). 
[Only_3D] START: Batch 171 of 171
[Only_3D] Time Elapsed Up To Now: 0 Day(s), 8 Hour(s), 25 Minute(s), and 12 Second(s). 
[Only_3D] DONE : Batch 136 of 171
[Only_3D] Time Elapsed Up To Now: 0 Day(s), 8 Hour(s), 25 Minute(s), and 19 Second(s). 
[Only_3D] DONE : Batch 138 of 171
[Only_3D] Time Elapsed Up To Now: 0 Day(s), 8 Hour(s), 25 Minute(s), and 29 Second(s). 
[Only_3D] DONE : Batch 140 of 171
[Only_3D] Time Elapsed Up To Now: 0 Day(s), 8 Hour(s), 31 Minute(s), and 16 Second(s). 
[Only_3D] DONE : Batch 170 of 171
[Only_3D] Time Elapsed Up To Now: 0 Day(s), 8 Hour(s), 32 Minute(s), and 17 Second(s). 
[Only_3D] DONE : Batch 141 of 171
[Only_3D] Time Elapsed Up To Now: 0 Day(s), 8 Hour(s), 32 Minute(s), and 28 Second(s). 
[Only_3D] DONE : Batch 171 of 171
[Only_3D] Time Elapsed Up To Now: 0 Day(s), 8 Hour(s), 32 Minute(s), and 39 Second(s). 
[Only_3D] DONE : Batch 142 of 171
[Only_3D] Time Elapsed Up To Now: 0 Day(s), 8 Hour(s), 33 Minute(s), and 19 Second(s). 
[Only_3D] DONE : Batch 143 of 171
[Only_3D] Time Elapsed Up To Now: 0 Day(s), 8 Hour(s), 33 Minute(s), and 30 Second(s). 
[Only_3D] DONE : Batch 144 of 171
[Only_3D] Time Elapsed Up To Now: 0 Day(s), 8 Hour(s), 34 Minute(s), and 3 Second(s). 
[Only_3D] DONE : Batch 145 of 171
[Only_3D] Time Elapsed Up To Now: 0 Day(s), 8 Hour(s), 34 Minute(s), and 36 Second(s). 
[Only_3D] DONE : Batch 146 of 171
[Only_3D] Time Elapsed Up To Now: 0 Day(s), 8 Hour(s), 34 Minute(s), and 41 Second(s). 
[Only_3D] DONE : Batch 147 of 171
[Only_3D] Time Elapsed Up To Now: 0 Day(s), 8 Hour(s), 39 Minute(s), and 16 Second(s). 
[Only_3D] DONE : Batch 148 of 171
[Only_3D] Time Elapsed Up To Now: 0 Day(s), 8 Hour(s), 43 Minute(s), and 36 Second(s). 
[Only_3D] DONE : Batch 149 of 171
[Only_3D] Time Elapsed Up To Now: 0 Day(s), 8 Hour(s), 45 Minute(s), and 10 Second(s). 
[Only_3D] DONE : Batch 159 of 171
[Only_3D] Time Elapsed Up To Now: 0 Day(s), 8 Hour(s), 51 Minute(s), and 34 Second(s). 
[Only_3D] DONE : Batch 152 of 171
[Only_3D] Time Elapsed Up To Now: 0 Day(s), 8 Hour(s), 59 Minute(s), and 3 Second(s). 
[Only_3D] DONE : Batch 153 of 171
[Only_3D] Time Elapsed Up To Now: 0 Day(s), 9 Hour(s), 0 Minute(s), and 8 Second(s). 
[Only_3D] DONE : Batch 150 of 171
[Only_3D] Time Elapsed Up To Now: 0 Day(s), 9 Hour(s), 0 Minute(s), and 19 Second(s). 
[Only_3D] DONE : Batch 151 of 171
[Only_3D] Time Elapsed Up To Now: 0 Day(s), 9 Hour(s), 0 Minute(s), and 35 Second(s). 
[Only_3D] DONE : Batch 155 of 171
[Only_3D] Time Elapsed Up To Now: 0 Day(s), 9 Hour(s), 3 Minute(s), and 50 Second(s). 
[Only_3D] DONE : Batch 154 of 171
[Only_3D] Time Elapsed Up To Now: 0 Day(s), 9 Hour(s), 3 Minute(s), and 53 Second(s). 
[Only_3D] DONE : Batch 156 of 171
[Only_3D] Time Elapsed Up To Now: 0 Day(s), 9 Hour(s), 4 Minute(s), and 4 Second(s). 
[Only_3D] DONE : Batch 157 of 171
[Only_3D] Time Elapsed Up To Now: 0 Day(s), 9 Hour(s), 4 Minute(s), and 7 Second(s). 
[Only_3D] DONE : Batch 158 of 171
[Only_3D] Time Elapsed Up To Now: 0 Day(s), 9 Hour(s), 4 Minute(s), and 19 Second(s). 
[Only_3D] DONE : Batch  48 of 171
[Only_3D] Time Elapsed Up To Now: 0 Day(s), 9 Hour(s), 14 Minute(s), and 45 Second(s). 
[Only_3D] DONE : Batch 164 of 171
[Only_3D] Time Elapsed Up To Now: 0 Day(s), 9 Hour(s), 22 Minute(s), and 42 Second(s). 
[Only_3D] DONE : Batch 160 of 171
[Only_3D] Time Elapsed Up To Now: 0 Day(s), 9 Hour(s), 27 Minute(s), and 37 Second(s). 
[Only_3D] DONE : Batch 161 of 171
[Only_3D] Time Elapsed Up To Now: 0 Day(s), 9 Hour(s), 32 Minute(s), and 0 Second(s). 
[Only_3D] DONE : Batch 162 of 171
[Only_3D] Time Elapsed Up To Now: 0 Day(s), 9 Hour(s), 32 Minute(s), and 41 Second(s). 
[Only_3D] DONE : Batch 163 of 171
[Only_3D] Time Elapsed Up To Now: 0 Day(s), 9 Hour(s), 39 Minute(s), and 15 Second(s). 
[Only_3D] DONE : Batch 165 of 171
[Only_3D] Time Elapsed Up To Now: 0 Day(s), 9 Hour(s), 40 Minute(s), and 16 Second(s). 
[Only_3D] DONE : Batch 166 of 171
[Only_3D] Time Elapsed Up To Now: 0 Day(s), 9 Hour(s), 41 Minute(s), and 37 Second(s). 
[Only_3D] DONE : Batch 167 of 171
[Only_3D] Time Elapsed Up To Now: 0 Day(s), 9 Hour(s), 41 Minute(s), and 53 Second(s). 
[Only_3D] DONE : Batch 168 of 171
[Only_3D] Time Elapsed Up To Now: 0 Day(s), 9 Hour(s), 41 Minute(s), and 56 Second(s). 
[Only_3D] DONE : Batch 169 of 171
[Only_3D] Time Elapsed Up To Now: 0 Day(s), 9 Hour(s), 42 Minute(s), and 30 Second(s). 
[Only_3D] Running hadd on 171 batch files...
[Only_3D] Time Elapsed Up To Now: 0 Day(s), 9 Hour(s), 42 Minute(s), and 30 Second(s). 
[Only_3D] Merged file created: /w/hallb-scshelf2102/clas12/richcap/SIDIS_Analysis/Histo_Files_ROOT/DataFrames/hadd_ROOT_files_From_using_RDataFrames/SIDIS_epip_Response_Matrices_from_RDataFrames_Only_3D_1st_Order_V3_Response_Matrices_Final_Analysis_Iterations_I0_All.root
[Only_3D] Time Elapsed Up To Now: 0 Day(s), 9 Hour(s), 45 Minute(s), and 56 Second(s). 
[Only_3D] Peak memory used by child jobs: 1.94 GB
[Only_3D] 
[Only_3D] Arguments:
[Only_3D] 
[Only_3D] --mode                                              --> 'parallel'
[Only_3D] --cut_name                                          --> 'cut_Complete_SIDIS'
[Only_3D] --no_make_2D                                        --> True
[Only_3D] --no_make_2D_rho                                    --> True
[Only_3D] --no_unfold_5D                                      --> True
[Only_3D] --z_axis_2D                                         --> '4D_Bin'
[Only_3D] --valerii_bins                                      --> False
[Only_3D] --use_hpp                                           --> True
[Only_3D] --spline_weights                                    --> True
[Only_3D] --spline_weight_file                                --> '/w/hallb-scshelf2102/clas12/richcap/SIDIS_Analysis/Prepare_Next_Iteration/rho0_Subtracted_5D_V2_4D_xB_Fit_Pars_from_5D_BC_RC_Bayesian_Compute_SplineWeight.txt'
[Only_3D] --json_weights                                      --> False
[Only_3D] --json_file                                         --> '/w/hallb-scshelf2102/clas12/richcap/SIDIS_Analysis/Fit_Pars_from_3D_Bayesian_with_Toys.json'
[Only_3D] --hpp_weight_file                                   --> '/w/hallb-scshelf2102/clas12/richcap/SIDIS_Analysis/Histo_Files_ROOT/DataFrames/HPP_Files_Output/generated_acceptance_weights_1st_Order_noSpline.hpp'
[Only_3D] --hpp_weight_file_spline                            --> '/w/hallb-scshelf2102/clas12/richcap/SIDIS_Analysis/Histo_Files_ROOT/DataFrames/HPP_Files_Output/generated_acceptance_weights_1st_Order_withSpline.hpp'
[Only_3D] --run_rho_weight                                    --> True
[Only_3D] --unsmeared                                         --> False
[Only_3D] --make_2D_only                                      --> False
[Only_3D] --unfold_5D_only                                    --> False
[Only_3D] --old_3D_unfold                                     --> False
[Only_3D] --name_in                                           --> '*Final_Analysis_Iterations_I0*.root'
[Only_3D] --name                                              --> 'Only_3D_1st_Order_V3_Response_Matrices'
[Only_3D] --num_batches                                       --> 171
[Only_3D] --work_dir                                          --> '/w/hallb-scshelf2102/clas12/richcap/SIDIS_Analysis/Histo_Files_ROOT/DataFrames/hadd_ROOT_files_From_using_RDataFrames'
[Only_3D] --scratch_dir                                       --> '/scratch/richcap/Response_Matrix_Outputs'
[Only_3D] --log_dir                                           --> '/scratch/richcap/Response_Matrix_Outputs'
[Only_3D] --jobs                                              --> 35
[Only_3D] --continue_on_failure                               --> False
[Only_3D] --rdf_dir                                           --> '/w/hallb-scshelf2102/clas12/richcap/SIDIS_Analysis/Histo_Files_ROOT/DataFrames/REAL_Data'
[Only_3D] --mdf_dir                                           --> '/w/hallb-scshelf2102/clas12/richcap/SIDIS_Analysis/Histo_Files_ROOT/DataFrames/Matching_REC_MC'
[Only_3D] --gdf_dir                                           --> '/w/hallb-scshelf2102/clas12/richcap/SIDIS_Analysis/Histo_Files_ROOT/DataFrames/GEN_MC'
[Only_3D] --batch_file                                        --> '/w/hallb-scshelf2102/clas12/richcap/SIDIS_Analysis/Histo_Files_ROOT/DataFrames/File_Batches.py'
[Only_3D] --verbose                                           --> False
[Only_3D] --yes                                               --> False
[Only_3D] --extra                                             --> ['--run_rho_weight']
[Only_3D] --run_subdir_name                                   --> 'Only_3D_1st_Order_V3_Response_Matrices_Final_Analysis_Iterations_I0_08_22_2026'
[Only_3D] 
[Only_3D] 
[Only_3D] The time that this code finished is 12:34 a.m.
[Only_3D] The total time the code took to run is:
[Only_3D] 0 Day(s), 9 Hour(s), 45 Minute(s), and 56 Second(s).
[Only_3D] 
[Only_3D]     
[Only_3D] 
[Only_3D] 
[Only_3D]     	                                   	
[Only_3D]     	This code has now finished running.	
[Only_3D]     	                                   	   
[Only_3D] 
[Only_3D]     
DONE [Only_3D] cut=cut_Complete_SIDIS rc=0 wall=35158.0s

===== Submit_Full_Histogram_Creation_Pipeline.py start 2026-08-23T22:48:34 name=1st_Order_V3 mode=parallel email=all =====

Submit_Full_Histogram_Creation_Pipeline.py ready.
  name=1st_Order_V3  mode=parallel  email=all  skip_acceptance=True  run_all_cuts=False  unsmeared=False  no_run_rho_weight=False  rho0_source=lundvpk
  master log: /w/hallb-scshelf2102/clas12/richcap/SIDIS_Analysis/Histo_Files_ROOT/DataFrames/1st_Order_V3_full_pipeline.log
  time log:   /w/hallb-scshelf2102/clas12/richcap/SIDIS_Analysis/Histo_Files_ROOT/DataFrames/1st_Order_V3_full_pipeline.time
  default --jobs=5  overrides: jobs_2D=1  jobs_3D=0  jobs_5D=8  jobs_Binning=1
rho0_source for Acceptance: lundvpk

=== Stage 1: Acceptance SKIPPED (-sa / -rac / defaults) ===
  HPP cut=cut_Complete_SIDIS: pure=/w/hallb-scshelf2102/clas12/richcap/SIDIS_Analysis/Histo_Files_ROOT/DataFrames/HPP_Files_Output/generated_acceptance_weights_1st_Order_noSpline.hpp
                 comb=/w/hallb-scshelf2102/clas12/richcap/SIDIS_Analysis/Histo_Files_ROOT/DataFrames/HPP_Files_Output/generated_acceptance_weights_1st_Order_withSpline.hpp

=== Stage 2: Response-matrix products (2D_Presentation×1, Only_5D×8, Binning_Presentation_Only×1 when parallel) ===
Phase-2 product job plan:
  2D_Presentation: jobs=1 (from --jobs_2D)
  Only_3D: SKIPPED (jobs_3D=0)
  Only_5D: jobs=8 (from --jobs_5D)
  Binning_Presentation_Only: jobs=1 (from --jobs_Binning)

Products for cut cut_Complete_SIDIS
SKIP product Only_3D for cut cut_Complete_SIDIS (jobs_3D=0)
CMD [2D_Presentation]: ./run_sidis_DataFrame_pipeline.py -m parallel -cn cut_Complete_SIDIS -n 2D_Presentation_1st_Order_V3_Q2_Y_Bins --use_hpp --spline_weights --spline_weight_file /w/hallb-scshelf2102/clas12/richcap/SIDIS_Analysis/Prepare_Next_Iteration/rho0_Subtracted_5D_V2_4D_xB_Fit_Pars_from_5D_BC_RC_Bayesian_Compute_SplineWeight.txt --hpp_weight_file /w/hallb-scshelf2102/clas12/richcap/SIDIS_Analysis/Histo_Files_ROOT/DataFrames/HPP_Files_Output/generated_acceptance_weights_1st_Order_noSpline.hpp --hpp_weight_file_spline /w/hallb-scshelf2102/clas12/richcap/SIDIS_Analysis/Histo_Files_ROOT/DataFrames/HPP_Files_Output/generated_acceptance_weights_1st_Order_withSpline.hpp --run_rho_weight --z_axis_2D Q2_Y_Bin --no_make_2D_rho --jobs 1 --email -emj Running full histogram runner script (1st_Order_V3) for the remaining Phase-2 products after the 3D-only test with the updated kinematic binning scheme (empty BC Corrections bins removed). 3D is skipped (--jobs_3D 0) because that mode already finished for V3. Skipped HPP generation and reused HPP_Files_Output/generated_acceptance_weights_1st_Order_{noSpline,withSpline}.hpp via --HPP_Old_Name 1st_Order. Included the most recent versions of the rho0 subtractions. Phase-2 2D Presentation and Binning Presentation each set to 1 concurrent job so they run without competing much with 5D. Phase-2 5D Response Matrices set to 8 concurrent jobs (priority product; same 5D concurrency previously treated as reasonable). Ran in tmuxPython. 2D Presentation Histograms --extra --make_2D_rho_normalization_only --run_rho_weight
CMD [Only_5D]: ./run_sidis_DataFrame_pipeline.py -m parallel -cn cut_Complete_SIDIS -n Only_5D_1st_Order_V3_Response_Matrices --use_hpp --spline_weights --spline_weight_file /w/hallb-scshelf2102/clas12/richcap/SIDIS_Analysis/Prepare_Next_Iteration/rho0_Subtracted_5D_V2_4D_xB_Fit_Pars_from_5D_BC_RC_Bayesian_Compute_SplineWeight.txt --hpp_weight_file /w/hallb-scshelf2102/clas12/richcap/SIDIS_Analysis/Histo_Files_ROOT/DataFrames/HPP_Files_Output/generated_acceptance_weights_1st_Order_noSpline.hpp --hpp_weight_file_spline /w/hallb-scshelf2102/clas12/richcap/SIDIS_Analysis/Histo_Files_ROOT/DataFrames/HPP_Files_Output/generated_acceptance_weights_1st_Order_withSpline.hpp --run_rho_weight --no_make_2D_rho --no_make_2D --jobs 8 --email -emj Running full histogram runner script (1st_Order_V3) for the remaining Phase-2 products after the 3D-only test with the updated kinematic binning scheme (empty BC Corrections bins removed). 3D is skipped (--jobs_3D 0) because that mode already finished for V3. Skipped HPP generation and reused HPP_Files_Output/generated_acceptance_weights_1st_Order_{noSpline,withSpline}.hpp via --HPP_Old_Name 1st_Order. Included the most recent versions of the rho0 subtractions. Phase-2 2D Presentation and Binning Presentation each set to 1 concurrent job so they run without competing much with 5D. Phase-2 5D Response Matrices set to 8 concurrent jobs (priority product; same 5D concurrency previously treated as reasonable). Ran in tmuxPython. Only 5D Response Matrices --extra --run_rho_weight --unfold_5D_only
CMD [Binning_Presentation_Only]: ./run_sidis_DataFrame_pipeline.py -m parallel -cn cut_Complete_SIDIS -n Binning_Presentation_Only_1st_Order_V3 --use_hpp --spline_weights --spline_weight_file /w/hallb-scshelf2102/clas12/richcap/SIDIS_Analysis/Prepare_Next_Iteration/rho0_Subtracted_5D_V2_4D_xB_Fit_Pars_from_5D_BC_RC_Bayesian_Compute_SplineWeight.txt --hpp_weight_file /w/hallb-scshelf2102/clas12/richcap/SIDIS_Analysis/Histo_Files_ROOT/DataFrames/HPP_Files_Output/generated_acceptance_weights_1st_Order_noSpline.hpp --hpp_weight_file_spline /w/hallb-scshelf2102/clas12/richcap/SIDIS_Analysis/Histo_Files_ROOT/DataFrames/HPP_Files_Output/generated_acceptance_weights_1st_Order_withSpline.hpp --run_rho_weight --no_make_2D_rho --no_make_2D --no_unfold_5D --jobs 1 --email -emj Running full histogram runner script (1st_Order_V3) for the remaining Phase-2 products after the 3D-only test with the updated kinematic binning scheme (empty BC Corrections bins removed). 3D is skipped (--jobs_3D 0) because that mode already finished for V3. Skipped HPP generation and reused HPP_Files_Output/generated_acceptance_weights_1st_Order_{noSpline,withSpline}.hpp via --HPP_Old_Name 1st_Order. Included the most recent versions of the rho0 subtractions. Phase-2 2D Presentation and Binning Presentation each set to 1 concurrent job so they run without competing much with 5D. Phase-2 5D Response Matrices set to 8 concurrent jobs (priority product; same 5D concurrency previously treated as reasonable). Ran in tmuxPython. Binning Presentation Only Histograms --extra --binning_presentation_only --run_rho_weight
[Only_5D] 
[Only_5D] Started running on 8-23-2026 at 10:48 p.m.
[Only_5D] 
[Only_5D] Starting parallel run with 171 batches → output dir: /scratch/richcap/Response_Matrix_Outputs/Only_5D_1st_Order_V3_Response_Matrices_Final_Analysis_Iterations_I0_08_23_2026
[Only_5D] 
[Only_5D] START: Batch   1 of 171
[Only_5D] Time Elapsed Up To Now: 0 Day(s), 0 Hour(s), 0 Minute(s), and 0 Second(s). 
[Only_5D] START: Batch   2 of 171
[Only_5D] Time Elapsed Up To Now: 0 Day(s), 0 Hour(s), 0 Minute(s), and 0 Second(s). 
[Only_5D] START: Batch   3 of 171
[Only_5D] Time Elapsed Up To Now: 0 Day(s), 0 Hour(s), 0 Minute(s), and 0 Second(s). 
[Only_5D] START: Batch   4 of 171
[Only_5D] Time Elapsed Up To Now: 0 Day(s), 0 Hour(s), 0 Minute(s), and 0 Second(s). 
[Only_5D] START: Batch   5 of 171
[Only_5D] Time Elapsed Up To Now: 0 Day(s), 0 Hour(s), 0 Minute(s), and 0 Second(s). 
[Only_5D] START: Batch   6 of 171
[Only_5D] Time Elapsed Up To Now: 0 Day(s), 0 Hour(s), 0 Minute(s), and 0 Second(s). 
[Only_5D] START: Batch   7 of 171
[Only_5D] Time Elapsed Up To Now: 0 Day(s), 0 Hour(s), 0 Minute(s), and 0 Second(s). 
[Only_5D] START: Batch   8 of 171
[Only_5D] Time Elapsed Up To Now: 0 Day(s), 0 Hour(s), 0 Minute(s), and 0 Second(s). 
[Only_5D] DONE : Batch   3 of 171
[Only_5D] Time Elapsed Up To Now: 0 Day(s), 1 Hour(s), 16 Minute(s), and 10 Second(s). 
[Only_5D] START: Batch   9 of 171
[Only_5D] Time Elapsed Up To Now: 0 Day(s), 1 Hour(s), 16 Minute(s), and 10 Second(s). 
[Only_5D] DONE : Batch   4 of 171
[Only_5D] Time Elapsed Up To Now: 0 Day(s), 1 Hour(s), 31 Minute(s), and 15 Second(s). 
[Only_5D] START: Batch  10 of 171
[Only_5D] Time Elapsed Up To Now: 0 Day(s), 1 Hour(s), 31 Minute(s), and 15 Second(s). 
[Only_5D] DONE : Batch   6 of 171
[Only_5D] Time Elapsed Up To Now: 0 Day(s), 1 Hour(s), 31 Minute(s), and 16 Second(s). 
[Only_5D] START: Batch  11 of 171
[Only_5D] Time Elapsed Up To Now: 0 Day(s), 1 Hour(s), 31 Minute(s), and 16 Second(s). 
[Only_5D] DONE : Batch   7 of 171
[Only_5D] Time Elapsed Up To Now: 0 Day(s), 1 Hour(s), 31 Minute(s), and 16 Second(s). 
[Only_5D] START: Batch  12 of 171
[Only_5D] Time Elapsed Up To Now: 0 Day(s), 1 Hour(s), 31 Minute(s), and 16 Second(s). 
[Only_5D] DONE : Batch   5 of 171
[Only_5D] Time Elapsed Up To Now: 0 Day(s), 1 Hour(s), 31 Minute(s), and 23 Second(s). 
[Only_5D] START: Batch  13 of 171
[Only_5D] Time Elapsed Up To Now: 0 Day(s), 1 Hour(s), 31 Minute(s), and 23 Second(s). 
[Only_5D] DONE : Batch   8 of 171
[Only_5D] Time Elapsed Up To Now: 0 Day(s), 1 Hour(s), 31 Minute(s), and 25 Second(s). 
[Only_5D] START: Batch  14 of 171
[Only_5D] Time Elapsed Up To Now: 0 Day(s), 1 Hour(s), 31 Minute(s), and 25 Second(s). 
[Only_5D] DONE : Batch   1 of 171
[Only_5D] Time Elapsed Up To Now: 0 Day(s), 1 Hour(s), 31 Minute(s), and 26 Second(s). 
[Only_5D] START: Batch  15 of 171
[Only_5D] Time Elapsed Up To Now: 0 Day(s), 1 Hour(s), 31 Minute(s), and 26 Second(s). 
[Only_5D] DONE : Batch   2 of 171
[Only_5D] Time Elapsed Up To Now: 0 Day(s), 1 Hour(s), 31 Minute(s), and 33 Second(s). 
[Only_5D] START: Batch  16 of 171
[Only_5D] Time Elapsed Up To Now: 0 Day(s), 1 Hour(s), 31 Minute(s), and 33 Second(s). 
[Only_5D] DONE : Batch  14 of 171
[Only_5D] Time Elapsed Up To Now: 0 Day(s), 2 Hour(s), 27 Minute(s), and 33 Second(s). 
[Only_5D] START: Batch  17 of 171
[Only_5D] Time Elapsed Up To Now: 0 Day(s), 2 Hour(s), 27 Minute(s), and 33 Second(s). 
[Only_5D] DONE : Batch  13 of 171
[Only_5D] Time Elapsed Up To Now: 0 Day(s), 2 Hour(s), 30 Minute(s), and 50 Second(s). 
[Only_5D] START: Batch  18 of 171
[Only_5D] Time Elapsed Up To Now: 0 Day(s), 2 Hour(s), 30 Minute(s), and 50 Second(s). 
[Only_5D] DONE : Batch  12 of 171
[Only_5D] Time Elapsed Up To Now: 0 Day(s), 2 Hour(s), 31 Minute(s), and 15 Second(s). 
[Only_5D] START: Batch  19 of 171
[Only_5D] Time Elapsed Up To Now: 0 Day(s), 2 Hour(s), 31 Minute(s), and 15 Second(s). 
[Only_5D] DONE : Batch   9 of 171
[Only_5D] Time Elapsed Up To Now: 0 Day(s), 2 Hour(s), 44 Minute(s), and 19 Second(s). 
[Only_5D] START: Batch  20 of 171
[Only_5D] Time Elapsed Up To Now: 0 Day(s), 2 Hour(s), 44 Minute(s), and 19 Second(s). 
[Only_5D] DONE : Batch  11 of 171
[Only_5D] Time Elapsed Up To Now: 0 Day(s), 2 Hour(s), 45 Minute(s), and 41 Second(s). 
[Only_5D] START: Batch  21 of 171
[Only_5D] Time Elapsed Up To Now: 0 Day(s), 2 Hour(s), 45 Minute(s), and 41 Second(s). 
[Only_5D] DONE : Batch  10 of 171
[Only_5D] Time Elapsed Up To Now: 0 Day(s), 2 Hour(s), 46 Minute(s), and 6 Second(s). 
[Only_5D] START: Batch  22 of 171
[Only_5D] Time Elapsed Up To Now: 0 Day(s), 2 Hour(s), 46 Minute(s), and 6 Second(s). 
[Only_5D] DONE : Batch  16 of 171
[Only_5D] Time Elapsed Up To Now: 0 Day(s), 2 Hour(s), 54 Minute(s), and 56 Second(s). 
[Only_5D] START: Batch  23 of 171
[Only_5D] Time Elapsed Up To Now: 0 Day(s), 2 Hour(s), 54 Minute(s), and 56 Second(s). 
[Only_5D] DONE : Batch  15 of 171
[Only_5D] Time Elapsed Up To Now: 0 Day(s), 2 Hour(s), 54 Minute(s), and 57 Second(s). 
[Only_5D] START: Batch  24 of 171
[Only_5D] Time Elapsed Up To Now: 0 Day(s), 2 Hour(s), 54 Minute(s), and 57 Second(s). 
[Only_5D] DONE : Batch  17 of 171
[Only_5D] Time Elapsed Up To Now: 0 Day(s), 3 Hour(s), 49 Minute(s), and 47 Second(s). 
[Only_5D] START: Batch  25 of 171
[Only_5D] Time Elapsed Up To Now: 0 Day(s), 3 Hour(s), 49 Minute(s), and 47 Second(s). 
[Only_5D] DONE : Batch  18 of 171
[Only_5D] Time Elapsed Up To Now: 0 Day(s), 3 Hour(s), 52 Minute(s), and 50 Second(s). 
[Only_5D] START: Batch  26 of 171
[Only_5D] Time Elapsed Up To Now: 0 Day(s), 3 Hour(s), 52 Minute(s), and 50 Second(s). 
[Only_5D] DONE : Batch  19 of 171
[Only_5D] Time Elapsed Up To Now: 0 Day(s), 3 Hour(s), 53 Minute(s), and 35 Second(s). 
[Only_5D] START: Batch  27 of 171
[Only_5D] Time Elapsed Up To Now: 0 Day(s), 3 Hour(s), 53 Minute(s), and 35 Second(s). 
[Only_5D] DONE : Batch  20 of 171
[Only_5D] Time Elapsed Up To Now: 0 Day(s), 4 Hour(s), 6 Minute(s), and 31 Second(s). 
[Only_5D] START: Batch  28 of 171
[Only_5D] Time Elapsed Up To Now: 0 Day(s), 4 Hour(s), 6 Minute(s), and 31 Second(s). 
[Only_5D] DONE : Batch  21 of 171
[Only_5D] Time Elapsed Up To Now: 0 Day(s), 4 Hour(s), 8 Minute(s), and 15 Second(s). 
[Only_5D] START: Batch  29 of 171
[Only_5D] Time Elapsed Up To Now: 0 Day(s), 4 Hour(s), 8 Minute(s), and 15 Second(s). 
[Only_5D] DONE : Batch  22 of 171
[Only_5D] Time Elapsed Up To Now: 0 Day(s), 4 Hour(s), 9 Minute(s), and 37 Second(s). 
[Only_5D] START: Batch  30 of 171
[Only_5D] Time Elapsed Up To Now: 0 Day(s), 4 Hour(s), 9 Minute(s), and 37 Second(s). 
[Only_5D] DONE : Batch  24 of 171
[Only_5D] Time Elapsed Up To Now: 0 Day(s), 4 Hour(s), 17 Minute(s), and 44 Second(s). 
[Only_5D] START: Batch  31 of 171
[Only_5D] Time Elapsed Up To Now: 0 Day(s), 4 Hour(s), 17 Minute(s), and 44 Second(s). 
[Only_5D] DONE : Batch  23 of 171
[Only_5D] Time Elapsed Up To Now: 0 Day(s), 4 Hour(s), 18 Minute(s), and 23 Second(s). 
[Only_5D] START: Batch  32 of 171
[Only_5D] Time Elapsed Up To Now: 0 Day(s), 4 Hour(s), 18 Minute(s), and 23 Second(s). 
[Only_5D] DONE : Batch  25 of 171
[Only_5D] Time Elapsed Up To Now: 0 Day(s), 5 Hour(s), 12 Minute(s), and 15 Second(s). 
[Only_5D] START: Batch  33 of 171
[Only_5D] Time Elapsed Up To Now: 0 Day(s), 5 Hour(s), 12 Minute(s), and 15 Second(s). 
[Only_5D] DONE : Batch  26 of 171
[Only_5D] Time Elapsed Up To Now: 0 Day(s), 5 Hour(s), 16 Minute(s), and 28 Second(s). 
[Only_5D] START: Batch  34 of 171
[Only_5D] Time Elapsed Up To Now: 0 Day(s), 5 Hour(s), 16 Minute(s), and 28 Second(s). 
[Only_5D] DONE : Batch  27 of 171
[Only_5D] Time Elapsed Up To Now: 0 Day(s), 5 Hour(s), 16 Minute(s), and 35 Second(s). 
[Only_5D] START: Batch  35 of 171
[Only_5D] Time Elapsed Up To Now: 0 Day(s), 5 Hour(s), 16 Minute(s), and 35 Second(s). 
[Only_5D] DONE : Batch  28 of 171
[Only_5D] Time Elapsed Up To Now: 0 Day(s), 5 Hour(s), 28 Minute(s), and 28 Second(s). 
[Only_5D] START: Batch  36 of 171
[Only_5D] Time Elapsed Up To Now: 0 Day(s), 5 Hour(s), 28 Minute(s), and 28 Second(s). 
[Only_5D] DONE : Batch  29 of 171
[Only_5D] Time Elapsed Up To Now: 0 Day(s), 5 Hour(s), 30 Minute(s), and 18 Second(s). 
[Only_5D] START: Batch  37 of 171
[Only_5D] Time Elapsed Up To Now: 0 Day(s), 5 Hour(s), 30 Minute(s), and 18 Second(s). 
[Only_5D] DONE : Batch  30 of 171
[Only_5D] Time Elapsed Up To Now: 0 Day(s), 5 Hour(s), 32 Minute(s), and 17 Second(s). 
[Only_5D] START: Batch  38 of 171
[Only_5D] Time Elapsed Up To Now: 0 Day(s), 5 Hour(s), 32 Minute(s), and 17 Second(s). 
[Only_5D] DONE : Batch  31 of 171
[Only_5D] Time Elapsed Up To Now: 0 Day(s), 5 Hour(s), 40 Minute(s), and 10 Second(s). 
[Only_5D] START: Batch  39 of 171
[Only_5D] Time Elapsed Up To Now: 0 Day(s), 5 Hour(s), 40 Minute(s), and 10 Second(s). 
[Only_5D] DONE : Batch  32 of 171
[Only_5D] Time Elapsed Up To Now: 0 Day(s), 5 Hour(s), 40 Minute(s), and 34 Second(s). 
[Only_5D] START: Batch  40 of 171
[Only_5D] Time Elapsed Up To Now: 0 Day(s), 5 Hour(s), 40 Minute(s), and 34 Second(s). 
[Only_5D] DONE : Batch  33 of 171
[Only_5D] Time Elapsed Up To Now: 0 Day(s), 6 Hour(s), 34 Minute(s), and 25 Second(s). 
[Only_5D] START: Batch  41 of 171
[Only_5D] Time Elapsed Up To Now: 0 Day(s), 6 Hour(s), 34 Minute(s), and 25 Second(s). 
[Only_5D] DONE : Batch  35 of 171
[Only_5D] Time Elapsed Up To Now: 0 Day(s), 6 Hour(s), 39 Minute(s), and 33 Second(s). 
[Only_5D] START: Batch  42 of 171
[Only_5D] Time Elapsed Up To Now: 0 Day(s), 6 Hour(s), 39 Minute(s), and 33 Second(s). 
[Only_5D] DONE : Batch  36 of 171
[Only_5D] Time Elapsed Up To Now: 0 Day(s), 6 Hour(s), 51 Minute(s), and 16 Second(s). 
[Only_5D] START: Batch  43 of 171
[Only_5D] Time Elapsed Up To Now: 0 Day(s), 6 Hour(s), 51 Minute(s), and 16 Second(s). 
[Only_5D] DONE : Batch  37 of 171
[Only_5D] Time Elapsed Up To Now: 0 Day(s), 6 Hour(s), 52 Minute(s), and 36 Second(s). 
[Only_5D] START: Batch  44 of 171
[Only_5D] Time Elapsed Up To Now: 0 Day(s), 6 Hour(s), 52 Minute(s), and 36 Second(s). 
[Only_5D] DONE : Batch  38 of 171
[Only_5D] Time Elapsed Up To Now: 0 Day(s), 6 Hour(s), 59 Minute(s), and 37 Second(s). 
[Only_5D] START: Batch  45 of 171
[Only_5D] Time Elapsed Up To Now: 0 Day(s), 6 Hour(s), 59 Minute(s), and 37 Second(s). 
[Only_5D] DONE : Batch  40 of 171
[Only_5D] Time Elapsed Up To Now: 0 Day(s), 7 Hour(s), 3 Minute(s), and 18 Second(s). 
[Only_5D] START: Batch  46 of 171
[Only_5D] Time Elapsed Up To Now: 0 Day(s), 7 Hour(s), 3 Minute(s), and 18 Second(s). 
[Only_5D] DONE : Batch  42 of 171
[Only_5D] Time Elapsed Up To Now: 0 Day(s), 8 Hour(s), 1 Minute(s), and 44 Second(s). 
[Only_5D] START: Batch  47 of 171
[Only_5D] Time Elapsed Up To Now: 0 Day(s), 8 Hour(s), 1 Minute(s), and 44 Second(s). 
[Only_5D] DONE : Batch  43 of 171
[Only_5D] Time Elapsed Up To Now: 0 Day(s), 8 Hour(s), 14 Minute(s), and 2 Second(s). 
[Only_5D] START: Batch  48 of 171
[Only_5D] Time Elapsed Up To Now: 0 Day(s), 8 Hour(s), 14 Minute(s), and 2 Second(s). 
[Only_5D] DONE : Batch  34 of 171
[Only_5D] Time Elapsed Up To Now: 0 Day(s), 8 Hour(s), 43 Minute(s), and 31 Second(s). 
[Only_5D] START: Batch  49 of 171
[Only_5D] Time Elapsed Up To Now: 0 Day(s), 8 Hour(s), 43 Minute(s), and 31 Second(s). 
[Only_5D] DONE : Batch  39 of 171
[Only_5D] Time Elapsed Up To Now: 0 Day(s), 9 Hour(s), 5 Minute(s), and 46 Second(s). 
[Only_5D] START: Batch  50 of 171
[Only_5D] Time Elapsed Up To Now: 0 Day(s), 9 Hour(s), 5 Minute(s), and 46 Second(s). 
[Only_5D] DONE : Batch  47 of 171
[Only_5D] Time Elapsed Up To Now: 0 Day(s), 9 Hour(s), 24 Minute(s), and 45 Second(s). 
[Only_5D] START: Batch  51 of 171
[Only_5D] Time Elapsed Up To Now: 0 Day(s), 9 Hour(s), 24 Minute(s), and 45 Second(s). 
[Only_5D] DONE : Batch  41 of 171
[Only_5D] Time Elapsed Up To Now: 0 Day(s), 9 Hour(s), 59 Minute(s), and 52 Second(s). 
[Only_5D] START: Batch  52 of 171
[Only_5D] Time Elapsed Up To Now: 0 Day(s), 9 Hour(s), 59 Minute(s), and 52 Second(s). 
[Only_5D] DONE : Batch  50 of 171
[Only_5D] Time Elapsed Up To Now: 0 Day(s), 10 Hour(s), 15 Minute(s), and 8 Second(s). 
[Only_5D] START: Batch  53 of 171
[Only_5D] Time Elapsed Up To Now: 0 Day(s), 10 Hour(s), 15 Minute(s), and 8 Second(s). 
[Only_5D] DONE : Batch  44 of 171
[Only_5D] Time Elapsed Up To Now: 0 Day(s), 10 Hour(s), 18 Minute(s), and 20 Second(s). 
[Only_5D] START: Batch  54 of 171
[Only_5D] Time Elapsed Up To Now: 0 Day(s), 10 Hour(s), 18 Minute(s), and 20 Second(s). 
[Only_5D] DONE : Batch  45 of 171
[Only_5D] Time Elapsed Up To Now: 0 Day(s), 10 Hour(s), 24 Minute(s), and 36 Second(s). 
[Only_5D] START: Batch  55 of 171
[Only_5D] Time Elapsed Up To Now: 0 Day(s), 10 Hour(s), 24 Minute(s), and 36 Second(s). 
[Only_5D] DONE : Batch  46 of 171
[Only_5D] Time Elapsed Up To Now: 0 Day(s), 10 Hour(s), 28 Minute(s), and 42 Second(s). 
[Only_5D] START: Batch  56 of 171
[Only_5D] Time Elapsed Up To Now: 0 Day(s), 10 Hour(s), 28 Minute(s), and 42 Second(s). 
[Only_5D] DONE : Batch  51 of 171
[Only_5D] Time Elapsed Up To Now: 0 Day(s), 10 Hour(s), 34 Minute(s), and 22 Second(s). 
[Only_5D] START: Batch  57 of 171
[Only_5D] Time Elapsed Up To Now: 0 Day(s), 10 Hour(s), 34 Minute(s), and 22 Second(s). 
[Only_5D] DONE : Batch  52 of 171
[Only_5D] Time Elapsed Up To Now: 0 Day(s), 11 Hour(s), 11 Minute(s), and 34 Second(s). 
[Only_5D] START: Batch  58 of 171
[Only_5D] Time Elapsed Up To Now: 0 Day(s), 11 Hour(s), 11 Minute(s), and 34 Second(s). 
[Only_5D] DONE : Batch  53 of 171
[Only_5D] Time Elapsed Up To Now: 0 Day(s), 11 Hour(s), 27 Minute(s), and 52 Second(s). 
[Only_5D] START: Batch  59 of 171
[Only_5D] Time Elapsed Up To Now: 0 Day(s), 11 Hour(s), 27 Minute(s), and 52 Second(s). 
[Only_5D] DONE : Batch  54 of 171
[Only_5D] Time Elapsed Up To Now: 0 Day(s), 11 Hour(s), 30 Minute(s), and 52 Second(s). 
[Only_5D] START: Batch  60 of 171
[Only_5D] Time Elapsed Up To Now: 0 Day(s), 11 Hour(s), 30 Minute(s), and 52 Second(s). 
[Only_5D] DONE : Batch  55 of 171
[Only_5D] Time Elapsed Up To Now: 0 Day(s), 11 Hour(s), 37 Minute(s), and 57 Second(s). 
[Only_5D] START: Batch  61 of 171
[Only_5D] Time Elapsed Up To Now: 0 Day(s), 11 Hour(s), 37 Minute(s), and 57 Second(s). 
[Only_5D] DONE : Batch  56 of 171
[Only_5D] Time Elapsed Up To Now: 0 Day(s), 11 Hour(s), 44 Minute(s), and 1 Second(s). 
[Only_5D] START: Batch  62 of 171
[Only_5D] Time Elapsed Up To Now: 0 Day(s), 11 Hour(s), 44 Minute(s), and 1 Second(s). 
[Only_5D] DONE : Batch  57 of 171
[Only_5D] Time Elapsed Up To Now: 0 Day(s), 11 Hour(s), 48 Minute(s), and 38 Second(s). 
[Only_5D] START: Batch  63 of 171
[Only_5D] Time Elapsed Up To Now: 0 Day(s), 11 Hour(s), 48 Minute(s), and 38 Second(s). 
[Only_5D] DONE : Batch  49 of 171
[Only_5D] Time Elapsed Up To Now: 0 Day(s), 11 Hour(s), 59 Minute(s), and 39 Second(s). 
[Only_5D] START: Batch  64 of 171
[Only_5D] Time Elapsed Up To Now: 0 Day(s), 11 Hour(s), 59 Minute(s), and 39 Second(s). 
[Only_5D] DONE : Batch  58 of 171
[Only_5D] Time Elapsed Up To Now: 0 Day(s), 12 Hour(s), 24 Minute(s), and 50 Second(s). 
[Only_5D] START: Batch  65 of 171
[Only_5D] Time Elapsed Up To Now: 0 Day(s), 12 Hour(s), 24 Minute(s), and 50 Second(s). 
[Only_5D] DONE : Batch  59 of 171
[Only_5D] Time Elapsed Up To Now: 0 Day(s), 12 Hour(s), 41 Minute(s), and 6 Second(s). 
[Only_5D] START: Batch  66 of 171
[Only_5D] Time Elapsed Up To Now: 0 Day(s), 12 Hour(s), 41 Minute(s), and 6 Second(s). 
[Only_5D] DONE : Batch  60 of 171
[Only_5D] Time Elapsed Up To Now: 0 Day(s), 12 Hour(s), 44 Minute(s), and 3 Second(s). 
[Only_5D] START: Batch  67 of 171
[Only_5D] Time Elapsed Up To Now: 0 Day(s), 12 Hour(s), 44 Minute(s), and 3 Second(s). 
[Only_5D] DONE : Batch  61 of 171
[Only_5D] Time Elapsed Up To Now: 0 Day(s), 12 Hour(s), 51 Minute(s), and 28 Second(s). 
[Only_5D] START: Batch  68 of 171
[Only_5D] Time Elapsed Up To Now: 0 Day(s), 12 Hour(s), 51 Minute(s), and 28 Second(s). 
[Only_5D] DONE : Batch  62 of 171
[Only_5D] Time Elapsed Up To Now: 0 Day(s), 12 Hour(s), 58 Minute(s), and 10 Second(s). 
[Only_5D] START: Batch  69 of 171
[Only_5D] Time Elapsed Up To Now: 0 Day(s), 12 Hour(s), 58 Minute(s), and 10 Second(s). 
[Only_5D] DONE : Batch  63 of 171
[Only_5D] Time Elapsed Up To Now: 0 Day(s), 13 Hour(s), 3 Minute(s), and 31 Second(s). 
[Only_5D] START: Batch  70 of 171
[Only_5D] Time Elapsed Up To Now: 0 Day(s), 13 Hour(s), 3 Minute(s), and 31 Second(s). 
[Only_5D] DONE : Batch  64 of 171
[Only_5D] Time Elapsed Up To Now: 0 Day(s), 13 Hour(s), 14 Minute(s), and 23 Second(s). 
[Only_5D] START: Batch  71 of 171
[Only_5D] Time Elapsed Up To Now: 0 Day(s), 13 Hour(s), 14 Minute(s), and 23 Second(s). 
[Only_5D] DONE : Batch  65 of 171
[Only_5D] Time Elapsed Up To Now: 0 Day(s), 13 Hour(s), 41 Minute(s), and 9 Second(s). 
[Only_5D] START: Batch  72 of 171
[Only_5D] Time Elapsed Up To Now: 0 Day(s), 13 Hour(s), 41 Minute(s), and 9 Second(s). 
[Only_5D] DONE : Batch  48 of 171
[Only_5D] Time Elapsed Up To Now: 0 Day(s), 13 Hour(s), 51 Minute(s), and 34 Second(s). 
[Only_5D] START: Batch  73 of 171
[Only_5D] Time Elapsed Up To Now: 0 Day(s), 13 Hour(s), 51 Minute(s), and 34 Second(s). 
[Only_5D] DONE : Batch  66 of 171
[Only_5D] Time Elapsed Up To Now: 0 Day(s), 13 Hour(s), 56 Minute(s), and 56 Second(s). 
[Only_5D] START: Batch  74 of 171
[Only_5D] Time Elapsed Up To Now: 0 Day(s), 13 Hour(s), 56 Minute(s), and 56 Second(s). 
[Only_5D] DONE : Batch  67 of 171
[Only_5D] Time Elapsed Up To Now: 0 Day(s), 13 Hour(s), 59 Minute(s), and 11 Second(s). 
[Only_5D] START: Batch  75 of 171
[Only_5D] Time Elapsed Up To Now: 0 Day(s), 13 Hour(s), 59 Minute(s), and 11 Second(s). 
[Only_5D] DONE : Batch  68 of 171
[Only_5D] Time Elapsed Up To Now: 0 Day(s), 14 Hour(s), 5 Minute(s), and 19 Second(s). 
[Only_5D] START: Batch  76 of 171
[Only_5D] Time Elapsed Up To Now: 0 Day(s), 14 Hour(s), 5 Minute(s), and 19 Second(s). 
[Only_5D] DONE : Batch  69 of 171
[Only_5D] Time Elapsed Up To Now: 0 Day(s), 14 Hour(s), 11 Minute(s), and 43 Second(s). 
[Only_5D] START: Batch  77 of 171
[Only_5D] Time Elapsed Up To Now: 0 Day(s), 14 Hour(s), 11 Minute(s), and 43 Second(s). 
[Only_5D] DONE : Batch  70 of 171
[Only_5D] Time Elapsed Up To Now: 0 Day(s), 14 Hour(s), 17 Minute(s), and 36 Second(s). 
[Only_5D] START: Batch  78 of 171
[Only_5D] Time Elapsed Up To Now: 0 Day(s), 14 Hour(s), 17 Minute(s), and 36 Second(s). 
[Only_5D] DONE : Batch  71 of 171
[Only_5D] Time Elapsed Up To Now: 0 Day(s), 14 Hour(s), 27 Minute(s), and 14 Second(s). 
[Only_5D] START: Batch  79 of 171
[Only_5D] Time Elapsed Up To Now: 0 Day(s), 14 Hour(s), 27 Minute(s), and 14 Second(s). 
[Only_5D] DONE : Batch  72 of 171
[Only_5D] Time Elapsed Up To Now: 0 Day(s), 14 Hour(s), 55 Minute(s), and 3 Second(s). 
[Only_5D] START: Batch  80 of 171
[Only_5D] Time Elapsed Up To Now: 0 Day(s), 14 Hour(s), 55 Minute(s), and 3 Second(s). 
[Only_5D] DONE : Batch  73 of 171
[Only_5D] Time Elapsed Up To Now: 0 Day(s), 15 Hour(s), 5 Minute(s), and 28 Second(s). 
[Only_5D] START: Batch  81 of 171
[Only_5D] Time Elapsed Up To Now: 0 Day(s), 15 Hour(s), 5 Minute(s), and 28 Second(s). 
[Only_5D] DONE : Batch  74 of 171
[Only_5D] Time Elapsed Up To Now: 0 Day(s), 15 Hour(s), 10 Minute(s), and 3 Second(s). 
[Only_5D] START: Batch  82 of 171
[Only_5D] Time Elapsed Up To Now: 0 Day(s), 15 Hour(s), 10 Minute(s), and 3 Second(s). 
[Only_5D] DONE : Batch  75 of 171
[Only_5D] Time Elapsed Up To Now: 0 Day(s), 15 Hour(s), 12 Minute(s), and 16 Second(s). 
[Only_5D] START: Batch  83 of 171
[Only_5D] Time Elapsed Up To Now: 0 Day(s), 15 Hour(s), 12 Minute(s), and 16 Second(s). 
[Only_5D] DONE : Batch  76 of 171
[Only_5D] Time Elapsed Up To Now: 0 Day(s), 15 Hour(s), 18 Minute(s), and 16 Second(s). 
[Only_5D] START: Batch  84 of 171
[Only_5D] Time Elapsed Up To Now: 0 Day(s), 15 Hour(s), 18 Minute(s), and 16 Second(s). 
[Only_5D] DONE : Batch  77 of 171
[Only_5D] Time Elapsed Up To Now: 0 Day(s), 15 Hour(s), 23 Minute(s), and 36 Second(s). 
[Only_5D] START: Batch  85 of 171
[Only_5D] Time Elapsed Up To Now: 0 Day(s), 15 Hour(s), 23 Minute(s), and 36 Second(s). 
[Only_5D] DONE : Batch  78 of 171
[Only_5D] Time Elapsed Up To Now: 0 Day(s), 15 Hour(s), 35 Minute(s), and 30 Second(s). 
[Only_5D] START: Batch  86 of 171
[Only_5D] Time Elapsed Up To Now: 0 Day(s), 15 Hour(s), 35 Minute(s), and 30 Second(s). 
[Only_5D] DONE : Batch  79 of 171
[Only_5D] Time Elapsed Up To Now: 0 Day(s), 15 Hour(s), 45 Minute(s), and 35 Second(s). 
[Only_5D] START: Batch  87 of 171
[Only_5D] Time Elapsed Up To Now: 0 Day(s), 15 Hour(s), 45 Minute(s), and 35 Second(s). 
[Only_5D] DONE : Batch  80 of 171
[Only_5D] Time Elapsed Up To Now: 0 Day(s), 16 Hour(s), 11 Minute(s), and 51 Second(s). 
[Only_5D] START: Batch  88 of 171
[Only_5D] Time Elapsed Up To Now: 0 Day(s), 16 Hour(s), 11 Minute(s), and 51 Second(s). 
[Only_5D] DONE : Batch  81 of 171
[Only_5D] Time Elapsed Up To Now: 0 Day(s), 16 Hour(s), 21 Minute(s), and 46 Second(s). 
[Only_5D] START: Batch  89 of 171
[Only_5D] Time Elapsed Up To Now: 0 Day(s), 16 Hour(s), 21 Minute(s), and 46 Second(s). 
[Only_5D] DONE : Batch  82 of 171
[Only_5D] Time Elapsed Up To Now: 0 Day(s), 16 Hour(s), 27 Minute(s), and 39 Second(s). 
[Only_5D] START: Batch  90 of 171
[Only_5D] Time Elapsed Up To Now: 0 Day(s), 16 Hour(s), 27 Minute(s), and 39 Second(s). 
[Only_5D] DONE : Batch  83 of 171
[Only_5D] Time Elapsed Up To Now: 0 Day(s), 16 Hour(s), 29 Minute(s), and 39 Second(s). 
[Only_5D] START: Batch  91 of 171
[Only_5D] Time Elapsed Up To Now: 0 Day(s), 16 Hour(s), 29 Minute(s), and 39 Second(s). 
[Only_5D] DONE : Batch  84 of 171
[Only_5D] Time Elapsed Up To Now: 0 Day(s), 16 Hour(s), 35 Minute(s), and 28 Second(s). 
[Only_5D] START: Batch  92 of 171
[Only_5D] Time Elapsed Up To Now: 0 Day(s), 16 Hour(s), 35 Minute(s), and 28 Second(s). 
[Only_5D] DONE : Batch  85 of 171
[Only_5D] Time Elapsed Up To Now: 0 Day(s), 16 Hour(s), 41 Minute(s), and 1 Second(s). 
[Only_5D] START: Batch  93 of 171
[Only_5D] Time Elapsed Up To Now: 0 Day(s), 16 Hour(s), 41 Minute(s), and 1 Second(s). 
[Only_5D] DONE : Batch  86 of 171
[Only_5D] Time Elapsed Up To Now: 0 Day(s), 16 Hour(s), 51 Minute(s), and 52 Second(s). 
[Only_5D] START: Batch  94 of 171
[Only_5D] Time Elapsed Up To Now: 0 Day(s), 16 Hour(s), 51 Minute(s), and 52 Second(s). 
[Only_5D] DONE : Batch  87 of 171
[Only_5D] Time Elapsed Up To Now: 0 Day(s), 17 Hour(s), 2 Minute(s), and 37 Second(s). 
[Only_5D] START: Batch  95 of 171
[Only_5D] Time Elapsed Up To Now: 0 Day(s), 17 Hour(s), 2 Minute(s), and 37 Second(s). 
[Only_5D] DONE : Batch  88 of 171
[Only_5D] Time Elapsed Up To Now: 0 Day(s), 17 Hour(s), 30 Minute(s), and 18 Second(s). 
[Only_5D] START: Batch  96 of 171
[Only_5D] Time Elapsed Up To Now: 0 Day(s), 17 Hour(s), 30 Minute(s), and 18 Second(s). 
[Only_5D] DONE : Batch  89 of 171
[Only_5D] Time Elapsed Up To Now: 0 Day(s), 17 Hour(s), 41 Minute(s), and 34 Second(s). 
[Only_5D] START: Batch  97 of 171
[Only_5D] Time Elapsed Up To Now: 0 Day(s), 17 Hour(s), 41 Minute(s), and 34 Second(s). 
[Only_5D] DONE : Batch  90 of 171
[Only_5D] Time Elapsed Up To Now: 0 Day(s), 17 Hour(s), 45 Minute(s), and 37 Second(s). 
[Only_5D] START: Batch  98 of 171
[Only_5D] Time Elapsed Up To Now: 0 Day(s), 17 Hour(s), 45 Minute(s), and 37 Second(s). 
[Only_5D] DONE : Batch  91 of 171
[Only_5D] Time Elapsed Up To Now: 0 Day(s), 17 Hour(s), 47 Minute(s), and 23 Second(s). 
[Only_5D] START: Batch  99 of 171
[Only_5D] Time Elapsed Up To Now: 0 Day(s), 17 Hour(s), 47 Minute(s), and 23 Second(s). 
[Only_5D] DONE : Batch  92 of 171
[Only_5D] Time Elapsed Up To Now: 0 Day(s), 17 Hour(s), 53 Minute(s), and 49 Second(s). 
[Only_5D] START: Batch 100 of 171
[Only_5D] Time Elapsed Up To Now: 0 Day(s), 17 Hour(s), 53 Minute(s), and 49 Second(s). 
[Only_5D] DONE : Batch  93 of 171
[Only_5D] Time Elapsed Up To Now: 0 Day(s), 17 Hour(s), 59 Minute(s), and 21 Second(s). 
[Only_5D] START: Batch 101 of 171
[Only_5D] Time Elapsed Up To Now: 0 Day(s), 17 Hour(s), 59 Minute(s), and 21 Second(s). 
[Only_5D] DONE : Batch  94 of 171
[Only_5D] Time Elapsed Up To Now: 0 Day(s), 18 Hour(s), 10 Minute(s), and 16 Second(s). 
[Only_5D] START: Batch 102 of 171
[Only_5D] Time Elapsed Up To Now: 0 Day(s), 18 Hour(s), 10 Minute(s), and 16 Second(s). 
[Only_5D] DONE : Batch  95 of 171
[Only_5D] Time Elapsed Up To Now: 0 Day(s), 18 Hour(s), 21 Minute(s), and 15 Second(s). 
[Only_5D] START: Batch 103 of 171
[Only_5D] Time Elapsed Up To Now: 0 Day(s), 18 Hour(s), 21 Minute(s), and 15 Second(s). 
[Only_5D] DONE : Batch  96 of 171
[Only_5D] Time Elapsed Up To Now: 0 Day(s), 18 Hour(s), 47 Minute(s), and 1 Second(s). 
[Only_5D] START: Batch 104 of 171
[Only_5D] Time Elapsed Up To Now: 0 Day(s), 18 Hour(s), 47 Minute(s), and 1 Second(s). 
[Only_5D] DONE : Batch  97 of 171
[Only_5D] Time Elapsed Up To Now: 0 Day(s), 18 Hour(s), 59 Minute(s), and 34 Second(s). 
[Only_5D] START: Batch 105 of 171
[Only_5D] Time Elapsed Up To Now: 0 Day(s), 18 Hour(s), 59 Minute(s), and 34 Second(s). 
[Only_5D] DONE : Batch  98 of 171
[Only_5D] Time Elapsed Up To Now: 0 Day(s), 19 Hour(s), 3 Minute(s), and 29 Second(s). 
[Only_5D] START: Batch 106 of 171
[Only_5D] Time Elapsed Up To Now: 0 Day(s), 19 Hour(s), 3 Minute(s), and 29 Second(s). 
[Only_5D] DONE : Batch  99 of 171
[Only_5D] Time Elapsed Up To Now: 0 Day(s), 19 Hour(s), 5 Minute(s), and 3 Second(s). 
[Only_5D] START: Batch 107 of 171
[Only_5D] Time Elapsed Up To Now: 0 Day(s), 19 Hour(s), 5 Minute(s), and 3 Second(s). 
[Only_5D] DONE : Batch 100 of 171
[Only_5D] Time Elapsed Up To Now: 0 Day(s), 19 Hour(s), 11 Minute(s), and 37 Second(s). 
[Only_5D] START: Batch 108 of 171
[Only_5D] Time Elapsed Up To Now: 0 Day(s), 19 Hour(s), 11 Minute(s), and 37 Second(s). 
[Only_5D] DONE : Batch 101 of 171
[Only_5D] Time Elapsed Up To Now: 0 Day(s), 19 Hour(s), 18 Minute(s), and 47 Second(s). 
[Only_5D] START: Batch 109 of 171
[Only_5D] Time Elapsed Up To Now: 0 Day(s), 19 Hour(s), 18 Minute(s), and 47 Second(s). 
[Only_5D] DONE : Batch 102 of 171
[Only_5D] Time Elapsed Up To Now: 0 Day(s), 19 Hour(s), 27 Minute(s), and 36 Second(s). 
[Only_5D] START: Batch 110 of 171
[Only_5D] Time Elapsed Up To Now: 0 Day(s), 19 Hour(s), 27 Minute(s), and 36 Second(s). 
[Only_5D] DONE : Batch 103 of 171
[Only_5D] Time Elapsed Up To Now: 0 Day(s), 19 Hour(s), 38 Minute(s), and 14 Second(s). 
[Only_5D] START: Batch 111 of 171
[Only_5D] Time Elapsed Up To Now: 0 Day(s), 19 Hour(s), 38 Minute(s), and 14 Second(s). 
[Only_5D] DONE : Batch 104 of 171
[Only_5D] Time Elapsed Up To Now: 0 Day(s), 20 Hour(s), 4 Minute(s), and 13 Second(s). 
[Only_5D] START: Batch 112 of 171
[Only_5D] Time Elapsed Up To Now: 0 Day(s), 20 Hour(s), 4 Minute(s), and 13 Second(s). 
[Only_5D] DONE : Batch 105 of 171
[Only_5D] Time Elapsed Up To Now: 0 Day(s), 20 Hour(s), 16 Minute(s), and 2 Second(s). 
[Only_5D] START: Batch 113 of 171
[Only_5D] Time Elapsed Up To Now: 0 Day(s), 20 Hour(s), 16 Minute(s), and 2 Second(s). 
[Only_5D] DONE : Batch 106 of 171
[Only_5D] Time Elapsed Up To Now: 0 Day(s), 20 Hour(s), 20 Minute(s), and 44 Second(s). 
[Only_5D] START: Batch 114 of 171
[Only_5D] Time Elapsed Up To Now: 0 Day(s), 20 Hour(s), 20 Minute(s), and 44 Second(s). 
[Only_5D] DONE : Batch 107 of 171
[Only_5D] Time Elapsed Up To Now: 0 Day(s), 20 Hour(s), 21 Minute(s), and 58 Second(s). 
[Only_5D] START: Batch 115 of 171
[Only_5D] Time Elapsed Up To Now: 0 Day(s), 20 Hour(s), 21 Minute(s), and 58 Second(s). 
[Only_5D] DONE : Batch 108 of 171
[Only_5D] Time Elapsed Up To Now: 0 Day(s), 20 Hour(s), 27 Minute(s), and 32 Second(s). 
[Only_5D] START: Batch 116 of 171
[Only_5D] Time Elapsed Up To Now: 0 Day(s), 20 Hour(s), 27 Minute(s), and 32 Second(s). 
[Only_5D] DONE : Batch 109 of 171
[Only_5D] Time Elapsed Up To Now: 0 Day(s), 20 Hour(s), 35 Minute(s), and 12 Second(s). 
[Only_5D] START: Batch 117 of 171
[Only_5D] Time Elapsed Up To Now: 0 Day(s), 20 Hour(s), 35 Minute(s), and 12 Second(s). 
[Only_5D] DONE : Batch 110 of 171
[Only_5D] Time Elapsed Up To Now: 0 Day(s), 20 Hour(s), 43 Minute(s), and 59 Second(s). 
[Only_5D] START: Batch 118 of 171
[Only_5D] Time Elapsed Up To Now: 0 Day(s), 20 Hour(s), 43 Minute(s), and 59 Second(s). 
[Only_5D] DONE : Batch 111 of 171
[Only_5D] Time Elapsed Up To Now: 0 Day(s), 20 Hour(s), 54 Minute(s), and 38 Second(s). 
[Only_5D] START: Batch 119 of 171
[Only_5D] Time Elapsed Up To Now: 0 Day(s), 20 Hour(s), 54 Minute(s), and 38 Second(s). 
[Only_5D] DONE : Batch 112 of 171
[Only_5D] Time Elapsed Up To Now: 0 Day(s), 21 Hour(s), 21 Minute(s), and 39 Second(s). 
[Only_5D] START: Batch 120 of 171
[Only_5D] Time Elapsed Up To Now: 0 Day(s), 21 Hour(s), 21 Minute(s), and 39 Second(s). 
[Only_5D] DONE : Batch 113 of 171
[Only_5D] Time Elapsed Up To Now: 0 Day(s), 21 Hour(s), 33 Minute(s), and 15 Second(s). 
[Only_5D] START: Batch 121 of 171
[Only_5D] Time Elapsed Up To Now: 0 Day(s), 21 Hour(s), 33 Minute(s), and 15 Second(s). 
[Only_5D] DONE : Batch 114 of 171
[Only_5D] Time Elapsed Up To Now: 0 Day(s), 21 Hour(s), 38 Minute(s), and 27 Second(s). 
[Only_5D] START: Batch 122 of 171
[Only_5D] Time Elapsed Up To Now: 0 Day(s), 21 Hour(s), 38 Minute(s), and 27 Second(s). 
[Only_5D] DONE : Batch 115 of 171
[Only_5D] Time Elapsed Up To Now: 0 Day(s), 21 Hour(s), 40 Minute(s), and 31 Second(s). 
[Only_5D] START: Batch 123 of 171
[Only_5D] Time Elapsed Up To Now: 0 Day(s), 21 Hour(s), 40 Minute(s), and 31 Second(s). 
[Only_5D] DONE : Batch 116 of 171
[Only_5D] Time Elapsed Up To Now: 0 Day(s), 21 Hour(s), 45 Minute(s), and 47 Second(s). 
[Only_5D] START: Batch 124 of 171
[Only_5D] Time Elapsed Up To Now: 0 Day(s), 21 Hour(s), 45 Minute(s), and 47 Second(s). 
[Only_5D] DONE : Batch 117 of 171
[Only_5D] Time Elapsed Up To Now: 0 Day(s), 21 Hour(s), 56 Minute(s), and 9 Second(s). 
[Only_5D] START: Batch 125 of 171
[Only_5D] Time Elapsed Up To Now: 0 Day(s), 21 Hour(s), 56 Minute(s), and 9 Second(s). 
[Only_5D] DONE : Batch 118 of 171
[Only_5D] Time Elapsed Up To Now: 0 Day(s), 22 Hour(s), 5 Minute(s), and 38 Second(s). 
[Only_5D] START: Batch 126 of 171
[Only_5D] Time Elapsed Up To Now: 0 Day(s), 22 Hour(s), 5 Minute(s), and 38 Second(s). 
[Only_5D] DONE : Batch 119 of 171
[Only_5D] Time Elapsed Up To Now: 0 Day(s), 22 Hour(s), 18 Minute(s), and 15 Second(s). 
[Only_5D] START: Batch 127 of 171
[Only_5D] Time Elapsed Up To Now: 0 Day(s), 22 Hour(s), 18 Minute(s), and 15 Second(s). 
[Only_5D] DONE : Batch 120 of 171
[Only_5D] Time Elapsed Up To Now: 0 Day(s), 22 Hour(s), 47 Minute(s), and 21 Second(s). 
[Only_5D] START: Batch 128 of 171
[Only_5D] Time Elapsed Up To Now: 0 Day(s), 22 Hour(s), 47 Minute(s), and 21 Second(s). 
[Only_5D] DONE : Batch 121 of 171
[Only_5D] Time Elapsed Up To Now: 0 Day(s), 23 Hour(s), 1 Minute(s), and 20 Second(s). 
[Only_5D] START: Batch 129 of 171
[Only_5D] Time Elapsed Up To Now: 0 Day(s), 23 Hour(s), 1 Minute(s), and 20 Second(s). 
[Only_5D] DONE : Batch 122 of 171
[Only_5D] Time Elapsed Up To Now: 0 Day(s), 23 Hour(s), 6 Minute(s), and 19 Second(s). 
[Only_5D] START: Batch 130 of 171
[Only_5D] Time Elapsed Up To Now: 0 Day(s), 23 Hour(s), 6 Minute(s), and 19 Second(s). 
[Only_5D] DONE : Batch 123 of 171
[Only_5D] Time Elapsed Up To Now: 0 Day(s), 23 Hour(s), 7 Minute(s), and 46 Second(s). 
[Only_5D] START: Batch 131 of 171
[Only_5D] Time Elapsed Up To Now: 0 Day(s), 23 Hour(s), 7 Minute(s), and 46 Second(s). 
[Only_5D] DONE : Batch 124 of 171
[Only_5D] Time Elapsed Up To Now: 0 Day(s), 23 Hour(s), 12 Minute(s), and 47 Second(s). 
[Only_5D] START: Batch 132 of 171
[Only_5D] Time Elapsed Up To Now: 0 Day(s), 23 Hour(s), 12 Minute(s), and 47 Second(s). 
[Only_5D] DONE : Batch 125 of 171
[Only_5D] Time Elapsed Up To Now: 0 Day(s), 23 Hour(s), 21 Minute(s), and 2 Second(s). 
[Only_5D] START: Batch 133 of 171
[Only_5D] Time Elapsed Up To Now: 0 Day(s), 23 Hour(s), 21 Minute(s), and 2 Second(s). 
[Only_5D] DONE : Batch 126 of 171
[Only_5D] Time Elapsed Up To Now: 0 Day(s), 23 Hour(s), 28 Minute(s), and 10 Second(s). 
[Only_5D] START: Batch 134 of 171
[Only_5D] Time Elapsed Up To Now: 0 Day(s), 23 Hour(s), 28 Minute(s), and 10 Second(s). 
[Only_5D] DONE : Batch 127 of 171
[Only_5D] Time Elapsed Up To Now: 0 Day(s), 23 Hour(s), 38 Minute(s), and 34 Second(s). 
[Only_5D] START: Batch 135 of 171
[Only_5D] Time Elapsed Up To Now: 0 Day(s), 23 Hour(s), 38 Minute(s), and 34 Second(s). 
[Only_5D] DONE : Batch 128 of 171
[Only_5D] Time Elapsed Up To Now: 1 Day(s), 0 Hour(s), 4 Minute(s), and 59 Second(s). 
[Only_5D] START: Batch 136 of 171
[Only_5D] Time Elapsed Up To Now: 1 Day(s), 0 Hour(s), 4 Minute(s), and 59 Second(s). 
[Only_5D] DONE : Batch 129 of 171
[Only_5D] Time Elapsed Up To Now: 1 Day(s), 0 Hour(s), 18 Minute(s), and 10 Second(s). 
[Only_5D] START: Batch 137 of 171
[Only_5D] Time Elapsed Up To Now: 1 Day(s), 0 Hour(s), 18 Minute(s), and 10 Second(s). 
[Only_5D] DONE : Batch 130 of 171
[Only_5D] Time Elapsed Up To Now: 1 Day(s), 0 Hour(s), 23 Minute(s), and 9 Second(s). 
[Only_5D] START: Batch 138 of 171
[Only_5D] Time Elapsed Up To Now: 1 Day(s), 0 Hour(s), 23 Minute(s), and 9 Second(s). 
[Only_5D] DONE : Batch 131 of 171
[Only_5D] Time Elapsed Up To Now: 1 Day(s), 0 Hour(s), 25 Minute(s), and 21 Second(s). 
[Only_5D] START: Batch 139 of 171
[Only_5D] Time Elapsed Up To Now: 1 Day(s), 0 Hour(s), 25 Minute(s), and 21 Second(s). 
[Only_5D] DONE : Batch 132 of 171
[Only_5D] Time Elapsed Up To Now: 1 Day(s), 0 Hour(s), 30 Minute(s), and 5 Second(s). 
[Only_5D] START: Batch 140 of 171
[Only_5D] Time Elapsed Up To Now: 1 Day(s), 0 Hour(s), 30 Minute(s), and 5 Second(s). 
[Only_5D] DONE : Batch 133 of 171
[Only_5D] Time Elapsed Up To Now: 1 Day(s), 0 Hour(s), 37 Minute(s), and 27 Second(s). 
[Only_5D] START: Batch 141 of 171
[Only_5D] Time Elapsed Up To Now: 1 Day(s), 0 Hour(s), 37 Minute(s), and 27 Second(s). 
[Only_5D] DONE : Batch 134 of 171
[Only_5D] Time Elapsed Up To Now: 1 Day(s), 0 Hour(s), 44 Minute(s), and 58 Second(s). 
[Only_5D] START: Batch 142 of 171
[Only_5D] Time Elapsed Up To Now: 1 Day(s), 0 Hour(s), 44 Minute(s), and 58 Second(s). 
[Only_5D] DONE : Batch 135 of 171
[Only_5D] Time Elapsed Up To Now: 1 Day(s), 0 Hour(s), 56 Minute(s), and 40 Second(s). 
[Only_5D] START: Batch 143 of 171
[Only_5D] Time Elapsed Up To Now: 1 Day(s), 0 Hour(s), 56 Minute(s), and 40 Second(s). 
[Only_5D] DONE : Batch 136 of 171
[Only_5D] Time Elapsed Up To Now: 1 Day(s), 1 Hour(s), 20 Minute(s), and 44 Second(s). 
[Only_5D] START: Batch 144 of 171
[Only_5D] Time Elapsed Up To Now: 1 Day(s), 1 Hour(s), 20 Minute(s), and 44 Second(s). 
[Only_5D] DONE : Batch 137 of 171
[Only_5D] Time Elapsed Up To Now: 1 Day(s), 1 Hour(s), 32 Minute(s), and 23 Second(s). 
[Only_5D] START: Batch 145 of 171
[Only_5D] Time Elapsed Up To Now: 1 Day(s), 1 Hour(s), 32 Minute(s), and 23 Second(s). 
[Only_5D] DONE : Batch 138 of 171
[Only_5D] Time Elapsed Up To Now: 1 Day(s), 1 Hour(s), 37 Minute(s), and 30 Second(s). 
[Only_5D] START: Batch 146 of 171
[Only_5D] Time Elapsed Up To Now: 1 Day(s), 1 Hour(s), 37 Minute(s), and 30 Second(s). Info in <hadd>: target file: /w/hallb-scshelf2102/clas12/richcap/SIDIS_Analysis/Histo_Files_ROOT/DataFrames/hadd_ROOT_files_From_using_RDataFrames/SIDIS_epip_Response_Matrices_from_RDataFrames_Only_5D_1st_Order_V3_Response_Matrices_Final_Analysis_Iterations_I0_All.root
[Only_5D] Info in <hadd>: compression setting for all output: 101
[Only_5D] hadd Source file 1: /scratch/richcap/Response_Matrix_Outputs/Only_5D_1st_Order_V3_Response_Matrices_Final_Analysis_Iterations_I0_08_23_2026/SIDIS_epip_Response_Matrices_from_RDataFrames_Only_5D_1st_Order_V3_Response_Matrices_Final_Analysis_Iterations_I0_Batch003.root
[Only_5D] hadd Source file 2: /scratch/richcap/Response_Matrix_Outputs/Only_5D_1st_Order_V3_Response_Matrices_Final_Analysis_Iterations_I0_08_23_2026/SIDIS_epip_Response_Matrices_from_RDataFrames_Only_5D_1st_Order_V3_Response_Matrices_Final_Analysis_Iterations_I0_Batch004.root
[Only_5D] hadd Source file 3: /scratch/richcap/Response_Matrix_Outputs/Only_5D_1st_Order_V3_Response_Matrices_Final_Analysis_Iterations_I0_08_23_2026/SIDIS_epip_Response_Matrices_from_RDataFrames_Only_5D_1st_Order_V3_Response_Matrices_Final_Analysis_Iterations_I0_Batch006.root
[Only_5D] hadd Source file 4: /scratch/richcap/Response_Matrix_Outputs/Only_5D_1st_Order_V3_Response_Matrices_Final_Analysis_Iterations_I0_08_23_2026/SIDIS_epip_Response_Matrices_from_RDataFrames_Only_5D_1st_Order_V3_Response_Matrices_Final_Analysis_Iterations_I0_Batch007.root
[Only_5D] hadd Source file 5: /scratch/richcap/Response_Matrix_Outputs/Only_5D_1st_Order_V3_Response_Matrices_Final_Analysis_Iterations_I0_08_23_2026/SIDIS_epip_Response_Matrices_from_RDataFrames_Only_5D_1st_Order_V3_Response_Matrices_Final_Analysis_Iterations_I0_Batch008.root
[Only_5D] hadd Source file 6: /scratch/richcap/Response_Matrix_Outputs/Only_5D_1st_Order_V3_Response_Matrices_Final_Analysis_Iterations_I0_08_23_2026/SIDIS_epip_Response_Matrices_from_RDataFrames_Only_5D_1st_Order_V3_Response_Matrices_Final_Analysis_Iterations_I0_Batch005.root
[Only_5D] hadd Source file 7: /scratch/richcap/Response_Matrix_Outputs/Only_5D_1st_Order_V3_Response_Matrices_Final_Analysis_Iterations_I0_08_23_2026/SIDIS_epip_Response_Matrices_from_RDataFrames_Only_5D_1st_Order_V3_Response_Matrices_Final_Analysis_Iterations_I0_Batch001.root
[Only_5D] hadd Source file 8: /scratch/richcap/Response_Matrix_Outputs/Only_5D_1st_Order_V3_Response_Matrices_Final_Analysis_Iterations_I0_08_23_2026/SIDIS_epip_Response_Matrices_from_RDataFrames_Only_5D_1st_Order_V3_Response_Matrices_Final_Analysis_Iterations_I0_Batch002.root
[Only_5D] hadd Source file 9: /scratch/richcap/Response_Matrix_Outputs/Only_5D_1st_Order_V3_Response_Matrices_Final_Analysis_Iterations_I0_08_23_2026/SIDIS_epip_Response_Matrices_from_RDataFrames_Only_5D_1st_Order_V3_Response_Matrices_Final_Analysis_Iterations_I0_Batch014.root
[Only_5D] hadd Source file 10: /scratch/richcap/Response_Matrix_Outputs/Only_5D_1st_Order_V3_Response_Matrices_Final_Analysis_Iterations_I0_08_23_2026/SIDIS_epip_Response_Matrices_from_RDataFrames_Only_5D_1st_Order_V3_Response_Matrices_Final_Analysis_Iterations_I0_Batch013.root
[Only_5D] hadd Source file 11: /scratch/richcap/Response_Matrix_Outputs/Only_5D_1st_Order_V3_Response_Matrices_Final_Analysis_Iterations_I0_08_23_2026/SIDIS_epip_Response_Matrices_from_RDataFrames_Only_5D_1st_Order_V3_Response_Matrices_Final_Analysis_Iterations_I0_Batch012.root
[Only_5D] hadd Source file 12: /scratch/richcap/Response_Matrix_Outputs/Only_5D_1st_Order_V3_Response_Matrices_Final_Analysis_Iterations_I0_08_23_2026/SIDIS_epip_Response_Matrices_from_RDataFrames_Only_5D_1st_Order_V3_Response_Matrices_Final_Analysis_Iterations_I0_Batch009.root
[Only_5D] hadd Source file 13: /scratch/richcap/Response_Matrix_Outputs/Only_5D_1st_Order_V3_Response_Matrices_Final_Analysis_Iterations_I0_08_23_2026/SIDIS_epip_Response_Matrices_from_RDataFrames_Only_5D_1st_Order_V3_Response_Matrices_Final_Analysis_Iterations_I0_Batch011.root
[Only_5D] hadd Source file 14: /scratch/richcap/Response_Matrix_Outputs/Only_5D_1st_Order_V3_Response_Matrices_Final_Analysis_Iterations_I0_08_23_2026/SIDIS_epip_Response_Matrices_from_RDataFrames_Only_5D_1st_Order_V3_Response_Matrices_Final_Analysis_Iterations_I0_Batch010.root
[Only_5D] hadd Source file 15: /scratch/richcap/Response_Matrix_Outputs/Only_5D_1st_Order_V3_Response_Matrices_Final_Analysis_Iterations_I0_08_23_2026/SIDIS_epip_Response_Matrices_from_RDataFrames_Only_5D_1st_Order_V3_Response_Matrices_Final_Analysis_Iterations_I0_Batch016.root
[Only_5D] hadd Source file 16: /scratch/richcap/Response_Matrix_Outputs/Only_5D_1st_Order_V3_Response_Matrices_Final_Analysis_Iterations_I0_08_23_2026/SIDIS_epip_Response_Matrices_from_RDataFrames_Only_5D_1st_Order_V3_Response_Matrices_Final_Analysis_Iterations_I0_Batch015.root
[Only_5D] hadd Source file 17: /scratch/richcap/Response_Matrix_Outputs/Only_5D_1st_Order_V3_Response_Matrices_Final_Analysis_Iterations_I0_08_23_2026/SIDIS_epip_Response_Matrices_from_RDataFrames_Only_5D_1st_Order_V3_Response_Matrices_Final_Analysis_Iterations_I0_Batch017.root
[Only_5D] hadd Source file 18: /scratch/richcap/Response_Matrix_Outputs/Only_5D_1st_Order_V3_Response_Matrices_Final_Analysis_Iterations_I0_08_23_2026/SIDIS_epip_Response_Matrices_from_RDataFrames_Only_5D_1st_Order_V3_Response_Matrices_Final_Analysis_Iterations_I0_Batch018.root
[Only_5D] hadd Source file 19: /scratch/richcap/Response_Matrix_Outputs/Only_5D_1st_Order_V3_Response_Matrices_Final_Analysis_Iterations_I0_08_23_2026/SIDIS_epip_Response_Matrices_from_RDataFrames_Only_5D_1st_Order_V3_Response_Matrices_Final_Analysis_Iterations_I0_Batch019.root
[Only_5D] hadd Source file 20: /scratch/richcap/Response_Matrix_Outputs/Only_5D_1st_Order_V3_Response_Matrices_Final_Analysis_Iterations_I0_08_23_2026/SIDIS_epip_Response_Matrices_from_RDataFrames_Only_5D_1st_Order_V3_Response_Matrices_Final_Analysis_Iterations_I0_Batch020.root
[Only_5D] hadd Source file 21: /scratch/richcap/Response_Matrix_Outputs/Only_5D_1st_Order_V3_Response_Matrices_Final_Analysis_Iterations_I0_08_23_2026/SIDIS_epip_Response_Matrices_from_RDataFrames_Only_5D_1st_Order_V3_Response_Matrices_Final_Analysis_Iterations_I0_Batch021.root
[Only_5D] hadd Source file 22: /scratch/richcap/Response_Matrix_Outputs/Only_5D_1st_Order_V3_Response_Matrices_Final_Analysis_Iterations_I0_08_23_2026/SIDIS_epip_Response_Matrices_from_RDataFrames_Only_5D_1st_Order_V3_Response_Matrices_Final_Analysis_Iterations_I0_Batch022.root
[Only_5D] hadd Source file 23: /scratch/richcap/Response_Matrix_Outputs/Only_5D_1st_Order_V3_Response_Matrices_Final_Analysis_Iterations_I0_08_23_2026/SIDIS_epip_Response_Matrices_from_RDataFrames_Only_5D_1st_Order_V3_Response_Matrices_Final_Analysis_Iterations_I0_Batch024.root
[Only_5D] hadd Source file 24: /scratch/richcap/Response_Matrix_Outputs/Only_5D_1st_Order_V3_Response_Matrices_Final_Analysis_Iterations_I0_08_23_2026/SIDIS_epip_Response_Matrices_from_RDataFrames_Only_5D_1st_Order_V3_Response_Matrices_Final_Analysis_Iterations_I0_Batch023.root
[Only_5D] hadd Source file 25: /scratch/richcap/Response_Matrix_Outputs/Only_5D_1st_Order_V3_Response_Matrices_Final_Analysis_Iterations_I0_08_23_2026/SIDIS_epip_Response_Matrices_from_RDataFrames_Only_5D_1st_Order_V3_Response_Matrices_Final_Analysis_Iterations_I0_Batch025.root
[Only_5D] hadd Source file 26: /scratch/richcap/Response_Matrix_Outputs/Only_5D_1st_Order_V3_Response_Matrices_Final_Analysis_Iterations_I0_08_23_2026/SIDIS_epip_Response_Matrices_from_RDataFrames_Only_5D_1st_Order_V3_Response_Matrices_Final_Analysis_Iterations_I0_Batch026.root
[Only_5D] hadd Source file 27: /scratch/richcap/Response_Matrix_Outputs/Only_5D_1st_Order_V3_Response_Matrices_Final_Analysis_Iterations_I0_08_23_2026/SIDIS_epip_Response_Matrices_from_RDataFrames_Only_5D_1st_Order_V3_Response_Matrices_Final_Analysis_Iterations_I0_Batch027.root
[Only_5D] hadd Source file 28: /scratch/richcap/Response_Matrix_Outputs/Only_5D_1st_Order_V3_Response_Matrices_Final_Analysis_Iterations_I0_08_23_2026/SIDIS_epip_Response_Matrices_from_RDataFrames_Only_5D_1st_Order_V3_Response_Matrices_Final_Analysis_Iterations_I0_Batch028.root
[Only_5D] hadd Source file 29: /scratch/richcap/Response_Matrix_Outputs/Only_5D_1st_Order_V3_Response_Matrices_Final_Analysis_Iterations_I0_08_23_2026/SIDIS_epip_Response_Matrices_from_RDataFrames_Only_5D_1st_Order_V3_Response_Matrices_Final_Analysis_Iterations_I0_Batch029.root
[Only_5D] hadd Source file 30: /scratch/richcap/Response_Matrix_Outputs/Only_5D_1st_Order_V3_Response_Matrices_Final_Analysis_Iterations_I0_08_23_2026/SIDIS_epip_Response_Matrices_from_RDataFrames_Only_5D_1st_Order_V3_Response_Matrices_Final_Analysis_Iterations_I0_Batch030.root
[Only_5D] hadd Source file 31: /scratch/richcap/Response_Matrix_Outputs/Only_5D_1st_Order_V3_Response_Matrices_Final_Analysis_Iterations_I0_08_23_2026/SIDIS_epip_Response_Matrices_from_RDataFrames_Only_5D_1st_Order_V3_Response_Matrices_Final_Analysis_Iterations_I0_Batch031.root
[Only_5D] hadd Source file 32: /scratch/richcap/Response_Matrix_Outputs/Only_5D_1st_Order_V3_Response_Matrices_Final_Analysis_Iterations_I0_08_23_2026/SIDIS_epip_Response_Matrices_from_RDataFrames_Only_5D_1st_Order_V3_Response_Matrices_Final_Analysis_Iterations_I0_Batch032.root
[Only_5D] hadd Source file 33: /scratch/richcap/Response_Matrix_Outputs/Only_5D_1st_Order_V3_Response_Matrices_Final_Analysis_Iterations_I0_08_23_2026/SIDIS_epip_Response_Matrices_from_RDataFrames_Only_5D_1st_Order_V3_Response_Matrices_Final_Analysis_Iterations_I0_Batch033.root
[Only_5D] hadd Source file 34: /scratch/richcap/Response_Matrix_Outputs/Only_5D_1st_Order_V3_Response_Matrices_Final_Analysis_Iterations_I0_08_23_2026/SIDIS_epip_Response_Matrices_from_RDataFrames_Only_5D_1st_Order_V3_Response_Matrices_Final_Analysis_Iterations_I0_Batch035.root
[Only_5D] hadd Source file 35: /scratch/richcap/Response_Matrix_Outputs/Only_5D_1st_Order_V3_Response_Matrices_Final_Analysis_Iterations_I0_08_23_2026/SIDIS_epip_Response_Matrices_from_RDataFrames_Only_5D_1st_Order_V3_Response_Matrices_Final_Analysis_Iterations_I0_Batch036.root
[Only_5D] hadd Source file 36: /scratch/richcap/Response_Matrix_Outputs/Only_5D_1st_Order_V3_Response_Matrices_Final_Analysis_Iterations_I0_08_23_2026/SIDIS_epip_Response_Matrices_from_RDataFrames_Only_5D_1st_Order_V3_Response_Matrices_Final_Analysis_Iterations_I0_Batch037.root
[Only_5D] hadd Source file 37: /scratch/richcap/Response_Matrix_Outputs/Only_5D_1st_Order_V3_Response_Matrices_Final_Analysis_Iterations_I0_08_23_2026/SIDIS_epip_Response_Matrices_from_RDataFrames_Only_5D_1st_Order_V3_Response_Matrices_Final_Analysis_Iterations_I0_Batch038.root
[Only_5D] hadd Source file 38: /scratch/richcap/Response_Matrix_Outputs/Only_5D_1st_Order_V3_Response_Matrices_Final_Analysis_Iterations_I0_08_23_2026/SIDIS_epip_Response_Matrices_from_RDataFrames_Only_5D_1st_Order_V3_Response_Matrices_Final_Analysis_Iterations_I0_Batch040.root
[Only_5D] hadd Source file 39: /scratch/richcap/Response_Matrix_Outputs/Only_5D_1st_Order_V3_Response_Matrices_Final_Analysis_Iterations_I0_08_23_2026/SIDIS_epip_Response_Matrices_from_RDataFrames_Only_5D_1st_Order_V3_Response_Matrices_Final_Analysis_Iterations_I0_Batch042.root
[Only_5D] hadd Source file 40: /scratch/richcap/Response_Matrix_Outputs/Only_5D_1st_Order_V3_Response_Matrices_Final_Analysis_Iterations_I0_08_23_2026/SIDIS_epip_Response_Matrices_from_RDataFrames_Only_5D_1st_Order_V3_Response_Matrices_Final_Analysis_Iterations_I0_Batch043.root
[Only_5D] hadd Source file 41: /scratch/richcap/Response_Matrix_Outputs/Only_5D_1st_Order_V3_Response_Matrices_Final_Analysis_Iterations_I0_08_23_2026/SIDIS_epip_Response_Matrices_from_RDataFrames_Only_5D_1st_Order_V3_Response_Matrices_Final_Analysis_Iterations_I0_Batch034.root
[Only_5D] hadd Source file 42: /scratch/richcap/Response_Matrix_Outputs/Only_5D_1st_Order_V3_Response_Matrices_Final_Analysis_Iterations_I0_08_23_2026/SIDIS_epip_Response_Matrices_from_RDataFrames_Only_5D_1st_Order_V3_Response_Matrices_Final_Analysis_Iterations_I0_Batch039.root
[Only_5D] hadd Source file 43: /scratch/richcap/Response_Matrix_Outputs/Only_5D_1st_Order_V3_Response_Matrices_Final_Analysis_Iterations_I0_08_23_2026/SIDIS_epip_Response_Matrices_from_RDataFrames_Only_5D_1st_Order_V3_Response_Matrices_Final_Analysis_Iterations_I0_Batch047.root
[Only_5D] hadd Source file 44: /scratch/richcap/Response_Matrix_Outputs/Only_5D_1st_Order_V3_Response_Matrices_Final_Analysis_Iterations_I0_08_23_2026/SIDIS_epip_Response_Matrices_from_RDataFrames_Only_5D_1st_Order_V3_Response_Matrices_Final_Analysis_Iterations_I0_Batch041.root
[Only_5D] hadd Source file 45: /scratch/richcap/Response_Matrix_Outputs/Only_5D_1st_Order_V3_Response_Matrices_Final_Analysis_Iterations_I0_08_23_2026/SIDIS_epip_Response_Matrices_from_RDataFrames_Only_5D_1st_Order_V3_Response_Matrices_Final_Analysis_Iterations_I0_Batch050.root
[Only_5D] hadd Source file 46: /scratch/richcap/Response_Matrix_Outputs/Only_5D_1st_Order_V3_Response_Matrices_Final_Analysis_Iterations_I0_08_23_2026/SIDIS_epip_Response_Matrices_from_RDataFrames_Only_5D_1st_Order_V3_Response_Matrices_Final_Analysis_Iterations_I0_Batch044.root
[Only_5D] hadd Source file 47: /scratch/richcap/Response_Matrix_Outputs/Only_5D_1st_Order_V3_Response_Matrices_Final_Analysis_Iterations_I0_08_23_2026/SIDIS_epip_Response_Matrices_from_RDataFrames_Only_5D_1st_Order_V3_Response_Matrices_Final_Analysis_Iterations_I0_Batch045.root
[Only_5D] hadd Source file 48: /scratch/richcap/Response_Matrix_Outputs/Only_5D_1st_Order_V3_Response_Matrices_Final_Analysis_Iterations_I0_08_23_2026/SIDIS_epip_Response_Matrices_from_RDataFrames_Only_5D_1st_Order_V3_Response_Matrices_Final_Analysis_Iterations_I0_Batch046.root
[Only_5D] hadd Source file 49: /scratch/richcap/Response_Matrix_Outputs/Only_5D_1st_Order_V3_Response_Matrices_Final_Analysis_Iterations_I0_08_23_2026/SIDIS_epip_Response_Matrices_from_RDataFrames_Only_5D_1st_Order_V3_Response_Matrices_Final_Analysis_Iterations_I0_Batch051.root
[Only_5D] hadd Source file 50: /scratch/richcap/Response_Matrix_Outputs/Only_5D_1st_Order_V3_Response_Matrices_Final_Analysis_Iterations_I0_08_23_2026/SIDIS_epip_Response_Matrices_from_RDataFrames_Only_5D_1st_Order_V3_Response_Matrices_Final_Analysis_Iterations_I0_Batch052.root
[Only_5D] hadd Source file 51: /scratch/richcap/Response_Matrix_Outputs/Only_5D_1st_Order_V3_Response_Matrices_Final_Analysis_Iterations_I0_08_23_2026/SIDIS_epip_Response_Matrices_from_RDataFrames_Only_5D_1st_Order_V3_Response_Matrices_Final_Analysis_Iterations_I0_Batch053.root
[Only_5D] hadd Source file 52: /scratch/richcap/Response_Matrix_Outputs/Only_5D_1st_Order_V3_Response_Matrices_Final_Analysis_Iterations_I0_08_23_2026/SIDIS_epip_Response_Matrices_from_RDataFrames_Only_5D_1st_Order_V3_Response_Matrices_Final_Analysis_Iterations_I0_Batch054.root
[Only_5D] hadd Source file 53: /scratch/richcap/Response_Matrix_Outputs/Only_5D_1st_Order_V3_Response_Matrices_Final_Analysis_Iterations_I0_08_23_2026/SIDIS_epip_Response_Matrices_from_RDataFrames_Only_5D_1st_Order_V3_Response_Matrices_Final_Analysis_Iterations_I0_Batch055.root
[Only_5D] hadd Source file 54: /scratch/richcap/Response_Matrix_Outputs/Only_5D_1st_Order_V3_Response_Matrices_Final_Analysis_Iterations_I0_08_23_2026/SIDIS_epip_Response_Matrices_from_RDataFrames_Only_5D_1st_Order_V3_Response_Matrices_Final_Analysis_Iterations_I0_Batch056.root
[Only_5D] hadd Source file 55: /scratch/richcap/Response_Matrix_Outputs/Only_5D_1st_Order_V3_Response_Matrices_Final_Analysis_Iterations_I0_08_23_2026/SIDIS_epip_Response_Matrices_from_RDataFrames_Only_5D_1st_Order_V3_Response_Matrices_Final_Analysis_Iterations_I0_Batch057.root
[Only_5D] hadd Source file 56: /scratch/richcap/Response_Matrix_Outputs/Only_5D_1st_Order_V3_Response_Matrices_Final_Analysis_Iterations_I0_08_23_2026/SIDIS_epip_Response_Matrices_from_RDataFrames_Only_5D_1st_Order_V3_Response_Matrices_Final_Analysis_Iterations_I0_Batch049.root
[Only_5D] hadd Source file 57: /scratch/richcap/Response_Matrix_Outputs/Only_5D_1st_Order_V3_Response_Matrices_Final_Analysis_Iterations_I0_08_23_2026/SIDIS_epip_Response_Matrices_from_RDataFrames_Only_5D_1st_Order_V3_Response_Matrices_Final_Analysis_Iterations_I0_Batch058.root
[Only_5D] hadd Source file 58: /scratch/richcap/Response_Matrix_Outputs/Only_5D_1st_Order_V3_Response_Matrices_Final_Analysis_Iterations_I0_08_23_2026/SIDIS_epip_Response_Matrices_from_RDataFrames_Only_5D_1st_Order_V3_Response_Matrices_Final_Analysis_Iterations_I0_Batch059.root
[Only_5D] hadd Source file 59: /scratch/richcap/Response_Matrix_Outputs/Only_5D_1st_Order_V3_Response_Matrices_Final_Analysis_Iterations_I0_08_23_2026/SIDIS_epip_Response_Matrices_from_RDataFrames_Only_5D_1st_Order_V3_Response_Matrices_Final_Analysis_Iterations_I0_Batch060.root
[Only_5D] hadd Source file 60: /scratch/richcap/Response_Matrix_Outputs/Only_5D_1st_Order_V3_Response_Matrices_Final_Analysis_Iterations_I0_08_23_2026/SIDIS_epip_Response_Matrices_from_RDataFrames_Only_5D_1st_Order_V3_Response_Matrices_Final_Analysis_Iterations_I0_Batch061.root
[Only_5D] hadd Source file 61: /scratch/richcap/Response_Matrix_Outputs/Only_5D_1st_Order_V3_Response_Matrices_Final_Analysis_Iterations_I0_08_23_2026/SIDIS_epip_Response_Matrices_from_RDataFrames_Only_5D_1st_Order_V3_Response_Matrices_Final_Analysis_Iterations_I0_Batch062.root
[Only_5D] hadd Source file 62: /scratch/richcap/Response_Matrix_Outputs/Only_5D_1st_Order_V3_Response_Matrices_Final_Analysis_Iterations_I0_08_23_2026/SIDIS_epip_Response_Matrices_from_RDataFrames_Only_5D_1st_Order_V3_Response_Matrices_Final_Analysis_Iterations_I0_Batch063.root
[Only_5D] hadd Source file 63: /scratch/richcap/Response_Matrix_Outputs/Only_5D_1st_Order_V3_Response_Matrices_Final_Analysis_Iterations_I0_08_23_2026/SIDIS_epip_Response_Matrices_from_RDataFrames_Only_5D_1st_Order_V3_Response_Matrices_Final_Analysis_Iterations_I0_Batch064.root
[Only_5D] hadd Source file 64: /scratch/richcap/Response_Matrix_Outputs/Only_5D_1st_Order_V3_Response_Matrices_Final_Analysis_Iterations_I0_08_23_2026/SIDIS_epip_Response_Matrices_from_RDataFrames_Only_5D_1st_Order_V3_Response_Matrices_Final_Analysis_Iterations_I0_Batch065.root
[Only_5D] hadd Source file 65: /scratch/richcap/Response_Matrix_Outputs/Only_5D_1st_Order_V3_Response_Matrices_Final_Analysis_Iterations_I0_08_23_2026/SIDIS_epip_Response_Matrices_from_RDataFrames_Only_5D_1st_Order_V3_Response_Matrices_Final_Analysis_Iterations_I0_Batch048.root
[Only_5D] hadd Source file 66: /scratch/richcap/Response_Matrix_Outputs/Only_5D_1st_Order_V3_Response_Matrices_Final_Analysis_Iterations_I0_08_23_2026/SIDIS_epip_Response_Matrices_from_RDataFrames_Only_5D_1st_Order_V3_Response_Matrices_Final_Analysis_Iterations_I0_Batch066.root
[Only_5D] hadd Source file 67: /scratch/richcap/Response_Matrix_Outputs/Only_5D_1st_Order_V3_Response_Matrices_Final_Analysis_Iterations_I0_08_23_2026/SIDIS_epip_Response_Matrices_from_RDataFrames_Only_5D_1st_Order_V3_Response_Matrices_Final_Analysis_Iterations_I0_Batch067.root
[Only_5D] hadd Source file 68: /scratch/richcap/Response_Matrix_Outputs/Only_5D_1st_Order_V3_Response_Matrices_Final_Analysis_Iterations_I0_08_23_2026/SIDIS_epip_Response_Matrices_from_RDataFrames_Only_5D_1st_Order_V3_Response_Matrices_Final_Analysis_Iterations_I0_Batch068.root
[Only_5D] hadd Source file 69: /scratch/richcap/Response_Matrix_Outputs/Only_5D_1st_Order_V3_Response_Matrices_Final_Analysis_Iterations_I0_08_23_2026/SIDIS_epip_Response_Matrices_from_RDataFrames_Only_5D_1st_Order_V3_Response_Matrices_Final_Analysis_Iterations_I0_Batch069.root
[Only_5D] hadd Source file 70: /scratch/richcap/Response_Matrix_Outputs/Only_5D_1st_Order_V3_Response_Matrices_Final_Analysis_Iterations_I0_08_23_2026/SIDIS_epip_Response_Matrices_from_RDataFrames_Only_5D_1st_Order_V3_Response_Matrices_Final_Analysis_Iterations_I0_Batch070.root
[Only_5D] hadd Source file 71: /scratch/richcap/Response_Matrix_Outputs/Only_5D_1st_Order_V3_Response_Matrices_Final_Analysis_Iterations_I0_08_23_2026/SIDIS_epip_Response_Matrices_from_RDataFrames_Only_5D_1st_Order_V3_Response_Matrices_Final_Analysis_Iterations_I0_Batch071.root
[Only_5D] hadd Source file 72: /scratch/richcap/Response_Matrix_Outputs/Only_5D_1st_Order_V3_Response_Matrices_Final_Analysis_Iterations_I0_08_23_2026/SIDIS_epip_Response_Matrices_from_RDataFrames_Only_5D_1st_Order_V3_Response_Matrices_Final_Analysis_Iterations_I0_Batch072.root
[Only_5D] hadd Source file 73: /scratch/richcap/Response_Matrix_Outputs/Only_5D_1st_Order_V3_Response_Matrices_Final_Analysis_Iterations_I0_08_23_2026/SIDIS_epip_Response_Matrices_from_RDataFrames_Only_5D_1st_Order_V3_Response_Matrices_Final_Analysis_Iterations_I0_Batch073.root
[Only_5D] hadd Source file 74: /scratch/richcap/Response_Matrix_Outputs/Only_5D_1st_Order_V3_Response_Matrices_Final_Analysis_Iterations_I0_08_23_2026/SIDIS_epip_Response_Matrices_from_RDataFrames_Only_5D_1st_Order_V3_Response_Matrices_Final_Analysis_Iterations_I0_Batch074.root
[Only_5D] hadd Source file 75: /scratch/richcap/Response_Matrix_Outputs/Only_5D_1st_Order_V3_Response_Matrices_Final_Analysis_Iterations_I0_08_23_2026/SIDIS_epip_Response_Matrices_from_RDataFrames_Only_5D_1st_Order_V3_Response_Matrices_Final_Analysis_Iterations_I0_Batch075.root
[Only_5D] hadd Source file 76: /scratch/richcap/Response_Matrix_Outputs/Only_5D_1st_Order_V3_Response_Matrices_Final_Analysis_Iterations_I0_08_23_2026/SIDIS_epip_Response_Matrices_from_RDataFrames_Only_5D_1st_Order_V3_Response_Matrices_Final_Analysis_Iterations_I0_Batch076.root
[Only_5D] hadd Source file 77: /scratch/richcap/Response_Matrix_Outputs/Only_5D_1st_Order_V3_Response_Matrices_Final_Analysis_Iterations_I0_08_23_2026/SIDIS_epip_Response_Matrices_from_RDataFrames_Only_5D_1st_Order_V3_Response_Matrices_Final_Analysis_Iterations_I0_Batch077.root
[Only_5D] hadd Source file 78: /scratch/richcap/Response_Matrix_Outputs/Only_5D_1st_Order_V3_Response_Matrices_Final_Analysis_Iterations_I0_08_23_2026/SIDIS_epip_Response_Matrices_from_RDataFrames_Only_5D_1st_Order_V3_Response_Matrices_Final_Analysis_Iterations_I0_Batch078.root
[Only_5D] hadd Source file 79: /scratch/richcap/Response_Matrix_Outputs/Only_5D_1st_Order_V3_Response_Matrices_Final_Analysis_Iterations_I0_08_23_2026/SIDIS_epip_Response_Matrices_from_RDataFrames_Only_5D_1st_Order_V3_Response_Matrices_Final_Analysis_Iterations_I0_Batch079.root
[Only_5D] hadd Source file 80: /scratch/richcap/Response_Matrix_Outputs/Only_5D_1st_Order_V3_Response_Matrices_Final_Analysis_Iterations_I0_08_23_2026/SIDIS_epip_Response_Matrices_from_RDataFrames_Only_5D_1st_Order_V3_Response_Matrices_Final_Analysis_Iterations_I0_Batch080.root
[Only_5D] hadd Source file 81: /scratch/richcap/Response_Matrix_Outputs/Only_5D_1st_Order_V3_Response_Matrices_Final_Analysis_Iterations_I0_08_23_2026/SIDIS_epip_Response_Matrices_from_RDataFrames_Only_5D_1st_Order_V3_Response_Matrices_Final_Analysis_Iterations_I0_Batch081.root
[Only_5D] hadd Source file 82: /scratch/richcap/Response_Matrix_Outputs/Only_5D_1st_Order_V3_Response_Matrices_Final_Analysis_Iterations_I0_08_23_2026/SIDIS_epip_Response_Matrices_from_RDataFrames_Only_5D_1st_Order_V3_Response_Matrices_Final_Analysis_Iterations_I0_Batch082.root
[Only_5D] hadd Source file 83: /scratch/richcap/Response_Matrix_Outputs/Only_5D_1st_Order_V3_Response_Matrices_Final_Analysis_Iterations_I0_08_23_2026/SIDIS_epip_Response_Matrices_from_RDataFrames_Only_5D_1st_Order_V3_Response_Matrices_Final_Analysis_Iterations_I0_Batch083.root
[Only_5D] hadd Source file 84: /scratch/richcap/Response_Matrix_Outputs/Only_5D_1st_Order_V3_Response_Matrices_Final_Analysis_Iterations_I0_08_23_2026/SIDIS_epip_Response_Matrices_from_RDataFrames_Only_5D_1st_Order_V3_Response_Matrices_Final_Analysis_Iterations_I0_Batch084.root
[Only_5D] hadd Source file 85: /scratch/richcap/Response_Matrix_Outputs/Only_5D_1st_Order_V3_Response_Matrices_Final_Analysis_Iterations_I0_08_23_2026/SIDIS_epip_Response_Matrices_from_RDataFrames_Only_5D_1st_Order_V3_Response_Matrices_Final_Analysis_Iterations_I0_Batch085.root
[Only_5D] hadd Source file 86: /scratch/richcap/Response_Matrix_Outputs/Only_5D_1st_Order_V3_Response_Matrices_Final_Analysis_Iterations_I0_08_23_2026/SIDIS_epip_Response_Matrices_from_RDataFrames_Only_5D_1st_Order_V3_Response_Matrices_Final_Analysis_Iterations_I0_Batch086.root
[Only_5D] hadd Source file 87: /scratch/richcap/Response_Matrix_Outputs/Only_5D_1st_Order_V3_Response_Matrices_Final_Analysis_Iterations_I0_08_23_2026/SIDIS_epip_Response_Matrices_from_RDataFrames_Only_5D_1st_Order_V3_Response_Matrices_Final_Analysis_Iterations_I0_Batch087.root
[Only_5D] hadd Source file 88: /scratch/richcap/Response_Matrix_Outputs/Only_5D_1st_Order_V3_Response_Matrices_Final_Analysis_Iterations_I0_08_23_2026/SIDIS_epip_Response_Matrices_from_RDataFrames_Only_5D_1st_Order_V3_Response_Matrices_Final_Analysis_Iterations_I0_Batch088.root
[Only_5D] hadd Source file 89: /scratch/richcap/Response_Matrix_Outputs/Only_5D_1st_Order_V3_Response_Matrices_Final_Analysis_Iterations_I0_08_23_2026/SIDIS_epip_Response_Matrices_from_RDataFrames_Only_5D_1st_Order_V3_Response_Matrices_Final_Analysis_Iterations_I0_Batch089.root
[Only_5D] hadd Source file 90: /scratch/richcap/Response_Matrix_Outputs/Only_5D_1st_Order_V3_Response_Matrices_Final_Analysis_Iterations_I0_08_23_2026/SIDIS_epip_Response_Matrices_from_RDataFrames_Only_5D_1st_Order_V3_Response_Matrices_Final_Analysis_Iterations_I0_Batch090.root
[Only_5D] hadd Source file 91: /scratch/richcap/Response_Matrix_Outputs/Only_5D_1st_Order_V3_Response_Matrices_Final_Analysis_Iterations_I0_08_23_2026/SIDIS_epip_Response_Matrices_from_RDataFrames_Only_5D_1st_Order_V3_Response_Matrices_Final_Analysis_Iterations_I0_Batch091.root
[Only_5D] hadd Source file 92: /scratch/richcap/Response_Matrix_Outputs/Only_5D_1st_Order_V3_Response_Matrices_Final_Analysis_Iterations_I0_08_23_2026/SIDIS_epip_Response_Matrices_from_RDataFrames_Only_5D_1st_Order_V3_Response_Matrices_Final_Analysis_Iterations_I0_Batch092.root
[Only_5D] hadd Source file 93: /scratch/richcap/Response_Matrix_Outputs/Only_5D_1st_Order_V3_Response_Matrices_Final_Analysis_Iterations_I0_08_23_2026/SIDIS_epip_Response_Matrices_from_RDataFrames_Only_5D_1st_Order_V3_Response_Matrices_Final_Analysis_Iterations_I0_Batch093.root
[Only_5D] hadd Source file 94: /scratch/richcap/Response_Matrix_Outputs/Only_5D_1st_Order_V3_Response_Matrices_Final_Analysis_Iterations_I0_08_23_2026/SIDIS_epip_Response_Matrices_from_RDataFrames_Only_5D_1st_Order_V3_Response_Matrices_Final_Analysis_Iterations_I0_Batch094.root
[Only_5D] hadd Source file 95: /scratch/richcap/Response_Matrix_Outputs/Only_5D_1st_Order_V3_Response_Matrices_Final_Analysis_Iterations_I0_08_23_2026/SIDIS_epip_Response_Matrices_from_RDataFrames_Only_5D_1st_Order_V3_Response_Matrices_Final_Analysis_Iterations_I0_Batch095.root
[Only_5D] hadd Source file 96: /scratch/richcap/Response_Matrix_Outputs/Only_5D_1st_Order_V3_Response_Matrices_Final_Analysis_Iterations_I0_08_23_2026/SIDIS_epip_Response_Matrices_from_RDataFrames_Only_5D_1st_Order_V3_Response_Matrices_Final_Analysis_Iterations_I0_Batch096.root
[Only_5D] hadd Source file 97: /scratch/richcap/Response_Matrix_Outputs/Only_5D_1st_Order_V3_Response_Matrices_Final_Analysis_Iterations_I0_08_23_2026/SIDIS_epip_Response_Matrices_from_RDataFrames_Only_5D_1st_Order_V3_Response_Matrices_Final_Analysis_Iterations_I0_Batch097.root
[Only_5D] hadd Source file 98: /scratch/richcap/Response_Matrix_Outputs/Only_5D_1st_Order_V3_Response_Matrices_Final_Analysis_Iterations_I0_08_23_2026/SIDIS_epip_Response_Matrices_from_RDataFrames_Only_5D_1st_Order_V3_Response_Matrices_Final_Analysis_Iterations_I0_Batch098.root
[Only_5D] hadd Source file 99: /scratch/richcap/Response_Matrix_Outputs/Only_5D_1st_Order_V3_Response_Matrices_Final_Analysis_Iterations_I0_08_23_2026/SIDIS_epip_Response_Matrices_from_RDataFrames_Only_5D_1st_Order_V3_Response_Matrices_Final_Analysis_Iterations_I0_Batch099.root
[Only_5D] hadd Source file 100: /scratch/richcap/Response_Matrix_Outputs/Only_5D_1st_Order_V3_Response_Matrices_Final_Analysis_Iterations_I0_08_23_2026/SIDIS_epip_Response_Matrices_from_RDataFrames_Only_5D_1st_Order_V3_Response_Matrices_Final_Analysis_Iterations_I0_Batch100.root
[Only_5D] hadd Source file 101: /scratch/richcap/Response_Matrix_Outputs/Only_5D_1st_Order_V3_Response_Matrices_Final_Analysis_Iterations_I0_08_23_2026/SIDIS_epip_Response_Matrices_from_RDataFrames_Only_5D_1st_Order_V3_Response_Matrices_Final_Analysis_Iterations_I0_Batch101.root
[Only_5D] hadd Source file 102: /scratch/richcap/Response_Matrix_Outputs/Only_5D_1st_Order_V3_Response_Matrices_Final_Analysis_Iterations_I0_08_23_2026/SIDIS_epip_Response_Matrices_from_RDataFrames_Only_5D_1st_Order_V3_Response_Matrices_Final_Analysis_Iterations_I0_Batch102.root
[Only_5D] hadd Source file 103: /scratch/richcap/Response_Matrix_Outputs/Only_5D_1st_Order_V3_Response_Matrices_Final_Analysis_Iterations_I0_08_23_2026/SIDIS_epip_Response_Matrices_from_RDataFrames_Only_5D_1st_Order_V3_Response_Matrices_Final_Analysis_Iterations_I0_Batch103.root
[Only_5D] hadd Source file 104: /scratch/richcap/Response_Matrix_Outputs/Only_5D_1st_Order_V3_Response_Matrices_Final_Analysis_Iterations_I0_08_23_2026/SIDIS_epip_Response_Matrices_from_RDataFrames_Only_5D_1st_Order_V3_Response_Matrices_Final_Analysis_Iterations_I0_Batch104.root
[Only_5D] hadd Source file 105: /scratch/richcap/Response_Matrix_Outputs/Only_5D_1st_Order_V3_Response_Matrices_Final_Analysis_Iterations_I0_08_23_2026/SIDIS_epip_Response_Matrices_from_RDataFrames_Only_5D_1st_Order_V3_Response_Matrices_Final_Analysis_Iterations_I0_Batch105.root
[Only_5D] hadd Source file 106: /scratch/richcap/Response_Matrix_Outputs/Only_5D_1st_Order_V3_Response_Matrices_Final_Analysis_Iterations_I0_08_23_2026/SIDIS_epip_Response_Matrices_from_RDataFrames_Only_5D_1st_Order_V3_Response_Matrices_Final_Analysis_Iterations_I0_Batch106.root
[Only_5D] hadd Source file 107: /scratch/richcap/Response_Matrix_Outputs/Only_5D_1st_Order_V3_Response_Matrices_Final_Analysis_Iterations_I0_08_23_2026/SIDIS_epip_Response_Matrices_from_RDataFrames_Only_5D_1st_Order_V3_Response_Matrices_Final_Analysis_Iterations_I0_Batch107.root
[Only_5D] hadd Source file 108: /scratch/richcap/Response_Matrix_Outputs/Only_5D_1st_Order_V3_Response_Matrices_Final_Analysis_Iterations_I0_08_23_2026/SIDIS_epip_Response_Matrices_from_RDataFrames_Only_5D_1st_Order_V3_Response_Matrices_Final_Analysis_Iterations_I0_Batch108.root
[Only_5D] hadd Source file 109: /scratch/richcap/Response_Matrix_Outputs/Only_5D_1st_Order_V3_Response_Matrices_Final_Analysis_Iterations_I0_08_23_2026/SIDIS_epip_Response_Matrices_from_RDataFrames_Only_5D_1st_Order_V3_Response_Matrices_Final_Analysis_Iterations_I0_Batch109.root
[Only_5D] hadd Source file 110: /scratch/richcap/Response_Matrix_Outputs/Only_5D_1st_Order_V3_Response_Matrices_Final_Analysis_Iterations_I0_08_23_2026/SIDIS_epip_Response_Matrices_from_RDataFrames_Only_5D_1st_Order_V3_Response_Matrices_Final_Analysis_Iterations_I0_Batch110.root
[Only_5D] hadd Source file 111: /scratch/richcap/Response_Matrix_Outputs/Only_5D_1st_Order_V3_Response_Matrices_Final_Analysis_Iterations_I0_08_23_2026/SIDIS_epip_Response_Matrices_from_RDataFrames_Only_5D_1st_Order_V3_Response_Matrices_Final_Analysis_Iterations_I0_Batch111.root
[Only_5D] hadd Source file 112: /scratch/richcap/Response_Matrix_Outputs/Only_5D_1st_Order_V3_Response_Matrices_Final_Analysis_Iterations_I0_08_23_2026/SIDIS_epip_Response_Matrices_from_RDataFrames_Only_5D_1st_Order_V3_Response_Matrices_Final_Analysis_Iterations_I0_Batch112.root
[Only_5D] hadd Source file 113: /scratch/richcap/Response_Matrix_Outputs/Only_5D_1st_Order_V3_Response_Matrices_Final_Analysis_Iterations_I0_08_23_2026/SIDIS_epip_Response_Matrices_from_RDataFrames_Only_5D_1st_Order_V3_Response_Matrices_Final_Analysis_Iterations_I0_Batch113.root
[Only_5D] hadd Source file 114: /scratch/richcap/Response_Matrix_Outputs/Only_5D_1st_Order_V3_Response_Matrices_Final_Analysis_Iterations_I0_08_23_2026/SIDIS_epip_Response_Matrices_from_RDataFrames_Only_5D_1st_Order_V3_Response_Matrices_Final_Analysis_Iterations_I0_Batch114.root
[Only_5D] hadd Source file 115: /scratch/richcap/Response_Matrix_Outputs/Only_5D_1st_Order_V3_Response_Matrices_Final_Analysis_Iterations_I0_08_23_2026/SIDIS_epip_Response_Matrices_from_RDataFrames_Only_5D_1st_Order_V3_Response_Matrices_Final_Analysis_Iterations_I0_Batch115.root
[Only_5D] hadd Source file 116: /scratch/richcap/Response_Matrix_Outputs/Only_5D_1st_Order_V3_Response_Matrices_Final_Analysis_Iterations_I0_08_23_2026/SIDIS_epip_Response_Matrices_from_RDataFrames_Only_5D_1st_Order_V3_Response_Matrices_Final_Analysis_Iterations_I0_Batch116.root
[Only_5D] hadd Source file 117: /scratch/richcap/Response_Matrix_Outputs/Only_5D_1st_Order_V3_Response_Matrices_Final_Analysis_Iterations_I0_08_23_2026/SIDIS_epip_Response_Matrices_from_RDataFrames_Only_5D_1st_Order_V3_Response_Matrices_Final_Analysis_Iterations_I0_Batch117.root
[Only_5D] hadd Source file 118: /scratch/richcap/Response_Matrix_Outputs/Only_5D_1st_Order_V3_Response_Matrices_Final_Analysis_Iterations_I0_08_23_2026/SIDIS_epip_Response_Matrices_from_RDataFrames_Only_5D_1st_Order_V3_Response_Matrices_Final_Analysis_Iterations_I0_Batch118.root
[Only_5D] hadd Source file 119: /scratch/richcap/Response_Matrix_Outputs/Only_5D_1st_Order_V3_Response_Matrices_Final_Analysis_Iterations_I0_08_23_2026/SIDIS_epip_Response_Matrices_from_RDataFrames_Only_5D_1st_Order_V3_Response_Matrices_Final_Analysis_Iterations_I0_Batch119.root
[Only_5D] hadd Source file 120: /scratch/richcap/Response_Matrix_Outputs/Only_5D_1st_Order_V3_Response_Matrices_Final_Analysis_Iterations_I0_08_23_2026/SIDIS_epip_Response_Matrices_from_RDataFrames_Only_5D_1st_Order_V3_Response_Matrices_Final_Analysis_Iterations_I0_Batch120.root
[Only_5D] hadd Source file 121: /scratch/richcap/Response_Matrix_Outputs/Only_5D_1st_Order_V3_Response_Matrices_Final_Analysis_Iterations_I0_08_23_2026/SIDIS_epip_Response_Matrices_from_RDataFrames_Only_5D_1st_Order_V3_Response_Matrices_Final_Analysis_Iterations_I0_Batch121.root
[Only_5D] hadd Source file 122: /scratch/richcap/Response_Matrix_Outputs/Only_5D_1st_Order_V3_Response_Matrices_Final_Analysis_Iterations_I0_08_23_2026/SIDIS_epip_Response_Matrices_from_RDataFrames_Only_5D_1st_Order_V3_Response_Matrices_Final_Analysis_Iterations_I0_Batch122.root
[Only_5D] hadd Source file 123: /scratch/richcap/Response_Matrix_Outputs/Only_5D_1st_Order_V3_Response_Matrices_Final_Analysis_Iterations_I0_08_23_2026/SIDIS_epip_Response_Matrices_from_RDataFrames_Only_5D_1st_Order_V3_Response_Matrices_Final_Analysis_Iterations_I0_Batch123.root
[Only_5D] hadd Source file 124: /scratch/richcap/Response_Matrix_Outputs/Only_5D_1st_Order_V3_Response_Matrices_Final_Analysis_Iterations_I0_08_23_2026/SIDIS_epip_Response_Matrices_from_RDataFrames_Only_5D_1st_Order_V3_Response_Matrices_Final_Analysis_Iterations_I0_Batch124.root
[Only_5D] hadd Source file 125: /scratch/richcap/Response_Matrix_Outputs/Only_5D_1st_Order_V3_Response_Matrices_Final_Analysis_Iterations_I0_08_23_2026/SIDIS_epip_Response_Matrices_from_RDataFrames_Only_5D_1st_Order_V3_Response_Matrices_Final_Analysis_Iterations_I0_Batch125.root
[Only_5D] hadd Source file 126: /scratch/richcap/Response_Matrix_Outputs/Only_5D_1st_Order_V3_Response_Matrices_Final_Analysis_Iterations_I0_08_23_2026/SIDIS_epip_Response_Matrices_from_RDataFrames_Only_5D_1st_Order_V3_Response_Matrices_Final_Analysis_Iterations_I0_Batch126.root
[Only_5D] hadd Source file 127: /scratch/richcap/Response_Matrix_Outputs/Only_5D_1st_Order_V3_Response_Matrices_Final_Analysis_Iterations_I0_08_23_2026/SIDIS_epip_Response_Matrices_from_RDataFrames_Only_5D_1st_Order_V3_Response_Matrices_Final_Analysis_Iterations_I0_Batch127.root
[Only_5D] hadd Source file 128: /scratch/richcap/Response_Matrix_Outputs/Only_5D_1st_Order_V3_Response_Matrices_Final_Analysis_Iterations_I0_08_23_2026/SIDIS_epip_Response_Matrices_from_RDataFrames_Only_5D_1st_Order_V3_Response_Matrices_Final_Analysis_Iterations_I0_Batch128.root
[Only_5D] hadd Source file 129: /scratch/richcap/Response_Matrix_Outputs/Only_5D_1st_Order_V3_Response_Matrices_Final_Analysis_Iterations_I0_08_23_2026/SIDIS_epip_Response_Matrices_from_RDataFrames_Only_5D_1st_Order_V3_Response_Matrices_Final_Analysis_Iterations_I0_Batch129.root
[Only_5D] hadd Source file 130: /scratch/richcap/Response_Matrix_Outputs/Only_5D_1st_Order_V3_Response_Matrices_Final_Analysis_Iterations_I0_08_23_2026/SIDIS_epip_Response_Matrices_from_RDataFrames_Only_5D_1st_Order_V3_Response_Matrices_Final_Analysis_Iterations_I0_Batch130.root
[Only_5D] hadd Source file 131: /scratch/richcap/Response_Matrix_Outputs/Only_5D_1st_Order_V3_Response_Matrices_Final_Analysis_Iterations_I0_08_23_2026/SIDIS_epip_Response_Matrices_from_RDataFrames_Only_5D_1st_Order_V3_Response_Matrices_Final_Analysis_Iterations_I0_Batch131.root
[Only_5D] hadd Source file 132: /scratch/richcap/Response_Matrix_Outputs/Only_5D_1st_Order_V3_Response_Matrices_Final_Analysis_Iterations_I0_08_23_2026/SIDIS_epip_Response_Matrices_from_RDataFrames_Only_5D_1st_Order_V3_Response_Matrices_Final_Analysis_Iterations_I0_Batch132.root
[Only_5D] hadd Source file 133: /scratch/richcap/Response_Matrix_Outputs/Only_5D_1st_Order_V3_Response_Matrices_Final_Analysis_Iterations_I0_08_23_2026/SIDIS_epip_Response_Matrices_from_RDataFrames_Only_5D_1st_Order_V3_Response_Matrices_Final_Analysis_Iterations_I0_Batch133.root
[Only_5D] hadd Source file 134: /scratch/richcap/Response_Matrix_Outputs/Only_5D_1st_Order_V3_Response_Matrices_Final_Analysis_Iterations_I0_08_23_2026/SIDIS_epip_Response_Matrices_from_RDataFrames_Only_5D_1st_Order_V3_Response_Matrices_Final_Analysis_Iterations_I0_Batch134.root
[Only_5D] hadd Source file 135: /scratch/richcap/Response_Matrix_Outputs/Only_5D_1st_Order_V3_Response_Matrices_Final_Analysis_Iterations_I0_08_23_2026/SIDIS_epip_Response_Matrices_from_RDataFrames_Only_5D_1st_Order_V3_Response_Matrices_Final_Analysis_Iterations_I0_Batch135.root
[Only_5D] hadd Source file 136: /scratch/richcap/Response_Matrix_Outputs/Only_5D_1st_Order_V3_Response_Matrices_Final_Analysis_Iterations_I0_08_23_2026/SIDIS_epip_Response_Matrices_from_RDataFrames_Only_5D_1st_Order_V3_Response_Matrices_Final_Analysis_Iterations_I0_Batch136.root
[Only_5D] hadd Source file 137: /scratch/richcap/Response_Matrix_Outputs/Only_5D_1st_Order_V3_Response_Matrices_Final_Analysis_Iterations_I0_08_23_2026/SIDIS_epip_Response_Matrices_from_RDataFrames_Only_5D_1st_Order_V3_Response_Matrices_Final_Analysis_Iterations_I0_Batch137.root
[Only_5D] hadd Source file 138: /scratch/richcap/Response_Matrix_Outputs/Only_5D_1st_Order_V3_Response_Matrices_Final_Analysis_Iterations_I0_08_23_2026/SIDIS_epip_Response_Matrices_from_RDataFrames_Only_5D_1st_Order_V3_Response_Matrices_Final_Analysis_Iterations_I0_Batch138.root
[Only_5D] hadd Source file 139: /scratch/richcap/Response_Matrix_Outputs/Only_5D_1st_Order_V3_Response_Matrices_Final_Analysis_Iterations_I0_08_23_2026/SIDIS_epip_Response_Matrices_from_RDataFrames_Only_5D_1st_Order_V3_Response_Matrices_Final_Analysis_Iterations_I0_Batch139.root
[Only_5D] hadd Source file 140: /scratch/richcap/Response_Matrix_Outputs/Only_5D_1st_Order_V3_Response_Matrices_Final_Analysis_Iterations_I0_08_23_2026/SIDIS_epip_Response_Matrices_from_RDataFrames_Only_5D_1st_Order_V3_Response_Matrices_Final_Analysis_Iterations_I0_Batch140.root
[Only_5D] hadd Source file 141: /scratch/richcap/Response_Matrix_Outputs/Only_5D_1st_Order_V3_Response_Matrices_Final_Analysis_Iterations_I0_08_23_2026/SIDIS_epip_Response_Matrices_from_RDataFrames_Only_5D_1st_Order_V3_Response_Matrices_Final_Analysis_Iterations_I0_Batch141.root
[Only_5D] hadd Source file 142: /scratch/richcap/Response_Matrix_Outputs/Only_5D_1st_Order_V3_Response_Matrices_Final_Analysis_Iterations_I0_08_23_2026/SIDIS_epip_Response_Matrices_from_RDataFrames_Only_5D_1st_Order_V3_Response_Matrices_Final_Analysis_Iterations_I0_Batch142.root
[Only_5D] hadd Source file 143: /scratch/richcap/Response_Matrix_Outputs/Only_5D_1st_Order_V3_Response_Matrices_Final_Analysis_Iterations_I0_08_23_2026/SIDIS_epip_Response_Matrices_from_RDataFrames_Only_5D_1st_Order_V3_Response_Matrices_Final_Analysis_Iterations_I0_Batch143.root
[Only_5D] hadd Source file 144: /scratch/richcap/Response_Matrix_Outputs/Only_5D_1st_Order_V3_Response_Matrices_Final_Analysis_Iterations_I0_08_23_2026/SIDIS_epip_Response_Matrices_from_RDataFrames_Only_5D_1st_Order_V3_Response_Matrices_Final_Analysis_Iterations_I0_Batch144.root
[Only_5D] hadd Source file 145: /scratch/richcap/Response_Matrix_Outputs/Only_5D_1st_Order_V3_Response_Matrices_Final_Analysis_Iterations_I0_08_23_2026/SIDIS_epip_Response_Matrices_from_RDataFrames_Only_5D_1st_Order_V3_Response_Matrices_Final_Analysis_Iterations_I0_Batch145.root
[Only_5D] hadd Source file 146: /scratch/richcap/Response_Matrix_Outputs/Only_5D_1st_Order_V3_Response_Matrices_Final_Analysis_Iterations_I0_08_23_2026/SIDIS_epip_Response_Matrices_from_RDataFrames_Only_5D_1st_Order_V3_Response_Matrices_Final_Analysis_Iterations_I0_Batch146.root
[Only_5D] hadd Source file 147: /scratch/richcap/Response_Matrix_Outputs/Only_5D_1st_Order_V3_Response_Matrices_Final_Analysis_Iterations_I0_08_23_2026/SIDIS_epip_Response_Matrices_from_RDataFrames_Only_5D_1st_Order_V3_Response_Matrices_Final_Analysis_Iterations_I0_Batch147.root
[Only_5D] hadd Source file 148: /scratch/richcap/Response_Matrix_Outputs/Only_5D_1st_Order_V3_Response_Matrices_Final_Analysis_Iterations_I0_08_23_2026/SIDIS_epip_Response_Matrices_from_RDataFrames_Only_5D_1st_Order_V3_Response_Matrices_Final_Analysis_Iterations_I0_Batch148.root
[Only_5D] hadd Source file 149: /scratch/richcap/Response_Matrix_Outputs/Only_5D_1st_Order_V3_Response_Matrices_Final_Analysis_Iterations_I0_08_23_2026/SIDIS_epip_Response_Matrices_from_RDataFrames_Only_5D_1st_Order_V3_Response_Matrices_Final_Analysis_Iterations_I0_Batch149.root
[Only_5D] hadd Source file 150: /scratch/richcap/Response_Matrix_Outputs/Only_5D_1st_Order_V3_Response_Matrices_Final_Analysis_Iterations_I0_08_23_2026/SIDIS_epip_Response_Matrices_from_RDataFrames_Only_5D_1st_Order_V3_Response_Matrices_Final_Analysis_Iterations_I0_Batch150.root
[Only_5D] hadd Source file 151: /scratch/richcap/Response_Matrix_Outputs/Only_5D_1st_Order_V3_Response_Matrices_Final_Analysis_Iterations_I0_08_23_2026/SIDIS_epip_Response_Matrices_from_RDataFrames_Only_5D_1st_Order_V3_Response_Matrices_Final_Analysis_Iterations_I0_Batch151.root
[Only_5D] hadd Source file 152: /scratch/richcap/Response_Matrix_Outputs/Only_5D_1st_Order_V3_Response_Matrices_Final_Analysis_Iterations_I0_08_23_2026/SIDIS_epip_Response_Matrices_from_RDataFrames_Only_5D_1st_Order_V3_Response_Matrices_Final_Analysis_Iterations_I0_Batch152.root
[Only_5D] hadd Source file 153: /scratch/richcap/Response_Matrix_Outputs/Only_5D_1st_Order_V3_Response_Matrices_Final_Analysis_Iterations_I0_08_23_2026/SIDIS_epip_Response_Matrices_from_RDataFrames_Only_5D_1st_Order_V3_Response_Matrices_Final_Analysis_Iterations_I0_Batch153.root
[Only_5D] hadd Source file 154: /scratch/richcap/Response_Matrix_Outputs/Only_5D_1st_Order_V3_Response_Matrices_Final_Analysis_Iterations_I0_08_23_2026/SIDIS_epip_Response_Matrices_from_RDataFrames_Only_5D_1st_Order_V3_Response_Matrices_Final_Analysis_Iterations_I0_Batch154.root
[Only_5D] hadd Source file 155: /scratch/richcap/Response_Matrix_Outputs/Only_5D_1st_Order_V3_Response_Matrices_Final_Analysis_Iterations_I0_08_23_2026/SIDIS_epip_Response_Matrices_from_RDataFrames_Only_5D_1st_Order_V3_Response_Matrices_Final_Analysis_Iterations_I0_Batch155.root
[Only_5D] hadd Source file 156: /scratch/richcap/Response_Matrix_Outputs/Only_5D_1st_Order_V3_Response_Matrices_Final_Analysis_Iterations_I0_08_23_2026/SIDIS_epip_Response_Matrices_from_RDataFrames_Only_5D_1st_Order_V3_Response_Matrices_Final_Analysis_Iterations_I0_Batch159.root
[Only_5D] hadd Source file 157: /scratch/richcap/Response_Matrix_Outputs/Only_5D_1st_Order_V3_Response_Matrices_Final_Analysis_Iterations_I0_08_23_2026/SIDIS_epip_Response_Matrices_from_RDataFrames_Only_5D_1st_Order_V3_Response_Matrices_Final_Analysis_Iterations_I0_Batch156.root
[Only_5D] hadd Source file 158: /scratch/richcap/Response_Matrix_Outputs/Only_5D_1st_Order_V3_Response_Matrices_Final_Analysis_Iterations_I0_08_23_2026/SIDIS_epip_Response_Matrices_from_RDataFrames_Only_5D_1st_Order_V3_Response_Matrices_Final_Analysis_Iterations_I0_Batch157.root
[Only_5D] hadd Source file 159: /scratch/richcap/Response_Matrix_Outputs/Only_5D_1st_Order_V3_Response_Matrices_Final_Analysis_Iterations_I0_08_23_2026/SIDIS_epip_Response_Matrices_from_RDataFrames_Only_5D_1st_Order_V3_Response_Matrices_Final_Analysis_Iterations_I0_Batch158.root
[Only_5D] hadd Source file 160: /scratch/richcap/Response_Matrix_Outputs/Only_5D_1st_Order_V3_Response_Matrices_Final_Analysis_Iterations_I0_08_23_2026/SIDIS_epip_Response_Matrices_from_RDataFrames_Only_5D_1st_Order_V3_Response_Matrices_Final_Analysis_Iterations_I0_Batch160.root
[Only_5D] hadd Source file 161: /scratch/richcap/Response_Matrix_Outputs/Only_5D_1st_Order_V3_Response_Matrices_Final_Analysis_Iterations_I0_08_23_2026/SIDIS_epip_Response_Matrices_from_RDataFrames_Only_5D_1st_Order_V3_Response_Matrices_Final_Analysis_Iterations_I0_Batch164.root
[Only_5D] hadd Source file 162: /scratch/richcap/Response_Matrix_Outputs/Only_5D_1st_Order_V3_Response_Matrices_Final_Analysis_Iterations_I0_08_23_2026/SIDIS_epip_Response_Matrices_from_RDataFrames_Only_5D_1st_Order_V3_Response_Matrices_Final_Analysis_Iterations_I0_Batch161.root
[Only_5D] hadd Source file 163: /scratch/richcap/Response_Matrix_Outputs/Only_5D_1st_Order_V3_Response_Matrices_Final_Analysis_Iterations_I0_08_23_2026/SIDIS_epip_Response_Matrices_from_RDataFrames_Only_5D_1st_Order_V3_Response_Matrices_Final_Analysis_Iterations_I0_Batch170.root
[Only_5D] hadd Source file 164: /scratch/richcap/Response_Matrix_Outputs/Only_5D_1st_Order_V3_Response_Matrices_Final_Analysis_Iterations_I0_08_23_2026/SIDIS_epip_Response_Matrices_from_RDataFrames_Only_5D_1st_Order_V3_Response_Matrices_Final_Analysis_Iterations_I0_Batch162.root
[Only_5D] hadd Source file 165: /scratch/richcap/Response_Matrix_Outputs/Only_5D_1st_Order_V3_Response_Matrices_Final_Analysis_Iterations_I0_08_23_2026/SIDIS_epip_Response_Matrices_from_RDataFrames_Only_5D_1st_Order_V3_Response_Matrices_Final_Analysis_Iterations_I0_Batch163.root
[Only_5D] hadd Source file 166: /scratch/richcap/Response_Matrix_Outputs/Only_5D_1st_Order_V3_Response_Matrices_Final_Analysis_Iterations_I0_08_23_2026/SIDIS_epip_Response_Matrices_from_RDataFrames_Only_5D_1st_Order_V3_Response_Matrices_Final_Analysis_Iterations_I0_Batch171.root
[Only_5D] hadd Source file 167: /scratch/richcap/Response_Matrix_Outputs/Only_5D_1st_Order_V3_Response_Matrices_Final_Analysis_Iterations_I0_08_23_2026/SIDIS_epip_Response_Matrices_from_RDataFrames_Only_5D_1st_Order_V3_Response_Matrices_Final_Analysis_Iterations_I0_Batch165.root
[Only_5D] hadd Source file 168: /scratch/richcap/Response_Matrix_Outputs/Only_5D_1st_Order_V3_Response_Matrices_Final_Analysis_Iterations_I0_08_23_2026/SIDIS_epip_Response_Matrices_from_RDataFrames_Only_5D_1st_Order_V3_Response_Matrices_Final_Analysis_Iterations_I0_Batch166.root
[Only_5D] hadd Source file 169: /scratch/richcap/Response_Matrix_Outputs/Only_5D_1st_Order_V3_Response_Matrices_Final_Analysis_Iterations_I0_08_23_2026/SIDIS_epip_Response_Matrices_from_RDataFrames_Only_5D_1st_Order_V3_Response_Matrices_Final_Analysis_Iterations_I0_Batch167.root
[Only_5D] hadd Source file 170: /scratch/richcap/Response_Matrix_Outputs/Only_5D_1st_Order_V3_Response_Matrices_Final_Analysis_Iterations_I0_08_23_2026/SIDIS_epip_Response_Matrices_from_RDataFrames_Only_5D_1st_Order_V3_Response_Matrices_Final_Analysis_Iterations_I0_Batch168.root
[Only_5D] hadd Source file 171: /scratch/richcap/Response_Matrix_Outputs/Only_5D_1st_Order_V3_Response_Matrices_Final_Analysis_Iterations_I0_08_23_2026/SIDIS_epip_Response_Matrices_from_RDataFrames_Only_5D_1st_Order_V3_Response_Matrices_Final_Analysis_Iterations_I0_Batch169.root
[Only_5D] hadd Target path: /w/hallb-scshelf2102/clas12/richcap/SIDIS_Analysis/Histo_Files_ROOT/DataFrames/hadd_ROOT_files_From_using_RDataFrames/SIDIS_epip_Response_Matrices_from_RDataFrames_Only_5D_1st_Order_V3_Response_Matrices_Final_Analysis_Iterations_I0_All.root:/
[Only_5D] 
[Only_5D] DONE : Batch 139 of 171
[Only_5D] Time Elapsed Up To Now: 1 Day(s), 1 Hour(s), 39 Minute(s), and 30 Second(s). 
[Only_5D] START: Batch 147 of 171
[Only_5D] Time Elapsed Up To Now: 1 Day(s), 1 Hour(s), 39 Minute(s), and 30 Second(s). 
[Only_5D] DONE : Batch 140 of 171
[Only_5D] Time Elapsed Up To Now: 1 Day(s), 1 Hour(s), 43 Minute(s), and 24 Second(s). 
[Only_5D] START: Batch 148 of 171
[Only_5D] Time Elapsed Up To Now: 1 Day(s), 1 Hour(s), 43 Minute(s), and 24 Second(s). 
[Only_5D] DONE : Batch 141 of 171
[Only_5D] Time Elapsed Up To Now: 1 Day(s), 1 Hour(s), 51 Minute(s), and 20 Second(s). 
[Only_5D] START: Batch 149 of 171
[Only_5D] Time Elapsed Up To Now: 1 Day(s), 1 Hour(s), 51 Minute(s), and 20 Second(s). 
[Only_5D] DONE : Batch 142 of 171
[Only_5D] Time Elapsed Up To Now: 1 Day(s), 1 Hour(s), 59 Minute(s), and 2 Second(s). 
[Only_5D] START: Batch 150 of 171
[Only_5D] Time Elapsed Up To Now: 1 Day(s), 1 Hour(s), 59 Minute(s), and 2 Second(s). 
[Only_5D] DONE : Batch 143 of 171
[Only_5D] Time Elapsed Up To Now: 1 Day(s), 2 Hour(s), 10 Minute(s), and 35 Second(s). 
[Only_5D] START: Batch 151 of 171
[Only_5D] Time Elapsed Up To Now: 1 Day(s), 2 Hour(s), 10 Minute(s), and 35 Second(s). 
[Only_5D] DONE : Batch 144 of 171
[Only_5D] Time Elapsed Up To Now: 1 Day(s), 2 Hour(s), 36 Minute(s), and 3 Second(s). 
[Only_5D] START: Batch 152 of 171
[Only_5D] Time Elapsed Up To Now: 1 Day(s), 2 Hour(s), 36 Minute(s), and 3 Second(s). 
[Only_5D] DONE : Batch 145 of 171
[Only_5D] Time Elapsed Up To Now: 1 Day(s), 2 Hour(s), 48 Minute(s), and 8 Second(s). 
[Only_5D] START: Batch 153 of 171
[Only_5D] Time Elapsed Up To Now: 1 Day(s), 2 Hour(s), 48 Minute(s), and 8 Second(s). 
[Only_5D] DONE : Batch 146 of 171
[Only_5D] Time Elapsed Up To Now: 1 Day(s), 2 Hour(s), 52 Minute(s), and 56 Second(s). 
[Only_5D] START: Batch 154 of 171
[Only_5D] Time Elapsed Up To Now: 1 Day(s), 2 Hour(s), 52 Minute(s), and 56 Second(s). 
[Only_5D] DONE : Batch 147 of 171
[Only_5D] Time Elapsed Up To Now: 1 Day(s), 2 Hour(s), 55 Minute(s), and 11 Second(s). 
[Only_5D] START: Batch 155 of 171
[Only_5D] Time Elapsed Up To Now: 1 Day(s), 2 Hour(s), 55 Minute(s), and 11 Second(s). 
[Only_5D] DONE : Batch 148 of 171
[Only_5D] Time Elapsed Up To Now: 1 Day(s), 2 Hour(s), 59 Minute(s), and 17 Second(s). 
[Only_5D] START: Batch 156 of 171
[Only_5D] Time Elapsed Up To Now: 1 Day(s), 2 Hour(s), 59 Minute(s), and 17 Second(s). 
[Only_5D] DONE : Batch 149 of 171
[Only_5D] Time Elapsed Up To Now: 1 Day(s), 3 Hour(s), 7 Minute(s), and 19 Second(s). 
[Only_5D] START: Batch 157 of 171
[Only_5D] Time Elapsed Up To Now: 1 Day(s), 3 Hour(s), 7 Minute(s), and 19 Second(s). 
[Only_5D] DONE : Batch 150 of 171
[Only_5D] Time Elapsed Up To Now: 1 Day(s), 3 Hour(s), 15 Minute(s), and 8 Second(s). 
[Only_5D] START: Batch 158 of 171
[Only_5D] Time Elapsed Up To Now: 1 Day(s), 3 Hour(s), 15 Minute(s), and 8 Second(s). 
[Only_5D] DONE : Batch 151 of 171
[Only_5D] Time Elapsed Up To Now: 1 Day(s), 3 Hour(s), 26 Minute(s), and 30 Second(s). 
[Only_5D] START: Batch 159 of 171
[Only_5D] Time Elapsed Up To Now: 1 Day(s), 3 Hour(s), 26 Minute(s), and 30 Second(s). 
[Only_5D] DONE : Batch 152 of 171
[Only_5D] Time Elapsed Up To Now: 1 Day(s), 3 Hour(s), 50 Minute(s), and 8 Second(s). 
[Only_5D] START: Batch 160 of 171
[Only_5D] Time Elapsed Up To Now: 1 Day(s), 3 Hour(s), 50 Minute(s), and 8 Second(s). 
[Only_5D] DONE : Batch 153 of 171
[Only_5D] Time Elapsed Up To Now: 1 Day(s), 3 Hour(s), 58 Minute(s), and 34 Second(s). 
[Only_5D] START: Batch 161 of 171
[Only_5D] Time Elapsed Up To Now: 1 Day(s), 3 Hour(s), 58 Minute(s), and 34 Second(s). 
[Only_5D] DONE : Batch 154 of 171
[Only_5D] Time Elapsed Up To Now: 1 Day(s), 4 Hour(s), 6 Minute(s), and 19 Second(s). 
[Only_5D] START: Batch 162 of 171
[Only_5D] Time Elapsed Up To Now: 1 Day(s), 4 Hour(s), 6 Minute(s), and 19 Second(s). 
[Only_5D] DONE : Batch 155 of 171
[Only_5D] Time Elapsed Up To Now: 1 Day(s), 4 Hour(s), 8 Minute(s), and 57 Second(s). 
[Only_5D] START: Batch 163 of 171
[Only_5D] Time Elapsed Up To Now: 1 Day(s), 4 Hour(s), 8 Minute(s), and 57 Second(s). 
[Only_5D] DONE : Batch 159 of 171
[Only_5D] Time Elapsed Up To Now: 1 Day(s), 4 Hour(s), 10 Minute(s), and 31 Second(s). 
[Only_5D] START: Batch 164 of 171
[Only_5D] Time Elapsed Up To Now: 1 Day(s), 4 Hour(s), 10 Minute(s), and 31 Second(s). 
[Only_5D] DONE : Batch 156 of 171
[Only_5D] Time Elapsed Up To Now: 1 Day(s), 4 Hour(s), 12 Minute(s), and 41 Second(s). 
[Only_5D] START: Batch 165 of 171
[Only_5D] Time Elapsed Up To Now: 1 Day(s), 4 Hour(s), 12 Minute(s), and 41 Second(s). 
[Only_5D] DONE : Batch 157 of 171
[Only_5D] Time Elapsed Up To Now: 1 Day(s), 4 Hour(s), 21 Minute(s), and 19 Second(s). 
[Only_5D] START: Batch 166 of 171
[Only_5D] Time Elapsed Up To Now: 1 Day(s), 4 Hour(s), 21 Minute(s), and 19 Second(s). 
[Only_5D] DONE : Batch 158 of 171
[Only_5D] Time Elapsed Up To Now: 1 Day(s), 4 Hour(s), 27 Minute(s), and 59 Second(s). 
[Only_5D] START: Batch 167 of 171
[Only_5D] Time Elapsed Up To Now: 1 Day(s), 4 Hour(s), 27 Minute(s), and 59 Second(s). 
[Only_5D] DONE : Batch 160 of 171
[Only_5D] Time Elapsed Up To Now: 1 Day(s), 5 Hour(s), 6 Minute(s), and 52 Second(s). 
[Only_5D] START: Batch 168 of 171
[Only_5D] Time Elapsed Up To Now: 1 Day(s), 5 Hour(s), 6 Minute(s), and 52 Second(s). 
[Only_5D] DONE : Batch 164 of 171
[Only_5D] Time Elapsed Up To Now: 1 Day(s), 5 Hour(s), 13 Minute(s), and 43 Second(s). 
[Only_5D] START: Batch 169 of 171
[Only_5D] Time Elapsed Up To Now: 1 Day(s), 5 Hour(s), 13 Minute(s), and 43 Second(s). 
[Only_5D] DONE : Batch 161 of 171
[Only_5D] Time Elapsed Up To Now: 1 Day(s), 5 Hour(s), 16 Minute(s), and 4 Second(s). 
[Only_5D] START: Batch 170 of 171
[Only_5D] Time Elapsed Up To Now: 1 Day(s), 5 Hour(s), 16 Minute(s), and 4 Second(s). 
[Only_5D] DONE : Batch 170 of 171
[Only_5D] Time Elapsed Up To Now: 1 Day(s), 5 Hour(s), 21 Minute(s), and 57 Second(s). 
[Only_5D] START: Batch 171 of 171
[Only_5D] Time Elapsed Up To Now: 1 Day(s), 5 Hour(s), 21 Minute(s), and 57 Second(s). 
[Only_5D] DONE : Batch 162 of 171
[Only_5D] Time Elapsed Up To Now: 1 Day(s), 5 Hour(s), 23 Minute(s), and 23 Second(s). 
[Only_5D] DONE : Batch 163 of 171
[Only_5D] Time Elapsed Up To Now: 1 Day(s), 5 Hour(s), 25 Minute(s), and 31 Second(s). 
[Only_5D] DONE : Batch 171 of 171
[Only_5D] Time Elapsed Up To Now: 1 Day(s), 5 Hour(s), 28 Minute(s), and 0 Second(s). 
[Only_5D] DONE : Batch 165 of 171
[Only_5D] Time Elapsed Up To Now: 1 Day(s), 5 Hour(s), 29 Minute(s), and 16 Second(s). 
[Only_5D] DONE : Batch 166 of 171
[Only_5D] Time Elapsed Up To Now: 1 Day(s), 5 Hour(s), 37 Minute(s), and 41 Second(s). 
[Only_5D] DONE : Batch 167 of 171
[Only_5D] Time Elapsed Up To Now: 1 Day(s), 5 Hour(s), 44 Minute(s), and 22 Second(s). 
[Only_5D] DONE : Batch 168 of 171
[Only_5D] Time Elapsed Up To Now: 1 Day(s), 6 Hour(s), 18 Minute(s), and 42 Second(s). 
[Only_5D] DONE : Batch 169 of 171
[Only_5D] Time Elapsed Up To Now: 1 Day(s), 6 Hour(s), 25 Minute(s), and 19 Second(s). 
[Only_5D] Running hadd on 171 batch files...
[Only_5D] Time Elapsed Up To Now: 1 Day(s), 6 Hour(s), 25 Minute(s), and 19 Second(s). 
[Only_5D] Merged file created: /w/hallb-scshelf2102/clas12/richcap/SIDIS_Analysis/Histo_Files_ROOT/DataFrames/hadd_ROOT_files_From_using_RDataFrames/SIDIS_epip_Response_Matrices_from_RDataFrames_Only_5D_1st_Order_V3_Response_Matrices_Final_Analysis_Iterations_I0_All.root
[Only_5D] Time Elapsed Up To Now: 1 Day(s), 6 Hour(s), 52 Minute(s), and 43 Second(s). 
[Only_5D] Peak memory used by child jobs: 8.74 GB
[Only_5D] 
[Only_5D] 
[Only_5D] 
[Only_5D] 
[Only_5D] EMAIL MESSAGE TO SEND:
[Only_5D] 
[Only_5D] 
[Only_5D] The 'run_sidis_DataFrame_pipeline.py' script has finished running.
[Only_5D] Started running on 8-23-2026 at 10:48 p.m.
[Only_5D] 
[Only_5D] Running full histogram runner script (1st_Order_V3) for the remaining Phase-2 products after the 3D-only test with the updated kinematic binning scheme (empty BC Corrections bins removed). 3D is skipped (--jobs_3D 0) because that mode already finished for V3. Skipped HPP generation and reused HPP_Files_Output/generated_acceptance_weights_1st_Order_{noSpline,withSpline}.hpp via --HPP_Old_Name 1st_Order. Included the most recent versions of the rho0 subtractions. Phase-2 2D Presentation and Binning Presentation each set to 1 concurrent job so they run without competing much with 5D. Phase-2 5D Response Matrices set to 8 concurrent jobs (priority product; same 5D concurrency previously treated as reasonable). Ran in tmuxPython. Only 5D Response Matrices
[Only_5D] Starting parallel run with 171 batches → output dir: /scratch/richcap/Response_Matrix_Outputs/Only_5D_1st_Order_V3_Response_Matrices_Final_Analysis_Iterations_I0_08_23_2026
[Only_5D] 
[Only_5D] START: Batch   1 of 171
[Only_5D] Time Elapsed Up To Now: 0 Day(s), 0 Hour(s), 0 Minute(s), and 0 Second(s). 
[Only_5D] START: Batch   2 of 171
[Only_5D] Time Elapsed Up To Now: 0 Day(s), 0 Hour(s), 0 Minute(s), and 0 Second(s). 
[Only_5D] START: Batch   3 of 171
[Only_5D] Time Elapsed Up To Now: 0 Day(s), 0 Hour(s), 0 Minute(s), and 0 Second(s). 
[Only_5D] START: Batch   4 of 171
[Only_5D] Time Elapsed Up To Now: 0 Day(s), 0 Hour(s), 0 Minute(s), and 0 Second(s). 
[Only_5D] START: Batch   5 of 171
[Only_5D] Time Elapsed Up To Now: 0 Day(s), 0 Hour(s), 0 Minute(s), and 0 Second(s). 
[Only_5D] START: Batch   6 of 171
[Only_5D] Time Elapsed Up To Now: 0 Day(s), 0 Hour(s), 0 Minute(s), and 0 Second(s). 
[Only_5D] START: Batch   7 of 171
[Only_5D] Time Elapsed Up To Now: 0 Day(s), 0 Hour(s), 0 Minute(s), and 0 Second(s). 
[Only_5D] START: Batch   8 of 171
[Only_5D] Time Elapsed Up To Now: 0 Day(s), 0 Hour(s), 0 Minute(s), and 0 Second(s). 
[Only_5D] DONE : Batch   3 of 171
[Only_5D] Time Elapsed Up To Now: 0 Day(s), 1 Hour(s), 16 Minute(s), and 10 Second(s). 
[Only_5D] START: Batch   9 of 171
[Only_5D] Time Elapsed Up To Now: 0 Day(s), 1 Hour(s), 16 Minute(s), and 10 Second(s). 
[Only_5D] DONE : Batch   4 of 171
[Only_5D] Time Elapsed Up To Now: 0 Day(s), 1 Hour(s), 31 Minute(s), and 15 Second(s). 
[Only_5D] START: Batch  10 of 171
[Only_5D] Time Elapsed Up To Now: 0 Day(s), 1 Hour(s), 31 Minute(s), and 15 Second(s). 
[Only_5D] DONE : Batch   6 of 171
[Only_5D] Time Elapsed Up To Now: 0 Day(s), 1 Hour(s), 31 Minute(s), and 16 Second(s). 
[Only_5D] START: Batch  11 of 171
[Only_5D] Time Elapsed Up To Now: 0 Day(s), 1 Hour(s), 31 Minute(s), and 16 Second(s). 
[Only_5D] DONE : Batch   7 of 171
[Only_5D] Time Elapsed Up To Now: 0 Day(s), 1 Hour(s), 31 Minute(s), and 16 Second(s). 
[Only_5D] START: Batch  12 of 171
[Only_5D] Time Elapsed Up To Now: 0 Day(s), 1 Hour(s), 31 Minute(s), and 16 Second(s). 
[Only_5D] DONE : Batch   5 of 171
[Only_5D] Time Elapsed Up To Now: 0 Day(s), 1 Hour(s), 31 Minute(s), and 23 Second(s). 
[Only_5D] START: Batch  13 of 171
[Only_5D] Time Elapsed Up To Now: 0 Day(s), 1 Hour(s), 31 Minute(s), and 23 Second(s). 
[Only_5D] DONE : Batch   8 of 171
[Only_5D] Time Elapsed Up To Now: 0 Day(s), 1 Hour(s), 31 Minute(s), and 25 Second(s). 
[Only_5D] START: Batch  14 of 171
[Only_5D] Time Elapsed Up To Now: 0 Day(s), 1 Hour(s), 31 Minute(s), and 25 Second(s). 
[Only_5D] DONE : Batch   1 of 171
[Only_5D] Time Elapsed Up To Now: 0 Day(s), 1 Hour(s), 31 Minute(s), and 26 Second(s). 
[Only_5D] START: Batch  15 of 171
[Only_5D] Time Elapsed Up To Now: 0 Day(s), 1 Hour(s), 31 Minute(s), and 26 Second(s). 
[Only_5D] DONE : Batch   2 of 171
[Only_5D] Time Elapsed Up To Now: 0 Day(s), 1 Hour(s), 31 Minute(s), and 33 Second(s). 
[Only_5D] START: Batch  16 of 171
[Only_5D] Time Elapsed Up To Now: 0 Day(s), 1 Hour(s), 31 Minute(s), and 33 Second(s). 
[Only_5D] DONE : Batch  14 of 171
[Only_5D] Time Elapsed Up To Now: 0 Day(s), 2 Hour(s), 27 Minute(s), and 33 Second(s). 
[Only_5D] START: Batch  17 of 171
[Only_5D] Time Elapsed Up To Now: 0 Day(s), 2 Hour(s), 27 Minute(s), and 33 Second(s). 
[Only_5D] DONE : Batch  13 of 171
[Only_5D] Time Elapsed Up To Now: 0 Day(s), 2 Hour(s), 30 Minute(s), and 50 Second(s). 
[Only_5D] START: Batch  18 of 171
[Only_5D] Time Elapsed Up To Now: 0 Day(s), 2 Hour(s), 30 Minute(s), and 50 Second(s). 
[Only_5D] DONE : Batch  12 of 171
[Only_5D] Time Elapsed Up To Now: 0 Day(s), 2 Hour(s), 31 Minute(s), and 15 Second(s). 
[Only_5D] START: Batch  19 of 171
[Only_5D] Time Elapsed Up To Now: 0 Day(s), 2 Hour(s), 31 Minute(s), and 15 Second(s). 
[Only_5D] DONE : Batch   9 of 171
[Only_5D] Time Elapsed Up To Now: 0 Day(s), 2 Hour(s), 44 Minute(s), and 19 Second(s). 
[Only_5D] START: Batch  20 of 171
[Only_5D] Time Elapsed Up To Now: 0 Day(s), 2 Hour(s), 44 Minute(s), and 19 Second(s). 
[Only_5D] DONE : Batch  11 of 171
[Only_5D] Time Elapsed Up To Now: 0 Day(s), 2 Hour(s), 45 Minute(s), and 41 Second(s). 
[Only_5D] START: Batch  21 of 171
[Only_5D] Time Elapsed Up To Now: 0 Day(s), 2 Hour(s), 45 Minute(s), and 41 Second(s). 
[Only_5D] DONE : Batch  10 of 171
[Only_5D] Time Elapsed Up To Now: 0 Day(s), 2 Hour(s), 46 Minute(s), and 6 Second(s). 
[Only_5D] START: Batch  22 of 171
[Only_5D] Time Elapsed Up To Now: 0 Day(s), 2 Hour(s), 46 Minute(s), and 6 Second(s). 
[Only_5D] DONE : Batch  16 of 171
[Only_5D] Time Elapsed Up To Now: 0 Day(s), 2 Hour(s), 54 Minute(s), and 56 Second(s). 
[Only_5D] START: Batch  23 of 171
[Only_5D] Time Elapsed Up To Now: 0 Day(s), 2 Hour(s), 54 Minute(s), and 56 Second(s). 
[Only_5D] DONE : Batch  15 of 171
[Only_5D] Time Elapsed Up To Now: 0 Day(s), 2 Hour(s), 54 Minute(s), and 57 Second(s). 
[Only_5D] START: Batch  24 of 171
[Only_5D] Time Elapsed Up To Now: 0 Day(s), 2 Hour(s), 54 Minute(s), and 57 Second(s). 
[Only_5D] DONE : Batch  17 of 171
[Only_5D] Time Elapsed Up To Now: 0 Day(s), 3 Hour(s), 49 Minute(s), and 47 Second(s). 
[Only_5D] START: Batch  25 of 171
[Only_5D] Time Elapsed Up To Now: 0 Day(s), 3 Hour(s), 49 Minute(s), and 47 Second(s). 
[Only_5D] DONE : Batch  18 of 171
[Only_5D] Time Elapsed Up To Now: 0 Day(s), 3 Hour(s), 52 Minute(s), and 50 Second(s). 
[Only_5D] START: Batch  26 of 171
[Only_5D] Time Elapsed Up To Now: 0 Day(s), 3 Hour(s), 52 Minute(s), and 50 Second(s). 
[Only_5D] DONE : Batch  19 of 171
[Only_5D] Time Elapsed Up To Now: 0 Day(s), 3 Hour(s), 53 Minute(s), and 35 Second(s). 
[Only_5D] START: Batch  27 of 171
[Only_5D] Time Elapsed Up To Now: 0 Day(s), 3 Hour(s), 53 Minute(s), and 35 Second(s). 
[Only_5D] DONE : Batch  20 of 171
[Only_5D] Time Elapsed Up To Now: 0 Day(s), 4 Hour(s), 6 Minute(s), and 31 Second(s). 
[Only_5D] START: Batch  28 of 171
[Only_5D] Time Elapsed Up To Now: 0 Day(s), 4 Hour(s), 6 Minute(s), and 31 Second(s). 
[Only_5D] DONE : Batch  21 of 171
[Only_5D] Time Elapsed Up To Now: 0 Day(s), 4 Hour(s), 8 Minute(s), and 15 Second(s). 
[Only_5D] START: Batch  29 of 171
[Only_5D] Time Elapsed Up To Now: 0 Day(s), 4 Hour(s), 8 Minute(s), and 15 Second(s). 
[Only_5D] DONE : Batch  22 of 171
[Only_5D] Time Elapsed Up To Now: 0 Day(s), 4 Hour(s), 9 Minute(s), and 37 Second(s). 
[Only_5D] START: Batch  30 of 171
[Only_5D] Time Elapsed Up To Now: 0 Day(s), 4 Hour(s), 9 Minute(s), and 37 Second(s). 
[Only_5D] DONE : Batch  24 of 171
[Only_5D] Time Elapsed Up To Now: 0 Day(s), 4 Hour(s), 17 Minute(s), and 44 Second(s). 
[Only_5D] START: Batch  31 of 171
[Only_5D] Time Elapsed Up To Now: 0 Day(s), 4 Hour(s), 17 Minute(s), and 44 Second(s). 
[Only_5D] DONE : Batch  23 of 171
[Only_5D] Time Elapsed Up To Now: 0 Day(s), 4 Hour(s), 18 Minute(s), and 23 Second(s). 
[Only_5D] START: Batch  32 of 171
[Only_5D] Time Elapsed Up To Now: 0 Day(s), 4 Hour(s), 18 Minute(s), and 23 Second(s). 
[Only_5D] DONE : Batch  25 of 171
[Only_5D] Time Elapsed Up To Now: 0 Day(s), 5 Hour(s), 12 Minute(s), and 15 Second(s). 
[Only_5D] START: Batch  33 of 171
[Only_5D] Time Elapsed Up To Now: 0 Day(s), 5 Hour(s), 12 Minute(s), and 15 Second(s). 
[Only_5D] DONE : Batch  26 of 171
[Only_5D] Time Elapsed Up To Now: 0 Day(s), 5 Hour(s), 16 Minute(s), and 28 Second(s). 
[Only_5D] START: Batch  34 of 171
[Only_5D] Time Elapsed Up To Now: 0 Day(s), 5 Hour(s), 16 Minute(s), and 28 Second(s). 
[Only_5D] DONE : Batch  27 of 171
[Only_5D] Time Elapsed Up To Now: 0 Day(s), 5 Hour(s), 16 Minute(s), and 35 Second(s). 
[Only_5D] START: Batch  35 of 171
[Only_5D] Time Elapsed Up To Now: 0 Day(s), 5 Hour(s), 16 Minute(s), and 35 Second(s). 
[Only_5D] DONE : Batch  28 of 171
[Only_5D] Time Elapsed Up To Now: 0 Day(s), 5 Hour(s), 28 Minute(s), and 28 Second(s). 
[Only_5D] START: Batch  36 of 171
[Only_5D] Time Elapsed Up To Now: 0 Day(s), 5 Hour(s), 28 Minute(s), and 28 Second(s). 
[Only_5D] DONE : Batch  29 of 171
[Only_5D] Time Elapsed Up To Now: 0 Day(s), 5 Hour(s), 30 Minute(s), and 18 Second(s). 
[Only_5D] START: Batch  37 of 171
[Only_5D] Time Elapsed Up To Now: 0 Day(s), 5 Hour(s), 30 Minute(s), and 18 Second(s). 
[Only_5D] DONE : Batch  30 of 171
[Only_5D] Time Elapsed Up To Now: 0 Day(s), 5 Hour(s), 32 Minute(s), and 17 Second(s). 
[Only_5D] START: Batch  38 of 171
[Only_5D] Time Elapsed Up To Now: 0 Day(s), 5 Hour(s), 32 Minute(s), and 17 Second(s). 
[Only_5D] DONE : Batch  31 of 171
[Only_5D] Time Elapsed Up To Now: 0 Day(s), 5 Hour(s), 40 Minute(s), and 10 Second(s). 
[Only_5D] START: Batch  39 of 171
[Only_5D] Time Elapsed Up To Now: 0 Day(s), 5 Hour(s), 40 Minute(s), and 10 Second(s). 
[Only_5D] DONE : Batch  32 of 171
[Only_5D] Time Elapsed Up To Now: 0 Day(s), 5 Hour(s), 40 Minute(s), and 34 Second(s). 
[Only_5D] START: Batch  40 of 171
[Only_5D] Time Elapsed Up To Now: 0 Day(s), 5 Hour(s), 40 Minute(s), and 34 Second(s). 
[Only_5D] DONE : Batch  33 of 171
[Only_5D] Time Elapsed Up To Now: 0 Day(s), 6 Hour(s), 34 Minute(s), and 25 Second(s). 
[Only_5D] START: Batch  41 of 171
[Only_5D] Time Elapsed Up To Now: 0 Day(s), 6 Hour(s), 34 Minute(s), and 25 Second(s). 
[Only_5D] DONE : Batch  35 of 171
[Only_5D] Time Elapsed Up To Now: 0 Day(s), 6 Hour(s), 39 Minute(s), and 33 Second(s). 
[Only_5D] START: Batch  42 of 171
[Only_5D] Time Elapsed Up To Now: 0 Day(s), 6 Hour(s), 39 Minute(s), and 33 Second(s). 
[Only_5D] DONE : Batch  36 of 171
[Only_5D] Time Elapsed Up To Now: 0 Day(s), 6 Hour(s), 51 Minute(s), and 16 Second(s). 
[Only_5D] START: Batch  43 of 171
[Only_5D] Time Elapsed Up To Now: 0 Day(s), 6 Hour(s), 51 Minute(s), and 16 Second(s). 
[Only_5D] DONE : Batch  37 of 171
[Only_5D] Time Elapsed Up To Now: 0 Day(s), 6 Hour(s), 52 Minute(s), and 36 Second(s). 
[Only_5D] START: Batch  44 of 171
[Only_5D] Time Elapsed Up To Now: 0 Day(s), 6 Hour(s), 52 Minute(s), and 36 Second(s). 
[Only_5D] DONE : Batch  38 of 171
[Only_5D] Time Elapsed Up To Now: 0 Day(s), 6 Hour(s), 59 Minute(s), and 37 Second(s). 
[Only_5D] START: Batch  45 of 171
[Only_5D] Time Elapsed Up To Now: 0 Day(s), 6 Hour(s), 59 Minute(s), and 37 Second(s). 
[Only_5D] DONE : Batch  40 of 171
[Only_5D] Time Elapsed Up To Now: 0 Day(s), 7 Hour(s), 3 Minute(s), and 18 Second(s). 
[Only_5D] START: Batch  46 of 171
[Only_5D] Time Elapsed Up To Now: 0 Day(s), 7 Hour(s), 3 Minute(s), and 18 Second(s). 
[Only_5D] DONE : Batch  42 of 171
[Only_5D] Time Elapsed Up To Now: 0 Day(s), 8 Hour(s), 1 Minute(s), and 44 Second(s). 
[Only_5D] START: Batch  47 of 171
[Only_5D] Time Elapsed Up To Now: 0 Day(s), 8 Hour(s), 1 Minute(s), and 44 Second(s). 
[Only_5D] DONE : Batch  43 of 171
[Only_5D] Time Elapsed Up To Now: 0 Day(s), 8 Hour(s), 14 Minute(s), and 2 Second(s). 
[Only_5D] START: Batch  48 of 171
[Only_5D] Time Elapsed Up To Now: 0 Day(s), 8 Hour(s), 14 Minute(s), and 2 Second(s). 
[Only_5D] DONE : Batch  34 of 171
[Only_5D] Time Elapsed Up To Now: 0 Day(s), 8 Hour(s), 43 Minute(s), and 31 Second(s). 
[Only_5D] START: Batch  49 of 171
[Only_5D] Time Elapsed Up To Now: 0 Day(s), 8 Hour(s), 43 Minute(s), and 31 Second(s). 
[Only_5D] DONE : Batch  39 of 171
[Only_5D] Time Elapsed Up To Now: 0 Day(s), 9 Hour(s), 5 Minute(s), and 46 Second(s). 
[Only_5D] START: Batch  50 of 171
[Only_5D] Time Elapsed Up To Now: 0 Day(s), 9 Hour(s), 5 Minute(s), and 46 Second(s). 
[Only_5D] DONE : Batch  47 of 171
[Only_5D] Time Elapsed Up To Now: 0 Day(s), 9 Hour(s), 24 Minute(s), and 45 Second(s). 
[Only_5D] START: Batch  51 of 171
[Only_5D] Time Elapsed Up To Now: 0 Day(s), 9 Hour(s), 24 Minute(s), and 45 Second(s). 
[Only_5D] DONE : Batch  41 of 171
[Only_5D] Time Elapsed Up To Now: 0 Day(s), 9 Hour(s), 59 Minute(s), and 52 Second(s). 
[Only_5D] START: Batch  52 of 171
[Only_5D] Time Elapsed Up To Now: 0 Day(s), 9 Hour(s), 59 Minute(s), and 52 Second(s). 
[Only_5D] DONE : Batch  50 of 171
[Only_5D] Time Elapsed Up To Now: 0 Day(s), 10 Hour(s), 15 Minute(s), and 8 Second(s). 
[Only_5D] START: Batch  53 of 171
[Only_5D] Time Elapsed Up To Now: 0 Day(s), 10 Hour(s), 15 Minute(s), and 8 Second(s). 
[Only_5D] DONE : Batch  44 of 171
[Only_5D] Time Elapsed Up To Now: 0 Day(s), 10 Hour(s), 18 Minute(s), and 20 Second(s). 
[Only_5D] START: Batch  54 of 171
[Only_5D] Time Elapsed Up To Now: 0 Day(s), 10 Hour(s), 18 Minute(s), and 20 Second(s). 
[Only_5D] DONE : Batch  45 of 171
[Only_5D] Time Elapsed Up To Now: 0 Day(s), 10 Hour(s), 24 Minute(s), and 36 Second(s). 
[Only_5D] START: Batch  55 of 171
[Only_5D] Time Elapsed Up To Now: 0 Day(s), 10 Hour(s), 24 Minute(s), and 36 Second(s). 
[Only_5D] DONE : Batch  46 of 171
[Only_5D] Time Elapsed Up To Now: 0 Day(s), 10 Hour(s), 28 Minute(s), and 42 Second(s). 
[Only_5D] START: Batch  56 of 171
[Only_5D] Time Elapsed Up To Now: 0 Day(s), 10 Hour(s), 28 Minute(s), and 42 Second(s). 
[Only_5D] DONE : Batch  51 of 171
[Only_5D] Time Elapsed Up To Now: 0 Day(s), 10 Hour(s), 34 Minute(s), and 22 Second(s). 
[Only_5D] START: Batch  57 of 171
[Only_5D] Time Elapsed Up To Now: 0 Day(s), 10 Hour(s), 34 Minute(s), and 22 Second(s). 
[Only_5D] DONE : Batch  52 of 171
[Only_5D] Time Elapsed Up To Now: 0 Day(s), 11 Hour(s), 11 Minute(s), and 34 Second(s). 
[Only_5D] START: Batch  58 of 171
[Only_5D] Time Elapsed Up To Now: 0 Day(s), 11 Hour(s), 11 Minute(s), and 34 Second(s). 
[Only_5D] DONE : Batch  53 of 171
[Only_5D] Time Elapsed Up To Now: 0 Day(s), 11 Hour(s), 27 Minute(s), and 52 Second(s). 
[Only_5D] START: Batch  59 of 171
[Only_5D] Time Elapsed Up To Now: 0 Day(s), 11 Hour(s), 27 Minute(s), and 52 Second(s). 
[Only_5D] DONE : Batch  54 of 171
[Only_5D] Time Elapsed Up To Now: 0 Day(s), 11 Hour(s), 30 Minute(s), and 52 Second(s). 
[Only_5D] START: Batch  60 of 171
[Only_5D] Time Elapsed Up To Now: 0 Day(s), 11 Hour(s), 30 Minute(s), and 52 Second(s). 
[Only_5D] DONE : Batch  55 of 171
[Only_5D] Time Elapsed Up To Now: 0 Day(s), 11 Hour(s), 37 Minute(s), and 57 Second(s). 
[Only_5D] START: Batch  61 of 171
[Only_5D] Time Elapsed Up To Now: 0 Day(s), 11 Hour(s), 37 Minute(s), and 57 Second(s). 
[Only_5D] DONE : Batch  56 of 171
[Only_5D] Time Elapsed Up To Now: 0 Day(s), 11 Hour(s), 44 Minute(s), and 1 Second(s). 
[Only_5D] START: Batch  62 of 171
[Only_5D] Time Elapsed Up To Now: 0 Day(s), 11 Hour(s), 44 Minute(s), and 1 Second(s). 
[Only_5D] DONE : Batch  57 of 171
[Only_5D] Time Elapsed Up To Now: 0 Day(s), 11 Hour(s), 48 Minute(s), and 38 Second(s). 
[Only_5D] START: Batch  63 of 171
[Only_5D] Time Elapsed Up To Now: 0 Day(s), 11 Hour(s), 48 Minute(s), and 38 Second(s). 
[Only_5D] DONE : Batch  49 of 171
[Only_5D] Time Elapsed Up To Now: 0 Day(s), 11 Hour(s), 59 Minute(s), and 39 Second(s). 
[Only_5D] START: Batch  64 of 171
[Only_5D] Time Elapsed Up To Now: 0 Day(s), 11 Hour(s), 59 Minute(s), and 39 Second(s). 
[Only_5D] DONE : Batch  58 of 171
[Only_5D] Time Elapsed Up To Now: 0 Day(s), 12 Hour(s), 24 Minute(s), and 50 Second(s). 
[Only_5D] START: Batch  65 of 171
[Only_5D] Time Elapsed Up To Now: 0 Day(s), 12 Hour(s), 24 Minute(s), and 50 Second(s). 
[Only_5D] DONE : Batch  59 of 171
[Only_5D] Time Elapsed Up To Now: 0 Day(s), 12 Hour(s), 41 Minute(s), and 6 Second(s). 
[Only_5D] START: Batch  66 of 171
[Only_5D] Time Elapsed Up To Now: 0 Day(s), 12 Hour(s), 41 Minute(s), and 6 Second(s). 
[Only_5D] DONE : Batch  60 of 171
[Only_5D] Time Elapsed Up To Now: 0 Day(s), 12 Hour(s), 44 Minute(s), and 3 Second(s). 
[Only_5D] START: Batch  67 of 171
[Only_5D] Time Elapsed Up To Now: 0 Day(s), 12 Hour(s), 44 Minute(s), and 3 Second(s). 
[Only_5D] DONE : Batch  61 of 171
[Only_5D] Time Elapsed Up To Now: 0 Day(s), 12 Hour(s), 51 Minute(s), and 28 Second(s). 
[Only_5D] START: Batch  68 of 171
[Only_5D] Time Elapsed Up To Now: 0 Day(s), 12 Hour(s), 51 Minute(s), and 28 Second(s). 
[Only_5D] DONE : Batch  62 of 171
[Only_5D] Time Elapsed Up To Now: 0 Day(s), 12 Hour(s), 58 Minute(s), and 10 Second(s). 
[Only_5D] START: Batch  69 of 171
[Only_5D] Time Elapsed Up To Now: 0 Day(s), 12 Hour(s), 58 Minute(s), and 10 Second(s). 
[Only_5D] DONE : Batch  63 of 171
[Only_5D] Time Elapsed Up To Now: 0 Day(s), 13 Hour(s), 3 Minute(s), and 31 Second(s). 
[Only_5D] START: Batch  70 of 171
[Only_5D] Time Elapsed Up To Now: 0 Day(s), 13 Hour(s), 3 Minute(s), and 31 Second(s). 
[Only_5D] DONE : Batch  64 of 171
[Only_5D] Time Elapsed Up To Now: 0 Day(s), 13 Hour(s), 14 Minute(s), and 23 Second(s). 
[Only_5D] START: Batch  71 of 171
[Only_5D] Time Elapsed Up To Now: 0 Day(s), 13 Hour(s), 14 Minute(s), and 23 Second(s). 
[Only_5D] DONE : Batch  65 of 171
[Only_5D] Time Elapsed Up To Now: 0 Day(s), 13 Hour(s), 41 Minute(s), and 9 Second(s). 
[Only_5D] START: Batch  72 of 171
[Only_5D] Time Elapsed Up To Now: 0 Day(s), 13 Hour(s), 41 Minute(s), and 9 Second(s). 
[Only_5D] DONE : Batch  48 of 171
[Only_5D] Time Elapsed Up To Now: 0 Day(s), 13 Hour(s), 51 Minute(s), and 34 Second(s). 
[Only_5D] START: Batch  73 of 171
[Only_5D] Time Elapsed Up To Now: 0 Day(s), 13 Hour(s), 51 Minute(s), and 34 Second(s). 
[Only_5D] DONE : Batch  66 of 171
[Only_5D] Time Elapsed Up To Now: 0 Day(s), 13 Hour(s), 56 Minute(s), and 56 Second(s). 
[Only_5D] START: Batch  74 of 171
[Only_5D] Time Elapsed Up To Now: 0 Day(s), 13 Hour(s), 56 Minute(s), and 56 Second(s). 
[Only_5D] DONE : Batch  67 of 171
[Only_5D] Time Elapsed Up To Now: 0 Day(s), 13 Hour(s), 59 Minute(s), and 11 Second(s). 
[Only_5D] START: Batch  75 of 171
[Only_5D] Time Elapsed Up To Now: 0 Day(s), 13 Hour(s), 59 Minute(s), and 11 Second(s). 
[Only_5D] DONE : Batch  68 of 171
[Only_5D] Time Elapsed Up To Now: 0 Day(s), 14 Hour(s), 5 Minute(s), and 19 Second(s). 
[Only_5D] START: Batch  76 of 171
[Only_5D] Time Elapsed Up To Now: 0 Day(s), 14 Hour(s), 5 Minute(s), and 19 Second(s). 
[Only_5D] DONE : Batch  69 of 171
[Only_5D] Time Elapsed Up To Now: 0 Day(s), 14 Hour(s), 11 Minute(s), and 43 Second(s). 
[Only_5D] START: Batch  77 of 171
[Only_5D] Time Elapsed Up To Now: 0 Day(s), 14 Hour(s), 11 Minute(s), and 43 Second(s). 
[Only_5D] DONE : Batch  70 of 171
[Only_5D] Time Elapsed Up To Now: 0 Day(s), 14 Hour(s), 17 Minute(s), and 36 Second(s). 
[Only_5D] START: Batch  78 of 171
[Only_5D] Time Elapsed Up To Now: 0 Day(s), 14 Hour(s), 17 Minute(s), and 36 Second(s). 
[Only_5D] DONE : Batch  71 of 171
[Only_5D] Time Elapsed Up To Now: 0 Day(s), 14 Hour(s), 27 Minute(s), and 14 Second(s). 
[Only_5D] START: Batch  79 of 171
[Only_5D] Time Elapsed Up To Now: 0 Day(s), 14 Hour(s), 27 Minute(s), and 14 Second(s). 
[Only_5D] DONE : Batch  72 of 171
[Only_5D] Time Elapsed Up To Now: 0 Day(s), 14 Hour(s), 55 Minute(s), and 3 Second(s). 
[Only_5D] START: Batch  80 of 171
[Only_5D] Time Elapsed Up To Now: 0 Day(s), 14 Hour(s), 55 Minute(s), and 3 Second(s). 
[Only_5D] DONE : Batch  73 of 171
[Only_5D] Time Elapsed Up To Now: 0 Day(s), 15 Hour(s), 5 Minute(s), and 28 Second(s). 
[Only_5D] START: Batch  81 of 171
[Only_5D] Time Elapsed Up To Now: 0 Day(s), 15 Hour(s), 5 Minute(s), and 28 Second(s). 
[Only_5D] DONE : Batch  74 of 171
[Only_5D] Time Elapsed Up To Now: 0 Day(s), 15 Hour(s), 10 Minute(s), and 3 Second(s). 
[Only_5D] START: Batch  82 of 171
[Only_5D] Time Elapsed Up To Now: 0 Day(s), 15 Hour(s), 10 Minute(s), and 3 Second(s). 
[Only_5D] DONE : Batch  75 of 171
[Only_5D] Time Elapsed Up To Now: 0 Day(s), 15 Hour(s), 12 Minute(s), and 16 Second(s). 
[Only_5D] START: Batch  83 of 171
[Only_5D] Time Elapsed Up To Now: 0 Day(s), 15 Hour(s), 12 Minute(s), and 16 Second(s). 
[Only_5D] DONE : Batch  76 of 171
[Only_5D] Time Elapsed Up To Now: 0 Day(s), 15 Hour(s), 18 Minute(s), and 16 Second(s). 
[Only_5D] START: Batch  84 of 171
[Only_5D] Time Elapsed Up To Now: 0 Day(s), 15 Hour(s), 18 Minute(s), and 16 Second(s). 
[Only_5D] DONE : Batch  77 of 171
[Only_5D] Time Elapsed Up To Now: 0 Day(s), 15 Hour(s), 23 Minute(s), and 36 Second(s). 
[Only_5D] START: Batch  85 of 171
[Only_5D] Time Elapsed Up To Now: 0 Day(s), 15 Hour(s), 23 Minute(s), and 36 Second(s). 
[Only_5D] DONE : Batch  78 of 171
[Only_5D] Time Elapsed Up To Now: 0 Day(s), 15 Hour(s), 35 Minute(s), and 30 Second(s). 
[Only_5D] START: Batch  86 of 171
[Only_5D] Time Elapsed Up To Now: 0 Day(s), 15 Hour(s), 35 Minute(s), and 30 Second(s). 
[Only_5D] DONE : Batch  79 of 171
[Only_5D] Time Elapsed Up To Now: 0 Day(s), 15 Hour(s), 45 Minute(s), and 35 Second(s). 
[Only_5D] START: Batch  87 of 171
[Only_5D] Time Elapsed Up To Now: 0 Day(s), 15 Hour(s), 45 Minute(s), and 35 Second(s). 
[Only_5D] DONE : Batch  80 of 171
[Only_5D] Time Elapsed Up To Now: 0 Day(s), 16 Hour(s), 11 Minute(s), and 51 Second(s). 
[Only_5D] START: Batch  88 of 171
[Only_5D] Time Elapsed Up To Now: 0 Day(s), 16 Hour(s), 11 Minute(s), and 51 Second(s). 
[Only_5D] DONE : Batch  81 of 171
[Only_5D] Time Elapsed Up To Now: 0 Day(s), 16 Hour(s), 21 Minute(s), and 46 Second(s). 
[Only_5D] START: Batch  89 of 171
[Only_5D] Time Elapsed Up To Now: 0 Day(s), 16 Hour(s), 21 Minute(s), and 46 Second(s). 
[Only_5D] DONE : Batch  82 of 171
[Only_5D] Time Elapsed Up To Now: 0 Day(s), 16 Hour(s), 27 Minute(s), and 39 Second(s). 
[Only_5D] START: Batch  90 of 171
[Only_5D] Time Elapsed Up To Now: 0 Day(s), 16 Hour(s), 27 Minute(s), and 39 Second(s). 
[Only_5D] DONE : Batch  83 of 171
[Only_5D] Time Elapsed Up To Now: 0 Day(s), 16 Hour(s), 29 Minute(s), and 39 Second(s). 
[Only_5D] START: Batch  91 of 171
[Only_5D] Time Elapsed Up To Now: 0 Day(s), 16 Hour(s), 29 Minute(s), and 39 Second(s). 
[Only_5D] DONE : Batch  84 of 171
[Only_5D] Time Elapsed Up To Now: 0 Day(s), 16 Hour(s), 35 Minute(s), and 28 Second(s). 
[Only_5D] START: Batch  92 of 171
[Only_5D] Time Elapsed Up To Now: 0 Day(s), 16 Hour(s), 35 Minute(s), and 28 Second(s). 
[Only_5D] DONE : Batch  85 of 171
[Only_5D] Time Elapsed Up To Now: 0 Day(s), 16 Hour(s), 41 Minute(s), and 1 Second(s). 
[Only_5D] START: Batch  93 of 171
[Only_5D] Time Elapsed Up To Now: 0 Day(s), 16 Hour(s), 41 Minute(s), and 1 Second(s). 
[Only_5D] DONE : Batch  86 of 171
[Only_5D] Time Elapsed Up To Now: 0 Day(s), 16 Hour(s), 51 Minute(s), and 52 Second(s). 
[Only_5D] START: Batch  94 of 171
[Only_5D] Time Elapsed Up To Now: 0 Day(s), 16 Hour(s), 51 Minute(s), and 52 Second(s). 
[Only_5D] DONE : Batch  87 of 171
[Only_5D] Time Elapsed Up To Now: 0 Day(s), 17 Hour(s), 2 Minute(s), and 37 Second(s). 
[Only_5D] START: Batch  95 of 171
[Only_5D] Time Elapsed Up To Now: 0 Day(s), 17 Hour(s), 2 Minute(s), and 37 Second(s). 
[Only_5D] DONE : Batch  88 of 171
[Only_5D] Time Elapsed Up To Now: 0 Day(s), 17 Hour(s), 30 Minute(s), and 18 Second(s). 
[Only_5D] START: Batch  96 of 171
[Only_5D] Time Elapsed Up To Now: 0 Day(s), 17 Hour(s), 30 Minute(s), and 18 Second(s). 
[Only_5D] DONE : Batch  89 of 171
[Only_5D] Time Elapsed Up To Now: 0 Day(s), 17 Hour(s), 41 Minute(s), and 34 Second(s). 
[Only_5D] START: Batch  97 of 171
[Only_5D] Time Elapsed Up To Now: 0 Day(s), 17 Hour(s), 41 Minute(s), and 34 Second(s). 
[Only_5D] DONE : Batch  90 of 171
[Only_5D] Time Elapsed Up To Now: 0 Day(s), 17 Hour(s), 45 Minute(s), and 37 Second(s). 
[Only_5D] START: Batch  98 of 171
[Only_5D] Time Elapsed Up To Now: 0 Day(s), 17 Hour(s), 45 Minute(s), and 37 Second(s). 
[Only_5D] DONE : Batch  91 of 171
[Only_5D] Time Elapsed Up To Now: 0 Day(s), 17 Hour(s), 47 Minute(s), and 23 Second(s). 
[Only_5D] START: Batch  99 of 171
[Only_5D] Time Elapsed Up To Now: 0 Day(s), 17 Hour(s), 47 Minute(s), and 23 Second(s). 
[Only_5D] DONE : Batch  92 of 171
[Only_5D] Time Elapsed Up To Now: 0 Day(s), 17 Hour(s), 53 Minute(s), and 49 Second(s). 
[Only_5D] START: Batch 100 of 171
[Only_5D] Time Elapsed Up To Now: 0 Day(s), 17 Hour(s), 53 Minute(s), and 49 Second(s). 
[Only_5D] DONE : Batch  93 of 171
[Only_5D] Time Elapsed Up To Now: 0 Day(s), 17 Hour(s), 59 Minute(s), and 21 Second(s). 
[Only_5D] START: Batch 101 of 171
[Only_5D] Time Elapsed Up To Now: 0 Day(s), 17 Hour(s), 59 Minute(s), and 21 Second(s). 
[Only_5D] DONE : Batch  94 of 171
[Only_5D] Time Elapsed Up To Now: 0 Day(s), 18 Hour(s), 10 Minute(s), and 16 Second(s). 
[Only_5D] START: Batch 102 of 171
[Only_5D] Time Elapsed Up To Now: 0 Day(s), 18 Hour(s), 10 Minute(s), and 16 Second(s). 
[Only_5D] DONE : Batch  95 of 171
[Only_5D] Time Elapsed Up To Now: 0 Day(s), 18 Hour(s), 21 Minute(s), and 15 Second(s). 
[Only_5D] START: Batch 103 of 171
[Only_5D] Time Elapsed Up To Now: 0 Day(s), 18 Hour(s), 21 Minute(s), and 15 Second(s). 
[Only_5D] DONE : Batch  96 of 171
[Only_5D] Time Elapsed Up To Now: 0 Day(s), 18 Hour(s), 47 Minute(s), and 1 Second(s). 
[Only_5D] START: Batch 104 of 171
[Only_5D] Time Elapsed Up To Now: 0 Day(s), 18 Hour(s), 47 Minute(s), and 1 Second(s). 
[Only_5D] DONE : Batch  97 of 171
[Only_5D] Time Elapsed Up To Now: 0 Day(s), 18 Hour(s), 59 Minute(s), and 34 Second(s). 
[Only_5D] START: Batch 105 of 171
[Only_5D] Time Elapsed Up To Now: 0 Day(s), 18 Hour(s), 59 Minute(s), and 34 Second(s). 
[Only_5D] DONE : Batch  98 of 171
[Only_5D] Time Elapsed Up To Now: 0 Day(s), 19 Hour(s), 3 Minute(s), and 29 Second(s). 
[Only_5D] START: Batch 106 of 171
[Only_5D] Time Elapsed Up To Now: 0 Day(s), 19 Hour(s), 3 Minute(s), and 29 Second(s). 
[Only_5D] DONE : Batch  99 of 171
[Only_5D] Time Elapsed Up To Now: 0 Day(s), 19 Hour(s), 5 Minute(s), and 3 Second(s). 
[Only_5D] START: Batch 107 of 171
[Only_5D] Time Elapsed Up To Now: 0 Day(s), 19 Hour(s), 5 Minute(s), and 3 Second(s). 
[Only_5D] DONE : Batch 100 of 171
[Only_5D] Time Elapsed Up To Now: 0 Day(s), 19 Hour(s), 11 Minute(s), and 37 Second(s). 
[Only_5D] START: Batch 108 of 171
[Only_5D] Time Elapsed Up To Now: 0 Day(s), 19 Hour(s), 11 Minute(s), and 37 Second(s). 
[Only_5D] DONE : Batch 101 of 171
[Only_5D] Time Elapsed Up To Now: 0 Day(s), 19 Hour(s), 18 Minute(s), and 47 Second(s). 
[Only_5D] START: Batch 109 of 171
[Only_5D] Time Elapsed Up To Now: 0 Day(s), 19 Hour(s), 18 Minute(s), and 47 Second(s). 
[Only_5D] DONE : Batch 102 of 171
[Only_5D] Time Elapsed Up To Now: 0 Day(s), 19 Hour(s), 27 Minute(s), and 36 Second(s). 
[Only_5D] START: Batch 110 of 171
[Only_5D] Time Elapsed Up To Now: 0 Day(s), 19 Hour(s), 27 Minute(s), and 36 Second(s). 
[Only_5D] DONE : Batch 103 of 171
[Only_5D] Time Elapsed Up To Now: 0 Day(s), 19 Hour(s), 38 Minute(s), and 14 Second(s). 
[Only_5D] START: Batch 111 of 171
[Only_5D] Time Elapsed Up To Now: 0 Day(s), 19 Hour(s), 38 Minute(s), and 14 Second(s). 
[Only_5D] DONE : Batch 104 of 171
[Only_5D] Time Elapsed Up To Now: 0 Day(s), 20 Hour(s), 4 Minute(s), and 13 Second(s). 
[Only_5D] START: Batch 112 of 171
[Only_5D] Time Elapsed Up To Now: 0 Day(s), 20 Hour(s), 4 Minute(s), and 13 Second(s). 
[Only_5D] DONE : Batch 105 of 171
[Only_5D] Time Elapsed Up To Now: 0 Day(s), 20 Hour(s), 16 Minute(s), and 2 Second(s). 
[Only_5D] START: Batch 113 of 171
[Only_5D] Time Elapsed Up To Now: 0 Day(s), 20 Hour(s), 16 Minute(s), and 2 Second(s). 
[Only_5D] DONE : Batch 106 of 171
[Only_5D] Time Elapsed Up To Now: 0 Day(s), 20 Hour(s), 20 Minute(s), and 44 Second(s). 
[Only_5D] START: Batch 114 of 171
[Only_5D] Time Elapsed Up To Now: 0 Day(s), 20 Hour(s), 20 Minute(s), and 44 Second(s). 
[Only_5D] DONE : Batch 107 of 171
[Only_5D] Time Elapsed Up To Now: 0 Day(s), 20 Hour(s), 21 Minute(s), and 58 Second(s). 
[Only_5D] START: Batch 115 of 171
[Only_5D] Time Elapsed Up To Now: 0 Day(s), 20 Hour(s), 21 Minute(s), and 58 Second(s). 
[Only_5D] DONE : Batch 108 of 171
[Only_5D] Time Elapsed Up To Now: 0 Day(s), 20 Hour(s), 27 Minute(s), and 32 Second(s). 
[Only_5D] START: Batch 116 of 171
[Only_5D] Time Elapsed Up To Now: 0 Day(s), 20 Hour(s), 27 Minute(s), and 32 Second(s). 
[Only_5D] DONE : Batch 109 of 171
[Only_5D] Time Elapsed Up To Now: 0 Day(s), 20 Hour(s), 35 Minute(s), and 12 Second(s). 
[Only_5D] START: Batch 117 of 171
[Only_5D] Time Elapsed Up To Now: 0 Day(s), 20 Hour(s), 35 Minute(s), and 12 Second(s). 
[Only_5D] DONE : Batch 110 of 171
[Only_5D] Time Elapsed Up To Now: 0 Day(s), 20 Hour(s), 43 Minute(s), and 59 Second(s). 
[Only_5D] START: Batch 118 of 171
[Only_5D] Time Elapsed Up To Now: 0 Day(s), 20 Hour(s), 43 Minute(s), and 59 Second(s). 
[Only_5D] DONE : Batch 111 of 171
[Only_5D] Time Elapsed Up To Now: 0 Day(s), 20 Hour(s), 54 Minute(s), and 38 Second(s). 
[Only_5D] START: Batch 119 of 171
[Only_5D] Time Elapsed Up To Now: 0 Day(s), 20 Hour(s), 54 Minute(s), and 38 Second(s). 
[Only_5D] DONE : Batch 112 of 171
[Only_5D] Time Elapsed Up To Now: 0 Day(s), 21 Hour(s), 21 Minute(s), and 39 Second(s). 
[Only_5D] START: Batch 120 of 171
[Only_5D] Time Elapsed Up To Now: 0 Day(s), 21 Hour(s), 21 Minute(s), and 39 Second(s). 
[Only_5D] DONE : Batch 113 of 171
[Only_5D] Time Elapsed Up To Now: 0 Day(s), 21 Hour(s), 33 Minute(s), and 15 Second(s). 
[Only_5D] START: Batch 121 of 171
[Only_5D] Time Elapsed Up To Now: 0 Day(s), 21 Hour(s), 33 Minute(s), and 15 Second(s). 
[Only_5D] DONE : Batch 114 of 171
[Only_5D] Time Elapsed Up To Now: 0 Day(s), 21 Hour(s), 38 Minute(s), and 27 Second(s). 
[Only_5D] START: Batch 122 of 171
[Only_5D] Time Elapsed Up To Now: 0 Day(s), 21 Hour(s), 38 Minute(s), and 27 Second(s). 
[Only_5D] DONE : Batch 115 of 171
[Only_5D] Time Elapsed Up To Now: 0 Day(s), 21 Hour(s), 40 Minute(s), and 31 Second(s). 
[Only_5D] START: Batch 123 of 171
[Only_5D] Time Elapsed Up To Now: 0 Day(s), 21 Hour(s), 40 Minute(s), and 31 Second(s). 
[Only_5D] DONE : Batch 116 of 171
[Only_5D] Time Elapsed Up To Now: 0 Day(s), 21 Hour(s), 45 Minute(s), and 47 Second(s). 
[Only_5D] START: Batch 124 of 171
[Only_5D] Time Elapsed Up To Now: 0 Day(s), 21 Hour(s), 45 Minute(s), and 47 Second(s). 
[Only_5D] DONE : Batch 117 of 171
[Only_5D] Time Elapsed Up To Now: 0 Day(s), 21 Hour(s), 56 Minute(s), and 9 Second(s). 
[Only_5D] START: Batch 125 of 171
[Only_5D] Time Elapsed Up To Now: 0 Day(s), 21 Hour(s), 56 Minute(s), and 9 Second(s). 
[Only_5D] DONE : Batch 118 of 171
[Only_5D] Time Elapsed Up To Now: 0 Day(s), 22 Hour(s), 5 Minute(s), and 38 Second(s). 
[Only_5D] START: Batch 126 of 171
[Only_5D] Time Elapsed Up To Now: 0 Day(s), 22 Hour(s), 5 Minute(s), and 38 Second(s). 
[Only_5D] DONE : Batch 119 of 171
[Only_5D] Time Elapsed Up To Now: 0 Day(s), 22 Hour(s), 18 Minute(s), and 15 Second(s). 
[Only_5D] START: Batch 127 of 171
[Only_5D] Time Elapsed Up To Now: 0 Day(s), 22 Hour(s), 18 Minute(s), and 15 Second(s). 
[Only_5D] DONE : Batch 120 of 171
[Only_5D] Time Elapsed Up To Now: 0 Day(s), 22 Hour(s), 47 Minute(s), and 21 Second(s). 
[Only_5D] START: Batch 128 of 171
[Only_5D] Time Elapsed Up To Now: 0 Day(s), 22 Hour(s), 47 Minute(s), and 21 Second(s). 
[Only_5D] DONE : Batch 121 of 171
[Only_5D] Time Elapsed Up To Now: 0 Day(s), 23 Hour(s), 1 Minute(s), and 20 Second(s). 
[Only_5D] START: Batch 129 of 171
[Only_5D] Time Elapsed Up To Now: 0 Day(s), 23 Hour(s), 1 Minute(s), and 20 Second(s). 
[Only_5D] DONE : Batch 122 of 171
[Only_5D] Time Elapsed Up To Now: 0 Day(s), 23 Hour(s), 6 Minute(s), and 19 Second(s). 
[Only_5D] START: Batch 130 of 171
[Only_5D] Time Elapsed Up To Now: 0 Day(s), 23 Hour(s), 6 Minute(s), and 19 Second(s). 
[Only_5D] DONE : Batch 123 of 171
[Only_5D] Time Elapsed Up To Now: 0 Day(s), 23 Hour(s), 7 Minute(s), and 46 Second(s). 
[Only_5D] START: Batch 131 of 171
[Only_5D] Time Elapsed Up To Now: 0 Day(s), 23 Hour(s), 7 Minute(s), and 46 Second(s). 
[Only_5D] DONE : Batch 124 of 171
[Only_5D] Time Elapsed Up To Now: 0 Day(s), 23 Hour(s), 12 Minute(s), and 47 Second(s). 
[Only_5D] START: Batch 132 of 171
[Only_5D] Time Elapsed Up To Now: 0 Day(s), 23 Hour(s), 12 Minute(s), and 47 Second(s). 
[Only_5D] DONE : Batch 125 of 171
[Only_5D] Time Elapsed Up To Now: 0 Day(s), 23 Hour(s), 21 Minute(s), and 2 Second(s). 
[Only_5D] START: Batch 133 of 171
[Only_5D] Time Elapsed Up To Now: 0 Day(s), 23 Hour(s), 21 Minute(s), and 2 Second(s). 
[Only_5D] DONE : Batch 126 of 171
[Only_5D] Time Elapsed Up To Now: 0 Day(s), 23 Hour(s), 28 Minute(s), and 10 Second(s). 
[Only_5D] START: Batch 134 of 171
[Only_5D] Time Elapsed Up To Now: 0 Day(s), 23 Hour(s), 28 Minute(s), and 10 Second(s). 
[Only_5D] DONE : Batch 127 of 171
[Only_5D] Time Elapsed Up To Now: 0 Day(s), 23 Hour(s), 38 Minute(s), and 34 Second(s). 
[Only_5D] START: Batch 135 of 171
[Only_5D] Time Elapsed Up To Now: 0 Day(s), 23 Hour(s), 38 Minute(s), and 34 Second(s). 
[Only_5D] DONE : Batch 128 of 171
[Only_5D] Time Elapsed Up To Now: 1 Day(s), 0 Hour(s), 4 Minute(s), and 59 Second(s). 
[Only_5D] START: Batch 136 of 171
[Only_5D] Time Elapsed Up To Now: 1 Day(s), 0 Hour(s), 4 Minute(s), and 59 Second(s). 
[Only_5D] DONE : Batch 129 of 171
[Only_5D] Time Elapsed Up To Now: 1 Day(s), 0 Hour(s), 18 Minute(s), and 10 Second(s). 
[Only_5D] START: Batch 137 of 171
[Only_5D] Time Elapsed Up To Now: 1 Day(s), 0 Hour(s), 18 Minute(s), and 10 Second(s). 
[Only_5D] DONE : Batch 130 of 171
[Only_5D] Time Elapsed Up To Now: 1 Day(s), 0 Hour(s), 23 Minute(s), and 9 Second(s). 
[Only_5D] START: Batch 138 of 171
[Only_5D] Time Elapsed Up To Now: 1 Day(s), 0 Hour(s), 23 Minute(s), and 9 Second(s). 
[Only_5D] DONE : Batch 131 of 171
[Only_5D] Time Elapsed Up To Now: 1 Day(s), 0 Hour(s), 25 Minute(s), and 21 Second(s). 
[Only_5D] START: Batch 139 of 171
[Only_5D] Time Elapsed Up To Now: 1 Day(s), 0 Hour(s), 25 Minute(s), and 21 Second(s). 
[Only_5D] DONE : Batch 132 of 171
[Only_5D] Time Elapsed Up To Now: 1 Day(s), 0 Hour(s), 30 Minute(s), and 5 Second(s). 
[Only_5D] START: Batch 140 of 171
[Only_5D] Time Elapsed Up To Now: 1 Day(s), 0 Hour(s), 30 Minute(s), and 5 Second(s). 
[Only_5D] DONE : Batch 133 of 171
[Only_5D] Time Elapsed Up To Now: 1 Day(s), 0 Hour(s), 37 Minute(s), and 27 Second(s). 
[Only_5D] START: Batch 141 of 171
[Only_5D] Time Elapsed Up To Now: 1 Day(s), 0 Hour(s), 37 Minute(s), and 27 Second(s). 
[Only_5D] DONE : Batch 134 of 171
[Only_5D] Time Elapsed Up To Now: 1 Day(s), 0 Hour(s), 44 Minute(s), and 58 Second(s). 
[Only_5D] START: Batch 142 of 171
[Only_5D] Time Elapsed Up To Now: 1 Day(s), 0 Hour(s), 44 Minute(s), and 58 Second(s). 
[Only_5D] DONE : Batch 135 of 171
[Only_5D] Time Elapsed Up To Now: 1 Day(s), 0 Hour(s), 56 Minute(s), and 40 Second(s). 
[Only_5D] START: Batch 143 of 171
[Only_5D] Time Elapsed Up To Now: 1 Day(s), 0 Hour(s), 56 Minute(s), and 40 Second(s). 
[Only_5D] DONE : Batch 136 of 171
[Only_5D] Time Elapsed Up To Now: 1 Day(s), 1 Hour(s), 20 Minute(s), and 44 Second(s). 
[Only_5D] START: Batch 144 of 171
[Only_5D] Time Elapsed Up To Now: 1 Day(s), 1 Hour(s), 20 Minute(s), and 44 Second(s). 
[Only_5D] DONE : Batch 137 of 171
[Only_5D] Time Elapsed Up To Now: 1 Day(s), 1 Hour(s), 32 Minute(s), and 23 Second(s). 
[Only_5D] START: Batch 145 of 171
[Only_5D] Time Elapsed Up To Now: 1 Day(s), 1 Hour(s), 32 Minute(s), and 23 Second(s). 
[Only_5D] DONE : Batch 138 of 171
[Only_5D] Time Elapsed Up To Now: 1 Day(s), 1 Hour(s), 37 Minute(s), and 30 Second(s). 
[Only_5D] START: Batch 146 of 171
[Only_5D] Time Elapsed Up To Now: 1 Day(s), 1 Hour(s), 37 Minute(s), and 30 Second(s). 
[Only_5D] DONE : Batch 139 of 171
[Only_5D] Time Elapsed Up To Now: 1 Day(s), 1 Hour(s), 39 Minute(s), and 30 Second(s). 
[Only_5D] START: Batch 147 of 171
[Only_5D] Time Elapsed Up To Now: 1 Day(s), 1 Hour(s), 39 Minute(s), and 30 Second(s). 
[Only_5D] DONE : Batch 140 of 171
[Only_5D] Time Elapsed Up To Now: 1 Day(s), 1 Hour(s), 43 Minute(s), and 24 Second(s). 
[Only_5D] START: Batch 148 of 171
[Only_5D] Time Elapsed Up To Now: 1 Day(s), 1 Hour(s), 43 Minute(s), and 24 Second(s). 
[Only_5D] DONE : Batch 141 of 171
[Only_5D] Time Elapsed Up To Now: 1 Day(s), 1 Hour(s), 51 Minute(s), and 20 Second(s). 
[Only_5D] START: Batch 149 of 171
[Only_5D] Time Elapsed Up To Now: 1 Day(s), 1 Hour(s), 51 Minute(s), and 20 Second(s). 
[Only_5D] DONE : Batch 142 of 171
[Only_5D] Time Elapsed Up To Now: 1 Day(s), 1 Hour(s), 59 Minute(s), and 2 Second(s). 
[Only_5D] START: Batch 150 of 171
[Only_5D] Time Elapsed Up To Now: 1 Day(s), 1 Hour(s), 59 Minute(s), and 2 Second(s). 
[Only_5D] DONE : Batch 143 of 171
[Only_5D] Time Elapsed Up To Now: 1 Day(s), 2 Hour(s), 10 Minute(s), and 35 Second(s). 
[Only_5D] START: Batch 151 of 171
[Only_5D] Time Elapsed Up To Now: 1 Day(s), 2 Hour(s), 10 Minute(s), and 35 Second(s). 
[Only_5D] DONE : Batch 144 of 171
[Only_5D] Time Elapsed Up To Now: 1 Day(s), 2 Hour(s), 36 Minute(s), and 3 Second(s). 
[Only_5D] START: Batch 152 of 171
[Only_5D] Time Elapsed Up To Now: 1 Day(s), 2 Hour(s), 36 Minute(s), and 3 Second(s). 
[Only_5D] DONE : Batch 145 of 171
[Only_5D] Time Elapsed Up To Now: 1 Day(s), 2 Hour(s), 48 Minute(s), and 8 Second(s). 
[Only_5D] START: Batch 153 of 171
[Only_5D] Time Elapsed Up To Now: 1 Day(s), 2 Hour(s), 48 Minute(s), and 8 Second(s). 
[Only_5D] DONE : Batch 146 of 171
[Only_5D] Time Elapsed Up To Now: 1 Day(s), 2 Hour(s), 52 Minute(s), and 56 Second(s). 
[Only_5D] START: Batch 154 of 171
[Only_5D] Time Elapsed Up To Now: 1 Day(s), 2 Hour(s), 52 Minute(s), and 56 Second(s). 
[Only_5D] DONE : Batch 147 of 171
[Only_5D] Time Elapsed Up To Now: 1 Day(s), 2 Hour(s), 55 Minute(s), and 11 Second(s). 
[Only_5D] START: Batch 155 of 171
[Only_5D] Time Elapsed Up To Now: 1 Day(s), 2 Hour(s), 55 Minute(s), and 11 Second(s). 
[Only_5D] DONE : Batch 148 of 171
[Only_5D] Time Elapsed Up To Now: 1 Day(s), 2 Hour(s), 59 Minute(s), and 17 Second(s). 
[Only_5D] START: Batch 156 of 171
[Only_5D] Time Elapsed Up To Now: 1 Day(s), 2 Hour(s), 59 Minute(s), and 17 Second(s). 
[Only_5D] DONE : Batch 149 of 171
[Only_5D] Time Elapsed Up To Now: 1 Day(s), 3 Hour(s), 7 Minute(s), and 19 Second(s). 
[Only_5D] START: Batch 157 of 171
[Only_5D] Time Elapsed Up To Now: 1 Day(s), 3 Hour(s), 7 Minute(s), and 19 Second(s). 
[Only_5D] DONE : Batch 150 of 171
[Only_5D] Time Elapsed Up To Now: 1 Day(s), 3 Hour(s), 15 Minute(s), and 8 Second(s). 
[Only_5D] START: Batch 158 of 171
[Only_5D] Time Elapsed Up To Now: 1 Day(s), 3 Hour(s), 15 Minute(s), and 8 Second(s). 
[Only_5D] DONE : Batch 151 of 171
[Only_5D] Time Elapsed Up To Now: 1 Day(s), 3 Hour(s), 26 Minute(s), and 30 Second(s). 
[Only_5D] START: Batch 159 of 171
[Only_5D] Time Elapsed Up To Now: 1 Day(s), 3 Hour(s), 26 Minute(s), and 30 Second(s). 
[Only_5D] DONE : Batch 152 of 171
[Only_5D] Time Elapsed Up To Now: 1 Day(s), 3 Hour(s), 50 Minute(s), and 8 Second(s). 
[Only_5D] START: Batch 160 of 171
[Only_5D] Time Elapsed Up To Now: 1 Day(s), 3 Hour(s), 50 Minute(s), and 8 Second(s). 
[Only_5D] DONE : Batch 153 of 171
[Only_5D] Time Elapsed Up To Now: 1 Day(s), 3 Hour(s), 58 Minute(s), and 34 Second(s). 
[Only_5D] START: Batch 161 of 171
[Only_5D] Time Elapsed Up To Now: 1 Day(s), 3 Hour(s), 58 Minute(s), and 34 Second(s). 
[Only_5D] DONE : Batch 154 of 171
[Only_5D] Time Elapsed Up To Now: 1 Day(s), 4 Hour(s), 6 Minute(s), and 19 Second(s). 
[Only_5D] START: Batch 162 of 171
[Only_5D] Time Elapsed Up To Now: 1 Day(s), 4 Hour(s), 6 Minute(s), and 19 Second(s). 
[Only_5D] DONE : Batch 155 of 171
[Only_5D] Time Elapsed Up To Now: 1 Day(s), 4 Hour(s), 8 Minute(s), and 57 Second(s). 
[Only_5D] START: Batch 163 of 171
[Only_5D] Time Elapsed Up To Now: 1 Day(s), 4 Hour(s), 8 Minute(s), and 57 Second(s). 
[Only_5D] DONE : Batch 159 of 171
[Only_5D] Time Elapsed Up To Now: 1 Day(s), 4 Hour(s), 10 Minute(s), and 31 Second(s). 
[Only_5D] START: Batch 164 of 171
[Only_5D] Time Elapsed Up To Now: 1 Day(s), 4 Hour(s), 10 Minute(s), and 31 Second(s). 
[Only_5D] DONE : Batch 156 of 171
[Only_5D] Time Elapsed Up To Now: 1 Day(s), 4 Hour(s), 12 Minute(s), and 41 Second(s). 
[Only_5D] START: Batch 165 of 171
[Only_5D] Time Elapsed Up To Now: 1 Day(s), 4 Hour(s), 12 Minute(s), and 41 Second(s). 
[Only_5D] DONE : Batch 157 of 171
[Only_5D] Time Elapsed Up To Now: 1 Day(s), 4 Hour(s), 21 Minute(s), and 19 Second(s). 
[Only_5D] START: Batch 166 of 171
[Only_5D] Time Elapsed Up To Now: 1 Day(s), 4 Hour(s), 21 Minute(s), and 19 Second(s). 
[Only_5D] DONE : Batch 158 of 171
[Only_5D] Time Elapsed Up To Now: 1 Day(s), 4 Hour(s), 27 Minute(s), and 59 Second(s). 
[Only_5D] START: Batch 167 of 171
[Only_5D] Time Elapsed Up To Now: 1 Day(s), 4 Hour(s), 27 Minute(s), and 59 Second(s). 
[Only_5D] DONE : Batch 160 of 171
[Only_5D] Time Elapsed Up To Now: 1 Day(s), 5 Hour(s), 6 Minute(s), and 52 Second(s). 
[Only_5D] START: Batch 168 of 171
[Only_5D] Time Elapsed Up To Now: 1 Day(s), 5 Hour(s), 6 Minute(s), and 52 Second(s). 
[Only_5D] DONE : Batch 164 of 171
[Only_5D] Time Elapsed Up To Now: 1 Day(s), 5 Hour(s), 13 Minute(s), and 43 Second(s). 
[Only_5D] START: Batch 169 of 171
[Only_5D] Time Elapsed Up To Now: 1 Day(s), 5 Hour(s), 13 Minute(s), and 43 Second(s). 
[Only_5D] DONE : Batch 161 of 171
[Only_5D] Time Elapsed Up To Now: 1 Day(s), 5 Hour(s), 16 Minute(s), and 4 Second(s). 
[Only_5D] START: Batch 170 of 171
[Only_5D] Time Elapsed Up To Now: 1 Day(s), 5 Hour(s), 16 Minute(s), and 4 Second(s). 
[Only_5D] DONE : Batch 170 of 171
[Only_5D] Time Elapsed Up To Now: 1 Day(s), 5 Hour(s), 21 Minute(s), and 57 Second(s). 
[Only_5D] START: Batch 171 of 171
[Only_5D] Time Elapsed Up To Now: 1 Day(s), 5 Hour(s), 21 Minute(s), and 57 Second(s). 
[Only_5D] DONE : Batch 162 of 171
[Only_5D] Time Elapsed Up To Now: 1 Day(s), 5 Hour(s), 23 Minute(s), and 23 Second(s). 
[Only_5D] DONE : Batch 163 of 171
[Only_5D] Time Elapsed Up To Now: 1 Day(s), 5 Hour(s), 25 Minute(s), and 31 Second(s). 
[Only_5D] DONE : Batch 171 of 171
[Only_5D] Time Elapsed Up To Now: 1 Day(s), 5 Hour(s), 28 Minute(s), and 0 Second(s). 
[Only_5D] DONE : Batch 165 of 171
[Only_5D] Time Elapsed Up To Now: 1 Day(s), 5 Hour(s), 29 Minute(s), and 16 Second(s). 
[Only_5D] DONE : Batch 166 of 171
[Only_5D] Time Elapsed Up To Now: 1 Day(s), 5 Hour(s), 37 Minute(s), and 41 Second(s). 
[Only_5D] DONE : Batch 167 of 171
[Only_5D] Time Elapsed Up To Now: 1 Day(s), 5 Hour(s), 44 Minute(s), and 22 Second(s). 
[Only_5D] DONE : Batch 168 of 171
[Only_5D] Time Elapsed Up To Now: 1 Day(s), 6 Hour(s), 18 Minute(s), and 42 Second(s). 
[Only_5D] DONE : Batch 169 of 171
[Only_5D] Time Elapsed Up To Now: 1 Day(s), 6 Hour(s), 25 Minute(s), and 19 Second(s). 
[Only_5D] Running hadd on 171 batch files...
[Only_5D] Time Elapsed Up To Now: 1 Day(s), 6 Hour(s), 25 Minute(s), and 19 Second(s). 
[Only_5D] Merged file created: /w/hallb-scshelf2102/clas12/richcap/SIDIS_Analysis/Histo_Files_ROOT/DataFrames/hadd_ROOT_files_From_using_RDataFrames/SIDIS_epip_Response_Matrices_from_RDataFrames_Only_5D_1st_Order_V3_Response_Matrices_Final_Analysis_Iterations_I0_All.root
[Only_5D] Time Elapsed Up To Now: 1 Day(s), 6 Hour(s), 52 Minute(s), and 43 Second(s). 
[Only_5D] Peak memory used by child jobs: 8.74 GB
[Only_5D] 
[Only_5D] Arguments:
[Only_5D] 
[Only_5D] --mode                                              --> 'parallel'
[Only_5D] --cut_name                                          --> 'cut_Complete_SIDIS'
[Only_5D] --no_make_2D                                        --> True
[Only_5D] --no_make_2D_rho                                    --> True
[Only_5D] --z_axis_2D                                         --> '4D_Bin'
[Only_5D] --valerii_bins                                      --> False
[Only_5D] --use_hpp                                           --> True
[Only_5D] --spline_weights                                    --> True
[Only_5D] --spline_weight_file                                --> '/w/hallb-scshelf2102/clas12/richcap/SIDIS_Analysis/Prepare_Next_Iteration/rho0_Subtracted_5D_V2_4D_xB_Fit_Pars_from_5D_BC_RC_Bayesian_Compute_SplineWeight.txt'
[Only_5D] --json_weights                                      --> False
[Only_5D] --json_file                                         --> '/w/hallb-scshelf2102/clas12/richcap/SIDIS_Analysis/Fit_Pars_from_3D_Bayesian_with_Toys.json'
[Only_5D] --hpp_weight_file                                   --> '/w/hallb-scshelf2102/clas12/richcap/SIDIS_Analysis/Histo_Files_ROOT/DataFrames/HPP_Files_Output/generated_acceptance_weights_1st_Order_noSpline.hpp'
[Only_5D] --hpp_weight_file_spline                            --> '/w/hallb-scshelf2102/clas12/richcap/SIDIS_Analysis/Histo_Files_ROOT/DataFrames/HPP_Files_Output/generated_acceptance_weights_1st_Order_withSpline.hpp'
[Only_5D] --run_rho_weight                                    --> True
[Only_5D] --unsmeared                                         --> False
[Only_5D] --make_2D_only                                      --> False
[Only_5D] --unfold_5D_only                                    --> False
[Only_5D] --old_3D_unfold                                     --> False
[Only_5D] --name_in                                           --> '*Final_Analysis_Iterations_I0*.root'
[Only_5D] --name                                              --> 'Only_5D_1st_Order_V3_Response_Matrices'
[Only_5D] --num_batches                                       --> 171
[Only_5D] --work_dir                                          --> '/w/hallb-scshelf2102/clas12/richcap/SIDIS_Analysis/Histo_Files_ROOT/DataFrames/hadd_ROOT_files_From_using_RDataFrames'
[Only_5D] --scratch_dir                                       --> '/scratch/richcap/Response_Matrix_Outputs'
[Only_5D] --log_dir                                           --> '/scratch/richcap/Response_Matrix_Outputs'
[Only_5D] --jobs                                              --> 8
[Only_5D] --continue_on_failure                               --> False
[Only_5D] --rdf_dir                                           --> '/w/hallb-scshelf2102/clas12/richcap/SIDIS_Analysis/Histo_Files_ROOT/DataFrames/REAL_Data'
[Only_5D] --mdf_dir                                           --> '/w/hallb-scshelf2102/clas12/richcap/SIDIS_Analysis/Histo_Files_ROOT/DataFrames/Matching_REC_MC'
[Only_5D] --gdf_dir                                           --> '/w/hallb-scshelf2102/clas12/richcap/SIDIS_Analysis/Histo_Files_ROOT/DataFrames/GEN_MC'
[Only_5D] --batch_file                                        --> '/w/hallb-scshelf2102/clas12/richcap/SIDIS_Analysis/Histo_Files_ROOT/DataFrames/File_Batches.py'
[Only_5D] --verbose                                           --> False
[Only_5D] --yes                                               --> False
[Only_5D] --extra                                             --> ['--run_rho_weight', '--unfold_5D_only']
[Only_5D] --run_subdir_name                                   --> 'Only_5D_1st_Order_V3_Response_Matrices_Final_Analysis_Iterations_I0_08_23_2026'
[Only_5D] 
[Only_5D] 
[Only_5D] The time that this code finished is 05:41 a.m.
[Only_5D] The total time the code took to run is:
[Only_5D] 1 Day(s), 6 Hour(s), 52 Minute(s), and 43 Second(s).
[Only_5D] 
[Only_5D]     
[Only_5D] 
[Only_5D] 
[Only_5D]     	                                   	
[Only_5D]     	This code has now finished running.	
[Only_5D]     	                                   	   
[Only_5D] 
[Only_5D]     
[2D_Presentation] 
[2D_Presentation] Started running on 8-23-2026 at 10:48 p.m.
[2D_Presentation] 
[2D_Presentation] Starting parallel run with 171 batches → output dir: /scratch/richcap/Response_Matrix_Outputs/2D_Presentation_1st_Order_V3_Q2_Y_Bins_Final_Analysis_Iterations_I0_08_23_2026
[2D_Presentation] 
[2D_Presentation] START: Batch   1 of 171
[2D_Presentation] Time Elapsed Up To Now: 0 Day(s), 0 Hour(s), 0 Minute(s), and 0 Second(s). 
[2D_Presentation] DONE : Batch   1 of 171
[2D_Presentation] Time Elapsed Up To Now: 0 Day(s), 1 Hour(s), 42 Minute(s), and 24 Second(s). 
[2D_Presentation] START: Batch   2 of 171
[2D_Presentation] Time Elapsed Up To Now: 0 Day(s), 1 Hour(s), 42 Minute(s), and 24 Second(s). 
[2D_Presentation] DONE : Batch   2 of 171
[2D_Presentation] Time Elapsed Up To Now: 0 Day(s), 3 Hour(s), 20 Minute(s), and 55 Second(s). 
[2D_Presentation] START: Batch   3 of 171
[2D_Presentation] Time Elapsed Up To Now: 0 Day(s), 3 Hour(s), 20 Minute(s), and 55 Second(s). 
[2D_Presentation] DONE : Batch   3 of 171
[2D_Presentation] Time Elapsed Up To Now: 0 Day(s), 4 Hour(s), 43 Minute(s), and 28 Second(s). 
[2D_Presentation] START: Batch   4 of 171
[2D_Presentation] Time Elapsed Up To Now: 0 Day(s), 4 Hour(s), 43 Minute(s), and 28 Second(s). 
[2D_Presentation] DONE : Batch   4 of 171
[2D_Presentation] Time Elapsed Up To Now: 0 Day(s), 6 Hour(s), 22 Minute(s), and 18 Second(s). 
[2D_Presentation] START: Batch   5 of 171
[2D_Presentation] Time Elapsed Up To Now: 0 Day(s), 6 Hour(s), 22 Minute(s), and 18 Second(s). 
[2D_Presentation] DONE : Batch   5 of 171
[2D_Presentation] Time Elapsed Up To Now: 0 Day(s), 8 Hour(s), 1 Minute(s), and 35 Second(s). 
[2D_Presentation] START: Batch   6 of 171
[2D_Presentation] Time Elapsed Up To Now: 0 Day(s), 8 Hour(s), 1 Minute(s), and 35 Second(s). 
[2D_Presentation] DONE : Batch   6 of 171
[2D_Presentation] Time Elapsed Up To Now: 0 Day(s), 9 Hour(s), 41 Minute(s), and 5 Second(s). 
[2D_Presentation] START: Batch   7 of 171
[2D_Presentation] Time Elapsed Up To Now: 0 Day(s), 9 Hour(s), 41 Minute(s), and 5 Second(s). 
[2D_Presentation] DONE : Batch   7 of 171
[2D_Presentation] Time Elapsed Up To Now: 0 Day(s), 11 Hour(s), 21 Minute(s), and 27 Second(s). 
[2D_Presentation] START: Batch   8 of 171
[2D_Presentation] Time Elapsed Up To Now: 0 Day(s), 11 Hour(s), 21 Minute(s), and 27 Second(s). 
[2D_Presentation] DONE : Batch   8 of 171
[2D_Presentation] Time Elapsed Up To Now: 0 Day(s), 13 Hour(s), 5 Minute(s), and 19 Second(s). 
[2D_Presentation] START: Batch   9 of 171
[2D_Presentation] Time Elapsed Up To Now: 0 Day(s), 13 Hour(s), 5 Minute(s), and 19 Second(s). 
[2D_Presentation] DONE : Batch   9 of 171
[2D_Presentation] Time Elapsed Up To Now: 0 Day(s), 14 Hour(s), 48 Minute(s), and 51 Second(s). 
[2D_Presentation] START: Batch  10 of 171
[2D_Presentation] Time Elapsed Up To Now: 0 Day(s), 14 Hour(s), 48 Minute(s), and 51 Second(s). 
[2D_Presentation] DONE : Batch  10 of 171
[2D_Presentation] Time Elapsed Up To Now: 0 Day(s), 16 Hour(s), 13 Minute(s), and 42 Second(s). 
[2D_Presentation] START: Batch  11 of 171
[2D_Presentation] Time Elapsed Up To Now: 0 Day(s), 16 Hour(s), 13 Minute(s), and 42 Second(s). 
[2D_Presentation] DONE : Batch  11 of 171
[2D_Presentation] Time Elapsed Up To Now: 0 Day(s), 17 Hour(s), 38 Minute(s), and 3 Second(s). 
[2D_Presentation] START: Batch  12 of 171
[2D_Presentation] Time Elapsed Up To Now: 0 Day(s), 17 Hour(s), 38 Minute(s), and 3 Second(s). 
[2D_Presentation] DONE : Batch  12 of 171
[2D_Presentation] Time Elapsed Up To Now: 0 Day(s), 18 Hour(s), 45 Minute(s), and 16 Second(s). 
[2D_Presentation] START: Batch  13 of 171
[2D_Presentation] Time Elapsed Up To Now: 0 Day(s), 18 Hour(s), 45 Minute(s), and 16 Second(s). 
[2D_Presentation] DONE : Batch  13 of 171
[2D_Presentation] Time Elapsed Up To Now: 0 Day(s), 19 Hour(s), 52 Minute(s), and 16 Second(s). 
[2D_Presentation] START: Batch  14 of 171
[2D_Presentation] Time Elapsed Up To Now: 0 Day(s), 19 Hour(s), 52 Minute(s), and 16 Second(s). 
[2D_Presentation] DONE : Batch  14 of 171
[2D_Presentation] Time Elapsed Up To Now: 0 Day(s), 20 Hour(s), 57 Minute(s), and 58 Second(s). 
[2D_Presentation] START: Batch  15 of 171
[2D_Presentation] Time Elapsed Up To Now: 0 Day(s), 20 Hour(s), 57 Minute(s), and 58 Second(s). 
[2D_Presentation] DONE : Batch  15 of 171
[2D_Presentation] Time Elapsed Up To Now: 0 Day(s), 22 Hour(s), 43 Minute(s), and 50 Second(s). 
[2D_Presentation] START: Batch  16 of 171
[2D_Presentation] Time Elapsed Up To Now: 0 Day(s), 22 Hour(s), 43 Minute(s), and 50 Second(s). 
[2D_Presentation] DONE : Batch  16 of 171
[2D_Presentation] Time Elapsed Up To Now: 1 Day(s), 0 Hour(s), 23 Minute(s), and 42 Second(s). 
[2D_Presentation] START: Batch  17 of 171
[2D_Presentation] Time Elapsed Up To Now: 1 Day(s), 0 Hour(s), 23 Minute(s), and 42 Second(s). 
[2D_Presentation] DONE : Batch  17 of 171
[2D_Presentation] Time Elapsed Up To Now: 1 Day(s), 1 Hour(s), 59 Minute(s), and 48 Second(s). 
[2D_Presentation] START: Batch  18 of 171
[2D_Presentation] Time Elapsed Up To Now: 1 Day(s), 1 Hour(s), 59 Minute(s), and 48 Second(s). 
[2D_Presentation] DONE : Batch  18 of 171
[2D_Presentation] Time Elapsed Up To Now: 1 Day(s), 3 Hour(s), 36 Minute(s), and 52 Second(s). 
[2D_Presentation] START: Batch  19 of 171
[2D_Presentation] Time Elapsed Up To Now: 1 Day(s), 3 Hour(s), 36 Minute(s), and 52 Second(s). 
[2D_Presentation] DONE : Batch  19 of 171
[2D_Presentation] Time Elapsed Up To Now: 1 Day(s), 5 Hour(s), 15 Minute(s), and 19 Second(s). 
[2D_Presentation] START: Batch  20 of 171
[2D_Presentation] Time Elapsed Up To Now: 1 Day(s), 5 Hour(s), 15 Minute(s), and 19 Second(s). 
[2D_Presentation] DONE : Batch  20 of 171
[2D_Presentation] Time Elapsed Up To Now: 1 Day(s), 6 Hour(s), 50 Minute(s), and 15 Second(s). 
[2D_Presentation] START: Batch  21 of 171
[2D_Presentation] Time Elapsed Up To Now: 1 Day(s), 6 Hour(s), 50 Minute(s), and 15 Second(s). 
[2D_Presentation] DONE : Batch  21 of 171
[2D_Presentation] Time Elapsed Up To Now: 1 Day(s), 8 Hour(s), 24 Minute(s), and 37 Second(s). 
[2D_Presentation] START: Batch  22 of 171
[2D_Presentation] Time Elapsed Up To Now: 1 Day(s), 8 Hour(s), 24 Minute(s), and 37 Second(s). 
[2D_Presentation] DONE : Batch  22 of 171
[2D_Presentation] Time Elapsed Up To Now: 1 Day(s), 10 Hour(s), 0 Minute(s), and 46 Second(s). 
[2D_Presentation] START: Batch  23 of 171
[2D_Presentation] Time Elapsed Up To Now: 1 Day(s), 10 Hour(s), 0 Minute(s), and 46 Second(s). 
[2D_Presentation] DONE : Batch  23 of 171
[2D_Presentation] Time Elapsed Up To Now: 1 Day(s), 11 Hour(s), 36 Minute(s), and 5 Second(s). 
[2D_Presentation] START: Batch  24 of 171
[2D_Presentation] Time Elapsed Up To Now: 1 Day(s), 11 Hour(s), 36 Minute(s), and 5 Second(s). 
[2D_Presentation] DONE : Batch  24 of 171
[2D_Presentation] Time Elapsed Up To Now: 1 Day(s), 13 Hour(s), 22 Minute(s), and 48 Second(s). 
[2D_Presentation] START: Batch  25 of 171
[2D_Presentation] Time Elapsed Up To Now: 1 Day(s), 13 Hour(s), 22 Minute(s), and 48 Second(s). 
[2D_Presentation] DONE : Batch  25 of 171
[2D_Presentation] Time Elapsed Up To Now: 1 Day(s), 15 Hour(s), 7 Minute(s), and 35 Second(s). 
[2D_Presentation] START: Batch  26 of 171
[2D_Presentation] Time Elapsed Up To Now: 1 Day(s), 15 Hour(s), 7 Minute(s), and 35 Second(s). 
[2D_Presentation] DONE : Batch  26 of 171
[2D_Presentation] Time Elapsed Up To Now: 1 Day(s), 16 Hour(s), 51 Minute(s), and 47 Second(s). 
[2D_Presentation] START: Batch  27 of 171
[2D_Presentation] Time Elapsed Up To Now: 1 Day(s), 16 Hour(s), 51 Minute(s), and 47 Second(s). 
[2D_Presentation] DONE : Batch  27 of 171
[2D_Presentation] Time Elapsed Up To Now: 1 Day(s), 18 Hour(s), 38 Minute(s), and 6 Second(s). 
[2D_Presentation] START: Batch  28 of 171
[2D_Presentation] Time Elapsed Up To Now: 1 Day(s), 18 Hour(s), 38 Minute(s), and 6 Second(s). 
[2D_Presentation] DONE : Batch  28 of 171
[2D_Presentation] Time Elapsed Up To Now: 1 Day(s), 20 Hour(s), 21 Minute(s), and 50 Second(s). 
[2D_Presentation] START: Batch  29 of 171
[2D_Presentation] Time Elapsed Up To Now: 1 Day(s), 20 Hour(s), 21 Minute(s), and 50 Second(s). 
[2D_Presentation] DONE : Batch  29 of 171
[2D_Presentation] Time Elapsed Up To Now: 1 Day(s), 22 Hour(s), 6 Minute(s), and 8 Second(s). 
[2D_Presentation] START: Batch  30 of 171
[2D_Presentation] Time Elapsed Up To Now: 1 Day(s), 22 Hour(s), 6 Minute(s), and 8 Second(s). 
[2D_Presentation] DONE : Batch  30 of 171
[2D_Presentation] Time Elapsed Up To Now: 1 Day(s), 23 Hour(s), 47 Minute(s), and 56 Second(s). 
[2D_Presentation] START: Batch  31 of 171
[2D_Presentation] Time Elapsed Up To Now: 1 Day(s), 23 Hour(s), 47 Minute(s), and 56 Second(s). 
[2D_Presentation] DONE : Batch  31 of 171
[2D_Presentation] Time Elapsed Up To Now: 2 Day(s), 1 Hour(s), 29 Minute(s), and 56 Second(s). 
[2D_Presentation] START: Batch  32 of 171
[2D_Presentation] Time Elapsed Up To Now: 2 Day(s), 1 Hour(s), 29 Minute(s), and 56 Second(s). 
[2D_Presentation] DONE : Batch  32 of 171
[2D_Presentation] Time Elapsed Up To Now: 2 Day(s), 3 Hour(s), 13 Minute(s), and 31 Second(s). 
[2D_Presentation] START: Batch  33 of 171
[2D_Presentation] Time Elapsed Up To Now: 2 Day(s), 3 Hour(s), 13 Minute(s), and 31 Second(s). 
[2D_Presentation] DONE : Batch  33 of 171
[2D_Presentation] Time Elapsed Up To Now: 2 Day(s), 4 Hour(s), 54 Minute(s), and 13 Second(s). 
[2D_Presentation] START: Batch  34 of 171
[2D_Presentation] Time Elapsed Up To Now: 2 Day(s), 4 Hour(s), 54 Minute(s), and 13 Second(s). 
[2D_Presentation] DONE : Batch  34 of 171
[2D_Presentation] Time Elapsed Up To Now: 2 Day(s), 9 Hour(s), 9 Minute(s), and 28 Second(s). 
[2D_Presentation] START: Batch  35 of 171
[Binning_Presentation_Only] 
[Binning_Presentation_Only] Started running on 8-23-2026 at 10:48 p.m.
[Binning_Presentation_Only] 
[Binning_Presentation_Only] Starting parallel run with 171 batches → output dir: /scratch/richcap/Response_Matrix_Outputs/Binning_Presentation_Only_1st_Order_V3_Final_Analysis_Iterations_I0_08_23_2026
[Binning_Presentation_Only] 
[Binning_Presentation_Only] START: Batch   1 of 171
[Binning_Presentation_Only] Time Elapsed Up To Now: 0 Day(s), 0 Hour(s), 0 Minute(s), and 0 Second(s). 
[Binning_Presentation_Only] DONE : Batch   1 of 171
[Binning_Presentation_Only] Time Elapsed Up To Now: 0 Day(s), 1 Hour(s), 41 Minute(s), and 48 Second(s). 
[Binning_Presentation_Only] START: Batch   2 of 171
[Binning_Presentation_Only] Time Elapsed Up To Now: 0 Day(s), 1 Hour(s), 41 Minute(s), and 48 Second(s). 
[Binning_Presentation_Only] DONE : Batch   2 of 171
[Binning_Presentation_Only] Time Elapsed Up To Now: 0 Day(s), 3 Hour(s), 20 Minute(s), and 57 Second(s). 
[Binning_Presentation_Only] START: Batch   3 of 171
[Binning_Presentation_Only] Time Elapsed Up To Now: 0 Day(s), 3 Hour(s), 20 Minute(s), and 57 Second(s). 
[Binning_Presentation_Only] DONE : Batch   3 of 171
[Binning_Presentation_Only] Time Elapsed Up To Now: 0 Day(s), 4 Hour(s), 43 Minute(s), and 31 Second(s). 
[Binning_Presentation_Only] START: Batch   4 of 171
[Binning_Presentation_Only] Time Elapsed Up To Now: 0 Day(s), 4 Hour(s), 43 Minute(s), and 31 Second(s). 
[Binning_Presentation_Only] DONE : Batch   4 of 171
[Binning_Presentation_Only] Time Elapsed Up To Now: 0 Day(s), 6 Hour(s), 22 Minute(s), and 25 Second(s). 
[Binning_Presentation_Only] START: Batch   5 of 171
[Binning_Presentation_Only] Time Elapsed Up To Now: 0 Day(s), 6 Hour(s), 22 Minute(s), and 25 Second(s). 
[Binning_Presentation_Only] DONE : Batch   5 of 171
[Binning_Presentation_Only] Time Elapsed Up To Now: 0 Day(s), 8 Hour(s), 1 Minute(s), and 47 Second(s). 
[Binning_Presentation_Only] START: Batch   6 of 171
[Binning_Presentation_Only] Time Elapsed Up To Now: 0 Day(s), 8 Hour(s), 1 Minute(s), and 47 Second(s). 
[Binning_Presentation_Only] DONE : Batch   6 of 171
[Binning_Presentation_Only] Time Elapsed Up To Now: 0 Day(s), 9 Hour(s), 41 Minute(s), and 14 Second(s). 
[Binning_Presentation_Only] START: Batch   7 of 171
[Binning_Presentation_Only] Time Elapsed Up To Now: 0 Day(s), 9 Hour(s), 41 Minute(s), and 14 Second(s). 
[Binning_Presentation_Only] DONE : Batch   7 of 171
[Binning_Presentation_Only] Time Elapsed Up To Now: 0 Day(s), 11 Hour(s), 21 Minute(s), and 35 Second(s). 
[Binning_Presentation_Only] START: Batch   8 of 171
[Binning_Presentation_Only] Time Elapsed Up To Now: 0 Day(s), 11 Hour(s), 21 Minute(s), and 35 Second(s). 
[Binning_Presentation_Only] DONE : Batch   8 of 171
[Binning_Presentation_Only] Time Elapsed Up To Now: 0 Day(s), 13 Hour(s), 5 Minute(s), and 28 Second(s). 
[Binning_Presentation_Only] START: Batch   9 of 171
[Binning_Presentation_Only] Time Elapsed Up To Now: 0 Day(s), 13 Hour(s), 5 Minute(s), and 28 Second(s). 
[Binning_Presentation_Only] DONE : Batch   9 of 171
[Binning_Presentation_Only] Time Elapsed Up To Now: 0 Day(s), 14 Hour(s), 49 Minute(s), and 12 Second(s). 
[Binning_Presentation_Only] START: Batch  10 of 171
[Binning_Presentation_Only] Time Elapsed Up To Now: 0 Day(s), 14 Hour(s), 49 Minute(s), and 12 Second(s). 
[Binning_Presentation_Only] DONE : Batch  10 of 171
[Binning_Presentation_Only] Time Elapsed Up To Now: 0 Day(s), 16 Hour(s), 13 Minute(s), and 54 Second(s). 
[Binning_Presentation_Only] START: Batch  11 of 171
[Binning_Presentation_Only] Time Elapsed Up To Now: 0 Day(s), 16 Hour(s), 13 Minute(s), and 54 Second(s). 
[Binning_Presentation_Only] DONE : Batch  11 of 171
[Binning_Presentation_Only] Time Elapsed Up To Now: 0 Day(s), 17 Hour(s), 38 Minute(s), and 10 Second(s). 
[Binning_Presentation_Only] START: Batch  12 of 171
[Binning_Presentation_Only] Time Elapsed Up To Now: 0 Day(s), 17 Hour(s), 38 Minute(s), and 10 Second(s). 
[Binning_Presentation_Only] DONE : Batch  12 of 171
[Binning_Presentation_Only] Time Elapsed Up To Now: 0 Day(s), 18 Hour(s), 45 Minute(s), and 25 Second(s). 
[Binning_Presentation_Only] START: Batch  13 of 171
[Binning_Presentation_Only] Time Elapsed Up To Now: 0 Day(s), 18 Hour(s), 45 Minute(s), and 25 Second(s). 
[Binning_Presentation_Only] DONE : Batch  13 of 171
[Binning_Presentation_Only] Time Elapsed Up To Now: 0 Day(s), 19 Hour(s), 52 Minute(s), and 24 Second(s). 
[Binning_Presentation_Only] START: Batch  14 of 171
[Binning_Presentation_Only] Time Elapsed Up To Now: 0 Day(s), 19 Hour(s), 52 Minute(s), and 24 Second(s). 
[Binning_Presentation_Only] DONE : Batch  14 of 171
[Binning_Presentation_Only] Time Elapsed Up To Now: 0 Day(s), 20 Hour(s), 58 Minute(s), and 2 Second(s). 
[Binning_Presentation_Only] START: Batch  15 of 171
[Binning_Presentation_Only] Time Elapsed Up To Now: 0 Day(s), 20 Hour(s), 58 Minute(s), and 2 Second(s). 
[Binning_Presentation_Only] DONE : Batch  15 of 171
[Binning_Presentation_Only] Time Elapsed Up To Now: 0 Day(s), 22 Hour(s), 43 Minute(s), and 58 Second(s). 
[Binning_Presentation_Only] START: Batch  16 of 171
[Binning_Presentation_Only] Time Elapsed Up To Now: 0 Day(s), 22 Hour(s), 43 Minute(s), and 58 Second(s). 
[Binning_Presentation_Only] DONE : Batch  16 of 171
[Binning_Presentation_Only] Time Elapsed Up To Now: 1 Day(s), 0 Hour(s), 26 Minute(s), and 42 Second(s). 
[Binning_Presentation_Only] START: Batch  17 of 171
[Binning_Presentation_Only] Time Elapsed Up To Now: 1 Day(s), 0 Hour(s), 26 Minute(s), and 42 Second(s). 
[Binning_Presentation_Only] DONE : Batch  17 of 171
[Binning_Presentation_Only] Time Elapsed Up To Now: 1 Day(s), 1 Hour(s), 59 Minute(s), and 53 Second(s). 
[Binning_Presentation_Only] START: Batch  18 of 171
[Binning_Presentation_Only] Time Elapsed Up To Now: 1 Day(s), 1 Hour(s), 59 Minute(s), and 53 Second(s). 
[Binning_Presentation_Only] DONE : Batch  18 of 171
[Binning_Presentation_Only] Time Elapsed Up To Now: 1 Day(s), 3 Hour(s), 36 Minute(s), and 56 Second(s). 
[Binning_Presentation_Only] START: Batch  19 of 171
[Binning_Presentation_Only] Time Elapsed Up To Now: 1 Day(s), 3 Hour(s), 36 Minute(s), and 56 Second(s). 
[Binning_Presentation_Only] DONE : Batch  19 of 171
[Binning_Presentation_Only] Time Elapsed Up To Now: 1 Day(s), 5 Hour(s), 15 Minute(s), and 22 Second(s). 
[Binning_Presentation_Only] START: Batch  20 of 171
[Binning_Presentation_Only] Time Elapsed Up To Now: 1 Day(s), 5 Hour(s), 15 Minute(s), and 22 Second(s). 
[Binning_Presentation_Only] DONE : Batch  20 of 171
[Binning_Presentation_Only] Time Elapsed Up To Now: 1 Day(s), 6 Hour(s), 50 Minute(s), and 11 Second(s). 
[Binning_Presentation_Only] START: Batch  21 of 171
[Binning_Presentation_Only] Time Elapsed Up To Now: 1 Day(s), 6 Hour(s), 50 Minute(s), and 11 Second(s). 
[Binning_Presentation_Only] DONE : Batch  21 of 171
[Binning_Presentation_Only] Time Elapsed Up To Now: 1 Day(s), 8 Hour(s), 24 Minute(s), and 36 Second(s). 
[Binning_Presentation_Only] START: Batch  22 of 171
[Binning_Presentation_Only] Time Elapsed Up To Now: 1 Day(s), 8 Hour(s), 24 Minute(s), and 36 Second(s). 
[Binning_Presentation_Only] DONE : Batch  22 of 171
[Binning_Presentation_Only] Time Elapsed Up To Now: 1 Day(s), 9 Hour(s), 59 Minute(s), and 9 Second(s). 
[Binning_Presentation_Only] START: Batch  23 of 171
[Binning_Presentation_Only] Time Elapsed Up To Now: 1 Day(s), 9 Hour(s), 59 Minute(s), and 9 Second(s). 
[Binning_Presentation_Only] DONE : Batch  23 of 171
[Binning_Presentation_Only] Time Elapsed Up To Now: 1 Day(s), 11 Hour(s), 37 Minute(s), and 33 Second(s). 
[Binning_Presentation_Only] START: Batch  24 of 171
[Binning_Presentation_Only] Time Elapsed Up To Now: 1 Day(s), 11 Hour(s), 37 Minute(s), and 33 Second(s). 
[Binning_Presentation_Only] DONE : Batch  24 of 171
[Binning_Presentation_Only] Time Elapsed Up To Now: 1 Day(s), 13 Hour(s), 23 Minute(s), and 1 Second(s). 
[Binning_Presentation_Only] START: Batch  25 of 171
[Binning_Presentation_Only] Time Elapsed Up To Now: 1 Day(s), 13 Hour(s), 23 Minute(s), and 1 Second(s). 
[Binning_Presentation_Only] DONE : Batch  25 of 171
[Binning_Presentation_Only] Time Elapsed Up To Now: 1 Day(s), 15 Hour(s), 7 Minute(s), and 44 Second(s). 
[Binning_Presentation_Only] START: Batch  26 of 171
[Binning_Presentation_Only] Time Elapsed Up To Now: 1 Day(s), 15 Hour(s), 7 Minute(s), and 44 Second(s). 
[Binning_Presentation_Only] DONE : Batch  26 of 171
[Binning_Presentation_Only] Time Elapsed Up To Now: 1 Day(s), 16 Hour(s), 49 Minute(s), and 59 Second(s). 
[Binning_Presentation_Only] START: Batch  27 of 171
[Binning_Presentation_Only] Time Elapsed Up To Now: 1 Day(s), 16 Hour(s), 49 Minute(s), and 59 Second(s). 
[Binning_Presentation_Only] DONE : Batch  27 of 171
[Binning_Presentation_Only] Time Elapsed Up To Now: 1 Day(s), 18 Hour(s), 38 Minute(s), and 9 Second(s). 
[Binning_Presentation_Only] START: Batch  28 of 171
[Binning_Presentation_Only] Time Elapsed Up To Now: 1 Day(s), 18 Hour(s), 38 Minute(s), and 9 Second(s). 
[Binning_Presentation_Only] DONE : Batch  28 of 171
[Binning_Presentation_Only] Time Elapsed Up To Now: 1 Day(s), 20 Hour(s), 21 Minute(s), and 56 Second(s). 
[Binning_Presentation_Only] START: Batch  29 of 171
[Binning_Presentation_Only] Time Elapsed Up To Now: 1 Day(s), 20 Hour(s), 21 Minute(s), and 56 Second(s). 
[Binning_Presentation_Only] DONE : Batch  29 of 171
[Binning_Presentation_Only] Time Elapsed Up To Now: 1 Day(s), 22 Hour(s), 7 Minute(s), and 24 Second(s). 
[Binning_Presentation_Only] START: Batch  30 of 171
[Binning_Presentation_Only] Time Elapsed Up To Now: 1 Day(s), 22 Hour(s), 7 Minute(s), and 24 Second(s). 
[Binning_Presentation_Only] DONE : Batch  30 of 171
[Binning_Presentation_Only] Time Elapsed Up To Now: 1 Day(s), 23 Hour(s), 48 Minute(s), and 4 Second(s). 
[Binning_Presentation_Only] START: Batch  31 of 171
[Binning_Presentation_Only] Time Elapsed Up To Now: 1 Day(s), 23 Hour(s), 48 Minute(s), and 4 Second(s). 
[Binning_Presentation_Only] DONE : Batch  31 of 171
[Binning_Presentation_Only] Time Elapsed Up To Now: 2 Day(s), 1 Hour(s), 30 Minute(s), and 1 Second(s). 
[Binning_Presentation_Only] START: Batch  32 of 171
[Binning_Presentation_Only] Time Elapsed Up To Now: 2 Day(s), 1 Hour(s), 30 Minute(s), and 1 Second(s). 
[Binning_Presentation_Only] DONE : Batch  32 of 171
[Binning_Presentation_Only] Time Elapsed Up To Now: 2 Day(s), 3 Hour(s), 11 Minute(s), and 43 Second(s). 
[Binning_Presentation_Only] START: Batch  33 of 171
[Binning_Presentation_Only] Time Elapsed Up To Now: 2 Day(s), 3 Hour(s), 11 Minute(s), and 43 Second(s). 
[Binning_Presentation_Only] DONE : Batch  33 of 171
[Binning_Presentation_Only] Time Elapsed Up To Now: 2 Day(s), 4 Hour(s), 54 Minute(s), and 16 Second(s). 
[Binning_Presentation_Only] START: Batch  34 of 171
[Binning_Presentation_Only] Time Elapsed Up To Now: 2 Day(s), 4 Hour(s), 54 Minute(s), and 16 Second(s). 
[Binning_Presentation_Only] DONE : Batch  34 of 171
[Binning_Presentation_Only] Time Elapsed Up To Now: 2 Day(s), 9 Hour(s), 9 Minute(s), and 35 Second(s). 
[Binning_Presentation_Only] START: Batch  35 of 171
[Binning_Presentation_Only] Time Elapsed Up To Now: 2 Day(s), 9 Hour(s), 9 Minute(s), and 35 Second(s). 
[Binning_Presentation_Only] DONE : Batch  35 of 171
[Binning_Presentation_Only] Time Elapsed Up To Now: 2 Day(s), 10 Hour(s), 53 Minute(s), and 41 Second(s). 
[Binning_Presentation_Only] START: Batch  36 of 171
[Binning_Presentation_Only] Time Elapsed Up To Now: 2 Day(s), 10 Hour(s), 53 Minute(s), and 41 Second(s). 
[Binning_Presentation_Only] DONE : Batch  36 of 171
[Binning_Presentation_Only] Time Elapsed Up To Now: 2 Day(s), 12 Hour(s), 42 Minute(s), and 31 Second(s). 
[Binning_Presentation_Only] START: Batch  37 of 171
[Binning_Presentation_Only] Time Elapsed Up To Now: 2 Day(s), 12 Hour(s), 42 Minute(s), and 31 Second(s). 
[Binning_Presentation_Only] DONE : Batch  37 of 171
[Binning_Presentation_Only] Time Elapsed Up To Now: 2 Day(s), 14 Hour(s), 25 Minute(s), and 11 Second(s). 
[Binning_Presentation_Only] START: Batch  38 of 171
[Binning_Presentation_Only] Time Elapsed Up To Now: 2 Day(s), 14 Hour(s), 25 Minute(s), and 11 Second(s). 
[Binning_Presentation_Only] DONE : Batch  38 of 171
[Binning_Presentation_Only] Time Elapsed Up To Now: 2 Day(s), 18 Hour(s), 13 Minute(s), and 1 Second(s). 
[Binning_Presentation_Only] START: Batch  39 of 171
[Binning_Presentation_Only] Time Elapsed Up To Now: 2 Day(s), 18 Hour(s), 13 Minute(s), and 1 Second(s). 
[Binning_Presentation_Only] DONE : Batch  39 of 171
[Binning_Presentation_Only] Time Elapsed Up To Now: 2 Day(s), 22 Hour(s), 30 Minute(s), and 31 Second(s). 
[Binning_Presentation_Only] START: Batch  40 of 171
[Binning_Presentation_Only] Time Elapsed Up To Now: 2 Day(s), 22 Hour(s), 30 Minute(s), and 31 Second(s). 
[Binning_Presentation_Only] DONE : Batch  40 of 171
[Binning_Presentation_Only] Time Elapsed Up To Now: 3 Day(s), 0 Hour(s), 13 Minute(s), and 41 Second(s). 
[Binning_Presentation_Only] START: Batch  41 of 171
[Binning_Presentation_Only] Time Elapsed Up To Now: 3 Day(s), 0 Hour(s), 13 Minute(s), and 41 Second(s). 
[Binning_Presentation_Only] DONE : Batch  41 of 171
[Binning_Presentation_Only] Time Elapsed Up To Now: 3 Day(s), 4 Hour(s), 27 Minute(s), and 26 Second(s). 
[Binning_Presentation_Only] START: Batch  42 of 171
[Binning_Presentation_Only] Time Elapsed Up To Now: 3 Day(s), 4 Hour(s), 27 Minute(s), and 26 Second(s). 
[Binning_Presentation_Only] DONE : Batch  42 of 171
[Binning_Presentation_Only] Time Elapsed Up To Now: 3 Day(s), 6 Hour(s), 5 Minute(s), and 21 Second(s). 
[Binning_Presentation_Only] START: Batch  43 of 171
[Binning_Presentation_Only] Time Elapsed Up To Now: 3 Day(s), 6 Hour(s), 5 Minute(s), and 21 Second(s). 
[Binning_Presentation_Only] DONE : Batch  43 of 171
[Binning_Presentation_Only] Time Elapsed Up To Now: 3 Day(s), 7 Hour(s), 48 Minute(s), and 33 Second(s). 
[Binning_Presentation_Only] START: Batch  44 of 171
[Binning_Presentation_Only] Time Elapsed Up To Now: 3 Day(s), 7 Hour(s), 48 Minute(s), and 33 Second(s). 
[Binning_Presentation_Only] DONE : Batch  44 of 171
[Binning_Presentation_Only] Time Elapsed Up To Now: 3 Day(s), 12 Hour(s), 6 Minute(s), and 54 Second(s). 
[Binning_Presentation_Only] START: Batch  45 of 171
[Binning_Presentation_Only] Time Elapsed Up To Now: 3 Day(s), 12 Hour(s), 6 Minute(s), and 54 Second(s). 
[Binning_Presentation_Only] DONE : Batch  45 of 171
[Binning_Presentation_Only] Time Elapsed Up To Now: 3 Day(s), 16 Hour(s), 30 Minute(s), and 27 Second(s). 
[Binning_Presentation_Only] START: Batch  46 of 171
[Binning_Presentation_Only] Time Elapsed Up To Now: 3 Day(s), 16 Hour(s), 30 Minute(s), and 27 Second(s). 
[Binning_Presentation_Only] DONE : Batch  46 of 171
[Binning_Presentation_Only] Time Elapsed Up To Now: 3 Day(s), 20 Hour(s), 40 Minute(s), and 30 Second(s). 
[Binning_Presentation_Only] START: Batch  47 of 171
[Binning_Presentation_Only] Time Elapsed Up To Now: 3 Day(s), 20 Hour(s), 40 Minute(s), and 30 Second(s). 
[Binning_Presentation_Only] DONE : Batch  47 of 171
[Binning_Presentation_Only] Time Elapsed Up To Now: 3 Day(s), 22 Hour(s), 12 Minute(s), and 51 Second(s). 
[Binning_Presentation_Only] START: Batch  48 of 171
[Binning_Presentation_Only] Time Elapsed Up To Now: 3 Day(s), 22 Hour(s), 12 Minute(s), and 51 Second(s). 
[Binning_Presentation_Only] DONE : Batch  48 of 171
[Binning_Presentation_Only] Time Elapsed Up To Now: 4 Day(s), 4 Hour(s), 34 Minute(s), and 33 Second(s). 
[Binning_Presentation_Only] START: Batch  49 of 171
[Binning_Presentation_Only] Time Elapsed Up To Now: 4 Day(s), 4 Hour(s), 34 Minute(s), and 33 Second(s). 
[Binning_Presentation_Only] DONE : Batch  49 of 171
[Binning_Presentation_Only] Time Elapsed Up To Now: 4 Day(s), 8 Hour(s), 15 Minute(s), and 45 Second(s). 
[Binning_Presentation_Only] START: Batch  50 of 171
[Binning_Presentation_Only] Time Elapsed Up To Now: 4 Day(s), 8 Hour(s), 15 Minute(s), and 45 Second(s). 
[Binning_Presentation_Only] DONE : Batch  50 of 171
[Binning_Presentation_Only] Time Elapsed Up To Now: 4 Day(s), 9 Hour(s), 38 Minute(s), and 53 Second(s). 
[Binning_Presentation_Only] START: Batch  51 of 171
[Binning_Presentation_Only] Time Elapsed Up To Now: 4 Day(s), 9 Hour(s), 38 Minute(s), and 53 Second(s). 
[Binning_Presentation_Only] DONE : Batch  51 of 171
[Binning_Presentation_Only] Time Elapsed Up To Now: 4 Day(s), 11 Hour(s), 0 Minute(s), and 5 Second(s). 
[Binning_Presentation_Only] START: Batch  52 of 171
[Binning_Presentation_Only] Time Elapsed Up To Now: 4 Day(s), 11 Hour(s), 0 Minute(s), and 5 Second(s). 
[Binning_Presentation_Only] DONE : Batch  52 of 171
[Binning_Presentation_Only] Time Elapsed Up To Now: 4 Day(s), 12 Hour(s), 26 Minute(s), and 51 Second(s). 
[Binning_Presentation_Only] START: Batch  53 of 171
[Binning_Presentation_Only] Time Elapsed Up To Now: 4 Day(s), 12 Hour(s), 26 Minute(s), and 51 Second(s). 
[Binning_Presentation_Only] DONE : Batch  53 of 171
[Binning_Presentation_Only] Time Elapsed Up To Now: 4 Day(s), 13 Hour(s), 52 Minute(s), and 22 Second(s). 
[Binning_Presentation_Only] START: Batch  54 of 171
[Binning_Presentation_Only] Time Elapsed Up To Now: 4 Day(s), 13 Hour(s), 52 Minute(s), and 22 Second(s). 
[Binning_Presentation_Only] DONE : Batch  54 of 171
[Binning_Presentation_Only] Time Elapsed Up To Now: 4 Day(s), 15 Hour(s), 19 Minute(s), and 36 Second(s). 
[Binning_Presentation_Only] START: Batch  55 of 171
[Binning_Presentation_Only] Time Elapsed Up To Now: 4 Day(s), 15 Hour(s), 19 Minute(s), and 36 Second(s). 
[Binning_Presentation_Only] DONE : Batch  55 of 171
[Binning_Presentation_Only] Time Elapsed Up To Now: 4 Day(s), 16 Hour(s), 43 Minute(s), and 50 Second(s). 
[Binning_Presentation_Only] START: Batch  56 of 171
[Binning_Presentation_Only] Time Elapsed Up To Now: 4 Day(s), 16 Hour(s), 43 Minute(s), and 50 Second(s). 
[Binning_Presentation_Only] DONE : Batch  56 of 171
[Binning_Presentation_Only] Time Elapsed Up To Now: 4 Day(s), 18 Hour(s), 9 Minute(s), and 54 Second(s). 
[Binning_Presentation_Only] START: Batch  57 of 171
[Binning_Presentation_Only] Time Elapsed Up To Now: 4 Day(s), 18 Hour(s), 9 Minute(s), and 54 Second(s). 
[Binning_Presentation_Only] DONE : Batch  57 of 171
[Binning_Presentation_Only] Time Elapsed Up To Now: 4 Day(s), 19 Hour(s), 32 Minute(s), and 5 Second(s). 
[Binning_Presentation_Only] START: Batch  58 of 171
[Binning_Presentation_Only] Time Elapsed Up To Now: 4 Day(s), 19 Hour(s), 32 Minute(s), and 5 Second(s). 
[Binning_Presentation_Only] DONE : Batch  58 of 171
[Binning_Presentation_Only] Time Elapsed Up To Now: 4 Day(s), 20 Hour(s), 52 Minute(s), and 17 Second(s). 
[Binning_Presentation_Only] START: Batch  59 of 171
[Binning_Presentation_Only] Time Elapsed Up To Now: 4 Day(s), 20 Hour(s), 52 Minute(s), and 17 Second(s). 
[Binning_Presentation_Only] DONE : Batch  59 of 171
[Binning_Presentation_Only] Time Elapsed Up To Now: 4 Day(s), 22 Hour(s), 13 Minute(s), and 38 Second(s). 
[Binning_Presentation_Only] START: Batch  60 of 171
[Binning_Presentation_Only] Time Elapsed Up To Now: 4 Day(s), 22 Hour(s), 13 Minute(s), and 38 Second(s). 
[Binning_Presentation_Only] DONE : Batch  60 of 171
[Binning_Presentation_Only] Time Elapsed Up To Now: 4 Day(s), 23 Hour(s), 44 Minute(s), and 57 Second(s). 
[Binning_Presentation_Only] START: Batch  61 of 171
[Binning_Presentation_Only] Time Elapsed Up To Now: 4 Day(s), 23 Hour(s), 44 Minute(s), and 57 Second(s). 
[Binning_Presentation_Only] DONE : Batch  61 of 171
[Binning_Presentation_Only] Time Elapsed Up To Now: 5 Day(s), 1 Hour(s), 10 Minute(s), and 27 Second(s). 
[Binning_Presentation_Only] START: Batch  62 of 171
[Binning_Presentation_Only] Time Elapsed Up To Now: 5 Day(s), 1 Hour(s), 10 Minute(s), and 27 Second(s). 
[Binning_Presentation_Only] DONE : Batch  62 of 171
[Binning_Presentation_Only] Time Elapsed Up To Now: 5 Day(s), 2 Hour(s), 31 Minute(s), and 26 Second(s). 
[Binning_Presentation_Only] START: Batch  63 of 171
[Binning_Presentation_Only] Time Elapsed Up To Now: 5 Day(s), 2 Hour(s), 31 Minute(s), and 26 Second(s). 
[Binning_Presentation_Only] DONE : Batch  63 of 171
[Binning_Presentation_Only] Time Elapsed Up To Now: 5 Day(s), 3 Hour(s), 52 Minute(s), and 6 Second(s). 
[Binning_Presentation_Only] START: Batch  64 of 171
[Binning_Presentation_Only] Time Elapsed Up To Now: 5 Day(s), 3 Hour(s), 52 Minute(s), and 6 Second(s). 
[Binning_Presentation_Only] DONE : Batch  64 of 171
[Binning_Presentation_Only] Time Elapsed Up To Now: 5 Day(s), 5 Hour(s), 11 Minute(s), and 36 Second(s). 
[Binning_Presentation_Only] START: Batch  65 of 171
[Binning_Presentation_Only] Time Elapsed Up To Now: 5 Day(s), 5 Hour(s), 11 Minute(s), and 36 Second(s). 
[Binning_Presentation_Only] DONE : Batch  65 of 171
[Binning_Presentation_Only] Time Elapsed Up To Now: 5 Day(s), 6 Hour(s), 29 Minute(s), and 53 Second(s). 
[Binning_Presentation_Only] START: Batch  66 of 171
[Binning_Presentation_Only] Time Elapsed Up To Now: 5 Day(s), 6 Hour(s), 29 Minute(s), and 53 Second(s). 
[Binning_Presentation_Only] DONE : Batch  66 of 171
[Binning_Presentation_Only] Time Elapsed Up To Now: 5 Day(s), 7 Hour(s), 48 Minute(s), and 28 Second(s). 
[Binning_Presentation_Only] START: Batch  67 of 171
[Binning_Presentation_Only] Time Elapsed Up To Now: 5 Day(s), 7 Hour(s), 48 Minute(s), and 28 Second(s). 
[Binning_Presentation_Only] DONE : Batch  67 of 171
[Binning_Presentation_Only] Time Elapsed Up To Now: 5 Day(s), 9 Hour(s), 6 Minute(s), and 40 Second(s). 
[Binning_Presentation_Only] START: Batch  68 of 171
[Binning_Presentation_Only] Time Elapsed Up To Now: 5 Day(s), 9 Hour(s), 6 Minute(s), and 40 Second(s). 
[Binning_Presentation_Only] DONE : Batch  68 of 171
[Binning_Presentation_Only] Time Elapsed Up To Now: 5 Day(s), 10 Hour(s), 26 Minute(s), and 2 Second(s). 
[Binning_Presentation_Only] START: Batch  69 of 171
[Binning_Presentation_Only] Time Elapsed Up To Now: 5 Day(s), 10 Hour(s), 26 Minute(s), and 2 Second(s). 
[Binning_Presentation_Only] DONE : Batch  69 of 171
[Binning_Presentation_Only] Time Elapsed Up To Now: 5 Day(s), 11 Hour(s), 44 Minute(s), and 28 Second(s). 
[Binning_Presentation_Only] START: Batch  70 of 171
[Binning_Presentation_Only] Time Elapsed Up To Now: 5 Day(s), 11 Hour(s), 44 Minute(s), and 28 Second(s). 
[Binning_Presentation_Only] DONE : Batch  70 of 171
[Binning_Presentation_Only] Time Elapsed Up To Now: 5 Day(s), 13 Hour(s), 3 Minute(s), and 8 Second(s). 
[Binning_Presentation_Only] START: Batch  71 of 171
[2D_Presentation] Time Elapsed Up To Now: 2 Day(s), 9 Hour(s), 9 Minute(s), and 28 Second(s). 
[2D_Presentation] DONE : Batch  35 of 171
[2D_Presentation] Time Elapsed Up To Now: 2 Day(s), 10 Hour(s), 53 Minute(s), and 38 Second(s). 
[2D_Presentation] START: Batch  36 of 171
[2D_Presentation] Time Elapsed Up To Now: 2 Day(s), 10 Hour(s), 53 Minute(s), and 38 Second(s). 
[2D_Presentation] DONE : Batch  36 of 171
[2D_Presentation] Time Elapsed Up To Now: 2 Day(s), 12 Hour(s), 42 Minute(s), and 33 Second(s). 
[2D_Presentation] START: Batch  37 of 171
[2D_Presentation] Time Elapsed Up To Now: 2 Day(s), 12 Hour(s), 42 Minute(s), and 33 Second(s). 
[2D_Presentation] DONE : Batch  37 of 171
[2D_Presentation] Time Elapsed Up To Now: 2 Day(s), 14 Hour(s), 25 Minute(s), and 5 Second(s). 
[2D_Presentation] START: Batch  38 of 171
[2D_Presentation] Time Elapsed Up To Now: 2 Day(s), 14 Hour(s), 25 Minute(s), and 5 Second(s). 
[2D_Presentation] DONE : Batch  38 of 171
[2D_Presentation] Time Elapsed Up To Now: 2 Day(s), 18 Hour(s), 12 Minute(s), and 58 Second(s). 
[2D_Presentation] START: Batch  39 of 171
[2D_Presentation] Time Elapsed Up To Now: 2 Day(s), 18 Hour(s), 12 Minute(s), and 58 Second(s). 
[2D_Presentation] DONE : Batch  39 of 171
[2D_Presentation] Time Elapsed Up To Now: 2 Day(s), 22 Hour(s), 35 Minute(s), and 18 Second(s). 
[2D_Presentation] START: Batch  40 of 171
[2D_Presentation] Time Elapsed Up To Now: 2 Day(s), 22 Hour(s), 35 Minute(s), and 18 Second(s). 
[2D_Presentation] DONE : Batch  40 of 171
[2D_Presentation] Time Elapsed Up To Now: 3 Day(s), 0 Hour(s), 12 Minute(s), and 27 Second(s). 
[2D_Presentation] START: Batch  41 of 171
[2D_Presentation] Time Elapsed Up To Now: 3 Day(s), 0 Hour(s), 12 Minute(s), and 27 Second(s). 
[2D_Presentation] DONE : Batch  41 of 171
[2D_Presentation] Time Elapsed Up To Now: 3 Day(s), 4 Hour(s), 24 Minute(s), and 27 Second(s). 
[2D_Presentation] START: Batch  42 of 171
[2D_Presentation] Time Elapsed Up To Now: 3 Day(s), 4 Hour(s), 24 Minute(s), and 27 Second(s). 
[2D_Presentation] DONE : Batch  42 of 171
[2D_Presentation] Time Elapsed Up To Now: 3 Day(s), 6 Hour(s), 5 Minute(s), and 16 Second(s). 
[2D_Presentation] START: Batch  43 of 171
[2D_Presentation] Time Elapsed Up To Now: 3 Day(s), 6 Hour(s), 5 Minute(s), and 16 Second(s). 
[2D_Presentation] DONE : Batch  43 of 171
[2D_Presentation] Time Elapsed Up To Now: 3 Day(s), 7 Hour(s), 47 Minute(s), and 18 Second(s). 
[2D_Presentation] START: Batch  44 of 171
[2D_Presentation] Time Elapsed Up To Now: 3 Day(s), 7 Hour(s), 47 Minute(s), and 18 Second(s). 
[2D_Presentation] DONE : Batch  44 of 171
[2D_Presentation] Time Elapsed Up To Now: 3 Day(s), 12 Hour(s), 6 Minute(s), and 51 Second(s). 
[2D_Presentation] START: Batch  45 of 171
[2D_Presentation] Time Elapsed Up To Now: 3 Day(s), 12 Hour(s), 6 Minute(s), and 51 Second(s). 
[2D_Presentation] DONE : Batch  45 of 171
[2D_Presentation] Time Elapsed Up To Now: 3 Day(s), 16 Hour(s), 30 Minute(s), and 24 Second(s). 
[2D_Presentation] START: Batch  46 of 171
[2D_Presentation] Time Elapsed Up To Now: 3 Day(s), 16 Hour(s), 30 Minute(s), and 24 Second(s). 
[2D_Presentation] DONE : Batch  46 of 171
[2D_Presentation] Time Elapsed Up To Now: 3 Day(s), 20 Hour(s), 36 Minute(s), and 35 Second(s). 
[2D_Presentation] START: Batch  47 of 171
[2D_Presentation] Time Elapsed Up To Now: 3 Day(s), 20 Hour(s), 36 Minute(s), and 35 Second(s). 
[2D_Presentation] DONE : Batch  47 of 171
[2D_Presentation] Time Elapsed Up To Now: 3 Day(s), 22 Hour(s), 12 Minute(s), and 42 Second(s). 
[2D_Presentation] START: Batch  48 of 171
[2D_Presentation] Time Elapsed Up To Now: 3 Day(s), 22 Hour(s), 12 Minute(s), and 42 Second(s). 
[2D_Presentation] DONE : Batch  48 of 171
[2D_Presentation] Time Elapsed Up To Now: 4 Day(s), 4 Hour(s), 34 Minute(s), and 29 Second(s). 
[2D_Presentation] START: Batch  49 of 171
[2D_Presentation] Time Elapsed Up To Now: 4 Day(s), 4 Hour(s), 34 Minute(s), and 29 Second(s). 
[2D_Presentation] DONE : Batch  49 of 171
[2D_Presentation] Time Elapsed Up To Now: 4 Day(s), 8 Hour(s), 15 Minute(s), and 55 Second(s). 
[2D_Presentation] START: Batch  50 of 171
[2D_Presentation] Time Elapsed Up To Now: 4 Day(s), 8 Hour(s), 15 Minute(s), and 55 Second(s). 
[2D_Presentation] DONE : Batch  50 of 171
[2D_Presentation] Time Elapsed Up To Now: 4 Day(s), 9 Hour(s), 37 Minute(s), and 43 Second(s). 
[2D_Presentation] START: Batch  51 of 171
[2D_Presentation] Time Elapsed Up To Now: 4 Day(s), 9 Hour(s), 37 Minute(s), and 43 Second(s). 
[2D_Presentation] DONE : Batch  51 of 171
[2D_Presentation] Time Elapsed Up To Now: 4 Day(s), 10 Hour(s), 59 Minute(s), and 48 Second(s). 
[2D_Presentation] START: Batch  52 of 171
[2D_Presentation] Time Elapsed Up To Now: 4 Day(s), 10 Hour(s), 59 Minute(s), and 48 Second(s). 
[2D_Presentation] DONE : Batch  52 of 171
[2D_Presentation] Time Elapsed Up To Now: 4 Day(s), 12 Hour(s), 26 Minute(s), and 42 Second(s). 
[2D_Presentation] START: Batch  53 of 171
[2D_Presentation] Time Elapsed Up To Now: 4 Day(s), 12 Hour(s), 26 Minute(s), and 42 Second(s). 
[2D_Presentation] DONE : Batch  53 of 171
[2D_Presentation] Time Elapsed Up To Now: 4 Day(s), 13 Hour(s), 52 Minute(s), and 18 Second(s). 
[2D_Presentation] START: Batch  54 of 171
[2D_Presentation] Time Elapsed Up To Now: 4 Day(s), 13 Hour(s), 52 Minute(s), and 18 Second(s). 
[2D_Presentation] DONE : Batch  54 of 171
[2D_Presentation] Time Elapsed Up To Now: 4 Day(s), 15 Hour(s), 19 Minute(s), and 31 Second(s). 
[2D_Presentation] START: Batch  55 of 171
[2D_Presentation] Time Elapsed Up To Now: 4 Day(s), 15 Hour(s), 19 Minute(s), and 31 Second(s). 
[2D_Presentation] DONE : Batch  55 of 171
[2D_Presentation] Time Elapsed Up To Now: 4 Day(s), 16 Hour(s), 43 Minute(s), and 46 Second(s). 
[2D_Presentation] START: Batch  56 of 171
[2D_Presentation] Time Elapsed Up To Now: 4 Day(s), 16 Hour(s), 43 Minute(s), and 46 Second(s). 
[2D_Presentation] DONE : Batch  56 of 171
[2D_Presentation] Time Elapsed Up To Now: 4 Day(s), 18 Hour(s), 9 Minute(s), and 47 Second(s). 
[2D_Presentation] START: Batch  57 of 171
[2D_Presentation] Time Elapsed Up To Now: 4 Day(s), 18 Hour(s), 9 Minute(s), and 47 Second(s). 
[2D_Presentation] DONE : Batch  57 of 171
[2D_Presentation] Time Elapsed Up To Now: 4 Day(s), 19 Hour(s), 31 Minute(s), and 58 Second(s). 
[2D_Presentation] START: Batch  58 of 171
[2D_Presentation] Time Elapsed Up To Now: 4 Day(s), 19 Hour(s), 31 Minute(s), and 58 Second(s). 
[2D_Presentation] DONE : Batch  58 of 171
[2D_Presentation] Time Elapsed Up To Now: 4 Day(s), 20 Hour(s), 53 Minute(s), and 13 Second(s). 
[2D_Presentation] START: Batch  59 of 171
[2D_Presentation] Time Elapsed Up To Now: 4 Day(s), 20 Hour(s), 53 Minute(s), and 13 Second(s). 
[2D_Presentation] DONE : Batch  59 of 171
[2D_Presentation] Time Elapsed Up To Now: 4 Day(s), 22 Hour(s), 12 Minute(s), and 32 Second(s). 
[2D_Presentation] START: Batch  60 of 171
[2D_Presentation] Time Elapsed Up To Now: 4 Day(s), 22 Hour(s), 12 Minute(s), and 32 Second(s). 
[2D_Presentation] DONE : Batch  60 of 171
[2D_Presentation] Time Elapsed Up To Now: 4 Day(s), 23 Hour(s), 44 Minute(s), and 47 Second(s). 
[2D_Presentation] START: Batch  61 of 171
[2D_Presentation] Time Elapsed Up To Now: 4 Day(s), 23 Hour(s), 44 Minute(s), and 47 Second(s). 
[2D_Presentation] DONE : Batch  61 of 171
[2D_Presentation] Time Elapsed Up To Now: 5 Day(s), 1 Hour(s), 10 Minute(s), and 23 Second(s). 
[2D_Presentation] START: Batch  62 of 171
[2D_Presentation] Time Elapsed Up To Now: 5 Day(s), 1 Hour(s), 10 Minute(s), and 23 Second(s). 
[2D_Presentation] DONE : Batch  62 of 171
[2D_Presentation] Time Elapsed Up To Now: 5 Day(s), 2 Hour(s), 31 Minute(s), and 23 Second(s). 
[2D_Presentation] START: Batch  63 of 171
[2D_Presentation] Time Elapsed Up To Now: 5 Day(s), 2 Hour(s), 31 Minute(s), and 23 Second(s). 
[2D_Presentation] DONE : Batch  63 of 171
[2D_Presentation] Time Elapsed Up To Now: 5 Day(s), 3 Hour(s), 51 Minute(s), and 33 Second(s). 
[2D_Presentation] START: Batch  64 of 171
[2D_Presentation] Time Elapsed Up To Now: 5 Day(s), 3 Hour(s), 51 Minute(s), and 33 Second(s). 
[2D_Presentation] DONE : Batch  64 of 171
[2D_Presentation] Time Elapsed Up To Now: 5 Day(s), 5 Hour(s), 11 Minute(s), and 3 Second(s). 
[2D_Presentation] START: Batch  65 of 171
[2D_Presentation] Time Elapsed Up To Now: 5 Day(s), 5 Hour(s), 11 Minute(s), and 3 Second(s). 
[2D_Presentation] DONE : Batch  65 of 171
[2D_Presentation] Time Elapsed Up To Now: 5 Day(s), 6 Hour(s), 29 Minute(s), and 46 Second(s). 
[2D_Presentation] START: Batch  66 of 171
[2D_Presentation] Time Elapsed Up To Now: 5 Day(s), 6 Hour(s), 29 Minute(s), and 46 Second(s). 
[2D_Presentation] DONE : Batch  66 of 171
[2D_Presentation] Time Elapsed Up To Now: 5 Day(s), 7 Hour(s), 48 Minute(s), and 12 Second(s). 
[2D_Presentation] START: Batch  67 of 171
[2D_Presentation] Time Elapsed Up To Now: 5 Day(s), 7 Hour(s), 48 Minute(s), and 12 Second(s). 
[2D_Presentation] DONE : Batch  67 of 171
[2D_Presentation] Time Elapsed Up To Now: 5 Day(s), 9 Hour(s), 6 Minute(s), and 37 Second(s). 
[2D_Presentation] START: Batch  68 of 171
[2D_Presentation] Time Elapsed Up To Now: 5 Day(s), 9 Hour(s), 6 Minute(s), and 37 Second(s). 
[2D_Presentation] DONE : Batch  68 of 171
[2D_Presentation] Time Elapsed Up To Now: 5 Day(s), 10 Hour(s), 26 Minute(s), and 28 Second(s). 
[2D_Presentation] START: Batch  69 of 171
[2D_Presentation] Time Elapsed Up To Now: 5 Day(s), 10 Hour(s), 26 Minute(s), and 28 Second(s). 
[2D_Presentation] DONE : Batch  69 of 171
[2D_Presentation] Time Elapsed Up To Now: 5 Day(s), 11 Hour(s), 44 Minute(s), and 24 Second(s). 
[2D_Presentation] START: Batch  70 of 171
[2D_Presentation] Time Elapsed Up To Now: 5 Day(s), 11 Hour(s), 44 Minute(s), and 24 Second(s). 
[2D_Presentation] DONE : Batch  70 of 171
