Full command: /w/ceph24/hallb/clas12/users/richcap/SIDIS_Analysis_CLAS12_RichCap/Dedicated_5D_Unfold.py --data_root work_b --root /w/ceph24/hallb/clas12/users/richcap/SIDIS_Analysis_CLAS12_RichCap/Unfolded_Dedicated_SIDIS_epip_from_Only_5D_Final_Thesis_Bank_V1.root --single_file_input /w/ceph24/hallb/clas12/users/richcap/SIDIS_Analysis_CLAS12_RichCap/Histo_Files_ROOT/DataFrames/hadd_ROOT_files_From_using_RDataFrames/SIDIS_epip_Response_Matrices_from_RDataFrames_Only_5D_Final_Thesis_Bank_Response_Matrices_Final_Thesis_Files_All.root --background_source lundvpk -em 'Coordinated 5D unfolding through the '"'"'Run_simple_unfold_parallel.py'"'"' script. Ran 5D Unfolding with updated kinematic bins (based on the BC correction limitations). Used the work_b directory. Ran with 15 bayesian iterations (for testing). Ran with 1 Toy Unfoldings (for testing). Ran with Harut'"'"'s exclusive '"'"'lundvpk'"'"' rho0 events subtracted directly from data as background. Ran in tmuxUnfold.' -e --bayes_iterations 15 --Num_Toys 1

Started running on [1m9-9-2026[0m at [1m01:29 p.m.[0m


[1m[94mWill be saving results to [0m[1m/w/ceph24/hallb/clas12/users/richcap/SIDIS_Analysis_CLAS12_RichCap/Unfolded_Dedicated_SIDIS_epip_from_Only_5D_Final_Thesis_Bank_V1.root[0m


[1mStarting Dedicated 5D Unfolding Analysis
[0m
/w/ceph24/hallb/clas12/users/richcap/SIDIS_Analysis_CLAS12_RichCap/Dedicated_5D_Unfold.py:1303: FutureWarning: 
TObject.__eq__ is deprecated and will be removed in ROOT 6.40.

It forwards to TObject::Equals(), which uses pointer comparison if not overridden in derived classes.
This may be confusing, because people expect value comparisons.
Use Pythons `is` for pointer comparison, or request/implement `operator==` on the C++ side if you need value-based equality checks.
  if(Response_2D in ["ERROR"]):
/w/ceph24/hallb/clas12/users/richcap/SIDIS_Analysis_CLAS12_RichCap/Dedicated_5D_Unfold.py:341: FutureWarning: 
TObject.__eq__ is deprecated and will be removed in ROOT 6.40.

It forwards to TObject::Equals(), which uses pointer comparison if not overridden in derived classes.
This may be confusing, because people expect value comparisons.
Use Pythons `is` for pointer comparison, or request/implement `operator==` on the C++ side if you need value-based equality checks.
  elif((Method in ["Bin", "bin", "Bin-by-Bin", "Bin by Bin"]) or (Response_2D in ["N/A", "None", "Error"])):
/w/ceph24/hallb/clas12/users/richcap/SIDIS_Analysis_CLAS12_RichCap/Dedicated_5D_Unfold.py:394: FutureWarning: 
TObject.__eq__ is deprecated and will be removed in ROOT 6.40.

It forwards to TObject::Equals(), which uses pointer comparison if not overridden in derived classes.
This may be confusing, because people expect value comparisons.
Use Pythons `is` for pointer comparison, or request/implement `operator==` on the C++ side if you need value-based equality checks.
  if((("RooUnfold" in str(Method)) or (str(Method) in ["Default"]) or (Method in ["Bin", "bin", "Bin-by-Bin", "Bin by Bin"])) and (Response_2D not in ["N/A", "None", "Error"])):
Using response matrix priors
Priors:

Vector (11258)  is as follows

     |        1  |
------------------
   0 |0 
   1 |0.896306 
   2 |1.48051e-05 
   3 |1.4797e-05 
   4 |1.47818e-05 
   5 |1.48111e-05 
   6 |1.4769e-05 
   7 |1.48091e-05 
   8 |1.48237e-05 
   9 |1.47605e-05 
  10 |1.48542e-05 
  11 |1.47897e-05 
  12 |1.47899e-05 
  13 |1.48586e-05 
  14 |1.47943e-05 
  15 |1.48034e-05 
  16 |1.48124e-05 
  17 |1.48178e-05 
  18 |1.4868e-05 
  19 |1.48257e-05 
  20 |1.48461e-05 
  21 |1.48343e-05 
  22 |1.48526e-05 
  23 |1.48159e-05 
  24 |1.48627e-05 
  25 |1.48012e-05 
  26 |1.43177e-05 
  27 |1.43133e-05 
  28 |1.4313e-05 
  29 |1.42907e-05 
  30 |1.43314e-05 
  31 |1.4347e-05 
  32 |1.43873e-05 
  33 |1.43641e-05 
  34 |1.4337e-05 
  35 |1.43586e-05 
  36 |1.4333e-05 
  37 |1.44066e-05 
  38 |1.43798e-05 
  39 |1.43011e-05 
  40 |1.43175e-05 
  41 |1.43328e-05 
  42 |1.42991e-05 
  43 |1.43452e-05 
  44 |1.43596e-05 
  45 |1.43136e-05 
  46 |1.42763e-05 
  47 |1.42996e-05 
  48 |1.43673e-05 
  49 |1.43448e-05 
  50 |1.51906e-05 
  51 |1.51479e-05 
  52 |1.5062e-05 
  53 |1.51075e-05 
  54 |1.51975e-05 
  55 |1.507e-05 
  56 |1.52207e-05 
  57 |1.52284e-05 
  58 |1.51495e-05 
  59 |1.51385e-05 
  60 |1.52041e-05 
  61 |1.51523e-05 
  62 |1.51892e-05 
  63 |1.51908e-05 
  64 |1.51799e-05 
  65 |1.52199e-05 
  66 |1.52015e-05 
  67 |1.52042e-05 
  68 |1.52236e-05 
  69 |1.51748e-05 
  70 |1.51805e-05 
  71 |1.52058e-05 
  72 |1.51479e-05 
  73 |1.51817e-05 
  74 |1.35694e-05 
  75 |1.35868e-05 
  76 |1.35716e-05 
  77 |1.35305e-05 
  78 |1.35641e-05 
  79 |1.36116e-05 
  80 |1.35492e-05 
  81 |1.36334e-05 
  82 |1.36098e-05 
  83 |1.36026e-05 
  84 |1.35899e-05 
  85 |1.36013e-05 
  86 |1.36255e-05 
  87 |1.36268e-05 
  88 |1.36078e-05 
  89 |1.35811e-05 
  90 |1.36191e-05 
  91 |1.35198e-05 
  92 |1.36588e-05 
  93 |1.35998e-05 
  94 |1.35675e-05 
  95 |1.35659e-05 
  96 |1.35845e-05 
  97 |1.35907e-05 
  98 |1.14145e-05 
  99 |1.15046e-05 
 100 |1.14497e-05 
 101 |1.14396e-05 
 102 |1.14453e-05 
 103 |1.14499e-05 
 104 |1.14832e-05 
 105 |1.14727e-05 
 106 |1.14957e-05 
 107 |1.14651e-05 
 108 |1.14826e-05 
 109 |1.14619e-05 
 110 |1.15102e-05 
 111 |1.14668e-05 
 112 |1.14318e-05 
 113 |1.15001e-05 
 114 |1.14693e-05 
 115 |1.14697e-05 
 116 |1.14104e-05 
 117 |1.14557e-05 
 118 |1.14262e-05 
 119 |1.14121e-05 
 120 |1.14747e-05 
 121 |1.14658e-05 
 122 |7.9684e-06 
 123 |7.96465e-06 
 124 |7.89694e-06 
 125 |7.95895e-06 
 126 |7.9615e-06 
 127 |7.92322e-06 
 128 |7.92288e-06 
 129 |7.97088e-06 
 130 |7.99562e-06 
 131 |7.93857e-06 
 132 |8.00581e-06 
 133 |7.97108e-06 
 134 |7.96036e-06 
 135 |7.99837e-06 
 136 |7.9733e-06 
 137 |7.9865e-06 
 138 |7.97155e-06 
 139 |7.94118e-06 
 140 |7.93093e-06 
 141 |7.92751e-06 
 142 |7.93689e-06 
 143 |7.90639e-06 
 144 |7.94755e-06 
 145 |7.9558e-06 
 146 |5.98547e-06 
 147 |6.02006e-06 
 148 |6.00545e-06 
 149 |6.00645e-06 
 150 |5.98929e-06 
 151 |6.07476e-06 
 152 |6.04694e-06 
 153 |6.02777e-06 
 154 |6.04413e-06 
 155 |6.04439e-06 
 156 |6.10888e-06 
 157 |6.11156e-06 
 158 |6.06598e-06 
 159 |6.08529e-06 
 160 |6.06209e-06 
 161 |6.07181e-06 
 162 |6.03662e-06 
 163 |6.04044e-06 
 164 |6.00444e-06 
 165 |6.04305e-06 
 166 |6.01852e-06 
 167 |6.03112e-06 
 168 |6.03715e-06 
 169 |6.022e-06 
 170 |1.66387e-05 
 171 |1.65537e-05 
 172 |1.66004e-05 
 173 |1.6524e-05 
 174 |1.66527e-05 
 175 |1.6595e-05 
 176 |1.65836e-05 
 177 |1.65638e-05 
 178 |1.65893e-05 
 179 |1.66377e-05 
 180 |1.66019e-05 
 181 |1.66282e-05 
 182 |1.65942e-05 
 183 |1.6655e-05 
 184 |1.66244e-05 
 185 |1.65982e-05 
 186 |1.65465e-05 
 187 |1.65856e-05 
 188 |1.66385e-05 
 189 |1.66337e-05 
 190 |1.66192e-05 
 191 |1.66577e-05 
 192 |1.65275e-05 
 193 |1.65556e-05 
 194 |1.57822e-05 
 195 |1.57958e-05 
 196 |1.58956e-05 
 197 |1.5848e-05 
 198 |1.58334e-05 
 199 |1.58245e-05 
 200 |1.57401e-05 
 201 |1.58356e-05 
 202 |1.57792e-05 
 203 |1.57838e-05 
 204 |1.57811e-05 
 205 |1.58059e-05 
 206 |1.57653e-05 
 207 |1.58533e-05 
 208 |1.58661e-05 
 209 |1.57981e-05 
 210 |1.58027e-05 
 211 |1.5851e-05 
 212 |1.57876e-05 
 213 |1.58057e-05 
 214 |1.58079e-05 
 215 |1.5764e-05 
 216 |1.57697e-05 
 217 |1.57432e-05 
 218 |1.61161e-05 
 219 |1.60911e-05 
 220 |1.61163e-05 
 221 |1.61347e-05 
 222 |1.61399e-05 
 223 |1.61529e-05 
 224 |1.60841e-05 
 225 |1.61454e-05 
 226 |1.61708e-05 
 227 |1.61108e-05 
 228 |1.60772e-05 
 229 |1.61182e-05 
 230 |1.60979e-05 
 231 |1.61113e-05 
 232 |1.61221e-05 
 233 |1.60738e-05 
 234 |1.61112e-05 
 235 |1.61216e-05 
 236 |1.61525e-05 
 237 |1.61421e-05 
 238 |1.61116e-05 
 239 |1.61689e-05 
 240 |1.61499e-05 
 241 |1.61483e-05 
 242 |1.34939e-05 
 243 |1.35031e-05 
 244 |1.35342e-05 
 245 |1.34536e-05 
 246 |1.3488e-05 
 247 |1.35071e-05 
 248 |1.3563e-05 
 249 |1.35791e-05 
 250 |1.35968e-05 
 251 |1.35108e-05 
 252 |1.35275e-05 
 253 |1.35449e-05 
 254 |1.35665e-05 
 255 |1.35569e-05 
 256 |1.35109e-05 
 257 |1.34887e-05 
 258 |1.35065e-05 
 259 |1.35504e-05 
 260 |1.3536e-05 
 261 |1.35113e-05 
 262 |1.35434e-05 
 263 |1.35332e-05 
 264 |1.34823e-05 
 265 |1.35016e-05 
 266 |1.03863e-05 
 267 |1.03503e-05 
 268 |1.02422e-05 
 269 |1.03571e-05 
 270 |1.03429e-05 
 271 |1.0324e-05 
 272 |1.03432e-05 
 273 |1.03552e-05 
 274 |1.03157e-05 
 275 |1.03676e-05 
 276 |1.03904e-05 
 277 |1.03681e-05 
 278 |1.03905e-05 
 279 |1.03669e-05 
 280 |1.03639e-05 
 281 |1.03715e-05 
 282 |1.03695e-05 
 283 |1.03273e-05 
 284 |1.03371e-05 
 285 |1.03445e-05 
 286 |1.03542e-05 
 287 |1.03625e-05 
 288 |1.03531e-05 
 289 |1.0316e-05 
 290 |6.3543e-06 
 291 |6.384e-06 
 292 |6.37797e-06 
 293 |6.41256e-06 
 294 |6.36463e-06 
 295 |6.39928e-06 
 296 |6.42516e-06 
 297 |6.40927e-06 
 298 |6.40284e-06 
 299 |6.43327e-06 
 300 |6.41108e-06 
 301 |6.42248e-06 
 302 |6.3958e-06 
 303 |6.42911e-06 
 304 |6.37582e-06 
 305 |6.39292e-06 
 306 |6.38105e-06 
 307 |6.38601e-06 
 308 |6.34733e-06 
 309 |6.38668e-06 
 310 |6.39714e-06 
 311 |6.38313e-06 
 312 |6.43495e-06 
 313 |6.34954e-06 
 314 |4.34824e-06 
 315 |4.33852e-06 
 316 |4.34771e-06 
 317 |4.35414e-06 
 318 |4.34985e-06 
 319 |4.37546e-06 
 320 |4.34844e-06 
 321 |4.38679e-06 
 322 |4.36701e-06 
 323 |4.37868e-06 
 324 |4.38196e-06 
 325 |4.38297e-06 
 326 |4.39517e-06 
 327 |4.35608e-06 
 328 |4.39141e-06 
 329 |4.35823e-06 
 330 |4.39698e-06 
 331 |4.35964e-06 
 332 |4.3959e-06 
 333 |4.37191e-06 
 334 |4.33845e-06 
 335 |4.37874e-06 
 336 |4.35749e-06 
 337 |4.35763e-06 
 338 |1.51852e-05 
 339 |1.51643e-05 
 340 |1.5167e-05 
 341 |1.5195e-05 
 342 |1.5158e-05 
 343 |1.52014e-05 
 344 |1.52089e-05 
 345 |1.52066e-05 
 346 |1.51814e-05 
 347 |1.5166e-05 
 348 |1.52176e-05 
 349 |1.52284e-05 
 350 |1.51735e-05 
 351 |1.51744e-05 
 352 |1.52084e-05 
 353 |1.52113e-05 
 354 |1.5141e-05 
 355 |1.51487e-05 
 356 |1.51649e-05 
 357 |1.51576e-05 
 358 |1.52196e-05 
 359 |1.5141e-05 
 360 |1.52085e-05 
 361 |1.51842e-05 
 362 |1.44898e-05 
 363 |1.4542e-05 
 364 |1.45438e-05 
 365 |1.45186e-05 
 366 |1.4539e-05 
 367 |1.45522e-05 
 368 |1.45257e-05 
 369 |1.45575e-05 
 370 |1.45175e-05 
 371 |1.45026e-05 
 372 |1.4541e-05 
 373 |1.45751e-05 
 374 |1.45601e-05 
 375 |1.45092e-05 
 376 |1.46216e-05 
 377 |1.44845e-05 
 378 |1.45233e-05 
 379 |1.45337e-05 
 380 |1.45518e-05 
 381 |1.45258e-05 
 382 |1.45081e-05 
 383 |1.45419e-05 
 384 |1.45007e-05 
 385 |1.45368e-05 
 386 |1.45294e-05 
 387 |1.44548e-05 
 388 |1.44696e-05 
 389 |1.45304e-05 
 390 |1.44475e-05 
 391 |1.44946e-05 
 392 |1.44618e-05 
 393 |1.4491e-05 
 394 |1.44529e-05 
 395 |1.4502e-05 
 396 |1.44758e-05 
 397 |1.45175e-05 
 398 |1.45384e-05 
 399 |1.45524e-05 
 400 |1.45206e-05 
 401 |1.45402e-05 
 402 |1.44835e-05 
 403 |1.45364e-05 
 404 |1.4507e-05 
 405 |1.45019e-05 
 406 |1.4557e-05 
 407 |1.4501e-05 
 408 |1.45262e-05 
 409 |1.45032e-05 
 410 |1.16697e-05 
 411 |1.16589e-05 
 412 |1.15856e-05 
 413 |1.16116e-05 
 414 |1.16427e-05 
 415 |1.16809e-05 
 416 |1.16594e-05 
 417 |1.16467e-05 
 418 |1.15969e-05 
 419 |1.16368e-05 
 420 |1.17114e-05 
 421 |1.16276e-05 
 422 |1.16834e-05 
 423 |1.15948e-05 
 424 |1.16418e-05 
 425 |1.16775e-05 
 426 |1.16807e-05 
 427 |1.16302e-05 
 428 |1.1623e-05 
 429 |1.16567e-05 
 430 |1.16532e-05 
 431 |1.16466e-05 
 432 |1.16075e-05 
 433 |1.16147e-05 
 434 |8.47258e-06 
 435 |8.51012e-06 
 436 |8.49598e-06 
 437 |8.51441e-06 
 438 |8.49437e-06 
 439 |8.52246e-06 
 440 |8.5307e-06 
 441 |8.52313e-06 
 442 |8.56422e-06 
 443 |8.54398e-06 
 444 |8.52621e-06 
 445 |8.53834e-06 
 446 |8.51642e-06 
 447 |8.55289e-06 
 448 |8.53171e-06 
 449 |8.51535e-06 
 450 |8.55115e-06 
 451 |8.44704e-06 
 452 |8.50704e-06 
 453 |8.48042e-06 
 454 |8.49752e-06 
 455 |8.50315e-06 
 456 |8.50469e-06 
 457 |8.54129e-06 
 458 |5.10676e-06 
 459 |5.05842e-06 
 460 |5.06902e-06 
 461 |5.10776e-06 
 462 |5.08638e-06 
 463 |5.08712e-06 
 464 |5.07874e-06 
 465 |5.0957e-06 
 466 |5.10763e-06 
 467 |5.09295e-06 
 468 |5.07813e-06 
 469 |5.15757e-06 
 470 |5.08665e-06 
 471 |5.13357e-06 
 472 |5.13531e-06 
 473 |5.08423e-06 
 474 |5.08403e-06 
 475 |5.09945e-06 
 476 |5.08142e-06 
 477 |5.04448e-06 
 478 |5.11031e-06 
 479 |5.12908e-06 
 480 |5.10153e-06 
 481 |5.06841e-06 
 482 |1.46629e-05 
 483 |1.46984e-05 
 484 |1.46775e-05 
 485 |1.47074e-05 
 486 |1.47724e-05 
 487 |1.47125e-05 
 488 |1.46447e-05 
 489 |1.46851e-05 
 490 |1.46903e-05 
 491 |1.46614e-05 
 492 |1.47137e-05 
 493 |1.46512e-05 
 494 |1.46526e-05 
 495 |1.46952e-05 
 496 |1.46956e-05 
 497 |1.46791e-05 
 498 |1.47524e-05 
 499 |1.46952e-05 
 500 |1.47223e-05 
 501 |1.46807e-05 
 502 |1.47413e-05 
 503 |1.47012e-05 
 504 |1.46375e-05 
 505 |1.46573e-05 
 506 |1.41042e-05 
 507 |1.4072e-05 
 508 |1.41142e-05 
 509 |1.40091e-05 
 510 |1.408e-05 
 511 |1.4057e-05 
 512 |1.41796e-05 
 513 |1.40763e-05 
 514 |1.40894e-05 
 515 |1.41479e-05 
 516 |1.41453e-05 
 517 |1.40993e-05 
 518 |1.40865e-05 
 519 |1.4081e-05 
 520 |1.4105e-05 
 521 |1.40867e-05 
 522 |1.41014e-05 
 523 |1.40172e-05 
 524 |1.40806e-05 
 525 |1.4148e-05 
 526 |1.41109e-05 
 527 |1.41209e-05 
 528 |1.41397e-05 
 529 |1.4063e-05 
 530 |1.3679e-05 
 531 |1.3696e-05 
 532 |1.36803e-05 
 533 |1.36898e-05 
 534 |1.36775e-05 
 535 |1.37072e-05 
 536 |1.37213e-05 
 537 |1.36859e-05 
 538 |1.36885e-05 
 539 |1.37597e-05 
 540 |1.36456e-05 
 541 |1.37341e-05 
 542 |1.3698e-05 
 543 |1.3683e-05 
 544 |1.3702e-05 
 545 |1.36868e-05 
 546 |1.36788e-05 
 547 |1.36867e-05 
 548 |1.37206e-05 
 549 |1.36936e-05 
 550 |1.36652e-05 
 551 |1.36966e-05 
 552 |1.37046e-05 
 553 |1.36723e-05 
 554 |1.06307e-05 
 555 |1.06311e-05 
 556 |1.0611e-05 
 557 |1.06476e-05 
 558 |1.05968e-05 
 559 |1.05778e-05 
 560 |1.06309e-05 
 561 |1.06602e-05 
 562 |1.05555e-05 
 563 |1.06232e-05 
 564 |1.05734e-05 
 565 |1.06117e-05 
 566 |1.0571e-05 
 567 |1.05935e-05 
 568 |1.06539e-05 
 569 |1.05623e-05 
 570 |1.06147e-05 
 571 |1.05581e-05 
 572 |1.06125e-05 
 573 |1.06444e-05 
 574 |1.05789e-05 
 575 |1.06211e-05 
 576 |1.06739e-05 
 577 |1.06399e-05 
 578 |7.54567e-06 
 579 |7.51872e-06 
 580 |7.57235e-06 
 581 |7.56042e-06 
 582 |7.50699e-06 
 583 |7.55304e-06 
 584 |7.54735e-06 
 585 |7.55908e-06 
 586 |7.57644e-06 
 587 |7.5454e-06 
 588 |7.59783e-06 
 589 |7.5389e-06 
 590 |7.59736e-06 
 591 |7.52134e-06 
 592 |7.58402e-06 
 593 |7.56665e-06 
 594 |7.53756e-06 
 595 |7.56525e-06 
 596 |7.55935e-06 
 597 |7.57919e-06 
 598 |7.59762e-06 
 599 |7.53334e-06 
 600 |7.56974e-06 
 601 |7.57101e-06 
 602 |1.50985e-05 
 603 |1.51161e-05 
 604 |1.51083e-05 
 605 |1.51574e-05 
 606 |1.51379e-05 
 607 |1.5078e-05 
 608 |1.50501e-05 
 609 |1.50976e-05 
 610 |1.51192e-05 
 611 |1.51057e-05 
 612 |1.51216e-05 
 613 |1.51417e-05 
 614 |1.50778e-05 
 615 |1.51135e-05 
 616 |1.51274e-05 
 617 |1.50932e-05 
 618 |1.51879e-05 
 619 |1.51157e-05 
 620 |1.51025e-05 
 621 |1.50646e-05 
 622 |1.50893e-05 
 623 |1.51111e-05 
 624 |1.51147e-05 
 625 |1.50871e-05 
 626 |1.44324e-05 
 627 |1.44455e-05 
 628 |1.44747e-05 
 629 |1.44507e-05 
 630 |1.44676e-05 
 631 |1.44951e-05 
 632 |1.44721e-05 
 633 |1.44576e-05 
 634 |1.45142e-05 
 635 |1.44844e-05 
 636 |1.443e-05 
 637 |1.44607e-05 
 638 |1.44856e-05 
 639 |1.44729e-05 
 640 |1.44589e-05 
 641 |1.44353e-05 
 642 |1.44515e-05 
 643 |1.44445e-05 
 644 |1.45085e-05 
 645 |1.44346e-05 
 646 |1.44603e-05 
 647 |1.44906e-05 
 648 |1.44485e-05 
 649 |1.44534e-05 
 650 |1.36159e-05 
 651 |1.35784e-05 
 652 |1.36824e-05 
 653 |1.36399e-05 
 654 |1.36355e-05 
 655 |1.35668e-05 
 656 |1.36175e-05 
 657 |1.36456e-05 
 658 |1.35967e-05 
 659 |1.35878e-05 
 660 |1.36224e-05 
 661 |1.36775e-05 
 662 |1.36713e-05 
 663 |1.36049e-05 
 664 |1.36035e-05 
 665 |1.3595e-05 
 666 |1.36352e-05 
 667 |1.35887e-05 
 668 |1.35885e-05 
 669 |1.3623e-05 
 670 |1.36228e-05 
 671 |1.35878e-05 
 672 |1.35782e-05 
 673 |1.36246e-05 
 674 |1.02551e-05 
 675 |1.02345e-05 
 676 |1.02123e-05 
 677 |1.02014e-05 
 678 |1.02245e-05 
 679 |1.01895e-05 
 680 |1.01743e-05 
 681 |1.02029e-05 
 682 |1.01778e-05 
 683 |1.01594e-05 
 684 |1.0248e-05 
 685 |1.021e-05 
 686 |1.02111e-05 
 687 |1.01645e-05 
 688 |1.02415e-05 
 689 |1.02329e-05 
 690 |1.02122e-05 
 691 |1.02346e-05 
 692 |1.01689e-05 
 693 |1.01551e-05 
 694 |1.02227e-05 
 695 |1.01572e-05 
 696 |1.01581e-05 
 697 |1.01856e-05 
 698 |1.40207e-05 
 699 |1.39415e-05 
 700 |1.39433e-05 
 701 |1.40213e-05 
 702 |1.39052e-05 
 703 |1.39071e-05 
 704 |1.3969e-05 
 705 |1.39237e-05 
 706 |1.39178e-05 
 707 |1.39681e-05 
 708 |1.4005e-05 
 709 |1.39601e-05 
 710 |1.39728e-05 
 711 |1.39852e-05 
 712 |1.3974e-05 
 713 |1.38925e-05 
 714 |1.40176e-05 
 715 |1.39379e-05 
 716 |1.39183e-05 
 717 |1.39926e-05 
 718 |1.39234e-05 
 719 |1.39393e-05 
 720 |1.39665e-05 
 721 |1.39511e-05 
 722 |1.10124e-05 
 723 |1.10574e-05 
 724 |1.10294e-05 
 725 |1.10578e-05 
 726 |1.09908e-05 
 727 |1.10072e-05 
 728 |1.10142e-05 
 729 |1.09896e-05 
 730 |1.10208e-05 
 731 |1.10198e-05 
 732 |1.10244e-05 
 733 |1.10556e-05 
 734 |1.10706e-05 
 735 |1.105e-05 
 736 |1.10012e-05 
 737 |1.10299e-05 
 738 |1.10355e-05 
 739 |1.10225e-05 
 740 |1.0983e-05 
 741 |1.10041e-05 
 742 |1.10321e-05 
 743 |1.1027e-05 
 744 |1.10077e-05 
 745 |1.10179e-05 
 746 |1.10287e-05 
 747 |1.10041e-05 
 748 |1.10623e-05 
 749 |1.10242e-05 
 750 |1.1028e-05 
 751 |1.10252e-05 
 752 |1.10377e-05 
 753 |1.10429e-05 
 754 |1.10469e-05 
 755 |1.10016e-05 
 756 |1.10623e-05 
 757 |1.10599e-05 
 758 |1.10047e-05 
 759 |1.10475e-05 
 760 |1.09825e-05 
 761 |1.1039e-05 
 762 |1.10166e-05 
 763 |1.1079e-05 
 764 |1.10582e-05 
 765 |1.10273e-05 
 766 |1.10386e-05 
 767 |1.10424e-05 
 768 |1.10789e-05 
 769 |1.10245e-05 
 770 |8.52621e-06 
 771 |8.54344e-06 
 772 |8.5116e-06 
 773 |8.5238e-06 
 774 |8.52487e-06 
 775 |8.51837e-06 
 776 |8.56315e-06 
 777 |8.49765e-06 
 778 |8.55088e-06 
 779 |8.53419e-06 
 780 |8.55597e-06 
 781 |8.5545e-06 
 782 |8.57126e-06 
 783 |8.53137e-06 
 784 |8.58379e-06 
 785 |8.52983e-06 
 786 |8.53741e-06 
 787 |8.53821e-06 
 788 |8.51817e-06 
 789 |8.56174e-06 
 790 |8.5478e-06 
 791 |8.54867e-06 
 792 |8.50375e-06 
 793 |8.53761e-06 
 794 |8.72578e-06 
 795 |8.70392e-06 
 796 |8.67175e-06 
 797 |8.7176e-06 
 798 |8.69823e-06 
 799 |8.67087e-06 
 800 |8.71358e-06 
 801 |8.74401e-06 
 802 |8.73375e-06 
 803 |8.67597e-06 
 804 |8.71324e-06 
 805 |8.76312e-06 
 806 |8.71009e-06 
 807 |8.70748e-06 
 808 |8.72786e-06 
 809 |8.70359e-06 
 810 |8.729e-06 
 811 |8.73697e-06 
 812 |8.65579e-06 
 813 |8.68113e-06 
 814 |8.72578e-06 
 815 |8.65566e-06 
 816 |8.65284e-06 
 817 |8.74529e-06 
 818 |6.18544e-06 
 819 |6.19844e-06 
 820 |6.20501e-06 
 821 |6.20012e-06 
 822 |6.19583e-06 
 823 |6.21909e-06 
 824 |6.21527e-06 
 825 |6.19167e-06 
 826 |6.18866e-06 
 827 |6.2148e-06 
 828 |6.27191e-06 
 829 |6.2636e-06 
 830 |6.24389e-06 
 831 |6.22405e-06 
 832 |6.25288e-06 
 833 |6.25549e-06 
 834 |6.23069e-06 
 835 |6.20521e-06 
 836 |6.23062e-06 
 837 |6.20709e-06 
 838 |6.22231e-06 
 839 |6.21594e-06 
 840 |6.22291e-06 
 841 |6.2081e-06 
 842 |1.74111e-05 
 843 |1.74175e-05 
 844 |1.74061e-05 
 845 |1.73753e-05 
 846 |1.73895e-05 
 847 |1.74459e-05 
 848 |1.74408e-05 
 849 |1.73902e-05 
 850 |1.74037e-05 
 851 |1.74226e-05 
 852 |1.73604e-05 
 853 |1.74071e-05 
 854 |1.74271e-05 
 855 |1.73928e-05 
 856 |1.74012e-05 
 857 |1.73977e-05 
 858 |1.74768e-05 
 859 |1.73688e-05 
 860 |1.73879e-05 
 861 |1.74253e-05 
 862 |1.75048e-05 
 863 |1.74363e-05 
 864 |1.74066e-05 
 865 |1.73767e-05 
 866 |1.34806e-05 
 867 |1.36037e-05 
 868 |1.35523e-05 
 869 |1.3537e-05 
 870 |1.35238e-05 
 871 |1.35712e-05 
 872 |1.35437e-05 
 873 |1.35925e-05 
 874 |1.35594e-05 
 875 |1.35063e-05 
 876 |1.34956e-05 
 877 |1.35654e-05 
 878 |1.36121e-05 
 879 |1.35684e-05 
 880 |1.35833e-05 
 881 |1.35616e-05 
 882 |1.35698e-05 
 883 |1.35722e-05 
 884 |1.35544e-05 
 885 |1.35499e-05 
 886 |1.3559e-05 
 887 |1.35767e-05 
 888 |1.35441e-05 
 889 |1.3631e-05 
 890 |1.32985e-05 
 891 |1.32669e-05 
 892 |1.33485e-05 
 893 |1.32716e-05 
 894 |1.33145e-05 
 895 |1.33217e-05 
 896 |1.33284e-05 
 897 |1.33116e-05 
 898 |1.32881e-05 
 899 |1.32577e-05 
 900 |1.33368e-05 
 901 |1.3281e-05 
 902 |1.33514e-05 
 903 |1.32934e-05 
 904 |1.33304e-05 
 905 |1.33672e-05 
 906 |1.33244e-05 
 907 |1.33345e-05 
 908 |1.33219e-05 
 909 |1.3308e-05 
 910 |1.33184e-05 
 911 |1.32805e-05 
 912 |1.32589e-05 
 913 |1.33418e-05 
 914 |1.00697e-05 
 915 |1.00933e-05 
 916 |1.00691e-05 
 917 |1.00532e-05 
 918 |1.00664e-05 
 919 |1.00538e-05 
 920 |1.00445e-05 
 921 |1.00304e-05 
 922 |1.00829e-05 
 923 |1.00666e-05 
 924 |1.01102e-05 
 925 |1.00331e-05 
 926 |1.00449e-05 
 927 |1.00617e-05 
 928 |1.00902e-05 
 929 |1.00954e-05 
 930 |1.00623e-05 
 931 |1.00566e-05 
 932 |1.00546e-05 
 933 |1.00279e-05 
 934 |1.0055e-05 
 935 |1.00876e-05 
 936 |1.00727e-05 
 937 |1.00636e-05 
 938 |1.00307e-05 
 939 |1.00116e-05 
 940 |1.00335e-05 
 941 |9.98277e-06 
 942 |1.00131e-05 
 943 |1.00276e-05 
 944 |9.98458e-06 
 945 |1.00242e-05 
 946 |9.97218e-06 
 947 |1.00194e-05 
 948 |1.00365e-05 
 949 |1.00133e-05 
 950 |1.00187e-05 
 951 |1.00261e-05 
 952 |9.99638e-06 
 953 |9.97869e-06 
 954 |1.00058e-05 
 955 |9.9821e-06 
 956 |9.99055e-06 
 957 |1.00332e-05 
 958 |9.99752e-06 
 959 |9.97192e-06 
 960 |9.98465e-06 
 961 |1.00235e-05 
 962 |7.49888e-06 
 963 |7.41696e-06 
 964 |7.44746e-06 
 965 |7.45135e-06 
 966 |7.47823e-06 
 967 |7.4716e-06 
 968 |7.48473e-06 
 969 |7.52134e-06 
 970 |7.4901e-06 
 971 |7.51162e-06 
 972 |7.50605e-06 
 973 |7.49895e-06 
 974 |7.50578e-06 
 975 |7.47401e-06 
 976 |7.52026e-06 
 977 |7.47843e-06 
 978 |7.49687e-06 
 979 |7.51933e-06 
 980 |7.4655e-06 
 981 |7.473e-06 
 982 |7.46724e-06 
 983 |7.46751e-06 
 984 |7.45256e-06 
 985 |7.43003e-06 
 986 |1.65466e-05 
 987 |1.6622e-05 
 988 |1.65254e-05 
 989 |1.65338e-05 
 990 |1.65154e-05 
 991 |1.65517e-05 
 992 |1.65326e-05 
 993 |1.65987e-05 
 994 |1.6498e-05 
 995 |1.66038e-05 
 996 |1.66024e-05 
 997 |1.64678e-05 
 998 |1.65173e-05 
 999 |1.65015e-05 
1000 |1.65783e-05 
1001 |1.65478e-05 
1002 |1.65275e-05 
1003 |1.65319e-05 
1004 |1.65426e-05 
1005 |1.65547e-05 
1006 |1.65314e-05 
1007 |1.65997e-05 
1008 |1.65102e-05 
1009 |1.65236e-05 
1010 |1.27383e-05 
1011 |1.27327e-05 
1012 |1.27549e-05 
1013 |1.27673e-05 
1014 |1.2725e-05 
1015 |1.27164e-05 
1016 |1.27297e-05 
1017 |1.27246e-05 
1018 |1.27459e-05 
1019 |1.27345e-05 
1020 |1.27166e-05 
1021 |1.27601e-05 
1022 |1.27478e-05 
1023 |1.26908e-05 
1024 |1.27714e-05 
1025 |1.27453e-05 
1026 |1.27632e-05 
1027 |1.27057e-05 
1028 |1.27223e-05 
1029 |1.27275e-05 
1030 |1.2715e-05 
1031 |1.26949e-05 
1032 |1.27392e-05 
1033 |1.27061e-05 
1034 |1.2088e-05 
1035 |1.21246e-05 
1036 |1.21308e-05 
1037 |1.20982e-05 
1038 |1.21034e-05 
1039 |1.21274e-05 
1040 |1.21398e-05 
1041 |1.21608e-05 
1042 |1.21136e-05 
1043 |1.21441e-05 
1044 |1.21003e-05 
1045 |1.20861e-05 
1046 |1.20998e-05 
1047 |1.21169e-05 
1048 |1.21209e-05 
1049 |1.21523e-05 
1050 |1.21166e-05 
1051 |1.21207e-05 
1052 |1.2181e-05 
1053 |1.216e-05 
1054 |1.20448e-05 
1055 |1.21015e-05 
1056 |1.21518e-05 
1057 |1.2096e-05 
1058 |8.69474e-06 
1059 |8.67295e-06 
1060 |8.71713e-06 
1061 |8.70044e-06 
1062 |8.74032e-06 
1063 |8.71612e-06 
1064 |8.72571e-06 
1065 |8.73811e-06 
1066 |8.74689e-06 
1067 |8.71807e-06 
1068 |8.73007e-06 
1069 |8.69434e-06 
1070 |8.71465e-06 
1071 |8.72035e-06 
1072 |8.66766e-06 
1073 |8.77277e-06 
1074 |8.71157e-06 
1075 |8.70225e-06 
1076 |8.6881e-06 
1077 |8.68013e-06 
1078 |8.71291e-06 
1079 |8.68576e-06 
1080 |8.73731e-06 
1081 |8.67818e-06 
1082 |8.05119e-06 
1083 |8.07928e-06 
1084 |8.13847e-06 
1085 |8.08149e-06 
1086 |8.05153e-06 
1087 |8.08189e-06 
1088 |8.09792e-06 
1089 |8.11642e-06 
1090 |8.11494e-06 
1091 |8.08297e-06 
1092 |8.09047e-06 
1093 |8.09698e-06 
1094 |8.1016e-06 
1095 |8.05756e-06 
1096 |8.09852e-06 
1097 |8.08934e-06 
1098 |8.08766e-06 
1099 |8.11783e-06 
1100 |8.07117e-06 
1101 |8.11863e-06 
1102 |8.08049e-06 
1103 |8.08826e-06 
1104 |8.09932e-06 
1105 |8.03711e-06 
1106 |5.67643e-06 
1107 |5.67703e-06 
1108 |5.70137e-06 
1109 |5.66463e-06 
1110 |5.69929e-06 
1111 |5.69037e-06 
1112 |5.70345e-06 
1113 |5.73341e-06 
1114 |5.7367e-06 
1115 |5.74977e-06 
1116 |5.69835e-06 
1117 |5.69312e-06 
1118 |5.71136e-06 
1119 |5.7379e-06 
1120 |5.71176e-06 
1121 |5.72155e-06 
1122 |5.71773e-06 
1123 |5.70653e-06 
1124 |5.69654e-06 
1125 |5.72812e-06 
1126 |5.71176e-06 
1127 |5.68662e-06 
1128 |5.69306e-06 
1129 |5.71558e-06 
1130 |1.66512e-05 
1131 |1.65725e-05 
1132 |1.65904e-05 
1133 |1.66283e-05 
1134 |1.66418e-05 
1135 |1.66288e-05 
1136 |1.66335e-05 
1137 |1.66664e-05 
1138 |1.6581e-05 
1139 |1.66576e-05 
1140 |1.66831e-05 
1141 |1.67071e-05 
1142 |1.6642e-05 
1143 |1.66538e-05 
1144 |1.66673e-05 
1145 |1.66971e-05 
1146 |1.66489e-05 
1147 |1.66631e-05 
1148 |1.6668e-05 
1149 |1.66756e-05 
1150 |1.6622e-05 
1151 |1.67266e-05 
1152 |1.66028e-05 
1153 |1.66057e-05 
1154 |1.27827e-05 
1155 |1.284e-05 
1156 |1.27571e-05 
1157 |1.28011e-05 
1158 |1.27655e-05 
1159 |1.27955e-05 
1160 |1.28838e-05 
1161 |1.28423e-05 
1162 |1.27768e-05 
1163 |1.28222e-05 
1164 |1.279e-05 
1165 |1.28466e-05 
1166 |1.28439e-05 
1167 |1.28049e-05 
1168 |1.28757e-05 
1169 |1.28657e-05 
1170 |1.28634e-05 
1171 |1.28753e-05 
1172 |1.28175e-05 
1173 |1.28116e-05 
1174 |1.28354e-05 
1175 |1.2834e-05 
1176 |1.28045e-05 
1177 |1.27828e-05 
1178 |1.19115e-05 
1179 |1.18949e-05 
1180 |1.18796e-05 
1181 |1.19303e-05 
1182 |1.19384e-05 
1183 |1.19308e-05 
1184 |1.1921e-05 
1185 |1.19403e-05 
1186 |1.18656e-05 
1187 |1.19175e-05 
1188 |1.19476e-05 
1189 |1.19119e-05 
1190 |1.19166e-05 
1191 |1.19164e-05 
1192 |1.19354e-05 
1193 |1.19642e-05 
1194 |1.19119e-05 
1195 |1.19261e-05 
1196 |1.19386e-05 
1197 |1.19111e-05 
1198 |1.18765e-05 
1199 |1.19357e-05 
1200 |1.19155e-05 
1201 |1.19195e-05 
1202 |8.27214e-06 
1203 |8.29849e-06 
1204 |8.31371e-06 
1205 |8.27764e-06 
1206 |8.27308e-06 
1207 |8.27503e-06 
1208 |8.32276e-06 
1209 |8.30037e-06 
1210 |8.29051e-06 
1211 |8.28662e-06 
1212 |8.23286e-06 
1213 |8.29427e-06 
1214 |8.26249e-06 
1215 |8.28059e-06 
1216 |8.25364e-06 
1217 |8.33549e-06 
1218 |8.28703e-06 
1219 |8.29051e-06 
1220 |8.24137e-06 
1221 |8.28863e-06 
1222 |8.29909e-06 
1223 |8.29058e-06 
1224 |8.27208e-06 
1225 |8.23614e-06 
1226 |7.48681e-06 
1227 |7.45309e-06 
1228 |7.44317e-06 
1229 |7.42333e-06 
1230 |7.42547e-06 
1231 |7.44096e-06 
1232 |7.41897e-06 
1233 |7.41703e-06 
1234 |7.41421e-06 
1235 |7.43231e-06 
1236 |7.45759e-06 
1237 |7.44136e-06 
1238 |7.43546e-06 
1239 |7.44217e-06 
1240 |7.43841e-06 
1241 |7.43218e-06 
1242 |7.43318e-06 
1243 |7.44029e-06 
1244 |7.49144e-06 
1245 |7.40148e-06 
1246 |7.40308e-06 
1247 |7.448e-06 
1248 |7.44813e-06 
1249 |7.44123e-06 
1250 |1.29556e-05 
1251 |1.29714e-05 
1252 |1.29479e-05 
1253 |1.30296e-05 
1254 |1.29931e-05 
1255 |1.30188e-05 
1256 |1.29241e-05 
1257 |1.30049e-05 
1258 |1.30048e-05 
1259 |1.29543e-05 
1260 |1.29697e-05 
1261 |1.29507e-05 
1262 |1.29897e-05 
1263 |1.30219e-05 
1264 |1.2954e-05 
1265 |1.29875e-05 
1266 |1.29713e-05 
1267 |1.29493e-05 
1268 |1.2979e-05 
1269 |1.30319e-05 
1270 |1.29129e-05 
1271 |1.29232e-05 
1272 |1.29771e-05 
1273 |1.29688e-05 
1274 |9.9695e-06 
1275 |1.0015e-05 
1276 |9.95992e-06 
1277 |9.97929e-06 
1278 |1.00021e-05 
1279 |1.00241e-05 
1280 |1.00093e-05 
1281 |1.00181e-05 
1282 |1.0025e-05 
1283 |9.99692e-06 
1284 |9.97855e-06 
1285 |1.00021e-05 
1286 |1.00044e-05 
1287 |9.9807e-06 
1288 |9.97513e-06 
1289 |9.96139e-06 
1290 |9.98318e-06 
1291 |1.00052e-05 
1292 |1.00342e-05 
1293 |1.00093e-05 
1294 |9.99746e-06 
1295 |1.00355e-05 
1296 |1.00121e-05 
1297 |1.0001e-05 
1298 |9.14858e-06 
1299 |9.11023e-06 
1300 |9.11271e-06 
1301 |9.11057e-06 
1302 |9.04407e-06 
1303 |9.08147e-06 
1304 |9.10292e-06 
1305 |9.12994e-06 
1306 |9.08945e-06 
1307 |9.07497e-06 
1308 |9.09843e-06 
1309 |9.06284e-06 
1310 |9.13463e-06 
1311 |9.12773e-06 
1312 |9.13423e-06 
1313 |9.14274e-06 
1314 |9.12297e-06 
1315 |9.09702e-06 
1316 |9.07356e-06 
1317 |9.0932e-06 
1318 |9.11264e-06 
1319 |9.0928e-06 
1320 |9.07544e-06 
1321 |9.08549e-06 
1322 |6.15185e-06 
1323 |6.10747e-06 
1324 |6.13355e-06 
1325 |6.13563e-06 
1326 |6.12993e-06 
1327 |6.14709e-06 
1328 |6.1367e-06 
1329 |6.15212e-06 
1330 |6.17974e-06 
1331 |6.20019e-06 
1332 |6.17304e-06 
1333 |6.15929e-06 
1334 |6.13845e-06 
1335 |6.15098e-06 
1336 |6.16653e-06 
1337 |6.15199e-06 
1338 |6.15983e-06 
1339 |6.16405e-06 
1340 |6.15044e-06 
1341 |6.11156e-06 
1342 |6.16251e-06 
1343 |6.16948e-06 
1344 |6.12598e-06 
1345 |6.14803e-06 
1346 |5.44683e-06 
1347 |5.44871e-06 
1348 |5.4052e-06 
1349 |5.46654e-06 
1350 |5.46419e-06 
1351 |5.45146e-06 
1352 |5.41935e-06 
1353 |5.45816e-06 
1354 |5.42618e-06 
1355 |5.44697e-06 
1356 |5.45809e-06 
1357 |5.50408e-06 
1358 |5.46158e-06 
1359 |5.44971e-06 
1360 |5.45347e-06 
1361 |5.42518e-06 
1362 |5.44388e-06 
1363 |5.43993e-06 
1364 |5.43832e-06 
1365 |5.42169e-06 
1366 |5.46212e-06 
1367 |5.46895e-06 
1368 |5.46305e-06 
1369 |5.41512e-06 
1370 |2.27144e-05 
1371 |2.27383e-05 
1372 |2.28114e-05 
1373 |2.27182e-05 
1374 |2.27649e-05 
1375 |2.27242e-05 
1376 |2.27057e-05 
1377 |2.26996e-05 
1378 |2.27314e-05 
1379 |2.27636e-05 
1380 |2.27662e-05 
1381 |2.27258e-05 
1382 |2.27299e-05 
1383 |2.27457e-05 
1384 |2.27e-05 
1385 |2.27406e-05 
1386 |2.27539e-05 
1387 |2.2662e-05 
1388 |2.27985e-05 
1389 |2.26711e-05 
1390 |2.2729e-05 
1391 |2.27485e-05 
1392 |2.27362e-05 
1393 |2.2749e-05 
1394 |1.74069e-05 
1395 |1.7426e-05 
1396 |1.74324e-05 
1397 |1.74437e-05 
1398 |1.7415e-05 
1399 |1.74596e-05 
1400 |1.74226e-05 
1401 |1.7412e-05 
1402 |1.7492e-05 
1403 |1.73912e-05 
1404 |1.74284e-05 
1405 |1.74429e-05 
1406 |1.73858e-05 
1407 |1.74636e-05 
1408 |1.74505e-05 
1409 |1.74275e-05 
1410 |1.74089e-05 
1411 |1.74176e-05 
1412 |1.74496e-05 
1413 |1.74661e-05 
1414 |1.74186e-05 
1415 |1.74625e-05 
1416 |1.74117e-05 
1417 |1.74243e-05 
1418 |1.53329e-05 
1419 |1.54248e-05 
1420 |1.54161e-05 
1421 |1.54141e-05 
1422 |1.54539e-05 
1423 |1.53921e-05 
1424 |1.54669e-05 
1425 |1.54198e-05 
1426 |1.54606e-05 
1427 |1.54547e-05 
1428 |1.5462e-05 
1429 |1.54654e-05 
1430 |1.54486e-05 
1431 |1.53812e-05 
1432 |1.54246e-05 
1433 |1.54152e-05 
1434 |1.5483e-05 
1435 |1.54742e-05 
1436 |1.54474e-05 
1437 |1.54258e-05 
1438 |1.54135e-05 
1439 |1.54145e-05 
1440 |1.54118e-05 
1441 |1.54437e-05 
1442 |1.01776e-05 
1443 |1.01901e-05 
1444 |1.02016e-05 
1445 |1.01932e-05 
1446 |1.01514e-05 
1447 |1.01727e-05 
1448 |1.01283e-05 
1449 |1.02204e-05 
1450 |1.01471e-05 
1451 |1.01504e-05 
1452 |1.01777e-05 
1453 |1.01709e-05 
1454 |1.01455e-05 
1455 |1.0148e-05 
1456 |1.01976e-05 
1457 |1.0157e-05 
1458 |1.01636e-05 
1459 |1.01124e-05 
1460 |1.01403e-05 
1461 |1.01803e-05 
1462 |1.02231e-05 
1463 |1.01581e-05 
1464 |1.0136e-05 
1465 |1.01593e-05 
1466 |6.73487e-06 
1467 |6.80633e-06 
1468 |6.74633e-06 
1469 |6.79473e-06 
1470 |6.78273e-06 
1471 |6.7887e-06 
1472 |6.78541e-06 
1473 |6.77033e-06 
1474 |6.77234e-06 
1475 |6.75887e-06 
1476 |6.80271e-06 
1477 |6.78132e-06 
1478 |6.7472e-06 
1479 |6.76329e-06 
1480 |6.79493e-06 
1481 |6.81363e-06 
1482 |6.76845e-06 
1483 |6.79688e-06 
1484 |6.76456e-06 
1485 |6.82201e-06 
1486 |6.80934e-06 
1487 |6.80432e-06 
1488 |6.81786e-06 
1489 |6.75927e-06 
1490 |7.21069e-06 
1491 |7.23563e-06 
1492 |7.25795e-06 
1493 |7.26197e-06 
1494 |7.28148e-06 
1495 |7.27458e-06 
1496 |7.29992e-06 
1497 |7.24568e-06 
1498 |7.21002e-06 
1499 |7.25809e-06 
1500 |7.27136e-06 
1501 |7.25842e-06 
1502 |7.27665e-06 
1503 |7.26231e-06 
1504 |7.22604e-06 
1505 |7.25212e-06 
1506 |7.25976e-06 
1507 |7.22276e-06 
1508 |7.26519e-06 
1509 |7.29214e-06 
1510 |7.25601e-06 
1511 |7.24072e-06 
1512 |7.2485e-06 
1513 |7.24126e-06 
1514 |6.67876e-06 
1515 |6.65945e-06 
1516 |6.6571e-06 
1517 |6.64356e-06 
1518 |6.66207e-06 
1519 |6.68238e-06 
1520 |6.67588e-06 
1521 |6.61916e-06 
1522 |6.69418e-06 
1523 |6.6504e-06 
1524 |6.69143e-06 
1525 |6.69672e-06 
1526 |6.62687e-06 
1527 |6.65335e-06 
1528 |6.63693e-06 
1529 |6.69847e-06 
1530 |6.70711e-06 
1531 |6.67842e-06 
1532 |6.65161e-06 
1533 |6.65891e-06 
1534 |6.68888e-06 
1535 |6.67125e-06 
1536 |6.68486e-06 
1537 |6.70128e-06 
1538 |6.04895e-06 
1539 |6.10627e-06 
1540 |6.09883e-06 
1541 |6.09125e-06 
1542 |6.10714e-06 
1543 |6.10292e-06 
1544 |6.10768e-06 
1545 |6.06752e-06 
1546 |6.05204e-06 
1547 |6.1003e-06 
1548 |6.06819e-06 
1549 |6.0643e-06 
1550 |6.06725e-06 
1551 |6.06323e-06 
1552 |6.07563e-06 
1553 |6.08327e-06 
1554 |6.08656e-06 
1555 |6.06417e-06 
1556 |6.07925e-06 
1557 |6.11961e-06 
1558 |6.10265e-06 
1559 |6.06772e-06 
1560 |6.09179e-06 
1561 |6.06524e-06 
1562 |3.80981e-06 
1563 |3.79218e-06 
1564 |3.76657e-06 
1565 |3.77454e-06 
1566 |3.7779e-06 
1567 |3.77743e-06 
1568 |3.78547e-06 
1569 |3.7779e-06 
1570 |3.76905e-06 
1571 |3.77776e-06 
1572 |3.78929e-06 
1573 |3.79801e-06 
1574 |3.79975e-06 
1575 |3.76965e-06 
1576 |3.76844e-06 
1577 |3.79057e-06 
1578 |3.78896e-06 
1579 |3.79606e-06 
1580 |3.78299e-06 
1581 |3.77984e-06 
1582 |3.78621e-06 
1583 |3.80009e-06 
1584 |3.75691e-06 
1585 |3.7848e-06 
1586 |1.76576e-05 
1587 |1.76515e-05 
1588 |1.76639e-05 
1589 |1.7666e-05 
1590 |1.76351e-05 
1591 |1.76586e-05 
1592 |1.76153e-05 
1593 |1.76476e-05 
1594 |1.76671e-05 
1595 |1.76581e-05 
1596 |1.7685e-05 
1597 |1.7686e-05 
1598 |1.77308e-05 
1599 |1.76324e-05 
1600 |1.76999e-05 
1601 |1.76053e-05 
1602 |1.76629e-05 
1603 |1.76659e-05 
1604 |1.76897e-05 
1605 |1.76537e-05 
1606 |1.75799e-05 
1607 |1.76442e-05 
1608 |1.76665e-05 
1609 |1.76313e-05 
1610 |1.97244e-05 
1611 |1.97581e-05 
1612 |1.97422e-05 
1613 |1.97909e-05 
1614 |1.97388e-05 
1615 |1.97691e-05 
1616 |1.96691e-05 
1617 |1.97287e-05 
1618 |1.97301e-05 
1619 |1.96903e-05 
1620 |1.97082e-05 
1621 |1.97382e-05 
1622 |1.97052e-05 
1623 |1.97305e-05 
1624 |1.97807e-05 
1625 |1.9796e-05 
1626 |1.97851e-05 
1627 |1.97132e-05 
1628 |1.97124e-05 
1629 |1.97e-05 
1630 |1.97341e-05 
1631 |1.97855e-05 
1632 |1.97886e-05 
1633 |1.97294e-05 
1634 |1.92839e-05 
1635 |1.93874e-05 
1636 |1.93889e-05 
1637 |1.93117e-05 
1638 |1.9386e-05 
1639 |1.93513e-05 
1640 |1.93654e-05 
1641 |1.93431e-05 
1642 |1.93351e-05 
1643 |1.93193e-05 
1644 |1.93815e-05 
1645 |1.93301e-05 
1646 |1.93007e-05 
1647 |1.9315e-05 
1648 |1.93121e-05 
1649 |1.92816e-05 
1650 |1.93756e-05 
1651 |1.93117e-05 
1652 |1.93859e-05 
1653 |1.93438e-05 
1654 |1.93544e-05 
1655 |1.93272e-05 
1656 |1.93897e-05 
1657 |1.93492e-05 
1658 |1.9615e-05 
1659 |1.95971e-05 
1660 |1.97031e-05 
1661 |1.96129e-05 
1662 |1.96237e-05 
1663 |1.96009e-05 
1664 |1.96497e-05 
1665 |1.95848e-05 
1666 |1.96254e-05 
1667 |1.96255e-05 
1668 |1.96151e-05 
1669 |1.96473e-05 
1670 |1.95969e-05 
1671 |1.95918e-05 
1672 |1.96377e-05 
1673 |1.95964e-05 
1674 |1.96238e-05 
1675 |1.95546e-05 
1676 |1.97224e-05 
1677 |1.95857e-05 
1678 |1.96112e-05 
1679 |1.95991e-05 
1680 |1.96623e-05 
1681 |1.96723e-05 
1682 |1.51857e-05 
1683 |1.51411e-05 
1684 |1.51791e-05 
1685 |1.52001e-05 
1686 |1.51629e-05 
1687 |1.51511e-05 
1688 |1.52176e-05 
1689 |1.52032e-05 
1690 |1.51787e-05 
1691 |1.52063e-05 
1692 |1.51757e-05 
1693 |1.51695e-05 
1694 |1.51058e-05 
1695 |1.51565e-05 
1696 |1.51532e-05 
1697 |1.51428e-05 
1698 |1.52168e-05 
1699 |1.51619e-05 
1700 |1.51514e-05 
1701 |1.51952e-05 
1702 |1.52305e-05 
1703 |1.51452e-05 
1704 |1.51511e-05 
1705 |1.52128e-05 
1706 |1.36363e-05 
1707 |1.36616e-05 
1708 |1.3598e-05 
1709 |1.36222e-05 
1710 |1.357e-05 
1711 |1.35964e-05 
1712 |1.36254e-05 
1713 |1.35888e-05 
1714 |1.35842e-05 
1715 |1.35936e-05 
1716 |1.35952e-05 
1717 |1.36336e-05 
1718 |1.35783e-05 
1719 |1.36124e-05 
1720 |1.36407e-05 
1721 |1.36153e-05 
1722 |1.36154e-05 
1723 |1.36267e-05 
1724 |1.36495e-05 
1725 |1.35776e-05 
1726 |1.36013e-05 
1727 |1.36247e-05 
1728 |1.35999e-05 
1729 |1.35759e-05 
1730 |1.49128e-05 
1731 |1.49596e-05 
1732 |1.4991e-05 
1733 |1.48961e-05 
1734 |1.49557e-05 
1735 |1.49588e-05 
1736 |1.49331e-05 
1737 |1.49964e-05 
1738 |1.50365e-05 
1739 |1.48774e-05 
1740 |1.496e-05 
1741 |1.49595e-05 
1742 |1.49191e-05 
1743 |1.49579e-05 
1744 |1.49522e-05 
1745 |1.49837e-05 
1746 |1.49725e-05 
1747 |1.49358e-05 
1748 |1.4918e-05 
1749 |1.49636e-05 
1750 |1.49361e-05 
1751 |1.49455e-05 
1752 |1.48849e-05 
1753 |1.49946e-05 
1754 |1.67237e-05 
1755 |1.68047e-05 
1756 |1.68103e-05 
1757 |1.66741e-05 
1758 |1.67424e-05 
1759 |1.67001e-05 
1760 |1.67465e-05 
1761 |1.67245e-05 
1762 |1.67829e-05 
1763 |1.67978e-05 
1764 |1.677e-05 
1765 |1.66832e-05 
1766 |1.67761e-05 
1767 |1.68207e-05 
1768 |1.68014e-05 
1769 |1.67531e-05 
1770 |1.67742e-05 
1771 |1.67091e-05 
1772 |1.67758e-05 
1773 |1.67807e-05 
1774 |1.67262e-05 
1775 |1.67841e-05 
1776 |1.67494e-05 
1777 |1.6715e-05 
1778 |1.62975e-05 
1779 |1.63137e-05 
1780 |1.62834e-05 
1781 |1.63481e-05 
1782 |1.62609e-05 
1783 |1.62228e-05 
1784 |1.62552e-05 
1785 |1.63428e-05 
1786 |1.63076e-05 
1787 |1.63233e-05 
1788 |1.63122e-05 
1789 |1.62576e-05 
1790 |1.62751e-05 
1791 |1.63265e-05 
1792 |1.63339e-05 
1793 |1.63093e-05 
1794 |1.63349e-05 
1795 |1.62747e-05 
1796 |1.63095e-05 
1797 |1.62593e-05 
1798 |1.62784e-05 
1799 |1.63154e-05 
1800 |1.63207e-05 
1801 |1.64354e-05 
1802 |1.62253e-05 
1803 |1.61437e-05 
1804 |1.6182e-05 
1805 |1.61844e-05 
1806 |1.62302e-05 
1807 |1.61618e-05 
1808 |1.61885e-05 
1809 |1.62023e-05 
1810 |1.61769e-05 
1811 |1.61977e-05 
1812 |1.61303e-05 
1813 |1.61619e-05 
1814 |1.61952e-05 
1815 |1.61715e-05 
1816 |1.62232e-05 
1817 |1.61223e-05 
1818 |1.61547e-05 
1819 |1.62436e-05 
1820 |1.62393e-05 
1821 |1.61511e-05 
1822 |1.62029e-05 
1823 |1.62395e-05 
1824 |1.61944e-05 
1825 |1.61283e-05 
1826 |1.19672e-05 
1827 |1.19795e-05 
1828 |1.1989e-05 
1829 |1.19848e-05 
1830 |1.20047e-05 
1831 |1.19896e-05 
1832 |1.19709e-05 
1833 |1.20248e-05 
1834 |1.19767e-05 
1835 |1.19921e-05 
1836 |1.19976e-05 
1837 |1.20313e-05 
1838 |1.20116e-05 
1839 |1.20065e-05 
1840 |1.19707e-05 
1841 |1.19865e-05 
1842 |1.20071e-05 
1843 |1.19881e-05 
1844 |1.1934e-05 
1845 |1.19944e-05 
1846 |1.19514e-05 
1847 |1.19799e-05 
1848 |1.19983e-05 
1849 |1.19831e-05 
1850 |1.05431e-05 
1851 |1.05918e-05 
1852 |1.0583e-05 
1853 |1.05601e-05 
1854 |1.06094e-05 
1855 |1.0573e-05 
1856 |1.05819e-05 
1857 |1.05667e-05 
1858 |1.05555e-05 
1859 |1.05851e-05 
1860 |1.05805e-05 
1861 |1.05731e-05 
1862 |1.06248e-05 
1863 |1.05985e-05 
1864 |1.05676e-05 
1865 |1.0609e-05 
1866 |1.06383e-05 
1867 |1.05534e-05 
1868 |1.05553e-05 
1869 |1.05793e-05 
1870 |1.05601e-05 
1871 |1.05676e-05 
1872 |1.05932e-05 
1873 |1.06153e-05 
1874 |1.25385e-05 
1875 |1.2545e-05 
1876 |1.25476e-05 
1877 |1.2536e-05 
1878 |1.25549e-05 
1879 |1.25397e-05 
1880 |1.26266e-05 
1881 |1.25574e-05 
1882 |1.25245e-05 
1883 |1.25535e-05 
1884 |1.25634e-05 
1885 |1.2555e-05 
1886 |1.26025e-05 
1887 |1.25948e-05 
1888 |1.25628e-05 
1889 |1.25278e-05 
1890 |1.2588e-05 
1891 |1.25716e-05 
1892 |1.25542e-05 
1893 |1.25922e-05 
1894 |1.25716e-05 
1895 |1.26076e-05 
1896 |1.25603e-05 
1897 |1.25916e-05 
1898 |1.40989e-05 
1899 |1.4119e-05 
1900 |1.41571e-05 
1901 |1.41355e-05 
1902 |1.41239e-05 
1903 |1.4144e-05 
1904 |1.41202e-05 
1905 |1.4151e-05 
1906 |1.41461e-05 
1907 |1.40965e-05 
1908 |1.41411e-05 
1909 |1.41476e-05 
1910 |1.41514e-05 
1911 |1.41139e-05 
1912 |1.41162e-05 
1913 |1.40783e-05 
1914 |1.41239e-05 
1915 |1.41686e-05 
1916 |1.41219e-05 
1917 |1.41835e-05 
1918 |1.41491e-05 
1919 |1.41203e-05 
1920 |1.41504e-05 
1921 |1.41559e-05 
1922 |1.35917e-05 
1923 |1.35881e-05 
1924 |1.35569e-05 
1925 |1.35836e-05 
1926 |1.35727e-05 
1927 |1.3504e-05 
1928 |1.35301e-05 
1929 |1.3502e-05 
1930 |1.35587e-05 
1931 |1.35403e-05 
1932 |1.35988e-05 
1933 |1.35513e-05 
1934 |1.36024e-05 
1935 |1.36011e-05 
1936 |1.34945e-05 
1937 |1.35258e-05 
1938 |1.35986e-05 
1939 |1.35388e-05 
1940 |1.35569e-05 
1941 |1.35751e-05 
1942 |1.35761e-05 
1943 |1.36047e-05 
1944 |1.35688e-05 
1945 |1.35948e-05 
1946 |1.29936e-05 
1947 |1.3066e-05 
1948 |1.31024e-05 
1949 |1.30695e-05 
1950 |1.30561e-05 
1951 |1.31062e-05 
1952 |1.31111e-05 
1953 |1.30326e-05 
1954 |1.30907e-05 
1955 |1.30984e-05 
1956 |1.30963e-05 
1957 |1.30577e-05 
1958 |1.30713e-05 
1959 |1.31128e-05 
1960 |1.31026e-05 
1961 |1.30976e-05 
1962 |1.30387e-05 
1963 |1.30722e-05 
1964 |1.30864e-05 
1965 |1.30968e-05 
1966 |1.31098e-05 
1967 |1.30726e-05 
1968 |1.30437e-05 
1969 |1.29996e-05 
1970 |9.33943e-06 
1971 |9.35713e-06 
1972 |9.31054e-06 
1973 |9.34231e-06 
1974 |9.32676e-06 
1975 |9.35143e-06 
1976 |9.36651e-06 
1977 |9.36416e-06 
1978 |9.34191e-06 
1979 |9.35283e-06 
1980 |9.31516e-06 
1981 |9.3352e-06 
1982 |9.35035e-06 
1983 |9.33661e-06 
1984 |9.33916e-06 
1985 |9.33815e-06 
1986 |9.35565e-06 
1987 |9.35009e-06 
1988 |9.30966e-06 
1989 |9.35203e-06 
1990 |9.37147e-06 
1991 |9.35833e-06 
1992 |9.36383e-06 
1993 |9.33004e-06 
1994 |8.14102e-06 
1995 |8.13103e-06 
1996 |8.07693e-06 
1997 |8.10978e-06 
1998 |8.11595e-06 
1999 |8.10201e-06 
2000 |8.08069e-06 
2001 |8.09899e-06 
2002 |8.13512e-06 
2003 |8.12185e-06 
2004 |8.12936e-06 
2005 |8.07599e-06 
2006 |8.09228e-06 
2007 |8.10757e-06 
2008 |8.14712e-06 
2009 |8.11012e-06 
2010 |8.08813e-06 
2011 |8.0827e-06 
2012 |8.17139e-06 
2013 |8.08223e-06 
2014 |8.10676e-06 
2015 |8.09584e-06 
2016 |8.05387e-06 
2017 |8.15376e-06 
2018 |2.11967e-05 
2019 |2.12312e-05 
2020 |2.12423e-05 
2021 |2.12077e-05 
2022 |2.12457e-05 
2023 |2.1219e-05 
2024 |2.11954e-05 
2025 |2.12088e-05 
2026 |2.12242e-05 
2027 |2.11993e-05 
2028 |2.1145e-05 
2029 |2.12197e-05 
2030 |2.11949e-05 
2031 |2.11483e-05 
2032 |2.11547e-05 
2033 |2.12502e-05 
2034 |2.12187e-05 
2035 |2.12049e-05 
2036 |2.11743e-05 
2037 |2.12301e-05 
2038 |2.11453e-05 
2039 |2.12254e-05 
2040 |2.12453e-05 
2041 |2.11541e-05 
2042 |2.39071e-05 
2043 |2.38952e-05 
2044 |2.38707e-05 
2045 |2.38467e-05 
2046 |2.39084e-05 
2047 |2.38496e-05 
2048 |2.38803e-05 
2049 |2.38913e-05 
2050 |2.39197e-05 
2051 |2.37747e-05 
2052 |2.38628e-05 
2053 |2.38032e-05 
2054 |2.39537e-05 
2055 |2.39023e-05 
2056 |2.39185e-05 
2057 |2.39285e-05 
2058 |2.39453e-05 
2059 |2.38624e-05 
2060 |2.38689e-05 
2061 |2.39296e-05 
2062 |2.38582e-05 
2063 |2.38357e-05 
2064 |2.38805e-05 
2065 |2.39071e-05 
2066 |2.23945e-05 
2067 |2.24251e-05 
2068 |2.24363e-05 
2069 |2.24397e-05 
2070 |2.24309e-05 
2071 |2.24842e-05 
2072 |2.23519e-05 
2073 |2.24178e-05 
2074 |2.24274e-05 
2075 |2.24594e-05 
2076 |2.25313e-05 
2077 |2.24152e-05 
2078 |2.24022e-05 
2079 |2.24327e-05 
2080 |2.24755e-05 
2081 |2.24387e-05 
2082 |2.24944e-05 
2083 |2.24436e-05 
2084 |2.25032e-05 
2085 |2.24549e-05 
2086 |2.24948e-05 
2087 |2.24452e-05 
2088 |2.23727e-05 
2089 |2.25098e-05 
2090 |2.07378e-05 
2091 |2.07837e-05 
2092 |2.08152e-05 
2093 |2.08418e-05 
2094 |2.07633e-05 
2095 |2.06877e-05 
2096 |2.07341e-05 
2097 |2.07671e-05 
2098 |2.07739e-05 
2099 |2.07398e-05 
2100 |2.07402e-05 
2101 |2.07937e-05 
2102 |2.07491e-05 
2103 |2.07181e-05 
2104 |2.07839e-05 
2105 |2.0732e-05 
2106 |2.08274e-05 
2107 |2.07655e-05 
2108 |2.07915e-05 
2109 |2.0753e-05 
2110 |2.0751e-05 
2111 |2.0762e-05 
2112 |2.0729e-05 
2113 |2.0735e-05 
2114 |1.43049e-05 
2115 |1.43669e-05 
2116 |1.4283e-05 
2117 |1.43415e-05 
2118 |1.43019e-05 
2119 |1.43513e-05 
2120 |1.43738e-05 
2121 |1.42945e-05 
2122 |1.42679e-05 
2123 |1.43277e-05 
2124 |1.42866e-05 
2125 |1.43897e-05 
2126 |1.4329e-05 
2127 |1.43072e-05 
2128 |1.43085e-05 
2129 |1.4371e-05 
2130 |1.43792e-05 
2131 |1.43276e-05 
2132 |1.43332e-05 
2133 |1.43414e-05 
2134 |1.43604e-05 
2135 |1.43281e-05 
2136 |1.43821e-05 
2137 |1.43224e-05 
2138 |8.4585e-06 
2139 |8.50127e-06 
2140 |8.51662e-06 
2141 |8.50181e-06 
2142 |8.51213e-06 
2143 |8.48022e-06 
2144 |8.50563e-06 
2145 |8.47251e-06 
2146 |8.41339e-06 
2147 |8.46863e-06 
2148 |8.49323e-06 
2149 |8.51683e-06 
2150 |8.52004e-06 
2151 |8.4819e-06 
2152 |8.47573e-06 
2153 |8.46722e-06 
2154 |8.44288e-06 
2155 |8.50684e-06 
2156 |8.4821e-06 
2157 |8.46474e-06 
2158 |8.4949e-06 
2159 |8.45341e-06 
2160 |8.48458e-06 
2161 |8.48498e-06 
2162 |7.22966e-06 
2163 |7.19655e-06 
2164 |7.18582e-06 
2165 |7.21344e-06 
2166 |7.15974e-06 
2167 |7.2495e-06 
2168 |7.2186e-06 
2169 |7.21364e-06 
2170 |7.17188e-06 
2171 |7.21947e-06 
2172 |7.24361e-06 
2173 |7.23301e-06 
2174 |7.18696e-06 
2175 |7.18193e-06 
2176 |7.19728e-06 
2177 |7.19018e-06 
2178 |7.24066e-06 
2179 |7.20727e-06 
2180 |7.24468e-06 
2181 |7.19252e-06 
2182 |7.19085e-06 
2183 |7.21505e-06 
2184 |7.25353e-06 
2185 |7.25373e-06 
2186 |6.31442e-06 
2187 |6.29859e-06 
2188 |6.32849e-06 
2189 |6.28204e-06 
2190 |6.28512e-06 
2191 |6.24979e-06 
2192 |6.2762e-06 
2193 |6.29799e-06 
2194 |6.30704e-06 
2195 |6.31462e-06 
2196 |6.31837e-06 
2197 |6.2815e-06 
2198 |6.27674e-06 
2199 |6.3049e-06 
2200 |6.33158e-06 
2201 |6.29249e-06 
2202 |6.29122e-06 
2203 |6.33533e-06 
2204 |6.31194e-06 
2205 |6.29437e-06 
2206 |6.31897e-06 
2207 |6.3171e-06 
2208 |6.29571e-06 
2209 |6.27513e-06 
2210 |4.39175e-06 
2211 |4.40536e-06 
2212 |4.40643e-06 
2213 |4.39396e-06 
2214 |4.39785e-06 
2215 |4.40395e-06 
2216 |4.44095e-06 
2217 |4.41736e-06 
2218 |4.3957e-06 
2219 |4.40663e-06 
2220 |4.41669e-06 
2221 |4.39443e-06 
2222 |4.40522e-06 
2223 |4.44605e-06 
2224 |4.41038e-06 
2225 |4.38732e-06 
2226 |4.3955e-06 
2227 |4.43961e-06 
2228 |4.39007e-06 
2229 |4.39356e-06 
2230 |4.40227e-06 
2231 |4.41823e-06 
2232 |4.39745e-06 
2233 |4.40442e-06 
2234 |1.40686e-05 
2235 |1.40825e-05 
2236 |1.40143e-05 
2237 |1.40434e-05 
2238 |1.4063e-05 
2239 |1.40317e-05 
2240 |1.40617e-05 
2241 |1.40818e-05 
2242 |1.40594e-05 
2243 |1.40836e-05 
2244 |1.40542e-05 
2245 |1.40829e-05 
2246 |1.4046e-05 
2247 |1.39889e-05 
2248 |1.406e-05 
2249 |1.40232e-05 
2250 |1.39337e-05 
2251 |1.40407e-05 
2252 |1.40509e-05 
2253 |1.40635e-05 
2254 |1.40943e-05 
2255 |1.40649e-05 
2256 |1.41091e-05 
2257 |1.40893e-05 
2258 |1.33467e-05 
2259 |1.32928e-05 
2260 |1.33938e-05 
2261 |1.33027e-05 
2262 |1.32878e-05 
2263 |1.33709e-05 
2264 |1.33583e-05 
2265 |1.33977e-05 
2266 |1.34042e-05 
2267 |1.33623e-05 
2268 |1.34091e-05 
2269 |1.33258e-05 
2270 |1.34155e-05 
2271 |1.34147e-05 
2272 |1.33616e-05 
2273 |1.33892e-05 
2274 |1.34077e-05 
2275 |1.33464e-05 
2276 |1.33565e-05 
2277 |1.33808e-05 
2278 |1.33441e-05 
2279 |1.3373e-05 
2280 |1.34014e-05 
2281 |1.33633e-05 
2282 |1.30376e-05 
2283 |1.30761e-05 
2284 |1.3075e-05 
2285 |1.30277e-05 
2286 |1.30654e-05 
2287 |1.30726e-05 
2288 |1.30386e-05 
2289 |1.30528e-05 
2290 |1.30538e-05 
2291 |1.30125e-05 
2292 |1.3009e-05 
2293 |1.30439e-05 
2294 |1.30703e-05 
2295 |1.30833e-05 
2296 |1.30488e-05 
2297 |1.30805e-05 
2298 |1.29967e-05 
2299 |1.30029e-05 
2300 |1.2984e-05 
2301 |1.3018e-05 
2302 |1.3088e-05 
2303 |1.30357e-05 
2304 |1.30806e-05 
2305 |1.30283e-05 
2306 |1.06279e-05 
2307 |1.06222e-05 
2308 |1.05684e-05 
2309 |1.06292e-05 
2310 |1.06146e-05 
2311 |1.05697e-05 
2312 |1.0615e-05 
2313 |1.05846e-05 
2314 |1.05884e-05 
2315 |1.05826e-05 
2316 |1.06116e-05 
2317 |1.05898e-05 
2318 |1.06158e-05 
2319 |1.06068e-05 
2320 |1.06238e-05 
2321 |1.05629e-05 
2322 |1.06098e-05 
2323 |1.05468e-05 
2324 |1.06021e-05 
2325 |1.06204e-05 
2326 |1.05577e-05 
2327 |1.06501e-05 
2328 |1.05798e-05 
2329 |1.05868e-05 
2330 |6.44956e-06 
2331 |6.46176e-06 
2332 |6.47436e-06 
2333 |6.44245e-06 
2334 |6.49984e-06 
2335 |6.45211e-06 
2336 |6.43394e-06 
2337 |6.45754e-06 
2338 |6.47953e-06 
2339 |6.45372e-06 
2340 |6.46257e-06 
2341 |6.45197e-06 
2342 |6.4682e-06 
2343 |6.49441e-06 
2344 |6.42509e-06 
2345 |6.47168e-06 
2346 |6.4696e-06 
2347 |6.46076e-06 
2348 |6.42221e-06 
2349 |6.49515e-06 
2350 |6.50178e-06 
2351 |6.46712e-06 
2352 |6.47074e-06 
2353 |6.44782e-06 
2354 |1.27034e-05 
2355 |1.26731e-05 
2356 |1.2635e-05 
2357 |1.26063e-05 
2358 |1.26399e-05 
2359 |1.26643e-05 
2360 |1.26656e-05 
2361 |1.26568e-05 
2362 |1.26609e-05 
2363 |1.26422e-05 
2364 |1.26723e-05 
2365 |1.26491e-05 
2366 |1.26563e-05 
2367 |1.26129e-05 
2368 |1.26347e-05 
2369 |1.2656e-05 
2370 |1.25716e-05 
2371 |1.27086e-05 
2372 |1.26725e-05 
2373 |1.26534e-05 
2374 |1.26778e-05 
2375 |1.2603e-05 
2376 |1.26765e-05 
2377 |1.26167e-05 
2378 |1.25447e-05 
2379 |1.24986e-05 
2380 |1.25422e-05 
2381 |1.25375e-05 
2382 |1.25312e-05 
2383 |1.25269e-05 
2384 |1.24894e-05 
2385 |1.25158e-05 
2386 |1.24915e-05 
2387 |1.25985e-05 
2388 |1.25439e-05 
2389 |1.25335e-05 
2390 |1.25487e-05 
2391 |1.25218e-05 
2392 |1.25635e-05 
2393 |1.25348e-05 
2394 |1.25647e-05 
2395 |1.25622e-05 
2396 |1.25075e-05 
2397 |1.25182e-05 
2398 |1.2521e-05 
2399 |1.25508e-05 
2400 |1.25255e-05 
2401 |1.24985e-05 
2402 |1.34055e-05 
2403 |1.33849e-05 
2404 |1.34308e-05 
2405 |1.3364e-05 
2406 |1.33286e-05 
2407 |1.33566e-05 
2408 |1.34089e-05 
2409 |1.33985e-05 
2410 |1.34439e-05 
2411 |1.33635e-05 
2412 |1.34099e-05 
2413 |1.33641e-05 
2414 |1.33827e-05 
2415 |1.33593e-05 
2416 |1.33581e-05 
2417 |1.33825e-05 
2418 |1.33729e-05 
2419 |1.33869e-05 
2420 |1.33212e-05 
2421 |1.33682e-05 
2422 |1.336e-05 
2423 |1.33698e-05 
2424 |1.34095e-05 
2425 |1.33807e-05 
2426 |1.20722e-05 
2427 |1.2046e-05 
2428 |1.20832e-05 
2429 |1.20552e-05 
2430 |1.20856e-05 
2431 |1.20489e-05 
2432 |1.20512e-05 
2433 |1.20441e-05 
2434 |1.20609e-05 
2435 |1.21116e-05 
2436 |1.20404e-05 
2437 |1.2035e-05 
2438 |1.20964e-05 
2439 |1.20697e-05 
2440 |1.20878e-05 
2441 |1.20574e-05 
2442 |1.20596e-05 
2443 |1.20796e-05 
2444 |1.2058e-05 
2445 |1.20817e-05 
2446 |1.21009e-05 
2447 |1.20438e-05 
2448 |1.2068e-05 
2449 |1.20259e-05 
2450 |7.81723e-06 
2451 |7.78673e-06 
2452 |7.847e-06 
2453 |7.80403e-06 
2454 |7.79116e-06 
2455 |7.82153e-06 
2456 |7.81703e-06 
2457 |7.80269e-06 
2458 |7.80852e-06 
2459 |7.82769e-06 
2460 |7.88025e-06 
2461 |7.79511e-06 
2462 |7.83058e-06 
2463 |7.83393e-06 
2464 |7.83647e-06 
2465 |7.8299e-06 
2466 |7.79659e-06 
2467 |7.80524e-06 
2468 |7.8476e-06 
2469 |7.83842e-06 
2470 |7.85813e-06 
2471 |7.81355e-06 
2472 |7.81757e-06 
2473 |7.86088e-06 
2474 |1.68355e-06 
2475 |1.67336e-06 
2476 |1.68301e-06 
2477 |1.68817e-06 
2478 |1.71767e-06 
2479 |1.69709e-06 
2480 |1.69434e-06 
2481 |1.68315e-06 
2482 |1.66485e-06 
2483 |1.68764e-06 
2484 |1.69676e-06 
2485 |1.68362e-06 
2486 |1.68127e-06 
2487 |1.69964e-06 
2488 |1.68931e-06 
2489 |1.68549e-06 
2490 |1.68784e-06 
2491 |1.70554e-06 
2492 |1.67309e-06 
2493 |1.69743e-06 
2494 |1.70185e-06 
2495 |1.69213e-06 
2496 |1.67302e-06 
2497 |1.69206e-06 
2498 |1.49982e-05 
2499 |1.49431e-05 
2500 |1.49842e-05 
2501 |1.49993e-05 
2502 |1.49815e-05 
2503 |1.4952e-05 
2504 |1.49697e-05 
2505 |1.49778e-05 
2506 |1.49751e-05 
2507 |1.50134e-05 
2508 |1.49268e-05 
2509 |1.50176e-05 
2510 |1.497e-05 
2511 |1.50333e-05 
2512 |1.49926e-05 
2513 |1.49326e-05 
2514 |1.49467e-05 
2515 |1.49966e-05 
2516 |1.49349e-05 
2517 |1.49927e-05 
2518 |1.49787e-05 
2519 |1.50267e-05 
2520 |1.50034e-05 
2521 |1.49665e-05 
2522 |1.48338e-05 
2523 |1.4842e-05 
2524 |1.48423e-05 
2525 |1.48097e-05 
2526 |1.48778e-05 
2527 |1.48337e-05 
2528 |1.487e-05 
2529 |1.48439e-05 
2530 |1.48731e-05 
2531 |1.48674e-05 
2532 |1.48757e-05 
2533 |1.48479e-05 
2534 |1.48719e-05 
2535 |1.48352e-05 
2536 |1.49321e-05 
2537 |1.48668e-05 
2538 |1.48082e-05 
2539 |1.48027e-05 
2540 |1.48359e-05 
2541 |1.48276e-05 
2542 |1.49046e-05 
2543 |1.48207e-05 
2544 |1.4816e-05 
2545 |1.48801e-05 
2546 |1.58942e-05 
2547 |1.59389e-05 
2548 |1.58686e-05 
2549 |1.5885e-05 
2550 |1.58929e-05 
2551 |1.58622e-05 
2552 |1.58973e-05 
2553 |1.58609e-05 
2554 |1.59003e-05 
2555 |1.59269e-05 
2556 |1.58797e-05 
2557 |1.58867e-05 
2558 |1.59423e-05 
2559 |1.59437e-05 
2560 |1.58507e-05 
2561 |1.59393e-05 
2562 |1.59536e-05 
2563 |1.59058e-05 
2564 |1.58698e-05 
2565 |1.58966e-05 
2566 |1.59591e-05 
2567 |1.59217e-05 
2568 |1.58932e-05 
2569 |1.5972e-05 
2570 |1.52064e-05 
2571 |1.5249e-05 
2572 |1.5171e-05 
2573 |1.52295e-05 
2574 |1.52258e-05 
2575 |1.51731e-05 
2576 |1.52489e-05 
2577 |1.51965e-05 
2578 |1.51978e-05 
2579 |1.51871e-05 
2580 |1.52505e-05 
2581 |1.51373e-05 
2582 |1.52224e-05 
2583 |1.52493e-05 
2584 |1.51554e-05 
2585 |1.51806e-05 
2586 |1.52139e-05 
2587 |1.52131e-05 
2588 |1.51906e-05 
2589 |1.51849e-05 
2590 |1.51744e-05 
2591 |1.51723e-05 
2592 |1.52166e-05 
2593 |1.518e-05 
2594 |1.04533e-05 
2595 |1.0425e-05 
2596 |1.03942e-05 
2597 |1.04898e-05 
2598 |1.04107e-05 
2599 |1.03972e-05 
2600 |1.037e-05 
2601 |1.03907e-05 
2602 |1.04166e-05 
2603 |1.03909e-05 
2604 |1.03641e-05 
2605 |1.03985e-05 
2606 |1.03637e-05 
2607 |1.0425e-05 
2608 |1.03527e-05 
2609 |1.03948e-05 
2610 |1.03355e-05 
2611 |1.04116e-05 
2612 |1.04312e-05 
2613 |1.0394e-05 
2614 |1.04078e-05 
2615 |1.039e-05 
2616 |1.03805e-05 
2617 |1.03728e-05 
2618 |2.30591e-06 
2619 |2.31369e-06 
2620 |2.31966e-06 
2621 |2.31825e-06 
2622 |2.32039e-06 
2623 |2.31329e-06 
2624 |2.29458e-06 
2625 |2.31885e-06 
2626 |2.33554e-06 
2627 |2.31771e-06 
2628 |2.28889e-06 
2629 |2.33742e-06 
2630 |2.31999e-06 
2631 |2.31108e-06 
2632 |2.29566e-06 
2633 |2.31852e-06 
2634 |2.32254e-06 
2635 |2.32837e-06 
2636 |2.30927e-06 
2637 |2.3216e-06 
2638 |2.31765e-06 
2639 |2.31309e-06 
2640 |2.32341e-06 
2641 |2.32013e-06 
2642 |2.68958e-05 
2643 |2.68691e-05 
2644 |2.69442e-05 
2645 |2.69367e-05 
2646 |2.69249e-05 
2647 |2.69283e-05 
2648 |2.68988e-05 
2649 |2.68968e-05 
2650 |2.69597e-05 
2651 |2.68842e-05 
2652 |2.69316e-05 
2653 |2.69525e-05 
2654 |2.68966e-05 
2655 |2.69217e-05 
2656 |2.69265e-05 
2657 |2.68651e-05 
2658 |2.69482e-05 
2659 |2.69226e-05 
2660 |2.69637e-05 
2661 |2.68999e-05 
2662 |2.68889e-05 
2663 |2.6898e-05 
2664 |2.6953e-05 
2665 |2.68536e-05 
2666 |2.66456e-05 
2667 |2.66009e-05 
2668 |2.67022e-05 
2669 |2.66745e-05 
2670 |2.65678e-05 
2671 |2.66495e-05 
2672 |2.6517e-05 
2673 |2.66009e-05 
2674 |2.65767e-05 
2675 |2.66228e-05 
2676 |2.66314e-05 
2677 |2.66221e-05 
2678 |2.66225e-05 
2679 |2.66115e-05 
2680 |2.66512e-05 
2681 |2.65893e-05 
2682 |2.66304e-05 
2683 |2.65771e-05 
2684 |2.65698e-05 
2685 |2.66432e-05 
2686 |2.66343e-05 
2687 |2.66886e-05 
2688 |2.65747e-05 
2689 |2.6603e-05 
2690 |2.79579e-05 
2691 |2.79329e-05 
2692 |2.80008e-05 
2693 |2.80728e-05 
2694 |2.79658e-05 
2695 |2.80202e-05 
2696 |2.79908e-05 
2697 |2.79937e-05 
2698 |2.80731e-05 
2699 |2.80491e-05 
2700 |2.80708e-05 
2701 |2.80082e-05 
2702 |2.80423e-05 
2703 |2.79986e-05 
2704 |2.80019e-05 
2705 |2.79697e-05 
2706 |2.80118e-05 
2707 |2.80753e-05 
2708 |2.8047e-05 
2709 |2.80453e-05 
2710 |2.80337e-05 
2711 |2.8008e-05 
2712 |2.80494e-05 
2713 |2.79608e-05 
2714 |2.64195e-05 
2715 |2.63978e-05 
2716 |2.63717e-05 
2717 |2.63569e-05 
2718 |2.63942e-05 
2719 |2.64764e-05 
2720 |2.64197e-05 
2721 |2.63874e-05 
2722 |2.64851e-05 
2723 |2.64443e-05 
2724 |2.6476e-05 
2725 |2.63978e-05 
2726 |2.64397e-05 
2727 |2.63849e-05 
2728 |2.63894e-05 
2729 |2.63246e-05 
2730 |2.6435e-05 
2731 |2.64e-05 
2732 |2.64443e-05 
2733 |2.6429e-05 
2734 |2.63984e-05 
2735 |2.63886e-05 
2736 |2.63628e-05 
2737 |2.63414e-05 
2738 |6.71965e-06 
2739 |6.73453e-06 
2740 |6.70892e-06 
2741 |6.71006e-06 
2742 |6.80076e-06 
2743 |6.76282e-06 
2744 |6.75531e-06 
2745 |6.70953e-06 
2746 |6.71838e-06 
2747 |6.71596e-06 
2748 |6.73976e-06 
2749 |6.70021e-06 
2750 |6.74653e-06 
2751 |6.70282e-06 
2752 |6.73145e-06 
2753 |6.75404e-06 
2754 |6.72287e-06 
2755 |6.75189e-06 
2756 |6.71201e-06 
2757 |6.73989e-06 
2758 |6.7417e-06 
2759 |6.73701e-06 
2760 |6.75062e-06 
2761 |6.74894e-06 
2762 |6.5359e-06 
2763 |6.55709e-06 
2764 |6.54066e-06 
2765 |6.53202e-06 
2766 |6.56902e-06 
2767 |6.54636e-06 
2768 |6.60643e-06 
2769 |6.5774e-06 
2770 |6.58571e-06 
2771 |6.5475e-06 
2772 |6.57458e-06 
2773 |6.59597e-06 
2774 |6.54998e-06 
2775 |6.57411e-06 
2776 |6.49977e-06 
2777 |6.5961e-06 
2778 |6.57995e-06 
2779 |6.57606e-06 
2780 |6.56433e-06 
2781 |6.56312e-06 
2782 |6.57472e-06 
2783 |6.54985e-06 
2784 |6.56607e-06 
2785 |6.57753e-06 
2786 |6.32521e-06 
2787 |6.33426e-06 
2788 |6.36892e-06 
2789 |6.35122e-06 
2790 |6.3533e-06 
2791 |6.33989e-06 
2792 |6.36972e-06 
2793 |6.31817e-06 
2794 |6.38313e-06 
2795 |6.35444e-06 
2796 |6.36174e-06 
2797 |6.38212e-06 
2798 |6.38574e-06 
2799 |6.3482e-06 
2800 |6.37113e-06 
2801 |6.35182e-06 
2802 |6.34907e-06 
2803 |6.33111e-06 
2804 |6.37414e-06 
2805 |6.36215e-06 
2806 |6.36704e-06 
2807 |6.36644e-06 
2808 |6.35712e-06 
2809 |6.3669e-06 
2810 |6.55079e-06 
2811 |6.5888e-06 
2812 |6.54656e-06 
2813 |6.52873e-06 
2814 |6.5229e-06 
2815 |6.54629e-06 
2816 |6.54871e-06 
2817 |6.56272e-06 
2818 |6.53597e-06 
2819 |6.54308e-06 
2820 |6.57887e-06 
2821 |6.53476e-06 
2822 |6.56144e-06 
2823 |6.56118e-06 
2824 |6.56982e-06 
2825 |6.56909e-06 
2826 |6.50192e-06 
2827 |6.56748e-06 
2828 |6.56775e-06 
2829 |6.53999e-06 
2830 |6.56721e-06 
2831 |6.52504e-06 
2832 |6.52826e-06 
2833 |6.59838e-06 
2834 |7.00402e-06 
2835 |6.95454e-06 
2836 |6.99383e-06 
2837 |6.99832e-06 
2838 |7.04035e-06 
2839 |6.98136e-06 
2840 |7.02889e-06 
2841 |7.04618e-06 
2842 |7.00335e-06 
2843 |7.01267e-06 
2844 |7.02976e-06 
2845 |7e-06 
2846 |7.04156e-06 
2847 |7.01287e-06 
2848 |7.0319e-06 
2849 |7.01401e-06 
2850 |7.01233e-06 
2851 |7.00341e-06 
2852 |6.98893e-06 
2853 |6.99933e-06 
2854 |6.97888e-06 
2855 |7.00134e-06 
2856 |6.97613e-06 
2857 |6.99792e-06 
2858 |6.10131e-06 
2859 |6.10144e-06 
2860 |6.09541e-06 
2861 |6.09568e-06 
2862 |6.154e-06 
2863 |6.17243e-06 
2864 |6.16479e-06 
2865 |6.16171e-06 
2866 |6.16157e-06 
2867 |6.13288e-06 
2868 |6.18705e-06 
2869 |6.16962e-06 
2870 |6.142e-06 
2871 |6.15768e-06 
2872 |6.19891e-06 
2873 |6.15748e-06 
2874 |6.14354e-06 
2875 |6.16325e-06 
2876 |6.16077e-06 
2877 |6.13952e-06 
2878 |6.1304e-06 
2879 |6.13536e-06 
2880 |6.10969e-06 
2881 |6.12088e-06 
2882 |8.37089e-06 
2883 |8.33576e-06 
2884 |8.30466e-06 
2885 |8.33046e-06 
2886 |8.33596e-06 
2887 |8.3133e-06 
2888 |8.33006e-06 
2889 |8.35058e-06 
2890 |8.36157e-06 
2891 |8.35487e-06 
2892 |8.35138e-06 
2893 |8.30526e-06 
2894 |8.32383e-06 
2895 |8.30767e-06 
2896 |8.35185e-06 
2897 |8.33214e-06 
2898 |8.30667e-06 
2899 |8.30915e-06 
2900 |8.36975e-06 
2901 |8.38745e-06 
2902 |8.32021e-06 
2903 |8.30982e-06 
2904 |8.34675e-06 
2905 |8.31505e-06 
2906 |7.95895e-06 
2907 |7.98985e-06 
2908 |7.96492e-06 
2909 |7.96049e-06 
2910 |7.93616e-06 
2911 |7.9255e-06 
2912 |7.99032e-06 
2913 |7.96331e-06 
2914 |7.9922e-06 
2915 |7.98e-06 
2916 |7.97564e-06 
2917 |8.01848e-06 
2918 |7.98248e-06 
2919 |7.93696e-06 
2920 |8.00976e-06 
2921 |8.00447e-06 
2922 |7.96746e-06 
2923 |7.96391e-06 
2924 |7.9434e-06 
2925 |7.95794e-06 
2926 |7.95305e-06 
2927 |7.96371e-06 
2928 |7.9373e-06 
2929 |7.94393e-06 
2930 |7.48085e-06 
2931 |7.44498e-06 
2932 |7.48333e-06 
2933 |7.49774e-06 
2934 |7.44967e-06 
2935 |7.43265e-06 
2936 |7.45819e-06 
2937 |7.49244e-06 
2938 |7.52502e-06 
2939 |7.4789e-06 
2940 |7.43587e-06 
2941 |7.48413e-06 
2942 |7.46972e-06 
2943 |7.49124e-06 
2944 |7.50176e-06 
2945 |7.48722e-06 
2946 |7.44445e-06 
2947 |7.49104e-06 
2948 |7.44538e-06 
2949 |7.46891e-06 
2950 |7.49948e-06 
2951 |7.46476e-06 
2952 |7.44793e-06 
2953 |7.48427e-06 
2954 |7.3036e-06 
2955 |7.34758e-06 
2956 |7.32981e-06 
2957 |7.3221e-06 
2958 |7.36092e-06 
2959 |7.33933e-06 
2960 |7.37091e-06 
2961 |7.34825e-06 
2962 |7.33263e-06 
2963 |7.36467e-06 
2964 |7.34081e-06 
2965 |7.31735e-06 
2966 |7.30025e-06 
2967 |7.33229e-06 
2968 |7.37694e-06 
2969 |7.35656e-06 
2970 |7.35214e-06 
2971 |7.3567e-06 
2972 |7.31721e-06 
2973 |7.3445e-06 
2974 |7.32821e-06 
2975 |7.37366e-06 
2976 |7.32733e-06 
2977 |7.33752e-06 
2978 |7.19018e-06 
2979 |7.21652e-06 
2980 |7.19728e-06 
2981 |7.21532e-06 
2982 |7.23181e-06 
2983 |7.19735e-06 
2984 |7.2306e-06 
2985 |7.22725e-06 
2986 |7.21062e-06 
2987 |7.25775e-06 
2988 |7.23228e-06 
2989 |7.21143e-06 
2990 |7.24743e-06 
2991 |7.22202e-06 
2992 |7.2361e-06 
2993 |7.23228e-06 
2994 |7.23878e-06 
2995 |7.22282e-06 
2996 |7.23161e-06 
2997 |7.20258e-06 
2998 |7.18662e-06 
2999 |7.20432e-06 
3000 |7.1881e-06 
3001 |7.219e-06 
3002 |5.61851e-06 
3003 |5.61154e-06 
3004 |5.60289e-06 
3005 |5.63996e-06 
3006 |5.62756e-06 
3007 |5.61744e-06 
3008 |5.62669e-06 
3009 |5.62743e-06 
3010 |5.61804e-06 
3011 |5.66416e-06 
3012 |5.63111e-06 
3013 |5.64546e-06 
3014 |5.62119e-06 
3015 |5.67047e-06 
3016 |5.623e-06 
3017 |5.62421e-06 
3018 |5.60376e-06 
3019 |5.65679e-06 
3020 |5.64137e-06 
3021 |5.64258e-06 
3022 |5.61114e-06 
3023 |5.62133e-06 
3024 |5.63339e-06 
3025 |5.56864e-06 
3026 |1.04462e-05 
3027 |1.04257e-05 
3028 |1.04293e-05 
3029 |1.04013e-05 
3030 |1.0394e-05 
3031 |1.04439e-05 
3032 |1.03955e-05 
3033 |1.04501e-05 
3034 |1.04607e-05 
3035 |1.04839e-05 
3036 |1.04097e-05 
3037 |1.04693e-05 
3038 |1.0434e-05 
3039 |1.04211e-05 
3040 |1.04131e-05 
3041 |1.0417e-05 
3042 |1.04413e-05 
3043 |1.04212e-05 
3044 |1.0386e-05 
3045 |1.0397e-05 
3046 |1.03975e-05 
3047 |1.04622e-05 
3048 |1.04264e-05 
3049 |1.04003e-05 
3050 |9.91232e-06 
3051 |9.92532e-06 
3052 |9.86714e-06 
3053 |9.9323e-06 
3054 |9.94436e-06 
3055 |9.93572e-06 
3056 |9.90709e-06 
3057 |9.99203e-06 
3058 |9.91976e-06 
3059 |9.91788e-06 
3060 |9.90629e-06 
3061 |9.95609e-06 
3062 |9.91668e-06 
3063 |9.94275e-06 
3064 |9.93585e-06 
3065 |9.88088e-06 
3066 |9.88866e-06 
3067 |9.96072e-06 
3068 |9.95428e-06 
3069 |9.94108e-06 
3070 |9.89663e-06 
3071 |9.90206e-06 
3072 |9.92801e-06 
3073 |9.9323e-06 
3074 |9.1219e-06 
3075 |9.08978e-06 
3076 |9.09307e-06 
3077 |9.12357e-06 
3078 |9.1351e-06 
3079 |9.10252e-06 
3080 |9.1115e-06 
3081 |9.12538e-06 
3082 |9.15568e-06 
3083 |9.14489e-06 
3084 |9.14677e-06 
3085 |9.16567e-06 
3086 |9.15273e-06 
3087 |9.1412e-06 
3088 |9.11553e-06 
3089 |9.09032e-06 
3090 |9.07048e-06 
3091 |9.12277e-06 
3092 |9.10212e-06 
3093 |9.10158e-06 
3094 |9.15977e-06 
3095 |9.1223e-06 
3096 |9.12659e-06 
3097 |9.11995e-06 
3098 |8.61215e-06 
3099 |8.63434e-06 
3100 |8.63146e-06 
3101 |8.63776e-06 
3102 |8.61403e-06 
3103 |8.64788e-06 
3104 |8.65184e-06 
3105 |8.64983e-06 
3106 |8.59834e-06 
3107 |8.64634e-06 
3108 |8.60163e-06 
3109 |8.65076e-06 
3110 |8.6507e-06 
3111 |8.68073e-06 
3112 |8.65532e-06 
3113 |8.58916e-06 
3114 |8.64399e-06 
3115 |8.67047e-06 
3116 |8.62382e-06 
3117 |8.67503e-06 
3118 |8.65834e-06 
3119 |8.62549e-06 
3120 |8.69756e-06 
3121 |8.64037e-06 
3122 |7.99012e-06 
3123 |7.88849e-06 
3124 |7.98597e-06 
3125 |7.98261e-06 
3126 |7.94139e-06 
3127 |7.99843e-06 
3128 |7.9259e-06 
3129 |8.02404e-06 
3130 |7.96478e-06 
3131 |8.00427e-06 
3132 |7.97718e-06 
3133 |7.96485e-06 
3134 |7.99186e-06 
3135 |7.98288e-06 
3136 |7.99575e-06 
3137 |7.97611e-06 
3138 |7.99113e-06 
3139 |7.92154e-06 
3140 |7.98141e-06 
3141 |7.99998e-06 
3142 |7.9501e-06 
3143 |8.01466e-06 
3144 |7.95801e-06 
3145 |7.97397e-06 
3146 |5.68065e-06 
3147 |5.72235e-06 
3148 |5.69527e-06 
3149 |5.67596e-06 
3150 |5.71571e-06 
3151 |5.68615e-06 
3152 |5.70298e-06 
3153 |5.68327e-06 
3154 |5.72235e-06 
3155 |5.72041e-06 
3156 |5.73247e-06 
3157 |5.7194e-06 
3158 |5.72061e-06 
3159 |5.70995e-06 
3160 |5.70894e-06 
3161 |5.69788e-06 
3162 |5.67522e-06 
3163 |5.73288e-06 
3164 |5.73998e-06 
3165 |5.69265e-06 
3166 |5.66664e-06 
3167 |5.68106e-06 
3168 |5.68039e-06 
3169 |5.68327e-06 
3170 |1.19678e-05 
3171 |1.19414e-05 
3172 |1.19428e-05 
3173 |1.2005e-05 
3174 |1.19934e-05 
3175 |1.19576e-05 
3176 |1.19748e-05 
3177 |1.20317e-05 
3178 |1.19315e-05 
3179 |1.20252e-05 
3180 |1.19727e-05 
3181 |1.19474e-05 
3182 |1.19414e-05 
3183 |1.19726e-05 
3184 |1.19828e-05 
3185 |1.19804e-05 
3186 |1.19766e-05 
3187 |1.19925e-05 
3188 |1.19482e-05 
3189 |1.19748e-05 
3190 |1.19764e-05 
3191 |1.19871e-05 
3192 |1.19831e-05 
3193 |1.19339e-05 
3194 |1.13959e-05 
3195 |1.13903e-05 
3196 |1.14291e-05 
3197 |1.13987e-05 
3198 |1.14439e-05 
3199 |1.14645e-05 
3200 |1.14561e-05 
3201 |1.14273e-05 
3202 |1.13933e-05 
3203 |1.14531e-05 
3204 |1.14686e-05 
3205 |1.13929e-05 
3206 |1.14412e-05 
3207 |1.14942e-05 
3208 |1.14205e-05 
3209 |1.148e-05 
3210 |1.14506e-05 
3211 |1.13623e-05 
3212 |1.14345e-05 
3213 |1.14416e-05 
3214 |1.14145e-05 
3215 |1.14578e-05 
3216 |1.14056e-05 
3217 |1.14359e-05 
3218 |1.04018e-05 
3219 |1.03576e-05 
3220 |1.04049e-05 
3221 |1.03775e-05 
3222 |1.03672e-05 
3223 |1.03609e-05 
3224 |1.03569e-05 
3225 |1.03695e-05 
3226 |1.03865e-05 
3227 |1.0403e-05 
3228 |1.03743e-05 
3229 |1.03175e-05 
3230 |1.0358e-05 
3231 |1.03397e-05 
3232 |1.03601e-05 
3233 |1.04086e-05 
3234 |1.03295e-05 
3235 |1.03329e-05 
3236 |1.03375e-05 
3237 |1.03477e-05 
3238 |1.03405e-05 
3239 |1.03704e-05 
3240 |1.03654e-05 
3241 |1.03906e-05 
3242 |9.44521e-06 
3243 |9.43147e-06 
3244 |9.39862e-06 
3245 |9.41987e-06 
3246 |9.4013e-06 
3247 |9.47611e-06 
3248 |9.44803e-06 
3249 |9.45319e-06 
3250 |9.46231e-06 
3251 |9.431e-06 
3252 |9.38568e-06 
3253 |9.45801e-06 
3254 |9.45815e-06 
3255 |9.42148e-06 
3256 |9.43697e-06 
3257 |9.47591e-06 
3258 |9.41531e-06 
3259 |9.44608e-06 
3260 |9.43965e-06 
3261 |9.4562e-06 
3262 |9.48892e-06 
3263 |9.44354e-06 
3264 |9.47129e-06 
3265 |9.47893e-06 
3266 |8.3188e-06 
3267 |8.34052e-06 
3268 |8.33013e-06 
3269 |8.34139e-06 
3270 |8.35916e-06 
3271 |8.34112e-06 
3272 |8.33663e-06 
3273 |8.33931e-06 
3274 |8.35554e-06 
3275 |8.34126e-06 
3276 |8.33201e-06 
3277 |8.36573e-06 
3278 |8.34655e-06 
3279 |8.38872e-06 
3280 |8.36331e-06 
3281 |8.32235e-06 
3282 |8.3617e-06 
3283 |8.29882e-06 
3284 |8.37276e-06 
3285 |8.32121e-06 
3286 |8.33589e-06 
3287 |8.35379e-06 
3288 |8.35051e-06 
3289 |8.23936e-06 
3290 |1.14025e-05 
3291 |1.13828e-05 
3292 |1.13428e-05 
3293 |1.13572e-05 
3294 |1.13503e-05 
3295 |1.14041e-05 
3296 |1.13739e-05 
3297 |1.13918e-05 
3298 |1.14189e-05 
3299 |1.14167e-05 
3300 |1.14071e-05 
3301 |1.13845e-05 
3302 |1.14072e-05 
3303 |1.1364e-05 
3304 |1.13624e-05 
3305 |1.14027e-05 
3306 |1.13866e-05 
3307 |1.13092e-05 
3308 |1.13723e-05 
3309 |1.1334e-05 
3310 |1.13836e-05 
3311 |1.13489e-05 
3312 |1.13834e-05 
3313 |1.13643e-05 
3314 |1.09275e-05 
3315 |1.09331e-05 
3316 |1.08942e-05 
3317 |1.09273e-05 
3318 |1.08849e-05 
3319 |1.09283e-05 
3320 |1.09303e-05 
3321 |1.0877e-05 
3322 |1.09499e-05 
3323 |1.09281e-05 
3324 |1.09163e-05 
3325 |1.08793e-05 
3326 |1.08964e-05 
3327 |1.08926e-05 
3328 |1.09229e-05 
3329 |1.09289e-05 
3330 |1.08668e-05 
3331 |1.08987e-05 
3332 |1.09329e-05 
3333 |1.09453e-05 
3334 |1.0911e-05 
3335 |1.08968e-05 
3336 |1.09013e-05 
3337 |1.08569e-05 
3338 |9.62353e-06 
3339 |9.63419e-06 
3340 |9.64009e-06 
3341 |9.64746e-06 
3342 |9.63197e-06 
3343 |9.69311e-06 
3344 |9.64263e-06 
3345 |9.65778e-06 
3346 |9.6553e-06 
3347 |9.68775e-06 
3348 |9.65604e-06 
3349 |9.66073e-06 
3350 |9.68326e-06 
3351 |9.71979e-06 
3352 |9.64069e-06 
3353 |9.64438e-06 
3354 |9.64806e-06 
3355 |9.67749e-06 
3356 |9.69787e-06 
3357 |9.67461e-06 
3358 |9.64914e-06 
3359 |9.6917e-06 
3360 |9.648e-06 
3361 |9.63841e-06 
3362 |8.50757e-06 
3363 |8.48941e-06 
3364 |8.51971e-06 
3365 |8.48257e-06 
3366 |8.52112e-06 
3367 |8.5976e-06 
3368 |8.58648e-06 
3369 |8.50235e-06 
3370 |8.49343e-06 
3371 |8.57106e-06 
3372 |8.56549e-06 
3373 |8.50469e-06 
3374 |8.51555e-06 
3375 |8.56254e-06 
3376 |8.55034e-06 
3377 |8.52916e-06 
3378 |8.4935e-06 
3379 |8.52976e-06 
3380 |8.54491e-06 
3381 |8.5427e-06 
3382 |8.52567e-06 
3383 |8.56757e-06 
3384 |8.52561e-06 
3385 |8.49846e-06 
3386 |7.34248e-06 
3387 |7.2918e-06 
3388 |7.33223e-06 
3389 |7.30937e-06 
3390 |7.27732e-06 
3391 |7.2784e-06 
3392 |7.3337e-06 
3393 |7.29884e-06 
3394 |7.30199e-06 
3395 |7.34892e-06 
3396 |7.33813e-06 
3397 |7.29194e-06 
3398 |7.33337e-06 
3399 |7.34798e-06 
3400 |7.31279e-06 
3401 |7.31855e-06 
3402 |7.30447e-06 
3403 |7.30501e-06 
3404 |7.29442e-06 
3405 |7.33115e-06 
3406 |7.30146e-06 
3407 |7.29871e-06 
3408 |7.30575e-06 
3409 |7.3032e-06 
3410 |1.61118e-05 
3411 |1.6121e-05 
3412 |1.61278e-05 
3413 |1.61902e-05 
3414 |1.60884e-05 
3415 |1.61357e-05 
3416 |1.61504e-05 
3417 |1.61039e-05 
3418 |1.60891e-05 
3419 |1.60536e-05 
3420 |1.61061e-05 
3421 |1.6087e-05 
3422 |1.6062e-05 
3423 |1.61239e-05 
3424 |1.60697e-05 
3425 |1.60942e-05 
3426 |1.61025e-05 
3427 |1.61313e-05 
3428 |1.60663e-05 
3429 |1.60782e-05 
3430 |1.61185e-05 
3431 |1.60862e-05 
3432 |1.61002e-05 
3433 |1.60559e-05 
3434 |1.55225e-05 
3435 |1.54077e-05 
3436 |1.54497e-05 
3437 |1.5437e-05 
3438 |1.54877e-05 
3439 |1.54683e-05 
3440 |1.53935e-05 
3441 |1.53882e-05 
3442 |1.53815e-05 
3443 |1.54555e-05 
3444 |1.54523e-05 
3445 |1.54565e-05 
3446 |1.54287e-05 
3447 |1.54756e-05 
3448 |1.54253e-05 
3449 |1.54698e-05 
3450 |1.5409e-05 
3451 |1.53955e-05 
3452 |1.5423e-05 
3453 |1.54385e-05 
3454 |1.54208e-05 
3455 |1.54429e-05 
3456 |1.54637e-05 
3457 |1.54222e-05 
3458 |1.31888e-05 
3459 |1.32287e-05 
3460 |1.32375e-05 
3461 |1.32094e-05 
3462 |1.32126e-05 
3463 |1.32022e-05 
3464 |1.32303e-05 
3465 |1.3199e-05 
3466 |1.32463e-05 
3467 |1.32418e-05 
3468 |1.32596e-05 
3469 |1.31983e-05 
3470 |1.3193e-05 
3471 |1.32202e-05 
3472 |1.32077e-05 
3473 |1.32011e-05 
3474 |1.32208e-05 
3475 |1.32334e-05 
3476 |1.32543e-05 
3477 |1.31781e-05 
3478 |1.32112e-05 
3479 |1.32288e-05 
3480 |1.32143e-05 
3481 |1.32087e-05 
3482 |1.12647e-05 
3483 |1.12659e-05 
3484 |1.13225e-05 
3485 |1.12848e-05 
3486 |1.12708e-05 
3487 |1.12089e-05 
3488 |1.12335e-05 
3489 |1.12665e-05 
3490 |1.13129e-05 
3491 |1.12669e-05 
3492 |1.1273e-05 
3493 |1.12457e-05 
3494 |1.12429e-05 
3495 |1.12959e-05 
3496 |1.12717e-05 
3497 |1.13495e-05 
3498 |1.12833e-05 
3499 |1.13087e-05 
3500 |1.12684e-05 
3501 |1.1261e-05 
3502 |1.12695e-05 
3503 |1.13021e-05 
3504 |1.12984e-05 
3505 |1.12941e-05 
3506 |1.34069e-05 
3507 |1.34683e-05 
3508 |1.33874e-05 
3509 |1.34113e-05 
3510 |1.33877e-05 
3511 |1.34384e-05 
3512 |1.34353e-05 
3513 |1.34736e-05 
3514 |1.34469e-05 
3515 |1.34425e-05 
3516 |1.34536e-05 
3517 |1.34528e-05 
3518 |1.34319e-05 
3519 |1.34713e-05 
3520 |1.34298e-05 
3521 |1.34154e-05 
3522 |1.34341e-05 
3523 |1.33989e-05 
3524 |1.34259e-05 
3525 |1.34479e-05 
3526 |1.34044e-05 
3527 |1.3427e-05 
3528 |1.3508e-05 
3529 |1.3411e-05 
3530 |1.29595e-05 
3531 |1.29746e-05 
3532 |1.28993e-05 
3533 |1.29661e-05 
3534 |1.30303e-05 
3535 |1.29964e-05 
3536 |1.30355e-05 
3537 |1.29712e-05 
3538 |1.30255e-05 
3539 |1.29449e-05 
3540 |1.29391e-05 
3541 |1.29693e-05 
3542 |1.29784e-05 
3543 |1.29965e-05 
3544 |1.29866e-05 
3545 |1.2994e-05 
3546 |1.2994e-05 
3547 |1.29774e-05 
3548 |1.29537e-05 
3549 |1.30052e-05 
3550 |1.29694e-05 
3551 |1.29845e-05 
3552 |1.29794e-05 
3553 |1.29705e-05 
3554 |1.23333e-05 
3555 |1.24208e-05 
3556 |1.23456e-05 
3557 |1.23366e-05 
3558 |1.23352e-05 
3559 |1.24289e-05 
3560 |1.23672e-05 
3561 |1.23764e-05 
3562 |1.23486e-05 
3563 |1.23122e-05 
3564 |1.23594e-05 
3565 |1.23734e-05 
3566 |1.23162e-05 
3567 |1.239e-05 
3568 |1.24173e-05 
3569 |1.23638e-05 
3570 |1.23999e-05 
3571 |1.23221e-05 
3572 |1.23535e-05 
3573 |1.23811e-05 
3574 |1.23736e-05 
3575 |1.23066e-05 
3576 |1.22983e-05 
3577 |1.23065e-05 
3578 |1.22984e-05 
3579 |1.23497e-05 
3580 |1.24019e-05 
3581 |1.23285e-05 
3582 |1.23893e-05 
3583 |1.22979e-05 
3584 |1.23663e-05 
3585 |1.23862e-05 
3586 |1.23673e-05 
3587 |1.23656e-05 
3588 |1.23471e-05 
3589 |1.23872e-05 
3590 |1.23594e-05 
3591 |1.23929e-05 
3592 |1.23464e-05 
3593 |1.2364e-05 
3594 |1.23421e-05 
3595 |1.23199e-05 
3596 |1.23454e-05 
3597 |1.23536e-05 
3598 |1.23477e-05 
3599 |1.23565e-05 
3600 |1.23694e-05 
3601 |1.23455e-05 
3602 |1.22744e-05 
3603 |1.2265e-05 
3604 |1.22953e-05 
3605 |1.22943e-05 
3606 |1.23307e-05 
3607 |1.22663e-05 
3608 |1.22371e-05 
3609 |1.23002e-05 
3610 |1.23222e-05 
3611 |1.22943e-05 
3612 |1.22837e-05 
3613 |1.23083e-05 
3614 |1.23654e-05 
3615 |1.22835e-05 
3616 |1.2293e-05 
3617 |1.22914e-05 
3618 |1.22855e-05 
3619 |1.23489e-05 
3620 |1.234e-05 
3621 |1.23059e-05 
3622 |1.23573e-05 
3623 |1.23e-05 
3624 |1.23022e-05 
3625 |1.22963e-05 
3626 |8.60706e-06 
3627 |8.61188e-06 
3628 |8.62971e-06 
3629 |8.6383e-06 
3630 |8.66323e-06 
3631 |8.7005e-06 
3632 |8.66585e-06 
3633 |8.66746e-06 
3634 |8.72551e-06 
3635 |8.66196e-06 
3636 |8.68428e-06 
3637 |8.70359e-06 
3638 |8.70567e-06 
3639 |8.68924e-06 
3640 |8.63528e-06 
3641 |8.64828e-06 
3642 |8.62864e-06 
3643 |8.68643e-06 
3644 |8.63501e-06 
3645 |8.62985e-06 
3646 |8.70312e-06 
3647 |8.65579e-06 
3648 |8.66772e-06 
3649 |8.67624e-06 
3650 |1.18399e-05 
3651 |1.18131e-05 
3652 |1.18762e-05 
3653 |1.18417e-05 
3654 |1.18672e-05 
3655 |1.18477e-05 
3656 |1.18688e-05 
3657 |1.18286e-05 
3658 |1.18732e-05 
3659 |1.18009e-05 
3660 |1.18281e-05 
3661 |1.18473e-05 
3662 |1.18399e-05 
3663 |1.18623e-05 
3664 |1.18558e-05 
3665 |1.17903e-05 
3666 |1.18792e-05 
3667 |1.17981e-05 
3668 |1.18434e-05 
3669 |1.18379e-05 
3670 |1.18799e-05 
3671 |1.1876e-05 
3672 |1.18514e-05 
3673 |1.18515e-05 
3674 |1.13382e-05 
3675 |1.13581e-05 
3676 |1.1333e-05 
3677 |1.13645e-05 
3678 |1.13525e-05 
3679 |1.13201e-05 
3680 |1.13105e-05 
3681 |1.12909e-05 
3682 |1.14078e-05 
3683 |1.13139e-05 
3684 |1.13147e-05 
3685 |1.12844e-05 
3686 |1.12985e-05 
3687 |1.1312e-05 
3688 |1.13002e-05 
3689 |1.12586e-05 
3690 |1.12772e-05 
3691 |1.12961e-05 
3692 |1.1298e-05 
3693 |1.12882e-05 
3694 |1.1286e-05 
3695 |1.13165e-05 
3696 |1.13088e-05 
3697 |1.12978e-05 
3698 |1.05203e-05 
3699 |1.05897e-05 
3700 |1.04952e-05 
3701 |1.05414e-05 
3702 |1.05013e-05 
3703 |1.05495e-05 
3704 |1.0566e-05 
3705 |1.0537e-05 
3706 |1.05595e-05 
3707 |1.05012e-05 
3708 |1.05705e-05 
3709 |1.05429e-05 
3710 |1.05641e-05 
3711 |1.05453e-05 
3712 |1.05675e-05 
3713 |1.05141e-05 
3714 |1.05612e-05 
3715 |1.05237e-05 
3716 |1.052e-05 
3717 |1.05184e-05 
3718 |1.05395e-05 
3719 |1.05441e-05 
3720 |1.05729e-05 
3721 |1.05562e-05 
3722 |1.01991e-05 
3723 |1.0184e-05 
3724 |1.01817e-05 
3725 |1.02311e-05 
3726 |1.01932e-05 
3727 |1.02126e-05 
3728 |1.02102e-05 
3729 |1.02101e-05 
3730 |1.0172e-05 
3731 |1.01938e-05 
3732 |1.01999e-05 
3733 |1.02775e-05 
3734 |1.01925e-05 
3735 |1.01881e-05 
3736 |1.02015e-05 
3737 |1.02408e-05 
3738 |1.01711e-05 
3739 |1.02007e-05 
3740 |1.01965e-05 
3741 |1.01866e-05 
3742 |1.02193e-05 
3743 |1.02028e-05 
3744 |1.01857e-05 
3745 |1.01506e-05 
3746 |9.71564e-06 
3747 |9.71932e-06 
3748 |9.68969e-06 
3749 |9.68332e-06 
3750 |9.70732e-06 
3751 |9.70625e-06 
3752 |9.72308e-06 
3753 |9.71141e-06 
3754 |9.73749e-06 
3755 |9.75458e-06 
3756 |9.6844e-06 
3757 |9.72884e-06 
3758 |9.71557e-06 
3759 |9.68808e-06 
3760 |9.71275e-06 
3761 |9.70739e-06 
3762 |9.72542e-06 
3763 |9.73306e-06 
3764 |9.6848e-06 
3765 |9.68882e-06 
3766 |9.7161e-06 
3767 |9.70518e-06 
3768 |9.7389e-06 
3769 |9.73005e-06 
3770 |7.14962e-06 
3771 |7.16283e-06 
3772 |7.17268e-06 
3773 |7.1702e-06 
3774 |7.16336e-06 
3775 |7.21398e-06 
3776 |7.20962e-06 
3777 |7.25353e-06 
3778 |7.22886e-06 
3779 |7.1814e-06 
3780 |7.18119e-06 
3781 |7.21458e-06 
3782 |7.22363e-06 
3783 |7.16383e-06 
3784 |7.24146e-06 
3785 |7.22799e-06 
3786 |7.18756e-06 
3787 |7.20446e-06 
3788 |7.13903e-06 
3789 |7.15693e-06 
3790 |7.21377e-06 
3791 |7.16316e-06 
3792 |7.15009e-06 
3793 |7.16933e-06 
3794 |1.28263e-05 
3795 |1.28435e-05 
3796 |1.28961e-05 
3797 |1.28767e-05 
3798 |1.27801e-05 
3799 |1.27978e-05 
3800 |1.28653e-05 
3801 |1.27945e-05 
3802 |1.27872e-05 
3803 |1.27792e-05 
3804 |1.28147e-05 
3805 |1.28102e-05 
3806 |1.2829e-05 
3807 |1.27968e-05 
3808 |1.27927e-05 
3809 |1.28047e-05 
3810 |1.28343e-05 
3811 |1.28398e-05 
3812 |1.28365e-05 
3813 |1.28286e-05 
3814 |1.28108e-05 
3815 |1.2791e-05 
3816 |1.2835e-05 
3817 |1.28863e-05 
3818 |1.22026e-05 
3819 |1.22283e-05 
3820 |1.22448e-05 
3821 |1.22667e-05 
3822 |1.2224e-05 
3823 |1.22717e-05 
3824 |1.22569e-05 
3825 |1.2188e-05 
3826 |1.22299e-05 
3827 |1.22184e-05 
3828 |1.22237e-05 
3829 |1.22249e-05 
3830 |1.22507e-05 
3831 |1.22466e-05 
3832 |1.22623e-05 
3833 |1.22636e-05 
3834 |1.22549e-05 
3835 |1.21692e-05 
3836 |1.22551e-05 
3837 |1.22176e-05 
3838 |1.22653e-05 
3839 |1.22527e-05 
3840 |1.22672e-05 
3841 |1.22172e-05 
3842 |1.12623e-05 
3843 |1.11738e-05 
3844 |1.11602e-05 
3845 |1.11271e-05 
3846 |1.11418e-05 
3847 |1.12089e-05 
3848 |1.11758e-05 
3849 |1.12086e-05 
3850 |1.11677e-05 
3851 |1.12083e-05 
3852 |1.11736e-05 
3853 |1.11675e-05 
3854 |1.12067e-05 
3855 |1.12335e-05 
3856 |1.11516e-05 
3857 |1.11288e-05 
3858 |1.11601e-05 
3859 |1.11973e-05 
3860 |1.12258e-05 
3861 |1.11396e-05 
3862 |1.11744e-05 
3863 |1.11521e-05 
3864 |1.11662e-05 
3865 |1.11664e-05 
3866 |1.03484e-05 
3867 |1.0379e-05 
3868 |1.03345e-05 
3869 |1.03736e-05 
3870 |1.03236e-05 
3871 |1.03173e-05 
3872 |1.03207e-05 
3873 |1.03472e-05 
3874 |1.03405e-05 
3875 |1.03496e-05 
3876 |1.03432e-05 
3877 |1.03426e-05 
3878 |1.03788e-05 
3879 |1.03963e-05 
3880 |1.03867e-05 
3881 |1.03229e-05 
3882 |1.03127e-05 
3883 |1.03462e-05 
3884 |1.03123e-05 
3885 |1.03224e-05 
3886 |1.03696e-05 
3887 |1.03141e-05 
3888 |1.03279e-05 
3889 |1.02991e-05 
3890 |9.24169e-06 
3891 |9.25101e-06 
3892 |9.24926e-06 
3893 |9.22426e-06 
3894 |9.22526e-06 
3895 |9.25262e-06 
3896 |9.24142e-06 
3897 |9.22935e-06 
3898 |9.20958e-06 
3899 |9.22875e-06 
3900 |9.27755e-06 
3901 |9.23907e-06 
3902 |9.21883e-06 
3903 |9.21803e-06 
3904 |9.22245e-06 
3905 |9.26348e-06 
3906 |9.21186e-06 
3907 |9.29277e-06 
3908 |9.24511e-06 
3909 |9.24759e-06 
3910 |9.25349e-06 
3911 |9.20026e-06 
3912 |9.25275e-06 
3913 |9.22949e-06 
3914 |1.31594e-05 
3915 |1.31037e-05 
3916 |1.30963e-05 
3917 |1.30761e-05 
3918 |1.32273e-05 
3919 |1.31312e-05 
3920 |1.31634e-05 
3921 |1.31897e-05 
3922 |1.31264e-05 
3923 |1.31325e-05 
3924 |1.31537e-05 
3925 |1.31417e-05 
3926 |1.31093e-05 
3927 |1.31169e-05 
3928 |1.31287e-05 
3929 |1.31573e-05 
3930 |1.32154e-05 
3931 |1.31493e-05 
3932 |1.3131e-05 
3933 |1.3149e-05 
3934 |1.3107e-05 
3935 |1.3139e-05 
3936 |1.31191e-05 
3937 |1.31626e-05 
3938 |1.25936e-05 
3939 |1.2615e-05 
3940 |1.2617e-05 
3941 |1.26144e-05 
3942 |1.25893e-05 
3943 |1.2617e-05 
3944 |1.25663e-05 
3945 |1.26318e-05 
3946 |1.25889e-05 
3947 |1.26391e-05 
3948 |1.25795e-05 
3949 |1.26186e-05 
3950 |1.25556e-05 
3951 |1.26727e-05 
3952 |1.2594e-05 
3953 |1.26228e-05 
3954 |1.25586e-05 
3955 |1.26117e-05 
3956 |1.26587e-05 
3957 |1.26743e-05 
3958 |1.25605e-05 
3959 |1.26092e-05 
3960 |1.2661e-05 
3961 |1.26644e-05 
3962 |1.13231e-05 
3963 |1.12408e-05 
3964 |1.13199e-05 
3965 |1.12719e-05 
3966 |1.1272e-05 
3967 |1.1324e-05 
3968 |1.13034e-05 
3969 |1.13198e-05 
3970 |1.13252e-05 
3971 |1.1313e-05 
3972 |1.12915e-05 
3973 |1.13031e-05 
3974 |1.13036e-05 
3975 |1.13338e-05 
3976 |1.13069e-05 
3977 |1.12666e-05 
3978 |1.13061e-05 
3979 |1.12843e-05 
3980 |1.12574e-05 
3981 |1.12561e-05 
3982 |1.12437e-05 
3983 |1.12974e-05 
3984 |1.13138e-05 
3985 |1.12864e-05 
3986 |1.00507e-05 
3987 |1.00963e-05 
3988 |1.00467e-05 
3989 |1.00565e-05 
3990 |1.00759e-05 
3991 |1.01029e-05 
3992 |1.00289e-05 
3993 |1.00941e-05 
3994 |1.00762e-05 
3995 |1.00562e-05 
3996 |1.0117e-05 
3997 |1.00507e-05 
3998 |1.00934e-05 
3999 |1.01306e-05 
4000 |1.00943e-05 
4001 |1.00919e-05 
4002 |1.00749e-05 
4003 |1.0039e-05 
4004 |1.0078e-05 
4005 |1.0099e-05 
4006 |1.00833e-05 
4007 |1.00451e-05 
4008 |1.00581e-05 
4009 |1.00602e-05 
4010 |8.64761e-06 
4011 |8.64594e-06 
4012 |8.6387e-06 
4013 |8.62576e-06 
4014 |8.69937e-06 
4015 |8.64198e-06 
4016 |8.68696e-06 
4017 |8.6759e-06 
4018 |8.67148e-06 
4019 |8.67114e-06 
4020 |8.62516e-06 
4021 |8.63481e-06 
4022 |8.67155e-06 
4023 |8.6816e-06 
4024 |8.645e-06 
4025 |8.67986e-06 
4026 |8.68127e-06 
4027 |8.63742e-06 
4028 |8.66008e-06 
4029 |8.61758e-06 
4030 |8.66947e-06 
4031 |8.6568e-06 
4032 |8.63092e-06 
4033 |8.66886e-06 
4034 |1.92358e-05 
4035 |1.91893e-05 
4036 |1.92014e-05 
4037 |1.91899e-05 
4038 |1.92155e-05 
4039 |1.92047e-05 
4040 |1.91704e-05 
4041 |1.92291e-05 
4042 |1.92443e-05 
4043 |1.91954e-05 
4044 |1.91697e-05 
4045 |1.92156e-05 
4046 |1.90809e-05 
4047 |1.9181e-05 
4048 |1.92155e-05 
4049 |1.92138e-05 
4050 |1.91579e-05 
4051 |1.92488e-05 
4052 |1.9172e-05 
4053 |1.92143e-05 
4054 |1.92385e-05 
4055 |1.92338e-05 
4056 |1.92679e-05 
4057 |1.92453e-05 
4058 |1.84548e-05 
4059 |1.85157e-05 
4060 |1.85193e-05 
4061 |1.85166e-05 
4062 |1.8445e-05 
4063 |1.85503e-05 
4064 |1.8527e-05 
4065 |1.84874e-05 
4066 |1.84993e-05 
4067 |1.84566e-05 
4068 |1.84474e-05 
4069 |1.85432e-05 
4070 |1.84792e-05 
4071 |1.84677e-05 
4072 |1.85108e-05 
4073 |1.84649e-05 
4074 |1.85117e-05 
4075 |1.8504e-05 
4076 |1.84672e-05 
4077 |1.84926e-05 
4078 |1.85102e-05 
4079 |1.85518e-05 
4080 |1.84859e-05 
4081 |1.84922e-05 
4082 |1.59538e-05 
4083 |1.60638e-05 
4084 |1.6036e-05 
4085 |1.60201e-05 
4086 |1.60384e-05 
4087 |1.59858e-05 
4088 |1.60346e-05 
4089 |1.60031e-05 
4090 |1.59955e-05 
4091 |1.60384e-05 
4092 |1.60075e-05 
4093 |1.60228e-05 
4094 |1.60166e-05 
4095 |1.61414e-05 
4096 |1.5986e-05 
4097 |1.60117e-05 
4098 |1.60054e-05 
4099 |1.60484e-05 
4100 |1.59973e-05 
4101 |1.59749e-05 
4102 |1.60103e-05 
4103 |1.60337e-05 
4104 |1.59568e-05 
4105 |1.60545e-05 
4106 |1.36786e-05 
4107 |1.36662e-05 
4108 |1.36514e-05 
4109 |1.36615e-05 
4110 |1.36848e-05 
4111 |1.36773e-05 
4112 |1.36796e-05 
4113 |1.36086e-05 
4114 |1.36784e-05 
4115 |1.36474e-05 
4116 |1.36838e-05 
4117 |1.36995e-05 
4118 |1.37221e-05 
4119 |1.37068e-05 
4120 |1.36483e-05 
4121 |1.36673e-05 
4122 |1.37279e-05 
4123 |1.36554e-05 
4124 |1.36997e-05 
4125 |1.371e-05 
4126 |1.3701e-05 
4127 |1.37574e-05 
4128 |1.37331e-05 
4129 |1.36383e-05 
4130 |3.73399e-06 
4131 |3.71763e-06 
4132 |3.71823e-06 
4133 |3.73593e-06 
4134 |3.73446e-06 
4135 |3.72507e-06 
4136 |3.71093e-06 
4137 |3.72185e-06 
4138 |3.73117e-06 
4139 |3.69517e-06 
4140 |3.72387e-06 
4141 |3.72809e-06 
4142 |3.71213e-06 
4143 |3.6939e-06 
4144 |3.71964e-06 
4145 |3.74585e-06 
4146 |3.73164e-06 
4147 |3.71837e-06 
4148 |3.70691e-06 
4149 |3.73359e-06 
4150 |3.72447e-06 
4151 |3.72614e-06 
4152 |3.72487e-06 
4153 |3.73332e-06 
4154 |3.42958e-06 
4155 |3.37266e-06 
4156 |3.43594e-06 
4157 |3.40631e-06 
4158 |3.3976e-06 
4159 |3.40585e-06 
4160 |3.42555e-06 
4161 |3.3974e-06 
4162 |3.40169e-06 
4163 |3.40913e-06 
4164 |3.41181e-06 
4165 |3.41986e-06 
4166 |3.41288e-06 
4167 |3.40806e-06 
4168 |3.43507e-06 
4169 |3.41228e-06 
4170 |3.39767e-06 
4171 |3.4281e-06 
4172 |3.41744e-06 
4173 |3.40303e-06 
4174 |3.43594e-06 
4175 |3.37735e-06 
4176 |3.41416e-06 
4177 |3.40538e-06 
4178 |3.26044e-06 
4179 |3.26393e-06 
4180 |3.22699e-06 
4181 |3.25863e-06 
4182 |3.23825e-06 
4183 |3.24972e-06 
4184 |3.23329e-06 
4185 |3.21345e-06 
4186 |3.24717e-06 
4187 |3.23665e-06 
4188 |3.26266e-06 
4189 |3.24784e-06 
4190 |3.27043e-06 
4191 |3.2583e-06 
4192 |3.22532e-06 
4193 |3.24409e-06 
4194 |3.27378e-06 
4195 |3.21372e-06 
4196 |3.26266e-06 
4197 |3.25314e-06 
4198 |3.23899e-06 
4199 |3.24596e-06 
4200 |3.22344e-06 
4201 |3.21707e-06 
4202 |2.57131e-06 
4203 |2.59001e-06 
4204 |2.60248e-06 
4205 |2.60503e-06 
4206 |2.60516e-06 
4207 |2.58928e-06 
4208 |2.59705e-06 
4209 |2.57882e-06 
4210 |2.61817e-06 
4211 |2.59933e-06 
4212 |2.60342e-06 
4213 |2.60014e-06 
4214 |2.59236e-06 
4215 |2.59337e-06 
4216 |2.59484e-06 
4217 |2.59752e-06 
4218 |2.56575e-06 
4219 |2.59176e-06 
4220 |2.59551e-06 
4221 |2.60992e-06 
4222 |2.58713e-06 
4223 |2.59015e-06 
4224 |2.59994e-06 
4225 |2.57104e-06 
4226 |1.12925e-05 
4227 |1.13027e-05 
4228 |1.13035e-05 
4229 |1.13932e-05 
4230 |1.1333e-05 
4231 |1.13397e-05 
4232 |1.13557e-05 
4233 |1.13563e-05 
4234 |1.13478e-05 
4235 |1.13742e-05 
4236 |1.13431e-05 
4237 |1.13541e-05 
4238 |1.13337e-05 
4239 |1.13378e-05 
4240 |1.13048e-05 
4241 |1.12747e-05 
4242 |1.13224e-05 
4243 |1.13281e-05 
4244 |1.13327e-05 
4245 |1.13378e-05 
4246 |1.13048e-05 
4247 |1.13627e-05 
4248 |1.13031e-05 
4249 |1.13406e-05 
4250 |1.12699e-05 
4251 |1.12669e-05 
4252 |1.12986e-05 
4253 |1.12937e-05 
4254 |1.12621e-05 
4255 |1.12893e-05 
4256 |1.12463e-05 
4257 |1.13439e-05 
4258 |1.12637e-05 
4259 |1.12473e-05 
4260 |1.12622e-05 
4261 |1.1264e-05 
4262 |1.12465e-05 
4263 |1.12374e-05 
4264 |1.12624e-05 
4265 |1.12782e-05 
4266 |1.1245e-05 
4267 |1.12961e-05 
4268 |1.13258e-05 
4269 |1.13018e-05 
4270 |1.12941e-05 
4271 |1.12817e-05 
4272 |1.12967e-05 
4273 |1.13049e-05 
4274 |1.22841e-05 
4275 |1.23498e-05 
4276 |1.23578e-05 
4277 |1.2377e-05 
4278 |1.22808e-05 
4279 |1.23695e-05 
4280 |1.22987e-05 
4281 |1.24085e-05 
4282 |1.23999e-05 
4283 |1.23117e-05 
4284 |1.23912e-05 
4285 |1.23141e-05 
4286 |1.23275e-05 
4287 |1.23711e-05 
4288 |1.23231e-05 
4289 |1.23641e-05 
4290 |1.23027e-05 
4291 |1.23106e-05 
4292 |1.23426e-05 
4293 |1.22517e-05 
4294 |1.23672e-05 
4295 |1.23443e-05 
4296 |1.22569e-05 
4297 |1.23127e-05 
4298 |1.25971e-05 
4299 |1.26139e-05 
4300 |1.26125e-05 
4301 |1.26391e-05 
4302 |1.25886e-05 
4303 |1.25823e-05 
4304 |1.25843e-05 
4305 |1.25167e-05 
4306 |1.26181e-05 
4307 |1.25878e-05 
4308 |1.25729e-05 
4309 |1.25864e-05 
4310 |1.26497e-05 
4311 |1.26221e-05 
4312 |1.25809e-05 
4313 |1.25665e-05 
4314 |1.26493e-05 
4315 |1.26121e-05 
4316 |1.26259e-05 
4317 |1.26474e-05 
4318 |1.25794e-05 
4319 |1.25554e-05 
4320 |1.25702e-05 
4321 |1.26153e-05 
4322 |1.08259e-05 
4323 |1.08466e-05 
4324 |1.08498e-05 
4325 |1.08686e-05 
4326 |1.08363e-05 
4327 |1.08305e-05 
4328 |1.08351e-05 
4329 |1.09029e-05 
4330 |1.08697e-05 
4331 |1.08632e-05 
4332 |1.08445e-05 
4333 |1.08561e-05 
4334 |1.08264e-05 
4335 |1.08378e-05 
4336 |1.08743e-05 
4337 |1.08974e-05 
4338 |1.08176e-05 
4339 |1.08175e-05 
4340 |1.09041e-05 
4341 |1.08516e-05 
4342 |1.08695e-05 
4343 |1.0847e-05 
4344 |1.08616e-05 
4345 |1.08587e-05 
4346 |6.49468e-06 
4347 |6.46793e-06 
4348 |6.51492e-06 
4349 |6.47088e-06 
4350 |6.48864e-06 
4351 |6.52806e-06 
4352 |6.51573e-06 
4353 |6.4558e-06 
4354 |6.50487e-06 
4355 |6.49997e-06 
4356 |6.54294e-06 
4357 |6.52095e-06 
4358 |6.51948e-06 
4359 |6.48616e-06 
4360 |6.47282e-06 
4361 |6.48335e-06 
4362 |6.50426e-06 
4363 |6.48046e-06 
4364 |6.49354e-06 
4365 |6.48288e-06 
4366 |6.52605e-06 
4367 |6.50426e-06 
4368 |6.5119e-06 
4369 |6.52411e-06 
4370 |1.08408e-05 
4371 |1.08565e-05 
4372 |1.07747e-05 
4373 |1.08113e-05 
4374 |1.07811e-05 
4375 |1.08095e-05 
4376 |1.08165e-05 
4377 |1.08131e-05 
4378 |1.07837e-05 
4379 |1.08395e-05 
4380 |1.07846e-05 
4381 |1.08275e-05 
4382 |1.08612e-05 
4383 |1.07969e-05 
4384 |1.07755e-05 
4385 |1.08409e-05 
4386 |1.08215e-05 
4387 |1.07975e-05 
4388 |1.0782e-05 
4389 |1.07966e-05 
4390 |1.08113e-05 
4391 |1.08e-05 
4392 |1.08037e-05 
4393 |1.0741e-05 
4394 |1.08073e-05 
4395 |1.08233e-05 
4396 |1.08442e-05 
4397 |1.07818e-05 
4398 |1.07762e-05 
4399 |1.07547e-05 
4400 |1.07608e-05 
4401 |1.08245e-05 
4402 |1.08358e-05 
4403 |1.08614e-05 
4404 |1.08408e-05 
4405 |1.0796e-05 
4406 |1.08278e-05 
4407 |1.08175e-05 
4408 |1.08261e-05 
4409 |1.07552e-05 
4410 |1.08586e-05 
4411 |1.08164e-05 
4412 |1.07821e-05 
4413 |1.07749e-05 
4414 |1.08192e-05 
4415 |1.07291e-05 
4416 |1.0806e-05 
4417 |1.07892e-05 
4418 |1.17787e-05 
4419 |1.17955e-05 
4420 |1.18086e-05 
4421 |1.18156e-05 
4422 |1.18104e-05 
4423 |1.17793e-05 
4424 |1.18549e-05 
4425 |1.17976e-05 
4426 |1.17201e-05 
4427 |1.17786e-05 
4428 |1.18251e-05 
4429 |1.17953e-05 
4430 |1.17801e-05 
4431 |1.18191e-05 
4432 |1.18251e-05 
4433 |1.17787e-05 
4434 |1.18091e-05 
4435 |1.17839e-05 
4436 |1.17651e-05 
4437 |1.18192e-05 
4438 |1.18333e-05 
4439 |1.18009e-05 
4440 |1.17701e-05 
4441 |1.179e-05 
4442 |1.19906e-05 
4443 |1.20016e-05 
4444 |1.19685e-05 
4445 |1.19288e-05 
4446 |1.19511e-05 
4447 |1.19891e-05 
4448 |1.19536e-05 
4449 |1.20185e-05 
4450 |1.20085e-05 
4451 |1.19254e-05 
4452 |1.19549e-05 
4453 |1.19695e-05 
4454 |1.19327e-05 
4455 |1.19327e-05 
4456 |1.19557e-05 
4457 |1.19211e-05 
4458 |1.19599e-05 
4459 |1.19633e-05 
4460 |1.19774e-05 
4461 |1.19131e-05 
4462 |1.19585e-05 
4463 |1.19699e-05 
4464 |1.19612e-05 
4465 |1.19291e-05 
4466 |1.04133e-05 
4467 |1.04874e-05 
4468 |1.04049e-05 
4469 |1.04074e-05 
4470 |1.04174e-05 
4471 |1.05081e-05 
4472 |1.04434e-05 
4473 |1.04898e-05 
4474 |1.04736e-05 
4475 |1.0404e-05 
4476 |1.05127e-05 
4477 |1.04969e-05 
4478 |1.04256e-05 
4479 |1.04246e-05 
4480 |1.04453e-05 
4481 |1.04893e-05 
4482 |1.04689e-05 
4483 |1.04573e-05 
4484 |1.04609e-05 
4485 |1.04644e-05 
4486 |1.04302e-05 
4487 |1.04691e-05 
4488 |1.04387e-05 
4489 |1.04654e-05 
4490 |7.76408e-06 
4491 |7.77916e-06 
4492 |7.75013e-06 
4493 |7.75623e-06 
4494 |7.76528e-06 
4495 |7.72432e-06 
4496 |7.73485e-06 
4497 |7.7691e-06 
4498 |7.78378e-06 
4499 |7.77359e-06 
4500 |7.74383e-06 
4501 |7.79793e-06 
4502 |7.79438e-06 
4503 |7.7441e-06 
4504 |7.77902e-06 
4505 |7.71789e-06 
4506 |7.78057e-06 
4507 |7.7801e-06 
4508 |7.79049e-06 
4509 |7.7677e-06 
4510 |7.74812e-06 
4511 |7.7746e-06 
4512 |7.76609e-06 
4513 |7.79759e-06 
4514 |1.05868e-05 
4515 |1.05791e-05 
4516 |1.05427e-05 
4517 |1.05567e-05 
4518 |1.05752e-05 
4519 |1.06194e-05 
4520 |1.05766e-05 
4521 |1.05484e-05 
4522 |1.05325e-05 
4523 |1.05374e-05 
4524 |1.05895e-05 
4525 |1.06126e-05 
4526 |1.0589e-05 
4527 |1.05862e-05 
4528 |1.05673e-05 
4529 |1.05933e-05 
4530 |1.06e-05 
4531 |1.05502e-05 
4532 |1.05941e-05 
4533 |1.05583e-05 
4534 |1.05407e-05 
4535 |1.05636e-05 
4536 |1.05104e-05 
4537 |1.05651e-05 
4538 |1.05704e-05 
4539 |1.06121e-05 
4540 |1.05854e-05 
4541 |1.05726e-05 
4542 |1.05439e-05 
4543 |1.06124e-05 
4544 |1.05976e-05 
4545 |1.06106e-05 
4546 |1.05906e-05 
4547 |1.05669e-05 
4548 |1.06205e-05 
4549 |1.05822e-05 
4550 |1.06095e-05 
4551 |1.06103e-05 
4552 |1.05433e-05 
4553 |1.06423e-05 
4554 |1.06328e-05 
4555 |1.05809e-05 
4556 |1.06025e-05 
4557 |1.06297e-05 
4558 |1.05812e-05 
4559 |1.05996e-05 
4560 |1.05275e-05 
4561 |1.06486e-05 
4562 |1.15348e-05 
4563 |1.14979e-05 
4564 |1.15288e-05 
4565 |1.14682e-05 
4566 |1.1531e-05 
4567 |1.15666e-05 
4568 |1.14897e-05 
4569 |1.15442e-05 
4570 |1.15408e-05 
4571 |1.14979e-05 
4572 |1.156e-05 
4573 |1.14914e-05 
4574 |1.15133e-05 
4575 |1.15045e-05 
4576 |1.15064e-05 
4577 |1.15385e-05 
4578 |1.15254e-05 
4579 |1.15249e-05 
4580 |1.15586e-05 
4581 |1.14993e-05 
4582 |1.15579e-05 
4583 |1.149e-05 
4584 |1.15094e-05 
4585 |1.15531e-05 
4586 |1.14961e-05 
4587 |1.14686e-05 
4588 |1.15197e-05 
4589 |1.14782e-05 
4590 |1.1465e-05 
4591 |1.14723e-05 
4592 |1.15034e-05 
4593 |1.14607e-05 
4594 |1.14438e-05 
4595 |1.149e-05 
4596 |1.15429e-05 
4597 |1.14698e-05 
4598 |1.14721e-05 
4599 |1.15156e-05 
4600 |1.1507e-05 
4601 |1.15422e-05 
4602 |1.14922e-05 
4603 |1.14779e-05 
4604 |1.14553e-05 
4605 |1.152e-05 
4606 |1.15004e-05 
4607 |1.14828e-05 
4608 |1.14589e-05 
4609 |1.14869e-05 
4610 |9.72281e-06 
4611 |9.70612e-06 
4612 |9.70585e-06 
4613 |9.71262e-06 
4614 |9.78616e-06 
4615 |9.70766e-06 
4616 |9.71919e-06 
4617 |9.6974e-06 
4618 |9.66764e-06 
4619 |9.69291e-06 
4620 |9.69237e-06 
4621 |9.71718e-06 
4622 |9.71389e-06 
4623 |9.71041e-06 
4624 |9.72341e-06 
4625 |9.70169e-06 
4626 |9.71778e-06 
4627 |9.70055e-06 
4628 |9.74017e-06 
4629 |9.68694e-06 
4630 |9.7151e-06 
4631 |9.66362e-06 
4632 |9.67528e-06 
4633 |9.72435e-06 
4634 |7.13246e-06 
4635 |7.11758e-06 
4636 |7.16665e-06 
4637 |7.18555e-06 
4638 |7.1814e-06 
4639 |7.16423e-06 
4640 |7.11235e-06 
4641 |7.17141e-06 
4642 |7.1586e-06 
4643 |7.13474e-06 
4644 |7.23067e-06 
4645 |7.18146e-06 
4646 |7.1877e-06 
4647 |7.15042e-06 
4648 |7.1639e-06 
4649 |7.19138e-06 
4650 |7.16571e-06 
4651 |7.14305e-06 
4652 |7.17757e-06 
4653 |7.1574e-06 
4654 |7.13434e-06 
4655 |7.17463e-06 
4656 |7.14828e-06 
4657 |7.14627e-06 
4658 |8.9482e-06 
4659 |8.9165e-06 
4660 |8.97643e-06 
4661 |8.90905e-06 
4662 |8.89692e-06 
4663 |8.91308e-06 
4664 |8.91824e-06 
4665 |8.90222e-06 
4666 |8.92521e-06 
4667 |8.89538e-06 
4668 |8.92541e-06 
4669 |8.92823e-06 
4670 |8.89055e-06 
4671 |8.91227e-06 
4672 |8.89826e-06 
4673 |8.94505e-06 
4674 |8.94472e-06 
4675 |8.88573e-06 
4676 |8.95122e-06 
4677 |8.90228e-06 
4678 |8.8992e-06 
4679 |8.90765e-06 
4680 |8.91757e-06 
4681 |8.93131e-06 
4682 |8.95813e-06 
4683 |8.96275e-06 
4684 |8.95236e-06 
4685 |8.98105e-06 
4686 |8.96583e-06 
4687 |8.96389e-06 
4688 |8.94512e-06 
4689 |8.92488e-06 
4690 |8.95591e-06 
4691 |8.96429e-06 
4692 |8.93245e-06 
4693 |8.93734e-06 
4694 |8.94995e-06 
4695 |8.92963e-06 
4696 |8.87795e-06 
4697 |8.96899e-06 
4698 |8.93667e-06 
4699 |9.02496e-06 
4700 |8.94874e-06 
4701 |8.94753e-06 
4702 |8.96416e-06 
4703 |8.92159e-06 
4704 |8.98528e-06 
4705 |8.94311e-06 
4706 |9.6616e-06 
4707 |9.58404e-06 
4708 |9.63271e-06 
4709 |9.62406e-06 
4710 |9.61046e-06 
4711 |9.61689e-06 
4712 |9.63325e-06 
4713 |9.62788e-06 
4714 |9.61448e-06 
4715 |9.59209e-06 
4716 |9.6419e-06 
4717 |9.62185e-06 
4718 |9.57848e-06 
4719 |9.63781e-06 
4720 |9.6177e-06 
4721 |9.57191e-06 
4722 |9.62111e-06 
4723 |9.59316e-06 
4724 |9.5892e-06 
4725 |9.62688e-06 
4726 |9.64424e-06 
4727 |9.63747e-06 
4728 |9.68198e-06 
4729 |9.60992e-06 
4730 |9.37362e-06 
4731 |9.41665e-06 
4732 |9.3413e-06 
4733 |9.37207e-06 
4734 |9.36356e-06 
4735 |9.29713e-06 
4736 |9.32501e-06 
4737 |9.34244e-06 
4738 |9.37462e-06 
4739 |9.34915e-06 
4740 |9.41411e-06 
4741 |9.35377e-06 
4742 |9.34875e-06 
4743 |9.4078e-06 
4744 |9.34224e-06 
4745 |9.35196e-06 
4746 |9.34673e-06 
4747 |9.34298e-06 
4748 |9.41699e-06 
4749 |9.4062e-06 
4750 |9.42088e-06 
4751 |9.38803e-06 
4752 |9.42047e-06 
4753 |9.39534e-06 
4754 |7.65702e-06 
4755 |7.69918e-06 
4756 |7.70716e-06 
4757 |7.72942e-06 
4758 |7.68021e-06 
4759 |7.66037e-06 
4760 |7.68953e-06 
4761 |7.67069e-06 
4762 |7.70528e-06 
4763 |7.70347e-06 
4764 |7.68765e-06 
4765 |7.66848e-06 
4766 |7.69979e-06 
4767 |7.67411e-06 
4768 |7.65514e-06 
4769 |7.65246e-06 
4770 |7.70347e-06 
4771 |7.67941e-06 
4772 |7.71561e-06 
4773 |7.70093e-06 
4774 |7.67485e-06 
4775 |7.69375e-06 
4776 |7.71661e-06 
4777 |7.68712e-06 
4778 |1.47847e-05 
4779 |1.47481e-05 
4780 |1.47513e-05 
4781 |1.4784e-05 
4782 |1.47688e-05 
4783 |1.47222e-05 
4784 |1.4813e-05 
4785 |1.48003e-05 
4786 |1.48406e-05 
4787 |1.47321e-05 
4788 |1.47843e-05 
4789 |1.47533e-05 
4790 |1.4815e-05 
4791 |1.47637e-05 
4792 |1.47915e-05 
4793 |1.47609e-05 
4794 |1.47879e-05 
4795 |1.47127e-05 
4796 |1.48237e-05 
4797 |1.47411e-05 
4798 |1.47617e-05 
4799 |1.48068e-05 
4800 |1.48112e-05 
4801 |1.47899e-05 
4802 |1.4856e-05 
4803 |1.49264e-05 
4804 |1.48773e-05 
4805 |1.48877e-05 
4806 |1.48027e-05 
4807 |1.48821e-05 
4808 |1.48871e-05 
4809 |1.48179e-05 
4810 |1.48985e-05 
4811 |1.48352e-05 
4812 |1.47991e-05 
4813 |1.48665e-05 
4814 |1.48388e-05 
4815 |1.47793e-05 
4816 |1.4876e-05 
4817 |1.48436e-05 
4818 |1.48364e-05 
4819 |1.48174e-05 
4820 |1.48408e-05 
4821 |1.48555e-05 
4822 |1.48766e-05 
4823 |1.48409e-05 
4824 |1.48444e-05 
4825 |1.48196e-05 
4826 |1.56363e-05 
4827 |1.56792e-05 
4828 |1.5601e-05 
4829 |1.5639e-05 
4830 |1.56794e-05 
4831 |1.56536e-05 
4832 |1.56707e-05 
4833 |1.56393e-05 
4834 |1.56966e-05 
4835 |1.56727e-05 
4836 |1.56555e-05 
4837 |1.5677e-05 
4838 |1.57022e-05 
4839 |1.56458e-05 
4840 |1.56599e-05 
4841 |1.56482e-05 
4842 |1.56042e-05 
4843 |1.56077e-05 
4844 |1.57107e-05 
4845 |1.56591e-05 
4846 |1.56733e-05 
4847 |1.57335e-05 
4848 |1.56873e-05 
4849 |1.56652e-05 
4850 |1.46992e-05 
4851 |1.46544e-05 
4852 |1.47037e-05 
4853 |1.47055e-05 
4854 |1.46854e-05 
4855 |1.46722e-05 
4856 |1.47034e-05 
4857 |1.47446e-05 
4858 |1.47198e-05 
4859 |1.47036e-05 
4860 |1.47389e-05 
4861 |1.46989e-05 
4862 |1.47253e-05 
4863 |1.46918e-05 
4864 |1.46805e-05 
4865 |1.47279e-05 
4866 |1.47007e-05 
4867 |1.47376e-05 
4868 |1.46769e-05 
4869 |1.46957e-05 
4870 |1.47623e-05 
4871 |1.4651e-05 
4872 |1.47464e-05 
4873 |1.46799e-05 
4874 |1.1737e-05 
4875 |1.17159e-05 
4876 |1.17234e-05 
4877 |1.17103e-05 
4878 |1.17383e-05 
4879 |1.17007e-05 
4880 |1.17671e-05 
4881 |1.17588e-05 
4882 |1.17131e-05 
4883 |1.17693e-05 
4884 |1.16914e-05 
4885 |1.17149e-05 
4886 |1.16789e-05 
4887 |1.17143e-05 
4888 |1.16874e-05 
4889 |1.1698e-05 
4890 |1.16976e-05 
4891 |1.17942e-05 
4892 |1.16638e-05 
4893 |1.16886e-05 
4894 |1.1773e-05 
4895 |1.17004e-05 
4896 |1.17053e-05 
4897 |1.17057e-05 
4898 |4.72284e-06 
4899 |4.75904e-06 
4900 |4.75408e-06 
4901 |4.70387e-06 
4902 |4.73893e-06 
4903 |4.7272e-06 
4904 |4.74416e-06 
4905 |4.72887e-06 
4906 |4.73926e-06 
4907 |4.74309e-06 
4908 |4.73564e-06 
4909 |4.70622e-06 
4910 |4.74396e-06 
4911 |4.73585e-06 
4912 |4.73745e-06 
4913 |4.72706e-06 
4914 |4.71895e-06 
4915 |4.75575e-06 
4916 |4.71929e-06 
4917 |4.70762e-06 
4918 |4.76072e-06 
4919 |4.73336e-06 
4920 |4.75944e-06 
4921 |4.77372e-06 
4922 |3.93081e-06 
4923 |3.9054e-06 
4924 |3.92531e-06 
4925 |3.91083e-06 
4926 |3.92518e-06 
4927 |3.88536e-06 
4928 |3.92645e-06 
4929 |3.90775e-06 
4930 |3.92162e-06 
4931 |3.90982e-06 
4932 |3.8987e-06 
4933 |3.93027e-06 
4934 |3.89695e-06 
4935 |3.90225e-06 
4936 |3.91331e-06 
4937 |3.90144e-06 
4938 |3.93221e-06 
4939 |3.90929e-06 
4940 |3.90935e-06 
4941 |3.88824e-06 
4942 |3.89407e-06 
4943 |3.91666e-06 
4944 |3.94911e-06 
4945 |3.90855e-06 
4946 |2.92499e-06 
4947 |2.91078e-06 
4948 |2.93693e-06 
4949 |2.91708e-06 
4950 |2.94222e-06 
4951 |2.88873e-06 
4952 |2.92231e-06 
4953 |2.93954e-06 
4954 |2.90126e-06 
4955 |2.94417e-06 
4956 |2.94443e-06 
4957 |2.91735e-06 
4958 |2.90696e-06 
4959 |2.9315e-06 
4960 |2.93981e-06 
4961 |2.93069e-06 
4962 |2.94242e-06 
4963 |2.95141e-06 
4964 |2.94095e-06 
4965 |2.94108e-06 
4966 |2.92365e-06 
4967 |2.94356e-06 
4968 |2.90515e-06 
4969 |2.91641e-06 
4970 |6.77898e-06 
4971 |6.74814e-06 
4972 |6.72836e-06 
4973 |6.6988e-06 
4974 |6.76765e-06 
4975 |6.72622e-06 
4976 |6.77945e-06 
4977 |6.74177e-06 
4978 |6.76651e-06 
4979 |6.73239e-06 
4980 |6.72126e-06 
4981 |6.69263e-06 
4982 |6.74224e-06 
4983 |6.76771e-06 
4984 |6.74727e-06 
4985 |6.75505e-06 
4986 |6.75598e-06 
4987 |6.72702e-06 
4988 |6.77945e-06 
4989 |6.7411e-06 
4990 |6.7653e-06 
4991 |6.74868e-06 
4992 |6.76798e-06 
4993 |6.7222e-06 
4994 |5.88525e-06 
4995 |5.90898e-06 
4996 |5.90395e-06 
4997 |5.87935e-06 
4998 |5.88418e-06 
4999 |5.8644e-06 
5000 |5.90697e-06 
5001 |5.89021e-06 
5002 |5.89209e-06 
5003 |5.88713e-06 
5004 |5.90154e-06 
5005 |5.89282e-06 
5006 |5.92547e-06 
5007 |5.89309e-06 
5008 |5.85321e-06 
5009 |5.8937e-06 
5010 |5.89034e-06 
5011 |5.88545e-06 
5012 |5.91743e-06 
5013 |5.86507e-06 
5014 |5.92199e-06 
5015 |5.87312e-06 
5016 |5.90248e-06 
5017 |5.85341e-06 
5018 |4.78854e-06 
5019 |4.81555e-06 
5020 |4.84552e-06 
5021 |4.81126e-06 
5022 |4.78726e-06 
5023 |4.79852e-06 
5024 |4.83338e-06 
5025 |4.74831e-06 
5026 |4.81676e-06 
5027 |4.81381e-06 
5028 |4.8297e-06 
5029 |4.79041e-06 
5030 |4.82232e-06 
5031 |4.79309e-06 
5032 |4.82929e-06 
5033 |4.80945e-06 
5034 |4.83352e-06 
5035 |4.82514e-06 
5036 |4.7634e-06 
5037 |4.81026e-06 
5038 |4.83137e-06 
5039 |4.83224e-06 
5040 |4.80724e-06 
5041 |4.78297e-06 
5042 |3.94026e-06 
5043 |3.89246e-06 
5044 |3.90741e-06 
5045 |3.9121e-06 
5046 |3.91525e-06 
5047 |3.89387e-06 
5048 |3.90144e-06 
5049 |3.90674e-06 
5050 |3.93959e-06 
5051 |3.92015e-06 
5052 |3.90889e-06 
5053 |3.89937e-06 
5054 |3.92544e-06 
5055 |3.93121e-06 
5056 |3.89374e-06 
5057 |3.91318e-06 
5058 |3.92397e-06 
5059 |3.90319e-06 
5060 |3.89803e-06 
5061 |3.89883e-06 
5062 |3.90057e-06 
5063 |3.88274e-06 
5064 |3.91532e-06 
5065 |3.90178e-06 
5066 |9.38428e-06 
5067 |9.34104e-06 
5068 |9.47437e-06 
5069 |9.37328e-06 
5070 |9.40351e-06 
5071 |9.40486e-06 
5072 |9.42383e-06 
5073 |9.36973e-06 
5074 |9.36993e-06 
5075 |9.4005e-06 
5076 |9.39386e-06 
5077 |9.36966e-06 
5078 |9.3883e-06 
5079 |9.39862e-06 
5080 |9.38702e-06 
5081 |9.39453e-06 
5082 |9.39158e-06 
5083 |9.4001e-06 
5084 |9.3887e-06 
5085 |9.3891e-06 
5086 |9.4129e-06 
5087 |9.37549e-06 
5088 |9.35056e-06 
5089 |9.39681e-06 
5090 |8.80173e-06 
5091 |8.82767e-06 
5092 |8.80341e-06 
5093 |8.78236e-06 
5094 |8.87433e-06 
5095 |8.82372e-06 
5096 |8.77565e-06 
5097 |8.7837e-06 
5098 |8.78289e-06 
5099 |8.83263e-06 
5100 |8.80589e-06 
5101 |8.80005e-06 
5102 |8.80253e-06 
5103 |8.8016e-06 
5104 |8.79918e-06 
5105 |8.72129e-06 
5106 |8.78028e-06 
5107 |8.78658e-06 
5108 |8.76962e-06 
5109 |8.78578e-06 
5110 |8.77002e-06 
5111 |8.78618e-06 
5112 |8.81829e-06 
5113 |8.75561e-06 
5114 |7.45698e-06 
5115 |7.49184e-06 
5116 |7.49586e-06 
5117 |7.45148e-06 
5118 |7.49459e-06 
5119 |7.53414e-06 
5120 |7.50391e-06 
5121 |7.46442e-06 
5122 |7.49197e-06 
5123 |7.49238e-06 
5124 |7.44612e-06 
5125 |7.42769e-06 
5126 |7.5084e-06 
5127 |7.48172e-06 
5128 |7.47917e-06 
5129 |7.51604e-06 
5130 |7.47173e-06 
5131 |7.47669e-06 
5132 |7.48648e-06 
5133 |7.52362e-06 
5134 |7.47448e-06 
5135 |7.47455e-06 
5136 |7.46576e-06 
5137 |7.49419e-06 
5138 |6.28646e-06 
5139 |6.28304e-06 
5140 |6.2992e-06 
5141 |6.26796e-06 
5142 |6.3171e-06 
5143 |6.29672e-06 
5144 |6.30986e-06 
5145 |6.33553e-06 
5146 |6.32326e-06 
5147 |6.33929e-06 
5148 |6.30671e-06 
5149 |6.31019e-06 
5150 |6.26481e-06 
5151 |6.29725e-06 
5152 |6.29457e-06 
5153 |6.32769e-06 
5154 |6.33359e-06 
5155 |6.32347e-06 
5156 |6.27084e-06 
5157 |6.27962e-06 
5158 |6.28398e-06 
5159 |6.33687e-06 
5160 |6.33486e-06 
5161 |6.33292e-06 
5162 |4.53386e-06 
5163 |4.5458e-06 
5164 |4.56101e-06 
5165 |4.55337e-06 
5166 |4.55257e-06 
5167 |4.57925e-06 
5168 |4.52783e-06 
5169 |4.55183e-06 
5170 |4.50417e-06 
5171 |4.5407e-06 
5172 |4.54519e-06 
5173 |4.54318e-06 
5174 |4.55987e-06 
5175 |4.5645e-06 
5176 |4.51811e-06 
5177 |4.53688e-06 
5178 |4.55458e-06 
5179 |4.55116e-06 
5180 |4.50933e-06 
5181 |4.54875e-06 
5182 |4.55404e-06 
5183 |4.55793e-06 
5184 |4.56557e-06 
5185 |4.54908e-06 
5186 |6.55809e-06 
5187 |6.54924e-06 
5188 |6.5774e-06 
5189 |6.56781e-06 
5190 |6.5347e-06 
5191 |6.54743e-06 
5192 |6.55441e-06 
5193 |6.57941e-06 
5194 |6.52833e-06 
5195 |6.59376e-06 
5196 |6.57881e-06 
5197 |6.56721e-06 
5198 |6.53812e-06 
5199 |6.5782e-06 
5200 |6.53289e-06 
5201 |6.56077e-06 
5202 |6.56996e-06 
5203 |6.56895e-06 
5204 |6.55742e-06 
5205 |6.55333e-06 
5206 |6.54475e-06 
5207 |6.55689e-06 
5208 |6.57961e-06 
5209 |6.52049e-06 
5210 |6.38065e-06 
5211 |6.41571e-06 
5212 |6.41041e-06 
5213 |6.39238e-06 
5214 |6.41765e-06 
5215 |6.41048e-06 
5216 |6.39432e-06 
5217 |6.38118e-06 
5218 |6.42047e-06 
5219 |6.41524e-06 
5220 |6.36268e-06 
5221 |6.40766e-06 
5222 |6.40639e-06 
5223 |6.4149e-06 
5224 |6.44487e-06 
5225 |6.41437e-06 
5226 |6.44701e-06 
5227 |6.40056e-06 
5228 |6.39352e-06 
5229 |6.41832e-06 
5230 |6.38688e-06 
5231 |6.37079e-06 
5232 |6.40029e-06 
5233 |6.42818e-06 
5234 |5.78758e-06 
5235 |5.77886e-06 
5236 |5.76344e-06 
5237 |5.78751e-06 
5238 |5.74715e-06 
5239 |5.74863e-06 
5240 |5.7802e-06 
5241 |5.77685e-06 
5242 |5.79529e-06 
5243 |5.80822e-06 
5244 |5.75808e-06 
5245 |5.7985e-06 
5246 |5.75587e-06 
5247 |5.77893e-06 
5248 |5.80246e-06 
5249 |5.81406e-06 
5250 |5.77021e-06 
5251 |5.78195e-06 
5252 |5.78959e-06 
5253 |5.79964e-06 
5254 |5.80105e-06 
5255 |5.77833e-06 
5256 |5.75875e-06 
5257 |5.77685e-06 
5258 |4.98864e-06 
5259 |4.95653e-06 
5260 |4.99635e-06 
5261 |5.00446e-06 
5262 |4.99695e-06 
5263 |4.99259e-06 
5264 |4.97322e-06 
5265 |4.99528e-06 
5266 |4.98877e-06 
5267 |5.01733e-06 
5268 |5.00473e-06 
5269 |5.04099e-06 
5270 |5.0052e-06 
5271 |4.99078e-06 
5272 |5.02625e-06 
5273 |4.97456e-06 
5274 |4.98314e-06 
5275 |4.99554e-06 
5276 |5.00748e-06 
5277 |4.99682e-06 
5278 |5.0062e-06 
5279 |4.98395e-06 
5280 |5.00245e-06 
5281 |4.99507e-06 
5282 |3.69149e-06 
5283 |3.70369e-06 
5284 |3.68324e-06 
5285 |3.67701e-06 
5286 |3.67962e-06 
5287 |3.69993e-06 
5288 |3.69953e-06 
5289 |3.69397e-06 
5290 |3.6996e-06 
5291 |3.7185e-06 
5292 |3.69967e-06 
5293 |3.6575e-06 
5294 |3.67848e-06 
5295 |3.69363e-06 
5296 |3.69953e-06 
5297 |3.69826e-06 
5298 |3.68787e-06 
5299 |3.67748e-06 
5300 |3.67996e-06 
5301 |3.69491e-06 
5302 |3.68492e-06 
5303 |3.69511e-06 
5304 |3.69202e-06 
5305 |3.67748e-06 
5306 |7.28711e-06 
5307 |7.31419e-06 
5308 |7.27364e-06 
5309 |7.29509e-06 
5310 |7.32459e-06 
5311 |7.27491e-06 
5312 |7.29998e-06 
5313 |7.27598e-06 
5314 |7.27116e-06 
5315 |7.31627e-06 
5316 |7.29422e-06 
5317 |7.31272e-06 
5318 |7.31788e-06 
5319 |7.31319e-06 
5320 |7.2723e-06 
5321 |7.29268e-06 
5322 |7.30005e-06 
5323 |7.29958e-06 
5324 |7.31104e-06 
5325 |7.29536e-06 
5326 |7.29683e-06 
5327 |7.28175e-06 
5328 |7.27189e-06 
5329 |7.29261e-06 
5330 |7.15451e-06 
5331 |7.13903e-06 
5332 |7.13896e-06 
5333 |7.1698e-06 
5334 |7.13923e-06 
5335 |7.20573e-06 
5336 |7.16128e-06 
5337 |7.18073e-06 
5338 |7.16558e-06 
5339 |7.18924e-06 
5340 |7.15371e-06 
5341 |7.17409e-06 
5342 |7.13293e-06 
5343 |7.10739e-06 
5344 |7.13031e-06 
5345 |7.18361e-06 
5346 |7.16289e-06 
5347 |7.20291e-06 
5348 |7.14727e-06 
5349 |7.15921e-06 
5350 |7.15874e-06 
5351 |7.14714e-06 
5352 |7.1517e-06 
5353 |7.19708e-06 
5354 |6.61594e-06 
5355 |6.66307e-06 
5356 |6.63753e-06 
5357 |6.62037e-06 
5358 |6.6207e-06 
5359 |6.66562e-06 
5360 |6.66146e-06 
5361 |6.62453e-06 
5362 |6.64263e-06 
5363 |6.66703e-06 
5364 |6.59872e-06 
5365 |6.65161e-06 
5366 |6.63518e-06 
5367 |6.63934e-06 
5368 |6.63572e-06 
5369 |6.61729e-06 
5370 |6.58524e-06 
5371 |6.67319e-06 
5372 |6.64162e-06 
5373 |6.63532e-06 
5374 |6.59919e-06 
5375 |6.63492e-06 
5376 |6.62707e-06 
5377 |6.65945e-06 
5378 |5.92292e-06 
5379 |5.9132e-06 
5380 |5.93083e-06 
5381 |5.92996e-06 
5382 |5.91032e-06 
5383 |5.91977e-06 
5384 |5.89517e-06 
5385 |5.92634e-06 
5386 |5.91387e-06 
5387 |5.94786e-06 
5388 |5.94384e-06 
5389 |5.94806e-06 
5390 |5.92621e-06 
5391 |5.90885e-06 
5392 |5.90677e-06 
5393 |5.94538e-06 
5394 |5.98714e-06 
5395 |5.90885e-06 
5396 |5.88599e-06 
5397 |5.90858e-06 
5398 |5.89758e-06 
5399 |5.94766e-06 
5400 |5.92071e-06 
5401 |5.91971e-06 
5402 |4.37573e-06 
5403 |4.40127e-06 
5404 |4.39376e-06 
5405 |4.3766e-06 
5406 |4.36741e-06 
5407 |4.36373e-06 
5408 |4.3829e-06 
5409 |4.38337e-06 
5410 |4.36245e-06 
5411 |4.3833e-06 
5412 |4.33423e-06 
5413 |4.34549e-06 
5414 |4.38096e-06 
5415 |4.39611e-06 
5416 |4.36272e-06 
5417 |4.37378e-06 
5418 |4.36192e-06 
5419 |4.36701e-06 
5420 |4.35709e-06 
5421 |4.36802e-06 
5422 |4.36641e-06 
5423 |4.37707e-06 
5424 |4.36051e-06 
5425 |4.41353e-06 
5426 |1.75162e-05 
5427 |1.74842e-05 
5428 |1.74638e-05 
5429 |1.74558e-05 
5430 |1.74343e-05 
5431 |1.74655e-05 
5432 |1.75075e-05 
5433 |1.75137e-05 
5434 |1.7466e-05 
5435 |1.74821e-05 
5436 |1.74406e-05 
5437 |1.74471e-05 
5438 |1.75069e-05 
5439 |1.74717e-05 
5440 |1.74617e-05 
5441 |1.74684e-05 
5442 |1.74798e-05 
5443 |1.74919e-05 
5444 |1.74787e-05 
5445 |1.75094e-05 
5446 |1.74863e-05 
5447 |1.75051e-05 
5448 |1.74531e-05 
5449 |1.74584e-05 
5450 |1.71189e-05 
5451 |1.71522e-05 
5452 |1.7237e-05 
5453 |1.7214e-05 
5454 |1.72057e-05 
5455 |1.71319e-05 
5456 |1.71539e-05 
5457 |1.71568e-05 
5458 |1.71632e-05 
5459 |1.71219e-05 
5460 |1.71397e-05 
5461 |1.71433e-05 
5462 |1.71388e-05 
5463 |1.71558e-05 
5464 |1.71512e-05 
5465 |1.71675e-05 
5466 |1.71351e-05 
5467 |1.7131e-05 
5468 |1.71013e-05 
5469 |1.7186e-05 
5470 |1.72029e-05 
5471 |1.71528e-05 
5472 |1.72173e-05 
5473 |1.71062e-05 
5474 |1.59736e-05 
5475 |1.59668e-05 
5476 |1.58582e-05 
5477 |1.58993e-05 
5478 |1.59511e-05 
5479 |1.59444e-05 
5480 |1.59574e-05 
5481 |1.5911e-05 
5482 |1.58928e-05 
5483 |1.59451e-05 
5484 |1.5903e-05 
5485 |1.5937e-05 
5486 |1.59498e-05 
5487 |1.59129e-05 
5488 |1.58621e-05 
5489 |1.59212e-05 
5490 |1.59355e-05 
5491 |1.58436e-05 
5492 |1.58816e-05 
5493 |1.59521e-05 
5494 |1.58595e-05 
5495 |1.5887e-05 
5496 |1.58892e-05 
5497 |1.59391e-05 
5498 |1.46134e-05 
5499 |1.45864e-05 
5500 |1.45603e-05 
5501 |1.45577e-05 
5502 |1.45645e-05 
5503 |1.46349e-05 
5504 |1.45881e-05 
5505 |1.463e-05 
5506 |1.46336e-05 
5507 |1.46014e-05 
5508 |1.46291e-05 
5509 |1.4586e-05 
5510 |1.46016e-05 
5511 |1.46326e-05 
5512 |1.45873e-05 
5513 |1.46163e-05 
5514 |1.4585e-05 
5515 |1.45588e-05 
5516 |1.46258e-05 
5517 |1.46087e-05 
5518 |1.46329e-05 
5519 |1.46472e-05 
5520 |1.46216e-05 
5521 |1.46272e-05 
5522 |1.15941e-05 
5523 |1.16051e-05 
5524 |1.15904e-05 
5525 |1.15577e-05 
5526 |1.16276e-05 
5527 |1.15969e-05 
5528 |1.16219e-05 
5529 |1.16204e-05 
5530 |1.16174e-05 
5531 |1.16376e-05 
5532 |1.16652e-05 
5533 |1.16302e-05 
5534 |1.16108e-05 
5535 |1.15934e-05 
5536 |1.15554e-05 
5537 |1.1617e-05 
5538 |1.16071e-05 
5539 |1.16358e-05 
5540 |1.16171e-05 
5541 |1.15679e-05 
5542 |1.16221e-05 
5543 |1.16109e-05 
5544 |1.16331e-05 
5545 |1.15943e-05 
5546 |8.90745e-06 
5547 |8.89042e-06 
5548 |8.84866e-06 
5549 |8.86354e-06 
5550 |8.87829e-06 
5551 |8.85e-06 
5552 |8.81527e-06 
5553 |8.83759e-06 
5554 |8.85154e-06 
5555 |8.86736e-06 
5556 |8.89598e-06 
5557 |8.90771e-06 
5558 |8.86132e-06 
5559 |8.87105e-06 
5560 |8.87674e-06 
5561 |8.827e-06 
5562 |8.81722e-06 
5563 |8.89169e-06 
5564 |8.85442e-06 
5565 |8.87225e-06 
5566 |8.85824e-06 
5567 |8.92622e-06 
5568 |8.84436e-06 
5569 |8.81681e-06 
5570 |9.53102e-06 
5571 |9.54221e-06 
5572 |9.59155e-06 
5573 |9.56413e-06 
5574 |9.60161e-06 
5575 |9.5888e-06 
5576 |9.65021e-06 
5577 |9.57278e-06 
5578 |9.59933e-06 
5579 |9.62527e-06 
5580 |9.61005e-06 
5581 |9.59859e-06 
5582 |9.56601e-06 
5583 |9.58558e-06 
5584 |9.62071e-06 
5585 |9.5278e-06 
5586 |9.55187e-06 
5587 |9.56601e-06 
5588 |9.60764e-06 
5589 |9.55709e-06 
5590 |9.53946e-06 
5591 |9.61025e-06 
5592 |9.6191e-06 
5593 |9.55683e-06 
5594 |9.22084e-06 
5595 |9.26984e-06 
5596 |9.19577e-06 
5597 |9.20448e-06 
5598 |9.19731e-06 
5599 |9.24236e-06 
5600 |9.21876e-06 
5601 |9.21642e-06 
5602 |9.24424e-06 
5603 |9.22473e-06 
5604 |9.25952e-06 
5605 |9.25181e-06 
5606 |9.23257e-06 
5607 |9.24283e-06 
5608 |9.25597e-06 
5609 |9.25094e-06 
5610 |9.21179e-06 
5611 |9.22526e-06 
5612 |9.24947e-06 
5613 |9.19584e-06 
5614 |9.23418e-06 
5615 |9.21581e-06 
5616 |9.18558e-06 
5617 |9.26877e-06 
5618 |1.14619e-05 
5619 |1.15352e-05 
5620 |1.1527e-05 
5621 |1.14677e-05 
5622 |1.14812e-05 
5623 |1.15642e-05 
5624 |1.15201e-05 
5625 |1.15461e-05 
5626 |1.15306e-05 
5627 |1.15064e-05 
5628 |1.15282e-05 
5629 |1.15894e-05 
5630 |1.15255e-05 
5631 |1.15394e-05 
5632 |1.15951e-05 
5633 |1.15625e-05 
5634 |1.15372e-05 
5635 |1.14995e-05 
5636 |1.15153e-05 
5637 |1.151e-05 
5638 |1.1527e-05 
5639 |1.15102e-05 
5640 |1.14977e-05 
5641 |1.14909e-05 
5642 |9.52934e-06 
5643 |9.5225e-06 
5644 |9.53356e-06 
5645 |9.5166e-06 
5646 |9.50548e-06 
5647 |9.52881e-06 
5648 |9.52284e-06 
5649 |9.53658e-06 
5650 |9.55106e-06 
5651 |9.53531e-06 
5652 |9.55703e-06 
5653 |9.51821e-06 
5654 |9.56125e-06 
5655 |9.6004e-06 
5656 |9.51285e-06 
5657 |9.56407e-06 
5658 |9.4916e-06 
5659 |9.60348e-06 
5660 |9.54744e-06 
5661 |9.49106e-06 
5662 |9.5225e-06 
5663 |9.4674e-06 
5664 |9.516e-06 
5665 |9.50963e-06 
5666 |4.52696e-06 
5667 |4.48821e-06 
5668 |4.51047e-06 
5669 |4.53554e-06 
5670 |4.52756e-06 
5671 |4.53138e-06 
5672 |4.54633e-06 
5673 |4.55947e-06 
5674 |4.54084e-06 
5675 |4.55699e-06 
5676 |4.55243e-06 
5677 |4.54747e-06 
5678 |4.54037e-06 
5679 |4.54935e-06 
5680 |4.54593e-06 
5681 |4.54881e-06 
5682 |4.49458e-06 
5683 |4.55109e-06 
5684 |4.53715e-06 
5685 |4.50672e-06 
5686 |4.498e-06 
5687 |4.50417e-06 
5688 |4.53346e-06 
5689 |4.51402e-06 
5690 |1.38966e-05 
5691 |1.38229e-05 
5692 |1.38732e-05 
5693 |1.3789e-05 
5694 |1.38321e-05 
5695 |1.39292e-05 
5696 |1.38303e-05 
5697 |1.38845e-05 
5698 |1.38858e-05 
5699 |1.38825e-05 
5700 |1.38711e-05 
5701 |1.38564e-05 
5702 |1.38781e-05 
5703 |1.38512e-05 
5704 |1.38441e-05 
5705 |1.38866e-05 
5706 |1.39095e-05 
5707 |1.38896e-05 
5708 |1.38503e-05 
5709 |1.3886e-05 
5710 |1.38641e-05 
5711 |1.37935e-05 
5712 |1.3889e-05 
5713 |1.38309e-05 
5714 |1.04443e-05 
5715 |1.04274e-05 
5716 |1.04215e-05 
5717 |1.04243e-05 
5718 |1.03874e-05 
5719 |1.04899e-05 
5720 |1.04373e-05 
5721 |1.04254e-05 
5722 |1.04014e-05 
5723 |1.04457e-05 
5724 |1.04602e-05 
5725 |1.04771e-05 
5726 |1.04844e-05 
5727 |1.045e-05 
5728 |1.04805e-05 
5729 |1.0417e-05 
5730 |1.04182e-05 
5731 |1.03984e-05 
5732 |1.04815e-05 
5733 |1.0484e-05 
5734 |1.04386e-05 
5735 |1.04325e-05 
5736 |1.03987e-05 
5737 |1.04022e-05 
5738 |1.09689e-05 
5739 |1.09088e-05 
5740 |1.09899e-05 
5741 |1.09456e-05 
5742 |1.09854e-05 
5743 |1.10046e-05 
5744 |1.09872e-05 
5745 |1.095e-05 
5746 |1.09577e-05 
5747 |1.10217e-05 
5748 |1.10275e-05 
5749 |1.09943e-05 
5750 |1.09658e-05 
5751 |1.0972e-05 
5752 |1.09207e-05 
5753 |1.0949e-05 
5754 |1.0954e-05 
5755 |1.09871e-05 
5756 |1.09612e-05 
5757 |1.0947e-05 
5758 |1.09449e-05 
5759 |1.09646e-05 
5760 |1.09527e-05 
5761 |1.09868e-05 
5762 |1.0038e-05 
5763 |1.00581e-05 
5764 |1.00703e-05 
5765 |1.00683e-05 
5766 |1.00731e-05 
5767 |1.00312e-05 
5768 |1.01301e-05 
5769 |1.00331e-05 
5770 |1.01152e-05 
5771 |1.00949e-05 
5772 |1.00634e-05 
5773 |1.01384e-05 
5774 |1.01062e-05 
5775 |1.0102e-05 
5776 |1.00542e-05 
5777 |1.0053e-05 
5778 |1.0076e-05 
5779 |1.00199e-05 
5780 |1.01277e-05 
5781 |1.01002e-05 
5782 |1.00747e-05 
5783 |1.00483e-05 
5784 |1.00625e-05 
5785 |1.00651e-05 
5786 |1.1566e-05 
5787 |1.15466e-05 
5788 |1.15789e-05 
5789 |1.15355e-05 
5790 |1.16491e-05 
5791 |1.15219e-05 
5792 |1.15804e-05 
5793 |1.15192e-05 
5794 |1.15158e-05 
5795 |1.15627e-05 
5796 |1.15813e-05 
5797 |1.15666e-05 
5798 |1.15543e-05 
5799 |1.15569e-05 
5800 |1.15466e-05 
5801 |1.16077e-05 
5802 |1.15705e-05 
5803 |1.15695e-05 
5804 |1.15658e-05 
5805 |1.15048e-05 
5806 |1.15475e-05 
5807 |1.15868e-05 
5808 |1.15845e-05 
5809 |1.16232e-05 
5810 |8.36908e-06 
5811 |8.33931e-06 
5812 |8.36056e-06 
5813 |8.36016e-06 
5814 |8.35138e-06 
5815 |8.36284e-06 
5816 |8.33643e-06 
5817 |8.33408e-06 
5818 |8.3556e-06 
5819 |8.36063e-06 
5820 |8.35708e-06 
5821 |8.36539e-06 
5822 |8.37719e-06 
5823 |8.36854e-06 
5824 |8.37102e-06 
5825 |8.37504e-06 
5826 |8.32926e-06 
5827 |8.34984e-06 
5828 |8.34897e-06 
5829 |8.37162e-06 
5830 |8.39475e-06 
5831 |8.3316e-06 
5832 |8.35641e-06 
5833 |8.32363e-06 
5834 |3.64315e-06 
5835 |3.6703e-06 
5836 |3.66977e-06 
5837 |3.65448e-06 
5838 |3.67929e-06 
5839 |3.68224e-06 
5840 |3.70778e-06 
5841 |3.66608e-06 
5842 |3.6992e-06 
5843 |3.72849e-06 
5844 |3.69008e-06 
5845 |3.7126e-06 
5846 |3.69377e-06 
5847 |3.7244e-06 
5848 |3.66032e-06 
5849 |3.67412e-06 
5850 |3.68706e-06 
5851 |3.68183e-06 
5852 |3.652e-06 
5853 |3.616e-06 
5854 |3.65509e-06 
5855 |3.68954e-06 
5856 |3.67734e-06 
5857 |3.66595e-06 
5858 |1.16021e-05 
5859 |1.16813e-05 
5860 |1.16636e-05 
5861 |1.16276e-05 
5862 |1.16552e-05 
5863 |1.16669e-05 
5864 |1.16777e-05 
5865 |1.16417e-05 
5866 |1.16651e-05 
5867 |1.16157e-05 
5868 |1.16452e-05 
5869 |1.17303e-05 
5870 |1.16467e-05 
5871 |1.16362e-05 
5872 |1.16587e-05 
5873 |1.16536e-05 
5874 |1.16634e-05 
5875 |1.16873e-05 
5876 |1.16492e-05 
5877 |1.16648e-05 
5878 |1.1721e-05 
5879 |1.16701e-05 
5880 |1.15945e-05 
5881 |1.16953e-05 
5882 |8.82566e-06 
5883 |8.81165e-06 
5884 |8.79865e-06 
5885 |8.78792e-06 
5886 |8.81628e-06 
5887 |8.78289e-06 
5888 |8.83806e-06 
5889 |8.84108e-06 
5890 |8.81762e-06 
5891 |8.81742e-06 
5892 |8.82311e-06 
5893 |8.87634e-06 
5894 |8.85308e-06 
5895 |8.85107e-06 
5896 |8.81246e-06 
5897 |8.83431e-06 
5898 |8.80669e-06 
5899 |8.81219e-06 
5900 |8.80307e-06 
5901 |8.79556e-06 
5902 |8.78685e-06 
5903 |8.80662e-06 
5904 |8.85e-06 
5905 |8.85382e-06 
5906 |9.10976e-06 
5907 |9.18746e-06 
5908 |9.13094e-06 
5909 |9.1589e-06 
5910 |9.14046e-06 
5911 |9.14522e-06 
5912 |9.16319e-06 
5913 |9.13517e-06 
5914 |9.04581e-06 
5915 |9.13524e-06 
5916 |9.10768e-06 
5917 |9.12813e-06 
5918 |9.11915e-06 
5919 |9.11291e-06 
5920 |9.16895e-06 
5921 |9.12491e-06 
5922 |9.17076e-06 
5923 |9.12605e-06 
5924 |9.0873e-06 
5925 |9.12625e-06 
5926 |9.1461e-06 
5927 |9.13999e-06 
5928 |9.14683e-06 
5929 |9.13738e-06 
5930 |8.1197e-06 
5931 |8.09155e-06 
5932 |8.13023e-06 
5933 |8.13231e-06 
5934 |8.16643e-06 
5935 |8.12037e-06 
5936 |8.13559e-06 
5937 |8.12191e-06 
5938 |8.1498e-06 
5939 |8.13961e-06 
5940 |8.12607e-06 
5941 |8.15396e-06 
5942 |8.12728e-06 
5943 |8.11615e-06 
5944 |8.11213e-06 
5945 |8.11729e-06 
5946 |8.1437e-06 
5947 |8.10281e-06 
5948 |8.09094e-06 
5949 |8.17581e-06 
5950 |8.14819e-06 
5951 |8.1199e-06 
5952 |8.13029e-06 
5953 |8.09852e-06 
5954 |8.81628e-06 
5955 |8.84765e-06 
5956 |8.8803e-06 
5957 |8.82854e-06 
5958 |8.87822e-06 
5959 |8.81091e-06 
5960 |8.88063e-06 
5961 |8.80609e-06 
5962 |8.8455e-06 
5963 |8.79147e-06 
5964 |8.84879e-06 
5965 |8.86675e-06 
5966 |8.86454e-06 
5967 |8.88948e-06 
5968 |8.8634e-06 
5969 |8.84182e-06 
5970 |8.8199e-06 
5971 |8.86139e-06 
5972 |8.90885e-06 
5973 |8.8439e-06 
5974 |8.83143e-06 
5975 |8.83297e-06 
5976 |8.84302e-06 
5977 |8.87064e-06 
5978 |6.04191e-06 
5979 |6.05659e-06 
5980 |6.05974e-06 
5981 |6.02435e-06 
5982 |6.03615e-06 
5983 |6.0509e-06 
5984 |6.04433e-06 
5985 |6.06524e-06 
5986 |6.0816e-06 
5987 |6.07302e-06 
5988 |6.04929e-06 
5989 |6.08167e-06 
5990 |6.10741e-06 
5991 |6.03675e-06 
5992 |6.07087e-06 
5993 |6.05204e-06 
5994 |6.0633e-06 
5995 |6.07181e-06 
5996 |6.03293e-06 
5997 |6.03554e-06 
5998 |6.06497e-06 
5999 |6.0281e-06 
6000 |6.0094e-06 
6001 |6.07114e-06 
6002 |1.10371e-05 
6003 |1.10369e-05 
6004 |1.09956e-05 
6005 |1.10524e-05 
6006 |1.10444e-05 
6007 |1.10345e-05 
6008 |1.10342e-05 
6009 |1.1045e-05 
6010 |1.10326e-05 
6011 |1.10431e-05 
6012 |1.10265e-05 
6013 |1.0994e-05 
6014 |1.10013e-05 
6015 |1.09905e-05 
6016 |1.10051e-05 
6017 |1.10244e-05 
6018 |1.10513e-05 
6019 |1.11125e-05 
6020 |1.10485e-05 
6021 |1.10499e-05 
6022 |1.10279e-05 
6023 |1.0968e-05 
6024 |1.10568e-05 
6025 |1.10692e-05 
6026 |8.40843e-06 
6027 |8.39013e-06 
6028 |8.41312e-06 
6029 |8.4095e-06 
6030 |8.42706e-06 
6031 |8.3916e-06 
6032 |8.35493e-06 
6033 |8.41171e-06 
6034 |8.37457e-06 
6035 |8.44624e-06 
6036 |8.40695e-06 
6037 |8.3725e-06 
6038 |8.37189e-06 
6039 |8.42291e-06 
6040 |8.39743e-06 
6041 |8.37297e-06 
6042 |8.38135e-06 
6043 |8.4034e-06 
6044 |8.3558e-06 
6045 |8.39348e-06 
6046 |8.39221e-06 
6047 |8.35473e-06 
6048 |8.40125e-06 
6049 |8.38845e-06 
6050 |8.54009e-06 
6051 |8.54049e-06 
6052 |8.60712e-06 
6053 |8.55678e-06 
6054 |8.57374e-06 
6055 |8.57863e-06 
6056 |8.54384e-06 
6057 |8.54042e-06 
6058 |8.56275e-06 
6059 |8.53425e-06 
6060 |8.55416e-06 
6061 |8.52105e-06 
6062 |8.54699e-06 
6063 |8.54867e-06 
6064 |8.5543e-06 
6065 |8.53204e-06 
6066 |8.53218e-06 
6067 |8.58882e-06 
6068 |8.57843e-06 
6069 |8.55497e-06 
6070 |8.53244e-06 
6071 |8.54947e-06 
6072 |8.55075e-06 
6073 |8.58668e-06 
6074 |7.34282e-06 
6075 |7.41475e-06 
6076 |7.34403e-06 
6077 |7.41549e-06 
6078 |7.38116e-06 
6079 |7.38941e-06 
6080 |7.41046e-06 
6081 |7.38693e-06 
6082 |7.44257e-06 
6083 |7.39792e-06 
6084 |7.38244e-06 
6085 |7.42105e-06 
6086 |7.43325e-06 
6087 |7.43459e-06 
6088 |7.45249e-06 
6089 |7.36809e-06 
6090 |7.40335e-06 
6091 |7.38773e-06 
6092 |7.36903e-06 
6093 |7.40221e-06 
6094 |7.37922e-06 
6095 |7.40972e-06 
6096 |7.37345e-06 
6097 |7.41542e-06 
6098 |7.82193e-06 
6099 |7.78794e-06 
6100 |7.77306e-06 
6101 |7.77199e-06 
6102 |7.80195e-06 
6103 |7.79122e-06 
6104 |7.78573e-06 
6105 |7.78908e-06 
6106 |7.78948e-06 
6107 |7.81201e-06 
6108 |7.81341e-06 
6109 |7.82749e-06 
6110 |7.77547e-06 
6111 |7.80068e-06 
6112 |7.78968e-06 
6113 |7.73974e-06 
6114 |7.786e-06 
6115 |7.80597e-06 
6116 |7.79592e-06 
6117 |7.74457e-06 
6118 |7.80001e-06 
6119 |7.77132e-06 
6120 |7.81777e-06 
6121 |7.8175e-06 
6122 |1.55332e-05 
6123 |1.55136e-05 
6124 |1.55176e-05 
6125 |1.55877e-05 
6126 |1.55538e-05 
6127 |1.55398e-05 
6128 |1.55231e-05 
6129 |1.55207e-05 
6130 |1.54814e-05 
6131 |1.55605e-05 
6132 |1.55385e-05 
6133 |1.55251e-05 
6134 |1.55359e-05 
6135 |1.54915e-05 
6136 |1.55512e-05 
6137 |1.54947e-05 
6138 |1.54688e-05 
6139 |1.55104e-05 
6140 |1.55198e-05 
6141 |1.54964e-05 
6142 |1.55456e-05 
6143 |1.55605e-05 
6144 |1.55316e-05 
6145 |1.55717e-05 
6146 |1.18482e-05 
6147 |1.18107e-05 
6148 |1.18628e-05 
6149 |1.18598e-05 
6150 |1.18804e-05 
6151 |1.19079e-05 
6152 |1.18868e-05 
6153 |1.18593e-05 
6154 |1.18477e-05 
6155 |1.1847e-05 
6156 |1.18532e-05 
6157 |1.18711e-05 
6158 |1.18247e-05 
6159 |1.18326e-05 
6160 |1.18275e-05 
6161 |1.18456e-05 
6162 |1.18222e-05 
6163 |1.18044e-05 
6164 |1.18336e-05 
6165 |1.1858e-05 
6166 |1.18866e-05 
6167 |1.18903e-05 
6168 |1.18113e-05 
6169 |1.18757e-05 
6170 |1.17629e-05 
6171 |1.17683e-05 
6172 |1.17735e-05 
6173 |1.17726e-05 
6174 |1.17647e-05 
6175 |1.17637e-05 
6176 |1.17643e-05 
6177 |1.17313e-05 
6178 |1.17428e-05 
6179 |1.17661e-05 
6180 |1.17143e-05 
6181 |1.17911e-05 
6182 |1.17875e-05 
6183 |1.18217e-05 
6184 |1.17554e-05 
6185 |1.17794e-05 
6186 |1.177e-05 
6187 |1.17669e-05 
6188 |1.18121e-05 
6189 |1.18298e-05 
6190 |1.17817e-05 
6191 |1.17074e-05 
6192 |1.17838e-05 
6193 |1.18082e-05 
6194 |9.82732e-06 
6195 |9.86017e-06 
6196 |9.82759e-06 
6197 |9.81257e-06 
6198 |9.85031e-06 
6199 |9.83161e-06 
6200 |9.8542e-06 
6201 |9.84428e-06 
6202 |9.82712e-06 
6203 |9.82725e-06 
6204 |9.81652e-06 
6205 |9.82993e-06 
6206 |9.85185e-06 
6207 |9.78053e-06 
6208 |9.83791e-06 
6209 |9.81049e-06 
6210 |9.81471e-06 
6211 |9.84039e-06 
6212 |9.82216e-06 
6213 |9.8058e-06 
6214 |9.79903e-06 
6215 |9.79306e-06 
6216 |9.78763e-06 
6217 |9.83127e-06 
6218 |8.53305e-06 
6219 |8.54123e-06 
6220 |8.54894e-06 
6221 |8.50838e-06 
6222 |8.53385e-06 
6223 |8.54639e-06 
6224 |8.49095e-06 
6225 |8.54941e-06 
6226 |8.53405e-06 
6227 |8.52588e-06 
6228 |8.53419e-06 
6229 |8.50818e-06 
6230 |8.52453e-06 
6231 |8.52742e-06 
6232 |8.50141e-06 
6233 |8.53305e-06 
6234 |8.47694e-06 
6235 |8.53995e-06 
6236 |8.49128e-06 
6237 |8.54002e-06 
6238 |8.56181e-06 
6239 |8.55209e-06 
6240 |8.50094e-06 
6241 |8.51763e-06 
6242 |8.79362e-06 
6243 |8.79362e-06 
6244 |8.75185e-06 
6245 |8.75608e-06 
6246 |8.73818e-06 
6247 |8.78135e-06 
6248 |8.80535e-06 
6249 |8.8384e-06 
6250 |8.83371e-06 
6251 |8.81406e-06 
6252 |8.73349e-06 
6253 |8.7544e-06 
6254 |8.79979e-06 
6255 |8.78323e-06 
6256 |8.7963e-06 
6257 |8.78095e-06 
6258 |8.81111e-06 
6259 |8.79355e-06 
6260 |8.78678e-06 
6261 |8.73168e-06 
6262 |8.74415e-06 
6263 |8.77579e-06 
6264 |8.75608e-06 
6265 |8.80381e-06 
6266 |8.39422e-06 
6267 |8.41815e-06 
6268 |8.30278e-06 
6269 |8.37089e-06 
6270 |8.3735e-06 
6271 |8.33469e-06 
6272 |8.41171e-06 
6273 |8.35487e-06 
6274 |8.37082e-06 
6275 |8.44315e-06 
6276 |8.37786e-06 
6277 |8.36318e-06 
6278 |8.40206e-06 
6279 |8.39549e-06 
6280 |8.41935e-06 
6281 |8.42787e-06 
6282 |8.40541e-06 
6283 |8.38986e-06 
6284 |8.33905e-06 
6285 |8.4087e-06 
6286 |8.35567e-06 
6287 |8.35145e-06 
6288 |8.35741e-06 
6289 |8.34501e-06 
6290 |8.28401e-06 
6291 |8.26785e-06 
6292 |8.2885e-06 
6293 |8.26732e-06 
6294 |8.29949e-06 
6295 |8.29286e-06 
6296 |8.2881e-06 
6297 |8.30083e-06 
6298 |8.34045e-06 
6299 |8.29306e-06 
6300 |8.28394e-06 
6301 |8.3255e-06 
6302 |8.29721e-06 
6303 |8.30928e-06 
6304 |8.32316e-06 
6305 |8.25109e-06 
6306 |8.28361e-06 
6307 |8.26839e-06 
6308 |8.22991e-06 
6309 |8.28347e-06 
6310 |8.28964e-06 
6311 |8.29527e-06 
6312 |8.31076e-06 
6313 |8.30593e-06 
6314 |8.04683e-06 
6315 |8.01224e-06 
6316 |7.98e-06 
6317 |7.9979e-06 
6318 |7.96726e-06 
6319 |8.03832e-06 
6320 |8.01995e-06 
6321 |7.98885e-06 
6322 |7.99548e-06 
6323 |8.02123e-06 
6324 |7.97926e-06 
6325 |8.04563e-06 
6326 |8.01097e-06 
6327 |8.01003e-06 
6328 |8.01573e-06 
6329 |8.02518e-06 
6330 |7.9857e-06 
6331 |8.00071e-06 
6332 |7.97946e-06 
6333 |8.00192e-06 
6334 |8.02183e-06 
6335 |7.95171e-06 
6336 |8.00996e-06 
6337 |8.00916e-06 
6338 |4.58488e-06 
6339 |4.57288e-06 
6340 |4.57268e-06 
6341 |4.56142e-06 
6342 |4.58186e-06 
6343 |4.57663e-06 
6344 |4.59359e-06 
6345 |4.57047e-06 
6346 |4.5773e-06 
6347 |4.57818e-06 
6348 |4.58669e-06 
6349 |4.56544e-06 
6350 |4.58696e-06 
6351 |4.61404e-06 
6352 |4.56101e-06 
6353 |4.60077e-06 
6354 |4.56323e-06 
6355 |4.58146e-06 
6356 |4.60258e-06 
6357 |4.57549e-06 
6358 |4.59346e-06 
6359 |4.57047e-06 
6360 |4.5458e-06 
6361 |4.56939e-06 
6362 |8.63997e-06 
6363 |8.64011e-06 
6364 |8.68368e-06 
6365 |8.67684e-06 
6366 |8.65351e-06 
6367 |8.63521e-06 
6368 |8.67946e-06 
6369 |8.6393e-06 
6370 |8.66538e-06 
6371 |8.66095e-06 
6372 |8.65157e-06 
6373 |8.66739e-06 
6374 |8.62529e-06 
6375 |8.62522e-06 
6376 |8.64788e-06 
6377 |8.63535e-06 
6378 |8.62026e-06 
6379 |8.68609e-06 
6380 |8.67939e-06 
6381 |8.5612e-06 
6382 |8.68475e-06 
6383 |8.65371e-06 
6384 |8.67483e-06 
6385 |8.67979e-06 
6386 |8.984e-06 
6387 |8.96268e-06 
6388 |8.92669e-06 
6389 |8.96858e-06 
6390 |8.96288e-06 
6391 |8.96201e-06 
6392 |8.96805e-06 
6393 |8.99198e-06 
6394 |8.99432e-06 
6395 |8.97321e-06 
6396 |8.89833e-06 
6397 |8.96758e-06 
6398 |9.01236e-06 
6399 |8.94204e-06 
6400 |8.94063e-06 
6401 |8.97227e-06 
6402 |8.92126e-06 
6403 |8.91502e-06 
6404 |8.9777e-06 
6405 |8.99071e-06 
6406 |8.98467e-06 
6407 |8.94995e-06 
6408 |8.97529e-06 
6409 |8.96885e-06 
6410 |8.65251e-06 
6411 |8.60873e-06 
6412 |8.64587e-06 
6413 |8.65653e-06 
6414 |8.63293e-06 
6415 |8.62697e-06 
6416 |8.61503e-06 
6417 |8.57682e-06 
6418 |8.63628e-06 
6419 |8.60096e-06 
6420 |8.61302e-06 
6421 |8.62294e-06 
6422 |8.5972e-06 
6423 |8.62147e-06 
6424 |8.60049e-06 
6425 |8.57508e-06 
6426 |8.62589e-06 
6427 |8.62268e-06 
6428 |8.63796e-06 
6429 |8.64714e-06 
6430 |8.59901e-06 
6431 |8.6153e-06 
6432 |8.6332e-06 
6433 |8.63394e-06 
6434 |8.65137e-06 
6435 |8.60806e-06 
6436 |8.65244e-06 
6437 |8.63897e-06 
6438 |8.6025e-06 
6439 |8.62261e-06 
6440 |8.61054e-06 
6441 |8.63199e-06 
6442 |8.61376e-06 
6443 |8.61953e-06 
6444 |8.63776e-06 
6445 |8.64929e-06 
6446 |8.62951e-06 
6447 |8.59419e-06 
6448 |8.62375e-06 
6449 |8.65975e-06 
6450 |8.68971e-06 
6451 |8.67188e-06 
6452 |8.61999e-06 
6453 |8.6747e-06 
6454 |8.65686e-06 
6455 |8.65217e-06 
6456 |8.66819e-06 
6457 |8.65244e-06 
6458 |8.53647e-06 
6459 |8.59392e-06 
6460 |8.5852e-06 
6461 |8.56945e-06 
6462 |8.56073e-06 
6463 |8.59687e-06 
6464 |8.59459e-06 
6465 |8.59291e-06 
6466 |8.58473e-06 
6467 |8.58688e-06 
6468 |8.61751e-06 
6469 |8.56409e-06 
6470 |8.57112e-06 
6471 |8.5663e-06 
6472 |8.59499e-06 
6473 |8.59633e-06 
6474 |8.61021e-06 
6475 |8.59915e-06 
6476 |8.57964e-06 
6477 |8.56134e-06 
6478 |8.56978e-06 
6479 |8.60786e-06 
6480 |8.57488e-06 
6481 |8.56321e-06 
6482 |5.9057e-06 
6483 |5.90677e-06 
6484 |5.90335e-06 
6485 |5.9429e-06 
6486 |5.95021e-06 
6487 |5.95356e-06 
6488 |5.95852e-06 
6489 |5.9494e-06 
6490 |5.92634e-06 
6491 |5.96945e-06 
6492 |5.93305e-06 
6493 |5.95637e-06 
6494 |5.93975e-06 
6495 |5.92909e-06 
6496 |5.9315e-06 
6497 |5.93915e-06 
6498 |5.91555e-06 
6499 |5.96113e-06 
6500 |5.94035e-06 
6501 |5.93365e-06 
6502 |5.91904e-06 
6503 |5.91126e-06 
6504 |5.91528e-06 
6505 |5.91997e-06 
6506 |1.02801e-05 
6507 |1.03239e-05 
6508 |1.02464e-05 
6509 |1.03192e-05 
6510 |1.02854e-05 
6511 |1.03416e-05 
6512 |1.02629e-05 
6513 |1.03233e-05 
6514 |1.02767e-05 
6515 |1.02905e-05 
6516 |1.02515e-05 
6517 |1.02967e-05 
6518 |1.02804e-05 
6519 |1.0273e-05 
6520 |1.03128e-05 
6521 |1.02697e-05 
6522 |1.03285e-05 
6523 |1.02821e-05 
6524 |1.02263e-05 
6525 |1.03058e-05 
6526 |1.02936e-05 
6527 |1.02474e-05 
6528 |1.02681e-05 
6529 |1.02821e-05 
6530 |1.05874e-05 
6531 |1.0548e-05 
6532 |1.06466e-05 
6533 |1.05693e-05 
6534 |1.0673e-05 
6535 |1.06184e-05 
6536 |1.05923e-05 
6537 |1.0624e-05 
6538 |1.06063e-05 
6539 |1.0573e-05 
6540 |1.06381e-05 
6541 |1.06031e-05 
6542 |1.0607e-05 
6543 |1.06131e-05 
6544 |1.06223e-05 
6545 |1.06101e-05 
6546 |1.05697e-05 
6547 |1.05785e-05 
6548 |1.06358e-05 
6549 |1.06059e-05 
6550 |1.05712e-05 
6551 |1.06173e-05 
6552 |1.06213e-05 
6553 |1.06524e-05 
6554 |1.00089e-05 
6555 |1.00296e-05 
6556 |9.9992e-06 
6557 |1.00584e-05 
6558 |1.00164e-05 
6559 |1.00271e-05 
6560 |9.99759e-06 
6561 |1.00213e-05 
6562 |1.00168e-05 
6563 |9.96776e-06 
6564 |1.008e-05 
6565 |9.99283e-06 
6566 |9.98217e-06 
6567 |1.00057e-05 
6568 |9.99176e-06 
6569 |1.00335e-05 
6570 |1.00105e-05 
6571 |9.99511e-06 
6572 |9.9874e-06 
6573 |1.00301e-05 
6574 |1.00463e-05 
6575 |1.00158e-05 
6576 |1.00091e-05 
6577 |1.003e-05 
6578 |9.72401e-06 
6579 |9.67153e-06 
6580 |9.722e-06 
6581 |9.71403e-06 
6582 |9.71336e-06 
6583 |9.74634e-06 
6584 |9.72107e-06 
6585 |9.6856e-06 
6586 |9.66234e-06 
6587 |9.68929e-06 
6588 |9.70156e-06 
6589 |9.71885e-06 
6590 |9.69311e-06 
6591 |9.69626e-06 
6592 |9.67273e-06 
6593 |9.72864e-06 
6594 |9.72723e-06 
6595 |9.66422e-06 
6596 |9.63868e-06 
6597 |9.65785e-06 
6598 |9.70739e-06 
6599 |9.69432e-06 
6600 |9.69345e-06 
6601 |9.73159e-06 
6602 |9.12665e-06 
6603 |9.11881e-06 
6604 |9.08013e-06 
6605 |9.12451e-06 
6606 |9.11854e-06 
6607 |9.1227e-06 
6608 |9.10165e-06 
6609 |9.11653e-06 
6610 |9.10232e-06 
6611 |9.10058e-06 
6612 |9.12531e-06 
6613 |9.12149e-06 
6614 |9.10755e-06 
6615 |9.13222e-06 
6616 |9.16225e-06 
6617 |9.0688e-06 
6618 |9.07437e-06 
6619 |9.10259e-06 
6620 |9.08167e-06 
6621 |9.11144e-06 
6622 |9.12786e-06 
6623 |9.12639e-06 
6624 |9.09387e-06 
6625 |9.1107e-06 
6626 |6.00337e-06 
6627 |5.96636e-06 
6628 |5.99076e-06 
6629 |6.00726e-06 
6630 |5.9976e-06 
6631 |6.00115e-06 
6632 |6.01034e-06 
6633 |6.01597e-06 
6634 |6.03092e-06 
6635 |6.01671e-06 
6636 |5.99975e-06 
6637 |6.01543e-06 
6638 |5.96154e-06 
6639 |6.02455e-06 
6640 |5.98634e-06 
6641 |5.97984e-06 
6642 |6.01537e-06 
6643 |5.97186e-06 
6644 |5.98862e-06 
6645 |6.01027e-06 
6646 |5.98567e-06 
6647 |6.02321e-06 
6648 |5.99371e-06 
6649 |5.94934e-06 
6650 |1.09849e-05 
6651 |1.10125e-05 
6652 |1.10228e-05 
6653 |1.10609e-05 
6654 |1.10346e-05 
6655 |1.09943e-05 
6656 |1.10143e-05 
6657 |1.10196e-05 
6658 |1.10066e-05 
6659 |1.09968e-05 
6660 |1.09918e-05 
6661 |1.09843e-05 
6662 |1.09733e-05 
6663 |1.10092e-05 
6664 |1.10407e-05 
6665 |1.09641e-05 
6666 |1.1034e-05 
6667 |1.10668e-05 
6668 |1.1019e-05 
6669 |1.1071e-05 
6670 |1.10194e-05 
6671 |1.09609e-05 
6672 |1.09745e-05 
6673 |1.09662e-05 
6674 |1.14164e-05 
6675 |1.13753e-05 
6676 |1.1374e-05 
6677 |1.13919e-05 
6678 |1.13578e-05 
6679 |1.13754e-05 
6680 |1.14232e-05 
6681 |1.14098e-05 
6682 |1.14645e-05 
6683 |1.1421e-05 
6684 |1.13742e-05 
6685 |1.14374e-05 
6686 |1.14597e-05 
6687 |1.14452e-05 
6688 |1.14735e-05 
6689 |1.14312e-05 
6690 |1.14072e-05 
6691 |1.13869e-05 
6692 |1.1418e-05 
6693 |1.1404e-05 
6694 |1.14412e-05 
6695 |1.14012e-05 
6696 |1.13883e-05 
6697 |1.14009e-05 
6698 |1.06459e-05 
6699 |1.06334e-05 
6700 |1.0644e-05 
6701 |1.05836e-05 
6702 |1.06445e-05 
6703 |1.06196e-05 
6704 |1.05749e-05 
6705 |1.05819e-05 
6706 |1.06541e-05 
6707 |1.05718e-05 
6708 |1.06233e-05 
6709 |1.0644e-05 
6710 |1.06682e-05 
6711 |1.06028e-05 
6712 |1.05725e-05 
6713 |1.06412e-05 
6714 |1.06161e-05 
6715 |1.06141e-05 
6716 |1.06351e-05 
6717 |1.06685e-05 
6718 |1.06058e-05 
6719 |1.05728e-05 
6720 |1.06277e-05 
6721 |1.05766e-05 
6722 |9.79018e-06 
6723 |9.86499e-06 
6724 |9.84656e-06 
6725 |9.86419e-06 
6726 |9.83925e-06 
6727 |9.89972e-06 
6728 |9.93364e-06 
6729 |9.8727e-06 
6730 |9.82276e-06 
6731 |9.86486e-06 
6732 |9.89362e-06 
6733 |9.83811e-06 
6734 |9.84783e-06 
6735 |9.88175e-06 
6736 |9.91882e-06 
6737 |9.89523e-06 
6738 |9.91514e-06 
6739 |9.97245e-06 
6740 |9.85071e-06 
6741 |9.79467e-06 
6742 |9.87096e-06 
6743 |9.84703e-06 
6744 |9.88758e-06 
6745 |9.82692e-06 
6746 |8.79154e-06 
6747 |8.78229e-06 
6748 |8.77921e-06 
6749 |8.79007e-06 
6750 |8.76124e-06 
6751 |8.81252e-06 
6752 |8.81621e-06 
6753 |8.78216e-06 
6754 |8.82104e-06 
6755 |8.81534e-06 
6756 |8.77646e-06 
6757 |8.81708e-06 
6758 |8.7841e-06 
6759 |8.80964e-06 
6760 |8.78678e-06 
6761 |8.76231e-06 
6762 |8.79972e-06 
6763 |8.78068e-06 
6764 |8.81091e-06 
6765 |8.76432e-06 
6766 |8.8138e-06 
6767 |8.80374e-06 
6768 |8.74689e-06 
6769 |8.77398e-06 
6770 |7.2906e-06 
6771 |7.22329e-06 
6772 |7.26465e-06 
6773 |7.25829e-06 
6774 |7.25741e-06 
6775 |7.22866e-06 
6776 |7.26284e-06 
6777 |7.26325e-06 
6778 |7.25963e-06 
6779 |7.26653e-06 
6780 |7.24924e-06 
6781 |7.24407e-06 
6782 |7.25346e-06 
6783 |7.22966e-06 
6784 |7.25085e-06 
6785 |7.24106e-06 
6786 |7.25346e-06 
6787 |7.2298e-06 
6788 |7.24032e-06 
6789 |7.2723e-06 
6790 |7.2357e-06 
6791 |7.26754e-06 
6792 |7.29348e-06 
6793 |7.26392e-06 
6794 |7.53387e-06 
6795 |7.57275e-06 
6796 |7.53796e-06 
6797 |7.56096e-06 
6798 |7.52449e-06 
6799 |7.56042e-06 
6800 |7.55921e-06 
6801 |7.56424e-06 
6802 |7.54567e-06 
6803 |7.56075e-06 
6804 |7.56913e-06 
6805 |7.53153e-06 
6806 |7.5387e-06 
6807 |7.54091e-06 
6808 |7.52281e-06 
6809 |7.53092e-06 
6810 |7.53749e-06 
6811 |7.52033e-06 
6812 |7.55465e-06 
6813 |7.5629e-06 
6814 |7.52884e-06 
6815 |7.5501e-06 
6816 |7.52838e-06 
6817 |7.57001e-06 
6818 |6.87571e-06 
6819 |6.90226e-06 
6820 |6.88778e-06 
6821 |6.91325e-06 
6822 |6.90923e-06 
6823 |6.8989e-06 
6824 |6.91459e-06 
6825 |6.91345e-06 
6826 |6.91855e-06 
6827 |6.9217e-06 
6828 |6.93376e-06 
6829 |6.90085e-06 
6830 |6.88282e-06 
6831 |6.91345e-06 
6832 |6.92592e-06 
6833 |6.8975e-06 
6834 |6.91768e-06 
6835 |6.87008e-06 
6836 |6.89488e-06 
6837 |6.91814e-06 
6838 |6.83884e-06 
6839 |6.88114e-06 
6840 |6.90038e-06 
6841 |6.87296e-06 
6842 |6.25422e-06 
6843 |6.24939e-06 
6844 |6.18564e-06 
6845 |6.25013e-06 
6846 |6.24215e-06 
6847 |6.27138e-06 
6848 |6.25737e-06 
6849 |6.25261e-06 
6850 |6.28143e-06 
6851 |6.28727e-06 
6852 |6.22284e-06 
6853 |6.19529e-06 
6854 |6.23652e-06 
6855 |6.23136e-06 
6856 |6.20743e-06 
6857 |6.21406e-06 
6858 |6.24838e-06 
6859 |6.2097e-06 
6860 |6.23813e-06 
6861 |6.19804e-06 
6862 |6.26548e-06 
6863 |6.20816e-06 
6864 |6.19382e-06 
6865 |6.20709e-06 
6866 |5.38207e-06 
6867 |5.38878e-06 
6868 |5.43584e-06 
6869 |5.38831e-06 
6870 |5.39588e-06 
6871 |5.37758e-06 
6872 |5.42411e-06 
6873 |5.40312e-06 
6874 |5.36384e-06 
6875 |5.39401e-06 
6876 |5.43027e-06 
6877 |5.38248e-06 
6878 |5.38663e-06 
6879 |5.41083e-06 
6880 |5.41425e-06 
6881 |5.3863e-06 
6882 |5.4162e-06 
6883 |5.43161e-06 
6884 |5.40862e-06 
6885 |5.40788e-06 
6886 |5.37966e-06 
6887 |5.39796e-06 
6888 |5.35982e-06 
6889 |5.40158e-06 
6890 |1.26455e-05 
6891 |1.26365e-05 
6892 |1.26977e-05 
6893 |1.26282e-05 
6894 |1.26893e-05 
6895 |1.26133e-05 
6896 |1.26202e-05 
6897 |1.2655e-05 
6898 |1.26833e-05 
6899 |1.26321e-05 
6900 |1.26542e-05 
6901 |1.26355e-05 
6902 |1.2679e-05 
6903 |1.26474e-05 
6904 |1.26636e-05 
6905 |1.26024e-05 
6906 |1.26597e-05 
6907 |1.26537e-05 
6908 |1.26932e-05 
6909 |1.26844e-05 
6910 |1.2693e-05 
6911 |1.2636e-05 
6912 |1.26534e-05 
6913 |1.26779e-05 
6914 |1.32041e-05 
6915 |1.32251e-05 
6916 |1.32253e-05 
6917 |1.31917e-05 
6918 |1.32031e-05 
6919 |1.32041e-05 
6920 |1.31548e-05 
6921 |1.32237e-05 
6922 |1.32099e-05 
6923 |1.31326e-05 
6924 |1.31864e-05 
6925 |1.31596e-05 
6926 |1.31579e-05 
6927 |1.31913e-05 
6928 |1.32191e-05 
6929 |1.3182e-05 
6930 |1.32257e-05 
6931 |1.32102e-05 
6932 |1.321e-05 
6933 |1.32313e-05 
6934 |1.31998e-05 
6935 |1.32106e-05 
6936 |1.31465e-05 
6937 |1.31707e-05 
6938 |1.17926e-05 
6939 |1.18026e-05 
6940 |1.17828e-05 
6941 |1.17598e-05 
6942 |1.17838e-05 
6943 |1.17236e-05 
6944 |1.17563e-05 
6945 |1.18131e-05 
6946 |1.18406e-05 
6947 |1.183e-05 
6948 |1.17494e-05 
6949 |1.17868e-05 
6950 |1.17434e-05 
6951 |1.17334e-05 
6952 |1.17698e-05 
6953 |1.17915e-05 
6954 |1.17834e-05 
6955 |1.1802e-05 
6956 |1.17693e-05 
6957 |1.17607e-05 
6958 |1.17474e-05 
6959 |1.17391e-05 
6960 |1.18e-05 
6961 |1.18115e-05 
6962 |1.02664e-05 
6963 |1.024e-05 
6964 |1.02823e-05 
6965 |1.02448e-05 
6966 |1.02888e-05 
6967 |1.01979e-05 
6968 |1.02787e-05 
6969 |1.033e-05 
6970 |1.02913e-05 
6971 |1.02572e-05 
6972 |1.02448e-05 
6973 |1.02267e-05 
6974 |1.02766e-05 
6975 |1.03054e-05 
6976 |1.02749e-05 
6977 |1.03265e-05 
6978 |1.03035e-05 
6979 |1.02849e-05 
6980 |1.02686e-05 
6981 |1.02574e-05 
6982 |1.02936e-05 
6983 |1.02689e-05 
6984 |1.02698e-05 
6985 |1.02784e-05 
6986 |6.40954e-06 
6987 |6.38025e-06 
6988 |6.43635e-06 
6989 |6.41504e-06 
6990 |6.44695e-06 
6991 |6.38454e-06 
6992 |6.39459e-06 
6993 |6.42596e-06 
6994 |6.36429e-06 
6995 |6.43682e-06 
6996 |6.42288e-06 
6997 |6.39928e-06 
6998 |6.40713e-06 
6999 |6.42174e-06 
7000 |6.41128e-06 
7001 |6.38125e-06 
7002 |6.38004e-06 
7003 |6.37924e-06 
7004 |6.42348e-06 
7005 |6.39238e-06 
7006 |6.38447e-06 
7007 |6.38822e-06 
7008 |6.41001e-06 
7009 |6.39881e-06 
7010 |6.47939e-06 
7011 |6.51787e-06 
7012 |6.48362e-06 
7013 |6.51224e-06 
7014 |6.50983e-06 
7015 |6.49622e-06 
7016 |6.47235e-06 
7017 |6.48335e-06 
7018 |6.4745e-06 
7019 |6.49756e-06 
7020 |6.48147e-06 
7021 |6.48636e-06 
7022 |6.4873e-06 
7023 |6.51418e-06 
7024 |6.5048e-06 
7025 |6.47725e-06 
7026 |6.51217e-06 
7027 |6.517e-06 
7028 |6.49092e-06 
7029 |6.49769e-06 
7030 |6.50681e-06 
7031 |6.5357e-06 
7032 |6.50862e-06 
7033 |6.4934e-06 
7034 |5.97709e-06 
7035 |6.02475e-06 
7036 |6.00156e-06 
7037 |6.01416e-06 
7038 |6.02187e-06 
7039 |6.03977e-06 
7040 |5.9978e-06 
7041 |6.03112e-06 
7042 |6.01302e-06 
7043 |5.99237e-06 
7044 |6.00518e-06 
7045 |6.05505e-06 
7046 |5.99231e-06 
7047 |6.03548e-06 
7048 |5.99821e-06 
7049 |5.9669e-06 
7050 |5.99894e-06 
7051 |5.99948e-06 
7052 |6.01631e-06 
7053 |6.00652e-06 
7054 |6.03226e-06 
7055 |6.04439e-06 
7056 |6.00799e-06 
7057 |6.02757e-06 
7058 |4.87595e-06 
7059 |4.91879e-06 
7060 |4.92784e-06 
7061 |4.90974e-06 
7062 |4.93293e-06 
7063 |4.90451e-06 
7064 |4.90719e-06 
7065 |4.91269e-06 
7066 |4.92247e-06 
7067 |4.90002e-06 
7068 |4.9155e-06 
7069 |4.9324e-06 
7070 |4.9033e-06 
7071 |4.93414e-06 
7072 |4.89103e-06 
7073 |4.92013e-06 
7074 |4.92509e-06 
7075 |4.93575e-06 
7076 |4.92154e-06 
7077 |4.9092e-06 
7078 |4.88735e-06 
7079 |4.86657e-06 
7080 |4.90833e-06 
7081 |4.9385e-06 
7082 |1.43507e-05 
7083 |1.42882e-05 
7084 |1.43369e-05 
7085 |1.42911e-05 
7086 |1.43294e-05 
7087 |1.43068e-05 
7088 |1.43072e-05 
7089 |1.4284e-05 
7090 |1.43438e-05 
7091 |1.43039e-05 
7092 |1.42963e-05 
7093 |1.42106e-05 
7094 |1.43362e-05 
7095 |1.43039e-05 
7096 |1.43055e-05 
7097 |1.43154e-05 
7098 |1.43011e-05 
7099 |1.42746e-05 
7100 |1.43308e-05 
7101 |1.43373e-05 
7102 |1.4372e-05 
7103 |1.43301e-05 
7104 |1.43409e-05 
7105 |1.43562e-05 
7106 |1.59251e-05 
7107 |1.58886e-05 
7108 |1.58575e-05 
7109 |1.59701e-05 
7110 |1.58698e-05 
7111 |1.59446e-05 
7112 |1.59492e-05 
7113 |1.58901e-05 
7114 |1.5893e-05 
7115 |1.58735e-05 
7116 |1.58875e-05 
7117 |1.59093e-05 
7118 |1.58457e-05 
7119 |1.59143e-05 
7120 |1.59237e-05 
7121 |1.59011e-05 
7122 |1.58881e-05 
7123 |1.58881e-05 
7124 |1.58659e-05 
7125 |1.59326e-05 
7126 |1.58873e-05 
7127 |1.58249e-05 
7128 |1.59307e-05 
7129 |1.58832e-05 
7130 |1.69518e-05 
7131 |1.69847e-05 
7132 |1.70234e-05 
7133 |1.70082e-05 
7134 |1.69728e-05 
7135 |1.70166e-05 
7136 |1.69882e-05 
7137 |1.69788e-05 
7138 |1.69819e-05 
7139 |1.69697e-05 
7140 |1.70316e-05 
7141 |1.70204e-05 
7142 |1.70491e-05 
7143 |1.70662e-05 
7144 |1.70668e-05 
7145 |1.70352e-05 
7146 |1.69561e-05 
7147 |1.7017e-05 
7148 |1.69627e-05 
7149 |1.70095e-05 
7150 |1.69507e-05 
7151 |1.69476e-05 
7152 |1.69973e-05 
7153 |1.70269e-05 
7154 |1.80681e-05 
7155 |1.81453e-05 
7156 |1.8102e-05 
7157 |1.81231e-05 
7158 |1.80219e-05 
7159 |1.81322e-05 
7160 |1.81328e-05 
7161 |1.81432e-05 
7162 |1.80864e-05 
7163 |1.80649e-05 
7164 |1.81403e-05 
7165 |1.81831e-05 
7166 |1.80837e-05 
7167 |1.8071e-05 
7168 |1.81161e-05 
7169 |1.81106e-05 
7170 |1.81433e-05 
7171 |1.8107e-05 
7172 |1.82024e-05 
7173 |1.8045e-05 
7174 |1.80926e-05 
7175 |1.81127e-05 
7176 |1.81535e-05 
7177 |1.80948e-05 
7178 |1.07332e-05 
7179 |1.07186e-05 
7180 |1.07576e-05 
7181 |1.06771e-05 
7182 |1.07217e-05 
7183 |1.06828e-05 
7184 |1.0729e-05 
7185 |1.0707e-05 
7186 |1.07788e-05 
7187 |1.06701e-05 
7188 |1.07283e-05 
7189 |1.07137e-05 
7190 |1.07125e-05 
7191 |1.07011e-05 
7192 |1.0745e-05 
7193 |1.07093e-05 
7194 |1.0743e-05 
7195 |1.07109e-05 
7196 |1.06966e-05 
7197 |1.06926e-05 
7198 |1.07014e-05 
7199 |1.07082e-05 
7200 |1.06944e-05 
7201 |1.068e-05 
7202 |1.11111e-05 
7203 |1.1044e-05 
7204 |1.10558e-05 
7205 |1.10426e-05 
7206 |1.09748e-05 
7207 |1.10625e-05 
7208 |1.10341e-05 
7209 |1.10429e-05 
7210 |1.1036e-05 
7211 |1.10224e-05 
7212 |1.10147e-05 
7213 |1.10565e-05 
7214 |1.10373e-05 
7215 |1.10461e-05 
7216 |1.10487e-05 
7217 |1.09955e-05 
7218 |1.108e-05 
7219 |1.10328e-05 
7220 |1.10334e-05 
7221 |1.10906e-05 
7222 |1.10777e-05 
7223 |1.10406e-05 
7224 |1.10148e-05 
7225 |1.10279e-05 
7226 |1.23333e-05 
7227 |1.23582e-05 
7228 |1.23705e-05 
7229 |1.23601e-05 
7230 |1.23471e-05 
7231 |1.23561e-05 
7232 |1.23266e-05 
7233 |1.23665e-05 
7234 |1.2336e-05 
7235 |1.23022e-05 
7236 |1.23905e-05 
7237 |1.23476e-05 
7238 |1.23823e-05 
7239 |1.23467e-05 
7240 |1.24201e-05 
7241 |1.23459e-05 
7242 |1.23435e-05 
7243 |1.22961e-05 
7244 |1.23871e-05 
7245 |1.23591e-05 
7246 |1.2374e-05 
7247 |1.23219e-05 
7248 |1.23601e-05 
7249 |1.23237e-05 
7250 |1.31157e-05 
7251 |1.31427e-05 
7252 |1.31378e-05 
7253 |1.31567e-05 
7254 |1.31541e-05 
7255 |1.31787e-05 
7256 |1.3159e-05 
7257 |1.31268e-05 
7258 |1.31545e-05 
7259 |1.31644e-05 
7260 |1.31352e-05 
7261 |1.31657e-05 
7262 |1.3141e-05 
7263 |1.31726e-05 
7264 |1.31187e-05 
7265 |1.32185e-05 
7266 |1.31205e-05 
7267 |1.31723e-05 
7268 |1.31516e-05 
7269 |1.31061e-05 
7270 |1.31836e-05 
7271 |1.31472e-05 
7272 |1.31079e-05 
7273 |1.31716e-05 
7274 |1.39395e-05 
7275 |1.39527e-05 
7276 |1.39528e-05 
7277 |1.39202e-05 
7278 |1.39421e-05 
7279 |1.39488e-05 
7280 |1.39708e-05 
7281 |1.39529e-05 
7282 |1.39428e-05 
7283 |1.39958e-05 
7284 |1.39687e-05 
7285 |1.39281e-05 
7286 |1.39204e-05 
7287 |1.39041e-05 
7288 |1.39083e-05 
7289 |1.39574e-05 
7290 |1.39801e-05 
7291 |1.39538e-05 
7292 |1.39584e-05 
7293 |1.40062e-05 
7294 |1.39338e-05 
7295 |1.39514e-05 
7296 |1.40098e-05 
7297 |1.39122e-05 
7298 |9.01356e-06 
7299 |9.00217e-06 
7300 |9.05245e-06 
7301 |9.03106e-06 
7302 |9.00016e-06 
7303 |9.06431e-06 
7304 |9.02576e-06 
7305 |9.05372e-06 
7306 |9.04259e-06 
7307 |9.02757e-06 
7308 |9.04454e-06 
7309 |9.02757e-06 
7310 |8.96704e-06 
7311 |9.05493e-06 
7312 |8.99184e-06 
7313 |9.03073e-06 
7314 |9.01853e-06 
7315 |9.02054e-06 
7316 |9.00948e-06 
7317 |9.0629e-06 
7318 |9.03622e-06 
7319 |9.0265e-06 
7320 |9.01242e-06 
7321 |9.04447e-06 
7322 |1.00772e-05 
7323 |1.00945e-05 
7324 |1.00901e-05 
7325 |1.01278e-05 
7326 |1.00731e-05 
7327 |1.00572e-05 
7328 |1.0088e-05 
7329 |1.00919e-05 
7330 |1.00546e-05 
7331 |1.00811e-05 
7332 |1.00747e-05 
7333 |1.00941e-05 
7334 |1.00686e-05 
7335 |1.01022e-05 
7336 |1.01466e-05 
7337 |1.00604e-05 
7338 |1.0152e-05 
7339 |1.00886e-05 
7340 |1.00583e-05 
7341 |1.00432e-05 
7342 |1.00557e-05 
7343 |1.00678e-05 
7344 |1.01027e-05 
7345 |1.0112e-05 
7346 |1.12965e-05 
7347 |1.13067e-05 
7348 |1.13292e-05 
7349 |1.13132e-05 
7350 |1.12776e-05 
7351 |1.12898e-05 
7352 |1.12816e-05 
7353 |1.12878e-05 
7354 |1.12914e-05 
7355 |1.1348e-05 
7356 |1.12862e-05 
7357 |1.13594e-05 
7358 |1.12457e-05 
7359 |1.13264e-05 
7360 |1.13187e-05 
7361 |1.13205e-05 
7362 |1.12317e-05 
7363 |1.13169e-05 
7364 |1.12565e-05 
7365 |1.12921e-05 
7366 |1.13091e-05 
7367 |1.12566e-05 
7368 |1.13308e-05 
7369 |1.13328e-05 
7370 |1.19112e-05 
7371 |1.18079e-05 
7372 |1.19044e-05 
7373 |1.18963e-05 
7374 |1.18825e-05 
7375 |1.18934e-05 
7376 |1.18932e-05 
7377 |1.18781e-05 
7378 |1.18741e-05 
7379 |1.18952e-05 
7380 |1.1805e-05 
7381 |1.18958e-05 
7382 |1.18637e-05 
7383 |1.18863e-05 
7384 |1.1829e-05 
7385 |1.18904e-05 
7386 |1.18962e-05 
7387 |1.19077e-05 
7388 |1.19048e-05 
7389 |1.18923e-05 
7390 |1.18881e-05 
7391 |1.19156e-05 
7392 |1.18927e-05 
7393 |1.18755e-05 
7394 |1.21954e-05 
7395 |1.21623e-05 
7396 |1.21655e-05 
7397 |1.22648e-05 
7398 |1.2194e-05 
7399 |1.2199e-05 
7400 |1.21962e-05 
7401 |1.21901e-05 
7402 |1.21813e-05 
7403 |1.22447e-05 
7404 |1.21833e-05 
7405 |1.22408e-05 
7406 |1.21932e-05 
7407 |1.21147e-05 
7408 |1.21984e-05 
7409 |1.22204e-05 
7410 |1.22134e-05 
7411 |1.21446e-05 
7412 |1.21988e-05 
7413 |1.2186e-05 
7414 |1.21903e-05 
7415 |1.21985e-05 
7416 |1.21934e-05 
7417 |1.22552e-05 
7418 |7.71909e-06 
7419 |7.7201e-06 
7420 |7.69067e-06 
7421 |7.71769e-06 
7422 |7.71393e-06 
7423 |7.7144e-06 
7424 |7.67612e-06 
7425 |7.7203e-06 
7426 |7.71782e-06 
7427 |7.69858e-06 
7428 |7.74805e-06 
7429 |7.71205e-06 
7430 |7.69885e-06 
7431 |7.71648e-06 
7432 |7.76233e-06 
7433 |7.71769e-06 
7434 |7.69831e-06 
7435 |7.76428e-06 
7436 |7.70951e-06 
7437 |7.73807e-06 
7438 |7.74028e-06 
7439 |7.72419e-06 
7440 |7.72104e-06 
7441 |7.73994e-06 
7442 |1.33954e-05 
7443 |1.34178e-05 
7444 |1.34236e-05 
7445 |1.33894e-05 
7446 |1.3442e-05 
7447 |1.34089e-05 
7448 |1.34731e-05 
7449 |1.34211e-05 
7450 |1.3424e-05 
7451 |1.34271e-05 
7452 |1.3458e-05 
7453 |1.34619e-05 
7454 |1.34636e-05 
7455 |1.34774e-05 
7456 |1.33501e-05 
7457 |1.34242e-05 
7458 |1.3415e-05 
7459 |1.34411e-05 
7460 |1.33349e-05 
7461 |1.3367e-05 
7462 |1.34416e-05 
7463 |1.34622e-05 
7464 |1.34911e-05 
7465 |1.3392e-05 
7466 |1.50627e-05 
7467 |1.50292e-05 
7468 |1.5027e-05 
7469 |1.50616e-05 
7470 |1.5028e-05 
7471 |1.50222e-05 
7472 |1.50763e-05 
7473 |1.50355e-05 
7474 |1.49758e-05 
7475 |1.50336e-05 
7476 |1.50297e-05 
7477 |1.49815e-05 
7478 |1.50936e-05 
7479 |1.50244e-05 
7480 |1.50037e-05 
7481 |1.49839e-05 
7482 |1.50086e-05 
7483 |1.50431e-05 
7484 |1.50697e-05 
7485 |1.50565e-05 
7486 |1.50343e-05 
7487 |1.50298e-05 
7488 |1.50562e-05 
7489 |1.50212e-05 
7490 |1.5377e-05 
7491 |1.53671e-05 
7492 |1.54639e-05 
7493 |1.54333e-05 
7494 |1.54204e-05 
7495 |1.53705e-05 
7496 |1.53567e-05 
7497 |1.54051e-05 
7498 |1.54029e-05 
7499 |1.53414e-05 
7500 |1.53464e-05 
7501 |1.53979e-05 
7502 |1.54212e-05 
7503 |1.53625e-05 
7504 |1.54067e-05 
7505 |1.54016e-05 
7506 |1.53497e-05 
7507 |1.54008e-05 
7508 |1.53569e-05 
7509 |1.53915e-05 
7510 |1.54223e-05 
7511 |1.54284e-05 
7512 |1.5373e-05 
7513 |1.53484e-05 
7514 |1.51426e-05 
7515 |1.50401e-05 
7516 |1.51107e-05 
7517 |1.51316e-05 
7518 |1.50578e-05 
7519 |1.50361e-05 
7520 |1.5097e-05 
7521 |1.51033e-05 
7522 |1.51446e-05 
7523 |1.50936e-05 
7524 |1.50649e-05 
7525 |1.51535e-05 
7526 |1.51554e-05 
7527 |1.51232e-05 
7528 |1.50614e-05 
7529 |1.5121e-05 
7530 |1.50557e-05 
7531 |1.51186e-05 
7532 |1.51092e-05 
7533 |1.51669e-05 
7534 |1.51308e-05 
7535 |1.50588e-05 
7536 |1.50993e-05 
7537 |1.50982e-05 
7538 |5.31987e-06 
7539 |5.31953e-06 
7540 |5.31598e-06 
7541 |5.33334e-06 
7542 |5.34554e-06 
7543 |5.37825e-06 
7544 |5.33481e-06 
7545 |5.3314e-06 
7546 |5.33729e-06 
7547 |5.35499e-06 
7548 |5.33522e-06 
7549 |5.3265e-06 
7550 |5.32436e-06 
7551 |5.30988e-06 
7552 |5.34386e-06 
7553 |5.32992e-06 
7554 |5.32938e-06 
7555 |5.31263e-06 
7556 |5.34286e-06 
7557 |5.33059e-06 
7558 |5.33743e-06 
7559 |5.3438e-06 
7560 |5.30304e-06 
7561 |5.35546e-06 
7562 |3.85982e-06 
7563 |3.84185e-06 
7564 |3.86478e-06 
7565 |3.88241e-06 
7566 |3.86659e-06 
7567 |3.87409e-06 
7568 |3.87597e-06 
7569 |3.8627e-06 
7570 |3.82703e-06 
7571 |3.90211e-06 
7572 |3.90594e-06 
7573 |3.85646e-06 
7574 |3.85693e-06 
7575 |3.87329e-06 
7576 |3.86746e-06 
7577 |3.87778e-06 
7578 |3.84896e-06 
7579 |3.87403e-06 
7580 |3.83434e-06 
7581 |3.87423e-06 
7582 |3.90392e-06 
7583 |3.88938e-06 
7584 |3.86136e-06 
7585 |3.85204e-06 
7586 |3.23839e-06 
7587 |3.2412e-06 
7588 |3.21238e-06 
7589 |3.23195e-06 
7590 |3.23839e-06 
7591 |3.25548e-06 
7592 |3.23939e-06 
7593 |3.23383e-06 
7594 |3.25159e-06 
7595 |3.24563e-06 
7596 |3.22002e-06 
7597 |3.24355e-06 
7598 |3.24583e-06 
7599 |3.24938e-06 
7600 |3.22123e-06 
7601 |3.20521e-06 
7602 |3.25173e-06 
7603 |3.24643e-06 
7604 |3.22163e-06 
7605 |3.25052e-06 
7606 |3.23765e-06 
7607 |3.26031e-06 
7608 |3.24368e-06 
7609 |3.23289e-06 
7610 |7.59581e-06 
7611 |7.54735e-06 
7612 |7.58589e-06 
7613 |7.57993e-06 
7614 |7.54688e-06 
7615 |7.57168e-06 
7616 |7.54232e-06 
7617 |7.53454e-06 
7618 |7.52697e-06 
7619 |7.63852e-06 
7620 |7.57879e-06 
7621 |7.58683e-06 
7622 |7.57416e-06 
7623 |7.54393e-06 
7624 |7.57517e-06 
7625 |7.55653e-06 
7626 |7.57195e-06 
7627 |7.58978e-06 
7628 |7.53729e-06 
7629 |7.54058e-06 
7630 |7.54346e-06 
7631 |7.56967e-06 
7632 |7.5566e-06 
7633 |7.53642e-06 
7634 |5.97233e-06 
7635 |5.91441e-06 
7636 |5.91776e-06 
7637 |5.89383e-06 
7638 |5.89732e-06 
7639 |5.91414e-06 
7640 |5.9008e-06 
7641 |5.92353e-06 
7642 |5.9122e-06 
7643 |5.92674e-06 
7644 |5.93083e-06 
7645 |5.90208e-06 
7646 |5.89953e-06 
7647 |5.91361e-06 
7648 |5.93097e-06 
7649 |5.89752e-06 
7650 |5.93868e-06 
7651 |5.90576e-06 
7652 |5.91783e-06 
7653 |5.94424e-06 
7654 |5.93358e-06 
7655 |5.89477e-06 
7656 |5.89437e-06 
7657 |5.93258e-06 
7658 |5.47526e-06 
7659 |5.46828e-06 
7660 |5.46969e-06 
7661 |5.43316e-06 
7662 |5.49449e-06 
7663 |5.49336e-06 
7664 |5.47405e-06 
7665 |5.44623e-06 
7666 |5.45179e-06 
7667 |5.46473e-06 
7668 |5.46426e-06 
7669 |5.46708e-06 
7670 |5.47043e-06 
7671 |5.44609e-06 
7672 |5.44066e-06 
7673 |5.48142e-06 
7674 |5.45803e-06 
7675 |5.47224e-06 
7676 |5.44978e-06 
7677 |5.51782e-06 
7678 |5.47566e-06 
7679 |5.42793e-06 
7680 |5.44475e-06 
7681 |5.45468e-06 
7682 |4.32625e-06 
7683 |4.28623e-06 
7684 |4.30165e-06 
7685 |4.2865e-06 
7686 |4.27638e-06 
7687 |4.28335e-06 
7688 |4.27417e-06 
7689 |4.26686e-06 
7690 |4.25801e-06 
7691 |4.28811e-06 
7692 |4.30212e-06 
7693 |4.2448e-06 
7694 |4.29837e-06 
7695 |4.30299e-06 
7696 |4.28328e-06 
7697 |4.29267e-06 
7698 |4.2926e-06 
7699 |4.27423e-06 
7700 |4.27879e-06 
7701 |4.30225e-06 
7702 |4.27484e-06 
7703 |4.32149e-06 
7704 |4.28027e-06 
7705 |4.28375e-06 
7706 |6.80995e-06 
7707 |6.79158e-06 
7708 |6.84789e-06 
7709 |6.76778e-06 
7710 |6.80418e-06 
7711 |6.77992e-06 
7712 |6.76999e-06 
7713 |6.81853e-06 
7714 |6.76805e-06 
7715 |6.77268e-06 
7716 |6.76597e-06 
7717 |6.77971e-06 
7718 |6.81712e-06 
7719 |6.77361e-06 
7720 |6.80257e-06 
7721 |6.80552e-06 
7722 |6.79634e-06 
7723 |6.78052e-06 
7724 |6.78045e-06 
7725 |6.76792e-06 
7726 |6.81404e-06 
7727 |6.79232e-06 
7728 |6.77201e-06 
7729 |6.79708e-06 
7730 |5.44308e-06 
7731 |5.45501e-06 
7732 |5.46406e-06 
7733 |5.48652e-06 
7734 |5.44616e-06 
7735 |5.46922e-06 
7736 |5.49657e-06 
7737 |5.45917e-06 
7738 |5.45749e-06 
7739 |5.44603e-06 
7740 |5.47921e-06 
7741 |5.43557e-06 
7742 |5.44998e-06 
7743 |5.44227e-06 
7744 |5.42598e-06 
7745 |5.49423e-06 
7746 |5.46285e-06 
7747 |5.49309e-06 
7748 |5.46527e-06 
7749 |5.47874e-06 
7750 |5.43718e-06 
7751 |5.44268e-06 
7752 |5.46755e-06 
7753 |5.42169e-06 
7754 |5.17574e-06 
7755 |5.187e-06 
7756 |5.20972e-06 
7757 |5.17084e-06 
7758 |5.19062e-06 
7759 |5.20597e-06 
7760 |5.20081e-06 
7761 |5.21214e-06 
7762 |5.17614e-06 
7763 |5.17024e-06 
7764 |5.20161e-06 
7765 |5.19484e-06 
7766 |5.2053e-06 
7767 |5.16803e-06 
7768 |5.21428e-06 
7769 |5.18512e-06 
7770 |5.17708e-06 
7771 |5.21281e-06 
7772 |5.19907e-06 
7773 |5.20758e-06 
7774 |5.20919e-06 
7775 |5.2242e-06 
7776 |5.19819e-06 
7777 |5.19739e-06 
7778 |4.21678e-06 
7779 |4.23374e-06 
7780 |4.23026e-06 
7781 |4.24621e-06 
7782 |4.2448e-06 
7783 |4.22724e-06 
7784 |4.2623e-06 
7785 |4.24722e-06 
7786 |4.22349e-06 
7787 |4.26257e-06 
7788 |4.25868e-06 
7789 |4.23099e-06 
7790 |4.24842e-06 
7791 |4.23482e-06 
7792 |4.26109e-06 
7793 |4.23622e-06 
7794 |4.22282e-06 
7795 |4.22798e-06 
7796 |4.2859e-06 
7797 |4.29347e-06 
7798 |4.25399e-06 
7799 |4.23421e-06 
7800 |4.25084e-06 
7801 |4.24185e-06 
7802 |2.61609e-06 
7803 |2.6171e-06 
7804 |2.61227e-06 
7805 |2.61844e-06 
7806 |2.6181e-06 
7807 |2.62279e-06 
7808 |2.61663e-06 
7809 |2.63272e-06 
7810 |2.6061e-06 
7811 |2.61126e-06 
7812 |2.62052e-06 
7813 |2.64244e-06 
7814 |2.63794e-06 
7815 |2.62219e-06 
7816 |2.62373e-06 
7817 |2.62588e-06 
7818 |2.60664e-06 
7819 |2.60684e-06 
7820 |2.61951e-06 
7821 |2.61978e-06 
7822 |2.62769e-06 
7823 |2.63989e-06 
7824 |2.62018e-06 
7825 |2.63325e-06 
7826 |1.31563e-05 
7827 |1.31027e-05 
7828 |1.30841e-05 
7829 |1.31091e-05 
7830 |1.31221e-05 
7831 |1.31209e-05 
7832 |1.31298e-05 
7833 |1.31854e-05 
7834 |1.31553e-05 
7835 |1.31291e-05 
7836 |1.32057e-05 
7837 |1.31179e-05 
7838 |1.31612e-05 
7839 |1.31446e-05 
7840 |1.31358e-05 
7841 |1.31386e-05 
7842 |1.3114e-05 
7843 |1.3155e-05 
7844 |1.31423e-05 
7845 |1.31287e-05 
7846 |1.31585e-05 
7847 |1.31701e-05 
7848 |1.31428e-05 
7849 |1.31579e-05 
7850 |1.08225e-05 
7851 |1.08426e-05 
7852 |1.08306e-05 
7853 |1.08446e-05 
7854 |1.07956e-05 
7855 |1.08304e-05 
7856 |1.07938e-05 
7857 |1.0789e-05 
7858 |1.0853e-05 
7859 |1.08456e-05 
7860 |1.08878e-05 
7861 |1.08642e-05 
7862 |1.08203e-05 
7863 |1.08145e-05 
7864 |1.0863e-05 
7865 |1.08048e-05 
7866 |1.08075e-05 
7867 |1.08096e-05 
7868 |1.08594e-05 
7869 |1.08123e-05 
7870 |1.08693e-05 
7871 |1.08965e-05 
7872 |1.08194e-05 
7873 |1.08551e-05 
7874 |1.03346e-05 
7875 |1.0331e-05 
7876 |1.03466e-05 
7877 |1.02951e-05 
7878 |1.04184e-05 
7879 |1.03517e-05 
7880 |1.03956e-05 
7881 |1.04011e-05 
7882 |1.03455e-05 
7883 |1.02867e-05 
7884 |1.03387e-05 
7885 |1.03743e-05 
7886 |1.03658e-05 
7887 |1.0374e-05 
7888 |1.03331e-05 
7889 |1.03697e-05 
7890 |1.03651e-05 
7891 |1.03874e-05 
7892 |1.03228e-05 
7893 |1.03053e-05 
7894 |1.03641e-05 
7895 |1.03975e-05 
7896 |1.03859e-05 
7897 |1.03188e-05 
7898 |8.48532e-06 
7899 |8.49712e-06 
7900 |8.44825e-06 
7901 |8.52078e-06 
7902 |8.51126e-06 
7903 |8.53446e-06 
7904 |8.45126e-06 
7905 |8.46058e-06 
7906 |8.49759e-06 
7907 |8.49966e-06 
7908 |8.51374e-06 
7909 |8.54196e-06 
7910 |8.49524e-06 
7911 |8.49819e-06 
7912 |8.5004e-06 
7913 |8.50992e-06 
7914 |8.4691e-06 
7915 |8.52413e-06 
7916 |8.48901e-06 
7917 |8.47091e-06 
7918 |8.44235e-06 
7919 |8.51113e-06 
7920 |8.5124e-06 
7921 |8.46923e-06 
7922 |9.32817e-06 
7923 |9.33775e-06 
7924 |9.28794e-06 
7925 |9.34801e-06 
7926 |9.29022e-06 
7927 |9.27889e-06 
7928 |9.27507e-06 
7929 |9.32173e-06 
7930 |9.32515e-06 
7931 |9.3466e-06 
7932 |9.30658e-06 
7933 |9.30665e-06 
7934 |9.30886e-06 
7935 |9.30061e-06 
7936 |9.30658e-06 
7937 |9.34908e-06 
7938 |9.30417e-06 
7939 |9.37207e-06 
7940 |9.34754e-06 
7941 |9.35143e-06 
7942 |9.33554e-06 
7943 |9.3289e-06 
7944 |9.30886e-06 
7945 |9.32696e-06 
7946 |1.08709e-05 
7947 |1.09451e-05 
7948 |1.09394e-05 
7949 |1.08739e-05 
7950 |1.0927e-05 
7951 |1.09769e-05 
7952 |1.09134e-05 
7953 |1.08724e-05 
7954 |1.09589e-05 
7955 |1.09796e-05 
7956 |1.09044e-05 
7957 |1.09447e-05 
7958 |1.09559e-05 
7959 |1.09194e-05 
7960 |1.09848e-05 
7961 |1.08691e-05 
7962 |1.0903e-05 
7963 |1.09807e-05 
7964 |1.09892e-05 
7965 |1.09441e-05 
7966 |1.08755e-05 
7967 |1.08857e-05 
7968 |1.09706e-05 
7969 |1.0933e-05 
7970 |9.44441e-06 
7971 |9.39648e-06 
7972 |9.37623e-06 
7973 |9.40646e-06 
7974 |9.4072e-06 
7975 |9.40821e-06 
7976 |9.39983e-06 
7977 |9.41424e-06 
7978 |9.44219e-06 
7979 |9.41384e-06 
7980 |9.42631e-06 
7981 |9.44193e-06 
7982 |9.38944e-06 
7983 |9.40559e-06 
7984 |9.37784e-06 
7985 |9.39634e-06 
7986 |9.37201e-06 
7987 |9.37925e-06 
7988 |9.39534e-06 
7989 |9.43402e-06 
7990 |9.45775e-06 
7991 |9.42631e-06 
7992 |9.41565e-06 
7993 |9.41049e-06 
7994 |1.07228e-05 
7995 |1.07245e-05 
7996 |1.07717e-05 
7997 |1.07916e-05 
7998 |1.0711e-05 
7999 |1.07731e-05 
8000 |1.07402e-05 
8001 |1.07296e-05 
8002 |1.07157e-05 
8003 |1.07027e-05 
8004 |1.07147e-05 
8005 |1.07548e-05 
8006 |1.07522e-05 
8007 |1.07286e-05 
8008 |1.07666e-05 
8009 |1.077e-05 
8010 |1.07698e-05 
8011 |1.07409e-05 
8012 |1.0731e-05 
8013 |1.07377e-05 
8014 |1.07585e-05 
8015 |1.07526e-05 
8016 |1.06785e-05 
8017 |1.07608e-05 
8018 |9.46096e-06 
8019 |9.52599e-06 
8020 |9.5095e-06 
8021 |9.53269e-06 
8022 |9.49623e-06 
8023 |9.54456e-06 
8024 |9.49442e-06 
8025 |9.5646e-06 
8026 |9.47645e-06 
8027 |9.50588e-06 
8028 |9.53625e-06 
8029 |9.54114e-06 
8030 |9.56011e-06 
8031 |9.52009e-06 
8032 |9.51533e-06 
8033 |9.50642e-06 
8034 |9.50722e-06 
8035 |9.58652e-06 
8036 |9.53336e-06 
8037 |9.50548e-06 
8038 |9.48718e-06 
8039 |9.48342e-06 
8040 |9.5276e-06 
8041 |9.51312e-06 
8042 |9.44146e-06 
8043 |9.53631e-06 
8044 |9.48523e-06 
8045 |9.50782e-06 
8046 |9.47089e-06 
8047 |9.51821e-06 
8048 |9.47303e-06 
8049 |9.43133e-06 
8050 |9.51319e-06 
8051 |9.47022e-06 
8052 |9.47323e-06 
8053 |9.52586e-06 
8054 |9.46874e-06 
8055 |9.47571e-06 
8056 |9.49408e-06 
8057 |9.51969e-06 
8058 |9.52036e-06 
8059 |9.48885e-06 
8060 |9.55012e-06 
8061 |9.48651e-06 
8062 |9.48235e-06 
8063 |9.47209e-06 
8064 |9.52123e-06 
8065 |9.50977e-06 
8066 |1.09099e-05 
8067 |1.09468e-05 
8068 |1.10478e-05 
8069 |1.10214e-05 
8070 |1.0996e-05 
8071 |1.1019e-05 
8072 |1.10131e-05 
8073 |1.09531e-05 
8074 |1.10139e-05 
8075 |1.09478e-05 
8076 |1.09553e-05 
8077 |1.10127e-05 
8078 |1.10043e-05 
8079 |1.09465e-05 
8080 |1.10413e-05 
8081 |1.09717e-05 
8082 |1.09813e-05 
8083 |1.0976e-05 
8084 |1.09933e-05 
8085 |1.09672e-05 
8086 |1.09921e-05 
8087 |1.09884e-05 
8088 |1.10053e-05 
8089 |1.0964e-05 
8090 |9.24826e-06 
8091 |9.15736e-06 
8092 |9.18015e-06 
8093 |9.17955e-06 
8094 |9.14174e-06 
8095 |9.21105e-06 
8096 |9.18364e-06 
8097 |9.17841e-06 
8098 |9.25235e-06 
8099 |9.23834e-06 
8100 |9.18766e-06 
8101 |9.20415e-06 
8102 |9.19208e-06 
8103 |9.20777e-06 
8104 |9.17231e-06 
8105 |9.18357e-06 
8106 |9.20328e-06 
8107 |9.18518e-06 
8108 |9.16916e-06 
8109 |9.16875e-06 
8110 |9.16855e-06 
8111 |9.16131e-06 
8112 |9.17097e-06 
8113 |9.19168e-06 
8114 |9.99055e-06 
8115 |1.00592e-05 
8116 |1.00058e-05 
8117 |9.99404e-06 
8118 |1.00478e-05 
8119 |1.00343e-05 
8120 |9.99551e-06 
8121 |1.00261e-05 
8122 |1.00516e-05 
8123 |1.00676e-05 
8124 |1.00008e-05 
8125 |1.00013e-05 
8126 |1.00234e-05 
8127 |1.00227e-05 
8128 |1.00033e-05 
8129 |1.00434e-05 
8130 |1.00422e-05 
8131 |9.99799e-06 
8132 |1.00198e-05 
8133 |1.00397e-05 
8134 |9.99209e-06 
8135 |1.00114e-05 
8136 |1.0001e-05 
8137 |1.00468e-05 
8138 |8.53352e-06 
8139 |8.5295e-06 
8140 |8.57327e-06 
8141 |8.58312e-06 
8142 |8.57971e-06 
8143 |8.59432e-06 
8144 |8.6147e-06 
8145 |8.61014e-06 
8146 |8.61416e-06 
8147 |8.57729e-06 
8148 |8.58447e-06 
8149 |8.5909e-06 
8150 |8.60183e-06 
8151 |8.61242e-06 
8152 |8.61725e-06 
8153 |8.63548e-06 
8154 |8.5966e-06 
8155 |8.57883e-06 
8156 |8.59827e-06 
8157 |8.5732e-06 
8158 |8.62831e-06 
8159 |8.59157e-06 
8160 |8.57025e-06 
8161 |8.57086e-06 
8162 |7.85974e-06 
8163 |7.95131e-06 
8164 |7.8903e-06 
8165 |7.92128e-06 
8166 |7.92174e-06 
8167 |7.97611e-06 
8168 |7.87086e-06 
8169 |7.9682e-06 
8170 |7.9316e-06 
8171 |7.9131e-06 
8172 |7.92376e-06 
8173 |7.92208e-06 
8174 |7.92959e-06 
8175 |7.86476e-06 
8176 |7.92014e-06 
8177 |7.94548e-06 
8178 |7.90009e-06 
8179 |7.91155e-06 
8180 |7.91826e-06 
8181 |7.92235e-06 
8182 |7.95352e-06 
8183 |7.90143e-06 
8184 |7.92215e-06 
8185 |7.91786e-06 
8186 |9.1042e-06 
8187 |9.10447e-06 
8188 |9.09387e-06 
8189 |9.15065e-06 
8190 |9.15012e-06 
8191 |9.1052e-06 
8192 |9.15803e-06 
8193 |9.11083e-06 
8194 |9.18236e-06 
8195 |9.12163e-06 
8196 |9.10809e-06 
8197 |9.1227e-06 
8198 |9.13503e-06 
8199 |9.11647e-06 
8200 |9.13376e-06 
8201 |9.14958e-06 
8202 |9.11398e-06 
8203 |9.11687e-06 
8204 |9.16929e-06 
8205 |9.12913e-06 
8206 |9.17311e-06 
8207 |9.0806e-06 
8208 |9.0981e-06 
8209 |9.07919e-06 
8210 |7.4303e-06 
8211 |7.38639e-06 
8212 |7.44552e-06 
8213 |7.45464e-06 
8214 |7.38673e-06 
8215 |7.43989e-06 
8216 |7.42749e-06 
8217 |7.44599e-06 
8218 |7.45075e-06 
8219 |7.45068e-06 
8220 |7.41019e-06 
8221 |7.40127e-06 
8222 |7.44163e-06 
8223 |7.42253e-06 
8224 |7.45457e-06 
8225 |7.39725e-06 
8226 |7.40925e-06 
8227 |7.44069e-06 
8228 |7.41817e-06 
8229 |7.41187e-06 
8230 |7.41951e-06 
8231 |7.35703e-06 
8232 |7.40402e-06 
8233 |7.45095e-06 
8234 |7.65621e-06 
8235 |7.60922e-06 
8236 |7.65065e-06 
8237 |7.64033e-06 
8238 |7.67813e-06 
8239 |7.67418e-06 
8240 |7.64736e-06 
8241 |7.64736e-06 
8242 |7.62156e-06 
8243 |7.6711e-06 
8244 |7.58857e-06 
8245 |7.61378e-06 
8246 |7.65501e-06 
8247 |7.66184e-06 
8248 |7.63309e-06 
8249 |7.62162e-06 
8250 |7.63329e-06 
8251 |7.59581e-06 
8252 |7.63034e-06 
8253 |7.64844e-06 
8254 |7.61727e-06 
8255 |7.61961e-06 
8256 |7.62591e-06 
8257 |7.66312e-06 
8258 |6.09018e-06 
8259 |6.0944e-06 
8260 |6.09474e-06 
8261 |6.01463e-06 
8262 |6.0645e-06 
8263 |6.07831e-06 
8264 |6.10097e-06 
8265 |6.07583e-06 
8266 |6.05988e-06 
8267 |6.0568e-06 
8268 |6.08066e-06 
8269 |6.09467e-06 
8270 |6.10466e-06 
8271 |6.10546e-06 
8272 |6.07288e-06 
8273 |6.04996e-06 
8274 |6.05954e-06 
8275 |6.0521e-06 
8276 |6.05076e-06 
8277 |6.05499e-06 
8278 |6.05472e-06 
8279 |6.07805e-06 
8280 |6.06021e-06 
8281 |6.04875e-06 
8282 |9.06954e-06 
8283 |9.11673e-06 
8284 |9.07577e-06 
8285 |9.07229e-06 
8286 |9.05432e-06 
8287 |9.12163e-06 
8288 |9.08322e-06 
8289 |9.09025e-06 
8290 |9.12122e-06 
8291 |9.06324e-06 
8292 |9.06552e-06 
8293 |9.0554e-06 
8294 |9.09488e-06 
8295 |9.06411e-06 
8296 |9.07926e-06 
8297 |9.07658e-06 
8298 |9.081e-06 
8299 |9.04641e-06 
8300 |9.07772e-06 
8301 |9.09575e-06 
8302 |9.05493e-06 
8303 |9.08201e-06 
8304 |9.06304e-06 
8305 |9.08905e-06 
8306 |1.05549e-05 
8307 |1.04513e-05 
8308 |1.04933e-05 
8309 |1.05168e-05 
8310 |1.05162e-05 
8311 |1.0494e-05 
8312 |1.05494e-05 
8313 |1.04685e-05 
8314 |1.04996e-05 
8315 |1.05155e-05 
8316 |1.05457e-05 
8317 |1.04841e-05 
8318 |1.05264e-05 
8319 |1.04901e-05 
8320 |1.05341e-05 
8321 |1.05236e-05 
8322 |1.0498e-05 
8323 |1.05189e-05 
8324 |1.05541e-05 
8325 |1.05317e-05 
8326 |1.04977e-05 
8327 |1.04886e-05 
8328 |1.05391e-05 
8329 |1.05549e-05 
8330 |8.37679e-06 
8331 |8.35889e-06 
8332 |8.3975e-06 
8333 |8.33362e-06 
8334 |8.38188e-06 
8335 |8.38021e-06 
8336 |8.3965e-06 
8337 |8.4215e-06 
8338 |8.34246e-06 
8339 |8.37464e-06 
8340 |8.34991e-06 
8341 |8.34702e-06 
8342 |8.4038e-06 
8343 |8.40032e-06 
8344 |8.36459e-06 
8345 |8.34367e-06 
8346 |8.40146e-06 
8347 |8.36117e-06 
8348 |8.34649e-06 
8349 |8.35399e-06 
8350 |8.35916e-06 
8351 |8.39489e-06 
8352 |8.36955e-06 
8353 |8.39321e-06 
8354 |8.2519e-06 
8355 |8.23145e-06 
8356 |8.16757e-06 
8357 |8.19136e-06 
8358 |8.18587e-06 
8359 |8.22234e-06 
8360 |8.24345e-06 
8361 |8.23856e-06 
8362 |8.19572e-06 
8363 |8.21945e-06 
8364 |8.21255e-06 
8365 |8.27053e-06 
8366 |8.20765e-06 
8367 |8.24633e-06 
8368 |8.22321e-06 
8369 |8.21965e-06 
8370 |8.20786e-06 
8371 |8.25331e-06 
8372 |8.21416e-06 
8373 |8.20444e-06 
8374 |8.19452e-06 
8375 |8.25746e-06 
8376 |8.21952e-06 
8377 |8.26148e-06 
8378 |9.95784e-06 
8379 |9.96052e-06 
8380 |9.96099e-06 
8381 |9.9388e-06 
8382 |9.95026e-06 
8383 |9.89864e-06 
8384 |9.89422e-06 
8385 |9.89583e-06 
8386 |9.90984e-06 
8387 |9.92097e-06 
8388 |9.91989e-06 
8389 |9.90495e-06 
8390 |9.95891e-06 
8391 |9.90924e-06 
8392 |9.95033e-06 
8393 |9.92573e-06 
8394 |9.93451e-06 
8395 |9.95368e-06 
8396 |9.93974e-06 
8397 |9.91688e-06 
8398 |9.88966e-06 
8399 |9.91795e-06 
8400 |9.92827e-06 
8401 |9.90548e-06 
8402 |1.15355e-05 
8403 |1.14816e-05 
8404 |1.14709e-05 
8405 |1.14851e-05 
8406 |1.15298e-05 
8407 |1.1541e-05 
8408 |1.14849e-05 
8409 |1.14884e-05 
8410 |1.15076e-05 
8411 |1.14796e-05 
8412 |1.1506e-05 
8413 |1.15176e-05 
8414 |1.14976e-05 
8415 |1.15176e-05 
8416 |1.15347e-05 
8417 |1.15265e-05 
8418 |1.15634e-05 
8419 |1.15109e-05 
8420 |1.15022e-05 
8421 |1.14947e-05 
8422 |1.14573e-05 
8423 |1.15092e-05 
8424 |1.15105e-05 
8425 |1.14882e-05 
8426 |8.91053e-06 
8427 |8.85295e-06 
8428 |8.85194e-06 
8429 |8.87601e-06 
8430 |8.88392e-06 
8431 |8.88928e-06 
8432 |8.8864e-06 
8433 |8.84195e-06 
8434 |8.88345e-06 
8435 |8.9236e-06 
8436 |8.86622e-06 
8437 |8.86548e-06 
8438 |8.91321e-06 
8439 |8.86501e-06 
8440 |8.8758e-06 
8441 |8.88144e-06 
8442 |8.8929e-06 
8443 |8.87936e-06 
8444 |8.8939e-06 
8445 |8.85281e-06 
8446 |8.87192e-06 
8447 |8.83826e-06 
8448 |8.86139e-06 
8449 |8.86729e-06 
8450 |8.41332e-06 
8451 |8.34307e-06 
8452 |8.40353e-06 
8453 |8.40012e-06 
8454 |8.36713e-06 
8455 |8.3979e-06 
8456 |8.392e-06 
8457 |8.39851e-06 
8458 |8.40166e-06 
8459 |8.38885e-06 
8460 |8.36633e-06 
8461 |8.39737e-06 
8462 |8.37404e-06 
8463 |8.38791e-06 
8464 |8.4268e-06 
8465 |8.34474e-06 
8466 |8.39214e-06 
8467 |8.40333e-06 
8468 |8.4162e-06 
8469 |8.37545e-06 
8470 |8.36325e-06 
8471 |8.43109e-06 
8472 |8.39764e-06 
8473 |8.35869e-06 
8474 |1.39077e-05 
8475 |1.38942e-05 
8476 |1.39457e-05 
8477 |1.3899e-05 
8478 |1.39386e-05 
8479 |1.39527e-05 
8480 |1.39154e-05 
8481 |1.3936e-05 
8482 |1.39556e-05 
8483 |1.38914e-05 
8484 |1.38851e-05 
8485 |1.39752e-05 
8486 |1.38971e-05 
8487 |1.39039e-05 
8488 |1.38829e-05 
8489 |1.39507e-05 
8490 |1.39631e-05 
8491 |1.39443e-05 
8492 |1.39544e-05 
8493 |1.39203e-05 
8494 |1.38726e-05 
8495 |1.39332e-05 
8496 |1.39258e-05 
8497 |1.39012e-05 
8498 |1.59818e-05 
8499 |1.60196e-05 
8500 |1.60583e-05 
8501 |1.60679e-05 
8502 |1.60549e-05 
8503 |1.60519e-05 
8504 |1.60905e-05 
8505 |1.60297e-05 
8506 |1.60738e-05 
8507 |1.6062e-05 
8508 |1.60046e-05 
8509 |1.60495e-05 
8510 |1.60443e-05 
8511 |1.60585e-05 
8512 |1.60152e-05 
8513 |1.6076e-05 
8514 |1.59961e-05 
8515 |1.60315e-05 
8516 |1.60443e-05 
8517 |1.60137e-05 
8518 |1.60183e-05 
8519 |1.59883e-05 
8520 |1.59666e-05 
8521 |1.60515e-05 
8522 |1.17737e-05 
8523 |1.17887e-05 
8524 |1.18185e-05 
8525 |1.18105e-05 
8526 |1.18212e-05 
8527 |1.1866e-05 
8528 |1.18177e-05 
8529 |1.17632e-05 
8530 |1.18178e-05 
8531 |1.17869e-05 
8532 |1.17647e-05 
8533 |1.18947e-05 
8534 |1.1875e-05 
8535 |1.18219e-05 
8536 |1.1829e-05 
8537 |1.18662e-05 
8538 |1.18076e-05 
8539 |1.17501e-05 
8540 |1.18133e-05 
8541 |1.18302e-05 
8542 |1.17622e-05 
8543 |1.17914e-05 
8544 |1.17753e-05 
8545 |1.18497e-05 
8546 |7.11154e-06 
8547 |7.15606e-06 
8548 |7.18207e-06 
8549 |7.16591e-06 
8550 |7.14164e-06 
8551 |7.19876e-06 
8552 |7.2304e-06 
8553 |7.15083e-06 
8554 |7.1692e-06 
8555 |7.17094e-06 
8556 |7.18166e-06 
8557 |7.19098e-06 
8558 |7.20519e-06 
8559 |7.16631e-06 
8560 |7.17831e-06 
8561 |7.14935e-06 
8562 |7.14908e-06 
8563 |7.16041e-06 
8564 |7.19507e-06 
8565 |7.17469e-06 
8566 |7.1637e-06 
8567 |7.14057e-06 
8568 |7.20077e-06 
8569 |7.19045e-06 
8570 |7.16149e-06 
8571 |7.13869e-06 
8572 |7.14701e-06 
8573 |7.12388e-06 
8574 |7.12334e-06 
8575 |7.18046e-06 
8576 |7.11684e-06 
8577 |7.12341e-06 
8578 |7.10042e-06 
8579 |7.14922e-06 
8580 |7.12348e-06 
8581 |7.16041e-06 
8582 |7.17751e-06 
8583 |7.14761e-06 
8584 |7.14144e-06 
8585 |7.15827e-06 
8586 |7.15418e-06 
8587 |7.13259e-06 
8588 |7.15344e-06 
8589 |7.1452e-06 
8590 |7.16209e-06 
8591 |7.10645e-06 
8592 |7.13608e-06 
8593 |7.15237e-06 
8594 |6.49964e-06 
8595 |6.55702e-06 
8596 |6.52129e-06 
8597 |6.5168e-06 
8598 |6.55286e-06 
8599 |6.52699e-06 
8600 |6.5117e-06 
8601 |6.51251e-06 
8602 |6.50694e-06 
8603 |6.50466e-06 
8604 |6.52283e-06 
8605 |6.47805e-06 
8606 |6.53121e-06 
8607 |6.48502e-06 
8608 |6.51284e-06 
8609 |6.55782e-06 
8610 |6.56211e-06 
8611 |6.55434e-06 
8612 |6.50989e-06 
8613 |6.4873e-06 
8614 |6.51935e-06 
8615 |6.5473e-06 
8616 |6.50922e-06 
8617 |6.50473e-06 
8618 |5.96516e-06 
8619 |5.97508e-06 
8620 |6.00364e-06 
8621 |6.00846e-06 
8622 |5.94712e-06 
8623 |6.02643e-06 
8624 |5.99459e-06 
8625 |6.03635e-06 
8626 |6.02576e-06 
8627 |5.98567e-06 
8628 |5.998e-06 
8629 |5.99606e-06 
8630 |6.00531e-06 
8631 |5.97649e-06 
8632 |5.99847e-06 
8633 |6.0212e-06 
8634 |5.95262e-06 
8635 |5.98594e-06 
8636 |6.0094e-06 
8637 |5.96288e-06 
8638 |6.00471e-06 
8639 |6.02422e-06 
8640 |6.01423e-06 
8641 |5.98775e-06 
8642 |4.94835e-06 
8643 |4.95626e-06 
8644 |4.95941e-06 
8645 |4.97537e-06 
8646 |4.96203e-06 
8647 |4.97416e-06 
8648 |4.9517e-06 
8649 |4.95458e-06 
8650 |4.93823e-06 
8651 |4.93488e-06 
8652 |4.9749e-06 
8653 |4.91932e-06 
8654 |4.90504e-06 
8655 |4.94728e-06 
8656 |4.98716e-06 
8657 |4.94171e-06 
8658 |4.92167e-06 
8659 |4.97356e-06 
8660 |4.93662e-06 
8661 |4.97429e-06 
8662 |4.95412e-06 
8663 |4.93286e-06 
8664 |4.97718e-06 
8665 |4.96464e-06 
8666 |9.35679e-06 
8667 |9.35726e-06 
8668 |9.33373e-06 
8669 |9.33386e-06 
8670 |9.37677e-06 
8671 |9.35324e-06 
8672 |9.34338e-06 
8673 |9.34043e-06 
8674 |9.3283e-06 
8675 |9.32602e-06 
8676 |9.37455e-06 
8677 |9.37858e-06 
8678 |9.37228e-06 
8679 |9.34298e-06 
8680 |9.40646e-06 
8681 |9.36068e-06 
8682 |9.36866e-06 
8683 |9.35082e-06 
8684 |9.34439e-06 
8685 |9.35069e-06 
8686 |9.30946e-06 
8687 |9.35692e-06 
8688 |9.38005e-06 
8689 |9.33675e-06 
8690 |9.66737e-06 
8691 |9.62426e-06 
8692 |9.6781e-06 
8693 |9.67769e-06 
8694 |9.65135e-06 
8695 |9.71818e-06 
8696 |9.62467e-06 
8697 |9.66589e-06 
8698 |9.69244e-06 
8699 |9.66804e-06 
8700 |9.64645e-06 
8701 |9.65611e-06 
8702 |9.66113e-06 
8703 |9.68681e-06 
8704 |9.61642e-06 
8705 |9.64773e-06 
8706 |9.63258e-06 
8707 |9.64236e-06 
8708 |9.62822e-06 
8709 |9.64062e-06 
8710 |9.67508e-06 
8711 |9.6783e-06 
8712 |9.65805e-06 
8713 |9.67561e-06 
8714 |9.16775e-06 
8715 |9.19389e-06 
8716 |9.18659e-06 
8717 |9.23814e-06 
8718 |9.24343e-06 
8719 |9.20763e-06 
8720 |9.25965e-06 
8721 |9.178e-06 
8722 |9.18819e-06 
8723 |9.2012e-06 
8724 |9.23834e-06 
8725 |9.2134e-06 
8726 |9.24605e-06 
8727 |9.22104e-06 
8728 |9.20234e-06 
8729 |9.2016e-06 
8730 |9.17412e-06 
8731 |9.20341e-06 
8732 |9.1951e-06 
8733 |9.23599e-06 
8734 |9.17747e-06 
8735 |9.16399e-06 
8736 |9.18183e-06 
8737 |9.17606e-06 
8738 |9.12022e-06 
8739 |9.03039e-06 
8740 |9.05338e-06 
8741 |9.11854e-06 
8742 |9.03562e-06 
8743 |9.03079e-06 
8744 |9.0505e-06 
8745 |9.05345e-06 
8746 |9.05935e-06 
8747 |9.00579e-06 
8748 |9.05459e-06 
8749 |9.02469e-06 
8750 |9.05117e-06 
8751 |9.00465e-06 
8752 |9.0625e-06 
8753 |9.08315e-06 
8754 |9.02563e-06 
8755 |9.10587e-06 
8756 |9.05157e-06 
8757 |9.04929e-06 
8758 |9.05412e-06 
8759 |9.01544e-06 
8760 |9.03937e-06 
8761 |9.04742e-06 
8762 |8.58131e-06 
8763 |8.59177e-06 
8764 |8.60163e-06 
8765 |8.55832e-06 
8766 |8.56335e-06 
8767 |8.62241e-06 
8768 |8.56509e-06 
8769 |8.64212e-06 
8770 |8.59378e-06 
8771 |8.55122e-06 
8772 |8.60799e-06 
8773 |8.57609e-06 
8774 |8.59479e-06 
8775 |8.58668e-06 
8776 |8.64124e-06 
8777 |8.68663e-06 
8778 |8.61765e-06 
8779 |8.6023e-06 
8780 |8.56824e-06 
8781 |8.59137e-06 
8782 |8.56335e-06 
8783 |8.62683e-06 
8784 |8.61282e-06 
8785 |8.59868e-06 
8786 |4.65788e-06 
8787 |4.61324e-06 
8788 |4.61545e-06 
8789 |4.63033e-06 
8790 |4.64213e-06 
8791 |4.64515e-06 
8792 |4.66874e-06 
8793 |4.6186e-06 
8794 |4.63442e-06 
8795 |4.64199e-06 
8796 |4.64575e-06 
8797 |4.64923e-06 
8798 |4.65661e-06 
8799 |4.63214e-06 
8800 |4.62805e-06 
8801 |4.59943e-06 
8802 |4.64313e-06 
8803 |4.62027e-06 
8804 |4.62644e-06 
8805 |4.60647e-06 
8806 |4.63797e-06 
8807 |4.63958e-06 
8808 |4.63274e-06 
8809 |4.63053e-06 
8810 |8.3308e-06 
8811 |8.34608e-06 
8812 |8.36586e-06 
8813 |8.3363e-06 
8814 |8.39153e-06 
8815 |8.33998e-06 
8816 |8.3072e-06 
8817 |8.36526e-06 
8818 |8.30593e-06 
8819 |8.29239e-06 
8820 |8.32021e-06 
8821 |8.31873e-06 
8822 |8.28273e-06 
8823 |8.33945e-06 
8824 |8.36123e-06 
8825 |8.32939e-06 
8826 |8.35527e-06 
8827 |8.31645e-06 
8828 |8.30137e-06 
8829 |8.3548e-06 
8830 |8.35715e-06 
8831 |8.33891e-06 
8832 |8.33556e-06 
8833 |8.32738e-06 
8834 |8.64922e-06 
8835 |8.60967e-06 
8836 |8.61865e-06 
8837 |8.64212e-06 
8838 |8.63199e-06 
8839 |8.6025e-06 
8840 |8.66196e-06 
8841 |8.61155e-06 
8842 |8.60686e-06 
8843 |8.61517e-06 
8844 |8.6145e-06 
8845 |8.63836e-06 
8846 |8.58715e-06 
8847 |8.64962e-06 
8848 |8.64124e-06 
8849 |8.65365e-06 
8850 |8.60223e-06 
8851 |8.60404e-06 
8852 |8.65619e-06 
8853 |8.58245e-06 
8854 |8.63729e-06 
8855 |8.58768e-06 
8856 |8.67463e-06 
8857 |8.64064e-06 
8858 |8.18218e-06 
8859 |8.15718e-06 
8860 |8.1559e-06 
8861 |8.15557e-06 
8862 |8.16388e-06 
8863 |8.17259e-06 
8864 |8.18567e-06 
8865 |8.18942e-06 
8866 |8.18366e-06 
8867 |8.17957e-06 
8868 |8.18124e-06 
8869 |8.19606e-06 
8870 |8.14792e-06 
8871 |8.16911e-06 
8872 |8.15242e-06 
8873 |8.15429e-06 
8874 |8.15335e-06 
8875 |8.15684e-06 
8876 |8.18091e-06 
8877 |8.16421e-06 
8878 |8.15624e-06 
8879 |8.15872e-06 
8880 |8.14068e-06 
8881 |8.17997e-06 
8882 |7.84056e-06 
8883 |7.87107e-06 
8884 |7.86423e-06 
8885 |7.84351e-06 
8886 |7.88347e-06 
8887 |7.86295e-06 
8888 |7.83125e-06 
8889 |7.89627e-06 
8890 |7.83802e-06 
8891 |7.86315e-06 
8892 |7.89198e-06 
8893 |7.89647e-06 
8894 |7.8525e-06 
8895 |7.8289e-06 
8896 |7.88554e-06 
8897 |7.87274e-06 
8898 |7.86362e-06 
8899 |7.86651e-06 
8900 |7.83058e-06 
8901 |7.92543e-06 
8902 |7.84257e-06 
8903 |7.86537e-06 
8904 |7.84472e-06 
8905 |7.84251e-06 
8906 |7.18837e-06 
8907 |7.19333e-06 
8908 |7.16591e-06 
8909 |7.21391e-06 
8910 |7.20573e-06 
8911 |7.22705e-06 
8912 |7.20794e-06 
8913 |7.21069e-06 
8914 |7.18803e-06 
8915 |7.21217e-06 
8916 |7.19058e-06 
8917 |7.19118e-06 
8918 |7.17804e-06 
8919 |7.19413e-06 
8920 |7.14908e-06 
8921 |7.19909e-06 
8922 |7.21934e-06 
8923 |7.17804e-06 
8924 |7.20412e-06 
8925 |7.18817e-06 
8926 |7.2058e-06 
8927 |7.17194e-06 
8928 |7.21009e-06 
8929 |7.1464e-06 
8930 |4.02694e-06 
8931 |3.98336e-06 
8932 |3.97639e-06 
8933 |3.9713e-06 
8934 |4.00877e-06 
8935 |3.99563e-06 
8936 |4.00629e-06 
8937 |4.00039e-06 
8938 |4.00394e-06 
8939 |4.00897e-06 
8940 |4.00642e-06 
8941 |4.03056e-06 
8942 |4.00388e-06 
8943 |3.99932e-06 
8944 |3.98873e-06 
8945 |4.0085e-06 
8946 |3.99168e-06 
8947 |3.98256e-06 
8948 |3.99101e-06 
8949 |3.98792e-06 
8950 |3.98631e-06 
8951 |4.00381e-06 
8952 |3.98685e-06 
8953 |4.01091e-06 
8954 |7.76796e-06 
8955 |7.72446e-06 
8956 |7.73807e-06 
8957 |7.76521e-06 
8958 |7.77272e-06 
8959 |7.751e-06 
8960 |7.75529e-06 
8961 |7.76253e-06 
8962 |7.74792e-06 
8963 |7.75737e-06 
8964 |7.74665e-06 
8965 |7.78378e-06 
8966 |7.74591e-06 
8967 |7.71943e-06 
8968 |7.70669e-06 
8969 |7.75925e-06 
8970 |7.74142e-06 
8971 |7.74718e-06 
8972 |7.73411e-06 
8973 |7.73217e-06 
8974 |7.74658e-06 
8975 |7.69677e-06 
8976 |7.79779e-06 
8977 |7.76702e-06 
8978 |8.02391e-06 
8979 |7.993e-06 
8980 |8.04489e-06 
8981 |8.04952e-06 
8982 |8.05146e-06 
8983 |7.99776e-06 
8984 |8.00963e-06 
8985 |8.06882e-06 
8986 |8.03249e-06 
8987 |8.06849e-06 
8988 |8.02344e-06 
8989 |8.03825e-06 
8990 |8.03497e-06 
8991 |8.00527e-06 
8992 |8.0528e-06 
8993 |8.03135e-06 
8994 |8.02304e-06 
8995 |8.05682e-06 
8996 |8.06433e-06 
8997 |8.04026e-06 
8998 |8.05602e-06 
8999 |8.04636e-06 
9000 |8.05267e-06 
9001 |8.05857e-06 
9002 |7.45738e-06 
9003 |7.54855e-06 
9004 |7.51705e-06 
9005 |7.50733e-06 
9006 |7.49942e-06 
9007 |7.47595e-06 
9008 |7.54151e-06 
9009 |7.47817e-06 
9010 |7.53153e-06 
9011 |7.50391e-06 
9012 |7.48722e-06 
9013 |7.52851e-06 
9014 |7.54493e-06 
9015 |7.50505e-06 
9016 |7.50444e-06 
9017 |7.49794e-06 
9018 |7.51276e-06 
9019 |7.53515e-06 
9020 |7.48882e-06 
9021 |7.52864e-06 
9022 |7.50934e-06 
9023 |7.49901e-06 
9024 |7.47488e-06 
9025 |7.52771e-06 
9026 |6.97968e-06 
9027 |7.00502e-06 
9028 |7.04551e-06 
9029 |7.01474e-06 
9030 |7.02587e-06 
9031 |7.02601e-06 
9032 |7.07608e-06 
9033 |6.98806e-06 
9034 |7.01923e-06 
9035 |6.989e-06 
9036 |7.01595e-06 
9037 |7.00254e-06 
9038 |6.99289e-06 
9039 |7.03995e-06 
9040 |6.99289e-06 
9041 |6.99148e-06 
9042 |7.0061e-06 
9043 |7.00824e-06 
9044 |7.0193e-06 
9045 |7.05088e-06 
9046 |7.05731e-06 
9047 |7.00583e-06 
9048 |7.02151e-06 
9049 |6.94409e-06 
9050 |6.18879e-06 
9051 |6.17491e-06 
9052 |6.19194e-06 
9053 |6.19073e-06 
9054 |6.15956e-06 
9055 |6.18912e-06 
9056 |6.18825e-06 
9057 |6.18101e-06 
9058 |6.21983e-06 
9059 |6.21829e-06 
9060 |6.19871e-06 
9061 |6.18912e-06 
9062 |6.14729e-06 
9063 |6.16077e-06 
9064 |6.17733e-06 
9065 |6.15882e-06 
9066 |6.1485e-06 
9067 |6.13067e-06 
9068 |6.18738e-06 
9069 |6.21239e-06 
9070 |6.12839e-06 
9071 |6.17163e-06 
9072 |6.17733e-06 
9073 |6.14696e-06 
9074 |8.00869e-06 
9075 |8.05843e-06 
9076 |8.03504e-06 
9077 |8.03584e-06 
9078 |8.04523e-06 
9079 |8.00943e-06 
9080 |8.01694e-06 
9081 |8.01687e-06 
9082 |8.02009e-06 
9083 |8.04047e-06 
9084 |8.02686e-06 
9085 |8.05441e-06 
9086 |8.06808e-06 
9087 |8.04952e-06 
9088 |8.0353e-06 
9089 |8.0589e-06 
9090 |7.97222e-06 
9091 |8.00299e-06 
9092 |8.0398e-06 
9093 |8.04683e-06 
9094 |8.04496e-06 
9095 |8.02619e-06 
9096 |8.06688e-06 
9097 |8.02733e-06 
9098 |8.29313e-06 
9099 |8.30117e-06 
9100 |8.35205e-06 
9101 |8.31304e-06 
9102 |8.33737e-06 
9103 |8.33154e-06 
9104 |8.35359e-06 
9105 |8.32322e-06 
9106 |8.34501e-06 
9107 |8.35641e-06 
9108 |8.35761e-06 
9109 |8.28763e-06 
9110 |8.31216e-06 
9111 |8.3072e-06 
9112 |8.29936e-06 
9113 |8.29701e-06 
9114 |8.33683e-06 
9115 |8.36338e-06 
9116 |8.29923e-06 
9117 |8.36177e-06 
9118 |8.28206e-06 
9119 |8.36512e-06 
9120 |8.32162e-06 
9121 |8.2708e-06 
9122 |7.60942e-06 
9123 |7.62839e-06 
9124 |7.56759e-06 
9125 |7.56873e-06 
9126 |7.63537e-06 
9127 |7.55673e-06 
9128 |7.57228e-06 
9129 |7.62209e-06 
9130 |7.63892e-06 
9131 |7.63543e-06 
9132 |7.61505e-06 
9133 |7.66131e-06 
9134 |7.6182e-06 
9135 |7.58583e-06 
9136 |7.66198e-06 
9137 |7.58395e-06 
9138 |7.5869e-06 
9139 |7.61954e-06 
9140 |7.66406e-06 
9141 |7.64187e-06 
9142 |7.62477e-06 
9143 |7.65206e-06 
9144 |7.66292e-06 
9145 |7.62873e-06 
9146 |6.85976e-06 
9147 |6.86726e-06 
9148 |6.8926e-06 
9149 |6.91881e-06 
9150 |6.90581e-06 
9151 |6.8745e-06 
9152 |6.86277e-06 
9153 |6.87115e-06 
9154 |6.8611e-06 
9155 |6.87477e-06 
9156 |6.879e-06 
9157 |6.88148e-06 
9158 |6.91808e-06 
9159 |6.88704e-06 
9160 |6.89227e-06 
9161 |6.88121e-06 
9162 |6.89689e-06 
9163 |6.87866e-06 
9164 |6.87155e-06 
9165 |6.88925e-06 
9166 |6.86787e-06 
9167 |6.89441e-06 
9168 |6.90011e-06 
9169 |6.88751e-06 
9170 |5.9541e-06 
9171 |5.87439e-06 
9172 |5.94813e-06 
9173 |5.90308e-06 
9174 |5.91307e-06 
9175 |5.90328e-06 
9176 |5.86521e-06 
9177 |5.9057e-06 
9178 |5.92064e-06 
9179 |5.88371e-06 
9180 |5.89812e-06 
9181 |5.90368e-06 
9182 |5.92118e-06 
9183 |5.8648e-06 
9184 |5.90771e-06 
9185 |5.89624e-06 
9186 |5.90442e-06 
9187 |5.89182e-06 
9188 |5.91749e-06 
9189 |5.87855e-06 
9190 |5.95215e-06 
9191 |5.88652e-06 
9192 |5.89182e-06 
9193 |5.91461e-06 
9194 |1.08187e-05 
9195 |1.07381e-05 
9196 |1.07762e-05 
9197 |1.07609e-05 
9198 |1.07148e-05 
9199 |1.07806e-05 
9200 |1.07687e-05 
9201 |1.0752e-05 
9202 |1.08093e-05 
9203 |1.07944e-05 
9204 |1.08079e-05 
9205 |1.07641e-05 
9206 |1.07815e-05 
9207 |1.07916e-05 
9208 |1.07484e-05 
9209 |1.07536e-05 
9210 |1.07602e-05 
9211 |1.07507e-05 
9212 |1.07316e-05 
9213 |1.08072e-05 
9214 |1.07749e-05 
9215 |1.07563e-05 
9216 |1.07851e-05 
9217 |1.07286e-05 
9218 |1.10954e-05 
9219 |1.11222e-05 
9220 |1.11337e-05 
9221 |1.11483e-05 
9222 |1.11434e-05 
9223 |1.11519e-05 
9224 |1.11513e-05 
9225 |1.1092e-05 
9226 |1.1128e-05 
9227 |1.11755e-05 
9228 |1.12e-05 
9229 |1.11636e-05 
9230 |1.11229e-05 
9231 |1.11518e-05 
9232 |1.11566e-05 
9233 |1.11263e-05 
9234 |1.11835e-05 
9235 |1.11552e-05 
9236 |1.11296e-05 
9237 |1.11605e-05 
9238 |1.11575e-05 
9239 |1.10883e-05 
9240 |1.11238e-05 
9241 |1.11079e-05 
9242 |9.87156e-06 
9243 |9.9262e-06 
9244 |9.81257e-06 
9245 |9.92144e-06 
9246 |9.89677e-06 
9247 |9.8839e-06 
9248 |9.83898e-06 
9249 |9.89348e-06 
9250 |9.89127e-06 
9251 |9.92177e-06 
9252 |9.91118e-06 
9253 |9.8965e-06 
9254 |9.84086e-06 
9255 |9.83235e-06 
9256 |9.86325e-06 
9257 |9.88872e-06 
9258 |9.88678e-06 
9259 |9.8719e-06 
9260 |9.8668e-06 
9261 |9.85789e-06 
9262 |9.89657e-06 
9263 |9.81418e-06 
9264 |9.9144e-06 
9265 |9.94255e-06 
9266 |8.56905e-06 
9267 |8.54384e-06 
9268 |8.51193e-06 
9269 |8.57381e-06 
9270 |8.61208e-06 
9271 |8.57944e-06 
9272 |8.50952e-06 
9273 |8.53452e-06 
9274 |8.57622e-06 
9275 |8.55685e-06 
9276 |8.55517e-06 
9277 |8.53875e-06 
9278 |8.47741e-06 
9279 |8.5486e-06 
9280 |8.56241e-06 
9281 |8.5539e-06 
9282 |8.47526e-06 
9283 |8.49819e-06 
9284 |8.48646e-06 
9285 |8.5299e-06 
9286 |8.53553e-06 
9287 |8.50523e-06 
9288 |8.54444e-06 
9289 |8.57883e-06 
9290 |4.59842e-06 
9291 |4.61806e-06 
9292 |4.63321e-06 
9293 |4.63013e-06 
9294 |4.61257e-06 
9295 |4.64005e-06 
9296 |4.62349e-06 
9297 |4.63234e-06 
9298 |4.63462e-06 
9299 |4.60492e-06 
9300 |4.6247e-06 
9301 |4.61867e-06 
9302 |4.62966e-06 
9303 |4.60962e-06 
9304 |4.63623e-06 
9305 |4.62135e-06 
9306 |4.6125e-06 
9307 |4.63576e-06 
9308 |4.59172e-06 
9309 |4.6314e-06 
9310 |4.65346e-06 
9311 |4.63274e-06 
9312 |4.59976e-06 
9313 |4.62993e-06 
9314 |3.58349e-06 
9315 |3.59247e-06 
9316 |3.61071e-06 
9317 |3.58403e-06 
9318 |3.59717e-06 
9319 |3.6026e-06 
9320 |3.57498e-06 
9321 |3.59314e-06 
9322 |3.58597e-06 
9323 |3.59294e-06 
9324 |3.57357e-06 
9325 |3.60139e-06 
9326 |3.57136e-06 
9327 |3.54843e-06 
9328 |3.58383e-06 
9329 |3.56439e-06 
9330 |3.57665e-06 
9331 |3.57954e-06 
9332 |3.58771e-06 
9333 |3.58765e-06 
9334 |3.5857e-06 
9335 |3.61131e-06 
9336 |3.58302e-06 
9337 |3.60514e-06 
9338 |9.2311e-06 
9339 |9.22855e-06 
9340 |9.28593e-06 
9341 |9.21648e-06 
9342 |9.17707e-06 
9343 |9.25557e-06 
9344 |9.18565e-06 
9345 |9.23847e-06 
9346 |9.2191e-06 
9347 |9.19858e-06 
9348 |9.26006e-06 
9349 |9.23807e-06 
9350 |9.19731e-06 
9351 |9.17914e-06 
9352 |9.1949e-06 
9353 |9.24323e-06 
9354 |9.24075e-06 
9355 |9.2685e-06 
9356 |9.21997e-06 
9357 |9.24296e-06 
9358 |9.19101e-06 
9359 |9.22594e-06 
9360 |9.26153e-06 
9361 |9.16238e-06 
9362 |8.24808e-06 
9363 |8.22542e-06 
9364 |8.24553e-06 
9365 |8.22683e-06 
9366 |8.21778e-06 
9367 |8.28307e-06 
9368 |8.21288e-06 
9369 |8.24767e-06 
9370 |8.17776e-06 
9371 |8.22924e-06 
9372 |8.19277e-06 
9373 |8.25217e-06 
9374 |8.25773e-06 
9375 |8.24593e-06 
9376 |8.2574e-06 
9377 |8.21409e-06 
9378 |8.20316e-06 
9379 |8.20155e-06 
9380 |8.25277e-06 
9381 |8.23232e-06 
9382 |8.21329e-06 
9383 |8.21577e-06 
9384 |8.21188e-06 
9385 |8.17755e-06 
9386 |7.40805e-06 
9387 |7.43486e-06 
9388 |7.44827e-06 
9389 |7.42849e-06 
9390 |7.43647e-06 
9391 |7.45584e-06 
9392 |7.45517e-06 
9393 |7.43774e-06 
9394 |7.43171e-06 
9395 |7.41636e-06 
9396 |7.46523e-06 
9397 |7.46221e-06 
9398 |7.41374e-06 
9399 |7.42232e-06 
9400 |7.40516e-06 
9401 |7.43821e-06 
9402 |7.42916e-06 
9403 |7.45799e-06 
9404 |7.46275e-06 
9405 |7.39088e-06 
9406 |7.41327e-06 
9407 |7.42883e-06 
9408 |7.44331e-06 
9409 |7.43513e-06 
9410 |5.8339e-06 
9411 |5.7918e-06 
9412 |5.8402e-06 
9413 |5.79401e-06 
9414 |5.78597e-06 
9415 |5.80829e-06 
9416 |5.81821e-06 
9417 |5.81111e-06 
9418 |5.82827e-06 
9419 |5.79167e-06 
9420 |5.8337e-06 
9421 |5.81841e-06 
9422 |5.81929e-06 
9423 |5.80333e-06 
9424 |5.80957e-06 
9425 |5.80467e-06 
9426 |5.81077e-06 
9427 |5.78892e-06 
9428 |5.80119e-06 
9429 |5.80869e-06 
9430 |5.81949e-06 
9431 |5.81365e-06 
9432 |5.78697e-06 
9433 |5.80072e-06 
9434 |1.1794e-05 
9435 |1.1751e-05 
9436 |1.18016e-05 
9437 |1.17956e-05 
9438 |1.17869e-05 
9439 |1.17785e-05 
9440 |1.17772e-05 
9441 |1.18133e-05 
9442 |1.17862e-05 
9443 |1.17371e-05 
9444 |1.17917e-05 
9445 |1.17895e-05 
9446 |1.18023e-05 
9447 |1.18211e-05 
9448 |1.18077e-05 
9449 |1.18003e-05 
9450 |1.1783e-05 
9451 |1.18068e-05 
9452 |1.18054e-05 
9453 |1.17538e-05 
9454 |1.18162e-05 
9455 |1.17421e-05 
9456 |1.17781e-05 
9457 |1.17149e-05 
9458 |1.0907e-05 
9459 |1.09863e-05 
9460 |1.09528e-05 
9461 |1.09198e-05 
9462 |1.09656e-05 
9463 |1.09184e-05 
9464 |1.09338e-05 
9465 |1.09171e-05 
9466 |1.09488e-05 
9467 |1.0994e-05 
9468 |1.09349e-05 
9469 |1.09834e-05 
9470 |1.09295e-05 
9471 |1.09277e-05 
9472 |1.09462e-05 
9473 |1.08939e-05 
9474 |1.09388e-05 
9475 |1.09134e-05 
9476 |1.09529e-05 
9477 |1.09138e-05 
9478 |1.09537e-05 
9479 |1.09407e-05 
9480 |1.09498e-05 
9481 |1.09018e-05 
9482 |1.05016e-05 
9483 |1.04638e-05 
9484 |1.04718e-05 
9485 |1.04967e-05 
9486 |1.0477e-05 
9487 |1.04416e-05 
9488 |1.04575e-05 
9489 |1.05174e-05 
9490 |1.04846e-05 
9491 |1.04002e-05 
9492 |1.04897e-05 
9493 |1.04688e-05 
9494 |1.04697e-05 
9495 |1.04097e-05 
9496 |1.04538e-05 
9497 |1.04501e-05 
9498 |1.04399e-05 
9499 |1.04744e-05 
9500 |1.04154e-05 
9501 |1.04801e-05 
9502 |1.04369e-05 
9503 |1.04521e-05 
9504 |1.04306e-05 
9505 |1.04063e-05 
9506 |8.94251e-06 
9507 |8.94083e-06 
9508 |9.0194e-06 
9509 |8.97783e-06 
9510 |9.01511e-06 
9511 |8.98501e-06 
9512 |8.97006e-06 
9513 |8.93238e-06 
9514 |8.98729e-06 
9515 |8.95994e-06 
9516 |8.9722e-06 
9517 |8.99278e-06 
9518 |8.97944e-06 
9519 |8.97582e-06 
9520 |9.00512e-06 
9521 |8.99077e-06 
9522 |9.01015e-06 
9523 |8.98347e-06 
9524 |8.94559e-06 
9525 |8.97307e-06 
9526 |8.97549e-06 
9527 |8.97837e-06 
9528 |8.96872e-06 
9529 |8.95323e-06 
9530 |3.5011e-06 
9531 |3.52698e-06 
9532 |3.50177e-06 
9533 |3.53509e-06 
9534 |3.50499e-06 
9535 |3.50667e-06 
9536 |3.52095e-06 
9537 |3.51418e-06 
9538 |3.50164e-06 
9539 |3.52778e-06 
9540 |3.51042e-06 
9541 |3.52504e-06 
9542 |3.53268e-06 
9543 |3.54314e-06 
9544 |3.519e-06 
9545 |3.55654e-06 
9546 |3.519e-06 
9547 |3.53683e-06 
9548 |3.54655e-06 
9549 |3.50995e-06 
9550 |3.52899e-06 
9551 |3.50084e-06 
9552 |3.50687e-06 
9553 |3.52215e-06 
9554 |9.45285e-06 
9555 |9.43147e-06 
9556 |9.419e-06 
9557 |9.47913e-06 
9558 |9.46995e-06 
9559 |9.47746e-06 
9560 |9.44756e-06 
9561 |9.47296e-06 
9562 |9.44387e-06 
9563 |9.4786e-06 
9564 |9.44226e-06 
9565 |9.50172e-06 
9566 |9.45761e-06 
9567 |9.47102e-06 
9568 |9.4983e-06 
9569 |9.44266e-06 
9570 |9.50092e-06 
9571 |9.48885e-06 
9572 |9.47008e-06 
9573 |9.46639e-06 
9574 |9.50353e-06 
9575 |9.48396e-06 
9576 |9.45124e-06 
9577 |9.45419e-06 
9578 |8.84597e-06 
9579 |8.86548e-06 
9580 |8.8504e-06 
9581 |8.82305e-06 
9582 |8.86997e-06 
9583 |8.87386e-06 
9584 |8.83109e-06 
9585 |8.82492e-06 
9586 |8.83384e-06 
9587 |8.88526e-06 
9588 |8.83853e-06 
9589 |8.8567e-06 
9590 |8.84812e-06 
9591 |8.84007e-06 
9592 |8.84986e-06 
9593 |8.85978e-06 
9594 |8.8331e-06 
9595 |8.81701e-06 
9596 |8.81527e-06 
9597 |8.8813e-06 
9598 |8.81956e-06 
9599 |8.85925e-06 
9600 |8.82895e-06 
9601 |8.83384e-06 
9602 |8.45797e-06 
9603 |8.391e-06 
9604 |8.403e-06 
9605 |8.43464e-06 
9606 |8.40977e-06 
9607 |8.40052e-06 
9608 |8.42318e-06 
9609 |8.41868e-06 
9610 |8.44329e-06 
9611 |8.44476e-06 
9612 |8.44845e-06 
9613 |8.39241e-06 
9614 |8.41822e-06 
9615 |8.4028e-06 
9616 |8.38932e-06 
9617 |8.41406e-06 
9618 |8.41366e-06 
9619 |8.42519e-06 
9620 |8.42452e-06 
9621 |8.45428e-06 
9622 |8.46005e-06 
9623 |8.37551e-06 
9624 |8.48653e-06 
9625 |8.40829e-06 
9626 |7.23154e-06 
9627 |7.2662e-06 
9628 |7.27491e-06 
9629 |7.20003e-06 
9630 |7.21217e-06 
9631 |7.26807e-06 
9632 |7.23529e-06 
9633 |7.25762e-06 
9634 |7.26164e-06 
9635 |7.22966e-06 
9636 |7.23791e-06 
9637 |7.23858e-06 
9638 |7.25198e-06 
9639 |7.25447e-06 
9640 |7.22329e-06 
9641 |7.22872e-06 
9642 |7.24656e-06 
9643 |7.25071e-06 
9644 |7.18897e-06 
9645 |7.22001e-06 
9646 |7.26023e-06 
9647 |7.20472e-06 
9648 |7.21941e-06 
9649 |7.20164e-06 
9650 |1.2158e-05 
9651 |1.22207e-05 
9652 |1.21588e-05 
9653 |1.22044e-05 
9654 |1.21213e-05 
9655 |1.20931e-05 
9656 |1.21747e-05 
9657 |1.2146e-05 
9658 |1.22497e-05 
9659 |1.21931e-05 
9660 |1.21423e-05 
9661 |1.21861e-05 
9662 |1.21876e-05 
9663 |1.21216e-05 
9664 |1.21508e-05 
9665 |1.21823e-05 
9666 |1.21331e-05 
9667 |1.21916e-05 
9668 |1.21468e-05 
9669 |1.21907e-05 
9670 |1.21592e-05 
9671 |1.21688e-05 
9672 |1.21214e-05 
9673 |1.21777e-05 
9674 |1.13642e-05 
9675 |1.13798e-05 
9676 |1.13228e-05 
9677 |1.13635e-05 
9678 |1.13228e-05 
9679 |1.13628e-05 
9680 |1.13482e-05 
9681 |1.13119e-05 
9682 |1.13576e-05 
9683 |1.13785e-05 
9684 |1.13277e-05 
9685 |1.13823e-05 
9686 |1.13591e-05 
9687 |1.13324e-05 
9688 |1.14058e-05 
9689 |1.13175e-05 
9690 |1.13299e-05 
9691 |1.1336e-05 
9692 |1.13047e-05 
9693 |1.13814e-05 
9694 |1.13238e-05 
9695 |1.13225e-05 
9696 |1.13297e-05 
9697 |1.13641e-05 
9698 |1.04595e-05 
9699 |1.05258e-05 
9700 |1.04998e-05 
9701 |1.05415e-05 
9702 |1.05019e-05 
9703 |1.04843e-05 
9704 |1.04955e-05 
9705 |1.04979e-05 
9706 |1.05069e-05 
9707 |1.05108e-05 
9708 |1.04911e-05 
9709 |1.04952e-05 
9710 |1.05271e-05 
9711 |1.05207e-05 
9712 |1.04592e-05 
9713 |1.05299e-05 
9714 |1.04898e-05 
9715 |1.05134e-05 
9716 |1.05388e-05 
9717 |1.04849e-05 
9718 |1.04961e-05 
9719 |1.04961e-05 
9720 |1.0503e-05 
9721 |1.05197e-05 
9722 |8.717e-06 
9723 |8.71606e-06 
9724 |8.70453e-06 
9725 |8.70842e-06 
9726 |8.70446e-06 
9727 |8.7296e-06 
9728 |8.72739e-06 
9729 |8.70231e-06 
9730 |8.75688e-06 
9731 |8.69253e-06 
9732 |8.70996e-06 
9733 |8.70667e-06 
9734 |8.73617e-06 
9735 |8.66772e-06 
9736 |8.69427e-06 
9737 |8.70754e-06 
9738 |8.70607e-06 
9739 |8.71257e-06 
9740 |8.71894e-06 
9741 |8.72363e-06 
9742 |8.6867e-06 
9743 |8.68716e-06 
9744 |8.6507e-06 
9745 |8.66625e-06 
9746 |5.93271e-06 
9747 |5.92607e-06 
9748 |5.95202e-06 
9749 |5.92038e-06 
9750 |5.91904e-06 
9751 |5.9002e-06 
9752 |5.94759e-06 
9753 |5.93191e-06 
9754 |5.92232e-06 
9755 |5.96737e-06 
9756 |5.90683e-06 
9757 |5.94002e-06 
9758 |5.89168e-06 
9759 |5.93586e-06 
9760 |5.95383e-06 
9761 |5.94545e-06 
9762 |5.95121e-06 
9763 |5.90603e-06 
9764 |5.93707e-06 
9765 |5.93472e-06 
9766 |5.94391e-06 
9767 |5.91133e-06 
9768 |5.94625e-06 
9769 |5.97695e-06 
9770 |5.58084e-06 
9771 |5.60108e-06 
9772 |5.59197e-06 
9773 |5.6096e-06 
9774 |5.5862e-06 
9775 |5.59646e-06 
9776 |5.58741e-06 
9777 |5.56663e-06 
9778 |5.59223e-06 
9779 |5.59994e-06 
9780 |5.60229e-06 
9781 |5.5982e-06 
9782 |5.60195e-06 
9783 |5.6049e-06 
9784 |5.59492e-06 
9785 |5.61409e-06 
9786 |5.5567e-06 
9787 |5.60872e-06 
9788 |5.57836e-06 
9789 |5.6104e-06 
9790 |5.60148e-06 
9791 |5.62696e-06 
9792 |5.58332e-06 
9793 |5.59532e-06 
9794 |5.64184e-06 
9795 |5.6885e-06 
9796 |5.66034e-06 
9797 |5.62294e-06 
9798 |5.64774e-06 
9799 |5.6769e-06 
9800 |5.64345e-06 
9801 |5.65485e-06 
9802 |5.65136e-06 
9803 |5.6397e-06 
9804 |5.67931e-06 
9805 |5.64311e-06 
9806 |5.59719e-06 
9807 |5.62461e-06 
9808 |5.61415e-06 
9809 |5.64566e-06 
9810 |5.65518e-06 
9811 |5.64157e-06 
9812 |5.64526e-06 
9813 |5.64881e-06 
9814 |5.66926e-06 
9815 |5.68494e-06 
9816 |5.67422e-06 
9817 |5.63225e-06 
9818 |4.63549e-06 
9819 |4.65138e-06 
9820 |4.66579e-06 
9821 |4.67169e-06 
9822 |4.67263e-06 
9823 |4.68496e-06 
9824 |4.67511e-06 
9825 |4.63415e-06 
9826 |4.66405e-06 
9827 |4.67618e-06 
9828 |4.65138e-06 
9829 |4.68812e-06 
9830 |4.67504e-06 
9831 |4.62785e-06 
9832 |4.68832e-06 
9833 |4.66526e-06 
9834 |4.65694e-06 
9835 |4.67129e-06 
9836 |4.62141e-06 
9837 |4.67095e-06 
9838 |4.67189e-06 
9839 |4.63643e-06 
9840 |4.68101e-06 
9841 |4.64776e-06 
9842 |3.98128e-06 
9843 |3.97947e-06 
9844 |3.98859e-06 
9845 |3.97089e-06 
9846 |3.94441e-06 
9847 |3.96479e-06 
9848 |3.99074e-06 
9849 |3.93999e-06 
9850 |3.9953e-06 
9851 |3.9532e-06 
9852 |3.9892e-06 
9853 |3.95983e-06 
9854 |3.9473e-06 
9855 |3.95045e-06 
9856 |3.96137e-06 
9857 |3.95903e-06 
9858 |3.96593e-06 
9859 |3.97706e-06 
9860 |3.95755e-06 
9861 |3.97096e-06 
9862 |3.95192e-06 
9863 |3.9666e-06 
9864 |3.93731e-06 
9865 |3.97592e-06 
9866 |1.72029e-06 
9867 |1.71794e-06 
9868 |1.72122e-06 
9869 |1.73778e-06 
9870 |1.70849e-06 
9871 |1.73973e-06 
9872 |1.73912e-06 
9873 |1.74717e-06 
9874 |1.72732e-06 
9875 |1.72913e-06 
9876 |1.74408e-06 
9877 |1.74194e-06 
9878 |1.69702e-06 
9879 |1.73416e-06 
9880 |1.70453e-06 
9881 |1.72565e-06 
9882 |1.72954e-06 
9883 |1.74576e-06 
9884 |1.74904e-06 
9885 |1.75481e-06 
9886 |1.71378e-06 
9887 |1.7343e-06 
9888 |1.73356e-06 
9889 |1.7353e-06 
9890 |5.78831e-06 
9891 |5.82673e-06 
9892 |5.78604e-06 
9893 |5.80802e-06 
9894 |5.7859e-06 
9895 |5.79985e-06 
9896 |5.77243e-06 
9897 |5.80548e-06 
9898 |5.7983e-06 
9899 |5.7924e-06 
9900 |5.82552e-06 
9901 |5.7861e-06 
9902 |5.78007e-06 
9903 |5.77994e-06 
9904 |5.7676e-06 
9905 |5.7743e-06 
9906 |5.75714e-06 
9907 |5.79569e-06 
9908 |5.78751e-06 
9909 |5.77464e-06 
9910 |5.79468e-06 
9911 |5.81902e-06 
9912 |5.76217e-06 
9913 |5.76713e-06 
9914 |5.54504e-06 
9915 |5.56187e-06 
9916 |5.54484e-06 
9917 |5.57963e-06 
9918 |5.50274e-06 
9919 |5.52352e-06 
9920 |5.5553e-06 
9921 |5.55845e-06 
9922 |5.52815e-06 
9923 |5.5618e-06 
9924 |5.52299e-06 
9925 |5.5384e-06 
9926 |5.53787e-06 
9927 |5.5734e-06 
9928 |5.57433e-06 
9929 |5.58003e-06 
9930 |5.57172e-06 
9931 |5.57031e-06 
9932 |5.55409e-06 
9933 |5.54651e-06 
9934 |5.54598e-06 
9935 |5.54819e-06 
9936 |5.55664e-06 
9937 |5.50033e-06 
9938 |5.65029e-06 
9939 |5.67429e-06 
9940 |5.65659e-06 
9941 |5.68287e-06 
9942 |5.6655e-06 
9943 |5.65967e-06 
9944 |5.63105e-06 
9945 |5.64291e-06 
9946 |5.67395e-06 
9947 |5.63688e-06 
9948 |5.66611e-06 
9949 |5.71196e-06 
9950 |5.6641e-06 
9951 |5.66195e-06 
9952 |5.66336e-06 
9953 |5.62113e-06 
9954 |5.67958e-06 
9955 |5.66604e-06 
9956 |5.6706e-06 
9957 |5.66289e-06 
9958 |5.63494e-06 
9959 |5.63708e-06 
9960 |5.68568e-06 
9961 |5.60443e-06 
9962 |4.71667e-06 
9963 |4.70615e-06 
9964 |4.75073e-06 
9965 |4.70695e-06 
9966 |4.68624e-06 
9967 |4.69623e-06 
9968 |4.69368e-06 
9969 |4.69395e-06 
9970 |4.67498e-06 
9971 |4.728e-06 
9972 |4.68121e-06 
9973 |4.70058e-06 
9974 |4.72539e-06 
9975 |4.70823e-06 
9976 |4.72894e-06 
9977 |4.6851e-06 
9978 |4.68771e-06 
9979 |4.70541e-06 
9980 |4.71929e-06 
9981 |4.69375e-06 
9982 |4.6845e-06 
9983 |4.70709e-06 
9984 |4.66827e-06 
9985 |4.70025e-06 
9986 |4.11589e-06 
9987 |4.1049e-06 
9988 |4.09994e-06 
9989 |4.10678e-06 
9990 |4.12541e-06 
9991 |4.13386e-06 
9992 |4.09719e-06 
9993 |4.10939e-06 
9994 |4.11898e-06 
9995 |4.11107e-06 
9996 |4.08928e-06 
9997 |4.11509e-06 
9998 |4.0925e-06 
9999 |4.1108e-06 
10000 |4.09873e-06 
10001 |4.10704e-06 
10002 |4.09618e-06 
10003 |4.09236e-06 
10004 |4.09813e-06 
10005 |4.07024e-06 
10006 |4.09887e-06 
10007 |4.10148e-06 
10008 |4.1047e-06 
10009 |4.12655e-06 
10010 |2.0684e-06 
10011 |2.08845e-06 
10012 |2.08429e-06 
10013 |2.06029e-06 
10014 |2.06539e-06 
10015 |2.07652e-06 
10016 |2.07953e-06 
10017 |2.07316e-06 
10018 |2.0741e-06 
10019 |2.0741e-06 
10020 |2.07343e-06 
10021 |2.07745e-06 
10022 |2.07665e-06 
10023 |2.07491e-06 
10024 |2.07913e-06 
10025 |2.07692e-06 
10026 |2.09227e-06 
10027 |2.06083e-06 
10028 |2.03951e-06 
10029 |2.06083e-06 
10030 |2.08275e-06 
10031 |2.08865e-06 
10032 |2.06673e-06 
10033 |2.07156e-06 
10034 |5.50603e-06 
10035 |5.54665e-06 
10036 |5.53928e-06 
10037 |5.52372e-06 
10038 |5.54015e-06 
10039 |5.5376e-06 
10040 |5.54564e-06 
10041 |5.51729e-06 
10042 |5.54001e-06 
10043 |5.53304e-06 
10044 |5.53894e-06 
10045 |5.51876e-06 
10046 |5.53512e-06 
10047 |5.48819e-06 
10048 |5.52955e-06 
10049 |5.53324e-06 
10050 |5.52345e-06 
10051 |5.52795e-06 
10052 |5.50569e-06 
10053 |5.5447e-06 
10054 |5.5443e-06 
10055 |5.5248e-06 
10056 |5.51856e-06 
10057 |5.52211e-06 
10058 |5.31946e-06 
10059 |5.31035e-06 
10060 |5.29855e-06 
10061 |5.31276e-06 
10062 |5.35131e-06 
10063 |5.28635e-06 
10064 |5.30894e-06 
10065 |5.29238e-06 
10066 |5.29231e-06 
10067 |5.31692e-06 
10068 |5.32436e-06 
10069 |5.28085e-06 
10070 |5.31075e-06 
10071 |5.30921e-06 
10072 |5.34118e-06 
10073 |5.2594e-06 
10074 |5.27938e-06 
10075 |5.26543e-06 
10076 |5.29144e-06 
10077 |5.32972e-06 
10078 |5.32563e-06 
10079 |5.27428e-06 
10080 |5.32201e-06 
10081 |5.28186e-06 
10082 |5.30927e-06 
10083 |5.26925e-06 
10084 |5.27441e-06 
10085 |5.26295e-06 
10086 |5.25658e-06 
10087 |5.26744e-06 
10088 |5.2895e-06 
10089 |5.26087e-06 
10090 |5.21737e-06 
10091 |5.27743e-06 
10092 |5.25558e-06 
10093 |5.27958e-06 
10094 |5.28836e-06 
10095 |5.25625e-06 
10096 |5.27033e-06 
10097 |5.26007e-06 
10098 |5.27281e-06 
10099 |5.27991e-06 
10100 |5.29748e-06 
10101 |5.26932e-06 
10102 |5.25564e-06 
10103 |5.24499e-06 
10104 |5.30813e-06 
10105 |5.24344e-06 
10106 |4.14318e-06 
10107 |4.15591e-06 
10108 |4.08807e-06 
10109 |4.16677e-06 
10110 |4.15464e-06 
10111 |4.12622e-06 
10112 |4.13205e-06 
10113 |4.14157e-06 
10114 |4.13607e-06 
10115 |4.14854e-06 
10116 |4.17643e-06 
10117 |4.15772e-06 
10118 |4.14928e-06 
10119 |4.16007e-06 
10120 |4.13574e-06 
10121 |4.1222e-06 
10122 |4.14606e-06 
10123 |4.1464e-06 
10124 |4.14311e-06 
10125 |4.14593e-06 
10126 |4.13567e-06 
10127 |4.12997e-06 
10128 |4.18528e-06 
10129 |4.1539e-06 
10130 |3.44044e-06 
10131 |3.458e-06 
10132 |3.44111e-06 
10133 |3.46658e-06 
10134 |3.46899e-06 
10135 |3.4468e-06 
10136 |3.47348e-06 
10137 |3.40819e-06 
10138 |3.43494e-06 
10139 |3.42938e-06 
10140 |3.4761e-06 
10141 |3.43407e-06 
10142 |3.43011e-06 
10143 |3.47067e-06 
10144 |3.43011e-06 
10145 |3.43072e-06 
10146 |3.45297e-06 
10147 |3.45921e-06 
10148 |3.43729e-06 
10149 |3.44312e-06 
10150 |3.45699e-06 
10151 |3.4407e-06 
10152 |3.44955e-06 
10153 |3.43139e-06 
10154 |4.48801e-06 
10155 |4.49639e-06 
10156 |4.46428e-06 
10157 |4.47474e-06 
10158 |4.45248e-06 
10159 |4.44658e-06 
10160 |4.47655e-06 
10161 |4.47105e-06 
10162 |4.48104e-06 
10163 |4.46502e-06 
10164 |4.48493e-06 
10165 |4.5031e-06 
10166 |4.46576e-06 
10167 |4.47762e-06 
10168 |4.46126e-06 
10169 |4.43036e-06 
10170 |4.46871e-06 
10171 |4.47809e-06 
10172 |4.4917e-06 
10173 |4.48875e-06 
10174 |4.47641e-06 
10175 |4.47695e-06 
10176 |4.45315e-06 
10177 |4.48654e-06 
10178 |4.25995e-06 
10179 |4.26351e-06 
10180 |4.26471e-06 
10181 |4.27953e-06 
10182 |4.29032e-06 
10183 |4.2808e-06 
10184 |4.29977e-06 
10185 |4.27691e-06 
10186 |4.32987e-06 
10187 |4.28161e-06 
10188 |4.28623e-06 
10189 |4.29642e-06 
10190 |4.29059e-06 
10191 |4.26056e-06 
10192 |4.27598e-06 
10193 |4.31137e-06 
10194 |4.24581e-06 
10195 |4.29535e-06 
10196 |4.25479e-06 
10197 |4.27209e-06 
10198 |4.26921e-06 
10199 |4.24306e-06 
10200 |4.29568e-06 
10201 |4.25446e-06 
10202 |4.05871e-06 
10203 |4.09257e-06 
10204 |4.10275e-06 
10205 |4.07413e-06 
10206 |4.10195e-06 
10207 |4.09605e-06 
10208 |4.07447e-06 
10209 |4.12126e-06 
10210 |4.0998e-06 
10211 |4.10235e-06 
10212 |4.10731e-06 
10213 |4.0809e-06 
10214 |4.10195e-06 
10215 |4.06602e-06 
10216 |4.09525e-06 
10217 |4.12347e-06 
10218 |4.08372e-06 
10219 |4.08747e-06 
10220 |4.08995e-06 
10221 |4.10577e-06 
10222 |4.08264e-06 
10223 |4.08445e-06 
10224 |4.07842e-06 
10225 |4.10959e-06 
10226 |3.07381e-06 
10227 |3.07006e-06 
10228 |3.06785e-06 
10229 |3.05431e-06 
10230 |3.05156e-06 
10231 |3.06054e-06 
10232 |3.11799e-06 
10233 |3.04573e-06 
10234 |3.07891e-06 
10235 |3.04787e-06 
10236 |3.02226e-06 
10237 |3.06476e-06 
10238 |3.05739e-06 
10239 |3.09486e-06 
10240 |3.06838e-06 
10241 |3.08588e-06 
10242 |3.05726e-06 
10243 |3.05719e-06 
10244 |3.0643e-06 
10245 |3.03688e-06 
10246 |3.07294e-06 
10247 |3.09366e-06 
10248 |3.0598e-06 
10249 |3.06081e-06 
10250 |6.24497e-06 
10251 |6.19878e-06 
10252 |6.18644e-06 
10253 |6.25509e-06 
10254 |6.22626e-06 
10255 |6.21467e-06 
10256 |6.23558e-06 
10257 |6.22318e-06 
10258 |6.16781e-06 
10259 |6.23907e-06 
10260 |6.21909e-06 
10261 |6.26883e-06 
10262 |6.18349e-06 
10263 |6.20314e-06 
10264 |6.22003e-06 
10265 |6.2154e-06 
10266 |6.20501e-06 
10267 |6.19864e-06 
10268 |6.24872e-06 
10269 |6.1841e-06 
10270 |6.24725e-06 
10271 |6.21279e-06 
10272 |6.24376e-06 
10273 |6.25435e-06 
10274 |5.88089e-06 
10275 |5.89021e-06 
10276 |5.90248e-06 
10277 |5.89819e-06 
10278 |5.90878e-06 
10279 |5.9179e-06 
10280 |5.87412e-06 
10281 |5.85944e-06 
10282 |5.89068e-06 
10283 |5.91783e-06 
10284 |5.88042e-06 
10285 |5.90328e-06 
10286 |5.90724e-06 
10287 |5.88625e-06 
10288 |5.93633e-06 
10289 |5.93238e-06 
10290 |5.95168e-06 
10291 |5.92272e-06 
10292 |5.94484e-06 
10293 |5.937e-06 
10294 |5.90442e-06 
10295 |5.87781e-06 
10296 |5.8953e-06 
10297 |5.90301e-06 
10298 |5.36632e-06 
10299 |5.3808e-06 
10300 |5.37423e-06 
10301 |5.38335e-06 
10302 |5.36277e-06 
10303 |5.3979e-06 
10304 |5.3629e-06 
10305 |5.33401e-06 
10306 |5.35499e-06 
10307 |5.37825e-06 
10308 |5.39213e-06 
10309 |5.3867e-06 
10310 |5.36954e-06 
10311 |5.36082e-06 
10312 |5.36592e-06 
10313 |5.34333e-06 
10314 |5.36123e-06 
10315 |5.36739e-06 
10316 |5.35446e-06 
10317 |5.3318e-06 
10318 |5.37081e-06 
10319 |5.35613e-06 
10320 |5.34795e-06 
10321 |5.37249e-06 
10322 |2.50555e-06 
10323 |2.48041e-06 
10324 |2.48865e-06 
10325 |2.47257e-06 
10326 |2.48865e-06 
10327 |2.49476e-06 
10328 |2.50883e-06 
10329 |2.50803e-06 
10330 |2.48262e-06 
10331 |2.51292e-06 
10332 |2.50146e-06 
10333 |2.51212e-06 
10334 |2.50877e-06 
10335 |2.48731e-06 
10336 |2.49784e-06 
10337 |2.48296e-06 
10338 |2.50367e-06 
10339 |2.49241e-06 
10340 |2.49127e-06 
10341 |2.50897e-06 
10342 |2.49657e-06 
10343 |2.48028e-06 
10344 |2.50407e-06 
10345 |2.48785e-06 
10346 |2.48416e-06 
10347 |2.44314e-06 
10348 |2.47853e-06 
10349 |2.47572e-06 
10350 |2.46378e-06 
10351 |2.46962e-06 
10352 |2.45085e-06 
10353 |2.45748e-06 
10354 |2.46251e-06 
10355 |2.48436e-06 
10356 |2.454e-06 
10357 |2.46197e-06 
10358 |2.48148e-06 
10359 |2.47263e-06 
10360 |2.46378e-06 
10361 |2.46787e-06 
10362 |2.47009e-06 
10363 |2.45547e-06 
10364 |2.45782e-06 
10365 |2.46747e-06 
10366 |2.47686e-06 
10367 |2.47766e-06 
10368 |2.44783e-06 
10369 |2.44501e-06 
10370 |2.40111e-06 
10371 |2.40285e-06 
10372 |2.40399e-06 
10373 |2.39219e-06 
10374 |2.38354e-06 
10375 |2.38736e-06 
10376 |2.38709e-06 
10377 |2.40412e-06 
10378 |2.39366e-06 
10379 |2.39876e-06 
10380 |2.40922e-06 
10381 |2.4245e-06 
10382 |2.41056e-06 
10383 |2.40861e-06 
10384 |2.42276e-06 
10385 |2.4123e-06 
10386 |2.418e-06 
10387 |2.3881e-06 
10388 |2.38756e-06 
10389 |2.41016e-06 
10390 |2.38408e-06 
10391 |2.38817e-06 
10392 |2.39688e-06 
10393 |2.41404e-06 
10394 |1.63636e-06 
10395 |1.65003e-06 
10396 |1.67121e-06 
10397 |1.66585e-06 
10398 |1.66853e-06 
10399 |1.64909e-06 
10400 |1.65164e-06 
10401 |1.67209e-06 
10402 |1.68388e-06 
10403 |1.65191e-06 
10404 |1.66196e-06 
10405 |1.66283e-06 
10406 |1.66418e-06 
10407 |1.65171e-06 
10408 |1.66713e-06 
10409 |1.66371e-06 
10410 |1.68087e-06 
10411 |1.66364e-06 
10412 |1.67584e-06 
10413 |1.67423e-06 
10414 |1.64212e-06 
10415 |1.67188e-06 
10416 |1.669e-06 
10417 |1.66974e-06 
10418 |3.44231e-06 
10419 |3.42596e-06 
10420 |3.38406e-06 
10421 |3.421e-06 
10422 |3.43621e-06 
10423 |3.45156e-06 
10424 |3.42602e-06 
10425 |3.40752e-06 
10426 |3.44178e-06 
10427 |3.41329e-06 
10428 |3.42254e-06 
10429 |3.41355e-06 
10430 |3.42187e-06 
10431 |3.44908e-06 
10432 |3.43943e-06 
10433 |3.45324e-06 
10434 |3.40652e-06 
10435 |3.42864e-06 
10436 |3.42495e-06 
10437 |3.41986e-06 
10438 |3.43494e-06 
10439 |3.45103e-06 
10440 |3.41979e-06 
10441 |3.44144e-06 
10442 |3.58356e-06 
10443 |3.60012e-06 
10444 |3.57913e-06 
10445 |3.60541e-06 
10446 |3.60762e-06 
10447 |3.58778e-06 
10448 |3.5788e-06 
10449 |3.58222e-06 
10450 |3.59556e-06 
10451 |3.5975e-06 
10452 |3.58363e-06 
10453 |3.59596e-06 
10454 |3.60689e-06 
10455 |3.61292e-06 
10456 |3.63377e-06 
10457 |3.59589e-06 
10458 |3.58061e-06 
10459 |3.61768e-06 
10460 |3.6205e-06 
10461 |3.55695e-06 
10462 |3.58979e-06 
10463 |3.61238e-06 
10464 |3.60521e-06 
10465 |3.62277e-06 
10466 |3.81316e-06 
10467 |3.79238e-06 
10468 |3.7781e-06 
10469 |3.7968e-06 
10470 |3.78728e-06 
10471 |3.79311e-06 
10472 |3.79687e-06 
10473 |3.78145e-06 
10474 |3.7964e-06 
10475 |3.77602e-06 
10476 |3.77039e-06 
10477 |3.81718e-06 
10478 |3.80424e-06 
10479 |3.78467e-06 
10480 |3.77716e-06 
10481 |3.80592e-06 
10482 |3.80592e-06 
10483 |3.7972e-06 
10484 |3.79385e-06 
10485 |3.79271e-06 
10486 |3.78641e-06 
10487 |3.77944e-06 
10488 |3.80243e-06 
10489 |3.79519e-06 
10490 |2.91112e-06 
10491 |2.90495e-06 
10492 |2.89402e-06 
10493 |2.89101e-06 
10494 |2.89389e-06 
10495 |2.90689e-06 
10496 |2.8845e-06 
10497 |2.89805e-06 
10498 |2.89087e-06 
10499 |2.89898e-06 
10500 |2.9071e-06 
10501 |2.91004e-06 
10502 |2.92265e-06 
10503 |2.90723e-06 
10504 |2.88685e-06 
10505 |2.91521e-06 
10506 |2.9207e-06 
10507 |2.90542e-06 
10508 |2.92385e-06 
10509 |2.92533e-06 
10510 |2.87405e-06 
10511 |2.91467e-06 
10512 |2.88625e-06 
10513 |2.90756e-06 
10514 |2.5036e-06 
10515 |2.48597e-06 
10516 |2.50421e-06 
10517 |2.5032e-06 
10518 |2.50763e-06 
10519 |2.49355e-06 
10520 |2.47679e-06 
10521 |2.48939e-06 
10522 |2.50615e-06 
10523 |2.4786e-06 
10524 |2.50039e-06 
10525 |2.51694e-06 
10526 |2.49281e-06 
10527 |2.48993e-06 
10528 |2.50615e-06 
10529 |2.47987e-06 
10530 |2.49791e-06 
10531 |2.49355e-06 
10532 |2.49435e-06 
10533 |2.52023e-06 
10534 |2.49167e-06 
10535 |2.50555e-06 
10536 |2.48081e-06 
10537 |2.49838e-06 
10538 |1.52521e-06 
10539 |1.54499e-06 
10540 |1.53064e-06 
10541 |1.53419e-06 
10542 |1.52206e-06 
10543 |1.52983e-06 
10544 |1.52709e-06 
10545 |1.53144e-06 
10546 |1.50966e-06 
10547 |1.52125e-06 
10548 |1.55745e-06 
10549 |1.52849e-06 
10550 |1.5173e-06 
10551 |1.53614e-06 
10552 |1.53848e-06 
10553 |1.53352e-06 
10554 |1.49672e-06 
10555 |1.54311e-06 
10556 |1.52548e-06 
10557 |1.55042e-06 
10558 |1.52045e-06 
10559 |1.51998e-06 
10560 |1.53835e-06 
10561 |1.51542e-06 
10562 |2.7867e-06 
10563 |2.77208e-06 
10564 |2.80701e-06 
10565 |2.79488e-06 
10566 |2.7936e-06 
10567 |2.79514e-06 
10568 |2.78931e-06 
10569 |2.78737e-06 
10570 |2.80306e-06 
10571 |2.79736e-06 
10572 |2.79199e-06 
10573 |2.78134e-06 
10574 |2.80674e-06 
10575 |2.77524e-06 
10576 |2.78301e-06 
10577 |2.78965e-06 
10578 |2.82002e-06 
10579 |2.80466e-06 
10580 |2.80802e-06 
10581 |2.78194e-06 
10582 |2.82089e-06 
10583 |2.79501e-06 
10584 |2.79897e-06 
10585 |2.79535e-06 
10586 |2.95067e-06 
10587 |2.95033e-06 
10588 |2.97065e-06 
10589 |2.94189e-06 
10590 |2.96776e-06 
10591 |2.95342e-06 
10592 |2.97581e-06 
10593 |2.97648e-06 
10594 |2.96267e-06 
10595 |2.97795e-06 
10596 |2.94752e-06 
10597 |2.95295e-06 
10598 |2.96501e-06 
10599 |3.00262e-06 
10600 |2.98231e-06 
10601 |2.95972e-06 
10602 |2.96535e-06 
10603 |2.95617e-06 
10604 |2.98352e-06 
10605 |2.97219e-06 
10606 |2.96803e-06 
10607 |2.97896e-06 
10608 |2.95878e-06 
10609 |2.94973e-06 
10610 |3.1796e-06 
10611 |3.14065e-06 
10612 |3.15727e-06 
10613 |3.12751e-06 
10614 |3.14762e-06 
10615 |3.14762e-06 
10616 |3.14869e-06 
10617 |3.16398e-06 
10618 |3.15305e-06 
10619 |3.18416e-06 
10620 |3.15821e-06 
10621 |3.13254e-06 
10622 |3.14085e-06 
10623 |3.15922e-06 
10624 |3.16968e-06 
10625 |3.16297e-06 
10626 |3.17658e-06 
10627 |3.18322e-06 
10628 |3.15003e-06 
10629 |3.15707e-06 
10630 |3.16793e-06 
10631 |3.16498e-06 
10632 |3.15091e-06 
10633 |3.13254e-06 
10634 |2.3934e-06 
10635 |2.41921e-06 
10636 |2.42142e-06 
10637 |2.45648e-06 
10638 |2.40881e-06 
10639 |2.39299e-06 
10640 |2.3873e-06 
10641 |2.42645e-06 
10642 |2.43563e-06 
10643 |2.43208e-06 
10644 |2.40419e-06 
10645 |2.41116e-06 
10646 |2.41009e-06 
10647 |2.41579e-06 
10648 |2.42812e-06 
10649 |2.41632e-06 
10650 |2.41981e-06 
10651 |2.41036e-06 
10652 |2.42577e-06 
10653 |2.44153e-06 
10654 |2.42524e-06 
10655 |2.4241e-06 
10656 |2.41404e-06 
10657 |2.41344e-06 
10658 |2.08637e-06 
10659 |2.07752e-06 
10660 |2.06646e-06 
10661 |2.08369e-06 
10662 |2.08912e-06 
10663 |2.07792e-06 
10664 |2.06934e-06 
10665 |2.06847e-06 
10666 |2.07169e-06 
10667 |2.05131e-06 
10668 |2.07678e-06 
10669 |2.06653e-06 
10670 |2.06291e-06 
10671 |2.05071e-06 
10672 |2.0804e-06 
10673 |2.05701e-06 
10674 |2.08221e-06 
10675 |2.05989e-06 
10676 |2.07973e-06 
10677 |2.08168e-06 
10678 |2.09173e-06 
10679 |2.06103e-06 
10680 |2.0859e-06 
10681 |2.04803e-06 
10682 |1.30164e-06 
10683 |1.31411e-06 
10684 |1.30533e-06 
10685 |1.31016e-06 
10686 |1.30855e-06 
10687 |1.31941e-06 
10688 |1.31632e-06 
10689 |1.30278e-06 
10690 |1.31016e-06 
10691 |1.31565e-06 
10692 |1.31807e-06 
10693 |1.30506e-06 
10694 |1.31371e-06 
10695 |1.32792e-06 
10696 |1.31472e-06 
10697 |1.28669e-06 
10698 |1.31384e-06 
10699 |1.3174e-06 
10700 |1.31297e-06 
10701 |1.31901e-06 
10702 |1.29192e-06 
10703 |1.32015e-06 
10704 |1.30634e-06 
10705 |1.30701e-06 
10706 |3.01978e-06 
10707 |3.02454e-06 
10708 |3.0409e-06 
10709 |3.03842e-06 
10710 |3.03989e-06 
10711 |3.05142e-06 
10712 |3.04479e-06 
10713 |3.03822e-06 
10714 |3.02287e-06 
10715 |3.04894e-06 
10716 |3.01207e-06 
10717 |3.03131e-06 
10718 |3.02327e-06 
10719 |3.03453e-06 
10720 |3.0409e-06 
10721 |3.03058e-06 
10722 |3.01958e-06 
10723 |3.04224e-06 
10724 |3.02897e-06 
10725 |3.03446e-06 
10726 |3.02957e-06 
10727 |3.04231e-06 
10728 |3.02903e-06 
10729 |3.01797e-06 
10730 |3.21097e-06 
10731 |3.21761e-06 
10732 |3.21607e-06 
10733 |3.21298e-06 
10734 |3.23215e-06 
10735 |3.25032e-06 
10736 |3.22277e-06 
10737 |3.19334e-06 
10738 |3.22096e-06 
10739 |3.21875e-06 
10740 |3.20588e-06 
10741 |3.21808e-06 
10742 |3.22156e-06 
10743 |3.24067e-06 
10744 |3.22049e-06 
10745 |3.22371e-06 
10746 |3.22183e-06 
10747 |3.23423e-06 
10748 |3.21238e-06 
10749 |3.21017e-06 
10750 |3.22424e-06 
10751 |3.21834e-06 
10752 |3.22351e-06 
10753 |3.22706e-06 
10754 |3.36629e-06 
10755 |3.35094e-06 
10756 |3.36549e-06 
10757 |3.33861e-06 
10758 |3.36542e-06 
10759 |3.32963e-06 
10760 |3.32473e-06 
10761 |3.37622e-06 
10762 |3.385e-06 
10763 |3.33412e-06 
10764 |3.38037e-06 
10765 |3.35047e-06 
10766 |3.38352e-06 
10767 |3.37501e-06 
10768 |3.32741e-06 
10769 |3.38788e-06 
10770 |3.36281e-06 
10771 |3.33988e-06 
10772 |3.34974e-06 
10773 |3.3734e-06 
10774 |3.38044e-06 
10775 |3.35242e-06 
10776 |3.36147e-06 
10777 |3.35832e-06 
10778 |2.51674e-06 
10779 |2.5447e-06 
10780 |2.51286e-06 
10781 |2.539e-06 
10782 |2.4853e-06 
10783 |2.49207e-06 
10784 |2.52264e-06 
10785 |2.51647e-06 
10786 |2.49724e-06 
10787 |2.52492e-06 
10788 |2.51245e-06 
10789 |2.49556e-06 
10790 |2.52023e-06 
10791 |2.52043e-06 
10792 |2.50655e-06 
10793 |2.52398e-06 
10794 |2.49382e-06 
10795 |2.53806e-06 
10796 |2.51339e-06 
10797 |2.49677e-06 
10798 |2.51185e-06 
10799 |2.51373e-06 
10800 |2.50233e-06 
10801 |2.54135e-06 
10802 |2.1032e-06 
10803 |2.08456e-06 
10804 |2.08409e-06 
10805 |2.09428e-06 
10806 |2.0853e-06 
10807 |2.08563e-06 
10808 |2.09676e-06 
10809 |2.10125e-06 
10810 |2.07933e-06 
10811 |2.0971e-06 
10812 |2.10561e-06 
10813 |2.09629e-06 
10814 |2.11178e-06 
10815 |2.1152e-06 
10816 |2.09723e-06 
10817 |2.08671e-06 
10818 |2.07759e-06 
10819 |2.09502e-06 
10820 |2.09354e-06 
10821 |2.08939e-06 
10822 |2.08114e-06 
10823 |2.10655e-06 
10824 |2.09931e-06 
10825 |2.08443e-06 
10826 |3.18523e-06 
10827 |3.17303e-06 
10828 |3.16056e-06 
10829 |3.16579e-06 
10830 |3.17102e-06 
10831 |3.16063e-06 
10832 |3.16304e-06 
10833 |3.16492e-06 
10834 |3.16425e-06 
10835 |3.16056e-06 
10836 |3.1867e-06 
10837 |3.13897e-06 
10838 |3.15727e-06 
10839 |3.17504e-06 
10840 |3.1867e-06 
10841 |3.17068e-06 
10842 |3.18697e-06 
10843 |3.1432e-06 
10844 |3.17698e-06 
10845 |3.15164e-06 
10846 |3.16545e-06 
10847 |3.1489e-06 
10848 |3.16451e-06 
10849 |3.13281e-06 
10850 |3.38687e-06 
10851 |3.39874e-06 
10852 |3.38419e-06 
10853 |3.39137e-06 
10854 |3.41691e-06 
10855 |3.38982e-06 
10856 |3.38848e-06 
10857 |3.40377e-06 
10858 |3.38238e-06 
10859 |3.38097e-06 
10860 |3.39874e-06 
10861 |3.40698e-06 
10862 |3.41878e-06 
10863 |3.41241e-06 
10864 |3.40799e-06 
10865 |3.40149e-06 
10866 |3.41121e-06 
10867 |3.42247e-06 
10868 |3.39183e-06 
10869 |3.39639e-06 
10870 |3.38218e-06 
10871 |3.40062e-06 
10872 |3.39344e-06 
10873 |3.41992e-06 
10874 |3.45894e-06 
10875 |3.46873e-06 
10876 |3.44714e-06 
10877 |3.42991e-06 
10878 |3.43983e-06 
10879 |3.41382e-06 
10880 |3.43923e-06 
10881 |3.45981e-06 
10882 |3.44513e-06 
10883 |3.44747e-06 
10884 |3.4767e-06 
10885 |3.45471e-06 
10886 |3.44855e-06 
10887 |3.43621e-06 
10888 |3.43186e-06 
10889 |3.4458e-06 
10890 |3.43809e-06 
10891 |3.47228e-06 
10892 |3.43206e-06 
10893 |3.45961e-06 
10894 |3.46464e-06 
10895 |3.45109e-06 
10896 |3.46249e-06 
10897 |3.44935e-06 
10898 |2.48148e-06 
10899 |2.46761e-06 
10900 |2.45527e-06 
10901 |2.46982e-06 
10902 |2.46432e-06 
10903 |2.45628e-06 
10904 |2.48463e-06 
10905 |2.50675e-06 
10906 |2.48678e-06 
10907 |2.4784e-06 
10908 |2.47056e-06 
10909 |2.47431e-06 
10910 |2.48229e-06 
10911 |2.46499e-06 
10912 |2.48336e-06 
10913 |2.44904e-06 
10914 |2.47592e-06 
10915 |2.49496e-06 
10916 |2.47666e-06 
10917 |2.47578e-06 
10918 |2.48014e-06 
10919 |2.48966e-06 
10920 |2.47505e-06 
10921 |2.48088e-06 
10922 |0 
10923 |0 
10924 |0 
10925 |0 
10926 |0 
10927 |0 
10928 |0 
10929 |0 
10930 |0 
10931 |0 
10932 |0 
10933 |0 
10934 |0 
10935 |0 
10936 |0 
10937 |0 
10938 |0 
10939 |0 
10940 |0 
10941 |0 
10942 |0 
10943 |0 
10944 |0 
10945 |0 
10946 |0 
10947 |0 
10948 |0 
10949 |0 
10950 |0 
10951 |0 
10952 |0 
10953 |0 
10954 |0 
10955 |0 
10956 |0 
10957 |0 
10958 |0 
10959 |0 
10960 |0 
10961 |0 
10962 |0 
10963 |0 
10964 |0 
10965 |0 
10966 |0 
10967 |0 
10968 |0 
10969 |0 
10970 |0 
10971 |0 
10972 |0 
10973 |0 
10974 |0 
10975 |0 
10976 |0 
10977 |0 
10978 |0 
10979 |0 
10980 |0 
10981 |0 
10982 |0 
10983 |0 
10984 |0 
10985 |0 
10986 |0 
10987 |0 
10988 |0 
10989 |0 
10990 |0 
10991 |0 
10992 |0 
10993 |0 
10994 |0 
10995 |0 
10996 |0 
10997 |0 
10998 |0 
10999 |0 
11000 |0 
11001 |0 
11002 |0 
11003 |0 
11004 |0 
11005 |0 
11006 |0 
11007 |0 
11008 |0 
11009 |0 
11010 |0 
11011 |0 
11012 |0 
11013 |0 
11014 |0 
11015 |0 
11016 |0 
11017 |0 
11018 |0 
11019 |0 
11020 |0 
11021 |0 
11022 |0 
11023 |0 
11024 |0 
11025 |0 
11026 |0 
11027 |0 
11028 |0 
11029 |0 
11030 |0 
11031 |0 
11032 |0 
11033 |0 
11034 |0 
11035 |0 
11036 |0 
11037 |0 
11038 |0 
11039 |0 
11040 |0 
11041 |0 
11042 |0 
11043 |0 
11044 |0 
11045 |0 
11046 |0 
11047 |0 
11048 |0 
11049 |0 
11050 |0 
11051 |0 
11052 |0 
11053 |0 
11054 |0 
11055 |0 
11056 |0 
11057 |0 
11058 |0 
11059 |0 
11060 |0 
11061 |0 
11062 |0 
11063 |0 
11064 |0 
11065 |0 
11066 |0 
11067 |0 
11068 |0 
11069 |0 
11070 |0 
11071 |0 
11072 |0 
11073 |0 
11074 |0 
11075 |0 
11076 |0 
11077 |0 
11078 |0 
11079 |0 
11080 |0 
11081 |0 
11082 |0 
11083 |0 
11084 |0 
11085 |0 
11086 |0 
11087 |0 
11088 |0 
11089 |0 
11090 |0 
11091 |0 
11092 |0 
11093 |0 
11094 |0 
11095 |0 
11096 |0 
11097 |0 
11098 |0 
11099 |0 
11100 |0 
11101 |0 
11102 |0 
11103 |0 
11104 |0 
11105 |0 
11106 |0 
11107 |0 
11108 |0 
11109 |0 
11110 |0 
11111 |0 
11112 |0 
11113 |0 
11114 |0 
11115 |0 
11116 |0 
11117 |0 
11118 |0 
11119 |0 
11120 |0 
11121 |0 
11122 |0 
11123 |0 
11124 |0 
11125 |0 
11126 |0 
11127 |0 
11128 |0 
11129 |0 
11130 |0 
11131 |0 
11132 |0 
11133 |0 
11134 |0 
11135 |0 
11136 |0 
11137 |0 
11138 |0 
11139 |0 
11140 |0 
11141 |0 
11142 |0 
11143 |0 
11144 |0 
11145 |0 
11146 |0 
11147 |0 
11148 |0 
11149 |0 
11150 |0 
11151 |0 
11152 |0 
11153 |0 
11154 |0 
11155 |0 
11156 |0 
11157 |0 
11158 |0 
11159 |0 
11160 |0 
11161 |0 
11162 |0 
11163 |0 
11164 |0 
11165 |0 
11166 |0 
11167 |0 
11168 |0 
11169 |0 
11170 |0 
11171 |0 
11172 |0 
11173 |0 
11174 |0 
11175 |0 
11176 |0 
11177 |0 
11178 |0 
11179 |0 
11180 |0 
11181 |0 
11182 |0 
11183 |0 
11184 |0 
11185 |0 
11186 |0 
11187 |0 
11188 |0 
11189 |0 
11190 |0 
11191 |0 
11192 |0 
11193 |0 
11194 |0 
11195 |0 
11196 |0 
11197 |0 
11198 |0 
11199 |0 
11200 |0 
11201 |0 
11202 |0 
11203 |0 
11204 |0 
11205 |0 
11206 |0 
11207 |0 
11208 |0 
11209 |0 
11210 |0 
11211 |0 
11212 |0 
11213 |0 
11214 |0 
11215 |0 
11216 |0 
11217 |0 
11218 |0 
11219 |0 
11220 |0 
11221 |0 
11222 |0 
11223 |0 
11224 |0 
11225 |0 
11226 |0 
11227 |0 
11228 |0 
11229 |0 
11230 |0 
11231 |0 
11232 |0 
11233 |0 
11234 |0 
11235 |0 
11236 |0 
11237 |0 
11238 |0 
11239 |0 
11240 |0 
11241 |0 
11242 |0 
11243 |0 
11244 |0 
11245 |0 
11246 |0 
11247 |0 
11248 |0 
11249 |0 
11250 |0 
11251 |0 
11252 |0 
11253 |0 
11254 |0 
11255 |0 
11256 |0 
11257 |0 

Now unfolding...
Iteration : 0
Chi^2 of change 3.36449e+06
Iteration : 1
