Full command: ./Dedicated_5D_Unfold.py --root Unfolded_Histos_From_Dedicated_5D_Unfold_1st_Order_V3.root --single_file_input /w/hallb-scshelf2102/clas12/richcap/SIDIS_Analysis/Histo_Files_ROOT/DataFrames/hadd_ROOT_files_From_using_RDataFrames/SIDIS_epip_Response_Matrices_from_RDataFrames_Only_5D_1st_Order_V3_Response_Matrices_Final_Analysis_Iterations_I0_All.root --background_source lundvpk -em 'Coordinated 5D unfolding through the '"'"'Run_simple_unfold_parallel.py'"'"' script. Ran as an updated version the 5D Unfolding with the updated binning schemes (based on the BC correction cuts), 10 Bayesian iterations, and 5 Unfolding Toys. Low toy test with nominal iterations for first pass with the new binning schemes. Saving to a new output ROOT file. Ran with Harut'"'"'s exclusive '"'"'lundvpk'"'"' rho0 events subtracted directly from data as background. Ran in tmuxUnfold.' -e --bayes_iterations 10 --Num_Toys 5

Started running on [1m8-25-2026[0m at [1m05:36 p.m.[0m


[1m[94mWill be saving results to [0m[1mUnfolded_Histos_From_Dedicated_5D_Unfold_1st_Order_V3.root[0m


[1mStarting Dedicated 5D Unfolding Analysis
[0m
/w/hallb-scshelf2102/clas12/richcap/SIDIS_Analysis/./Dedicated_5D_Unfold.py:1294: FutureWarning: 
TObject.__eq__ is deprecated and will be removed in ROOT 6.40.

It forwards to TObject::Equals(), which uses pointer comparison if not overridden in derived classes.
This may be confusing, because people expect value comparisons.
Use Pythons `is` for pointer comparison, or request/implement `operator==` on the C++ side if you need value-based equality checks.
  if(Response_2D in ["ERROR"]):
/w/hallb-scshelf2102/clas12/richcap/SIDIS_Analysis/./Dedicated_5D_Unfold.py:335: FutureWarning: 
TObject.__eq__ is deprecated and will be removed in ROOT 6.40.

It forwards to TObject::Equals(), which uses pointer comparison if not overridden in derived classes.
This may be confusing, because people expect value comparisons.
Use Pythons `is` for pointer comparison, or request/implement `operator==` on the C++ side if you need value-based equality checks.
  elif((Method in ["Bin", "bin", "Bin-by-Bin", "Bin by Bin"]) or (Response_2D in ["N/A", "None", "Error"])):
/w/hallb-scshelf2102/clas12/richcap/SIDIS_Analysis/./Dedicated_5D_Unfold.py:388: FutureWarning: 
TObject.__eq__ is deprecated and will be removed in ROOT 6.40.

It forwards to TObject::Equals(), which uses pointer comparison if not overridden in derived classes.
This may be confusing, because people expect value comparisons.
Use Pythons `is` for pointer comparison, or request/implement `operator==` on the C++ side if you need value-based equality checks.
  if((("RooUnfold" in str(Method)) or (str(Method) in ["Default"]) or (Method in ["Bin", "bin", "Bin-by-Bin", "Bin by Bin"])) and (Response_2D not in ["N/A", "None", "Error"])):
Using response matrix priors
Priors:

Vector (11258)  is as follows

     |        1  |
------------------
   0 |0 
   1 |0.906807 
   2 |1.33257e-05 
   3 |1.33131e-05 
   4 |1.32649e-05 
   5 |1.32827e-05 
   6 |1.32825e-05 
   7 |1.33215e-05 
   8 |1.33478e-05 
   9 |1.32746e-05 
  10 |1.33708e-05 
  11 |1.33139e-05 
  12 |1.33073e-05 
  13 |1.33461e-05 
  14 |1.33307e-05 
  15 |1.32846e-05 
  16 |1.32723e-05 
  17 |1.33305e-05 
  18 |1.33911e-05 
  19 |1.3332e-05 
  20 |1.33099e-05 
  21 |1.33205e-05 
  22 |1.332e-05 
  23 |1.32872e-05 
  24 |1.33536e-05 
  25 |1.33129e-05 
  26 |1.28488e-05 
  27 |1.28735e-05 
  28 |1.28363e-05 
  29 |1.28544e-05 
  30 |1.29093e-05 
  31 |1.28833e-05 
  32 |1.2939e-05 
  33 |1.2906e-05 
  34 |1.28724e-05 
  35 |1.2934e-05 
  36 |1.28892e-05 
  37 |1.29422e-05 
  38 |1.29135e-05 
  39 |1.284e-05 
  40 |1.28909e-05 
  41 |1.28778e-05 
  42 |1.28354e-05 
  43 |1.28819e-05 
  44 |1.28826e-05 
  45 |1.28246e-05 
  46 |1.28343e-05 
  47 |1.28226e-05 
  48 |1.29015e-05 
  49 |1.28725e-05 
  50 |1.3655e-05 
  51 |1.36435e-05 
  52 |1.35256e-05 
  53 |1.3582e-05 
  54 |1.36434e-05 
  55 |1.35266e-05 
  56 |1.36523e-05 
  57 |1.36601e-05 
  58 |1.36337e-05 
  59 |1.36044e-05 
  60 |1.36317e-05 
  61 |1.36175e-05 
  62 |1.36342e-05 
  63 |1.3654e-05 
  64 |1.36483e-05 
  65 |1.36856e-05 
  66 |1.36673e-05 
  67 |1.3685e-05 
  68 |1.37226e-05 
  69 |1.36164e-05 
  70 |1.36393e-05 
  71 |1.36945e-05 
  72 |1.35971e-05 
  73 |1.36316e-05 
  74 |1.22091e-05 
  75 |1.22279e-05 
  76 |1.22249e-05 
  77 |1.21358e-05 
  78 |1.21896e-05 
  79 |1.22185e-05 
  80 |1.21907e-05 
  81 |1.22307e-05 
  82 |1.22626e-05 
  83 |1.22292e-05 
  84 |1.22099e-05 
  85 |1.22034e-05 
  86 |1.22487e-05 
  87 |1.22784e-05 
  88 |1.2219e-05 
  89 |1.22346e-05 
  90 |1.22138e-05 
  91 |1.21543e-05 
  92 |1.22674e-05 
  93 |1.22354e-05 
  94 |1.21878e-05 
  95 |1.2212e-05 
  96 |1.22325e-05 
  97 |1.22369e-05 
  98 |1.02473e-05 
  99 |1.03408e-05 
 100 |1.02925e-05 
 101 |1.0305e-05 
 102 |1.0268e-05 
 103 |1.02719e-05 
 104 |1.03127e-05 
 105 |1.03048e-05 
 106 |1.03626e-05 
 107 |1.0323e-05 
 108 |1.03314e-05 
 109 |1.03148e-05 
 110 |1.03582e-05 
 111 |1.03054e-05 
 112 |1.02688e-05 
 113 |1.03115e-05 
 114 |1.03396e-05 
 115 |1.03292e-05 
 116 |1.0247e-05 
 117 |1.02786e-05 
 118 |1.03241e-05 
 119 |1.02549e-05 
 120 |1.03096e-05 
 121 |1.03185e-05 
 122 |7.17866e-06 
 123 |7.16067e-06 
 124 |7.12807e-06 
 125 |7.14359e-06 
 126 |7.14496e-06 
 127 |7.14597e-06 
 128 |7.12195e-06 
 129 |7.14487e-06 
 130 |7.19865e-06 
 131 |7.14551e-06 
 132 |7.19053e-06 
 133 |7.17236e-06 
 134 |7.13574e-06 
 135 |7.17911e-06 
 136 |7.15053e-06 
 137 |7.17637e-06 
 138 |7.17829e-06 
 139 |7.12871e-06 
 140 |7.14597e-06 
 141 |7.11291e-06 
 142 |7.13264e-06 
 143 |7.12908e-06 
 144 |7.16003e-06 
 145 |7.17656e-06 
 146 |5.37016e-06 
 147 |5.40851e-06 
 148 |5.41152e-06 
 149 |5.39271e-06 
 150 |5.3802e-06 
 151 |5.43782e-06 
 152 |5.43974e-06 
 153 |5.4254e-06 
 154 |5.41792e-06 
 155 |5.45544e-06 
 156 |5.50055e-06 
 157 |5.50256e-06 
 158 |5.47718e-06 
 159 |5.45316e-06 
 160 |5.44458e-06 
 161 |5.46832e-06 
 162 |5.41308e-06 
 163 |5.43609e-06 
 164 |5.39198e-06 
 165 |5.43508e-06 
 166 |5.39463e-06 
 167 |5.4233e-06 
 168 |5.43426e-06 
 169 |5.40824e-06 
 170 |1.49588e-05 
 171 |1.49031e-05 
 172 |1.49589e-05 
 173 |1.48519e-05 
 174 |1.49225e-05 
 175 |1.48975e-05 
 176 |1.49027e-05 
 177 |1.48715e-05 
 178 |1.48771e-05 
 179 |1.49459e-05 
 180 |1.49039e-05 
 181 |1.49244e-05 
 182 |1.49189e-05 
 183 |1.49531e-05 
 184 |1.49551e-05 
 185 |1.49378e-05 
 186 |1.48849e-05 
 187 |1.49029e-05 
 188 |1.49327e-05 
 189 |1.49519e-05 
 190 |1.49603e-05 
 191 |1.49475e-05 
 192 |1.48557e-05 
 193 |1.487e-05 
 194 |1.42146e-05 
 195 |1.41774e-05 
 196 |1.4267e-05 
 197 |1.42668e-05 
 198 |1.42078e-05 
 199 |1.41979e-05 
 200 |1.41275e-05 
 201 |1.4204e-05 
 202 |1.41696e-05 
 203 |1.42139e-05 
 204 |1.42227e-05 
 205 |1.41954e-05 
 206 |1.41775e-05 
 207 |1.42258e-05 
 208 |1.42523e-05 
 209 |1.42005e-05 
 210 |1.41994e-05 
 211 |1.42327e-05 
 212 |1.41807e-05 
 213 |1.42377e-05 
 214 |1.42333e-05 
 215 |1.41627e-05 
 216 |1.41641e-05 
 217 |1.41514e-05 
 218 |1.44924e-05 
 219 |1.45217e-05 
 220 |1.44215e-05 
 221 |1.44498e-05 
 222 |1.44963e-05 
 223 |1.45383e-05 
 224 |1.44562e-05 
 225 |1.45171e-05 
 226 |1.45842e-05 
 227 |1.44824e-05 
 228 |1.44431e-05 
 229 |1.4477e-05 
 230 |1.44395e-05 
 231 |1.4434e-05 
 232 |1.44496e-05 
 233 |1.44785e-05 
 234 |1.44914e-05 
 235 |1.44853e-05 
 236 |1.45295e-05 
 237 |1.45086e-05 
 238 |1.44779e-05 
 239 |1.45469e-05 
 240 |1.44866e-05 
 241 |1.44694e-05 
 242 |1.21411e-05 
 243 |1.21493e-05 
 244 |1.21802e-05 
 245 |1.20915e-05 
 246 |1.21205e-05 
 247 |1.21378e-05 
 248 |1.21563e-05 
 249 |1.22301e-05 
 250 |1.224e-05 
 251 |1.21404e-05 
 252 |1.21384e-05 
 253 |1.21703e-05 
 254 |1.22137e-05 
 255 |1.21775e-05 
 256 |1.21355e-05 
 257 |1.21191e-05 
 258 |1.21546e-05 
 259 |1.21813e-05 
 260 |1.2139e-05 
 261 |1.21773e-05 
 262 |1.21617e-05 
 263 |1.2159e-05 
 264 |1.21197e-05 
 265 |1.20987e-05 
 266 |9.3093e-06 
 267 |9.33158e-06 
 268 |9.17078e-06 
 269 |9.30638e-06 
 270 |9.27305e-06 
 271 |9.30537e-06 
 272 |9.2725e-06 
 273 |9.30136e-06 
 274 |9.29588e-06 
 275 |9.30784e-06 
 276 |9.36445e-06 
 277 |9.32628e-06 
 278 |9.3471e-06 
 279 |9.3051e-06 
 280 |9.33222e-06 
 281 |9.30948e-06 
 282 |9.29898e-06 
 283 |9.32665e-06 
 284 |9.303e-06 
 285 |9.27113e-06 
 286 |9.3282e-06 
 287 |9.31487e-06 
 288 |9.32437e-06 
 289 |9.26593e-06 
 290 |5.70253e-06 
 291 |5.72463e-06 
 292 |5.70481e-06 
 293 |5.77174e-06 
 294 |5.69678e-06 
 295 |5.73814e-06 
 296 |5.77667e-06 
 297 |5.76015e-06 
 298 |5.76161e-06 
 299 |5.7711e-06 
 300 |5.74609e-06 
 301 |5.75841e-06 
 302 |5.74946e-06 
 303 |5.75604e-06 
 304 |5.73695e-06 
 305 |5.74444e-06 
 306 |5.7407e-06 
 307 |5.74389e-06 
 308 |5.70207e-06 
 309 |5.74709e-06 
 310 |5.75878e-06 
 311 |5.72919e-06 
 312 |5.77941e-06 
 313 |5.70883e-06 
 314 |3.89686e-06 
 315 |3.90453e-06 
 316 |3.90298e-06 
 317 |3.91686e-06 
 318 |3.91129e-06 
 319 |3.95046e-06 
 320 |3.89613e-06 
 321 |3.91047e-06 
 322 |3.90755e-06 
 323 |3.92499e-06 
 324 |3.9396e-06 
 325 |3.93585e-06 
 326 |3.96425e-06 
 327 |3.93394e-06 
 328 |3.95731e-06 
 329 |3.90745e-06 
 330 |3.9354e-06 
 331 |3.91412e-06 
 332 |3.94014e-06 
 333 |3.94864e-06 
 334 |3.91713e-06 
 335 |3.95119e-06 
 336 |3.92206e-06 
 337 |3.90508e-06 
 338 |1.3639e-05 
 339 |1.36811e-05 
 340 |1.36346e-05 
 341 |1.36428e-05 
 342 |1.35995e-05 
 343 |1.36487e-05 
 344 |1.36224e-05 
 345 |1.36329e-05 
 346 |1.36199e-05 
 347 |1.35972e-05 
 348 |1.36591e-05 
 349 |1.37391e-05 
 350 |1.36385e-05 
 351 |1.36261e-05 
 352 |1.36561e-05 
 353 |1.36886e-05 
 354 |1.36006e-05 
 355 |1.36499e-05 
 356 |1.36317e-05 
 357 |1.35615e-05 
 358 |1.36724e-05 
 359 |1.36029e-05 
 360 |1.36519e-05 
 361 |1.3668e-05 
 362 |1.30273e-05 
 363 |1.30168e-05 
 364 |1.31009e-05 
 365 |1.30458e-05 
 366 |1.3059e-05 
 367 |1.30699e-05 
 368 |1.30863e-05 
 369 |1.30696e-05 
 370 |1.30522e-05 
 371 |1.30361e-05 
 372 |1.31177e-05 
 373 |1.30712e-05 
 374 |1.30826e-05 
 375 |1.30599e-05 
 376 |1.31201e-05 
 377 |1.30187e-05 
 378 |1.30613e-05 
 379 |1.30974e-05 
 380 |1.30625e-05 
 381 |1.30611e-05 
 382 |1.30337e-05 
 383 |1.30801e-05 
 384 |1.30232e-05 
 385 |1.30621e-05 
 386 |1.30263e-05 
 387 |1.30003e-05 
 388 |1.29968e-05 
 389 |1.30546e-05 
 390 |1.2973e-05 
 391 |1.29789e-05 
 392 |1.30107e-05 
 393 |1.3088e-05 
 394 |1.29322e-05 
 395 |1.30396e-05 
 396 |1.30083e-05 
 397 |1.30859e-05 
 398 |1.30529e-05 
 399 |1.31104e-05 
 400 |1.30655e-05 
 401 |1.30593e-05 
 402 |1.30254e-05 
 403 |1.30531e-05 
 404 |1.30233e-05 
 405 |1.30314e-05 
 406 |1.30718e-05 
 407 |1.30236e-05 
 408 |1.30283e-05 
 409 |1.30307e-05 
 410 |1.05361e-05 
 411 |1.04864e-05 
 412 |1.04142e-05 
 413 |1.04437e-05 
 414 |1.04583e-05 
 415 |1.05095e-05 
 416 |1.04563e-05 
 417 |1.04853e-05 
 418 |1.04189e-05 
 419 |1.04697e-05 
 420 |1.05232e-05 
 421 |1.04603e-05 
 422 |1.04983e-05 
 423 |1.04122e-05 
 424 |1.04731e-05 
 425 |1.04991e-05 
 426 |1.05017e-05 
 427 |1.04506e-05 
 428 |1.04339e-05 
 429 |1.04633e-05 
 430 |1.0475e-05 
 431 |1.04865e-05 
 432 |1.04329e-05 
 433 |1.04645e-05 
 434 |7.63265e-06 
 435 |7.64608e-06 
 436 |7.64644e-06 
 437 |7.67603e-06 
 438 |7.66406e-06 
 439 |7.64927e-06 
 440 |7.65767e-06 
 441 |7.62425e-06 
 442 |7.68644e-06 
 443 |7.66534e-06 
 444 |7.62672e-06 
 445 |7.65219e-06 
 446 |7.65612e-06 
 447 |7.7005e-06 
 448 |7.67265e-06 
 449 |7.64087e-06 
 450 |7.67886e-06 
 451 |7.59321e-06 
 452 |7.68123e-06 
 453 |7.62151e-06 
 454 |7.62772e-06 
 455 |7.68014e-06 
 456 |7.66087e-06 
 457 |7.68306e-06 
 458 |4.62068e-06 
 459 |4.56224e-06 
 460 |4.568e-06 
 461 |4.58681e-06 
 462 |4.58142e-06 
 463 |4.56845e-06 
 464 |4.57959e-06 
 465 |4.59959e-06 
 466 |4.59475e-06 
 467 |4.57055e-06 
 468 |4.56206e-06 
 469 |4.63831e-06 
 470 |4.55823e-06 
 471 |4.6226e-06 
 472 |4.62251e-06 
 473 |4.55832e-06 
 474 |4.59101e-06 
 475 |4.58498e-06 
 476 |4.56663e-06 
 477 |4.53257e-06 
 478 |4.5911e-06 
 479 |4.63529e-06 
 480 |4.58096e-06 
 481 |4.56233e-06 
 482 |1.31716e-05 
 483 |1.32186e-05 
 484 |1.31595e-05 
 485 |1.32005e-05 
 486 |1.32735e-05 
 487 |1.32098e-05 
 488 |1.31695e-05 
 489 |1.32087e-05 
 490 |1.32014e-05 
 491 |1.32033e-05 
 492 |1.32324e-05 
 493 |1.31495e-05 
 494 |1.31682e-05 
 495 |1.32067e-05 
 496 |1.3188e-05 
 497 |1.31368e-05 
 498 |1.32956e-05 
 499 |1.32234e-05 
 500 |1.32707e-05 
 501 |1.31762e-05 
 502 |1.32391e-05 
 503 |1.32205e-05 
 504 |1.31476e-05 
 505 |1.32221e-05 
 506 |1.26991e-05 
 507 |1.26332e-05 
 508 |1.26782e-05 
 509 |1.26087e-05 
 510 |1.26562e-05 
 511 |1.26329e-05 
 512 |1.27402e-05 
 513 |1.26539e-05 
 514 |1.26709e-05 
 515 |1.27289e-05 
 516 |1.27001e-05 
 517 |1.26851e-05 
 518 |1.2638e-05 
 519 |1.26904e-05 
 520 |1.26848e-05 
 521 |1.26713e-05 
 522 |1.26578e-05 
 523 |1.26137e-05 
 524 |1.26434e-05 
 525 |1.27077e-05 
 526 |1.27162e-05 
 527 |1.26995e-05 
 528 |1.26903e-05 
 529 |1.26615e-05 
 530 |1.22908e-05 
 531 |1.22987e-05 
 532 |1.22616e-05 
 533 |1.22562e-05 
 534 |1.22988e-05 
 535 |1.23217e-05 
 536 |1.23439e-05 
 537 |1.23187e-05 
 538 |1.23001e-05 
 539 |1.23401e-05 
 540 |1.22791e-05 
 541 |1.23652e-05 
 542 |1.22888e-05 
 543 |1.22888e-05 
 544 |1.23424e-05 
 545 |1.23283e-05 
 546 |1.23245e-05 
 547 |1.22842e-05 
 548 |1.23197e-05 
 549 |1.2275e-05 
 550 |1.2287e-05 
 551 |1.22472e-05 
 552 |1.23065e-05 
 553 |1.23013e-05 
 554 |9.5268e-06 
 555 |9.51603e-06 
 556 |9.51557e-06 
 557 |9.5499e-06 
 558 |9.52571e-06 
 559 |9.52872e-06 
 560 |9.59656e-06 
 561 |9.59218e-06 
 562 |9.50005e-06 
 563 |9.5625e-06 
 564 |9.50233e-06 
 565 |9.54196e-06 
 566 |9.49786e-06 
 567 |9.51484e-06 
 568 |9.58707e-06 
 569 |9.51237e-06 
 570 |9.51128e-06 
 571 |9.48891e-06 
 572 |9.56323e-06 
 573 |9.55045e-06 
 574 |9.50461e-06 
 575 |9.52881e-06 
 576 |9.5846e-06 
 577 |9.5731e-06 
 578 |6.76091e-06 
 579 |6.77607e-06 
 580 |6.7757e-06 
 581 |6.79269e-06 
 582 |6.74338e-06 
 583 |6.78255e-06 
 584 |6.77762e-06 
 585 |6.79552e-06 
 586 |6.781e-06 
 587 |6.79324e-06 
 588 |6.83277e-06 
 589 |6.76922e-06 
 590 |6.81195e-06 
 591 |6.77598e-06 
 592 |6.79981e-06 
 593 |6.79807e-06 
 594 |6.78392e-06 
 595 |6.80419e-06 
 596 |6.78538e-06 
 597 |6.80501e-06 
 598 |6.81981e-06 
 599 |6.7758e-06 
 600 |6.80931e-06 
 601 |6.79543e-06 
 602 |1.35468e-05 
 603 |1.36041e-05 
 604 |1.35698e-05 
 605 |1.36775e-05 
 606 |1.35661e-05 
 607 |1.35359e-05 
 608 |1.3546e-05 
 609 |1.35854e-05 
 610 |1.35903e-05 
 611 |1.35836e-05 
 612 |1.35888e-05 
 613 |1.3656e-05 
 614 |1.35419e-05 
 615 |1.36298e-05 
 616 |1.3575e-05 
 617 |1.35489e-05 
 618 |1.36844e-05 
 619 |1.35766e-05 
 620 |1.35888e-05 
 621 |1.35374e-05 
 622 |1.36109e-05 
 623 |1.35995e-05 
 624 |1.35666e-05 
 625 |1.35474e-05 
 626 |1.29735e-05 
 627 |1.29916e-05 
 628 |1.30207e-05 
 629 |1.29744e-05 
 630 |1.29857e-05 
 631 |1.30235e-05 
 632 |1.30035e-05 
 633 |1.29829e-05 
 634 |1.30213e-05 
 635 |1.30682e-05 
 636 |1.29541e-05 
 637 |1.3006e-05 
 638 |1.30726e-05 
 639 |1.30001e-05 
 640 |1.30006e-05 
 641 |1.29689e-05 
 642 |1.30285e-05 
 643 |1.29809e-05 
 644 |1.29862e-05 
 645 |1.29719e-05 
 646 |1.29659e-05 
 647 |1.30579e-05 
 648 |1.29813e-05 
 649 |1.29962e-05 
 650 |1.22602e-05 
 651 |1.2182e-05 
 652 |1.2287e-05 
 653 |1.22784e-05 
 654 |1.22549e-05 
 655 |1.21952e-05 
 656 |1.22488e-05 
 657 |1.22579e-05 
 658 |1.22232e-05 
 659 |1.21988e-05 
 660 |1.22329e-05 
 661 |1.22574e-05 
 662 |1.23088e-05 
 663 |1.22109e-05 
 664 |1.2198e-05 
 665 |1.22391e-05 
 666 |1.22705e-05 
 667 |1.22086e-05 
 668 |1.21997e-05 
 669 |1.22827e-05 
 670 |1.2253e-05 
 671 |1.22137e-05 
 672 |1.22334e-05 
 673 |1.22466e-05 
 674 |9.1895e-06 
 675 |9.1706e-06 
 676 |9.17252e-06 
 677 |9.15024e-06 
 678 |9.18475e-06 
 679 |9.16905e-06 
 680 |9.09901e-06 
 681 |9.15763e-06 
 682 |9.17489e-06 
 683 |9.12823e-06 
 684 |9.18667e-06 
 685 |9.179e-06 
 686 |9.16786e-06 
 687 |9.13809e-06 
 688 |9.21306e-06 
 689 |9.18923e-06 
 690 |9.18329e-06 
 691 |9.19735e-06 
 692 |9.13344e-06 
 693 |9.12083e-06 
 694 |9.19982e-06 
 695 |9.13115e-06 
 696 |9.14731e-06 
 697 |9.15645e-06 
 698 |1.26251e-05 
 699 |1.25398e-05 
 700 |1.25085e-05 
 701 |1.25536e-05 
 702 |1.25063e-05 
 703 |1.24863e-05 
 704 |1.25612e-05 
 705 |1.25059e-05 
 706 |1.25065e-05 
 707 |1.25506e-05 
 708 |1.2551e-05 
 709 |1.25171e-05 
 710 |1.25718e-05 
 711 |1.25378e-05 
 712 |1.25881e-05 
 713 |1.24858e-05 
 714 |1.2582e-05 
 715 |1.25478e-05 
 716 |1.25126e-05 
 717 |1.25669e-05 
 718 |1.25488e-05 
 719 |1.25562e-05 
 720 |1.25799e-05 
 721 |1.25408e-05 
 722 |9.92163e-06 
 723 |9.93843e-06 
 724 |9.89999e-06 
 725 |9.93834e-06 
 726 |9.8683e-06 
 727 |9.91615e-06 
 728 |9.89186e-06 
 729 |9.86611e-06 
 730 |9.90483e-06 
 731 |9.92674e-06 
 732 |9.91998e-06 
 733 |9.9419e-06 
 734 |9.96354e-06 
 735 |9.92966e-06 
 736 |9.85086e-06 
 737 |9.902e-06 
 738 |9.89889e-06 
 739 |9.87917e-06 
 740 |9.87369e-06 
 741 |9.92555e-06 
 742 |9.9303e-06 
 743 |9.91067e-06 
 744 |9.88757e-06 
 745 |9.88346e-06 
 746 |9.90939e-06 
 747 |9.9062e-06 
 748 |9.98527e-06 
 749 |9.93423e-06 
 750 |9.90939e-06 
 751 |9.90903e-06 
 752 |9.90501e-06 
 753 |9.93405e-06 
 754 |9.96792e-06 
 755 |9.85945e-06 
 756 |9.91578e-06 
 757 |9.94893e-06 
 758 |9.91323e-06 
 759 |9.90373e-06 
 760 |9.88693e-06 
 761 |9.92875e-06 
 762 |9.88154e-06 
 763 |9.94646e-06 
 764 |9.93122e-06 
 765 |9.87844e-06 
 766 |9.93925e-06 
 767 |9.92053e-06 
 768 |9.93806e-06 
 769 |9.93122e-06 
 770 |7.68461e-06 
 771 |7.67009e-06 
 772 |7.66653e-06 
 773 |7.66699e-06 
 774 |7.62279e-06 
 775 |7.66452e-06 
 776 |7.68516e-06 
 777 |7.6837e-06 
 778 |7.67986e-06 
 779 |7.67009e-06 
 780 |7.68954e-06 
 781 |7.69712e-06 
 782 |7.70114e-06 
 783 |7.66406e-06 
 784 |7.71949e-06 
 785 |7.65347e-06 
 786 |7.65804e-06 
 787 |7.68872e-06 
 788 |7.67566e-06 
 789 |7.69073e-06 
 790 |7.68616e-06 
 791 |7.6826e-06 
 792 |7.64882e-06 
 793 |7.64489e-06 
 794 |7.85837e-06 
 795 |7.82468e-06 
 796 |7.7971e-06 
 797 |7.81646e-06 
 798 |7.83545e-06 
 799 |7.79866e-06 
 800 |7.84979e-06 
 801 |7.8465e-06 
 802 |7.83966e-06 
 803 |7.78715e-06 
 804 |7.8371e-06 
 805 |7.8507e-06 
 806 |7.83819e-06 
 807 |7.85728e-06 
 808 |7.84915e-06 
 809 |7.82295e-06 
 810 |7.85764e-06 
 811 |7.82797e-06 
 812 |7.81181e-06 
 813 |7.79436e-06 
 814 |7.85408e-06 
 815 |7.78934e-06 
 816 |7.78277e-06 
 817 |7.86924e-06 
 818 |5.58739e-06 
 819 |5.56346e-06 
 820 |5.582e-06 
 821 |5.56566e-06 
 822 |5.55315e-06 
 823 |5.61633e-06 
 824 |5.61715e-06 
 825 |5.56584e-06 
 826 |5.54274e-06 
 827 |5.58227e-06 
 828 |5.63615e-06 
 829 |5.61332e-06 
 830 |5.6409e-06 
 831 |5.61177e-06 
 832 |5.61359e-06 
 833 |5.60784e-06 
 834 |5.62647e-06 
 835 |5.55561e-06 
 836 |5.62336e-06 
 837 |5.59734e-06 
 838 |5.60136e-06 
 839 |5.59433e-06 
 840 |5.59953e-06 
 841 |5.58666e-06 
 842 |1.56608e-05 
 843 |1.56174e-05 
 844 |1.56405e-05 
 845 |1.56033e-05 
 846 |1.56177e-05 
 847 |1.56883e-05 
 848 |1.56926e-05 
 849 |1.56156e-05 
 850 |1.56618e-05 
 851 |1.56677e-05 
 852 |1.56356e-05 
 853 |1.56784e-05 
 854 |1.56646e-05 
 855 |1.56353e-05 
 856 |1.56342e-05 
 857 |1.56577e-05 
 858 |1.57112e-05 
 859 |1.56148e-05 
 860 |1.5662e-05 
 861 |1.56295e-05 
 862 |1.57146e-05 
 863 |1.56278e-05 
 864 |1.56371e-05 
 865 |1.56446e-05 
 866 |1.21168e-05 
 867 |1.21842e-05 
 868 |1.21594e-05 
 869 |1.21444e-05 
 870 |1.21489e-05 
 871 |1.2236e-05 
 872 |1.21594e-05 
 873 |1.2197e-05 
 874 |1.21718e-05 
 875 |1.21523e-05 
 876 |1.21381e-05 
 877 |1.21779e-05 
 878 |1.219e-05 
 879 |1.21679e-05 
 880 |1.22296e-05 
 881 |1.218e-05 
 882 |1.21852e-05 
 883 |1.21888e-05 
 884 |1.21733e-05 
 885 |1.21718e-05 
 886 |1.21707e-05 
 887 |1.22328e-05 
 888 |1.21757e-05 
 889 |1.22265e-05 
 890 |1.19768e-05 
 891 |1.19146e-05 
 892 |1.19828e-05 
 893 |1.19138e-05 
 894 |1.19468e-05 
 895 |1.19358e-05 
 896 |1.19649e-05 
 897 |1.19956e-05 
 898 |1.19463e-05 
 899 |1.19266e-05 
 900 |1.1955e-05 
 901 |1.19428e-05 
 902 |1.19789e-05 
 903 |1.19468e-05 
 904 |1.19479e-05 
 905 |1.19747e-05 
 906 |1.19618e-05 
 907 |1.20147e-05 
 908 |1.20127e-05 
 909 |1.19802e-05 
 910 |1.19609e-05 
 911 |1.19363e-05 
 912 |1.19188e-05 
 913 |1.20069e-05 
 914 |9.03774e-06 
 915 |9.09627e-06 
 916 |9.04331e-06 
 917 |9.03482e-06 
 918 |9.04769e-06 
 919 |9.05034e-06 
 920 |9.02094e-06 
 921 |9.01966e-06 
 922 |9.07655e-06 
 923 |9.03208e-06 
 924 |9.06742e-06 
 925 |9.01053e-06 
 926 |9.04194e-06 
 927 |9.05107e-06 
 928 |9.10102e-06 
 929 |9.07399e-06 
 930 |9.0665e-06 
 931 |8.99912e-06 
 932 |9.04231e-06 
 933 |9.02414e-06 
 934 |9.03363e-06 
 935 |9.04002e-06 
 936 |9.04751e-06 
 937 |9.07618e-06 
 938 |8.98871e-06 
 939 |9.00469e-06 
 940 |9.03071e-06 
 941 |8.98432e-06 
 942 |8.98359e-06 
 943 |8.9877e-06 
 944 |8.99437e-06 
 945 |9.0087e-06 
 946 |8.97236e-06 
 947 |8.98743e-06 
 948 |9.02541e-06 
 949 |9.04103e-06 
 950 |8.9982e-06 
 951 |9.00304e-06 
 952 |8.99373e-06 
 953 |9.00012e-06 
 954 |8.97885e-06 
 955 |8.9804e-06 
 956 |8.94981e-06 
 957 |8.99537e-06 
 958 |8.96524e-06 
 959 |8.95419e-06 
 960 |8.97748e-06 
 961 |9.00578e-06 
 962 |6.74831e-06 
 963 |6.71261e-06 
 964 |6.71526e-06 
 965 |6.67955e-06 
 966 |6.69562e-06 
 967 |6.73343e-06 
 968 |6.73096e-06 
 969 |6.78429e-06 
 970 |6.73434e-06 
 971 |6.74731e-06 
 972 |6.74667e-06 
 973 |6.7421e-06 
 974 |6.75142e-06 
 975 |6.70183e-06 
 976 |6.72786e-06 
 977 |6.70567e-06 
 978 |6.75114e-06 
 979 |6.75333e-06 
 980 |6.75306e-06 
 981 |6.72621e-06 
 982 |6.68357e-06 
 983 |6.73808e-06 
 984 |6.6875e-06 
 985 |6.68248e-06 
 986 |1.48475e-05 
 987 |1.49526e-05 
 988 |1.48421e-05 
 989 |1.483e-05 
 990 |1.48384e-05 
 991 |1.48372e-05 
 992 |1.48757e-05 
 993 |1.49331e-05 
 994 |1.48157e-05 
 995 |1.49158e-05 
 996 |1.48985e-05 
 997 |1.47925e-05 
 998 |1.48706e-05 
 999 |1.48538e-05 
1000 |1.48868e-05 
1001 |1.48425e-05 
1002 |1.4877e-05 
1003 |1.49109e-05 
1004 |1.48729e-05 
1005 |1.4903e-05 
1006 |1.48232e-05 
1007 |1.49298e-05 
1008 |1.48532e-05 
1009 |1.48704e-05 
1010 |1.14708e-05 
1011 |1.14465e-05 
1012 |1.14661e-05 
1013 |1.14833e-05 
1014 |1.14121e-05 
1015 |1.14398e-05 
1016 |1.14598e-05 
1017 |1.14052e-05 
1018 |1.14574e-05 
1019 |1.14462e-05 
1020 |1.14292e-05 
1021 |1.14669e-05 
1022 |1.14762e-05 
1023 |1.14049e-05 
1024 |1.15092e-05 
1025 |1.14782e-05 
1026 |1.14707e-05 
1027 |1.14156e-05 
1028 |1.1405e-05 
1029 |1.14668e-05 
1030 |1.14529e-05 
1031 |1.14167e-05 
1032 |1.14251e-05 
1033 |1.14277e-05 
1034 |1.0863e-05 
1035 |1.08796e-05 
1036 |1.08806e-05 
1037 |1.08571e-05 
1038 |1.08734e-05 
1039 |1.0889e-05 
1040 |1.08835e-05 
1041 |1.09142e-05 
1042 |1.08951e-05 
1043 |1.09083e-05 
1044 |1.0875e-05 
1045 |1.08829e-05 
1046 |1.08747e-05 
1047 |1.09003e-05 
1048 |1.08978e-05 
1049 |1.09293e-05 
1050 |1.08274e-05 
1051 |1.08649e-05 
1052 |1.09422e-05 
1053 |1.09671e-05 
1054 |1.08051e-05 
1055 |1.0882e-05 
1056 |1.0926e-05 
1057 |1.08692e-05 
1058 |7.82788e-06 
1059 |7.79026e-06 
1060 |7.83025e-06 
1061 |7.82724e-06 
1062 |7.89225e-06 
1063 |7.80888e-06 
1064 |7.87463e-06 
1065 |7.86787e-06 
1066 |7.84176e-06 
1067 |7.81719e-06 
1068 |7.82158e-06 
1069 |7.7992e-06 
1070 |7.84322e-06 
1071 |7.81884e-06 
1072 |7.79181e-06 
1073 |7.90165e-06 
1074 |7.80697e-06 
1075 |7.81719e-06 
1076 |7.81354e-06 
1077 |7.79583e-06 
1078 |7.80204e-06 
1079 |7.81993e-06 
1080 |7.83445e-06 
1081 |7.80459e-06 
1082 |7.23034e-06 
1083 |7.2665e-06 
1084 |7.33827e-06 
1085 |7.24805e-06 
1086 |7.22513e-06 
1087 |7.23865e-06 
1088 |7.24157e-06 
1089 |7.31535e-06 
1090 |7.27791e-06 
1091 |7.25481e-06 
1092 |7.26239e-06 
1093 |7.29024e-06 
1094 |7.27809e-06 
1095 |7.23564e-06 
1096 |7.26303e-06 
1097 |7.26248e-06 
1098 |7.25664e-06 
1099 |7.28339e-06 
1100 |7.24312e-06 
1101 |7.2822e-06 
1102 |7.27581e-06 
1103 |7.27554e-06 
1104 |7.257e-06 
1105 |7.21646e-06 
1106 |5.09897e-06 
1107 |5.11705e-06 
1108 |5.11431e-06 
1109 |5.10801e-06 
1110 |5.14764e-06 
1111 |5.11622e-06 
1112 |5.12225e-06 
1113 |5.1196e-06 
1114 |5.15184e-06 
1115 |5.14691e-06 
1116 |5.11294e-06 
1117 |5.12435e-06 
1118 |5.13202e-06 
1119 |5.16024e-06 
1120 |5.168e-06 
1121 |5.12152e-06 
1122 |5.13522e-06 
1123 |5.11449e-06 
1124 |5.12143e-06 
1125 |5.15951e-06 
1126 |5.1301e-06 
1127 |5.12992e-06 
1128 |5.09641e-06 
1129 |5.1533e-06 
1130 |1.49638e-05 
1131 |1.48781e-05 
1132 |1.49324e-05 
1133 |1.4935e-05 
1134 |1.4977e-05 
1135 |1.49196e-05 
1136 |1.49453e-05 
1137 |1.49818e-05 
1138 |1.48987e-05 
1139 |1.49811e-05 
1140 |1.50226e-05 
1141 |1.49886e-05 
1142 |1.49944e-05 
1143 |1.49626e-05 
1144 |1.4978e-05 
1145 |1.49988e-05 
1146 |1.49633e-05 
1147 |1.4952e-05 
1148 |1.49785e-05 
1149 |1.50048e-05 
1150 |1.49403e-05 
1151 |1.49968e-05 
1152 |1.49004e-05 
1153 |1.49347e-05 
1154 |1.14472e-05 
1155 |1.15252e-05 
1156 |1.14421e-05 
1157 |1.15124e-05 
1158 |1.14704e-05 
1159 |1.14992e-05 
1160 |1.16209e-05 
1161 |1.15644e-05 
1162 |1.14709e-05 
1163 |1.15187e-05 
1164 |1.14882e-05 
1165 |1.15529e-05 
1166 |1.15801e-05 
1167 |1.15209e-05 
1168 |1.15482e-05 
1169 |1.15807e-05 
1170 |1.15712e-05 
1171 |1.16039e-05 
1172 |1.1494e-05 
1173 |1.15259e-05 
1174 |1.15571e-05 
1175 |1.15198e-05 
1176 |1.15313e-05 
1177 |1.14802e-05 
1178 |1.07007e-05 
1179 |1.07338e-05 
1180 |1.07197e-05 
1181 |1.06972e-05 
1182 |1.07332e-05 
1183 |1.07718e-05 
1184 |1.07244e-05 
1185 |1.07125e-05 
1186 |1.06753e-05 
1187 |1.0691e-05 
1188 |1.07268e-05 
1189 |1.06826e-05 
1190 |1.073e-05 
1191 |1.07382e-05 
1192 |1.07318e-05 
1193 |1.07543e-05 
1194 |1.07164e-05 
1195 |1.07092e-05 
1196 |1.07385e-05 
1197 |1.07031e-05 
1198 |1.07039e-05 
1199 |1.07345e-05 
1200 |1.07469e-05 
1201 |1.06926e-05 
1202 |7.45825e-06 
1203 |7.45688e-06 
1204 |7.4809e-06 
1205 |7.43551e-06 
1206 |7.43935e-06 
1207 |7.4388e-06 
1208 |7.443e-06 
1209 |7.44592e-06 
1210 |7.45286e-06 
1211 |7.40785e-06 
1212 |7.40547e-06 
1213 |7.45186e-06 
1214 |7.40237e-06 
1215 |7.46254e-06 
1216 |7.41753e-06 
1217 |7.50162e-06 
1218 |7.44866e-06 
1219 |7.45058e-06 
1220 |7.41059e-06 
1221 |7.46163e-06 
1222 |7.47788e-06 
1223 |7.46263e-06 
1224 |7.43624e-06 
1225 |7.41396e-06 
1226 |6.73735e-06 
1227 |6.69544e-06 
1228 |6.70457e-06 
1229 |6.67663e-06 
1230 |6.67024e-06 
1231 |6.67864e-06 
1232 |6.65782e-06 
1233 |6.66531e-06 
1234 |6.65846e-06 
1235 |6.66796e-06 
1236 |6.70293e-06 
1237 |6.68521e-06 
1238 |6.70101e-06 
1239 |6.68942e-06 
1240 |6.69124e-06 
1241 |6.69024e-06 
1242 |6.64686e-06 
1243 |6.66558e-06 
1244 |6.73927e-06 
1245 |6.65947e-06 
1246 |6.65216e-06 
1247 |6.71188e-06 
1248 |6.6622e-06 
1249 |6.6906e-06 
1250 |1.16207e-05 
1251 |1.16595e-05 
1252 |1.16359e-05 
1253 |1.17015e-05 
1254 |1.16732e-05 
1255 |1.16999e-05 
1256 |1.16159e-05 
1257 |1.16878e-05 
1258 |1.1666e-05 
1259 |1.16662e-05 
1260 |1.1671e-05 
1261 |1.16318e-05 
1262 |1.16531e-05 
1263 |1.16974e-05 
1264 |1.16747e-05 
1265 |1.16745e-05 
1266 |1.16685e-05 
1267 |1.16034e-05 
1268 |1.1674e-05 
1269 |1.17278e-05 
1270 |1.16153e-05 
1271 |1.15967e-05 
1272 |1.17115e-05 
1273 |1.1644e-05 
1274 |8.95858e-06 
1275 |8.98871e-06 
1276 |8.91712e-06 
1277 |8.93584e-06 
1278 |9.00414e-06 
1279 |8.9888e-06 
1280 |9.04231e-06 
1281 |8.98168e-06 
1282 |9.01711e-06 
1283 |9.03929e-06 
1284 |8.96752e-06 
1285 |8.99702e-06 
1286 |9.00597e-06 
1287 |8.95757e-06 
1288 |8.94734e-06 
1289 |8.95574e-06 
1290 |8.99857e-06 
1291 |8.98971e-06 
1292 |9.02258e-06 
1293 |8.96844e-06 
1294 |8.97894e-06 
1295 |8.98779e-06 
1296 |9.01382e-06 
1297 |8.9856e-06 
1298 |8.18317e-06 
1299 |8.20755e-06 
1300 |8.19988e-06 
1301 |8.16289e-06 
1302 |8.13651e-06 
1303 |8.14965e-06 
1304 |8.18289e-06 
1305 |8.21028e-06 
1306 |8.1366e-06 
1307 |8.15468e-06 
1308 |8.16463e-06 
1309 |8.15349e-06 
1310 |8.2112e-06 
1311 |8.22791e-06 
1312 |8.2007e-06 
1313 |8.19814e-06 
1314 |8.18846e-06 
1315 |8.15906e-06 
1316 |8.14418e-06 
1317 |8.16244e-06 
1318 |8.15249e-06 
1319 |8.17869e-06 
1320 |8.16591e-06 
1321 |8.15349e-06 
1322 |5.53954e-06 
1323 |5.49096e-06 
1324 |5.50977e-06 
1325 |5.49836e-06 
1326 |5.49799e-06 
1327 |5.49562e-06 
1328 |5.50119e-06 
1329 |5.53525e-06 
1330 |5.56365e-06 
1331 |5.56356e-06 
1332 |5.51251e-06 
1333 |5.52995e-06 
1334 |5.53297e-06 
1335 |5.54347e-06 
1336 |5.53817e-06 
1337 |5.54529e-06 
1338 |5.53351e-06 
1339 |5.52228e-06 
1340 |5.54968e-06 
1341 |5.50156e-06 
1342 |5.53972e-06 
1343 |5.55488e-06 
1344 |5.50429e-06 
1345 |5.53498e-06 
1346 |4.87526e-06 
1347 |4.90037e-06 
1348 |4.85599e-06 
1349 |4.9242e-06 
1350 |4.90192e-06 
1351 |4.90137e-06 
1352 |4.89334e-06 
1353 |4.89461e-06 
1354 |4.90338e-06 
1355 |4.88521e-06 
1356 |4.90128e-06 
1357 |4.92977e-06 
1358 |4.8905e-06 
1359 |4.88366e-06 
1360 |4.89425e-06 
1361 |4.87297e-06 
1362 |4.89461e-06 
1363 |4.88959e-06 
1364 |4.90731e-06 
1365 |4.87033e-06 
1366 |4.92192e-06 
1367 |4.91708e-06 
1368 |4.91205e-06 
1369 |4.86001e-06 
1370 |2.04273e-05 
1371 |2.04452e-05 
1372 |2.04909e-05 
1373 |2.0395e-05 
1374 |2.04281e-05 
1375 |2.04702e-05 
1376 |2.04166e-05 
1377 |2.03958e-05 
1378 |2.04019e-05 
1379 |2.04776e-05 
1380 |2.04462e-05 
1381 |2.03528e-05 
1382 |2.04094e-05 
1383 |2.04122e-05 
1384 |2.04028e-05 
1385 |2.04418e-05 
1386 |2.04434e-05 
1387 |2.03638e-05 
1388 |2.04677e-05 
1389 |2.03717e-05 
1390 |2.04407e-05 
1391 |2.04402e-05 
1392 |2.04221e-05 
1393 |2.04631e-05 
1394 |1.56615e-05 
1395 |1.56707e-05 
1396 |1.56736e-05 
1397 |1.56385e-05 
1398 |1.56189e-05 
1399 |1.57048e-05 
1400 |1.56755e-05 
1401 |1.56217e-05 
1402 |1.57405e-05 
1403 |1.56227e-05 
1404 |1.56798e-05 
1405 |1.56831e-05 
1406 |1.56407e-05 
1407 |1.57272e-05 
1408 |1.57255e-05 
1409 |1.56452e-05 
1410 |1.56764e-05 
1411 |1.56871e-05 
1412 |1.56874e-05 
1413 |1.57102e-05 
1414 |1.56279e-05 
1415 |1.56876e-05 
1416 |1.5675e-05 
1417 |1.56221e-05 
1418 |1.37753e-05 
1419 |1.38478e-05 
1420 |1.3842e-05 
1421 |1.38501e-05 
1422 |1.38861e-05 
1423 |1.38131e-05 
1424 |1.39139e-05 
1425 |1.38965e-05 
1426 |1.38843e-05 
1427 |1.39167e-05 
1428 |1.3893e-05 
1429 |1.39046e-05 
1430 |1.3905e-05 
1431 |1.38175e-05 
1432 |1.38356e-05 
1433 |1.38746e-05 
1434 |1.39086e-05 
1435 |1.39058e-05 
1436 |1.38959e-05 
1437 |1.38714e-05 
1438 |1.38251e-05 
1439 |1.38503e-05 
1440 |1.38409e-05 
1441 |1.38439e-05 
1442 |9.14823e-06 
1443 |9.1674e-06 
1444 |9.16138e-06 
1445 |9.11892e-06 
1446 |9.11353e-06 
1447 |9.14677e-06 
1448 |9.10769e-06 
1449 |9.19754e-06 
1450 |9.12156e-06 
1451 |9.14047e-06 
1452 |9.10896e-06 
1453 |9.11983e-06 
1454 |9.13362e-06 
1455 |9.12303e-06 
1456 |9.17389e-06 
1457 |9.14923e-06 
1458 |9.12476e-06 
1459 |9.07911e-06 
1460 |9.13718e-06 
1461 |9.13216e-06 
1462 |9.18393e-06 
1463 |9.12567e-06 
1464 |9.11426e-06 
1465 |9.1202e-06 
1466 |6.04348e-06 
1467 |6.10521e-06 
1468 |6.0454e-06 
1469 |6.12594e-06 
1470 |6.10211e-06 
1471 |6.07453e-06 
1472 |6.09444e-06 
1473 |6.0622e-06 
1474 |6.08485e-06 
1475 |6.08887e-06 
1476 |6.1106e-06 
1477 |6.11452e-06 
1478 |6.07672e-06 
1479 |6.08028e-06 
1480 |6.10466e-06 
1481 |6.10941e-06 
1482 |6.10841e-06 
1483 |6.09772e-06 
1484 |6.07855e-06 
1485 |6.14128e-06 
1486 |6.1011e-06 
1487 |6.12402e-06 
1488 |6.09672e-06 
1489 |6.09024e-06 
1490 |6.48908e-06 
1491 |6.47894e-06 
1492 |6.51994e-06 
1493 |6.51328e-06 
1494 |6.54387e-06 
1495 |6.51967e-06 
1496 |6.52789e-06 
1497 |6.5361e-06 
1498 |6.45694e-06 
1499 |6.52816e-06 
1500 |6.52433e-06 
1501 |6.52378e-06 
1502 |6.53492e-06 
1503 |6.52652e-06 
1504 |6.49785e-06 
1505 |6.51163e-06 
1506 |6.52533e-06 
1507 |6.52049e-06 
1508 |6.54241e-06 
1509 |6.55181e-06 
1510 |6.53327e-06 
1511 |6.51784e-06 
1512 |6.49766e-06 
1513 |6.50981e-06 
1514 |6.03956e-06 
1515 |5.98514e-06 
1516 |5.97747e-06 
1517 |5.98641e-06 
1518 |6.00084e-06 
1519 |6.01874e-06 
1520 |6.00194e-06 
1521 |5.95281e-06 
1522 |6.01518e-06 
1523 |5.98952e-06 
1524 |5.97071e-06 
1525 |6.00842e-06 
1526 |5.96587e-06 
1527 |5.98075e-06 
1528 |5.93948e-06 
1529 |6.037e-06 
1530 |6.02157e-06 
1531 |5.99372e-06 
1532 |5.99591e-06 
1533 |5.96167e-06 
1534 |6.02814e-06 
1535 |5.99509e-06 
1536 |5.98806e-06 
1537 |6.00267e-06 
1538 |5.44476e-06 
1539 |5.49443e-06 
1540 |5.47444e-06 
1541 |5.47562e-06 
1542 |5.48192e-06 
1543 |5.52712e-06 
1544 |5.48211e-06 
1545 |5.45791e-06 
1546 |5.45453e-06 
1547 |5.4622e-06 
1548 |5.46795e-06 
1549 |5.45207e-06 
1550 |5.45572e-06 
1551 |5.43426e-06 
1552 |5.4643e-06 
1553 |5.459e-06 
1554 |5.47115e-06 
1555 |5.46941e-06 
1556 |5.46037e-06 
1557 |5.49635e-06 
1558 |5.46677e-06 
1559 |5.457e-06 
1560 |5.47626e-06 
1561 |5.45398e-06 
1562 |3.42451e-06 
1563 |3.40707e-06 
1564 |3.37091e-06 
1565 |3.38744e-06 
1566 |3.38552e-06 
1567 |3.36635e-06 
1568 |3.41383e-06 
1569 |3.3931e-06 
1570 |3.40178e-06 
1571 |3.38927e-06 
1572 |3.40159e-06 
1573 |3.42579e-06 
1574 |3.4162e-06 
1575 |3.40086e-06 
1576 |3.40324e-06 
1577 |3.40306e-06 
1578 |3.41182e-06 
1579 |3.40954e-06 
1580 |3.4068e-06 
1581 |3.39812e-06 
1582 |3.41164e-06 
1583 |3.42086e-06 
1584 |3.38397e-06 
1585 |3.37228e-06 
1586 |1.58579e-05 
1587 |1.58746e-05 
1588 |1.58763e-05 
1589 |1.58845e-05 
1590 |1.58762e-05 
1591 |1.58904e-05 
1592 |1.58451e-05 
1593 |1.59056e-05 
1594 |1.58529e-05 
1595 |1.58439e-05 
1596 |1.58759e-05 
1597 |1.59068e-05 
1598 |1.59672e-05 
1599 |1.58745e-05 
1600 |1.58968e-05 
1601 |1.58037e-05 
1602 |1.59201e-05 
1603 |1.58693e-05 
1604 |1.58646e-05 
1605 |1.59007e-05 
1606 |1.57842e-05 
1607 |1.58984e-05 
1608 |1.58709e-05 
1609 |1.58524e-05 
1610 |1.77465e-05 
1611 |1.77412e-05 
1612 |1.77322e-05 
1613 |1.78224e-05 
1614 |1.77155e-05 
1615 |1.77893e-05 
1616 |1.77147e-05 
1617 |1.77107e-05 
1618 |1.77411e-05 
1619 |1.77251e-05 
1620 |1.77102e-05 
1621 |1.77407e-05 
1622 |1.77191e-05 
1623 |1.77443e-05 
1624 |1.77573e-05 
1625 |1.77501e-05 
1626 |1.77718e-05 
1627 |1.77267e-05 
1628 |1.77102e-05 
1629 |1.76833e-05 
1630 |1.7763e-05 
1631 |1.77996e-05 
1632 |1.77627e-05 
1633 |1.7744e-05 
1634 |1.72865e-05 
1635 |1.74155e-05 
1636 |1.74377e-05 
1637 |1.73799e-05 
1638 |1.74004e-05 
1639 |1.74026e-05 
1640 |1.73922e-05 
1641 |1.73827e-05 
1642 |1.73616e-05 
1643 |1.73865e-05 
1644 |1.74411e-05 
1645 |1.7309e-05 
1646 |1.73024e-05 
1647 |1.73563e-05 
1648 |1.73423e-05 
1649 |1.73348e-05 
1650 |1.74051e-05 
1651 |1.73579e-05 
1652 |1.74134e-05 
1653 |1.73832e-05 
1654 |1.73708e-05 
1655 |1.74149e-05 
1656 |1.74306e-05 
1657 |1.74276e-05 
1658 |1.76627e-05 
1659 |1.76198e-05 
1660 |1.77018e-05 
1661 |1.76555e-05 
1662 |1.76095e-05 
1663 |1.76227e-05 
1664 |1.76889e-05 
1665 |1.76096e-05 
1666 |1.76623e-05 
1667 |1.76121e-05 
1668 |1.76255e-05 
1669 |1.7659e-05 
1670 |1.76262e-05 
1671 |1.76043e-05 
1672 |1.76858e-05 
1673 |1.7556e-05 
1674 |1.76419e-05 
1675 |1.75433e-05 
1676 |1.77161e-05 
1677 |1.76253e-05 
1678 |1.76044e-05 
1679 |1.76437e-05 
1680 |1.76978e-05 
1681 |1.76863e-05 
1682 |1.36752e-05 
1683 |1.35614e-05 
1684 |1.36164e-05 
1685 |1.36487e-05 
1686 |1.36049e-05 
1687 |1.35979e-05 
1688 |1.36979e-05 
1689 |1.36604e-05 
1690 |1.36539e-05 
1691 |1.36623e-05 
1692 |1.36519e-05 
1693 |1.36207e-05 
1694 |1.35856e-05 
1695 |1.36284e-05 
1696 |1.3609e-05 
1697 |1.35696e-05 
1698 |1.3671e-05 
1699 |1.35962e-05 
1700 |1.36323e-05 
1701 |1.36605e-05 
1702 |1.36572e-05 
1703 |1.3568e-05 
1704 |1.36377e-05 
1705 |1.36911e-05 
1706 |1.22617e-05 
1707 |1.2274e-05 
1708 |1.22122e-05 
1709 |1.22505e-05 
1710 |1.22009e-05 
1711 |1.22514e-05 
1712 |1.22598e-05 
1713 |1.22727e-05 
1714 |1.22113e-05 
1715 |1.22175e-05 
1716 |1.2207e-05 
1717 |1.22502e-05 
1718 |1.22244e-05 
1719 |1.22313e-05 
1720 |1.22468e-05 
1721 |1.22349e-05 
1722 |1.22081e-05 
1723 |1.22352e-05 
1724 |1.2271e-05 
1725 |1.22305e-05 
1726 |1.21948e-05 
1727 |1.22347e-05 
1728 |1.22482e-05 
1729 |1.22442e-05 
1730 |1.3431e-05 
1731 |1.34683e-05 
1732 |1.34889e-05 
1733 |1.33975e-05 
1734 |1.34601e-05 
1735 |1.3422e-05 
1736 |1.34673e-05 
1737 |1.34396e-05 
1738 |1.34924e-05 
1739 |1.33886e-05 
1740 |1.34476e-05 
1741 |1.34463e-05 
1742 |1.34306e-05 
1743 |1.34305e-05 
1744 |1.34207e-05 
1745 |1.34605e-05 
1746 |1.34583e-05 
1747 |1.34265e-05 
1748 |1.33812e-05 
1749 |1.34579e-05 
1750 |1.3446e-05 
1751 |1.34055e-05 
1752 |1.33979e-05 
1753 |1.34929e-05 
1754 |1.50212e-05 
1755 |1.51077e-05 
1756 |1.51235e-05 
1757 |1.49717e-05 
1758 |1.50621e-05 
1759 |1.49885e-05 
1760 |1.50705e-05 
1761 |1.50131e-05 
1762 |1.50628e-05 
1763 |1.50776e-05 
1764 |1.50868e-05 
1765 |1.49948e-05 
1766 |1.50444e-05 
1767 |1.51142e-05 
1768 |1.5088e-05 
1769 |1.50306e-05 
1770 |1.50721e-05 
1771 |1.50359e-05 
1772 |1.51071e-05 
1773 |1.50809e-05 
1774 |1.50489e-05 
1775 |1.50775e-05 
1776 |1.51019e-05 
1777 |1.49987e-05 
1778 |1.46653e-05 
1779 |1.46872e-05 
1780 |1.46587e-05 
1781 |1.46766e-05 
1782 |1.46418e-05 
1783 |1.45839e-05 
1784 |1.46218e-05 
1785 |1.46787e-05 
1786 |1.465e-05 
1787 |1.46863e-05 
1788 |1.46747e-05 
1789 |1.45759e-05 
1790 |1.46049e-05 
1791 |1.4697e-05 
1792 |1.4661e-05 
1793 |1.46485e-05 
1794 |1.46759e-05 
1795 |1.46155e-05 
1796 |1.46672e-05 
1797 |1.46065e-05 
1798 |1.4613e-05 
1799 |1.46257e-05 
1800 |1.46337e-05 
1801 |1.47573e-05 
1802 |1.45871e-05 
1803 |1.45173e-05 
1804 |1.45273e-05 
1805 |1.45132e-05 
1806 |1.45816e-05 
1807 |1.45496e-05 
1808 |1.45402e-05 
1809 |1.45757e-05 
1810 |1.45209e-05 
1811 |1.45434e-05 
1812 |1.44882e-05 
1813 |1.45081e-05 
1814 |1.45386e-05 
1815 |1.45282e-05 
1816 |1.45806e-05 
1817 |1.44774e-05 
1818 |1.45377e-05 
1819 |1.46162e-05 
1820 |1.4601e-05 
1821 |1.4535e-05 
1822 |1.45825e-05 
1823 |1.46153e-05 
1824 |1.45262e-05 
1825 |1.44665e-05 
1826 |1.07818e-05 
1827 |1.07547e-05 
1828 |1.07794e-05 
1829 |1.08155e-05 
1830 |1.08045e-05 
1831 |1.07841e-05 
1832 |1.07492e-05 
1833 |1.08338e-05 
1834 |1.07497e-05 
1835 |1.0782e-05 
1836 |1.07797e-05 
1837 |1.08402e-05 
1838 |1.08019e-05 
1839 |1.07981e-05 
1840 |1.07558e-05 
1841 |1.08178e-05 
1842 |1.07867e-05 
1843 |1.07874e-05 
1844 |1.07162e-05 
1845 |1.0793e-05 
1846 |1.07535e-05 
1847 |1.07463e-05 
1848 |1.07821e-05 
1849 |1.07726e-05 
1850 |9.45877e-06 
1851 |9.51256e-06 
1852 |9.49895e-06 
1853 |9.50516e-06 
1854 |9.49247e-06 
1855 |9.51776e-06 
1856 |9.50553e-06 
1857 |9.51986e-06 
1858 |9.49996e-06 
1859 |9.51667e-06 
1860 |9.56159e-06 
1861 |9.52068e-06 
1862 |9.56415e-06 
1863 |9.53639e-06 
1864 |9.54789e-06 
1865 |9.51685e-06 
1866 |9.51283e-06 
1867 |9.47722e-06 
1868 |9.47722e-06 
1869 |9.50306e-06 
1870 |9.50233e-06 
1871 |9.47612e-06 
1872 |9.52032e-06 
1873 |9.51986e-06 
1874 |1.13056e-05 
1875 |1.12916e-05 
1876 |1.12937e-05 
1877 |1.12577e-05 
1878 |1.1293e-05 
1879 |1.12303e-05 
1880 |1.13112e-05 
1881 |1.1259e-05 
1882 |1.12644e-05 
1883 |1.12542e-05 
1884 |1.13044e-05 
1885 |1.12753e-05 
1886 |1.13201e-05 
1887 |1.12992e-05 
1888 |1.13092e-05 
1889 |1.12561e-05 
1890 |1.13607e-05 
1891 |1.1255e-05 
1892 |1.12763e-05 
1893 |1.13316e-05 
1894 |1.12837e-05 
1895 |1.13364e-05 
1896 |1.12995e-05 
1897 |1.13285e-05 
1898 |1.26702e-05 
1899 |1.26983e-05 
1900 |1.26941e-05 
1901 |1.26861e-05 
1902 |1.26759e-05 
1903 |1.27324e-05 
1904 |1.26918e-05 
1905 |1.27086e-05 
1906 |1.27143e-05 
1907 |1.27121e-05 
1908 |1.27136e-05 
1909 |1.2712e-05 
1910 |1.266e-05 
1911 |1.26521e-05 
1912 |1.26618e-05 
1913 |1.26338e-05 
1914 |1.26889e-05 
1915 |1.27896e-05 
1916 |1.26724e-05 
1917 |1.26904e-05 
1918 |1.27468e-05 
1919 |1.27039e-05 
1920 |1.27036e-05 
1921 |1.27166e-05 
1922 |1.22347e-05 
1923 |1.22111e-05 
1924 |1.21471e-05 
1925 |1.21859e-05 
1926 |1.22184e-05 
1927 |1.21386e-05 
1928 |1.21682e-05 
1929 |1.21469e-05 
1930 |1.21844e-05 
1931 |1.21678e-05 
1932 |1.22339e-05 
1933 |1.21832e-05 
1934 |1.22054e-05 
1935 |1.21863e-05 
1936 |1.21195e-05 
1937 |1.215e-05 
1938 |1.22339e-05 
1939 |1.21754e-05 
1940 |1.21989e-05 
1941 |1.21912e-05 
1942 |1.22047e-05 
1943 |1.2222e-05 
1944 |1.21604e-05 
1945 |1.22026e-05 
1946 |1.16777e-05 
1947 |1.17625e-05 
1948 |1.17385e-05 
1949 |1.17201e-05 
1950 |1.17465e-05 
1951 |1.17724e-05 
1952 |1.17831e-05 
1953 |1.17479e-05 
1954 |1.17634e-05 
1955 |1.17486e-05 
1956 |1.17214e-05 
1957 |1.17312e-05 
1958 |1.1754e-05 
1959 |1.17947e-05 
1960 |1.17685e-05 
1961 |1.17929e-05 
1962 |1.17228e-05 
1963 |1.17181e-05 
1964 |1.17456e-05 
1965 |1.17696e-05 
1966 |1.17817e-05 
1967 |1.17297e-05 
1968 |1.17193e-05 
1969 |1.16682e-05 
1970 |8.38241e-06 
1971 |8.40286e-06 
1972 |8.3972e-06 
1973 |8.39665e-06 
1974 |8.39154e-06 
1975 |8.41619e-06 
1976 |8.42121e-06 
1977 |8.4529e-06 
1978 |8.37985e-06 
1979 |8.40724e-06 
1980 |8.35739e-06 
1981 |8.39291e-06 
1982 |8.39501e-06 
1983 |8.39218e-06 
1984 |8.40605e-06 
1985 |8.40286e-06 
1986 |8.3972e-06 
1987 |8.39455e-06 
1988 |8.37875e-06 
1989 |8.37282e-06 
1990 |8.44185e-06 
1991 |8.41509e-06 
1992 |8.39738e-06 
1993 |8.39565e-06 
1994 |7.3232e-06 
1995 |7.30667e-06 
1996 |7.28567e-06 
1997 |7.28595e-06 
1998 |7.28677e-06 
1999 |7.27645e-06 
2000 |7.26969e-06 
2001 |7.28969e-06 
2002 |7.29325e-06 
2003 |7.30366e-06 
2004 |7.2928e-06 
2005 |7.25088e-06 
2006 |7.27791e-06 
2007 |7.27326e-06 
2008 |7.32558e-06 
2009 |7.3022e-06 
2010 |7.23573e-06 
2011 |7.25627e-06 
2012 |7.32749e-06 
2013 |7.2738e-06 
2014 |7.26906e-06 
2015 |7.25983e-06 
2016 |7.23198e-06 
2017 |7.32841e-06 
2018 |1.9071e-05 
2019 |1.90418e-05 
2020 |1.90469e-05 
2021 |1.90417e-05 
2022 |1.90865e-05 
2023 |1.90254e-05 
2024 |1.90174e-05 
2025 |1.90678e-05 
2026 |1.90791e-05 
2027 |1.90793e-05 
2028 |1.89682e-05 
2029 |1.90433e-05 
2030 |1.90335e-05 
2031 |1.9086e-05 
2032 |1.90502e-05 
2033 |1.91122e-05 
2034 |1.90274e-05 
2035 |1.90135e-05 
2036 |1.90379e-05 
2037 |1.9092e-05 
2038 |1.90006e-05 
2039 |1.90787e-05 
2040 |1.90974e-05 
2041 |1.90194e-05 
2042 |2.15048e-05 
2043 |2.1504e-05 
2044 |2.15039e-05 
2045 |2.14218e-05 
2046 |2.14642e-05 
2047 |2.14103e-05 
2048 |2.14852e-05 
2049 |2.14297e-05 
2050 |2.14881e-05 
2051 |2.13789e-05 
2052 |2.13958e-05 
2053 |2.14091e-05 
2054 |2.15444e-05 
2055 |2.14497e-05 
2056 |2.15153e-05 
2057 |2.14999e-05 
2058 |2.14932e-05 
2059 |2.14057e-05 
2060 |2.142e-05 
2061 |2.14863e-05 
2062 |2.14818e-05 
2063 |2.14236e-05 
2064 |2.15262e-05 
2065 |2.14906e-05 
2066 |2.01164e-05 
2067 |2.01418e-05 
2068 |2.01823e-05 
2069 |2.01649e-05 
2070 |2.01342e-05 
2071 |2.02177e-05 
2072 |2.00437e-05 
2073 |2.01365e-05 
2074 |2.01904e-05 
2075 |2.01863e-05 
2076 |2.02618e-05 
2077 |2.0137e-05 
2078 |2.01127e-05 
2079 |2.02014e-05 
2080 |2.0163e-05 
2081 |2.01981e-05 
2082 |2.01802e-05 
2083 |2.01556e-05 
2084 |2.02202e-05 
2085 |2.0213e-05 
2086 |2.01838e-05 
2087 |2.01731e-05 
2088 |2.01411e-05 
2089 |2.0216e-05 
2090 |1.86487e-05 
2091 |1.86874e-05 
2092 |1.87089e-05 
2093 |1.87677e-05 
2094 |1.87169e-05 
2095 |1.8596e-05 
2096 |1.86096e-05 
2097 |1.86522e-05 
2098 |1.86585e-05 
2099 |1.86638e-05 
2100 |1.86521e-05 
2101 |1.87076e-05 
2102 |1.86146e-05 
2103 |1.86715e-05 
2104 |1.86636e-05 
2105 |1.86225e-05 
2106 |1.87059e-05 
2107 |1.86264e-05 
2108 |1.87039e-05 
2109 |1.86835e-05 
2110 |1.86734e-05 
2111 |1.86517e-05 
2112 |1.86429e-05 
2113 |1.86292e-05 
2114 |1.28738e-05 
2115 |1.28994e-05 
2116 |1.28324e-05 
2117 |1.29336e-05 
2118 |1.28659e-05 
2119 |1.29176e-05 
2120 |1.29279e-05 
2121 |1.28225e-05 
2122 |1.28287e-05 
2123 |1.28678e-05 
2124 |1.2848e-05 
2125 |1.29492e-05 
2126 |1.29363e-05 
2127 |1.28741e-05 
2128 |1.28545e-05 
2129 |1.29187e-05 
2130 |1.28886e-05 
2131 |1.28508e-05 
2132 |1.28637e-05 
2133 |1.28972e-05 
2134 |1.29225e-05 
2135 |1.28494e-05 
2136 |1.29092e-05 
2137 |1.28573e-05 
2138 |7.63375e-06 
2139 |7.61887e-06 
2140 |7.63275e-06 
2141 |7.63046e-06 
2142 |7.6238e-06 
2143 |7.61156e-06 
2144 |7.62133e-06 
2145 |7.59202e-06 
2146 |7.54098e-06 
2147 |7.63841e-06 
2148 |7.63156e-06 
2149 |7.6858e-06 
2150 |7.65749e-06 
2151 |7.63841e-06 
2152 |7.59184e-06 
2153 |7.62763e-06 
2154 |7.59129e-06 
2155 |7.62407e-06 
2156 |7.61247e-06 
2157 |7.6048e-06 
2158 |7.63019e-06 
2159 |7.62325e-06 
2160 |7.59494e-06 
2161 |7.63183e-06 
2162 |6.49228e-06 
2163 |6.47465e-06 
2164 |6.48077e-06 
2165 |6.48707e-06 
2166 |6.44406e-06 
2167 |6.51373e-06 
2168 |6.49109e-06 
2169 |6.4637e-06 
2170 |6.46653e-06 
2171 |6.48607e-06 
2172 |6.51638e-06 
2173 |6.50332e-06 
2174 |6.44817e-06 
2175 |6.49273e-06 
2176 |6.47301e-06 
2177 |6.45456e-06 
2178 |6.50086e-06 
2179 |6.47082e-06 
2180 |6.50159e-06 
2181 |6.46086e-06 
2182 |6.49218e-06 
2183 |6.48086e-06 
2184 |6.49401e-06 
2185 |6.48031e-06 
2186 |5.66528e-06 
2187 |5.67842e-06 
2188 |5.72061e-06 
2189 |5.63679e-06 
2190 |5.66281e-06 
2191 |5.63989e-06 
2192 |5.65277e-06 
2193 |5.65067e-06 
2194 |5.68235e-06 
2195 |5.66436e-06 
2196 |5.69285e-06 
2197 |5.65642e-06 
2198 |5.63304e-06 
2199 |5.65998e-06 
2200 |5.68801e-06 
2201 |5.67678e-06 
2202 |5.6366e-06 
2203 |5.68655e-06 
2204 |5.64838e-06 
2205 |5.63971e-06 
2206 |5.65633e-06 
2207 |5.68609e-06 
2208 |5.6671e-06 
2209 |5.60072e-06 
2210 |3.91969e-06 
2211 |3.96261e-06 
2212 |3.96206e-06 
2213 |3.93823e-06 
2214 |3.95895e-06 
2215 |3.97137e-06 
2216 |3.99036e-06 
2217 |3.97822e-06 
2218 |3.9438e-06 
2219 |3.95229e-06 
2220 |3.98105e-06 
2221 |3.9522e-06 
2222 |3.96562e-06 
2223 |3.98553e-06 
2224 |3.97292e-06 
2225 |3.948e-06 
2226 |3.95886e-06 
2227 |4.00096e-06 
2228 |3.94215e-06 
2229 |3.93887e-06 
2230 |3.96325e-06 
2231 |3.99055e-06 
2232 |3.95293e-06 
2233 |3.95174e-06 
2234 |1.2648e-05 
2235 |1.26369e-05 
2236 |1.26226e-05 
2237 |1.26061e-05 
2238 |1.26723e-05 
2239 |1.25885e-05 
2240 |1.26624e-05 
2241 |1.26475e-05 
2242 |1.26502e-05 
2243 |1.26113e-05 
2244 |1.26149e-05 
2245 |1.26624e-05 
2246 |1.26801e-05 
2247 |1.25657e-05 
2248 |1.26514e-05 
2249 |1.26259e-05 
2250 |1.24971e-05 
2251 |1.26527e-05 
2252 |1.26528e-05 
2253 |1.26352e-05 
2254 |1.26597e-05 
2255 |1.26267e-05 
2256 |1.2698e-05 
2257 |1.26929e-05 
2258 |1.19917e-05 
2259 |1.19423e-05 
2260 |1.20714e-05 
2261 |1.19569e-05 
2262 |1.19483e-05 
2263 |1.20127e-05 
2264 |1.20112e-05 
2265 |1.20407e-05 
2266 |1.20499e-05 
2267 |1.20268e-05 
2268 |1.20214e-05 
2269 |1.20116e-05 
2270 |1.20579e-05 
2271 |1.20492e-05 
2272 |1.20229e-05 
2273 |1.20227e-05 
2274 |1.20633e-05 
2275 |1.19569e-05 
2276 |1.20244e-05 
2277 |1.19968e-05 
2278 |1.20278e-05 
2279 |1.20251e-05 
2280 |1.2054e-05 
2281 |1.19934e-05 
2282 |1.17381e-05 
2283 |1.17598e-05 
2284 |1.17852e-05 
2285 |1.1712e-05 
2286 |1.17512e-05 
2287 |1.17634e-05 
2288 |1.16771e-05 
2289 |1.17436e-05 
2290 |1.17184e-05 
2291 |1.17383e-05 
2292 |1.16815e-05 
2293 |1.17212e-05 
2294 |1.1763e-05 
2295 |1.17583e-05 
2296 |1.17468e-05 
2297 |1.1795e-05 
2298 |1.16852e-05 
2299 |1.16643e-05 
2300 |1.1641e-05 
2301 |1.17485e-05 
2302 |1.17036e-05 
2303 |1.17247e-05 
2304 |1.17457e-05 
2305 |1.16899e-05 
2306 |9.54872e-06 
2307 |9.54324e-06 
2308 |9.49311e-06 
2309 |9.54808e-06 
2310 |9.54068e-06 
2311 |9.50562e-06 
2312 |9.53328e-06 
2313 |9.49128e-06 
2314 |9.53557e-06 
2315 |9.51721e-06 
2316 |9.52461e-06 
2317 |9.511e-06 
2318 |9.56963e-06 
2319 |9.49439e-06 
2320 |9.56287e-06 
2321 |9.50489e-06 
2322 |9.53374e-06 
2323 |9.4553e-06 
2324 |9.52872e-06 
2325 |9.59099e-06 
2326 |9.48306e-06 
2327 |9.56606e-06 
2328 |9.48735e-06 
2329 |9.52799e-06 
2330 |5.80662e-06 
2331 |5.78845e-06 
2332 |5.81146e-06 
2333 |5.79987e-06 
2334 |5.86105e-06 
2335 |5.80224e-06 
2336 |5.79795e-06 
2337 |5.78297e-06 
2338 |5.80261e-06 
2339 |5.79612e-06 
2340 |5.78069e-06 
2341 |5.79293e-06 
2342 |5.81849e-06 
2343 |5.85611e-06 
2344 |5.78882e-06 
2345 |5.82945e-06 
2346 |5.81877e-06 
2347 |5.80882e-06 
2348 |5.77275e-06 
2349 |5.86105e-06 
2350 |5.85949e-06 
2351 |5.84297e-06 
2352 |5.82114e-06 
2353 |5.78407e-06 
2354 |1.14119e-05 
2355 |1.14481e-05 
2356 |1.13749e-05 
2357 |1.13254e-05 
2358 |1.13455e-05 
2359 |1.13747e-05 
2360 |1.13818e-05 
2361 |1.13798e-05 
2362 |1.13667e-05 
2363 |1.13565e-05 
2364 |1.13583e-05 
2365 |1.13676e-05 
2366 |1.13358e-05 
2367 |1.13618e-05 
2368 |1.13964e-05 
2369 |1.13619e-05 
2370 |1.12758e-05 
2371 |1.14188e-05 
2372 |1.13698e-05 
2373 |1.13519e-05 
2374 |1.13894e-05 
2375 |1.13285e-05 
2376 |1.13719e-05 
2377 |1.13475e-05 
2378 |1.12696e-05 
2379 |1.12576e-05 
2380 |1.12489e-05 
2381 |1.12133e-05 
2382 |1.12662e-05 
2383 |1.12632e-05 
2384 |1.12267e-05 
2385 |1.1267e-05 
2386 |1.12207e-05 
2387 |1.13158e-05 
2388 |1.12612e-05 
2389 |1.12575e-05 
2390 |1.12861e-05 
2391 |1.12412e-05 
2392 |1.12901e-05 
2393 |1.12516e-05 
2394 |1.12899e-05 
2395 |1.13017e-05 
2396 |1.12024e-05 
2397 |1.12301e-05 
2398 |1.12967e-05 
2399 |1.12679e-05 
2400 |1.12713e-05 
2401 |1.12277e-05 
2402 |1.20378e-05 
2403 |1.20597e-05 
2404 |1.20603e-05 
2405 |1.20252e-05 
2406 |1.20291e-05 
2407 |1.201e-05 
2408 |1.20234e-05 
2409 |1.2017e-05 
2410 |1.20974e-05 
2411 |1.19695e-05 
2412 |1.20496e-05 
2413 |1.20249e-05 
2414 |1.20108e-05 
2415 |1.20132e-05 
2416 |1.20326e-05 
2417 |1.20197e-05 
2418 |1.20216e-05 
2419 |1.2004e-05 
2420 |1.19598e-05 
2421 |1.19951e-05 
2422 |1.20133e-05 
2423 |1.20212e-05 
2424 |1.20727e-05 
2425 |1.20239e-05 
2426 |1.08562e-05 
2427 |1.08278e-05 
2428 |1.08381e-05 
2429 |1.08541e-05 
2430 |1.08754e-05 
2431 |1.08272e-05 
2432 |1.08241e-05 
2433 |1.08223e-05 
2434 |1.07946e-05 
2435 |1.08927e-05 
2436 |1.08409e-05 
2437 |1.08277e-05 
2438 |1.08496e-05 
2439 |1.08444e-05 
2440 |1.08753e-05 
2441 |1.07797e-05 
2442 |1.08031e-05 
2443 |1.08587e-05 
2444 |1.08487e-05 
2445 |1.08652e-05 
2446 |1.08478e-05 
2447 |1.08296e-05 
2448 |1.08511e-05 
2449 |1.08195e-05 
2450 |7.03274e-06 
2451 |6.98334e-06 
2452 |7.05301e-06 
2453 |7.02142e-06 
2454 |7.01658e-06 
2455 |7.04699e-06 
2456 |7.03037e-06 
2457 |7.01238e-06 
2458 |7.01612e-06 
2459 |7.04105e-06 
2460 |7.07566e-06 
2461 |7.02316e-06 
2462 |7.05137e-06 
2463 |7.05055e-06 
2464 |7.03156e-06 
2465 |7.01512e-06 
2466 |6.98225e-06 
2467 |7.01384e-06 
2468 |7.0458e-06 
2469 |7.04617e-06 
2470 |7.03302e-06 
2471 |7.00124e-06 
2472 |7.02252e-06 
2473 |7.05986e-06 
2474 |1.50781e-06 
2475 |1.51384e-06 
2476 |1.50544e-06 
2477 |1.52105e-06 
2478 |1.55265e-06 
2479 |1.51192e-06 
2480 |1.52744e-06 
2481 |1.52023e-06 
2482 |1.50964e-06 
2483 |1.51475e-06 
2484 |1.53301e-06 
2485 |1.50772e-06 
2486 |1.49466e-06 
2487 |1.52863e-06 
2488 |1.51064e-06 
2489 |1.50516e-06 
2490 |1.51439e-06 
2491 |1.53767e-06 
2492 |1.5037e-06 
2493 |1.53402e-06 
2494 |1.54379e-06 
2495 |1.52571e-06 
2496 |1.51475e-06 
2497 |1.51402e-06 
2498 |1.35161e-05 
2499 |1.3437e-05 
2500 |1.34637e-05 
2501 |1.34649e-05 
2502 |1.34788e-05 
2503 |1.34413e-05 
2504 |1.344e-05 
2505 |1.34777e-05 
2506 |1.34709e-05 
2507 |1.35071e-05 
2508 |1.34232e-05 
2509 |1.35026e-05 
2510 |1.3407e-05 
2511 |1.34867e-05 
2512 |1.34722e-05 
2513 |1.34046e-05 
2514 |1.34561e-05 
2515 |1.34568e-05 
2516 |1.34625e-05 
2517 |1.35012e-05 
2518 |1.34202e-05 
2519 |1.34761e-05 
2520 |1.34532e-05 
2521 |1.3452e-05 
2522 |1.33528e-05 
2523 |1.33644e-05 
2524 |1.33081e-05 
2525 |1.32854e-05 
2526 |1.33849e-05 
2527 |1.33429e-05 
2528 |1.33662e-05 
2529 |1.33441e-05 
2530 |1.33608e-05 
2531 |1.33403e-05 
2532 |1.33508e-05 
2533 |1.33653e-05 
2534 |1.3321e-05 
2535 |1.32999e-05 
2536 |1.34387e-05 
2537 |1.33557e-05 
2538 |1.32801e-05 
2539 |1.33192e-05 
2540 |1.33284e-05 
2541 |1.33113e-05 
2542 |1.34217e-05 
2543 |1.32956e-05 
2544 |1.33351e-05 
2545 |1.33753e-05 
2546 |1.43198e-05 
2547 |1.43188e-05 
2548 |1.42435e-05 
2549 |1.42655e-05 
2550 |1.42961e-05 
2551 |1.42585e-05 
2552 |1.43201e-05 
2553 |1.42141e-05 
2554 |1.43222e-05 
2555 |1.43075e-05 
2556 |1.42584e-05 
2557 |1.42964e-05 
2558 |1.43359e-05 
2559 |1.43001e-05 
2560 |1.42992e-05 
2561 |1.43379e-05 
2562 |1.43466e-05 
2563 |1.43097e-05 
2564 |1.42396e-05 
2565 |1.43092e-05 
2566 |1.4326e-05 
2567 |1.4331e-05 
2568 |1.42968e-05 
2569 |1.43428e-05 
2570 |1.36514e-05 
2571 |1.37171e-05 
2572 |1.35991e-05 
2573 |1.36974e-05 
2574 |1.3681e-05 
2575 |1.36055e-05 
2576 |1.3709e-05 
2577 |1.36571e-05 
2578 |1.36735e-05 
2579 |1.36087e-05 
2580 |1.36938e-05 
2581 |1.36371e-05 
2582 |1.3671e-05 
2583 |1.3735e-05 
2584 |1.36182e-05 
2585 |1.36798e-05 
2586 |1.367e-05 
2587 |1.37229e-05 
2588 |1.36865e-05 
2589 |1.36539e-05 
2590 |1.36506e-05 
2591 |1.36491e-05 
2592 |1.36704e-05 
2593 |1.36499e-05 
2594 |9.41851e-06 
2595 |9.38847e-06 
2596 |9.37166e-06 
2597 |9.42216e-06 
2598 |9.34929e-06 
2599 |9.36728e-06 
2600 |9.30939e-06 
2601 |9.31688e-06 
2602 |9.36838e-06 
2603 |9.3555e-06 
2604 |9.31533e-06 
2605 |9.36518e-06 
2606 |9.31615e-06 
2607 |9.34747e-06 
2608 |9.31624e-06 
2609 |9.36244e-06 
2610 |9.30656e-06 
2611 |9.34299e-06 
2612 |9.37103e-06 
2613 |9.32592e-06 
2614 |9.36536e-06 
2615 |9.36582e-06 
2616 |9.33815e-06 
2617 |9.28382e-06 
2618 |2.0901e-06 
2619 |2.07649e-06 
2620 |2.07768e-06 
2621 |2.09083e-06 
2622 |2.08143e-06 
2623 |2.0848e-06 
2624 |2.05604e-06 
2625 |2.0953e-06 
2626 |2.10462e-06 
2627 |2.08069e-06 
2628 |2.05978e-06 
2629 |2.1017e-06 
2630 |2.07339e-06 
2631 |2.06727e-06 
2632 |2.06472e-06 
2633 |2.07293e-06 
2634 |2.09065e-06 
2635 |2.09613e-06 
2636 |2.08161e-06 
2637 |2.08782e-06 
2638 |2.08517e-06 
2639 |2.06645e-06 
2640 |2.07074e-06 
2641 |2.08033e-06 
2642 |2.41133e-05 
2643 |2.41178e-05 
2644 |2.42156e-05 
2645 |2.42223e-05 
2646 |2.41912e-05 
2647 |2.42018e-05 
2648 |2.41923e-05 
2649 |2.41969e-05 
2650 |2.42382e-05 
2651 |2.41507e-05 
2652 |2.4171e-05 
2653 |2.42336e-05 
2654 |2.41871e-05 
2655 |2.42019e-05 
2656 |2.41981e-05 
2657 |2.40752e-05 
2658 |2.42275e-05 
2659 |2.41917e-05 
2660 |2.42181e-05 
2661 |2.41519e-05 
2662 |2.41727e-05 
2663 |2.41628e-05 
2664 |2.4249e-05 
2665 |2.41505e-05 
2666 |2.38655e-05 
2667 |2.39747e-05 
2668 |2.39563e-05 
2669 |2.39479e-05 
2670 |2.39471e-05 
2671 |2.39168e-05 
2672 |2.38283e-05 
2673 |2.39249e-05 
2674 |2.396e-05 
2675 |2.39121e-05 
2676 |2.39593e-05 
2677 |2.39743e-05 
2678 |2.39258e-05 
2679 |2.39324e-05 
2680 |2.40038e-05 
2681 |2.38808e-05 
2682 |2.39306e-05 
2683 |2.38277e-05 
2684 |2.39053e-05 
2685 |2.39654e-05 
2686 |2.39416e-05 
2687 |2.3995e-05 
2688 |2.39097e-05 
2689 |2.3894e-05 
2690 |2.51107e-05 
2691 |2.50988e-05 
2692 |2.51227e-05 
2693 |2.52145e-05 
2694 |2.51493e-05 
2695 |2.52291e-05 
2696 |2.51664e-05 
2697 |2.51553e-05 
2698 |2.52068e-05 
2699 |2.51806e-05 
2700 |2.52099e-05 
2701 |2.52173e-05 
2702 |2.51559e-05 
2703 |2.51706e-05 
2704 |2.52012e-05 
2705 |2.51733e-05 
2706 |2.5145e-05 
2707 |2.51588e-05 
2708 |2.52142e-05 
2709 |2.51956e-05 
2710 |2.52083e-05 
2711 |2.51779e-05 
2712 |2.518e-05 
2713 |2.51535e-05 
2714 |2.37838e-05 
2715 |2.37083e-05 
2716 |2.36866e-05 
2717 |2.36772e-05 
2718 |2.37715e-05 
2719 |2.38273e-05 
2720 |2.37959e-05 
2721 |2.36675e-05 
2722 |2.37749e-05 
2723 |2.3786e-05 
2724 |2.38048e-05 
2725 |2.37331e-05 
2726 |2.38197e-05 
2727 |2.37111e-05 
2728 |2.37363e-05 
2729 |2.36468e-05 
2730 |2.37537e-05 
2731 |2.37261e-05 
2732 |2.37911e-05 
2733 |2.37202e-05 
2734 |2.36836e-05 
2735 |2.37486e-05 
2736 |2.3686e-05 
2737 |2.37103e-05 
2738 |6.04805e-06 
2739 |6.05389e-06 
2740 |6.03034e-06 
2741 |6.03344e-06 
2742 |6.11416e-06 
2743 |6.06996e-06 
2744 |6.11425e-06 
2745 |6.03892e-06 
2746 |6.00888e-06 
2747 |6.04138e-06 
2748 |6.04111e-06 
2749 |6.02477e-06 
2750 |6.05325e-06 
2751 |6.06385e-06 
2752 |6.05462e-06 
2753 |6.07298e-06 
2754 |6.04367e-06 
2755 |6.07499e-06 
2756 |6.03015e-06 
2757 |6.06366e-06 
2758 |6.03326e-06 
2759 |6.04759e-06 
2760 |6.09215e-06 
2761 |6.0601e-06 
2762 |5.85054e-06 
2763 |5.86652e-06 
2764 |5.89109e-06 
2765 |5.86963e-06 
2766 |5.88588e-06 
2767 |5.87995e-06 
2768 |5.91264e-06 
2769 |5.92259e-06 
2770 |5.93747e-06 
2771 |5.87821e-06 
2772 |5.913e-06 
2773 |5.89373e-06 
2774 |5.88141e-06 
2775 |5.92113e-06 
2776 |5.84123e-06 
2777 |5.92031e-06 
2778 |5.92533e-06 
2779 |5.94039e-06 
2780 |5.88533e-06 
2781 |5.88826e-06 
2782 |5.90761e-06 
2783 |5.88333e-06 
2784 |5.91026e-06 
2785 |5.90058e-06 
2786 |5.68153e-06 
2787 |5.68326e-06 
2788 |5.73394e-06 
2789 |5.68911e-06 
2790 |5.70353e-06 
2791 |5.68564e-06 
2792 |5.70773e-06 
2793 |5.66546e-06 
2794 |5.73175e-06 
2795 |5.71066e-06 
2796 |5.71312e-06 
2797 |5.7176e-06 
2798 |5.73211e-06 
2799 |5.71988e-06 
2800 |5.69806e-06 
2801 |5.72189e-06 
2802 |5.71111e-06 
2803 |5.67906e-06 
2804 |5.74837e-06 
2805 |5.68701e-06 
2806 |5.72472e-06 
2807 |5.72225e-06 
2808 |5.71276e-06 
2809 |5.7491e-06 
2810 |5.88753e-06 
2811 |5.91008e-06 
2812 |5.86223e-06 
2813 |5.851e-06 
2814 |5.88652e-06 
2815 |5.91583e-06 
2816 |5.88899e-06 
2817 |5.88606e-06 
2818 |5.88707e-06 
2819 |5.89492e-06 
2820 |5.90679e-06 
2821 |5.87812e-06 
2822 |5.88807e-06 
2823 |5.933e-06 
2824 |5.9025e-06 
2825 |5.88424e-06 
2826 |5.82817e-06 
2827 |5.90122e-06 
2828 |5.91191e-06 
2829 |5.87739e-06 
2830 |5.89593e-06 
2831 |5.86022e-06 
2832 |5.87173e-06 
2833 |5.92168e-06 
2834 |6.32061e-06 
2835 |6.24318e-06 
2836 |6.26546e-06 
2837 |6.29651e-06 
2838 |6.31385e-06 
2839 |6.27423e-06 
2840 |6.33796e-06 
2841 |6.34006e-06 
2842 |6.27377e-06 
2843 |6.31121e-06 
2844 |6.31906e-06 
2845 |6.32436e-06 
2846 |6.29167e-06 
2847 |6.30436e-06 
2848 |6.30271e-06 
2849 |6.30481e-06 
2850 |6.34289e-06 
2851 |6.27167e-06 
2852 |6.29541e-06 
2853 |6.29934e-06 
2854 |6.30171e-06 
2855 |6.28363e-06 
2856 |6.25341e-06 
2857 |6.28436e-06 
2858 |5.48923e-06 
2859 |5.44494e-06 
2860 |5.46457e-06 
2861 |5.46613e-06 
2862 |5.51927e-06 
2863 |5.54931e-06 
2864 |5.52731e-06 
2865 |5.5368e-06 
2866 |5.52155e-06 
2867 |5.50557e-06 
2868 |5.54319e-06 
2869 |5.54949e-06 
2870 |5.53945e-06 
2871 |5.52228e-06 
2872 |5.57013e-06 
2873 |5.5252e-06 
2874 |5.53315e-06 
2875 |5.54895e-06 
2876 |5.53552e-06 
2877 |5.5326e-06 
2878 |5.48128e-06 
2879 |5.51114e-06 
2880 |5.50283e-06 
2881 |5.50503e-06 
2882 |7.50646e-06 
2883 |7.49304e-06 
2884 |7.47523e-06 
2885 |7.48309e-06 
2886 |7.50765e-06 
2887 |7.46464e-06 
2888 |7.47816e-06 
2889 |7.5166e-06 
2890 |7.52235e-06 
2891 |7.51559e-06 
2892 |7.50199e-06 
2893 |7.45076e-06 
2894 |7.49523e-06 
2895 |7.46903e-06 
2896 |7.50601e-06 
2897 |7.50354e-06 
2898 |7.44985e-06 
2899 |7.4504e-06 
2900 |7.51057e-06 
2901 |7.54737e-06 
2902 |7.49651e-06 
2903 |7.44976e-06 
2904 |7.50546e-06 
2905 |7.46318e-06 
2906 |7.15528e-06 
2907 |7.21463e-06 
2908 |7.17491e-06 
2909 |7.13437e-06 
2910 |7.14378e-06 
2911 |7.14314e-06 
2912 |7.19929e-06 
2913 |7.16843e-06 
2914 |7.21098e-06 
2915 |7.14533e-06 
2916 |7.14779e-06 
2917 |7.24184e-06 
2918 |7.18222e-06 
2919 |7.11885e-06 
2920 |7.17254e-06 
2921 |7.19272e-06 
2922 |7.14761e-06 
2923 |7.16578e-06 
2924 |7.12898e-06 
2925 |7.16578e-06 
2926 |7.13748e-06 
2927 |7.14889e-06 
2928 |7.13702e-06 
2929 |7.14706e-06 
2930 |6.71626e-06 
2931 |6.70457e-06 
2932 |6.70859e-06 
2933 |6.7117e-06 
2934 |6.70503e-06 
2935 |6.69864e-06 
2936 |6.71206e-06 
2937 |6.76283e-06 
2938 |6.75689e-06 
2939 |6.76073e-06 
2940 |6.67024e-06 
2941 |6.73187e-06 
2942 |6.73388e-06 
2943 |6.73407e-06 
2944 |6.73261e-06 
2945 |6.74028e-06 
2946 |6.70238e-06 
2947 |6.72612e-06 
2948 |6.68284e-06 
2949 |6.7337e-06 
2950 |6.70868e-06 
2951 |6.71434e-06 
2952 |6.6717e-06 
2953 |6.72019e-06 
2954 |6.5635e-06 
2955 |6.58943e-06 
2956 |6.5971e-06 
2957 |6.57738e-06 
2958 |6.59664e-06 
2959 |6.5876e-06 
2960 |6.66613e-06 
2961 |6.63025e-06 
2962 |6.58642e-06 
2963 |6.61892e-06 
2964 |6.61016e-06 
2965 |6.56286e-06 
2966 |6.57245e-06 
2967 |6.59253e-06 
2968 |6.6192e-06 
2969 |6.61582e-06 
2970 |6.61491e-06 
2971 |6.62513e-06 
2972 |6.57035e-06 
2973 |6.61262e-06 
2974 |6.59838e-06 
2975 |6.61381e-06 
2976 |6.58304e-06 
2977 |6.61363e-06 
2978 |6.45319e-06 
2979 |6.47666e-06 
2980 |6.48187e-06 
2981 |6.4594e-06 
2982 |6.50652e-06 
2983 |6.4826e-06 
2984 |6.48908e-06 
2985 |6.47913e-06 
2986 |6.46917e-06 
2987 |6.51519e-06 
2988 |6.47922e-06 
2989 |6.46662e-06 
2990 |6.51456e-06 
2991 |6.48634e-06 
2992 |6.5246e-06 
2993 |6.47949e-06 
2994 |6.48232e-06 
2995 |6.48442e-06 
2996 |6.47703e-06 
2997 |6.48917e-06 
2998 |6.4773e-06 
2999 |6.47547e-06 
3000 |6.47995e-06 
3001 |6.49693e-06 
3002 |5.06683e-06 
3003 |5.01085e-06 
3004 |5.03651e-06 
3005 |5.07532e-06 
3006 |5.06463e-06 
3007 |5.05505e-06 
3008 |5.05961e-06 
3009 |5.044e-06 
3010 |5.06518e-06 
3011 |5.08637e-06 
3012 |5.05806e-06 
3013 |5.04162e-06 
3014 |5.03989e-06 
3015 |5.06966e-06 
3016 |5.08801e-06 
3017 |5.06281e-06 
3018 |5.04382e-06 
3019 |5.06473e-06 
3020 |5.07769e-06 
3021 |5.06719e-06 
3022 |5.06847e-06 
3023 |5.03596e-06 
3024 |5.0513e-06 
3025 |5.01213e-06 
3026 |9.42545e-06 
3027 |9.36317e-06 
3028 |9.35705e-06 
3029 |9.35559e-06 
3030 |9.35687e-06 
3031 |9.38637e-06 
3032 |9.35459e-06 
3033 |9.36482e-06 
3034 |9.43257e-06 
3035 |9.39011e-06 
3036 |9.37477e-06 
3037 |9.43284e-06 
3038 |9.38847e-06 
3039 |9.36719e-06 
3040 |9.35222e-06 
3041 |9.34034e-06 
3042 |9.39449e-06 
3043 |9.37212e-06 
3044 |9.32354e-06 
3045 |9.37459e-06 
3046 |9.34975e-06 
3047 |9.40572e-06 
3048 |9.37523e-06 
3049 |9.33094e-06 
3050 |8.90507e-06 
3051 |8.92278e-06 
3052 |8.89904e-06 
3053 |8.92141e-06 
3054 |8.92698e-06 
3055 |8.95319e-06 
3056 |8.91621e-06 
3057 |8.99546e-06 
3058 |8.88717e-06 
3059 |8.92835e-06 
3060 |8.91365e-06 
3061 |8.95529e-06 
3062 |8.92159e-06 
3063 |8.92013e-06 
3064 |8.90945e-06 
3065 |8.88105e-06 
3066 |8.89639e-06 
3067 |8.93136e-06 
3068 |8.96022e-06 
3069 |8.93447e-06 
3070 |8.88233e-06 
3071 |8.9447e-06 
3072 |8.93109e-06 
3073 |8.95264e-06 
3074 |8.18125e-06 
3075 |8.18362e-06 
3076 |8.20782e-06 
3077 |8.22179e-06 
3078 |8.23046e-06 
3079 |8.19741e-06 
3080 |8.18289e-06 
3081 |8.18773e-06 
3082 |8.23229e-06 
3083 |8.22024e-06 
3084 |8.24051e-06 
3085 |8.21193e-06 
3086 |8.24005e-06 
3087 |8.21257e-06 
3088 |8.19084e-06 
3089 |8.17467e-06 
3090 |8.1681e-06 
3091 |8.20444e-06 
3092 |8.19166e-06 
3093 |8.1965e-06 
3094 |8.24517e-06 
3095 |8.20435e-06 
3096 |8.18444e-06 
3097 |8.18244e-06 
3098 |7.71502e-06 
3099 |7.76925e-06 
3100 |7.76551e-06 
3101 |7.75538e-06 
3102 |7.73976e-06 
3103 |7.76277e-06 
3104 |7.79756e-06 
3105 |7.77099e-06 
3106 |7.72789e-06 
3107 |7.7688e-06 
3108 |7.75273e-06 
3109 |7.78003e-06 
3110 |7.76478e-06 
3111 |7.83016e-06 
3112 |7.75191e-06 
3113 |7.732e-06 
3114 |7.76971e-06 
3115 |7.79099e-06 
3116 |7.7488e-06 
3117 |7.80715e-06 
3118 |7.79564e-06 
3119 |7.76999e-06 
3120 |7.82139e-06 
3121 |7.76049e-06 
3122 |7.18149e-06 
3123 |7.07146e-06 
3124 |7.14834e-06 
3125 |7.19455e-06 
3126 |7.12323e-06 
3127 |7.20523e-06 
3128 |7.0941e-06 
3129 |7.18076e-06 
3130 |7.14871e-06 
3131 |7.18514e-06 
3132 |7.16788e-06 
3133 |7.17847e-06 
3134 |7.1845e-06 
3135 |7.15245e-06 
3136 |7.17071e-06 
3137 |7.16651e-06 
3138 |7.2066e-06 
3139 |7.12999e-06 
3140 |7.16633e-06 
3141 |7.21345e-06 
3142 |7.12898e-06 
3143 |7.20039e-06 
3144 |7.14743e-06 
3145 |7.16925e-06 
3146 |5.09751e-06 
3147 |5.10983e-06 
3148 |5.10591e-06 
3149 |5.10025e-06 
3150 |5.14773e-06 
3151 |5.10198e-06 
3152 |5.148e-06 
3153 |5.11422e-06 
3154 |5.13449e-06 
3155 |5.13713e-06 
3156 |5.15028e-06 
3157 |5.14033e-06 
3158 |5.17877e-06 
3159 |5.12399e-06 
3160 |5.12901e-06 
3161 |5.10481e-06 
3162 |5.10782e-06 
3163 |5.15631e-06 
3164 |5.17786e-06 
3165 |5.14435e-06 
3166 |5.10855e-06 
3167 |5.10162e-06 
3168 |5.0913e-06 
3169 |5.10034e-06 
3170 |1.07726e-05 
3171 |1.07355e-05 
3172 |1.074e-05 
3173 |1.07739e-05 
3174 |1.0808e-05 
3175 |1.07484e-05 
3176 |1.07696e-05 
3177 |1.08042e-05 
3178 |1.07263e-05 
3179 |1.07791e-05 
3180 |1.07614e-05 
3181 |1.07295e-05 
3182 |1.07427e-05 
3183 |1.07863e-05 
3184 |1.08e-05 
3185 |1.07819e-05 
3186 |1.07313e-05 
3187 |1.07408e-05 
3188 |1.07575e-05 
3189 |1.07775e-05 
3190 |1.07484e-05 
3191 |1.07786e-05 
3192 |1.07605e-05 
3193 |1.07192e-05 
3194 |1.02142e-05 
3195 |1.02168e-05 
3196 |1.03132e-05 
3197 |1.02595e-05 
3198 |1.0245e-05 
3199 |1.03184e-05 
3200 |1.03174e-05 
3201 |1.02735e-05 
3202 |1.02486e-05 
3203 |1.0294e-05 
3204 |1.0295e-05 
3205 |1.0252e-05 
3206 |1.02983e-05 
3207 |1.03428e-05 
3208 |1.02774e-05 
3209 |1.03294e-05 
3210 |1.03209e-05 
3211 |1.01953e-05 
3212 |1.02803e-05 
3213 |1.02895e-05 
3214 |1.02608e-05 
3215 |1.02995e-05 
3216 |1.02387e-05 
3217 |1.02702e-05 
3218 |9.36326e-06 
3219 |9.32236e-06 
3220 |9.34235e-06 
3221 |9.40344e-06 
3222 |9.31268e-06 
3223 |9.27752e-06 
3224 |9.31679e-06 
3225 |9.31587e-06 
3226 |9.34756e-06 
3227 |9.30793e-06 
3228 |9.31259e-06 
3229 |9.29697e-06 
3230 |9.33834e-06 
3231 |9.31295e-06 
3232 |9.3166e-06 
3233 |9.34181e-06 
3234 |9.28711e-06 
3235 |9.27533e-06 
3236 |9.26693e-06 
3237 |9.31186e-06 
3238 |9.27898e-06 
3239 |9.34509e-06 
3240 |9.34801e-06 
3241 |9.34281e-06 
3242 |8.4886e-06 
3243 |8.48184e-06 
3244 |8.47956e-06 
3245 |8.47947e-06 
3246 |8.43445e-06 
3247 |8.51672e-06 
3248 |8.49243e-06 
3249 |8.51663e-06 
3250 |8.50613e-06 
3251 |8.49307e-06 
3252 |8.41272e-06 
3253 |8.52357e-06 
3254 |8.47792e-06 
3255 |8.477e-06 
3256 |8.48778e-06 
3257 |8.51444e-06 
3258 |8.43756e-06 
3259 |8.50065e-06 
3260 |8.50741e-06 
3261 |8.48358e-06 
3262 |8.52805e-06 
3263 |8.48129e-06 
3264 |8.51846e-06 
3265 |8.51207e-06 
3266 |7.45816e-06 
3267 |7.49003e-06 
3268 |7.49158e-06 
3269 |7.49898e-06 
3270 |7.50747e-06 
3271 |7.49888e-06 
3272 |7.49432e-06 
3273 |7.49231e-06 
3274 |7.53897e-06 
3275 |7.47514e-06 
3276 |7.49386e-06 
3277 |7.48236e-06 
3278 |7.46802e-06 
3279 |7.54901e-06 
3280 |7.51788e-06 
3281 |7.48446e-06 
3282 |7.52107e-06 
3283 |7.484e-06 
3284 |7.53988e-06 
3285 |7.45825e-06 
3286 |7.50108e-06 
3287 |7.51103e-06 
3288 |7.49742e-06 
3289 |7.39735e-06 
3290 |1.02181e-05 
3291 |1.02434e-05 
3292 |1.01712e-05 
3293 |1.01759e-05 
3294 |1.02265e-05 
3295 |1.02563e-05 
3296 |1.02002e-05 
3297 |1.02127e-05 
3298 |1.02657e-05 
3299 |1.02272e-05 
3300 |1.02327e-05 
3301 |1.02364e-05 
3302 |1.02641e-05 
3303 |1.02388e-05 
3304 |1.0202e-05 
3305 |1.02709e-05 
3306 |1.02196e-05 
3307 |1.01775e-05 
3308 |1.02e-05 
3309 |1.02343e-05 
3310 |1.02486e-05 
3311 |1.01988e-05 
3312 |1.02328e-05 
3313 |1.02105e-05 
3314 |9.79434e-06 
3315 |9.82383e-06 
3316 |9.76987e-06 
3317 |9.82858e-06 
3318 |9.76832e-06 
3319 |9.85123e-06 
3320 |9.841e-06 
3321 |9.77791e-06 
3322 |9.86054e-06 
3323 |9.83735e-06 
3324 |9.84748e-06 
3325 |9.78375e-06 
3326 |9.78658e-06 
3327 |9.79662e-06 
3328 |9.80868e-06 
3329 |9.80548e-06 
3330 |9.77955e-06 
3331 |9.75407e-06 
3332 |9.85899e-06 
3333 |9.85588e-06 
3334 |9.82018e-06 
3335 |9.80247e-06 
3336 |9.8252e-06 
3337 |9.72705e-06 
3338 |8.66008e-06 
3339 |8.68346e-06 
3340 |8.704e-06 
3341 |8.69852e-06 
3342 |8.66757e-06 
3343 |8.74053e-06 
3344 |8.66227e-06 
3345 |8.67149e-06 
3346 |8.68263e-06 
3347 |8.6777e-06 
3348 |8.6767e-06 
3349 |8.69049e-06 
3350 |8.70309e-06 
3351 |8.77477e-06 
3352 |8.66876e-06 
3353 |8.65752e-06 
3354 |8.66264e-06 
3355 |8.69177e-06 
3356 |8.69962e-06 
3357 |8.69423e-06 
3358 |8.63278e-06 
3359 |8.74171e-06 
3360 |8.65944e-06 
3361 |8.66245e-06 
3362 |7.64233e-06 
3363 |7.61969e-06 
3364 |7.64379e-06 
3365 |7.62407e-06 
3366 |7.63558e-06 
3367 |7.68361e-06 
3368 |7.74405e-06 
3369 |7.65302e-06 
3370 |7.62453e-06 
3371 |7.7299e-06 
3372 |7.68479e-06 
3373 |7.69164e-06 
3374 |7.65274e-06 
3375 |7.74077e-06 
3376 |7.70872e-06 
3377 |7.6532e-06 
3378 |7.65165e-06 
3379 |7.66343e-06 
3380 |7.68899e-06 
3381 |7.6574e-06 
3382 |7.65548e-06 
3383 |7.7005e-06 
3384 |7.65923e-06 
3385 |7.65521e-06 
3386 |6.58806e-06 
3387 |6.53117e-06 
3388 |6.55692e-06 
3389 |6.56569e-06 
3390 |6.553e-06 
3391 |6.56806e-06 
3392 |6.57738e-06 
3393 |6.55912e-06 
3394 |6.56167e-06 
3395 |6.62111e-06 
3396 |6.58322e-06 
3397 |6.54524e-06 
3398 |6.57528e-06 
3399 |6.59637e-06 
3400 |6.57062e-06 
3401 |6.59126e-06 
3402 |6.56258e-06 
3403 |6.57601e-06 
3404 |6.5572e-06 
3405 |6.58231e-06 
3406 |6.57875e-06 
3407 |6.54113e-06 
3408 |6.54222e-06 
3409 |6.54423e-06 
3410 |1.45013e-05 
3411 |1.4484e-05 
3412 |1.45074e-05 
3413 |1.46044e-05 
3414 |1.44326e-05 
3415 |1.45125e-05 
3416 |1.45141e-05 
3417 |1.44752e-05 
3418 |1.43979e-05 
3419 |1.44119e-05 
3420 |1.4468e-05 
3421 |1.44639e-05 
3422 |1.44806e-05 
3423 |1.45063e-05 
3424 |1.44452e-05 
3425 |1.44809e-05 
3426 |1.44555e-05 
3427 |1.44966e-05 
3428 |1.44374e-05 
3429 |1.44555e-05 
3430 |1.45072e-05 
3431 |1.44325e-05 
3432 |1.45167e-05 
3433 |1.43673e-05 
3434 |1.39626e-05 
3435 |1.38227e-05 
3436 |1.38809e-05 
3437 |1.38442e-05 
3438 |1.3945e-05 
3439 |1.38542e-05 
3440 |1.38336e-05 
3441 |1.38106e-05 
3442 |1.38483e-05 
3443 |1.38931e-05 
3444 |1.38834e-05 
3445 |1.3865e-05 
3446 |1.38709e-05 
3447 |1.39164e-05 
3448 |1.38478e-05 
3449 |1.38799e-05 
3450 |1.38387e-05 
3451 |1.38673e-05 
3452 |1.38157e-05 
3453 |1.38247e-05 
3454 |1.38465e-05 
3455 |1.3913e-05 
3456 |1.39165e-05 
3457 |1.38296e-05 
3458 |1.18256e-05 
3459 |1.18628e-05 
3460 |1.18932e-05 
3461 |1.18529e-05 
3462 |1.18953e-05 
3463 |1.18789e-05 
3464 |1.19116e-05 
3465 |1.18502e-05 
3466 |1.18674e-05 
3467 |1.19015e-05 
3468 |1.19318e-05 
3469 |1.18498e-05 
3470 |1.18734e-05 
3471 |1.19368e-05 
3472 |1.19271e-05 
3473 |1.18421e-05 
3474 |1.18928e-05 
3475 |1.18696e-05 
3476 |1.19415e-05 
3477 |1.18141e-05 
3478 |1.18929e-05 
3479 |1.18979e-05 
3480 |1.18753e-05 
3481 |1.19114e-05 
3482 |1.01407e-05 
3483 |1.01372e-05 
3484 |1.01807e-05 
3485 |1.01651e-05 
3486 |1.01139e-05 
3487 |1.00864e-05 
3488 |1.00765e-05 
3489 |1.00812e-05 
3490 |1.01481e-05 
3491 |1.01284e-05 
3492 |1.01127e-05 
3493 |1.01192e-05 
3494 |1.01019e-05 
3495 |1.01285e-05 
3496 |1.01526e-05 
3497 |1.02006e-05 
3498 |1.01179e-05 
3499 |1.0167e-05 
3500 |1.01358e-05 
3501 |1.01225e-05 
3502 |1.01429e-05 
3503 |1.01616e-05 
3504 |1.01598e-05 
3505 |1.01505e-05 
3506 |1.20441e-05 
3507 |1.2082e-05 
3508 |1.20027e-05 
3509 |1.2041e-05 
3510 |1.20634e-05 
3511 |1.20619e-05 
3512 |1.20557e-05 
3513 |1.21208e-05 
3514 |1.20962e-05 
3515 |1.20561e-05 
3516 |1.21099e-05 
3517 |1.21162e-05 
3518 |1.20694e-05 
3519 |1.21026e-05 
3520 |1.20682e-05 
3521 |1.20854e-05 
3522 |1.20366e-05 
3523 |1.2056e-05 
3524 |1.20729e-05 
3525 |1.21069e-05 
3526 |1.20574e-05 
3527 |1.20594e-05 
3528 |1.21323e-05 
3529 |1.20525e-05 
3530 |1.16352e-05 
3531 |1.16832e-05 
3532 |1.15883e-05 
3533 |1.16883e-05 
3534 |1.17288e-05 
3535 |1.17037e-05 
3536 |1.16837e-05 
3537 |1.1645e-05 
3538 |1.17046e-05 
3539 |1.16165e-05 
3540 |1.16603e-05 
3541 |1.16448e-05 
3542 |1.16374e-05 
3543 |1.17015e-05 
3544 |1.16571e-05 
3545 |1.1705e-05 
3546 |1.16776e-05 
3547 |1.16573e-05 
3548 |1.16184e-05 
3549 |1.16581e-05 
3550 |1.16639e-05 
3551 |1.16827e-05 
3552 |1.16855e-05 
3553 |1.16692e-05 
3554 |1.10967e-05 
3555 |1.11538e-05 
3556 |1.11037e-05 
3557 |1.10757e-05 
3558 |1.10469e-05 
3559 |1.123e-05 
3560 |1.11157e-05 
3561 |1.11626e-05 
3562 |1.11043e-05 
3563 |1.10945e-05 
3564 |1.10977e-05 
3565 |1.11286e-05 
3566 |1.10823e-05 
3567 |1.118e-05 
3568 |1.11561e-05 
3569 |1.11059e-05 
3570 |1.11225e-05 
3571 |1.10853e-05 
3572 |1.11122e-05 
3573 |1.10997e-05 
3574 |1.11248e-05 
3575 |1.10861e-05 
3576 |1.11069e-05 
3577 |1.10874e-05 
3578 |1.10754e-05 
3579 |1.10862e-05 
3580 |1.11416e-05 
3581 |1.10988e-05 
3582 |1.11131e-05 
3583 |1.10405e-05 
3584 |1.11235e-05 
3585 |1.11139e-05 
3586 |1.10974e-05 
3587 |1.11057e-05 
3588 |1.11281e-05 
3589 |1.11321e-05 
3590 |1.11192e-05 
3591 |1.10979e-05 
3592 |1.11045e-05 
3593 |1.10815e-05 
3594 |1.11057e-05 
3595 |1.10771e-05 
3596 |1.1107e-05 
3597 |1.10894e-05 
3598 |1.11158e-05 
3599 |1.10904e-05 
3600 |1.1113e-05 
3601 |1.10788e-05 
3602 |1.10349e-05 
3603 |1.1049e-05 
3604 |1.10439e-05 
3605 |1.10796e-05 
3606 |1.1083e-05 
3607 |1.10325e-05 
3608 |1.09846e-05 
3609 |1.10553e-05 
3610 |1.10849e-05 
3611 |1.10459e-05 
3612 |1.10614e-05 
3613 |1.10922e-05 
3614 |1.10782e-05 
3615 |1.10489e-05 
3616 |1.10755e-05 
3617 |1.10635e-05 
3618 |1.10134e-05 
3619 |1.11274e-05 
3620 |1.10885e-05 
3621 |1.10405e-05 
3622 |1.10946e-05 
3623 |1.10426e-05 
3624 |1.10401e-05 
3625 |1.10405e-05 
3626 |7.71657e-06 
3627 |7.75464e-06 
3628 |7.76752e-06 
3629 |7.77619e-06 
3630 |7.79427e-06 
3631 |7.78578e-06 
3632 |7.75282e-06 
3633 |7.78925e-06 
3634 |7.81601e-06 
3635 |7.77181e-06 
3636 |7.80614e-06 
3637 |7.84796e-06 
3638 |7.86367e-06 
3639 |7.84102e-06 
3640 |7.7372e-06 
3641 |7.77592e-06 
3642 |7.76378e-06 
3643 |7.77492e-06 
3644 |7.75958e-06 
3645 |7.75163e-06 
3646 |7.81445e-06 
3647 |7.75684e-06 
3648 |7.79318e-06 
3649 |7.78533e-06 
3650 |1.063e-05 
3651 |1.0639e-05 
3652 |1.06941e-05 
3653 |1.06535e-05 
3654 |1.06299e-05 
3655 |1.06284e-05 
3656 |1.06628e-05 
3657 |1.06418e-05 
3658 |1.06957e-05 
3659 |1.06144e-05 
3660 |1.06415e-05 
3661 |1.06409e-05 
3662 |1.06263e-05 
3663 |1.06549e-05 
3664 |1.06709e-05 
3665 |1.06092e-05 
3666 |1.06801e-05 
3667 |1.05906e-05 
3668 |1.06371e-05 
3669 |1.06356e-05 
3670 |1.06767e-05 
3671 |1.06524e-05 
3672 |1.06285e-05 
3673 |1.06409e-05 
3674 |1.02177e-05 
3675 |1.02083e-05 
3676 |1.0169e-05 
3677 |1.02362e-05 
3678 |1.01841e-05 
3679 |1.01881e-05 
3680 |1.01892e-05 
3681 |1.01445e-05 
3682 |1.02223e-05 
3683 |1.01571e-05 
3684 |1.0171e-05 
3685 |1.01338e-05 
3686 |1.01574e-05 
3687 |1.01689e-05 
3688 |1.01073e-05 
3689 |1.01473e-05 
3690 |1.01431e-05 
3691 |1.01543e-05 
3692 |1.01435e-05 
3693 |1.01234e-05 
3694 |1.01418e-05 
3695 |1.01955e-05 
3696 |1.01684e-05 
3697 |1.01167e-05 
3698 |9.46179e-06 
3699 |9.48836e-06 
3700 |9.44928e-06 
3701 |9.46727e-06 
3702 |9.39769e-06 
3703 |9.48142e-06 
3704 |9.50973e-06 
3705 |9.48188e-06 
3706 |9.49813e-06 
3707 |9.45759e-06 
3708 |9.51667e-06 
3709 |9.49475e-06 
3710 |9.48188e-06 
3711 |9.46489e-06 
3712 |9.51018e-06 
3713 |9.46909e-06 
3714 |9.47201e-06 
3715 |9.45165e-06 
3716 |9.43723e-06 
3717 |9.50461e-06 
3718 |9.47822e-06 
3719 |9.45823e-06 
3720 |9.50726e-06 
3721 |9.50452e-06 
3722 |9.16895e-06 
3723 |9.13535e-06 
3724 |9.12531e-06 
3725 |9.21908e-06 
3726 |9.16402e-06 
3727 |9.1769e-06 
3728 |9.21918e-06 
3729 |9.17434e-06 
3730 |9.13499e-06 
3731 |9.17653e-06 
3732 |9.14293e-06 
3733 |9.25186e-06 
3734 |9.16485e-06 
3735 |9.16987e-06 
3736 |9.17288e-06 
3737 |9.18466e-06 
3738 |9.15024e-06 
3739 |9.1517e-06 
3740 |9.15489e-06 
3741 |9.17188e-06 
3742 |9.18457e-06 
3743 |9.15206e-06 
3744 |9.16156e-06 
3745 |9.13928e-06 
3746 |8.74883e-06 
3747 |8.7471e-06 
3748 |8.69642e-06 
3749 |8.72007e-06 
3750 |8.73596e-06 
3751 |8.76198e-06 
3752 |8.75377e-06 
3753 |8.71688e-06 
3754 |8.71806e-06 
3755 |8.77194e-06 
3756 |8.72035e-06 
3757 |8.76436e-06 
3758 |8.74153e-06 
3759 |8.70044e-06 
3760 |8.72993e-06 
3761 |8.73961e-06 
3762 |8.74957e-06 
3763 |8.75157e-06 
3764 |8.72035e-06 
3765 |8.7166e-06 
3766 |8.75221e-06 
3767 |8.7208e-06 
3768 |8.77102e-06 
3769 |8.72774e-06 
3770 |6.43612e-06 
3771 |6.46132e-06 
3772 |6.43712e-06 
3773 |6.44498e-06 
3774 |6.43539e-06 
3775 |6.49848e-06 
3776 |6.46771e-06 
3777 |6.48972e-06 
3778 |6.48981e-06 
3779 |6.44726e-06 
3780 |6.46205e-06 
3781 |6.48716e-06 
3782 |6.50323e-06 
3783 |6.45073e-06 
3784 |6.49949e-06 
3785 |6.50588e-06 
3786 |6.44899e-06 
3787 |6.47821e-06 
3788 |6.43585e-06 
3789 |6.43849e-06 
3790 |6.4699e-06 
3791 |6.46936e-06 
3792 |6.41859e-06 
3793 |6.45803e-06 
3794 |1.14838e-05 
3795 |1.15607e-05 
3796 |1.16111e-05 
3797 |1.15609e-05 
3798 |1.15131e-05 
3799 |1.15292e-05 
3800 |1.15654e-05 
3801 |1.1486e-05 
3802 |1.14885e-05 
3803 |1.15168e-05 
3804 |1.15316e-05 
3805 |1.15129e-05 
3806 |1.15494e-05 
3807 |1.14275e-05 
3808 |1.14971e-05 
3809 |1.15181e-05 
3810 |1.15344e-05 
3811 |1.1528e-05 
3812 |1.1501e-05 
3813 |1.14945e-05 
3814 |1.14988e-05 
3815 |1.14914e-05 
3816 |1.15532e-05 
3817 |1.15727e-05 
3818 |1.10006e-05 
3819 |1.09997e-05 
3820 |1.10278e-05 
3821 |1.10154e-05 
3822 |1.09786e-05 
3823 |1.10497e-05 
3824 |1.09775e-05 
3825 |1.09495e-05 
3826 |1.10057e-05 
3827 |1.0989e-05 
3828 |1.09872e-05 
3829 |1.09778e-05 
3830 |1.10031e-05 
3831 |1.09943e-05 
3832 |1.1027e-05 
3833 |1.10135e-05 
3834 |1.1039e-05 
3835 |1.08996e-05 
3836 |1.10534e-05 
3837 |1.09854e-05 
3838 |1.09887e-05 
3839 |1.10193e-05 
3840 |1.10167e-05 
3841 |1.09971e-05 
3842 |1.00995e-05 
3843 |1.0043e-05 
3844 |1.00312e-05 
3845 |1.00284e-05 
3846 |9.99112e-06 
3847 |1.00601e-05 
3848 |1.00308e-05 
3849 |1.00682e-05 
3850 |1.00152e-05 
3851 |1.00676e-05 
3852 |1.00349e-05 
3853 |1.00384e-05 
3854 |1.00497e-05 
3855 |1.0087e-05 
3856 |1.00292e-05 
3857 |9.98902e-06 
3858 |1.0038e-05 
3859 |1.00601e-05 
3860 |1.01e-05 
3861 |1.00433e-05 
3862 |1.00055e-05 
3863 |1.00523e-05 
3864 |1.00349e-05 
3865 |1.00395e-05 
3866 |9.29159e-06 
3867 |9.35258e-06 
3868 |9.28985e-06 
3869 |9.34372e-06 
3870 |9.27204e-06 
3871 |9.28702e-06 
3872 |9.26419e-06 
3873 |9.27716e-06 
3874 |9.29442e-06 
3875 |9.28474e-06 
3876 |9.27451e-06 
3877 |9.2715e-06 
3878 |9.31816e-06 
3879 |9.32473e-06 
3880 |9.35039e-06 
3881 |9.27551e-06 
3882 |9.27287e-06 
3883 |9.29615e-06 
3884 |9.2357e-06 
3885 |9.28793e-06 
3886 |9.29579e-06 
3887 |9.30537e-06 
3888 |9.31113e-06 
3889 |9.29624e-06 
3890 |8.28708e-06 
3891 |8.29922e-06 
3892 |8.31283e-06 
3893 |8.29055e-06 
3894 |8.29429e-06 
3895 |8.30497e-06 
3896 |8.33209e-06 
3897 |8.26763e-06 
3898 |8.29721e-06 
3899 |8.27639e-06 
3900 |8.32853e-06 
3901 |8.31283e-06 
3902 |8.29146e-06 
3903 |8.27849e-06 
3904 |8.28534e-06 
3905 |8.32077e-06 
3906 |8.28059e-06 
3907 |8.3636e-06 
3908 |8.28242e-06 
3909 |8.29721e-06 
3910 |8.32734e-06 
3911 |8.29648e-06 
3912 |8.33995e-06 
3913 |8.2595e-06 
3914 |1.18579e-05 
3915 |1.17541e-05 
3916 |1.17668e-05 
3917 |1.1757e-05 
3918 |1.19264e-05 
3919 |1.18638e-05 
3920 |1.18087e-05 
3921 |1.18313e-05 
3922 |1.18255e-05 
3923 |1.17824e-05 
3924 |1.18085e-05 
3925 |1.18359e-05 
3926 |1.1806e-05 
3927 |1.18049e-05 
3928 |1.18199e-05 
3929 |1.18015e-05 
3930 |1.18677e-05 
3931 |1.1825e-05 
3932 |1.17751e-05 
3933 |1.17414e-05 
3934 |1.17718e-05 
3935 |1.17909e-05 
3936 |1.17856e-05 
3937 |1.1821e-05 
3938 |1.13342e-05 
3939 |1.13081e-05 
3940 |1.1369e-05 
3941 |1.13452e-05 
3942 |1.13163e-05 
3943 |1.132e-05 
3944 |1.12997e-05 
3945 |1.13281e-05 
3946 |1.13074e-05 
3947 |1.13425e-05 
3948 |1.13285e-05 
3949 |1.13712e-05 
3950 |1.12703e-05 
3951 |1.14293e-05 
3952 |1.12809e-05 
3953 |1.13451e-05 
3954 |1.1257e-05 
3955 |1.13288e-05 
3956 |1.1368e-05 
3957 |1.13628e-05 
3958 |1.12552e-05 
3959 |1.13568e-05 
3960 |1.13767e-05 
3961 |1.14056e-05 
3962 |1.0171e-05 
3963 |1.0138e-05 
3964 |1.01775e-05 
3965 |1.01389e-05 
3966 |1.0135e-05 
3967 |1.0183e-05 
3968 |1.0145e-05 
3969 |1.01654e-05 
3970 |1.01967e-05 
3971 |1.01733e-05 
3972 |1.01419e-05 
3973 |1.01656e-05 
3974 |1.01615e-05 
3975 |1.01686e-05 
3976 |1.01664e-05 
3977 |1.00932e-05 
3978 |1.01674e-05 
3979 |1.01174e-05 
3980 |1.01359e-05 
3981 |1.01406e-05 
3982 |1.00963e-05 
3983 |1.01477e-05 
3984 |1.01953e-05 
3985 |1.01319e-05 
3986 |9.02916e-06 
3987 |9.04322e-06 
3988 |9.04404e-06 
3989 |9.08833e-06 
3990 |9.06806e-06 
3991 |9.08951e-06 
3992 |9.03674e-06 
3993 |9.03792e-06 
3994 |9.05911e-06 
3995 |9.02404e-06 
3996 |9.11517e-06 
3997 |9.02404e-06 
3998 |9.05874e-06 
3999 |9.05929e-06 
4000 |9.08321e-06 
4001 |9.07965e-06 
4002 |9.02989e-06 
4003 |9.02131e-06 
4004 |9.05911e-06 
4005 |9.06276e-06 
4006 |9.04642e-06 
4007 |9.04842e-06 
4008 |9.01647e-06 
4009 |9.01674e-06 
4010 |7.76578e-06 
4011 |7.793e-06 
4012 |7.73209e-06 
4013 |7.77199e-06 
4014 |7.80907e-06 
4015 |7.75227e-06 
4016 |7.8087e-06 
4017 |7.80569e-06 
4018 |7.83363e-06 
4019 |7.80496e-06 
4020 |7.78596e-06 
4021 |7.76432e-06 
4022 |7.76186e-06 
4023 |7.81217e-06 
4024 |7.76478e-06 
4025 |7.79208e-06 
4026 |7.83326e-06 
4027 |7.76807e-06 
4028 |7.80085e-06 
4029 |7.74195e-06 
4030 |7.79601e-06 
4031 |7.77227e-06 
4032 |7.75209e-06 
4033 |7.78861e-06 
4034 |1.72546e-05 
4035 |1.72669e-05 
4036 |1.727e-05 
4037 |1.72385e-05 
4038 |1.72775e-05 
4039 |1.7266e-05 
4040 |1.72696e-05 
4041 |1.72553e-05 
4042 |1.72544e-05 
4043 |1.72369e-05 
4044 |1.72398e-05 
4045 |1.72522e-05 
4046 |1.71479e-05 
4047 |1.72694e-05 
4048 |1.7242e-05 
4049 |1.728e-05 
4050 |1.72437e-05 
4051 |1.73368e-05 
4052 |1.72378e-05 
4053 |1.72844e-05 
4054 |1.72652e-05 
4055 |1.73089e-05 
4056 |1.72938e-05 
4057 |1.72753e-05 
4058 |1.66016e-05 
4059 |1.66501e-05 
4060 |1.6626e-05 
4061 |1.6661e-05 
4062 |1.6576e-05 
4063 |1.6674e-05 
4064 |1.66503e-05 
4065 |1.66085e-05 
4066 |1.66463e-05 
4067 |1.66085e-05 
4068 |1.65982e-05 
4069 |1.66557e-05 
4070 |1.65879e-05 
4071 |1.65976e-05 
4072 |1.66488e-05 
4073 |1.65983e-05 
4074 |1.66284e-05 
4075 |1.65993e-05 
4076 |1.66148e-05 
4077 |1.66541e-05 
4078 |1.66109e-05 
4079 |1.66877e-05 
4080 |1.66064e-05 
4081 |1.66203e-05 
4082 |1.43084e-05 
4083 |1.44148e-05 
4084 |1.44085e-05 
4085 |1.44064e-05 
4086 |1.44075e-05 
4087 |1.43577e-05 
4088 |1.43981e-05 
4089 |1.43892e-05 
4090 |1.43974e-05 
4091 |1.44e-05 
4092 |1.43949e-05 
4093 |1.44167e-05 
4094 |1.44004e-05 
4095 |1.45302e-05 
4096 |1.43813e-05 
4097 |1.43822e-05 
4098 |1.44012e-05 
4099 |1.44262e-05 
4100 |1.43602e-05 
4101 |1.43763e-05 
4102 |1.43789e-05 
4103 |1.44088e-05 
4104 |1.43555e-05 
4105 |1.44033e-05 
4106 |1.22912e-05 
4107 |1.22836e-05 
4108 |1.22938e-05 
4109 |1.22724e-05 
4110 |1.23191e-05 
4111 |1.22732e-05 
4112 |1.2312e-05 
4113 |1.22479e-05 
4114 |1.22599e-05 
4115 |1.22816e-05 
4116 |1.22753e-05 
4117 |1.23183e-05 
4118 |1.22789e-05 
4119 |1.22965e-05 
4120 |1.22901e-05 
4121 |1.22366e-05 
4122 |1.23327e-05 
4123 |1.22536e-05 
4124 |1.23211e-05 
4125 |1.23553e-05 
4126 |1.22893e-05 
4127 |1.23709e-05 
4128 |1.23101e-05 
4129 |1.22283e-05 
4130 |3.34115e-06 
4131 |3.34261e-06 
4132 |3.35667e-06 
4133 |3.35101e-06 
4134 |3.36187e-06 
4135 |3.34398e-06 
4136 |3.34617e-06 
4137 |3.34416e-06 
4138 |3.34179e-06 
4139 |3.32982e-06 
4140 |3.35996e-06 
4141 |3.36069e-06 
4142 |3.3395e-06 
4143 |3.32288e-06 
4144 |3.33932e-06 
4145 |3.36343e-06 
4146 |3.35274e-06 
4147 |3.34599e-06 
4148 |3.3458e-06 
4149 |3.33384e-06 
4150 |3.3479e-06 
4151 |3.36854e-06 
4152 |3.34288e-06 
4153 |3.3669e-06 
4154 |3.07817e-06 
4155 |3.03325e-06 
4156 |3.09004e-06 
4157 |3.04128e-06 
4158 |3.03763e-06 
4159 |3.05206e-06 
4160 |3.07415e-06 
4161 |3.05726e-06 
4162 |3.04895e-06 
4163 |3.05516e-06 
4164 |3.05827e-06 
4165 |3.08201e-06 
4166 |3.07415e-06 
4167 |3.06e-06 
4168 |3.08301e-06 
4169 |3.0558e-06 
4170 |3.07041e-06 
4171 |3.08338e-06 
4172 |3.07278e-06 
4173 |3.04941e-06 
4174 |3.08055e-06 
4175 |3.02859e-06 
4176 |3.07005e-06 
4177 |3.07205e-06 
4178 |2.91482e-06 
4179 |2.93664e-06 
4180 |2.90194e-06 
4181 |2.93956e-06 
4182 |2.90788e-06 
4183 |2.92733e-06 
4184 |2.89263e-06 
4185 |2.87756e-06 
4186 |2.91281e-06 
4187 |2.92422e-06 
4188 |2.92011e-06 
4189 |2.92413e-06 
4190 |2.9455e-06 
4191 |2.94732e-06 
4192 |2.89217e-06 
4193 |2.9139e-06 
4194 |2.94002e-06 
4195 |2.90386e-06 
4196 |2.94942e-06 
4197 |2.91737e-06 
4198 |2.92514e-06 
4199 |2.9118e-06 
4200 |2.92057e-06 
4201 |2.90496e-06 
4202 |2.32285e-06 
4203 |2.33089e-06 
4204 |2.34276e-06 
4205 |2.35444e-06 
4206 |2.34367e-06 
4207 |2.33235e-06 
4208 |2.336e-06 
4209 |2.31527e-06 
4210 |2.34851e-06 
4211 |2.34705e-06 
4212 |2.34833e-06 
4213 |2.31956e-06 
4214 |2.3307e-06 
4215 |2.34495e-06 
4216 |2.34403e-06 
4217 |2.33043e-06 
4218 |2.31299e-06 
4219 |2.33399e-06 
4220 |2.32997e-06 
4221 |2.35846e-06 
4222 |2.33189e-06 
4223 |2.32678e-06 
4224 |2.3433e-06 
4225 |2.30952e-06 
4226 |1.01562e-05 
4227 |1.01636e-05 
4228 |1.01641e-05 
4229 |1.02242e-05 
4230 |1.01768e-05 
4231 |1.01634e-05 
4232 |1.02009e-05 
4233 |1.02233e-05 
4234 |1.01939e-05 
4235 |1.02294e-05 
4236 |1.0198e-05 
4237 |1.02165e-05 
4238 |1.02088e-05 
4239 |1.01927e-05 
4240 |1.01414e-05 
4241 |1.01159e-05 
4242 |1.01489e-05 
4243 |1.01789e-05 
4244 |1.01863e-05 
4245 |1.01688e-05 
4246 |1.01678e-05 
4247 |1.0174e-05 
4248 |1.01712e-05 
4249 |1.02033e-05 
4250 |1.01087e-05 
4251 |1.01353e-05 
4252 |1.01503e-05 
4253 |1.01495e-05 
4254 |1.01304e-05 
4255 |1.01505e-05 
4256 |1.00896e-05 
4257 |1.01599e-05 
4258 |1.01373e-05 
4259 |1.01213e-05 
4260 |1.01039e-05 
4261 |1.01363e-05 
4262 |1.01151e-05 
4263 |1.01285e-05 
4264 |1.01152e-05 
4265 |1.01553e-05 
4266 |1.01433e-05 
4267 |1.01584e-05 
4268 |1.0184e-05 
4269 |1.01709e-05 
4270 |1.01627e-05 
4271 |1.01405e-05 
4272 |1.01445e-05 
4273 |1.0159e-05 
4274 |1.1073e-05 
4275 |1.11066e-05 
4276 |1.10951e-05 
4277 |1.11519e-05 
4278 |1.10524e-05 
4279 |1.1096e-05 
4280 |1.10984e-05 
4281 |1.11734e-05 
4282 |1.11469e-05 
4283 |1.10501e-05 
4284 |1.11658e-05 
4285 |1.11118e-05 
4286 |1.10767e-05 
4287 |1.11616e-05 
4288 |1.10951e-05 
4289 |1.11019e-05 
4290 |1.10517e-05 
4291 |1.1074e-05 
4292 |1.10422e-05 
4293 |1.10215e-05 
4294 |1.11051e-05 
4295 |1.10673e-05 
4296 |1.09775e-05 
4297 |1.10285e-05 
4298 |1.13279e-05 
4299 |1.13468e-05 
4300 |1.13578e-05 
4301 |1.13533e-05 
4302 |1.13376e-05 
4303 |1.13162e-05 
4304 |1.12836e-05 
4305 |1.1244e-05 
4306 |1.13397e-05 
4307 |1.13285e-05 
4308 |1.12868e-05 
4309 |1.12906e-05 
4310 |1.1385e-05 
4311 |1.13457e-05 
4312 |1.12725e-05 
4313 |1.13303e-05 
4314 |1.13609e-05 
4315 |1.13208e-05 
4316 |1.13421e-05 
4317 |1.13544e-05 
4318 |1.13566e-05 
4319 |1.12799e-05 
4320 |1.12749e-05 
4321 |1.13424e-05 
4322 |9.758e-06 
4323 |9.74038e-06 
4324 |9.70687e-06 
4325 |9.76667e-06 
4326 |9.73563e-06 
4327 |9.73271e-06 
4328 |9.73755e-06 
4329 |9.79516e-06 
4330 |9.74622e-06 
4331 |9.75818e-06 
4332 |9.75827e-06 
4333 |9.7401e-06 
4334 |9.74193e-06 
4335 |9.73033e-06 
4336 |9.75928e-06 
4337 |9.78119e-06 
4338 |9.73325e-06 
4339 |9.73855e-06 
4340 |9.81169e-06 
4341 |9.75581e-06 
4342 |9.75124e-06 
4343 |9.75435e-06 
4344 |9.78868e-06 
4345 |9.73572e-06 
4346 |5.82717e-06 
4347 |5.8111e-06 
4348 |5.85283e-06 
4349 |5.82416e-06 
4350 |5.83575e-06 
4351 |5.87639e-06 
4352 |5.84361e-06 
4353 |5.80105e-06 
4354 |5.81073e-06 
4355 |5.84424e-06 
4356 |5.88442e-06 
4357 |5.89118e-06 
4358 |5.86305e-06 
4359 |5.82078e-06 
4360 |5.79603e-06 
4361 |5.83091e-06 
4362 |5.85201e-06 
4363 |5.80735e-06 
4364 |5.80735e-06 
4365 |5.85146e-06 
4366 |5.8626e-06 
4367 |5.82361e-06 
4368 |5.85301e-06 
4369 |5.85401e-06 
4370 |9.72915e-06 
4371 |9.76905e-06 
4372 |9.6687e-06 
4373 |9.70285e-06 
4374 |9.69344e-06 
4375 |9.72157e-06 
4376 |9.72403e-06 
4377 |9.74175e-06 
4378 |9.66075e-06 
4379 |9.74019e-06 
4380 |9.69764e-06 
4381 |9.72038e-06 
4382 |9.77864e-06 
4383 |9.70614e-06 
4384 |9.68495e-06 
4385 |9.73663e-06 
4386 |9.72878e-06 
4387 |9.69983e-06 
4388 |9.67518e-06 
4389 |9.67171e-06 
4390 |9.71198e-06 
4391 |9.70486e-06 
4392 |9.7023e-06 
4393 |9.63245e-06 
4394 |9.74668e-06 
4395 |9.72285e-06 
4396 |9.74677e-06 
4397 |9.68084e-06 
4398 |9.67162e-06 
4399 |9.6676e-06 
4400 |9.69299e-06 
4401 |9.71609e-06 
4402 |9.75197e-06 
4403 |9.77553e-06 
4404 |9.71947e-06 
4405 |9.70504e-06 
4406 |9.72248e-06 
4407 |9.68924e-06 
4408 |9.72841e-06 
4409 |9.66806e-06 
4410 |9.77188e-06 
4411 |9.70157e-06 
4412 |9.69299e-06 
4413 |9.70057e-06 
4414 |9.72029e-06 
4415 |9.63163e-06 
4416 |9.71517e-06 
4417 |9.67993e-06 
4418 |1.05824e-05 
4419 |1.05855e-05 
4420 |1.05705e-05 
4421 |1.06127e-05 
4422 |1.06315e-05 
4423 |1.06022e-05 
4424 |1.06486e-05 
4425 |1.05744e-05 
4426 |1.05516e-05 
4427 |1.0609e-05 
4428 |1.0628e-05 
4429 |1.05916e-05 
4430 |1.05819e-05 
4431 |1.06332e-05 
4432 |1.06132e-05 
4433 |1.05831e-05 
4434 |1.06339e-05 
4435 |1.05761e-05 
4436 |1.05851e-05 
4437 |1.06246e-05 
4438 |1.0635e-05 
4439 |1.06239e-05 
4440 |1.0591e-05 
4441 |1.06219e-05 
4442 |1.07803e-05 
4443 |1.07873e-05 
4444 |1.07704e-05 
4445 |1.07092e-05 
4446 |1.07146e-05 
4447 |1.07607e-05 
4448 |1.07223e-05 
4449 |1.07867e-05 
4450 |1.08065e-05 
4451 |1.07177e-05 
4452 |1.07562e-05 
4453 |1.07611e-05 
4454 |1.07034e-05 
4455 |1.07467e-05 
4456 |1.07973e-05 
4457 |1.07144e-05 
4458 |1.07396e-05 
4459 |1.07907e-05 
4460 |1.07669e-05 
4461 |1.06811e-05 
4462 |1.07021e-05 
4463 |1.07671e-05 
4464 |1.07576e-05 
4465 |1.06952e-05 
4466 |9.35906e-06 
4467 |9.45065e-06 
4468 |9.35906e-06 
4469 |9.38837e-06 
4470 |9.3745e-06 
4471 |9.48991e-06 
4472 |9.38353e-06 
4473 |9.41997e-06 
4474 |9.38783e-06 
4475 |9.36938e-06 
4476 |9.49831e-06 
4477 |9.45028e-06 
4478 |9.37422e-06 
4479 |9.36025e-06 
4480 |9.44015e-06 
4481 |9.42481e-06 
4482 |9.40189e-06 
4483 |9.39057e-06 
4484 |9.39376e-06 
4485 |9.40938e-06 
4486 |9.39623e-06 
4487 |9.42618e-06 
4488 |9.38938e-06 
4489 |9.40938e-06 
4490 |7.00772e-06 
4491 |6.96709e-06 
4492 |6.94591e-06 
4493 |6.96974e-06 
4494 |6.97677e-06 
4495 |6.9481e-06 
4496 |6.94426e-06 
4497 |6.96143e-06 
4498 |6.99056e-06 
4499 |6.97969e-06 
4500 |6.98709e-06 
4501 |7.028e-06 
4502 |6.99631e-06 
4503 |6.95102e-06 
4504 |7.0122e-06 
4505 |6.94719e-06 
4506 |6.98882e-06 
4507 |6.97951e-06 
4508 |6.99768e-06 
4509 |6.96837e-06 
4510 |6.95805e-06 
4511 |6.97321e-06 
4512 |6.98207e-06 
4513 |6.98188e-06 
4514 |9.5174e-06 
4515 |9.47959e-06 
4516 |9.49493e-06 
4517 |9.4837e-06 
4518 |9.51466e-06 
4519 |9.54059e-06 
4520 |9.54278e-06 
4521 |9.45448e-06 
4522 |9.47156e-06 
4523 |9.45174e-06 
4524 |9.5058e-06 
4525 |9.53475e-06 
4526 |9.53173e-06 
4527 |9.53365e-06 
4528 |9.46918e-06 
4529 |9.54844e-06 
4530 |9.51986e-06 
4531 |9.46964e-06 
4532 |9.53045e-06 
4533 |9.48827e-06 
4534 |9.48215e-06 
4535 |9.50635e-06 
4536 |9.42682e-06 
4537 |9.53054e-06 
4538 |9.50169e-06 
4539 |9.51338e-06 
4540 |9.50279e-06 
4541 |9.50735e-06 
4542 |9.50123e-06 
4543 |9.48818e-06 
4544 |9.5142e-06 
4545 |9.52991e-06 
4546 |9.50133e-06 
4547 |9.51384e-06 
4548 |9.52726e-06 
4549 |9.49046e-06 
4550 |9.50863e-06 
4551 |9.53274e-06 
4552 |9.49046e-06 
4553 |9.55922e-06 
4554 |9.55757e-06 
4555 |9.51794e-06 
4556 |9.57218e-06 
4557 |9.56561e-06 
4558 |9.51411e-06 
4559 |9.50516e-06 
4560 |9.47576e-06 
4561 |9.5688e-06 
4562 |1.03469e-05 
4563 |1.03336e-05 
4564 |1.03447e-05 
4565 |1.0286e-05 
4566 |1.03228e-05 
4567 |1.0416e-05 
4568 |1.03617e-05 
4569 |1.0367e-05 
4570 |1.03629e-05 
4571 |1.03245e-05 
4572 |1.04053e-05 
4573 |1.03476e-05 
4574 |1.03533e-05 
4575 |1.03327e-05 
4576 |1.03008e-05 
4577 |1.03766e-05 
4578 |1.03739e-05 
4579 |1.03639e-05 
4580 |1.03754e-05 
4581 |1.03598e-05 
4582 |1.03983e-05 
4583 |1.03275e-05 
4584 |1.03286e-05 
4585 |1.03784e-05 
4586 |1.03235e-05 
4587 |1.03016e-05 
4588 |1.03352e-05 
4589 |1.0299e-05 
4590 |1.03008e-05 
4591 |1.02879e-05 
4592 |1.03106e-05 
4593 |1.03299e-05 
4594 |1.03106e-05 
4595 |1.03265e-05 
4596 |1.03724e-05 
4597 |1.02997e-05 
4598 |1.02898e-05 
4599 |1.03569e-05 
4600 |1.03144e-05 
4601 |1.03516e-05 
4602 |1.03295e-05 
4603 |1.03178e-05 
4604 |1.03116e-05 
4605 |1.03563e-05 
4606 |1.03053e-05 
4607 |1.03061e-05 
4608 |1.03224e-05 
4609 |1.03648e-05 
4610 |8.72153e-06 
4611 |8.725e-06 
4612 |8.71706e-06 
4613 |8.72245e-06 
4614 |8.78088e-06 
4615 |8.7376e-06 
4616 |8.69971e-06 
4617 |8.72546e-06 
4618 |8.69606e-06 
4619 |8.68382e-06 
4620 |8.70619e-06 
4621 |8.74701e-06 
4622 |8.7502e-06 
4623 |8.71067e-06 
4624 |8.72172e-06 
4625 |8.73861e-06 
4626 |8.69195e-06 
4627 |8.72637e-06 
4628 |8.72546e-06 
4629 |8.71331e-06 
4630 |8.73085e-06 
4631 |8.71185e-06 
4632 |8.68063e-06 
4633 |8.7334e-06 
4634 |6.41265e-06 
4635 |6.38645e-06 
4636 |6.41165e-06 
4637 |6.46388e-06 
4638 |6.47027e-06 
4639 |6.43402e-06 
4640 |6.37028e-06 
4641 |6.45046e-06 
4642 |6.45155e-06 
4643 |6.38416e-06 
4644 |6.47913e-06 
4645 |6.45676e-06 
4646 |6.4699e-06 
4647 |6.4164e-06 
4648 |6.43612e-06 
4649 |6.47566e-06 
4650 |6.43393e-06 
4651 |6.43338e-06 
4652 |6.46689e-06 
4653 |6.43137e-06 
4654 |6.41347e-06 
4655 |6.45557e-06 
4656 |6.43365e-06 
4657 |6.42516e-06 
4658 |8.05971e-06 
4659 |8.00264e-06 
4660 |8.04921e-06 
4661 |7.99771e-06 
4662 |7.99406e-06 
4663 |7.97242e-06 
4664 |8.05323e-06 
4665 |7.98329e-06 
4666 |8.02949e-06 
4667 |7.98575e-06 
4668 |8.04282e-06 
4669 |8.01223e-06 
4670 |7.97397e-06 
4671 |8.00575e-06 
4672 |8.01315e-06 
4673 |8.04218e-06 
4674 |8.06117e-06 
4675 |8.02346e-06 
4676 |8.07515e-06 
4677 |7.99945e-06 
4678 |7.97306e-06 
4679 |7.99771e-06 
4680 |8.05067e-06 
4681 |8.01853e-06 
4682 |8.03835e-06 
4683 |8.06611e-06 
4684 |8.03387e-06 
4685 |8.04766e-06 
4686 |8.04346e-06 
4687 |8.07204e-06 
4688 |8.05086e-06 
4689 |8.0399e-06 
4690 |8.04666e-06 
4691 |8.02502e-06 
4692 |8.04154e-06 
4693 |8.02282e-06 
4694 |8.02118e-06 
4695 |8.03762e-06 
4696 |7.9978e-06 
4697 |8.07122e-06 
4698 |8e-06 
4699 |8.0945e-06 
4700 |8.01707e-06 
4701 |8.04839e-06 
4702 |8.02237e-06 
4703 |8.02712e-06 
4704 |8.05962e-06 
4705 |8.02903e-06 
4706 |8.67624e-06 
4707 |8.59379e-06 
4708 |8.63223e-06 
4709 |8.64072e-06 
4710 |8.63981e-06 
4711 |8.62712e-06 
4712 |8.63725e-06 
4713 |8.65013e-06 
4714 |8.64118e-06 
4715 |8.62776e-06 
4716 |8.65661e-06 
4717 |8.66373e-06 
4718 |8.59434e-06 
4719 |8.66172e-06 
4720 |8.64867e-06 
4721 |8.58594e-06 
4722 |8.64419e-06 
4723 |8.61004e-06 
4724 |8.59918e-06 
4725 |8.6336e-06 
4726 |8.69396e-06 
4727 |8.67396e-06 
4728 |8.68793e-06 
4729 |8.64273e-06 
4730 |8.43947e-06 
4731 |8.47089e-06 
4732 |8.39701e-06 
4733 |8.41089e-06 
4734 |8.42194e-06 
4735 |8.34497e-06 
4736 |8.36414e-06 
4737 |8.40432e-06 
4738 |8.40624e-06 
4739 |8.43336e-06 
4740 |8.45271e-06 
4741 |8.37866e-06 
4742 |8.39848e-06 
4743 |8.46504e-06 
4744 |8.39975e-06 
4745 |8.4203e-06 
4746 |8.3961e-06 
4747 |8.39966e-06 
4748 |8.44778e-06 
4749 |8.45244e-06 
4750 |8.46997e-06 
4751 |8.41939e-06 
4752 |8.47317e-06 
4753 |8.45153e-06 
4754 |6.87624e-06 
4755 |6.91395e-06 
4756 |6.93678e-06 
4757 |6.93285e-06 
4758 |6.90673e-06 
4759 |6.8903e-06 
4760 |6.92134e-06 
4761 |6.89596e-06 
4762 |6.9397e-06 
4763 |6.95476e-06 
4764 |6.89413e-06 
4765 |6.90701e-06 
4766 |6.91568e-06 
4767 |6.89413e-06 
4768 |6.8777e-06 
4769 |6.88199e-06 
4770 |6.89998e-06 
4771 |6.89651e-06 
4772 |6.93331e-06 
4773 |6.90728e-06 
4774 |6.9187e-06 
4775 |6.91477e-06 
4776 |6.94554e-06 
4777 |6.89888e-06 
4778 |1.32728e-05 
4779 |1.32454e-05 
4780 |1.325e-05 
4781 |1.32956e-05 
4782 |1.32445e-05 
4783 |1.32318e-05 
4784 |1.33128e-05 
4785 |1.33414e-05 
4786 |1.32948e-05 
4787 |1.32715e-05 
4788 |1.32773e-05 
4789 |1.32271e-05 
4790 |1.33349e-05 
4791 |1.3275e-05 
4792 |1.331e-05 
4793 |1.32903e-05 
4794 |1.33162e-05 
4795 |1.32113e-05 
4796 |1.33191e-05 
4797 |1.32094e-05 
4798 |1.32468e-05 
4799 |1.32916e-05 
4800 |1.33158e-05 
4801 |1.32817e-05 
4802 |1.33818e-05 
4803 |1.34132e-05 
4804 |1.33895e-05 
4805 |1.33688e-05 
4806 |1.32841e-05 
4807 |1.33826e-05 
4808 |1.33815e-05 
4809 |1.33148e-05 
4810 |1.34026e-05 
4811 |1.3317e-05 
4812 |1.32992e-05 
4813 |1.33748e-05 
4814 |1.33551e-05 
4815 |1.32847e-05 
4816 |1.33712e-05 
4817 |1.33702e-05 
4818 |1.3334e-05 
4819 |1.33322e-05 
4820 |1.33449e-05 
4821 |1.33494e-05 
4822 |1.33535e-05 
4823 |1.33449e-05 
4824 |1.33541e-05 
4825 |1.33256e-05 
4826 |1.40332e-05 
4827 |1.41273e-05 
4828 |1.40281e-05 
4829 |1.4048e-05 
4830 |1.41302e-05 
4831 |1.40574e-05 
4832 |1.41113e-05 
4833 |1.40517e-05 
4834 |1.40825e-05 
4835 |1.40911e-05 
4836 |1.40142e-05 
4837 |1.4063e-05 
4838 |1.41237e-05 
4839 |1.40746e-05 
4840 |1.4088e-05 
4841 |1.40757e-05 
4842 |1.40145e-05 
4843 |1.40599e-05 
4844 |1.41155e-05 
4845 |1.41005e-05 
4846 |1.40386e-05 
4847 |1.41733e-05 
4848 |1.41381e-05 
4849 |1.41011e-05 
4850 |1.31993e-05 
4851 |1.31701e-05 
4852 |1.32224e-05 
4853 |1.32426e-05 
4854 |1.31601e-05 
4855 |1.32087e-05 
4856 |1.32186e-05 
4857 |1.3232e-05 
4858 |1.32378e-05 
4859 |1.32454e-05 
4860 |1.32712e-05 
4861 |1.31691e-05 
4862 |1.32567e-05 
4863 |1.3242e-05 
4864 |1.32595e-05 
4865 |1.32503e-05 
4866 |1.32092e-05 
4867 |1.32074e-05 
4868 |1.31878e-05 
4869 |1.3193e-05 
4870 |1.32714e-05 
4871 |1.31849e-05 
4872 |1.32663e-05 
4873 |1.3217e-05 
4874 |1.05303e-05 
4875 |1.05293e-05 
4876 |1.05675e-05 
4877 |1.05055e-05 
4878 |1.05466e-05 
4879 |1.05391e-05 
4880 |1.05781e-05 
4881 |1.0545e-05 
4882 |1.05089e-05 
4883 |1.05946e-05 
4884 |1.05237e-05 
4885 |1.04997e-05 
4886 |1.05019e-05 
4887 |1.05617e-05 
4888 |1.04958e-05 
4889 |1.05207e-05 
4890 |1.05005e-05 
4891 |1.05843e-05 
4892 |1.04969e-05 
4893 |1.05132e-05 
4894 |1.05573e-05 
4895 |1.05187e-05 
4896 |1.05061e-05 
4897 |1.05288e-05 
4898 |4.22759e-06 
4899 |4.30109e-06 
4900 |4.29626e-06 
4901 |4.21581e-06 
4902 |4.26786e-06 
4903 |4.26421e-06 
4904 |4.2653e-06 
4905 |4.26402e-06 
4906 |4.26174e-06 
4907 |4.27005e-06 
4908 |4.25416e-06 
4909 |4.22375e-06 
4910 |4.27927e-06 
4911 |4.27361e-06 
4912 |4.25544e-06 
4913 |4.22567e-06 
4914 |4.27334e-06 
4915 |4.26932e-06 
4916 |4.25215e-06 
4917 |4.22156e-06 
4918 |4.26019e-06 
4919 |4.26357e-06 
4920 |4.30246e-06 
4921 |4.28365e-06 
4922 |3.53646e-06 
4923 |3.50185e-06 
4924 |3.52998e-06 
4925 |3.51098e-06 
4926 |3.50742e-06 
4927 |3.49427e-06 
4928 |3.51098e-06 
4929 |3.49957e-06 
4930 |3.5224e-06 
4931 |3.49738e-06 
4932 |3.5003e-06 
4933 |3.52705e-06 
4934 |3.50414e-06 
4935 |3.51783e-06 
4936 |3.52313e-06 
4937 |3.51007e-06 
4938 |3.5465e-06 
4939 |3.49099e-06 
4940 |3.52623e-06 
4941 |3.50039e-06 
4942 |3.50578e-06 
4943 |3.53883e-06 
4944 |3.54029e-06 
4945 |3.53463e-06 
4946 |2.62828e-06 
4947 |2.6166e-06 
4948 |2.65239e-06 
4949 |2.62637e-06 
4950 |2.64299e-06 
4951 |2.59176e-06 
4952 |2.64189e-06 
4953 |2.65166e-06 
4954 |2.60354e-06 
4955 |2.63641e-06 
4956 |2.64271e-06 
4957 |2.63322e-06 
4958 |2.62472e-06 
4959 |2.63413e-06 
4960 |2.64162e-06 
4961 |2.64162e-06 
4962 |2.63112e-06 
4963 |2.64956e-06 
4964 |2.6407e-06 
4965 |2.65851e-06 
4966 |2.64244e-06 
4967 |2.63659e-06 
4968 |2.60957e-06 
4969 |2.63385e-06 
4970 |6.10064e-06 
4971 |6.07225e-06 
4972 |6.06859e-06 
4973 |6.00568e-06 
4974 |6.06467e-06 
4975 |6.01381e-06 
4976 |6.09717e-06 
4977 |6.02312e-06 
4978 |6.07298e-06 
4979 |6.04732e-06 
4980 |6.03207e-06 
4981 |6.04038e-06 
4982 |6.07133e-06 
4983 |6.10028e-06 
4984 |6.05828e-06 
4985 |6.08393e-06 
4986 |6.077e-06 
4987 |6.05143e-06 
4988 |6.10074e-06 
4989 |6.05855e-06 
4990 |6.07161e-06 
4991 |6.04568e-06 
4992 |6.07581e-06 
4993 |6.05554e-06 
4994 |5.28451e-06 
4995 |5.3067e-06 
4996 |5.3067e-06 
4997 |5.26744e-06 
4998 |5.3267e-06 
4999 |5.26534e-06 
5000 |5.2993e-06 
5001 |5.30496e-06 
5002 |5.31647e-06 
5003 |5.26817e-06 
5004 |5.32204e-06 
5005 |5.28981e-06 
5006 |5.32359e-06 
5007 |5.30606e-06 
5008 |5.27383e-06 
5009 |5.29182e-06 
5010 |5.31492e-06 
5011 |5.28287e-06 
5012 |5.3046e-06 
5013 |5.28908e-06 
5014 |5.30642e-06 
5015 |5.28625e-06 
5016 |5.31583e-06 
5017 |5.25018e-06 
5018 |4.29772e-06 
5019 |4.31013e-06 
5020 |4.36602e-06 
5021 |4.32922e-06 
5022 |4.30666e-06 
5023 |4.32219e-06 
5024 |4.36446e-06 
5025 |4.2653e-06 
5026 |4.3347e-06 
5027 |4.34985e-06 
5028 |4.35004e-06 
5029 |4.3105e-06 
5030 |4.32694e-06 
5031 |4.29708e-06 
5032 |4.34036e-06 
5033 |4.3115e-06 
5034 |4.35497e-06 
5035 |4.3452e-06 
5036 |4.27379e-06 
5037 |4.3252e-06 
5038 |4.33388e-06 
5039 |4.33296e-06 
5040 |4.31406e-06 
5041 |4.30475e-06 
5042 |3.54084e-06 
5043 |3.51738e-06 
5044 |3.50021e-06 
5045 |3.51701e-06 
5046 |3.50669e-06 
5047 |3.50806e-06 
5048 |3.50779e-06 
5049 |3.49117e-06 
5050 |3.53692e-06 
5051 |3.51902e-06 
5052 |3.5129e-06 
5053 |3.52879e-06 
5054 |3.52395e-06 
5055 |3.50989e-06 
5056 |3.51345e-06 
5057 |3.51381e-06 
5058 |3.50706e-06 
5059 |3.50532e-06 
5060 |3.49674e-06 
5061 |3.49354e-06 
5062 |3.50943e-06 
5063 |3.50943e-06 
5064 |3.52322e-06 
5065 |3.51162e-06 
5066 |8.4276e-06 
5067 |8.38889e-06 
5068 |8.49554e-06 
5069 |8.40076e-06 
5070 |8.435e-06 
5071 |8.47207e-06 
5072 |8.42578e-06 
5073 |8.43253e-06 
5074 |8.42861e-06 
5075 |8.46714e-06 
5076 |8.4655e-06 
5077 |8.39418e-06 
5078 |8.43034e-06 
5079 |8.44276e-06 
5080 |8.42888e-06 
5081 |8.42112e-06 
5082 |8.43354e-06 
5083 |8.47709e-06 
5084 |8.45618e-06 
5085 |8.45089e-06 
5086 |8.46879e-06 
5087 |8.41482e-06 
5088 |8.40898e-06 
5089 |8.4466e-06 
5090 |7.90933e-06 
5091 |7.91079e-06 
5092 |7.89545e-06 
5093 |7.92028e-06 
5094 |7.97269e-06 
5095 |7.94147e-06 
5096 |7.86705e-06 
5097 |7.90321e-06 
5098 |7.90312e-06 
5099 |7.95799e-06 
5100 |7.89106e-06 
5101 |7.91453e-06 
5102 |7.91179e-06 
5103 |7.91508e-06 
5104 |7.88677e-06 
5105 |7.84632e-06 
5106 |7.88887e-06 
5107 |7.86495e-06 
5108 |7.87435e-06 
5109 |7.91681e-06 
5110 |7.82815e-06 
5111 |7.91489e-06 
5112 |7.92019e-06 
5113 |7.90211e-06 
5114 |6.69462e-06 
5115 |6.72749e-06 
5116 |6.72311e-06 
5117 |6.68257e-06 
5118 |6.73635e-06 
5119 |6.72548e-06 
5120 |6.75479e-06 
5121 |6.70056e-06 
5122 |6.72448e-06 
5123 |6.7222e-06 
5124 |6.71571e-06 
5125 |6.65828e-06 
5126 |6.73242e-06 
5127 |6.72247e-06 
5128 |6.72585e-06 
5129 |6.75105e-06 
5130 |6.72557e-06 
5131 |6.70439e-06 
5132 |6.74667e-06 
5133 |6.77132e-06 
5134 |6.7127e-06 
5135 |6.71717e-06 
5136 |6.69745e-06 
5137 |6.76931e-06 
5138 |5.64875e-06 
5139 |5.63761e-06 
5140 |5.67185e-06 
5141 |5.60738e-06 
5142 |5.68016e-06 
5143 |5.65414e-06 
5144 |5.68838e-06 
5145 |5.71504e-06 
5146 |5.69952e-06 
5147 |5.68445e-06 
5148 |5.67797e-06 
5149 |5.63816e-06 
5150 |5.63204e-06 
5151 |5.65998e-06 
5152 |5.66509e-06 
5153 |5.67879e-06 
5154 |5.7081e-06 
5155 |5.67377e-06 
5156 |5.65331e-06 
5157 |5.64838e-06 
5158 |5.64026e-06 
5159 |5.71139e-06 
5160 |5.71194e-06 
5161 |5.6997e-06 
5162 |4.06853e-06 
5163 |4.08131e-06 
5164 |4.10249e-06 
5165 |4.09948e-06 
5166 |4.09875e-06 
5167 |4.10459e-06 
5168 |4.07282e-06 
5169 |4.10268e-06 
5170 |4.0541e-06 
5171 |4.10642e-06 
5172 |4.0814e-06 
5173 |4.07802e-06 
5174 |4.09355e-06 
5175 |4.10624e-06 
5176 |4.0678e-06 
5177 |4.08277e-06 
5178 |4.10989e-06 
5179 |4.08734e-06 
5180 |4.07063e-06 
5181 |4.07364e-06 
5182 |4.11135e-06 
5183 |4.08067e-06 
5184 |4.1129e-06 
5185 |4.10423e-06 
5186 |5.89282e-06 
5187 |5.89666e-06 
5188 |5.89793e-06 
5189 |5.91875e-06 
5190 |5.86945e-06 
5191 |5.8773e-06 
5192 |5.88926e-06 
5193 |5.92067e-06 
5194 |5.87091e-06 
5195 |5.91848e-06 
5196 |5.92076e-06 
5197 |5.91738e-06 
5198 |5.87219e-06 
5199 |5.90606e-06 
5200 |5.85009e-06 
5201 |5.89748e-06 
5202 |5.90953e-06 
5203 |5.89227e-06 
5204 |5.89775e-06 
5205 |5.89319e-06 
5206 |5.88387e-06 
5207 |5.90433e-06 
5208 |5.89985e-06 
5209 |5.85703e-06 
5210 |5.7533e-06 
5211 |5.77394e-06 
5212 |5.7438e-06 
5213 |5.73202e-06 
5214 |5.78051e-06 
5215 |5.75604e-06 
5216 |5.74809e-06 
5217 |5.73266e-06 
5218 |5.75229e-06 
5219 |5.77193e-06 
5220 |5.71824e-06 
5221 |5.74426e-06 
5222 |5.76106e-06 
5223 |5.76946e-06 
5224 |5.79183e-06 
5225 |5.75558e-06 
5226 |5.8142e-06 
5227 |5.76316e-06 
5228 |5.74581e-06 
5229 |5.76225e-06 
5230 |5.73275e-06 
5231 |5.7186e-06 
5232 |5.75768e-06 
5233 |5.78891e-06 
5234 |5.19165e-06 
5235 |5.20041e-06 
5236 |5.17046e-06 
5237 |5.21667e-06 
5238 |5.15859e-06 
5239 |5.18014e-06 
5240 |5.18115e-06 
5241 |5.19146e-06 
5242 |5.19612e-06 
5243 |5.23438e-06 
5244 |5.17101e-06 
5245 |5.20242e-06 
5246 |5.17046e-06 
5247 |5.17421e-06 
5248 |5.20361e-06 
5249 |5.22927e-06 
5250 |5.17439e-06 
5251 |5.17832e-06 
5252 |5.18051e-06 
5253 |5.20516e-06 
5254 |5.20991e-06 
5255 |5.18708e-06 
5256 |5.18936e-06 
5257 |5.18005e-06 
5258 |4.4912e-06 
5259 |4.44692e-06 
5260 |4.50326e-06 
5261 |4.49997e-06 
5262 |4.48353e-06 
5263 |4.47678e-06 
5264 |4.46418e-06 
5265 |4.48993e-06 
5266 |4.48372e-06 
5267 |4.4975e-06 
5268 |4.49157e-06 
5269 |4.54371e-06 
5270 |4.50335e-06 
5271 |4.48609e-06 
5272 |4.49212e-06 
5273 |4.47532e-06 
5274 |4.46828e-06 
5275 |4.49321e-06 
5276 |4.49321e-06 
5277 |4.47568e-06 
5278 |4.49833e-06 
5279 |4.48016e-06 
5280 |4.48472e-06 
5281 |4.48226e-06 
5282 |3.32115e-06 
5283 |3.34096e-06 
5284 |3.29494e-06 
5285 |3.29047e-06 
5286 |3.30207e-06 
5287 |3.31923e-06 
5288 |3.31065e-06 
5289 |3.32005e-06 
5290 |3.35146e-06 
5291 |3.3437e-06 
5292 |3.3112e-06 
5293 |3.27896e-06 
5294 |3.29549e-06 
5295 |3.28919e-06 
5296 |3.3164e-06 
5297 |3.31649e-06 
5298 |3.31923e-06 
5299 |3.31868e-06 
5300 |3.29111e-06 
5301 |3.31165e-06 
5302 |3.31704e-06 
5303 |3.31567e-06 
5304 |3.32508e-06 
5305 |3.30636e-06 
5306 |6.55683e-06 
5307 |6.58039e-06 
5308 |6.52213e-06 
5309 |6.56788e-06 
5310 |6.5939e-06 
5311 |6.53108e-06 
5312 |6.57062e-06 
5313 |6.53702e-06 
5314 |6.53136e-06 
5315 |6.55099e-06 
5316 |6.54304e-06 
5317 |6.57966e-06 
5318 |6.57007e-06 
5319 |6.5855e-06 
5320 |6.5361e-06 
5321 |6.56724e-06 
5322 |6.56943e-06 
5323 |6.55902e-06 
5324 |6.59564e-06 
5325 |6.58213e-06 
5326 |6.57071e-06 
5327 |6.52661e-06 
5328 |6.52213e-06 
5329 |6.53419e-06 
5330 |6.43165e-06 
5331 |6.39083e-06 
5332 |6.39503e-06 
5333 |6.42617e-06 
5334 |6.44863e-06 
5335 |6.45183e-06 
5336 |6.44653e-06 
5337 |6.44543e-06 
5338 |6.4479e-06 
5339 |6.4416e-06 
5340 |6.41777e-06 
5341 |6.43539e-06 
5342 |6.39786e-06 
5343 |6.40635e-06 
5344 |6.41767e-06 
5345 |6.43676e-06 
5346 |6.43219e-06 
5347 |6.4784e-06 
5348 |6.39156e-06 
5349 |6.41037e-06 
5350 |6.43375e-06 
5351 |6.42334e-06 
5352 |6.43995e-06 
5353 |6.47995e-06 
5354 |5.96432e-06 
5355 |5.97655e-06 
5356 |5.9729e-06 
5357 |5.93994e-06 
5358 |5.94642e-06 
5359 |5.9782e-06 
5360 |5.9655e-06 
5361 |5.93647e-06 
5362 |5.97135e-06 
5363 |5.98194e-06 
5364 |5.91181e-06 
5365 |5.9614e-06 
5366 |5.97317e-06 
5367 |5.97317e-06 
5368 |5.95199e-06 
5369 |5.96624e-06 
5370 |5.95363e-06 
5371 |5.99838e-06 
5372 |5.9708e-06 
5373 |5.98614e-06 
5374 |5.92049e-06 
5375 |5.97993e-06 
5376 |5.93665e-06 
5377 |5.99728e-06 
5378 |5.33126e-06 
5379 |5.29894e-06 
5380 |5.31665e-06 
5381 |5.31702e-06 
5382 |5.33418e-06 
5383 |5.3277e-06 
5384 |5.292e-06 
5385 |5.33647e-06 
5386 |5.27812e-06 
5387 |5.37582e-06 
5388 |5.35655e-06 
5389 |5.3739e-06 
5390 |5.34715e-06 
5391 |5.28707e-06 
5392 |5.31017e-06 
5393 |5.33701e-06 
5394 |5.37427e-06 
5395 |5.28542e-06 
5396 |5.28743e-06 
5397 |5.32186e-06 
5398 |5.29099e-06 
5399 |5.34925e-06 
5400 |5.31355e-06 
5401 |5.35473e-06 
5402 |3.92937e-06 
5403 |3.95119e-06 
5404 |3.95777e-06 
5405 |3.92827e-06 
5406 |3.92754e-06 
5407 |3.92955e-06 
5408 |3.91266e-06 
5409 |3.9459e-06 
5410 |3.93786e-06 
5411 |3.94827e-06 
5412 |3.88883e-06 
5413 |3.89805e-06 
5414 |3.93293e-06 
5415 |3.93613e-06 
5416 |3.91695e-06 
5417 |3.92161e-06 
5418 |3.91659e-06 
5419 |3.93512e-06 
5420 |3.94033e-06 
5421 |3.94836e-06 
5422 |3.91796e-06 
5423 |3.91759e-06 
5424 |3.90928e-06 
5425 |3.98233e-06 
5426 |1.57299e-05 
5427 |1.57028e-05 
5428 |1.57249e-05 
5429 |1.56354e-05 
5430 |1.5642e-05 
5431 |1.56732e-05 
5432 |1.57555e-05 
5433 |1.57807e-05 
5434 |1.56865e-05 
5435 |1.57148e-05 
5436 |1.56513e-05 
5437 |1.56978e-05 
5438 |1.57455e-05 
5439 |1.57071e-05 
5440 |1.57133e-05 
5441 |1.57104e-05 
5442 |1.56818e-05 
5443 |1.57536e-05 
5444 |1.57127e-05 
5445 |1.57537e-05 
5446 |1.57341e-05 
5447 |1.57251e-05 
5448 |1.56742e-05 
5449 |1.56685e-05 
5450 |1.53571e-05 
5451 |1.54017e-05 
5452 |1.54398e-05 
5453 |1.5473e-05 
5454 |1.54387e-05 
5455 |1.53915e-05 
5456 |1.54219e-05 
5457 |1.54269e-05 
5458 |1.5417e-05 
5459 |1.53921e-05 
5460 |1.54124e-05 
5461 |1.54009e-05 
5462 |1.53866e-05 
5463 |1.5395e-05 
5464 |1.54117e-05 
5465 |1.53827e-05 
5466 |1.53874e-05 
5467 |1.54162e-05 
5468 |1.53445e-05 
5469 |1.54519e-05 
5470 |1.54356e-05 
5471 |1.54015e-05 
5472 |1.54713e-05 
5473 |1.53884e-05 
5474 |1.43675e-05 
5475 |1.43193e-05 
5476 |1.42538e-05 
5477 |1.42784e-05 
5478 |1.42952e-05 
5479 |1.43115e-05 
5480 |1.43578e-05 
5481 |1.43062e-05 
5482 |1.42771e-05 
5483 |1.43501e-05 
5484 |1.42886e-05 
5485 |1.43015e-05 
5486 |1.43633e-05 
5487 |1.43019e-05 
5488 |1.42921e-05 
5489 |1.43409e-05 
5490 |1.43042e-05 
5491 |1.4228e-05 
5492 |1.43045e-05 
5493 |1.43472e-05 
5494 |1.42857e-05 
5495 |1.42775e-05 
5496 |1.42744e-05 
5497 |1.43603e-05 
5498 |1.31553e-05 
5499 |1.31112e-05 
5500 |1.30931e-05 
5501 |1.30765e-05 
5502 |1.30768e-05 
5503 |1.31333e-05 
5504 |1.31212e-05 
5505 |1.31415e-05 
5506 |1.3148e-05 
5507 |1.31228e-05 
5508 |1.31309e-05 
5509 |1.3116e-05 
5510 |1.31048e-05 
5511 |1.31771e-05 
5512 |1.30993e-05 
5513 |1.31602e-05 
5514 |1.31144e-05 
5515 |1.30703e-05 
5516 |1.31181e-05 
5517 |1.31286e-05 
5518 |1.31317e-05 
5519 |1.31285e-05 
5520 |1.31286e-05 
5521 |1.31337e-05 
5522 |1.04235e-05 
5523 |1.04311e-05 
5524 |1.04312e-05 
5525 |1.03793e-05 
5526 |1.04419e-05 
5527 |1.03847e-05 
5528 |1.04337e-05 
5529 |1.04508e-05 
5530 |1.04181e-05 
5531 |1.04753e-05 
5532 |1.05095e-05 
5533 |1.04625e-05 
5534 |1.04188e-05 
5535 |1.04131e-05 
5536 |1.03982e-05 
5537 |1.04232e-05 
5538 |1.04439e-05 
5539 |1.04286e-05 
5540 |1.04758e-05 
5541 |1.04306e-05 
5542 |1.04139e-05 
5543 |1.04672e-05 
5544 |1.04523e-05 
5545 |1.04088e-05 
5546 |7.99598e-06 
5547 |8.02063e-06 
5548 |7.94576e-06 
5549 |7.96201e-06 
5550 |7.99342e-06 
5551 |7.93489e-06 
5552 |7.8959e-06 
5553 |7.95215e-06 
5554 |7.96512e-06 
5555 |7.97379e-06 
5556 |8.01123e-06 
5557 |8.01872e-06 
5558 |7.94119e-06 
5559 |7.979e-06 
5560 |7.97014e-06 
5561 |7.92375e-06 
5562 |7.89937e-06 
5563 |7.95178e-06 
5564 |7.94083e-06 
5565 |7.97781e-06 
5566 |7.96365e-06 
5567 |7.99297e-06 
5568 |7.95178e-06 
5569 |7.90129e-06 
5570 |8.58283e-06 
5571 |8.59224e-06 
5572 |8.58831e-06 
5573 |8.6094e-06 
5574 |8.64867e-06 
5575 |8.6042e-06 
5576 |8.68957e-06 
5577 |8.62109e-06 
5578 |8.65168e-06 
5579 |8.65698e-06 
5580 |8.64273e-06 
5581 |8.63406e-06 
5582 |8.57973e-06 
5583 |8.60785e-06 
5584 |8.65752e-06 
5585 |8.58009e-06 
5586 |8.59927e-06 
5587 |8.5937e-06 
5588 |8.61653e-06 
5589 |8.59699e-06 
5590 |8.56749e-06 
5591 |8.63232e-06 
5592 |8.60329e-06 
5593 |8.61242e-06 
5594 |8.30114e-06 
5595 |8.3457e-06 
5596 |8.24507e-06 
5597 |8.25128e-06 
5598 |8.22289e-06 
5599 |8.28708e-06 
5600 |8.28653e-06 
5601 |8.248e-06 
5602 |8.26735e-06 
5603 |8.30735e-06 
5604 |8.33273e-06 
5605 |8.31593e-06 
5606 |8.32433e-06 
5607 |8.32296e-06 
5608 |8.31931e-06 
5609 |8.29183e-06 
5610 |8.26799e-06 
5611 |8.29977e-06 
5612 |8.31876e-06 
5613 |8.2974e-06 
5614 |8.29584e-06 
5615 |8.29119e-06 
5616 |8.26471e-06 
5617 |8.35602e-06 
5618 |1.03432e-05 
5619 |1.03619e-05 
5620 |1.03361e-05 
5621 |1.03127e-05 
5622 |1.0346e-05 
5623 |1.04205e-05 
5624 |1.03918e-05 
5625 |1.04027e-05 
5626 |1.03939e-05 
5627 |1.03271e-05 
5628 |1.03274e-05 
5629 |1.04164e-05 
5630 |1.03496e-05 
5631 |1.0376e-05 
5632 |1.04412e-05 
5633 |1.03537e-05 
5634 |1.03842e-05 
5635 |1.03414e-05 
5636 |1.03568e-05 
5637 |1.03516e-05 
5638 |1.03533e-05 
5639 |1.0348e-05 
5640 |1.034e-05 
5641 |1.03296e-05 
5642 |8.59096e-06 
5643 |8.54576e-06 
5644 |8.55516e-06 
5645 |8.57233e-06 
5646 |8.52814e-06 
5647 |8.5548e-06 
5648 |8.56475e-06 
5649 |8.56265e-06 
5650 |8.60338e-06 
5651 |8.57525e-06 
5652 |8.60502e-06 
5653 |8.54348e-06 
5654 |8.59909e-06 
5655 |8.62967e-06 
5656 |8.54521e-06 
5657 |8.59151e-06 
5658 |8.54065e-06 
5659 |8.65807e-06 
5660 |8.57909e-06 
5661 |8.53553e-06 
5662 |8.51499e-06 
5663 |8.52375e-06 
5664 |8.5642e-06 
5665 |8.51992e-06 
5666 |4.05182e-06 
5667 |4.03593e-06 
5668 |4.0593e-06 
5669 |4.08104e-06 
5670 |4.05346e-06 
5671 |4.08451e-06 
5672 |4.08451e-06 
5673 |4.08871e-06 
5674 |4.0625e-06 
5675 |4.08743e-06 
5676 |4.0709e-06 
5677 |4.08679e-06 
5678 |4.08378e-06 
5679 |4.08725e-06 
5680 |4.10816e-06 
5681 |4.08177e-06 
5682 |4.05081e-06 
5683 |4.10259e-06 
5684 |4.07337e-06 
5685 |4.04807e-06 
5686 |4.03383e-06 
5687 |4.02287e-06 
5688 |4.05346e-06 
5689 |4.04616e-06 
5690 |1.24799e-05 
5691 |1.24488e-05 
5692 |1.24599e-05 
5693 |1.2392e-05 
5694 |1.24234e-05 
5695 |1.25283e-05 
5696 |1.24072e-05 
5697 |1.24606e-05 
5698 |1.25054e-05 
5699 |1.25161e-05 
5700 |1.25149e-05 
5701 |1.24287e-05 
5702 |1.246e-05 
5703 |1.24462e-05 
5704 |1.24351e-05 
5705 |1.24995e-05 
5706 |1.25496e-05 
5707 |1.24884e-05 
5708 |1.24413e-05 
5709 |1.24448e-05 
5710 |1.2477e-05 
5711 |1.2351e-05 
5712 |1.24496e-05 
5713 |1.24278e-05 
5714 |9.36235e-06 
5715 |9.37705e-06 
5716 |9.365e-06 
5717 |9.33514e-06 
5718 |9.34546e-06 
5719 |9.42207e-06 
5720 |9.39997e-06 
5721 |9.32217e-06 
5722 |9.32364e-06 
5723 |9.3849e-06 
5724 |9.36966e-06 
5725 |9.40837e-06 
5726 |9.40371e-06 
5727 |9.38372e-06 
5728 |9.42837e-06 
5729 |9.36235e-06 
5730 |9.39869e-06 
5731 |9.35523e-06 
5732 |9.38627e-06 
5733 |9.38207e-06 
5734 |9.38235e-06 
5735 |9.40216e-06 
5736 |9.34911e-06 
5737 |9.35879e-06 
5738 |9.89862e-06 
5739 |9.78338e-06 
5740 |9.882e-06 
5741 |9.84091e-06 
5742 |9.85625e-06 
5743 |9.8988e-06 
5744 |9.89515e-06 
5745 |9.81662e-06 
5746 |9.83178e-06 
5747 |9.90401e-06 
5748 |9.91286e-06 
5749 |9.91158e-06 
5750 |9.86903e-06 
5751 |9.86876e-06 
5752 |9.80457e-06 
5753 |9.83863e-06 
5754 |9.84228e-06 
5755 |9.85241e-06 
5756 |9.81352e-06 
5757 |9.83077e-06 
5758 |9.85753e-06 
5759 |9.86986e-06 
5760 |9.83598e-06 
5761 |9.86502e-06 
5762 |9.03573e-06 
5763 |9.03601e-06 
5764 |9.07317e-06 
5765 |9.07107e-06 
5766 |9.07618e-06 
5767 |9.00898e-06 
5768 |9.09718e-06 
5769 |9.00852e-06 
5770 |9.06285e-06 
5771 |9.07417e-06 
5772 |9.03281e-06 
5773 |9.12987e-06 
5774 |9.07509e-06 
5775 |9.08495e-06 
5776 |9.07564e-06 
5777 |8.98633e-06 
5778 |9.04797e-06 
5779 |8.99492e-06 
5780 |9.10184e-06 
5781 |9.07463e-06 
5782 |9.05226e-06 
5783 |9.04632e-06 
5784 |9.04249e-06 
5785 |9.04797e-06 
5786 |1.0403e-05 
5787 |1.03985e-05 
5788 |1.03897e-05 
5789 |1.0377e-05 
5790 |1.04646e-05 
5791 |1.0347e-05 
5792 |1.04091e-05 
5793 |1.03495e-05 
5794 |1.03559e-05 
5795 |1.04037e-05 
5796 |1.04272e-05 
5797 |1.038e-05 
5798 |1.03647e-05 
5799 |1.03764e-05 
5800 |1.03791e-05 
5801 |1.04226e-05 
5802 |1.03841e-05 
5803 |1.04015e-05 
5804 |1.04118e-05 
5805 |1.0364e-05 
5806 |1.03392e-05 
5807 |1.04262e-05 
5808 |1.04075e-05 
5809 |1.04298e-05 
5810 |7.51267e-06 
5811 |7.50418e-06 
5812 |7.49012e-06 
5813 |7.50628e-06 
5814 |7.52847e-06 
5815 |7.51797e-06 
5816 |7.5019e-06 
5817 |7.47843e-06 
5818 |7.53029e-06 
5819 |7.50801e-06 
5820 |7.53358e-06 
5821 |7.54262e-06 
5822 |7.50108e-06 
5823 |7.52135e-06 
5824 |7.52427e-06 
5825 |7.53641e-06 
5826 |7.48528e-06 
5827 |7.51121e-06 
5828 |7.526e-06 
5829 |7.50655e-06 
5830 |7.55595e-06 
5831 |7.4788e-06 
5832 |7.4966e-06 
5833 |7.48866e-06 
5834 |3.27467e-06 
5835 |3.30764e-06 
5836 |3.30563e-06 
5837 |3.2786e-06 
5838 |3.30417e-06 
5839 |3.30298e-06 
5840 |3.3238e-06 
5841 |3.29494e-06 
5842 |3.3301e-06 
5843 |3.32535e-06 
5844 |3.31512e-06 
5845 |3.32708e-06 
5846 |3.31092e-06 
5847 |3.34489e-06 
5848 |3.30627e-06 
5849 |3.30974e-06 
5850 |3.30645e-06 
5851 |3.32407e-06 
5852 |3.28052e-06 
5853 |3.24509e-06 
5854 |3.28727e-06 
5855 |3.30398e-06 
5856 |3.28216e-06 
5857 |3.30526e-06 
5858 |1.04366e-05 
5859 |1.05422e-05 
5860 |1.04731e-05 
5861 |1.04349e-05 
5862 |1.04876e-05 
5863 |1.04728e-05 
5864 |1.04862e-05 
5865 |1.04696e-05 
5866 |1.04857e-05 
5867 |1.04175e-05 
5868 |1.04553e-05 
5869 |1.05203e-05 
5870 |1.04966e-05 
5871 |1.04478e-05 
5872 |1.04566e-05 
5873 |1.04858e-05 
5874 |1.04781e-05 
5875 |1.05309e-05 
5876 |1.04743e-05 
5877 |1.04755e-05 
5878 |1.05456e-05 
5879 |1.04907e-05 
5880 |1.04288e-05 
5881 |1.05137e-05 
5882 |7.90887e-06 
5883 |7.91718e-06 
5884 |7.90951e-06 
5885 |7.91517e-06 
5886 |7.91289e-06 
5887 |7.88613e-06 
5888 |7.97023e-06 
5889 |7.90786e-06 
5890 |7.95297e-06 
5891 |7.96941e-06 
5892 |7.92713e-06 
5893 |7.95471e-06 
5894 |7.93891e-06 
5895 |7.94457e-06 
5896 |7.92731e-06 
5897 |7.92284e-06 
5898 |7.92019e-06 
5899 |7.91791e-06 
5900 |7.93234e-06 
5901 |7.89937e-06 
5902 |7.86851e-06 
5903 |7.91197e-06 
5904 |7.95699e-06 
5905 |7.93188e-06 
5906 |8.18901e-06 
5907 |8.25767e-06 
5908 |8.20417e-06 
5909 |8.21604e-06 
5910 |8.2448e-06 
5911 |8.2416e-06 
5912 |8.24361e-06 
5913 |8.19257e-06 
5914 |8.10436e-06 
5915 |8.21092e-06 
5916 |8.18024e-06 
5917 |8.18463e-06 
5918 |8.21238e-06 
5919 |8.21777e-06 
5920 |8.25457e-06 
5921 |8.187e-06 
5922 |8.23558e-06 
5923 |8.20225e-06 
5924 |8.18107e-06 
5925 |8.19303e-06 
5926 |8.19394e-06 
5927 |8.21257e-06 
5928 |8.21878e-06 
5929 |8.20371e-06 
5930 |7.29143e-06 
5931 |7.25152e-06 
5932 |7.30174e-06 
5933 |7.32183e-06 
5934 |7.32895e-06 
5935 |7.31352e-06 
5936 |7.31864e-06 
5937 |7.29937e-06 
5938 |7.29097e-06 
5939 |7.30704e-06 
5940 |7.27572e-06 
5941 |7.33489e-06 
5942 |7.3589e-06 
5943 |7.3001e-06 
5944 |7.29754e-06 
5945 |7.31992e-06 
5946 |7.31115e-06 
5947 |7.26741e-06 
5948 |7.27609e-06 
5949 |7.34475e-06 
5950 |7.33361e-06 
5951 |7.28111e-06 
5952 |7.30101e-06 
5953 |7.27645e-06 
5954 |7.91572e-06 
5955 |7.98858e-06 
5956 |7.98082e-06 
5957 |7.92603e-06 
5958 |7.96192e-06 
5959 |7.95498e-06 
5960 |7.99552e-06 
5961 |7.94174e-06 
5962 |7.96566e-06 
5963 |7.90376e-06 
5964 |7.95105e-06 
5965 |7.93964e-06 
5966 |7.95032e-06 
5967 |7.99854e-06 
5968 |7.99461e-06 
5969 |7.97306e-06 
5970 |7.92658e-06 
5971 |7.95726e-06 
5972 |7.99616e-06 
5973 |7.92914e-06 
5974 |7.9211e-06 
5975 |7.93781e-06 
5976 |7.97991e-06 
5977 |7.95206e-06 
5978 |5.4454e-06 
5979 |5.43554e-06 
5980 |5.43983e-06 
5981 |5.41554e-06 
5982 |5.41445e-06 
5983 |5.44823e-06 
5984 |5.40942e-06 
5985 |5.46613e-06 
5986 |5.46238e-06 
5987 |5.47836e-06 
5988 |5.44923e-06 
5989 |5.459e-06 
5990 |5.47215e-06 
5991 |5.41472e-06 
5992 |5.45179e-06 
5993 |5.42787e-06 
5994 |5.41244e-06 
5995 |5.44339e-06 
5996 |5.4254e-06 
5997 |5.43189e-06 
5998 |5.44156e-06 
5999 |5.42385e-06 
6000 |5.42248e-06 
6001 |5.44357e-06 
6002 |9.924e-06 
6003 |9.91606e-06 
6004 |9.88337e-06 
6005 |9.92318e-06 
6006 |9.91478e-06 
6007 |9.95697e-06 
6008 |9.89834e-06 
6009 |9.96135e-06 
6010 |9.91633e-06 
6011 |9.90903e-06 
6012 |9.92099e-06 
6013 |9.86127e-06 
6014 |9.91177e-06 
6015 |9.85451e-06 
6016 |9.87214e-06 
6017 |9.92765e-06 
6018 |9.94263e-06 
6019 |9.97495e-06 
6020 |9.91843e-06 
6021 |9.90601e-06 
6022 |9.89634e-06 
6023 |9.84538e-06 
6024 |9.9356e-06 
6025 |9.92656e-06 
6026 |7.56764e-06 
6027 |7.55166e-06 
6028 |7.5607e-06 
6029 |7.56024e-06 
6030 |7.54984e-06 
6031 |7.53997e-06 
6032 |7.52856e-06 
6033 |7.56572e-06 
6034 |7.4987e-06 
6035 |7.57239e-06 
6036 |7.56919e-06 
6037 |7.50582e-06 
6038 |7.51724e-06 
6039 |7.5744e-06 
6040 |7.5512e-06 
6041 |7.52938e-06 
6042 |7.51687e-06 
6043 |7.53778e-06 
6044 |7.49998e-06 
6045 |7.54837e-06 
6046 |7.5492e-06 
6047 |7.54728e-06 
6048 |7.54399e-06 
6049 |7.53513e-06 
6050 |7.66553e-06 
6051 |7.6605e-06 
6052 |7.76158e-06 
6053 |7.70607e-06 
6054 |7.68251e-06 
6055 |7.70013e-06 
6056 |7.68397e-06 
6057 |7.66279e-06 
6058 |7.70625e-06 
6059 |7.67493e-06 
6060 |7.66854e-06 
6061 |7.68534e-06 
6062 |7.70022e-06 
6063 |7.65484e-06 
6064 |7.69009e-06 
6065 |7.63156e-06 
6066 |7.6616e-06 
6067 |7.7267e-06 
6068 |7.71164e-06 
6069 |7.66963e-06 
6070 |7.6753e-06 
6071 |7.67183e-06 
6072 |7.69338e-06 
6073 |7.70287e-06 
6074 |6.59363e-06 
6075 |6.67672e-06 
6076 |6.60605e-06 
6077 |6.66476e-06 
6078 |6.62084e-06 
6079 |6.6486e-06 
6080 |6.64166e-06 
6081 |6.66677e-06 
6082 |6.67179e-06 
6083 |6.63874e-06 
6084 |6.63061e-06 
6085 |6.66294e-06 
6086 |6.69827e-06 
6087 |6.68668e-06 
6088 |6.69499e-06 
6089 |6.62769e-06 
6090 |6.63883e-06 
6091 |6.65572e-06 
6092 |6.60714e-06 
6093 |6.65125e-06 
6094 |6.63098e-06 
6095 |6.65143e-06 
6096 |6.63408e-06 
6097 |6.67891e-06 
6098 |7.03e-06 
6099 |6.98809e-06 
6100 |6.99814e-06 
6101 |6.9691e-06 
6102 |7.02909e-06 
6103 |7.00106e-06 
6104 |7.0069e-06 
6105 |7.00599e-06 
6106 |6.96216e-06 
6107 |7.02772e-06 
6108 |7.06169e-06 
6109 |6.99896e-06 
6110 |7.02361e-06 
6111 |6.98818e-06 
6112 |7.00617e-06 
6113 |6.95613e-06 
6114 |6.99859e-06 
6115 |7.03165e-06 
6116 |7.01804e-06 
6117 |6.96152e-06 
6118 |7.00827e-06 
6119 |7.0143e-06 
6120 |7.02352e-06 
6121 |7.04416e-06 
6122 |1.39529e-05 
6123 |1.39465e-05 
6124 |1.39145e-05 
6125 |1.40013e-05 
6126 |1.40122e-05 
6127 |1.39686e-05 
6128 |1.39691e-05 
6129 |1.39277e-05 
6130 |1.3957e-05 
6131 |1.39577e-05 
6132 |1.3936e-05 
6133 |1.39324e-05 
6134 |1.39627e-05 
6135 |1.39392e-05 
6136 |1.39969e-05 
6137 |1.39362e-05 
6138 |1.3931e-05 
6139 |1.39242e-05 
6140 |1.3933e-05 
6141 |1.39278e-05 
6142 |1.39816e-05 
6143 |1.39769e-05 
6144 |1.39684e-05 
6145 |1.39814e-05 
6146 |1.06654e-05 
6147 |1.05951e-05 
6148 |1.06547e-05 
6149 |1.06556e-05 
6150 |1.06612e-05 
6151 |1.07049e-05 
6152 |1.0693e-05 
6153 |1.06356e-05 
6154 |1.06632e-05 
6155 |1.06799e-05 
6156 |1.06931e-05 
6157 |1.06584e-05 
6158 |1.06295e-05 
6159 |1.06432e-05 
6160 |1.06475e-05 
6161 |1.06451e-05 
6162 |1.06197e-05 
6163 |1.06003e-05 
6164 |1.06474e-05 
6165 |1.06305e-05 
6166 |1.06788e-05 
6167 |1.06847e-05 
6168 |1.06239e-05 
6169 |1.06935e-05 
6170 |1.0568e-05 
6171 |1.05501e-05 
6172 |1.05803e-05 
6173 |1.05787e-05 
6174 |1.05653e-05 
6175 |1.05693e-05 
6176 |1.05533e-05 
6177 |1.05353e-05 
6178 |1.05258e-05 
6179 |1.05742e-05 
6180 |1.05078e-05 
6181 |1.05641e-05 
6182 |1.06245e-05 
6183 |1.06332e-05 
6184 |1.05405e-05 
6185 |1.06189e-05 
6186 |1.05487e-05 
6187 |1.05616e-05 
6188 |1.05916e-05 
6189 |1.06081e-05 
6190 |1.05726e-05 
6191 |1.05263e-05 
6192 |1.05751e-05 
6193 |1.06422e-05 
6194 |8.82608e-06 
6195 |8.90552e-06 
6196 |8.81832e-06 
6197 |8.81768e-06 
6198 |8.83887e-06 
6199 |8.83111e-06 
6200 |8.86389e-06 
6201 |8.86809e-06 
6202 |8.8312e-06 
6203 |8.8059e-06 
6204 |8.82535e-06 
6205 |8.81997e-06 
6206 |8.85485e-06 
6207 |8.77714e-06 
6208 |8.84572e-06 
6209 |8.79403e-06 
6210 |8.82809e-06 
6211 |8.84699e-06 
6212 |8.81631e-06 
6213 |8.79906e-06 
6214 |8.80947e-06 
6215 |8.79969e-06 
6216 |8.78874e-06 
6217 |8.82627e-06 
6218 |7.68096e-06 
6219 |7.64745e-06 
6220 |7.64991e-06 
6221 |7.63932e-06 
6222 |7.68114e-06 
6223 |7.71976e-06 
6224 |7.60754e-06 
6225 |7.67429e-06 
6226 |7.63494e-06 
6227 |7.67356e-06 
6228 |7.64836e-06 
6229 |7.62864e-06 
6230 |7.69064e-06 
6231 |7.67037e-06 
6232 |7.65612e-06 
6233 |7.63074e-06 
6234 |7.6112e-06 
6235 |7.65028e-06 
6236 |7.62416e-06 
6237 |7.66169e-06 
6238 |7.71456e-06 
6239 |7.68516e-06 
6240 |7.63065e-06 
6241 |7.6868e-06 
6242 |7.88394e-06 
6243 |7.91316e-06 
6244 |7.87481e-06 
6245 |7.84751e-06 
6246 |7.84102e-06 
6247 |7.92795e-06 
6248 |7.87892e-06 
6249 |7.94402e-06 
6250 |7.92229e-06 
6251 |7.92412e-06 
6252 |7.82103e-06 
6253 |7.86358e-06 
6254 |7.91069e-06 
6255 |7.90933e-06 
6256 |7.88458e-06 
6257 |7.87718e-06 
6258 |7.92841e-06 
6259 |7.89243e-06 
6260 |7.8854e-06 
6261 |7.88595e-06 
6262 |7.89134e-06 
6263 |7.89572e-06 
6264 |7.85993e-06 
6265 |7.93206e-06 
6266 |7.5281e-06 
6267 |7.56892e-06 
6268 |7.45259e-06 
6269 |7.52838e-06 
6270 |7.51075e-06 
6271 |7.51112e-06 
6272 |7.54326e-06 
6273 |7.5008e-06 
6274 |7.50062e-06 
6275 |7.57805e-06 
6276 |7.5344e-06 
6277 |7.53623e-06 
6278 |7.54728e-06 
6279 |7.54892e-06 
6280 |7.58837e-06 
6281 |7.57878e-06 
6282 |7.54737e-06 
6283 |7.51934e-06 
6284 |7.48957e-06 
6285 |7.55047e-06 
6286 |7.52454e-06 
6287 |7.5113e-06 
6288 |7.51002e-06 
6289 |7.51249e-06 
6290 |7.44629e-06 
6291 |7.45095e-06 
6292 |7.46008e-06 
6293 |7.41862e-06 
6294 |7.45487e-06 
6295 |7.4556e-06 
6296 |7.47049e-06 
6297 |7.47304e-06 
6298 |7.48026e-06 
6299 |7.42958e-06 
6300 |7.44209e-06 
6301 |7.4682e-06 
6302 |7.46017e-06 
6303 |7.45825e-06 
6304 |7.48217e-06 
6305 |7.43908e-06 
6306 |7.41086e-06 
6307 |7.42547e-06 
6308 |7.39963e-06 
6309 |7.41132e-06 
6310 |7.45752e-06 
6311 |7.44035e-06 
6312 |7.50445e-06 
6313 |7.47213e-06 
6314 |7.25207e-06 
6315 |7.18048e-06 
6316 |7.16542e-06 
6317 |7.19665e-06 
6318 |7.14095e-06 
6319 |7.22221e-06 
6320 |7.19546e-06 
6321 |7.19171e-06 
6322 |7.18341e-06 
6323 |7.22943e-06 
6324 |7.16788e-06 
6325 |7.22906e-06 
6326 |7.2076e-06 
6327 |7.2139e-06 
6328 |7.2171e-06 
6329 |7.19098e-06 
6330 |7.17564e-06 
6331 |7.18815e-06 
6332 |7.20349e-06 
6333 |7.21235e-06 
6334 |7.20596e-06 
6335 |7.13428e-06 
6336 |7.20669e-06 
6337 |7.22258e-06 
6338 |4.13317e-06 
6339 |4.11391e-06 
6340 |4.10916e-06 
6341 |4.12907e-06 
6342 |4.12487e-06 
6343 |4.13984e-06 
6344 |4.12368e-06 
6345 |4.10843e-06 
6346 |4.12085e-06 
6347 |4.12021e-06 
6348 |4.13034e-06 
6349 |4.09884e-06 
6350 |4.11528e-06 
6351 |4.14641e-06 
6352 |4.09035e-06 
6353 |4.1392e-06 
6354 |4.10039e-06 
6355 |4.12706e-06 
6356 |4.12359e-06 
6357 |4.10962e-06 
6358 |4.13281e-06 
6359 |4.08962e-06 
6360 |4.08725e-06 
6361 |4.0919e-06 
6362 |7.76898e-06 
6363 |7.77062e-06 
6364 |7.79948e-06 
6365 |7.79893e-06 
6366 |7.79181e-06 
6367 |7.76871e-06 
6368 |7.77902e-06 
6369 |7.78733e-06 
6370 |7.77912e-06 
6371 |7.79674e-06 
6372 |7.75218e-06 
6373 |7.77683e-06 
6374 |7.76031e-06 
6375 |7.75592e-06 
6376 |7.81491e-06 
6377 |7.75885e-06 
6378 |7.7488e-06 
6379 |7.83171e-06 
6380 |7.79418e-06 
6381 |7.73054e-06 
6382 |7.8056e-06 
6383 |7.80815e-06 
6384 |7.77976e-06 
6385 |7.80085e-06 
6386 |8.09606e-06 
6387 |8.05003e-06 
6388 |8.08017e-06 
6389 |8.07131e-06 
6390 |8.06747e-06 
6391 |8.04036e-06 
6392 |8.07195e-06 
6393 |8.09249e-06 
6394 |8.08839e-06 
6395 |8.05926e-06 
6396 |8.00648e-06 
6397 |8.0872e-06 
6398 |8.07752e-06 
6399 |8.03917e-06 
6400 |8.05615e-06 
6401 |8.05314e-06 
6402 |8.0399e-06 
6403 |8.02995e-06 
6404 |8.07177e-06 
6405 |8.08355e-06 
6406 |8.08382e-06 
6407 |8.03524e-06 
6408 |8.06081e-06 
6409 |8.01643e-06 
6410 |7.78642e-06 
6411 |7.74871e-06 
6412 |7.80204e-06 
6413 |7.77145e-06 
6414 |7.75665e-06 
6415 |7.74588e-06 
6416 |7.75136e-06 
6417 |7.71702e-06 
6418 |7.75419e-06 
6419 |7.71839e-06 
6420 |7.72908e-06 
6421 |7.75528e-06 
6422 |7.77948e-06 
6423 |7.74615e-06 
6424 |7.75674e-06 
6425 |7.66626e-06 
6426 |7.74716e-06 
6427 |7.72944e-06 
6428 |7.79427e-06 
6429 |7.76752e-06 
6430 |7.73163e-06 
6431 |7.73629e-06 
6432 |7.73154e-06 
6433 |7.76871e-06 
6434 |7.76798e-06 
6435 |7.7446e-06 
6436 |7.75492e-06 
6437 |7.75757e-06 
6438 |7.73812e-06 
6439 |7.77254e-06 
6440 |7.72278e-06 
6441 |7.79144e-06 
6442 |7.74716e-06 
6443 |7.75455e-06 
6444 |7.76368e-06 
6445 |7.78688e-06 
6446 |7.75209e-06 
6447 |7.75227e-06 
6448 |7.72616e-06 
6449 |7.77839e-06 
6450 |7.83235e-06 
6451 |7.77282e-06 
6452 |7.75629e-06 
6453 |7.78213e-06 
6454 |7.77409e-06 
6455 |7.78359e-06 
6456 |7.78505e-06 
6457 |7.76597e-06 
6458 |7.69602e-06 
6459 |7.74469e-06 
6460 |7.71593e-06 
6461 |7.69876e-06 
6462 |7.68023e-06 
6463 |7.73127e-06 
6464 |7.71292e-06 
6465 |7.71712e-06 
6466 |7.71246e-06 
6467 |7.74067e-06 
6468 |7.73474e-06 
6469 |7.71684e-06 
6470 |7.69173e-06 
6471 |7.68105e-06 
6472 |7.73876e-06 
6473 |7.72853e-06 
6474 |7.73419e-06 
6475 |7.70789e-06 
6476 |7.7131e-06 
6477 |7.72269e-06 
6478 |7.7047e-06 
6479 |7.73757e-06 
6480 |7.69319e-06 
6481 |7.69365e-06 
6482 |5.31428e-06 
6483 |5.32688e-06 
6484 |5.30451e-06 
6485 |5.32733e-06 
6486 |5.3519e-06 
6487 |5.34815e-06 
6488 |5.34971e-06 
6489 |5.35929e-06 
6490 |5.3298e-06 
6491 |5.36724e-06 
6492 |5.33592e-06 
6493 |5.35153e-06 
6494 |5.2983e-06 
6495 |5.34496e-06 
6496 |5.33975e-06 
6497 |5.33437e-06 
6498 |5.30834e-06 
6499 |5.35683e-06 
6500 |5.30916e-06 
6501 |5.30834e-06 
6502 |5.30825e-06 
6503 |5.32624e-06 
6504 |5.30615e-06 
6505 |5.32825e-06 
6506 |9.23598e-06 
6507 |9.29551e-06 
6508 |9.20274e-06 
6509 |9.24849e-06 
6510 |9.23488e-06 
6511 |9.27688e-06 
6512 |9.23561e-06 
6513 |9.29515e-06 
6514 |9.2231e-06 
6515 |9.26812e-06 
6516 |9.22128e-06 
6517 |9.29633e-06 
6518 |9.22803e-06 
6519 |9.19014e-06 
6520 |9.23178e-06 
6521 |9.20904e-06 
6522 |9.27506e-06 
6523 |9.2158e-06 
6524 |9.22822e-06 
6525 |9.27204e-06 
6526 |9.25433e-06 
6527 |9.20027e-06 
6528 |9.25789e-06 
6529 |9.22447e-06 
6530 |9.52351e-06 
6531 |9.45567e-06 
6532 |9.552e-06 
6533 |9.47713e-06 
6534 |9.5752e-06 
6535 |9.5825e-06 
6536 |9.51393e-06 
6537 |9.52242e-06 
6538 |9.52744e-06 
6539 |9.4858e-06 
6540 |9.5804e-06 
6541 |9.5153e-06 
6542 |9.54662e-06 
6543 |9.55584e-06 
6544 |9.51913e-06 
6545 |9.51301e-06 
6546 |9.50333e-06 
6547 |9.50589e-06 
6548 |9.55629e-06 
6549 |9.52406e-06 
6550 |9.49274e-06 
6551 |9.51384e-06 
6552 |9.52781e-06 
6553 |9.59976e-06 
6554 |8.98798e-06 
6555 |9.00067e-06 
6556 |9.01619e-06 
6557 |9.01711e-06 
6558 |8.99035e-06 
6559 |8.99117e-06 
6560 |8.98378e-06 
6561 |8.99437e-06 
6562 |9.00332e-06 
6563 |8.97337e-06 
6564 |9.06568e-06 
6565 |8.97501e-06 
6566 |8.9867e-06 
6567 |9.01336e-06 
6568 |8.96652e-06 
6569 |9.02258e-06 
6570 |8.95428e-06 
6571 |8.96999e-06 
6572 |9.01099e-06 
6573 |9.0287e-06 
6574 |9.02943e-06 
6575 |8.99738e-06 
6576 |9.0109e-06 
6577 |8.99373e-06 
6578 |8.72555e-06 
6579 |8.70336e-06 
6580 |8.73039e-06 
6581 |8.76746e-06 
6582 |8.73286e-06 
6583 |8.76956e-06 
6584 |8.744e-06 
6585 |8.75304e-06 
6586 |8.70656e-06 
6587 |8.70674e-06 
6588 |8.71815e-06 
6589 |8.72829e-06 
6590 |8.73048e-06 
6591 |8.7166e-06 
6592 |8.67241e-06 
6593 |8.72884e-06 
6594 |8.74436e-06 
6595 |8.71669e-06 
6596 |8.68757e-06 
6597 |8.71167e-06 
6598 |8.7051e-06 
6599 |8.74646e-06 
6600 |8.70099e-06 
6601 |8.72564e-06 
6602 |8.21439e-06 
6603 |8.16773e-06 
6604 |8.13103e-06 
6605 |8.19668e-06 
6606 |8.17869e-06 
6607 |8.19221e-06 
6608 |8.15468e-06 
6609 |8.16244e-06 
6610 |8.18874e-06 
6611 |8.18727e-06 
6612 |8.22763e-06 
6613 |8.20919e-06 
6614 |8.1965e-06 
6615 |8.22462e-06 
6616 |8.2091e-06 
6617 |8.13934e-06 
6618 |8.14034e-06 
6619 |8.17193e-06 
6620 |8.13934e-06 
6621 |8.18636e-06 
6622 |8.22818e-06 
6623 |8.2028e-06 
6624 |8.18344e-06 
6625 |8.1639e-06 
6626 |5.41171e-06 
6627 |5.36112e-06 
6628 |5.40011e-06 
6629 |5.3886e-06 
6630 |5.39728e-06 
6631 |5.38541e-06 
6632 |5.42275e-06 
6633 |5.4202e-06 
6634 |5.41974e-06 
6635 |5.38048e-06 
6636 |5.38495e-06 
6637 |5.41883e-06 
6638 |5.36012e-06 
6639 |5.41472e-06 
6640 |5.36979e-06 
6641 |5.40385e-06 
6642 |5.42385e-06 
6643 |5.35162e-06 
6644 |5.39171e-06 
6645 |5.41125e-06 
6646 |5.36085e-06 
6647 |5.42823e-06 
6648 |5.37317e-06 
6649 |5.34523e-06 
6650 |9.85588e-06 
6651 |9.90044e-06 
6652 |9.8736e-06 
6653 |9.91195e-06 
6654 |9.91323e-06 
6655 |9.88182e-06 
6656 |9.89497e-06 
6657 |9.90245e-06 
6658 |9.89232e-06 
6659 |9.87579e-06 
6660 |9.89515e-06 
6661 |9.84018e-06 
6662 |9.86474e-06 
6663 |9.90857e-06 
6664 |9.89597e-06 
6665 |9.8473e-06 
6666 |9.94446e-06 
6667 |9.95852e-06 
6668 |9.89971e-06 
6669 |9.95943e-06 
6670 |9.92629e-06 
6671 |9.83415e-06 
6672 |9.85671e-06 
6673 |9.84127e-06 
6674 |1.02451e-05 
6675 |1.02265e-05 
6676 |1.0198e-05 
6677 |1.02349e-05 
6678 |1.02051e-05 
6679 |1.02399e-05 
6680 |1.0224e-05 
6681 |1.02655e-05 
6682 |1.03462e-05 
6683 |1.024e-05 
6684 |1.02075e-05 
6685 |1.03095e-05 
6686 |1.02779e-05 
6687 |1.02622e-05 
6688 |1.03049e-05 
6689 |1.0275e-05 
6690 |1.02411e-05 
6691 |1.02597e-05 
6692 |1.02661e-05 
6693 |1.02198e-05 
6694 |1.02882e-05 
6695 |1.02303e-05 
6696 |1.02334e-05 
6697 |1.02505e-05 
6698 |9.5594e-06 
6699 |9.55109e-06 
6700 |9.60341e-06 
6701 |9.52196e-06 
6702 |9.53584e-06 
6703 |9.5489e-06 
6704 |9.49804e-06 
6705 |9.51749e-06 
6706 |9.62679e-06 
6707 |9.48662e-06 
6708 |9.54835e-06 
6709 |9.55666e-06 
6710 |9.58771e-06 
6711 |9.51447e-06 
6712 |9.49895e-06 
6713 |9.57054e-06 
6714 |9.58825e-06 
6715 |9.55319e-06 
6716 |9.59419e-06 
6717 |9.60597e-06 
6718 |9.52507e-06 
6719 |9.49429e-06 
6720 |9.55447e-06 
6721 |9.50927e-06 
6722 |8.80444e-06 
6723 |8.86005e-06 
6724 |8.81147e-06 
6725 |8.849e-06 
6726 |8.7954e-06 
6727 |8.88489e-06 
6728 |8.90817e-06 
6729 |8.84225e-06 
6730 |8.80755e-06 
6731 |8.87722e-06 
6732 |8.87576e-06 
6733 |8.84088e-06 
6734 |8.84161e-06 
6735 |8.869e-06 
6736 |8.91045e-06 
6737 |8.89457e-06 
6738 |8.931e-06 
6739 |8.97939e-06 
6740 |8.86772e-06 
6741 |8.81513e-06 
6742 |8.85375e-06 
6743 |8.82672e-06 
6744 |8.86297e-06 
6745 |8.82188e-06 
6746 |7.91581e-06 
6747 |7.8907e-06 
6748 |7.87654e-06 
6749 |7.91435e-06 
6750 |7.85417e-06 
6751 |7.93663e-06 
6752 |7.92996e-06 
6753 |7.91407e-06 
6754 |7.92814e-06 
6755 |7.93307e-06 
6756 |7.87234e-06 
6757 |7.92686e-06 
6758 |7.87709e-06 
6759 |7.88513e-06 
6760 |7.89408e-06 
6761 |7.9169e-06 
6762 |7.93663e-06 
6763 |7.89435e-06 
6764 |7.92567e-06 
6765 |7.85883e-06 
6766 |7.88166e-06 
6767 |7.89042e-06 
6768 |7.87554e-06 
6769 |7.89819e-06 
6770 |6.52159e-06 
6771 |6.47867e-06 
6772 |6.52049e-06 
6773 |6.52013e-06 
6774 |6.54843e-06 
6775 |6.53318e-06 
6776 |6.52414e-06 
6777 |6.51766e-06 
6778 |6.52716e-06 
6779 |6.52843e-06 
6780 |6.51456e-06 
6781 |6.52451e-06 
6782 |6.49063e-06 
6783 |6.48187e-06 
6784 |6.49538e-06 
6785 |6.50871e-06 
6786 |6.5099e-06 
6787 |6.47438e-06 
6788 |6.50579e-06 
6789 |6.52944e-06 
6790 |6.50004e-06 
6791 |6.52268e-06 
6792 |6.55994e-06 
6793 |6.52679e-06 
6794 |6.77516e-06 
6795 |6.81177e-06 
6796 |6.76484e-06 
6797 |6.78767e-06 
6798 |6.76922e-06 
6799 |6.78666e-06 
6800 |6.7694e-06 
6801 |6.77671e-06 
6802 |6.79807e-06 
6803 |6.76785e-06 
6804 |6.8535e-06 
6805 |6.76703e-06 
6806 |6.77041e-06 
6807 |6.78757e-06 
6808 |6.77306e-06 
6809 |6.78374e-06 
6810 |6.76767e-06 
6811 |6.76666e-06 
6812 |6.77753e-06 
6813 |6.80081e-06 
6814 |6.75425e-06 
6815 |6.77936e-06 
6816 |6.7684e-06 
6817 |6.78547e-06 
6818 |6.18374e-06 
6819 |6.2177e-06 
6820 |6.18328e-06 
6821 |6.19935e-06 
6822 |6.18575e-06 
6823 |6.2219e-06 
6824 |6.19899e-06 
6825 |6.21168e-06 
6826 |6.2178e-06 
6827 |6.22894e-06 
6828 |6.25341e-06 
6829 |6.19753e-06 
6830 |6.18502e-06 
6831 |6.23944e-06 
6832 |6.21487e-06 
6833 |6.19049e-06 
6834 |6.20885e-06 
6835 |6.17415e-06 
6836 |6.17369e-06 
6837 |6.2041e-06 
6838 |6.14137e-06 
6839 |6.18657e-06 
6840 |6.1967e-06 
6841 |6.18492e-06 
6842 |5.645e-06 
6843 |5.59533e-06 
6844 |5.58474e-06 
6845 |5.62053e-06 
6846 |5.61624e-06 
6847 |5.65194e-06 
6848 |5.61323e-06 
6849 |5.59323e-06 
6850 |5.63788e-06 
6851 |5.64227e-06 
6852 |5.60675e-06 
6853 |5.57196e-06 
6854 |5.60099e-06 
6855 |5.5778e-06 
6856 |5.59305e-06 
6857 |5.60565e-06 
6858 |5.61222e-06 
6859 |5.58501e-06 
6860 |5.6177e-06 
6861 |5.57725e-06 
6862 |5.6198e-06 
6863 |5.58173e-06 
6864 |5.57835e-06 
6865 |5.60309e-06 
6866 |4.85316e-06 
6867 |4.85033e-06 
6868 |4.88576e-06 
6869 |4.83298e-06 
6870 |4.83243e-06 
6871 |4.83143e-06 
6872 |4.86877e-06 
6873 |4.8496e-06 
6874 |4.81645e-06 
6875 |4.83608e-06 
6876 |4.87553e-06 
6877 |4.84293e-06 
6878 |4.83654e-06 
6879 |4.87681e-06 
6880 |4.85654e-06 
6881 |4.83481e-06 
6882 |4.8632e-06 
6883 |4.88758e-06 
6884 |4.87343e-06 
6885 |4.8863e-06 
6886 |4.83727e-06 
6887 |4.84302e-06 
6888 |4.79536e-06 
6889 |4.86393e-06 
6890 |1.13758e-05 
6891 |1.1354e-05 
6892 |1.1402e-05 
6893 |1.13273e-05 
6894 |1.14214e-05 
6895 |1.1321e-05 
6896 |1.13287e-05 
6897 |1.13375e-05 
6898 |1.13952e-05 
6899 |1.13125e-05 
6900 |1.136e-05 
6901 |1.13373e-05 
6902 |1.14053e-05 
6903 |1.13564e-05 
6904 |1.14174e-05 
6905 |1.1329e-05 
6906 |1.13701e-05 
6907 |1.14023e-05 
6908 |1.1422e-05 
6909 |1.14044e-05 
6910 |1.14305e-05 
6911 |1.13575e-05 
6912 |1.13794e-05 
6913 |1.14118e-05 
6914 |1.18752e-05 
6915 |1.18848e-05 
6916 |1.18833e-05 
6917 |1.18339e-05 
6918 |1.18846e-05 
6919 |1.18779e-05 
6920 |1.1803e-05 
6921 |1.1898e-05 
6922 |1.18767e-05 
6923 |1.18132e-05 
6924 |1.1835e-05 
6925 |1.18356e-05 
6926 |1.18349e-05 
6927 |1.18507e-05 
6928 |1.18446e-05 
6929 |1.18405e-05 
6930 |1.1865e-05 
6931 |1.18886e-05 
6932 |1.18671e-05 
6933 |1.18761e-05 
6934 |1.18631e-05 
6935 |1.18937e-05 
6936 |1.18235e-05 
6937 |1.18295e-05 
6938 |1.06157e-05 
6939 |1.0602e-05 
6940 |1.05998e-05 
6941 |1.05956e-05 
6942 |1.06076e-05 
6943 |1.05373e-05 
6944 |1.05433e-05 
6945 |1.06079e-05 
6946 |1.06389e-05 
6947 |1.06339e-05 
6948 |1.05828e-05 
6949 |1.05889e-05 
6950 |1.05538e-05 
6951 |1.05548e-05 
6952 |1.0572e-05 
6953 |1.06201e-05 
6954 |1.0561e-05 
6955 |1.06158e-05 
6956 |1.05855e-05 
6957 |1.05673e-05 
6958 |1.0577e-05 
6959 |1.05393e-05 
6960 |1.06181e-05 
6961 |1.06017e-05 
6962 |9.27752e-06 
6963 |9.22356e-06 
6964 |9.24474e-06 
6965 |9.20749e-06 
6966 |9.21918e-06 
6967 |9.16421e-06 
6968 |9.22e-06 
6969 |9.29159e-06 
6970 |9.24556e-06 
6971 |9.24867e-06 
6972 |9.18512e-06 
6973 |9.17242e-06 
6974 |9.25844e-06 
6975 |9.25186e-06 
6976 |9.25205e-06 
6977 |9.27122e-06 
6978 |9.27971e-06 
6979 |9.21589e-06 
6980 |9.24136e-06 
6981 |9.23041e-06 
6982 |9.2673e-06 
6983 |9.24091e-06 
6984 |9.23342e-06 
6985 |9.24721e-06 
6986 |5.7564e-06 
6987 |5.74006e-06 
6988 |5.8006e-06 
6989 |5.78955e-06 
6990 |5.79777e-06 
6991 |5.74134e-06 
6992 |5.74609e-06 
6993 |5.76736e-06 
6994 |5.73714e-06 
6995 |5.78507e-06 
6996 |5.7628e-06 
6997 |5.76544e-06 
6998 |5.74517e-06 
6999 |5.77448e-06 
7000 |5.7459e-06 
7001 |5.76398e-06 
7002 |5.72116e-06 
7003 |5.7596e-06 
7004 |5.77941e-06 
7005 |5.71887e-06 
7006 |5.71422e-06 
7007 |5.73732e-06 
7008 |5.75613e-06 
7009 |5.74919e-06 
7010 |5.84342e-06 
7011 |5.86698e-06 
7012 |5.83164e-06 
7013 |5.86296e-06 
7014 |5.86077e-06 
7015 |5.85575e-06 
7016 |5.81877e-06 
7017 |5.82059e-06 
7018 |5.84342e-06 
7019 |5.82726e-06 
7020 |5.84835e-06 
7021 |5.81439e-06 
7022 |5.84644e-06 
7023 |5.85529e-06 
7024 |5.85456e-06 
7025 |5.82452e-06 
7026 |5.85164e-06 
7027 |5.87301e-06 
7028 |5.84324e-06 
7029 |5.84872e-06 
7030 |5.86561e-06 
7031 |5.86415e-06 
7032 |5.85274e-06 
7033 |5.82653e-06 
7034 |5.3907e-06 
7035 |5.41426e-06 
7036 |5.3823e-06 
7037 |5.37783e-06 
7038 |5.39381e-06 
7039 |5.4391e-06 
7040 |5.36139e-06 
7041 |5.42129e-06 
7042 |5.38513e-06 
7043 |5.40111e-06 
7044 |5.37345e-06 
7045 |5.43563e-06 
7046 |5.395e-06 
7047 |5.43956e-06 
7048 |5.38897e-06 
7049 |5.36769e-06 
7050 |5.38988e-06 
7051 |5.41563e-06 
7052 |5.40038e-06 
7053 |5.40321e-06 
7054 |5.40522e-06 
7055 |5.45179e-06 
7056 |5.40796e-06 
7057 |5.41554e-06 
7058 |4.39779e-06 
7059 |4.4324e-06 
7060 |4.42153e-06 
7061 |4.4019e-06 
7062 |4.4439e-06 
7063 |4.44007e-06 
7064 |4.42446e-06 
7065 |4.43267e-06 
7066 |4.39359e-06 
7067 |4.41441e-06 
7068 |4.42546e-06 
7069 |4.42327e-06 
7070 |4.41761e-06 
7071 |4.41806e-06 
7072 |4.40692e-06 
7073 |4.42993e-06 
7074 |4.44765e-06 
7075 |4.43295e-06 
7076 |4.42939e-06 
7077 |4.42427e-06 
7078 |4.3883e-06 
7079 |4.35433e-06 
7080 |4.41432e-06 
7081 |4.44199e-06 
7082 |1.29177e-05 
7083 |1.28359e-05 
7084 |1.28746e-05 
7085 |1.28508e-05 
7086 |1.28786e-05 
7087 |1.28366e-05 
7088 |1.28564e-05 
7089 |1.28597e-05 
7090 |1.28957e-05 
7091 |1.28362e-05 
7092 |1.28237e-05 
7093 |1.27723e-05 
7094 |1.2884e-05 
7095 |1.28711e-05 
7096 |1.2893e-05 
7097 |1.27926e-05 
7098 |1.2819e-05 
7099 |1.28115e-05 
7100 |1.28699e-05 
7101 |1.28683e-05 
7102 |1.29318e-05 
7103 |1.28968e-05 
7104 |1.29171e-05 
7105 |1.28949e-05 
7106 |1.43173e-05 
7107 |1.42906e-05 
7108 |1.42313e-05 
7109 |1.43419e-05 
7110 |1.42388e-05 
7111 |1.43116e-05 
7112 |1.43329e-05 
7113 |1.42858e-05 
7114 |1.42726e-05 
7115 |1.42666e-05 
7116 |1.42679e-05 
7117 |1.42838e-05 
7118 |1.42755e-05 
7119 |1.43403e-05 
7120 |1.43164e-05 
7121 |1.42585e-05 
7122 |1.42762e-05 
7123 |1.4318e-05 
7124 |1.42656e-05 
7125 |1.43451e-05 
7126 |1.42453e-05 
7127 |1.41899e-05 
7128 |1.43202e-05 
7129 |1.42686e-05 
7130 |1.52182e-05 
7131 |1.52886e-05 
7132 |1.52713e-05 
7133 |1.52582e-05 
7134 |1.5268e-05 
7135 |1.52942e-05 
7136 |1.52798e-05 
7137 |1.52299e-05 
7138 |1.52686e-05 
7139 |1.52695e-05 
7140 |1.53046e-05 
7141 |1.52963e-05 
7142 |1.52666e-05 
7143 |1.53665e-05 
7144 |1.53148e-05 
7145 |1.53321e-05 
7146 |1.52745e-05 
7147 |1.5284e-05 
7148 |1.52548e-05 
7149 |1.5284e-05 
7150 |1.52614e-05 
7151 |1.52124e-05 
7152 |1.52476e-05 
7153 |1.53405e-05 
7154 |1.62475e-05 
7155 |1.62599e-05 
7156 |1.62458e-05 
7157 |1.63229e-05 
7158 |1.6174e-05 
7159 |1.62943e-05 
7160 |1.63314e-05 
7161 |1.63192e-05 
7162 |1.62712e-05 
7163 |1.6177e-05 
7164 |1.62842e-05 
7165 |1.63451e-05 
7166 |1.62579e-05 
7167 |1.62335e-05 
7168 |1.62796e-05 
7169 |1.6301e-05 
7170 |1.63175e-05 
7171 |1.63125e-05 
7172 |1.63832e-05 
7173 |1.62085e-05 
7174 |1.62657e-05 
7175 |1.62833e-05 
7176 |1.62849e-05 
7177 |1.6265e-05 
7178 |9.61711e-06 
7179 |9.64003e-06 
7180 |9.68376e-06 
7181 |9.58159e-06 
7182 |9.6414e-06 
7183 |9.58077e-06 
7184 |9.63272e-06 
7185 |9.63345e-06 
7186 |9.68632e-06 
7187 |9.60624e-06 
7188 |9.67564e-06 
7189 |9.63208e-06 
7190 |9.60113e-06 
7191 |9.6067e-06 
7192 |9.68176e-06 
7193 |9.62706e-06 
7194 |9.65537e-06 
7195 |9.63373e-06 
7196 |9.62615e-06 
7197 |9.66879e-06 
7198 |9.62834e-06 
7199 |9.65518e-06 
7200 |9.6035e-06 
7201 |9.57465e-06 
7202 |1.00244e-05 
7203 |9.88894e-06 
7204 |9.94044e-06 
7205 |9.90483e-06 
7206 |9.83287e-06 
7207 |9.94738e-06 
7208 |9.91597e-06 
7209 |9.90072e-06 
7210 |9.86447e-06 
7211 |9.90227e-06 
7212 |9.92683e-06 
7213 |9.93405e-06 
7214 |9.92135e-06 
7215 |9.94299e-06 
7216 |9.95176e-06 
7217 |9.89981e-06 
7218 |9.96491e-06 
7219 |9.91953e-06 
7220 |9.87479e-06 
7221 |9.94199e-06 
7222 |9.94226e-06 
7223 |9.9135e-06 
7224 |9.89679e-06 
7225 |9.90875e-06 
7226 |1.11332e-05 
7227 |1.11237e-05 
7228 |1.1136e-05 
7229 |1.11112e-05 
7230 |1.1071e-05 
7231 |1.11239e-05 
7232 |1.11053e-05 
7233 |1.11242e-05 
7234 |1.1084e-05 
7235 |1.10593e-05 
7236 |1.11264e-05 
7237 |1.11295e-05 
7238 |1.11244e-05 
7239 |1.11215e-05 
7240 |1.11619e-05 
7241 |1.10698e-05 
7242 |1.10972e-05 
7243 |1.10756e-05 
7244 |1.11624e-05 
7245 |1.10786e-05 
7246 |1.11169e-05 
7247 |1.10659e-05 
7248 |1.11062e-05 
7249 |1.10594e-05 
7250 |1.17891e-05 
7251 |1.18433e-05 
7252 |1.17862e-05 
7253 |1.17835e-05 
7254 |1.18413e-05 
7255 |1.18212e-05 
7256 |1.1812e-05 
7257 |1.1762e-05 
7258 |1.18171e-05 
7259 |1.1812e-05 
7260 |1.18332e-05 
7261 |1.18353e-05 
7262 |1.17764e-05 
7263 |1.18255e-05 
7264 |1.18044e-05 
7265 |1.18444e-05 
7266 |1.18364e-05 
7267 |1.18534e-05 
7268 |1.17889e-05 
7269 |1.17809e-05 
7270 |1.18234e-05 
7271 |1.1808e-05 
7272 |1.17815e-05 
7273 |1.18022e-05 
7274 |1.25167e-05 
7275 |1.25907e-05 
7276 |1.24927e-05 
7277 |1.24905e-05 
7278 |1.24899e-05 
7279 |1.25313e-05 
7280 |1.25574e-05 
7281 |1.25392e-05 
7282 |1.25348e-05 
7283 |1.26026e-05 
7284 |1.25381e-05 
7285 |1.25254e-05 
7286 |1.25142e-05 
7287 |1.24928e-05 
7288 |1.24844e-05 
7289 |1.25551e-05 
7290 |1.25631e-05 
7291 |1.25168e-05 
7292 |1.25527e-05 
7293 |1.26254e-05 
7294 |1.25271e-05 
7295 |1.25524e-05 
7296 |1.26055e-05 
7297 |1.24868e-05 
7298 |8.11048e-06 
7299 |8.08218e-06 
7300 |8.13605e-06 
7301 |8.11167e-06 
7302 |8.07688e-06 
7303 |8.15166e-06 
7304 |8.1345e-06 
7305 |8.14363e-06 
7306 |8.12327e-06 
7307 |8.13605e-06 
7308 |8.14509e-06 
7309 |8.11012e-06 
7310 |8.07277e-06 
7311 |8.13167e-06 
7312 |8.06884e-06 
7313 |8.09889e-06 
7314 |8.14445e-06 
7315 |8.10199e-06 
7316 |8.11651e-06 
7317 |8.12655e-06 
7318 |8.14363e-06 
7319 |8.09341e-06 
7320 |8.0819e-06 
7321 |8.13605e-06 
7322 |9.03126e-06 
7323 |9.07144e-06 
7324 |9.0781e-06 
7325 |9.11773e-06 
7326 |9.02505e-06 
7327 |9.02468e-06 
7328 |9.07481e-06 
7329 |9.08632e-06 
7330 |9.02094e-06 
7331 |9.05646e-06 
7332 |9.0571e-06 
7333 |9.07509e-06 
7334 |9.0665e-06 
7335 |9.08641e-06 
7336 |9.13042e-06 
7337 |9.02386e-06 
7338 |9.12065e-06 
7339 |9.08139e-06 
7340 |9.01546e-06 
7341 |9.05189e-06 
7342 |9.03053e-06 
7343 |9.05116e-06 
7344 |9.06349e-06 
7345 |9.08258e-06 
7346 |1.01515e-05 
7347 |1.01517e-05 
7348 |1.01908e-05 
7349 |1.01766e-05 
7350 |1.01062e-05 
7351 |1.01285e-05 
7352 |1.01378e-05 
7353 |1.01646e-05 
7354 |1.01163e-05 
7355 |1.02258e-05 
7356 |1.01602e-05 
7357 |1.02104e-05 
7358 |1.01211e-05 
7359 |1.01865e-05 
7360 |1.01638e-05 
7361 |1.02033e-05 
7362 |1.01006e-05 
7363 |1.01614e-05 
7364 |1.01032e-05 
7365 |1.01281e-05 
7366 |1.01803e-05 
7367 |1.0108e-05 
7368 |1.01692e-05 
7369 |1.01956e-05 
7370 |1.07035e-05 
7371 |1.05798e-05 
7372 |1.06555e-05 
7373 |1.07211e-05 
7374 |1.06976e-05 
7375 |1.07279e-05 
7376 |1.07281e-05 
7377 |1.06543e-05 
7378 |1.06605e-05 
7379 |1.07175e-05 
7380 |1.05845e-05 
7381 |1.06926e-05 
7382 |1.06323e-05 
7383 |1.06865e-05 
7384 |1.06142e-05 
7385 |1.06877e-05 
7386 |1.0727e-05 
7387 |1.06975e-05 
7388 |1.07083e-05 
7389 |1.06366e-05 
7390 |1.06629e-05 
7391 |1.06969e-05 
7392 |1.06905e-05 
7393 |1.067e-05 
7394 |1.09539e-05 
7395 |1.08807e-05 
7396 |1.09636e-05 
7397 |1.09955e-05 
7398 |1.09142e-05 
7399 |1.09928e-05 
7400 |1.09691e-05 
7401 |1.09521e-05 
7402 |1.09665e-05 
7403 |1.10235e-05 
7404 |1.1011e-05 
7405 |1.10005e-05 
7406 |1.0967e-05 
7407 |1.08931e-05 
7408 |1.09395e-05 
7409 |1.09945e-05 
7410 |1.09891e-05 
7411 |1.09192e-05 
7412 |1.09481e-05 
7413 |1.09512e-05 
7414 |1.09402e-05 
7415 |1.09697e-05 
7416 |1.09603e-05 
7417 |1.10092e-05 
7418 |6.92856e-06 
7419 |6.95285e-06 
7420 |6.91422e-06 
7421 |6.91532e-06 
7422 |6.93705e-06 
7423 |6.97093e-06 
7424 |6.88948e-06 
7425 |6.91997e-06 
7426 |6.93184e-06 
7427 |6.92034e-06 
7428 |6.98882e-06 
7429 |6.92774e-06 
7430 |6.91066e-06 
7431 |6.93495e-06 
7432 |6.99028e-06 
7433 |6.93979e-06 
7434 |6.92034e-06 
7435 |6.98033e-06 
7436 |6.92737e-06 
7437 |6.95915e-06 
7438 |6.97175e-06 
7439 |6.92865e-06 
7440 |6.9565e-06 
7441 |6.94043e-06 
7442 |1.20347e-05 
7443 |1.20582e-05 
7444 |1.20725e-05 
7445 |1.20425e-05 
7446 |1.20975e-05 
7447 |1.20388e-05 
7448 |1.20657e-05 
7449 |1.20749e-05 
7450 |1.20893e-05 
7451 |1.20372e-05 
7452 |1.20883e-05 
7453 |1.20885e-05 
7454 |1.21194e-05 
7455 |1.21263e-05 
7456 |1.19544e-05 
7457 |1.20952e-05 
7458 |1.20812e-05 
7459 |1.20619e-05 
7460 |1.19782e-05 
7461 |1.20138e-05 
7462 |1.21186e-05 
7463 |1.20743e-05 
7464 |1.21318e-05 
7465 |1.20301e-05 
7466 |1.35152e-05 
7467 |1.3468e-05 
7468 |1.35084e-05 
7469 |1.35693e-05 
7470 |1.35131e-05 
7471 |1.35059e-05 
7472 |1.35427e-05 
7473 |1.35555e-05 
7474 |1.34431e-05 
7475 |1.35134e-05 
7476 |1.35023e-05 
7477 |1.34792e-05 
7478 |1.35276e-05 
7479 |1.34855e-05 
7480 |1.35021e-05 
7481 |1.34951e-05 
7482 |1.34824e-05 
7483 |1.34921e-05 
7484 |1.35468e-05 
7485 |1.3513e-05 
7486 |1.35197e-05 
7487 |1.35224e-05 
7488 |1.35158e-05 
7489 |1.3518e-05 
7490 |1.38176e-05 
7491 |1.38148e-05 
7492 |1.39204e-05 
7493 |1.38309e-05 
7494 |1.38768e-05 
7495 |1.37988e-05 
7496 |1.38151e-05 
7497 |1.38198e-05 
7498 |1.38011e-05 
7499 |1.3795e-05 
7500 |1.37823e-05 
7501 |1.38415e-05 
7502 |1.38905e-05 
7503 |1.3837e-05 
7504 |1.38162e-05 
7505 |1.38267e-05 
7506 |1.37524e-05 
7507 |1.38238e-05 
7508 |1.37803e-05 
7509 |1.38253e-05 
7510 |1.38826e-05 
7511 |1.38736e-05 
7512 |1.37944e-05 
7513 |1.38032e-05 
7514 |1.36009e-05 
7515 |1.35152e-05 
7516 |1.35811e-05 
7517 |1.36274e-05 
7518 |1.35545e-05 
7519 |1.35581e-05 
7520 |1.36193e-05 
7521 |1.35992e-05 
7522 |1.36131e-05 
7523 |1.35398e-05 
7524 |1.35562e-05 
7525 |1.35926e-05 
7526 |1.36269e-05 
7527 |1.35548e-05 
7528 |1.351e-05 
7529 |1.35658e-05 
7530 |1.35399e-05 
7531 |1.35499e-05 
7532 |1.35696e-05 
7533 |1.36424e-05 
7534 |1.36111e-05 
7535 |1.35531e-05 
7536 |1.35435e-05 
7537 |1.3594e-05 
7538 |4.78185e-06 
7539 |4.78851e-06 
7540 |4.77198e-06 
7541 |4.8138e-06 
7542 |4.81481e-06 
7543 |4.82704e-06 
7544 |4.79509e-06 
7545 |4.77335e-06 
7546 |4.78458e-06 
7547 |4.80166e-06 
7548 |4.7582e-06 
7549 |4.81116e-06 
7550 |4.77582e-06 
7551 |4.78541e-06 
7552 |4.82412e-06 
7553 |4.77746e-06 
7554 |4.7939e-06 
7555 |4.79299e-06 
7556 |4.83426e-06 
7557 |4.78869e-06 
7558 |4.79728e-06 
7559 |4.80933e-06 
7560 |4.75966e-06 
7561 |4.81408e-06 
7562 |3.47903e-06 
7563 |3.44898e-06 
7564 |3.48414e-06 
7565 |3.47811e-06 
7566 |3.48606e-06 
7567 |3.48816e-06 
7568 |3.49583e-06 
7569 |3.45866e-06 
7570 |3.44195e-06 
7571 |3.50267e-06 
7572 |3.49994e-06 
7573 |3.47126e-06 
7574 |3.46615e-06 
7575 |3.46533e-06 
7576 |3.47994e-06 
7577 |3.50322e-06 
7578 |3.47053e-06 
7579 |3.4961e-06 
7580 |3.44369e-06 
7581 |3.47811e-06 
7582 |3.49838e-06 
7583 |3.515e-06 
7584 |3.44725e-06 
7585 |3.46003e-06 
7586 |2.90094e-06 
7587 |2.90961e-06 
7588 |2.89099e-06 
7589 |2.90276e-06 
7590 |2.91244e-06 
7591 |2.92212e-06 
7592 |2.9139e-06 
7593 |2.89683e-06 
7594 |2.92934e-06 
7595 |2.90395e-06 
7596 |2.895e-06 
7597 |2.90523e-06 
7598 |2.91473e-06 
7599 |2.915e-06 
7600 |2.89053e-06 
7601 |2.88359e-06 
7602 |2.92778e-06 
7603 |2.91783e-06 
7604 |2.88551e-06 
7605 |2.92404e-06 
7606 |2.92139e-06 
7607 |2.93071e-06 
7608 |2.91107e-06 
7609 |2.91071e-06 
7610 |6.81807e-06 
7611 |6.76794e-06 
7612 |6.79999e-06 
7613 |6.83569e-06 
7614 |6.78027e-06 
7615 |6.79269e-06 
7616 |6.78063e-06 
7617 |6.77369e-06 
7618 |6.77972e-06 
7619 |6.86199e-06 
7620 |6.82501e-06 
7621 |6.82976e-06 
7622 |6.80255e-06 
7623 |6.79698e-06 
7624 |6.81469e-06 
7625 |6.81734e-06 
7626 |6.76648e-06 
7627 |6.80785e-06 
7628 |6.76539e-06 
7629 |6.76182e-06 
7630 |6.78429e-06 
7631 |6.7747e-06 
7632 |6.81561e-06 
7633 |6.78502e-06 
7634 |5.36313e-06 
7635 |5.32094e-06 
7636 |5.29875e-06 
7637 |5.31409e-06 
7638 |5.29245e-06 
7639 |5.31875e-06 
7640 |5.28515e-06 
7641 |5.33373e-06 
7642 |5.31136e-06 
7643 |5.33592e-06 
7644 |5.35902e-06 
7645 |5.30652e-06 
7646 |5.29163e-06 
7647 |5.32012e-06 
7648 |5.33711e-06 
7649 |5.32368e-06 
7650 |5.34834e-06 
7651 |5.29775e-06 
7652 |5.31857e-06 
7653 |5.32834e-06 
7654 |5.32313e-06 
7655 |5.29017e-06 
7656 |5.30432e-06 
7657 |5.31136e-06 
7658 |4.91096e-06 
7659 |4.92922e-06 
7660 |4.93863e-06 
7661 |4.87535e-06 
7662 |4.93817e-06 
7663 |4.92146e-06 
7664 |4.91315e-06 
7665 |4.89553e-06 
7666 |4.90667e-06 
7667 |4.89215e-06 
7668 |4.90877e-06 
7669 |4.90667e-06 
7670 |4.90374e-06 
7671 |4.9168e-06 
7672 |4.86941e-06 
7673 |4.92018e-06 
7674 |4.91872e-06 
7675 |4.90429e-06 
7676 |4.88475e-06 
7677 |4.97844e-06 
7678 |4.93415e-06 
7679 |4.88548e-06 
7680 |4.90931e-06 
7681 |4.9032e-06 
7682 |3.89303e-06 
7683 |3.84673e-06 
7684 |3.8534e-06 
7685 |3.84892e-06 
7686 |3.85824e-06 
7687 |3.86262e-06 
7688 |3.84153e-06 
7689 |3.82126e-06 
7690 |3.83687e-06 
7691 |3.84838e-06 
7692 |3.88764e-06 
7693 |3.82318e-06 
7694 |3.85413e-06 
7695 |3.85833e-06 
7696 |3.85806e-06 
7697 |3.84098e-06 
7698 |3.85084e-06 
7699 |3.83687e-06 
7700 |3.85084e-06 
7701 |3.88052e-06 
7702 |3.82719e-06 
7703 |3.89714e-06 
7704 |3.84116e-06 
7705 |3.82929e-06 
7706 |6.12557e-06 
7707 |6.09024e-06 
7708 |6.14128e-06 
7709 |6.09078e-06 
7710 |6.12758e-06 
7711 |6.07727e-06 
7712 |6.08549e-06 
7713 |6.10822e-06 
7714 |6.08969e-06 
7715 |6.06494e-06 
7716 |6.09818e-06 
7717 |6.11288e-06 
7718 |6.12575e-06 
7719 |6.07252e-06 
7720 |6.11498e-06 
7721 |6.12028e-06 
7722 |6.11051e-06 
7723 |6.10256e-06 
7724 |6.08129e-06 
7725 |6.09526e-06 
7726 |6.11681e-06 
7727 |6.11745e-06 
7728 |6.10284e-06 
7729 |6.08841e-06 
7730 |4.89827e-06 
7731 |4.89142e-06 
7732 |4.90064e-06 
7733 |4.91297e-06 
7734 |4.90155e-06 
7735 |4.90539e-06 
7736 |4.94063e-06 
7737 |4.89744e-06 
7738 |4.91571e-06 
7739 |4.92301e-06 
7740 |4.92657e-06 
7741 |4.88e-06 
7742 |4.89626e-06 
7743 |4.90457e-06 
7744 |4.88977e-06 
7745 |4.95908e-06 
7746 |4.89197e-06 
7747 |4.92584e-06 
7748 |4.90858e-06 
7749 |4.92027e-06 
7750 |4.91087e-06 
7751 |4.91662e-06 
7752 |4.90493e-06 
7753 |4.86795e-06 
7754 |4.66488e-06 
7755 |4.67182e-06 
7756 |4.68487e-06 
7757 |4.62406e-06 
7758 |4.64744e-06 
7759 |4.66268e-06 
7760 |4.67821e-06 
7761 |4.70451e-06 
7762 |4.63657e-06 
7763 |4.64652e-06 
7764 |4.67054e-06 
7765 |4.66351e-06 
7766 |4.67519e-06 
7767 |4.64963e-06 
7768 |4.67821e-06 
7769 |4.64424e-06 
7770 |4.61283e-06 
7771 |4.6961e-06 
7772 |4.67309e-06 
7773 |4.69556e-06 
7774 |4.6825e-06 
7775 |4.69053e-06 
7776 |4.67739e-06 
7777 |4.65684e-06 
7778 |3.80327e-06 
7779 |3.79578e-06 
7780 |3.80847e-06 
7781 |3.82016e-06 
7782 |3.83386e-06 
7783 |3.79533e-06 
7784 |3.83897e-06 
7785 |3.82217e-06 
7786 |3.78948e-06 
7787 |3.84199e-06 
7788 |3.8324e-06 
7789 |3.78829e-06 
7790 |3.80765e-06 
7791 |3.80564e-06 
7792 |3.83605e-06 
7793 |3.81258e-06 
7794 |3.80217e-06 
7795 |3.80053e-06 
7796 |3.85733e-06 
7797 |3.86728e-06 
7798 |3.8292e-06 
7799 |3.81523e-06 
7800 |3.81788e-06 
7801 |3.79286e-06 
7802 |2.34805e-06 
7803 |2.34495e-06 
7804 |2.34002e-06 
7805 |2.35517e-06 
7806 |2.35362e-06 
7807 |2.35883e-06 
7808 |2.34559e-06 
7809 |2.36768e-06 
7810 |2.34723e-06 
7811 |2.34531e-06 
7812 |2.36723e-06 
7813 |2.36084e-06 
7814 |2.37618e-06 
7815 |2.36257e-06 
7816 |2.35463e-06 
7817 |2.35244e-06 
7818 |2.35764e-06 
7819 |2.34477e-06 
7820 |2.34988e-06 
7821 |2.36376e-06 
7822 |2.36805e-06 
7823 |2.39033e-06 
7824 |2.34769e-06 
7825 |2.39015e-06 
7826 |1.18406e-05 
7827 |1.17764e-05 
7828 |1.1781e-05 
7829 |1.18165e-05 
7830 |1.17824e-05 
7831 |1.18019e-05 
7832 |1.1822e-05 
7833 |1.18471e-05 
7834 |1.18192e-05 
7835 |1.17958e-05 
7836 |1.1875e-05 
7837 |1.17795e-05 
7838 |1.18155e-05 
7839 |1.18288e-05 
7840 |1.1772e-05 
7841 |1.17811e-05 
7842 |1.17714e-05 
7843 |1.18139e-05 
7844 |1.17835e-05 
7845 |1.18237e-05 
7846 |1.18276e-05 
7847 |1.18202e-05 
7848 |1.17997e-05 
7849 |1.18124e-05 
7850 |9.72732e-06 
7851 |9.74823e-06 
7852 |9.72285e-06 
7853 |9.7223e-06 
7854 |9.70285e-06 
7855 |9.72641e-06 
7856 |9.66632e-06 
7857 |9.68915e-06 
7858 |9.74586e-06 
7859 |9.70084e-06 
7860 |9.80037e-06 
7861 |9.77507e-06 
7862 |9.72604e-06 
7863 |9.72869e-06 
7864 |9.74595e-06 
7865 |9.70495e-06 
7866 |9.73855e-06 
7867 |9.68906e-06 
7868 |9.77033e-06 
7869 |9.73262e-06 
7870 |9.78539e-06 
7871 |9.78238e-06 
7872 |9.71052e-06 
7873 |9.78201e-06 
7874 |9.31085e-06 
7875 |9.28264e-06 
7876 |9.27332e-06 
7877 |9.24155e-06 
7878 |9.35632e-06 
7879 |9.31213e-06 
7880 |9.32464e-06 
7881 |9.32007e-06 
7882 |9.29642e-06 
7883 |9.25159e-06 
7884 |9.24611e-06 
7885 |9.35888e-06 
7886 |9.30775e-06 
7887 |9.32893e-06 
7888 |9.28611e-06 
7889 |9.36381e-06 
7890 |9.36071e-06 
7891 |9.33359e-06 
7892 |9.2883e-06 
7893 |9.25643e-06 
7894 |9.33094e-06 
7895 |9.32592e-06 
7896 |9.31368e-06 
7897 |9.29697e-06 
7898 |7.60079e-06 
7899 |7.61065e-06 
7900 |7.56755e-06 
7901 |7.64735e-06 
7902 |7.65895e-06 
7903 |7.64973e-06 
7904 |7.59759e-06 
7905 |7.5975e-06 
7906 |7.64042e-06 
7907 |7.63147e-06 
7908 |7.66215e-06 
7909 |7.66553e-06 
7910 |7.66763e-06 
7911 |7.64589e-06 
7912 |7.67164e-06 
7913 |7.68059e-06 
7914 |7.59805e-06 
7915 |7.66963e-06 
7916 |7.64644e-06 
7917 |7.59613e-06 
7918 |7.60316e-06 
7919 |7.64854e-06 
7920 |7.64434e-06 
7921 |7.6227e-06 
7922 |8.41144e-06 
7923 |8.373e-06 
7924 |8.3667e-06 
7925 |8.39939e-06 
7926 |8.34132e-06 
7927 |8.33474e-06 
7928 |8.36506e-06 
7929 |8.35583e-06 
7930 |8.36478e-06 
7931 |8.38304e-06 
7932 |8.39126e-06 
7933 |8.38195e-06 
7934 |8.35976e-06 
7935 |8.3741e-06 
7936 |8.37976e-06 
7937 |8.38962e-06 
7938 |8.3488e-06 
7939 |8.43162e-06 
7940 |8.43345e-06 
7941 |8.41519e-06 
7942 |8.38058e-06 
7943 |8.36606e-06 
7944 |8.35099e-06 
7945 |8.39117e-06 
7946 |9.77672e-06 
7947 |9.83077e-06 
7948 |9.82612e-06 
7949 |9.76183e-06 
7950 |9.79617e-06 
7951 |9.87296e-06 
7952 |9.82566e-06 
7953 |9.79151e-06 
7954 |9.86867e-06 
7955 |9.88045e-06 
7956 |9.78147e-06 
7957 |9.8557e-06 
7958 |9.85369e-06 
7959 |9.80183e-06 
7960 |9.86355e-06 
7961 |9.76759e-06 
7962 |9.77927e-06 
7963 |9.86273e-06 
7964 |9.89487e-06 
7965 |9.81909e-06 
7966 |9.79425e-06 
7967 |9.79197e-06 
7968 |9.86264e-06 
7969 |9.87387e-06 
7970 |8.48038e-06 
7971 |8.43747e-06 
7972 |8.45874e-06 
7973 |8.45545e-06 
7974 |8.46513e-06 
7975 |8.44934e-06 
7976 |8.42888e-06 
7977 |8.45901e-06 
7978 |8.49298e-06 
7979 |8.47399e-06 
7980 |8.4613e-06 
7981 |8.48285e-06 
7982 |8.44879e-06 
7983 |8.47244e-06 
7984 |8.42669e-06 
7985 |8.4234e-06 
7986 |8.44468e-06 
7987 |8.41482e-06 
7988 |8.44367e-06 
7989 |8.46303e-06 
7990 |8.47326e-06 
7991 |8.47143e-06 
7992 |8.43509e-06 
7993 |8.47152e-06 
7994 |9.61638e-06 
7995 |9.64286e-06 
7996 |9.67801e-06 
7997 |9.68422e-06 
7998 |9.60999e-06 
7999 |9.68431e-06 
8000 |9.65692e-06 
8001 |9.6487e-06 
8002 |9.65071e-06 
8003 |9.6329e-06 
8004 |9.64057e-06 
8005 |9.66167e-06 
8006 |9.66514e-06 
8007 |9.63811e-06 
8008 |9.65847e-06 
8009 |9.7086e-06 
8010 |9.68696e-06 
8011 |9.63583e-06 
8012 |9.6718e-06 
8013 |9.66861e-06 
8014 |9.67682e-06 
8015 |9.65162e-06 
8016 |9.60916e-06 
8017 |9.6624e-06 
8018 |8.48869e-06 
8019 |8.59169e-06 
8020 |8.55096e-06 
8021 |8.56658e-06 
8022 |8.54403e-06 
8023 |8.58749e-06 
8024 |8.5022e-06 
8025 |8.61178e-06 
8026 |8.52932e-06 
8027 |8.50942e-06 
8028 |8.57991e-06 
8029 |8.53864e-06 
8030 |8.57206e-06 
8031 |8.5611e-06 
8032 |8.56968e-06 
8033 |8.58128e-06 
8034 |8.53362e-06 
8035 |8.62602e-06 
8036 |8.52403e-06 
8037 |8.54375e-06 
8038 |8.53608e-06 
8039 |8.5559e-06 
8040 |8.5706e-06 
8041 |8.55516e-06 
8042 |8.47709e-06 
8043 |8.58046e-06 
8044 |8.52805e-06 
8045 |8.52823e-06 
8046 |8.50704e-06 
8047 |8.54129e-06 
8048 |8.52394e-06 
8049 |8.48476e-06 
8050 |8.55096e-06 
8051 |8.51764e-06 
8052 |8.54512e-06 
8053 |8.54147e-06 
8054 |8.50924e-06 
8055 |8.52293e-06 
8056 |8.5485e-06 
8057 |8.54667e-06 
8058 |8.52996e-06 
8059 |8.52777e-06 
8060 |8.5737e-06 
8061 |8.5317e-06 
8062 |8.54065e-06 
8063 |8.49947e-06 
8064 |8.53882e-06 
8065 |8.53572e-06 
8066 |9.82256e-06 
8067 |9.82813e-06 
8068 |9.95395e-06 
8069 |9.8894e-06 
8070 |9.90483e-06 
8071 |9.90574e-06 
8072 |9.87707e-06 
8073 |9.85698e-06 
8074 |9.89853e-06 
8075 |9.83388e-06 
8076 |9.88182e-06 
8077 |9.88848e-06 
8078 |9.93934e-06 
8079 |9.80229e-06 
8080 |9.91825e-06 
8081 |9.8452e-06 
8082 |9.89323e-06 
8083 |9.8746e-06 
8084 |9.87524e-06 
8085 |9.83205e-06 
8086 |9.87049e-06 
8087 |9.88173e-06 
8088 |9.87406e-06 
8089 |9.862e-06 
8090 |8.31593e-06 
8091 |8.23266e-06 
8092 |8.24361e-06 
8093 |8.23713e-06 
8094 |8.18554e-06 
8095 |8.26352e-06 
8096 |8.28342e-06 
8097 |8.28023e-06 
8098 |8.33319e-06 
8099 |8.26653e-06 
8100 |8.28653e-06 
8101 |8.29703e-06 
8102 |8.2658e-06 
8103 |8.28562e-06 
8104 |8.25101e-06 
8105 |8.26808e-06 
8106 |8.24124e-06 
8107 |8.25494e-06 
8108 |8.23366e-06 
8109 |8.24937e-06 
8110 |8.25694e-06 
8111 |8.23119e-06 
8112 |8.22763e-06 
8113 |8.26489e-06 
8114 |8.95666e-06 
8115 |9.00989e-06 
8116 |9.04021e-06 
8117 |8.97218e-06 
8118 |9.01628e-06 
8119 |9.00313e-06 
8120 |9.00861e-06 
8121 |8.99437e-06 
8122 |9.00377e-06 
8123 |9.00368e-06 
8124 |9.01108e-06 
8125 |8.9961e-06 
8126 |9.01747e-06 
8127 |9.02258e-06 
8128 |8.99172e-06 
8129 |8.99282e-06 
8130 |9.00615e-06 
8131 |9.00368e-06 
8132 |9.00478e-06 
8133 |9.00149e-06 
8134 |8.98104e-06 
8135 |9.01108e-06 
8136 |8.95474e-06 
8137 |9.04578e-06 
8138 |7.67301e-06 
8139 |7.68141e-06 
8140 |7.69191e-06 
8141 |7.70205e-06 
8142 |7.70945e-06 
8143 |7.73684e-06 
8144 |7.75665e-06 
8145 |7.7436e-06 
8146 |7.73976e-06 
8147 |7.71584e-06 
8148 |7.69648e-06 
8149 |7.733e-06 
8150 |7.74478e-06 
8151 |7.73638e-06 
8152 |7.71502e-06 
8153 |7.75328e-06 
8154 |7.73337e-06 
8155 |7.69949e-06 
8156 |7.73757e-06 
8157 |7.72588e-06 
8158 |7.74058e-06 
8159 |7.72442e-06 
8160 |7.71237e-06 
8161 |7.70333e-06 
8162 |7.0805e-06 
8163 |7.12168e-06 
8164 |7.0752e-06 
8165 |7.1025e-06 
8166 |7.12424e-06 
8167 |7.14688e-06 
8168 |7.05155e-06 
8169 |7.18724e-06 
8170 |7.13748e-06 
8171 |7.08013e-06 
8172 |7.07739e-06 
8173 |7.15273e-06 
8174 |7.10753e-06 
8175 |7.07082e-06 
8176 |7.133e-06 
8177 |7.13766e-06 
8178 |7.12113e-06 
8179 |7.1025e-06 
8180 |7.12561e-06 
8181 |7.09602e-06 
8182 |7.12707e-06 
8183 |7.08771e-06 
8184 |7.13346e-06 
8185 |7.08269e-06 
8186 |8.1986e-06 
8187 |8.20919e-06 
8188 |8.16079e-06 
8189 |8.2248e-06 
8190 |8.23476e-06 
8191 |8.14728e-06 
8192 |8.23567e-06 
8193 |8.18581e-06 
8194 |8.2354e-06 
8195 |8.19659e-06 
8196 |8.18454e-06 
8197 |8.18874e-06 
8198 |8.23247e-06 
8199 |8.22216e-06 
8200 |8.18737e-06 
8201 |8.20371e-06 
8202 |8.20481e-06 
8203 |8.21531e-06 
8204 |8.21147e-06 
8205 |8.20042e-06 
8206 |8.22745e-06 
8207 |8.16673e-06 
8208 |8.19668e-06 
8209 |8.17458e-06 
8210 |6.66504e-06 
8211 |6.63582e-06 
8212 |6.66851e-06 
8213 |6.71233e-06 
8214 |6.65928e-06 
8215 |6.69919e-06 
8216 |6.68211e-06 
8217 |6.69435e-06 
8218 |6.69782e-06 
8219 |6.70138e-06 
8220 |6.64066e-06 
8221 |6.6486e-06 
8222 |6.70156e-06 
8223 |6.64677e-06 
8224 |6.6927e-06 
8225 |6.63454e-06 
8226 |6.67353e-06 
8227 |6.68805e-06 
8228 |6.65116e-06 
8229 |6.65307e-06 
8230 |6.6664e-06 
8231 |6.60441e-06 
8232 |6.66987e-06 
8233 |6.71663e-06 
8234 |6.88071e-06 
8235 |6.85131e-06 
8236 |6.87414e-06 
8237 |6.885e-06 
8238 |6.89888e-06 
8239 |6.88792e-06 
8240 |6.83688e-06 
8241 |6.86893e-06 
8242 |6.84912e-06 
8243 |6.89477e-06 
8244 |6.82903e-06 
8245 |6.84336e-06 
8246 |6.86966e-06 
8247 |6.86053e-06 
8248 |6.8462e-06 
8249 |6.83314e-06 
8250 |6.86053e-06 
8251 |6.80684e-06 
8252 |6.89167e-06 
8253 |6.85478e-06 
8254 |6.84026e-06 
8255 |6.84583e-06 
8256 |6.87386e-06 
8257 |6.89267e-06 
8258 |5.48612e-06 
8259 |5.47781e-06 
8260 |5.46439e-06 
8261 |5.41764e-06 
8262 |5.45946e-06 
8263 |5.46677e-06 
8264 |5.46932e-06 
8265 |5.48211e-06 
8266 |5.45334e-06 
8267 |5.43061e-06 
8268 |5.46421e-06 
8269 |5.48978e-06 
8270 |5.51032e-06 
8271 |5.47928e-06 
8272 |5.47179e-06 
8273 |5.43782e-06 
8274 |5.4422e-06 
8275 |5.44147e-06 
8276 |5.42933e-06 
8277 |5.45015e-06 
8278 |5.4538e-06 
8279 |5.46439e-06 
8280 |5.45097e-06 
8281 |5.41581e-06 
8282 |8.14701e-06 
8283 |8.19239e-06 
8284 |8.17002e-06 
8285 |8.12546e-06 
8286 |8.13212e-06 
8287 |8.18134e-06 
8288 |8.14865e-06 
8289 |8.13304e-06 
8290 |8.17002e-06 
8291 |8.14737e-06 
8292 |8.17349e-06 
8293 |8.11203e-06 
8294 |8.16728e-06 
8295 |8.16993e-06 
8296 |8.14719e-06 
8297 |8.14244e-06 
8298 |8.16125e-06 
8299 |8.15449e-06 
8300 |8.1859e-06 
8301 |8.15285e-06 
8302 |8.16244e-06 
8303 |8.12874e-06 
8304 |8.14144e-06 
8305 |8.16993e-06 
8306 |9.45731e-06 
8307 |9.40472e-06 
8308 |9.386e-06 
8309 |9.45439e-06 
8310 |9.44133e-06 
8311 |9.43522e-06 
8312 |9.46544e-06 
8313 |9.41558e-06 
8314 |9.41376e-06 
8315 |9.42161e-06 
8316 |9.51009e-06 
8317 |9.39778e-06 
8318 |9.4669e-06 
8319 |9.43284e-06 
8320 |9.47795e-06 
8321 |9.46416e-06 
8322 |9.41522e-06 
8323 |9.47987e-06 
8324 |9.4879e-06 
8325 |9.45184e-06 
8326 |9.41184e-06 
8327 |9.42298e-06 
8328 |9.45357e-06 
8329 |9.47622e-06 
8330 |7.53212e-06 
8331 |7.50683e-06 
8332 |7.53641e-06 
8333 |7.49605e-06 
8334 |7.56435e-06 
8335 |7.52071e-06 
8336 |7.5512e-06 
8337 |7.57969e-06 
8338 |7.4745e-06 
8339 |7.52673e-06 
8340 |7.50345e-06 
8341 |7.50455e-06 
8342 |7.55723e-06 
8343 |7.54984e-06 
8344 |7.53523e-06 
8345 |7.48391e-06 
8346 |7.52902e-06 
8347 |7.51596e-06 
8348 |7.49998e-06 
8349 |7.50254e-06 
8350 |7.55687e-06 
8351 |7.5386e-06 
8352 |7.50701e-06 
8353 |7.56107e-06 
8354 |7.40018e-06 
8355 |7.40766e-06 
8356 |7.34904e-06 
8357 |7.36922e-06 
8358 |7.36119e-06 
8359 |7.3884e-06 
8360 |7.39826e-06 
8361 |7.42593e-06 
8362 |7.38082e-06 
8363 |7.37443e-06 
8364 |7.38931e-06 
8365 |7.42054e-06 
8366 |7.38694e-06 
8367 |7.37872e-06 
8368 |7.35516e-06 
8369 |7.38831e-06 
8370 |7.36867e-06 
8371 |7.41406e-06 
8372 |7.40465e-06 
8373 |7.37543e-06 
8374 |7.33489e-06 
8375 |7.42227e-06 
8376 |7.37324e-06 
8377 |7.4178e-06 
8378 |8.92424e-06 
8379 |8.98095e-06 
8380 |8.94835e-06 
8381 |8.93264e-06 
8382 |8.90552e-06 
8383 |8.91091e-06 
8384 |8.89648e-06 
8385 |8.87968e-06 
8386 |8.9068e-06 
8387 |8.94113e-06 
8388 |8.90498e-06 
8389 |8.88954e-06 
8390 |8.94908e-06 
8391 |8.90415e-06 
8392 |8.93967e-06 
8393 |8.92653e-06 
8394 |8.90689e-06 
8395 |8.93511e-06 
8396 |8.90543e-06 
8397 |8.8921e-06 
8398 |8.88133e-06 
8399 |8.92351e-06 
8400 |8.94223e-06 
8401 |8.93e-06 
8402 |1.03822e-05 
8403 |1.0335e-05 
8404 |1.03545e-05 
8405 |1.03301e-05 
8406 |1.03868e-05 
8407 |1.03788e-05 
8408 |1.03145e-05 
8409 |1.03225e-05 
8410 |1.03269e-05 
8411 |1.03323e-05 
8412 |1.03505e-05 
8413 |1.03706e-05 
8414 |1.03008e-05 
8415 |1.03644e-05 
8416 |1.0345e-05 
8417 |1.0368e-05 
8418 |1.0405e-05 
8419 |1.0355e-05 
8420 |1.03395e-05 
8421 |1.03368e-05 
8422 |1.0313e-05 
8423 |1.03745e-05 
8424 |1.03425e-05 
8425 |1.03253e-05 
8426 |8.00301e-06 
8427 |7.96804e-06 
8428 |7.95279e-06 
8429 |7.99105e-06 
8430 |7.99881e-06 
8431 |8.00347e-06 
8432 |7.99543e-06 
8433 |7.9747e-06 
8434 |7.96786e-06 
8435 |7.99945e-06 
8436 |7.9716e-06 
8437 |7.97452e-06 
8438 |8.02858e-06 
8439 |7.95462e-06 
8440 |7.97178e-06 
8441 |7.98539e-06 
8442 |8.00913e-06 
8443 |7.95361e-06 
8444 |8.02429e-06 
8445 |7.97333e-06 
8446 |7.9726e-06 
8447 |7.92065e-06 
8448 |7.96365e-06 
8449 |7.96238e-06 
8450 |7.56581e-06 
8451 |7.52546e-06 
8452 |7.5271e-06 
8453 |7.54125e-06 
8454 |7.54271e-06 
8455 |7.51568e-06 
8456 |7.5618e-06 
8457 |7.56152e-06 
8458 |7.53669e-06 
8459 |7.55349e-06 
8460 |7.52299e-06 
8461 |7.57686e-06 
8462 |7.52737e-06 
8463 |7.56883e-06 
8464 |7.58024e-06 
8465 |7.50244e-06 
8466 |7.52664e-06 
8467 |7.5386e-06 
8468 |7.56764e-06 
8469 |7.52399e-06 
8470 |7.52463e-06 
8471 |7.59421e-06 
8472 |7.54563e-06 
8473 |7.48217e-06 
8474 |1.24801e-05 
8475 |1.24983e-05 
8476 |1.2536e-05 
8477 |1.25054e-05 
8478 |1.25339e-05 
8479 |1.25517e-05 
8480 |1.25303e-05 
8481 |1.24861e-05 
8482 |1.25293e-05 
8483 |1.24833e-05 
8484 |1.24737e-05 
8485 |1.25445e-05 
8486 |1.24823e-05 
8487 |1.24693e-05 
8488 |1.24792e-05 
8489 |1.25286e-05 
8490 |1.25612e-05 
8491 |1.25234e-05 
8492 |1.25739e-05 
8493 |1.25401e-05 
8494 |1.247e-05 
8495 |1.25124e-05 
8496 |1.25504e-05 
8497 |1.24985e-05 
8498 |1.43639e-05 
8499 |1.43893e-05 
8500 |1.4414e-05 
8501 |1.44633e-05 
8502 |1.44457e-05 
8503 |1.44556e-05 
8504 |1.44464e-05 
8505 |1.44344e-05 
8506 |1.44528e-05 
8507 |1.44587e-05 
8508 |1.43941e-05 
8509 |1.44201e-05 
8510 |1.44284e-05 
8511 |1.44482e-05 
8512 |1.43856e-05 
8513 |1.44512e-05 
8514 |1.4396e-05 
8515 |1.43661e-05 
8516 |1.44003e-05 
8517 |1.43772e-05 
8518 |1.43662e-05 
8519 |1.43572e-05 
8520 |1.43568e-05 
8521 |1.44497e-05 
8522 |1.05875e-05 
8523 |1.06354e-05 
8524 |1.06171e-05 
8525 |1.0651e-05 
8526 |1.0627e-05 
8527 |1.06597e-05 
8528 |1.06217e-05 
8529 |1.05601e-05 
8530 |1.06339e-05 
8531 |1.05971e-05 
8532 |1.05869e-05 
8533 |1.06889e-05 
8534 |1.06609e-05 
8535 |1.06055e-05 
8536 |1.06363e-05 
8537 |1.06319e-05 
8538 |1.06373e-05 
8539 |1.05355e-05 
8540 |1.06441e-05 
8541 |1.06516e-05 
8542 |1.05362e-05 
8543 |1.06034e-05 
8544 |1.06043e-05 
8545 |1.06551e-05 
8546 |6.39448e-06 
8547 |6.4384e-06 
8548 |6.45986e-06 
8549 |6.44032e-06 
8550 |6.409e-06 
8551 |6.45648e-06 
8552 |6.47913e-06 
8553 |6.41064e-06 
8554 |6.43311e-06 
8555 |6.44836e-06 
8556 |6.44169e-06 
8557 |6.45931e-06 
8558 |6.48388e-06 
8559 |6.45831e-06 
8560 |6.46908e-06 
8561 |6.4437e-06 
8562 |6.41229e-06 
8563 |6.41941e-06 
8564 |6.46059e-06 
8565 |6.43849e-06 
8566 |6.4479e-06 
8567 |6.43429e-06 
8568 |6.48926e-06 
8569 |6.46945e-06 
8570 |6.43694e-06 
8571 |6.40827e-06 
8572 |6.46041e-06 
8573 |6.41347e-06 
8574 |6.38343e-06 
8575 |6.43356e-06 
8576 |6.41347e-06 
8577 |6.39713e-06 
8578 |6.37001e-06 
8579 |6.41557e-06 
8580 |6.38581e-06 
8581 |6.41284e-06 
8582 |6.44425e-06 
8583 |6.45292e-06 
8584 |6.42324e-06 
8585 |6.43256e-06 
8586 |6.43621e-06 
8587 |6.41758e-06 
8588 |6.4584e-06 
8589 |6.41475e-06 
8590 |6.44826e-06 
8591 |6.39083e-06 
8592 |6.39311e-06 
8593 |6.42836e-06 
8594 |5.86388e-06 
8595 |5.87885e-06 
8596 |5.86287e-06 
8597 |5.8468e-06 
8598 |5.89812e-06 
8599 |5.85794e-06 
8600 |5.88451e-06 
8601 |5.8584e-06 
8602 |5.8573e-06 
8603 |5.85611e-06 
8604 |5.85575e-06 
8605 |5.80306e-06 
8606 |5.86095e-06 
8607 |5.82352e-06 
8608 |5.85246e-06 
8609 |5.86862e-06 
8610 |5.87054e-06 
8611 |5.88561e-06 
8612 |5.85675e-06 
8613 |5.82352e-06 
8614 |5.87438e-06 
8615 |5.87072e-06 
8616 |5.86251e-06 
8617 |5.86452e-06 
8618 |5.37427e-06 
8619 |5.40422e-06 
8620 |5.39335e-06 
8621 |5.40212e-06 
8622 |5.33254e-06 
8623 |5.43326e-06 
8624 |5.3971e-06 
8625 |5.44202e-06 
8626 |5.39764e-06 
8627 |5.38404e-06 
8628 |5.37555e-06 
8629 |5.39417e-06 
8630 |5.40248e-06 
8631 |5.37582e-06 
8632 |5.38093e-06 
8633 |5.42084e-06 
8634 |5.35098e-06 
8635 |5.39965e-06 
8636 |5.41435e-06 
8637 |5.3508e-06 
8638 |5.38952e-06 
8639 |5.42029e-06 
8640 |5.41107e-06 
8641 |5.39107e-06 
8642 |4.43003e-06 
8643 |4.46902e-06 
8644 |4.4839e-06 
8645 |4.48134e-06 
8646 |4.45167e-06 
8647 |4.47477e-06 
8648 |4.45842e-06 
8649 |4.45358e-06 
8650 |4.43505e-06 
8651 |4.43304e-06 
8652 |4.4534e-06 
8653 |4.41669e-06 
8654 |4.38793e-06 
8655 |4.42573e-06 
8656 |4.46335e-06 
8657 |4.44646e-06 
8658 |4.40145e-06 
8659 |4.46765e-06 
8660 |4.44098e-06 
8661 |4.47805e-06 
8662 |4.44491e-06 
8663 |4.43057e-06 
8664 |4.48372e-06 
8665 |4.46536e-06 
8666 |8.37747e-06 
8667 |8.40414e-06 
8668 |8.3982e-06 
8669 |8.37656e-06 
8670 |8.41592e-06 
8671 |8.40414e-06 
8672 |8.39619e-06 
8673 |8.38505e-06 
8674 |8.39163e-06 
8675 |8.37601e-06 
8676 |8.43016e-06 
8677 |8.4235e-06 
8678 |8.4213e-06 
8679 |8.40624e-06 
8680 |8.44687e-06 
8681 |8.38213e-06 
8682 |8.42797e-06 
8683 |8.41929e-06 
8684 |8.39519e-06 
8685 |8.42286e-06 
8686 |8.35912e-06 
8687 |8.42505e-06 
8688 |8.42797e-06 
8689 |8.39975e-06 
8690 |8.65917e-06 
8691 |8.62611e-06 
8692 |8.71724e-06 
8693 |8.68136e-06 
8694 |8.67506e-06 
8695 |8.7292e-06 
8696 |8.6494e-06 
8697 |8.67843e-06 
8698 |8.71277e-06 
8699 |8.68017e-06 
8700 |8.70957e-06 
8701 |8.6599e-06 
8702 |8.68391e-06 
8703 |8.75103e-06 
8704 |8.65323e-06 
8705 |8.66529e-06 
8706 |8.65223e-06 
8707 |8.67113e-06 
8708 |8.6788e-06 
8709 |8.69003e-06 
8710 |8.70318e-06 
8711 |8.69377e-06 
8712 |8.71861e-06 
8713 |8.69834e-06 
8714 |8.25137e-06 
8715 |8.26151e-06 
8716 |8.30835e-06 
8717 |8.28087e-06 
8718 |8.31264e-06 
8719 |8.28196e-06 
8720 |8.30698e-06 
8721 |8.25101e-06 
8722 |8.24389e-06 
8723 |8.26096e-06 
8724 |8.29603e-06 
8725 |8.25247e-06 
8726 |8.28963e-06 
8727 |8.32031e-06 
8728 |8.2837e-06 
8729 |8.25658e-06 
8730 |8.25247e-06 
8731 |8.28151e-06 
8732 |8.25512e-06 
8733 |8.3089e-06 
8734 |8.23722e-06 
8735 |8.24343e-06 
8736 |8.25028e-06 
8737 |8.24279e-06 
8738 |8.20809e-06 
8739 |8.11642e-06 
8740 |8.14427e-06 
8741 |8.21467e-06 
8742 |8.13486e-06 
8743 |8.11066e-06 
8744 |8.15942e-06 
8745 |8.13121e-06 
8746 |8.13851e-06 
8747 |8.09843e-06 
8748 |8.15194e-06 
8749 |8.09679e-06 
8750 |8.15641e-06 
8751 |8.07569e-06 
8752 |8.13094e-06 
8753 |8.17403e-06 
8754 |8.11614e-06 
8755 |8.18088e-06 
8756 |8.12098e-06 
8757 |8.17303e-06 
8758 |8.14582e-06 
8759 |8.11185e-06 
8760 |8.1271e-06 
8761 |8.11112e-06 
8762 |7.70506e-06 
8763 |7.70999e-06 
8764 |7.70296e-06 
8765 |7.67794e-06 
8766 |7.67018e-06 
8767 |7.7719e-06 
8768 |7.71438e-06 
8769 |7.752e-06 
8770 |7.72196e-06 
8771 |7.66388e-06 
8772 |7.71639e-06 
8773 |7.69146e-06 
8774 |7.72899e-06 
8775 |7.71812e-06 
8776 |7.75547e-06 
8777 |7.78523e-06 
8778 |7.74971e-06 
8779 |7.73145e-06 
8780 |7.71392e-06 
8781 |7.74487e-06 
8782 |7.69456e-06 
8783 |7.74113e-06 
8784 |7.74834e-06 
8785 |7.74962e-06 
8786 |4.19636e-06 
8787 |4.15308e-06 
8788 |4.16212e-06 
8789 |4.14943e-06 
8790 |4.17582e-06 
8791 |4.16605e-06 
8792 |4.21636e-06 
8793 |4.13674e-06 
8794 |4.16486e-06 
8795 |4.14851e-06 
8796 |4.14797e-06 
8797 |4.17728e-06 
8798 |4.18887e-06 
8799 |4.16358e-06 
8800 |4.1245e-06 
8801 |4.1266e-06 
8802 |4.17426e-06 
8803 |4.15911e-06 
8804 |4.15728e-06 
8805 |4.15326e-06 
8806 |4.17034e-06 
8807 |4.16285e-06 
8808 |4.16057e-06 
8809 |4.14285e-06 
8810 |7.46957e-06 
8811 |7.49706e-06 
8812 |7.51459e-06 
8813 |7.53121e-06 
8814 |7.54217e-06 
8815 |7.48071e-06 
8816 |7.46017e-06 
8817 |7.50007e-06 
8818 |7.46482e-06 
8819 |7.442e-06 
8820 |7.46528e-06 
8821 |7.48172e-06 
8822 |7.43497e-06 
8823 |7.47843e-06 
8824 |7.51815e-06 
8825 |7.43679e-06 
8826 |7.50144e-06 
8827 |7.48729e-06 
8828 |7.44574e-06 
8829 |7.52947e-06 
8830 |7.52819e-06 
8831 |7.48464e-06 
8832 |7.46236e-06 
8833 |7.48747e-06 
8834 |7.74396e-06 
8835 |7.74615e-06 
8836 |7.7362e-06 
8837 |7.79418e-06 
8838 |7.74853e-06 
8839 |7.73985e-06 
8840 |7.7824e-06 
8841 |7.7404e-06 
8842 |7.71858e-06 
8843 |7.74214e-06 
8844 |7.753e-06 
8845 |7.7625e-06 
8846 |7.71474e-06 
8847 |7.75346e-06 
8848 |7.78049e-06 
8849 |7.79318e-06 
8850 |7.72314e-06 
8851 |7.72314e-06 
8852 |7.78743e-06 
8853 |7.70515e-06 
8854 |7.75857e-06 
8855 |7.70771e-06 
8856 |7.79738e-06 
8857 |7.74944e-06 
8858 |7.35324e-06 
8859 |7.32667e-06 
8860 |7.33398e-06 
8861 |7.33416e-06 
8862 |7.34959e-06 
8863 |7.34356e-06 
8864 |7.35242e-06 
8865 |7.38666e-06 
8866 |7.36064e-06 
8867 |7.38283e-06 
8868 |7.35754e-06 
8869 |7.38648e-06 
8870 |7.29627e-06 
8871 |7.35224e-06 
8872 |7.32978e-06 
8873 |7.32046e-06 
8874 |7.31864e-06 
8875 |7.33361e-06 
8876 |7.3453e-06 
8877 |7.33516e-06 
8878 |7.33215e-06 
8879 |7.33425e-06 
8880 |7.31097e-06 
8881 |7.35461e-06 
8882 |7.02224e-06 
8883 |7.0794e-06 
8884 |7.06068e-06 
8885 |7.04754e-06 
8886 |7.08397e-06 
8887 |7.0584e-06 
8888 |7.06196e-06 
8889 |7.08835e-06 
8890 |7.0364e-06 
8891 |7.04124e-06 
8892 |7.09346e-06 
8893 |7.12962e-06 
8894 |7.09666e-06 
8895 |7.01886e-06 
8896 |7.08735e-06 
8897 |7.10807e-06 
8898 |7.07694e-06 
8899 |7.0689e-06 
8900 |7.03055e-06 
8901 |7.11784e-06 
8902 |7.03402e-06 
8903 |7.09502e-06 
8904 |7.03895e-06 
8905 |7.03356e-06 
8906 |6.45584e-06 
8907 |6.45e-06 
8908 |6.42425e-06 
8909 |6.47757e-06 
8910 |6.48479e-06 
8911 |6.49447e-06 
8912 |6.49346e-06 
8913 |6.4731e-06 
8914 |6.46214e-06 
8915 |6.47739e-06 
8916 |6.46634e-06 
8917 |6.44717e-06 
8918 |6.44342e-06 
8919 |6.46552e-06 
8920 |6.4374e-06 
8921 |6.45365e-06 
8922 |6.47584e-06 
8923 |6.45228e-06 
8924 |6.49291e-06 
8925 |6.47374e-06 
8926 |6.44753e-06 
8927 |6.43804e-06 
8928 |6.48588e-06 
8929 |6.44635e-06 
8930 |3.61809e-06 
8931 |3.5896e-06 
8932 |3.59344e-06 
8933 |3.57865e-06 
8934 |3.60622e-06 
8935 |3.57116e-06 
8936 |3.60093e-06 
8937 |3.59362e-06 
8938 |3.59545e-06 
8939 |3.59682e-06 
8940 |3.58851e-06 
8941 |3.62457e-06 
8942 |3.59864e-06 
8943 |3.58549e-06 
8944 |3.57855e-06 
8945 |3.59828e-06 
8946 |3.5875e-06 
8947 |3.60275e-06 
8948 |3.58339e-06 
8949 |3.59362e-06 
8950 |3.58148e-06 
8951 |3.61453e-06 
8952 |3.58677e-06 
8953 |3.62065e-06 
8954 |6.94591e-06 
8955 |6.9502e-06 
8956 |6.92801e-06 
8957 |6.9744e-06 
8958 |6.946e-06 
8959 |6.94618e-06 
8960 |6.99028e-06 
8961 |6.96709e-06 
8962 |6.96389e-06 
8963 |6.95102e-06 
8964 |6.94664e-06 
8965 |6.99129e-06 
8966 |6.91422e-06 
8967 |6.95056e-06 
8968 |6.95193e-06 
8969 |6.98161e-06 
8970 |6.94673e-06 
8971 |6.9649e-06 
8972 |6.9554e-06 
8973 |6.93495e-06 
8974 |6.96819e-06 
8975 |6.88683e-06 
8976 |6.97102e-06 
8977 |6.9765e-06 
8978 |7.19418e-06 
8979 |7.21098e-06 
8980 |7.23436e-06 
8981 |7.25317e-06 
8982 |7.22303e-06 
8983 |7.20359e-06 
8984 |7.1992e-06 
8985 |7.26467e-06 
8986 |7.20194e-06 
8987 |7.27198e-06 
8988 |7.21491e-06 
8989 |7.23463e-06 
8990 |7.21427e-06 
8991 |7.19035e-06 
8992 |7.22742e-06 
8993 |7.22176e-06 
8994 |7.2066e-06 
8995 |7.24002e-06 
8996 |7.27042e-06 
8997 |7.23198e-06 
8998 |7.23271e-06 
8999 |7.24011e-06 
9000 |7.2749e-06 
9001 |7.23691e-06 
9002 |6.68951e-06 
9003 |6.78273e-06 
9004 |6.73343e-06 
9005 |6.75205e-06 
9006 |6.74448e-06 
9007 |6.70074e-06 
9008 |6.80282e-06 
9009 |6.72484e-06 
9010 |6.76484e-06 
9011 |6.74475e-06 
9012 |6.73717e-06 
9013 |6.76045e-06 
9014 |6.75169e-06 
9015 |6.74402e-06 
9016 |6.74438e-06 
9017 |6.72311e-06 
9018 |6.75169e-06 
9019 |6.77178e-06 
9020 |6.70969e-06 
9021 |6.77077e-06 
9022 |6.7432e-06 
9023 |6.70202e-06 
9024 |6.72347e-06 
9025 |6.76164e-06 
9026 |6.28747e-06 
9027 |6.29897e-06 
9028 |6.32353e-06 
9029 |6.29806e-06 
9030 |6.3081e-06 
9031 |6.32627e-06 
9032 |6.35988e-06 
9033 |6.28957e-06 
9034 |6.28902e-06 
9035 |6.29404e-06 
9036 |6.32061e-06 
9037 |6.29578e-06 
9038 |6.30116e-06 
9039 |6.31942e-06 
9040 |6.26236e-06 
9041 |6.27833e-06 
9042 |6.27487e-06 
9043 |6.29349e-06 
9044 |6.29167e-06 
9045 |6.31395e-06 
9046 |6.34143e-06 
9047 |6.31623e-06 
9048 |6.31002e-06 
9049 |6.25551e-06 
9050 |5.5589e-06 
9051 |5.53014e-06 
9052 |5.54401e-06 
9053 |5.54922e-06 
9054 |5.51708e-06 
9055 |5.56429e-06 
9056 |5.54401e-06 
9057 |5.53771e-06 
9058 |5.57972e-06 
9059 |5.56666e-06 
9060 |5.56995e-06 
9061 |5.58163e-06 
9062 |5.50886e-06 
9063 |5.53981e-06 
9064 |5.55077e-06 
9065 |5.5231e-06 
9066 |5.54009e-06 
9067 |5.50859e-06 
9068 |5.55461e-06 
9069 |5.57588e-06 
9070 |5.51343e-06 
9071 |5.54822e-06 
9072 |5.56803e-06 
9073 |5.49809e-06 
9074 |7.21199e-06 
9075 |7.25362e-06 
9076 |7.20724e-06 
9077 |7.20121e-06 
9078 |7.24504e-06 
9079 |7.20349e-06 
9080 |7.23646e-06 
9081 |7.20651e-06 
9082 |7.22797e-06 
9083 |7.2182e-06 
9084 |7.20249e-06 
9085 |7.25244e-06 
9086 |7.24057e-06 
9087 |7.23134e-06 
9088 |7.20331e-06 
9089 |7.26248e-06 
9090 |7.16834e-06 
9091 |7.20514e-06 
9092 |7.26166e-06 
9093 |7.24751e-06 
9094 |7.21034e-06 
9095 |7.21253e-06 
9096 |7.24267e-06 
9097 |7.22924e-06 
9098 |7.45277e-06 
9099 |7.46245e-06 
9100 |7.51368e-06 
9101 |7.47943e-06 
9102 |7.49003e-06 
9103 |7.51815e-06 
9104 |7.50327e-06 
9105 |7.45889e-06 
9106 |7.50929e-06 
9107 |7.52682e-06 
9108 |7.50098e-06 
9109 |7.44729e-06 
9110 |7.47834e-06 
9111 |7.4746e-06 
9112 |7.4661e-06 
9113 |7.46236e-06 
9114 |7.49815e-06 
9115 |7.48555e-06 
9116 |7.48208e-06 
9117 |7.50427e-06 
9118 |7.41533e-06 
9119 |7.52819e-06 
9120 |7.47596e-06 
9121 |7.4472e-06 
9122 |6.87468e-06 
9123 |6.84967e-06 
9124 |6.79241e-06 
9125 |6.7663e-06 
9126 |6.84674e-06 
9127 |6.78173e-06 
9128 |6.81725e-06 
9129 |6.85861e-06 
9130 |6.8609e-06 
9131 |6.84565e-06 
9132 |6.8472e-06 
9133 |6.87742e-06 
9134 |6.87067e-06 
9135 |6.81725e-06 
9136 |6.87377e-06 
9137 |6.85149e-06 
9138 |6.8136e-06 
9139 |6.86345e-06 
9140 |6.88966e-06 
9141 |6.90883e-06 
9142 |6.84884e-06 
9143 |6.83953e-06 
9144 |6.89395e-06 
9145 |6.83286e-06 
9146 |6.17598e-06 
9147 |6.16949e-06 
9148 |6.22035e-06 
9149 |6.21752e-06 
9150 |6.2051e-06 
9151 |6.19451e-06 
9152 |6.17141e-06 
9153 |6.16274e-06 
9154 |6.14365e-06 
9155 |6.18721e-06 
9156 |6.18794e-06 
9157 |6.17972e-06 
9158 |6.21387e-06 
9159 |6.17716e-06 
9160 |6.20885e-06 
9161 |6.22446e-06 
9162 |6.19625e-06 
9163 |6.1799e-06 
9164 |6.19679e-06 
9165 |6.17333e-06 
9166 |6.18839e-06 
9167 |6.20702e-06 
9168 |6.18922e-06 
9169 |6.20355e-06 
9170 |5.3634e-06 
9171 |5.28396e-06 
9172 |5.33482e-06 
9173 |5.31327e-06 
9174 |5.31638e-06 
9175 |5.29885e-06 
9176 |5.2731e-06 
9177 |5.28698e-06 
9178 |5.34021e-06 
9179 |5.30716e-06 
9180 |5.29154e-06 
9181 |5.292e-06 
9182 |5.32688e-06 
9183 |5.27912e-06 
9184 |5.30807e-06 
9185 |5.27301e-06 
9186 |5.32569e-06 
9187 |5.29455e-06 
9188 |5.29035e-06 
9189 |5.29081e-06 
9190 |5.34678e-06 
9191 |5.32743e-06 
9192 |5.30186e-06 
9193 |5.28835e-06 
9194 |9.71271e-06 
9195 |9.65509e-06 
9196 |9.64605e-06 
9197 |9.66705e-06 
9198 |9.63263e-06 
9199 |9.67454e-06 
9200 |9.67171e-06 
9201 |9.64925e-06 
9202 |9.71134e-06 
9203 |9.67454e-06 
9204 |9.69326e-06 
9205 |9.65701e-06 
9206 |9.66678e-06 
9207 |9.68486e-06 
9208 |9.67966e-06 
9209 |9.64231e-06 
9210 |9.67107e-06 
9211 |9.62176e-06 
9212 |9.64569e-06 
9213 |9.73389e-06 
9214 |9.68221e-06 
9215 |9.68258e-06 
9216 |9.72604e-06 
9217 |9.64907e-06 
9218 |9.97358e-06 
9219 |1.00017e-05 
9220 |1.00243e-05 
9221 |1.00235e-05 
9222 |1.00435e-05 
9223 |1.00254e-05 
9224 |1.00002e-05 
9225 |9.96701e-06 
9226 |9.99057e-06 
9227 |1.00317e-05 
9228 |1.00387e-05 
9229 |1.00052e-05 
9230 |9.98445e-06 
9231 |1.00202e-05 
9232 |1.00136e-05 
9233 |1.00167e-05 
9234 |1.00626e-05 
9235 |1.00453e-05 
9236 |9.99605e-06 
9237 |1.00538e-05 
9238 |1.00171e-05 
9239 |9.96509e-06 
9240 |9.98883e-06 
9241 |9.95861e-06 
9242 |8.87366e-06 
9243 |8.91895e-06 
9244 |8.81659e-06 
9245 |8.89539e-06 
9246 |8.86142e-06 
9247 |8.89767e-06 
9248 |8.83357e-06 
9249 |8.90379e-06 
9250 |8.87375e-06 
9251 |8.92096e-06 
9252 |8.92178e-06 
9253 |8.87384e-06 
9254 |8.84727e-06 
9255 |8.85275e-06 
9256 |8.87238e-06 
9257 |8.8701e-06 
9258 |8.84645e-06 
9259 |8.86279e-06 
9260 |8.86206e-06 
9261 |8.8501e-06 
9262 |8.88881e-06 
9263 |8.82837e-06 
9264 |8.87959e-06 
9265 |8.90297e-06 
9266 |7.67977e-06 
9267 |7.69027e-06 
9268 |7.66507e-06 
9269 |7.73127e-06 
9270 |7.74451e-06 
9271 |7.70287e-06 
9272 |7.63138e-06 
9273 |7.6647e-06 
9274 |7.6795e-06 
9275 |7.67173e-06 
9276 |7.71036e-06 
9277 |7.6732e-06 
9278 |7.63101e-06 
9279 |7.66799e-06 
9280 |7.68552e-06 
9281 |7.71383e-06 
9282 |7.66808e-06 
9283 |7.63128e-06 
9284 |7.6175e-06 
9285 |7.64553e-06 
9286 |7.64169e-06 
9287 |7.63083e-06 
9288 |7.66982e-06 
9289 |7.73766e-06 
9290 |4.14541e-06 
9291 |4.14842e-06 
9292 |4.16404e-06 
9293 |4.16623e-06 
9294 |4.15308e-06 
9295 |4.16312e-06 
9296 |4.13957e-06 
9297 |4.1403e-06 
9298 |4.17947e-06 
9299 |4.14797e-06 
9300 |4.14559e-06 
9301 |4.14505e-06 
9302 |4.15765e-06 
9303 |4.13482e-06 
9304 |4.16888e-06 
9305 |4.16532e-06 
9306 |4.13181e-06 
9307 |4.16513e-06 
9308 |4.14057e-06 
9309 |4.16102e-06 
9310 |4.18157e-06 
9311 |4.17052e-06 
9312 |4.12477e-06 
9313 |4.14258e-06 
9314 |3.22053e-06 
9315 |3.21669e-06 
9316 |3.23331e-06 
9317 |3.22034e-06 
9318 |3.2397e-06 
9319 |3.24399e-06 
9320 |3.21432e-06 
9321 |3.21569e-06 
9322 |3.24043e-06 
9323 |3.20966e-06 
9324 |3.21523e-06 
9325 |3.23157e-06 
9326 |3.22363e-06 
9327 |3.204e-06 
9328 |3.23824e-06 
9329 |3.19788e-06 
9330 |3.22628e-06 
9331 |3.21843e-06 
9332 |3.2082e-06 
9333 |3.225e-06 
9334 |3.22664e-06 
9335 |3.25741e-06 
9336 |3.23687e-06 
9337 |3.24134e-06 
9338 |8.27767e-06 
9339 |8.30114e-06 
9340 |8.31356e-06 
9341 |8.30461e-06 
9342 |8.21841e-06 
9343 |8.36469e-06 
9344 |8.24946e-06 
9345 |8.3142e-06 
9346 |8.31064e-06 
9347 |8.2974e-06 
9348 |8.31465e-06 
9349 |8.30854e-06 
9350 |8.25229e-06 
9351 |8.2553e-06 
9352 |8.27758e-06 
9353 |8.29164e-06 
9354 |8.31785e-06 
9355 |8.33629e-06 
9356 |8.30123e-06 
9357 |8.28598e-06 
9358 |8.2721e-06 
9359 |8.27813e-06 
9360 |8.32716e-06 
9361 |8.24854e-06 
9362 |7.43661e-06 
9363 |7.38612e-06 
9364 |7.43688e-06 
9365 |7.37388e-06 
9366 |7.41278e-06 
9367 |7.44118e-06 
9368 |7.40091e-06 
9369 |7.41963e-06 
9370 |7.35799e-06 
9371 |7.39561e-06 
9372 |7.38639e-06 
9373 |7.37552e-06 
9374 |7.422e-06 
9375 |7.41415e-06 
9376 |7.42803e-06 
9377 |7.38155e-06 
9378 |7.38045e-06 
9379 |7.37078e-06 
9380 |7.4346e-06 
9381 |7.40027e-06 
9382 |7.41287e-06 
9383 |7.38319e-06 
9384 |7.38328e-06 
9385 |7.38776e-06 
9386 |6.63518e-06 
9387 |6.67937e-06 
9388 |6.70622e-06 
9389 |6.68695e-06 
9390 |6.67727e-06 
9391 |6.69088e-06 
9392 |6.71023e-06 
9393 |6.69069e-06 
9394 |6.67444e-06 
9395 |6.64312e-06 
9396 |6.72192e-06 
9397 |6.70649e-06 
9398 |6.66531e-06 
9399 |6.69005e-06 
9400 |6.65463e-06 
9401 |6.66476e-06 
9402 |6.67042e-06 
9403 |6.69179e-06 
9404 |6.71562e-06 
9405 |6.63289e-06 
9406 |6.6633e-06 
9407 |6.67928e-06 
9408 |6.6896e-06 
9409 |6.68175e-06 
9410 |5.26387e-06 
9411 |5.20306e-06 
9412 |5.25337e-06 
9413 |5.20306e-06 
9414 |5.21566e-06 
9415 |5.18471e-06 
9416 |5.23895e-06 
9417 |5.22963e-06 
9418 |5.24534e-06 
9419 |5.21895e-06 
9420 |5.23767e-06 
9421 |5.24616e-06 
9422 |5.23785e-06 
9423 |5.20808e-06 
9424 |5.22954e-06 
9425 |5.2216e-06 
9426 |5.24963e-06 
9427 |5.21521e-06 
9428 |5.2132e-06 
9429 |5.22406e-06 
9430 |5.2174e-06 
9431 |5.22233e-06 
9432 |5.19393e-06 
9433 |5.19868e-06 
9434 |1.06105e-05 
9435 |1.0553e-05 
9436 |1.05956e-05 
9437 |1.05911e-05 
9438 |1.06083e-05 
9439 |1.05776e-05 
9440 |1.06117e-05 
9441 |1.06146e-05 
9442 |1.06158e-05 
9443 |1.05108e-05 
9444 |1.05824e-05 
9445 |1.05895e-05 
9446 |1.06408e-05 
9447 |1.06564e-05 
9448 |1.06314e-05 
9449 |1.06322e-05 
9450 |1.05951e-05 
9451 |1.06336e-05 
9452 |1.06072e-05 
9453 |1.05473e-05 
9454 |1.06149e-05 
9455 |1.0539e-05 
9456 |1.05643e-05 
9457 |1.05663e-05 
9458 |9.81288e-06 
9459 |9.86949e-06 
9460 |9.84401e-06 
9461 |9.84593e-06 
9462 |9.88492e-06 
9463 |9.779e-06 
9464 |9.81553e-06 
9465 |9.80119e-06 
9466 |9.8336e-06 
9467 |9.88894e-06 
9468 |9.83516e-06 
9469 |9.88547e-06 
9470 |9.83351e-06 
9471 |9.82256e-06 
9472 |9.83799e-06 
9473 |9.78411e-06 
9474 |9.81562e-06 
9475 |9.81881e-06 
9476 |9.84949e-06 
9477 |9.78658e-06 
9478 |9.84684e-06 
9479 |9.83123e-06 
9480 |9.87816e-06 
9481 |9.82712e-06 
9482 |9.43303e-06 
9483 |9.38317e-06 
9484 |9.40143e-06 
9485 |9.4154e-06 
9486 |9.40024e-06 
9487 |9.41184e-06 
9488 |9.38664e-06 
9489 |9.44745e-06 
9490 |9.45448e-06 
9491 |9.36071e-06 
9492 |9.4417e-06 
9493 |9.41942e-06 
9494 |9.41485e-06 
9495 |9.35285e-06 
9496 |9.41458e-06 
9497 |9.42746e-06 
9498 |9.37669e-06 
9499 |9.448e-06 
9500 |9.33131e-06 
9501 |9.44006e-06 
9502 |9.3692e-06 
9503 |9.38235e-06 
9504 |9.36436e-06 
9505 |9.38399e-06 
9506 |8.05643e-06 
9507 |8.04419e-06 
9508 |8.04602e-06 
9509 |8.08555e-06 
9510 |8.09998e-06 
9511 |8.07113e-06 
9512 |8.08975e-06 
9513 |8.04337e-06 
9514 |8.08994e-06 
9515 |8.06967e-06 
9516 |8.06793e-06 
9517 |8.06958e-06 
9518 |8.07761e-06 
9519 |8.05889e-06 
9520 |8.09505e-06 
9521 |8.0651e-06 
9522 |8.09752e-06 
9523 |8.09222e-06 
9524 |8.07889e-06 
9525 |8.08428e-06 
9526 |8.06994e-06 
9527 |8.05077e-06 
9528 |8.07734e-06 
9529 |8.05414e-06 
9530 |3.14912e-06 
9531 |3.15423e-06 
9532 |3.15706e-06 
9533 |3.18026e-06 
9534 |3.13972e-06 
9535 |3.13889e-06 
9536 |3.16291e-06 
9537 |3.16921e-06 
9538 |3.13889e-06 
9539 |3.17679e-06 
9540 |3.13762e-06 
9541 |3.14392e-06 
9542 |3.17368e-06 
9543 |3.20217e-06 
9544 |3.15916e-06 
9545 |3.19523e-06 
9546 |3.15159e-06 
9547 |3.16985e-06 
9548 |3.17797e-06 
9549 |3.16428e-06 
9550 |3.18144e-06 
9551 |3.15533e-06 
9552 |3.15615e-06 
9553 |3.15597e-06 
9554 |8.48705e-06 
9555 |8.4518e-06 
9556 |8.47919e-06 
9557 |8.51508e-06 
9558 |8.49937e-06 
9559 |8.51599e-06 
9560 |8.48769e-06 
9561 |8.53453e-06 
9562 |8.50266e-06 
9563 |8.51444e-06 
9564 |8.50138e-06 
9565 |8.53909e-06 
9566 |8.50832e-06 
9567 |8.49947e-06 
9568 |8.54247e-06 
9569 |8.51243e-06 
9570 |8.5548e-06 
9571 |8.53462e-06 
9572 |8.49727e-06 
9573 |8.51572e-06 
9574 |8.55626e-06 
9575 |8.53772e-06 
9576 |8.50513e-06 
9577 |8.47006e-06 
9578 |7.97479e-06 
9579 |7.97616e-06 
9580 |7.95041e-06 
9581 |7.92686e-06 
9582 |7.95936e-06 
9583 |7.98356e-06 
9584 |7.92448e-06 
9585 |7.919e-06 
9586 |7.91608e-06 
9587 |7.96375e-06 
9588 |7.91654e-06 
9589 |7.97918e-06 
9590 |7.93234e-06 
9591 |7.93964e-06 
9592 |7.95507e-06 
9593 |7.97562e-06 
9594 |7.93617e-06 
9595 |7.93334e-06 
9596 |7.93078e-06 
9597 |7.99178e-06 
9598 |7.93206e-06 
9599 |7.95799e-06 
9600 |7.95151e-06 
9601 |7.92421e-06 
9602 |7.60426e-06 
9603 |7.53477e-06 
9604 |7.51112e-06 
9605 |7.59759e-06 
9606 |7.56773e-06 
9607 |7.5691e-06 
9608 |7.54372e-06 
9609 |7.53605e-06 
9610 |7.61512e-06 
9611 |7.59659e-06 
9612 |7.60261e-06 
9613 |7.53568e-06 
9614 |7.54153e-06 
9615 |7.5449e-06 
9616 |7.55139e-06 
9617 |7.54828e-06 
9618 |7.58143e-06 
9619 |7.56892e-06 
9620 |7.57823e-06 
9621 |7.59878e-06 
9622 |7.61631e-06 
9623 |7.51012e-06 
9624 |7.62571e-06 
9625 |7.54956e-06 
9626 |6.49182e-06 
9627 |6.53026e-06 
9628 |6.55154e-06 
9629 |6.47922e-06 
9630 |6.47794e-06 
9631 |6.51437e-06 
9632 |6.52067e-06 
9633 |6.50031e-06 
9634 |6.5109e-06 
9635 |6.48826e-06 
9636 |6.53857e-06 
9637 |6.50953e-06 
9638 |6.54624e-06 
9639 |6.52204e-06 
9640 |6.49164e-06 
9641 |6.50716e-06 
9642 |6.52031e-06 
9643 |6.49492e-06 
9644 |6.46077e-06 
9645 |6.47e-06 
9646 |6.48652e-06 
9647 |6.46141e-06 
9648 |6.48808e-06 
9649 |6.47703e-06 
9650 |1.09232e-05 
9651 |1.10132e-05 
9652 |1.09227e-05 
9653 |1.09398e-05 
9654 |1.09075e-05 
9655 |1.08643e-05 
9656 |1.0962e-05 
9657 |1.09148e-05 
9658 |1.10184e-05 
9659 |1.09886e-05 
9660 |1.0948e-05 
9661 |1.09153e-05 
9662 |1.09669e-05 
9663 |1.08989e-05 
9664 |1.09111e-05 
9665 |1.09565e-05 
9666 |1.08891e-05 
9667 |1.09556e-05 
9668 |1.09158e-05 
9669 |1.09572e-05 
9670 |1.09473e-05 
9671 |1.09111e-05 
9672 |1.09334e-05 
9673 |1.09554e-05 
9674 |1.01644e-05 
9675 |1.01909e-05 
9676 |1.01812e-05 
9677 |1.02047e-05 
9678 |1.01963e-05 
9679 |1.0223e-05 
9680 |1.02001e-05 
9681 |1.02059e-05 
9682 |1.02051e-05 
9683 |1.0265e-05 
9684 |1.0156e-05 
9685 |1.02052e-05 
9686 |1.02142e-05 
9687 |1.0165e-05 
9688 |1.02687e-05 
9689 |1.01699e-05 
9690 |1.01903e-05 
9691 |1.01419e-05 
9692 |1.01649e-05 
9693 |1.02599e-05 
9694 |1.01943e-05 
9695 |1.01915e-05 
9696 |1.01858e-05 
9697 |1.0203e-05 
9698 |9.42627e-06 
9699 |9.4522e-06 
9700 |9.4417e-06 
9701 |9.49366e-06 
9702 |9.42901e-06 
9703 |9.44663e-06 
9704 |9.42755e-06 
9705 |9.42134e-06 
9706 |9.46087e-06 
9707 |9.42061e-06 
9708 |9.42444e-06 
9709 |9.41905e-06 
9710 |9.43403e-06 
9711 |9.45814e-06 
9712 |9.40956e-06 
9713 |9.46115e-06 
9714 |9.40892e-06 
9715 |9.44882e-06 
9716 |9.47384e-06 
9717 |9.45832e-06 
9718 |9.45713e-06 
9719 |9.43832e-06 
9720 |9.45777e-06 
9721 |9.4659e-06 
9722 |7.80076e-06 
9723 |7.83381e-06 
9724 |7.83436e-06 
9725 |7.814e-06 
9726 |7.82906e-06 
9727 |7.85527e-06 
9728 |7.81701e-06 
9729 |7.81674e-06 
9730 |7.88951e-06 
9731 |7.80094e-06 
9732 |7.8455e-06 
9733 |7.82304e-06 
9734 |7.84888e-06 
9735 |7.78788e-06 
9736 |7.8024e-06 
9737 |7.77272e-06 
9738 |7.79975e-06 
9739 |7.82021e-06 
9740 |7.80806e-06 
9741 |7.8329e-06 
9742 |7.81756e-06 
9743 |7.80824e-06 
9744 |7.75684e-06 
9745 |7.79226e-06 
9746 |5.36267e-06 
9747 |5.31756e-06 
9748 |5.33437e-06 
9749 |5.29565e-06 
9750 |5.33866e-06 
9751 |5.31738e-06 
9752 |5.34268e-06 
9753 |5.32195e-06 
9754 |5.29063e-06 
9755 |5.36578e-06 
9756 |5.29912e-06 
9757 |5.36632e-06 
9758 |5.24926e-06 
9759 |5.33427e-06 
9760 |5.36349e-06 
9761 |5.34158e-06 
9762 |5.32944e-06 
9763 |5.31017e-06 
9764 |5.31674e-06 
9765 |5.34112e-06 
9766 |5.34258e-06 
9767 |5.30843e-06 
9768 |5.33135e-06 
9769 |5.36733e-06 
9770 |5.03121e-06 
9771 |5.05523e-06 
9772 |5.02071e-06 
9773 |5.06345e-06 
9774 |5.04692e-06 
9775 |5.0272e-06 
9776 |5.004e-06 
9777 |5.01149e-06 
9778 |5.03213e-06 
9779 |5.05523e-06 
9780 |5.02318e-06 
9781 |5.02838e-06 
9782 |5.03998e-06 
9783 |5.044e-06 
9784 |5.0156e-06 
9785 |5.03541e-06 
9786 |5.00072e-06 
9787 |5.0471e-06 
9788 |5.00857e-06 
9789 |5.02765e-06 
9790 |5.04016e-06 
9791 |5.02099e-06 
9792 |5.0188e-06 
9793 |5.05276e-06 
9794 |5.08281e-06 
9795 |5.09842e-06 
9796 |5.11157e-06 
9797 |5.0734e-06 
9798 |5.09102e-06 
9799 |5.10673e-06 
9800 |5.07879e-06 
9801 |5.1018e-06 
9802 |5.09513e-06 
9803 |5.06126e-06 
9804 |5.09102e-06 
9805 |5.06509e-06 
9806 |5.03222e-06 
9807 |5.08993e-06 
9808 |5.05121e-06 
9809 |5.05715e-06 
9810 |5.08454e-06 
9811 |5.07678e-06 
9812 |5.07577e-06 
9813 |5.07915e-06 
9814 |5.10298e-06 
9815 |5.09805e-06 
9816 |5.12371e-06 
9817 |5.09057e-06 
9818 |4.16431e-06 
9819 |4.18422e-06 
9820 |4.18951e-06 
9821 |4.18687e-06 
9822 |4.20421e-06 
9823 |4.23517e-06 
9824 |4.21362e-06 
9825 |4.15573e-06 
9826 |4.19883e-06 
9827 |4.22065e-06 
9828 |4.18038e-06 
9829 |4.22056e-06 
9830 |4.21152e-06 
9831 |4.15171e-06 
9832 |4.21983e-06 
9833 |4.17901e-06 
9834 |4.19554e-06 
9835 |4.18833e-06 
9836 |4.14979e-06 
9837 |4.21271e-06 
9838 |4.1855e-06 
9839 |4.16632e-06 
9840 |4.19408e-06 
9841 |4.17353e-06 
9842 |3.56212e-06 
9843 |3.57353e-06 
9844 |3.5875e-06 
9845 |3.58403e-06 
9846 |3.54641e-06 
9847 |3.58988e-06 
9848 |3.59389e-06 
9849 |3.53956e-06 
9850 |3.6064e-06 
9851 |3.55481e-06 
9852 |3.58613e-06 
9853 |3.57928e-06 
9854 |3.54084e-06 
9855 |3.54194e-06 
9856 |3.55189e-06 
9857 |3.56659e-06 
9858 |3.5718e-06 
9859 |3.56988e-06 
9860 |3.54002e-06 
9861 |3.56504e-06 
9862 |3.5592e-06 
9863 |3.56933e-06 
9864 |3.55682e-06 
9865 |3.57426e-06 
9866 |1.54927e-06 
9867 |1.55265e-06 
9868 |1.54799e-06 
9869 |1.56707e-06 
9870 |1.52644e-06 
9871 |1.57419e-06 
9872 |1.56689e-06 
9873 |1.56223e-06 
9874 |1.56196e-06 
9875 |1.55319e-06 
9876 |1.56187e-06 
9877 |1.56652e-06 
9878 |1.5342e-06 
9879 |1.56415e-06 
9880 |1.53521e-06 
9881 |1.55192e-06 
9882 |1.5594e-06 
9883 |1.54981e-06 
9884 |1.57538e-06 
9885 |1.5784e-06 
9886 |1.54845e-06 
9887 |1.56598e-06 
9888 |1.55995e-06 
9889 |1.55922e-06 
9890 |5.1816e-06 
9891 |5.20553e-06 
9892 |5.18106e-06 
9893 |5.23447e-06 
9894 |5.2237e-06 
9895 |5.21539e-06 
9896 |5.18818e-06 
9897 |5.20087e-06 
9898 |5.21101e-06 
9899 |5.20617e-06 
9900 |5.21493e-06 
9901 |5.18809e-06 
9902 |5.19019e-06 
9903 |5.20078e-06 
9904 |5.18352e-06 
9905 |5.18078e-06 
9906 |5.20114e-06 
9907 |5.18352e-06 
9908 |5.20936e-06 
9909 |5.21046e-06 
9910 |5.1985e-06 
9911 |5.23584e-06 
9912 |5.20279e-06 
9913 |5.20827e-06 
9914 |4.99012e-06 
9915 |4.99086e-06 
9916 |4.99816e-06 
9917 |4.97113e-06 
9918 |4.95643e-06 
9919 |4.95954e-06 
9920 |4.99633e-06 
9921 |4.9904e-06 
9922 |4.95059e-06 
9923 |5.00583e-06 
9924 |4.94474e-06 
9925 |4.97871e-06 
9926 |4.9504e-06 
9927 |5.01177e-06 
9928 |5.00373e-06 
9929 |5.01642e-06 
9930 |4.98474e-06 
9931 |5.04427e-06 
9932 |5.01387e-06 
9933 |5.00373e-06 
9934 |4.98821e-06 
9935 |4.98309e-06 
9936 |4.97378e-06 
9937 |4.962e-06 
9938 |5.08372e-06 
9939 |5.10874e-06 
9940 |5.09303e-06 
9941 |5.11385e-06 
9942 |5.10645e-06 
9943 |5.11851e-06 
9944 |5.05505e-06 
9945 |5.06372e-06 
9946 |5.11184e-06 
9947 |5.05048e-06 
9948 |5.08792e-06 
9949 |5.1448e-06 
9950 |5.09002e-06 
9951 |5.09705e-06 
9952 |5.10481e-06 
9953 |5.05149e-06 
9954 |5.08856e-06 
9955 |5.09312e-06 
9956 |5.10554e-06 
9957 |5.09833e-06 
9958 |5.08016e-06 
9959 |5.0818e-06 
9960 |5.07815e-06 
9961 |5.04117e-06 
9962 |4.23718e-06 
9963 |4.23636e-06 
9964 |4.28092e-06 
9965 |4.2412e-06 
9966 |4.22038e-06 
9967 |4.22567e-06 
9968 |4.21645e-06 
9969 |4.20476e-06 
9970 |4.22458e-06 
9971 |4.2538e-06 
9972 |4.19664e-06 
9973 |4.22768e-06 
9974 |4.25772e-06 
9975 |4.25663e-06 
9976 |4.25407e-06 
9977 |4.23553e-06 
9978 |4.22631e-06 
9979 |4.20093e-06 
9980 |4.22713e-06 
9981 |4.21499e-06 
9982 |4.22165e-06 
9983 |4.24448e-06 
9984 |4.21316e-06 
9985 |4.23608e-06 
9986 |3.67799e-06 
9987 |3.68621e-06 
9988 |3.68009e-06 
9989 |3.70621e-06 
9990 |3.70155e-06 
9991 |3.70566e-06 
9992 |3.68484e-06 
9993 |3.70465e-06 
9994 |3.71415e-06 
9995 |3.69114e-06 
9996 |3.69123e-06 
9997 |3.7052e-06 
9998 |3.66667e-06 
9999 |3.69516e-06 
10000 |3.69014e-06 
10001 |3.6789e-06 
10002 |3.67653e-06 
10003 |3.68283e-06 
10004 |3.67763e-06 
10005 |3.67251e-06 
10006 |3.69169e-06 
10007 |3.69397e-06 
10008 |3.65991e-06 
10009 |3.71771e-06 
10010 |1.861e-06 
10011 |1.8852e-06 
10012 |1.87506e-06 
10013 |1.85863e-06 
10014 |1.85561e-06 
10015 |1.8663e-06 
10016 |1.85981e-06 
10017 |1.86904e-06 
10018 |1.87543e-06 
10019 |1.85744e-06 
10020 |1.84493e-06 
10021 |1.86648e-06 
10022 |1.86675e-06 
10023 |1.8526e-06 
10024 |1.86584e-06 
10025 |1.86502e-06 
10026 |1.88456e-06 
10027 |1.8505e-06 
10028 |1.83772e-06 
10029 |1.85132e-06 
10030 |1.87123e-06 
10031 |1.87917e-06 
10032 |1.85324e-06 
10033 |1.85835e-06 
10034 |4.93634e-06 
10035 |4.98702e-06 
10036 |4.98538e-06 
10037 |4.95333e-06 
10038 |4.95789e-06 
10039 |4.9757e-06 
10040 |4.96894e-06 
10041 |4.98282e-06 
10042 |4.97104e-06 
10043 |4.94657e-06 
10044 |4.97195e-06 
10045 |4.95652e-06 
10046 |4.961e-06 
10047 |4.94301e-06 
10048 |4.97424e-06 
10049 |4.98209e-06 
10050 |4.9694e-06 
10051 |4.9631e-06 
10052 |4.9746e-06 
10053 |4.97506e-06 
10054 |4.96693e-06 
10055 |4.97433e-06 
10056 |4.96319e-06 
10057 |4.96401e-06 
10058 |4.78422e-06 
10059 |4.80449e-06 
10060 |4.75135e-06 
10061 |4.78559e-06 
10062 |4.8023e-06 
10063 |4.72487e-06 
10064 |4.79655e-06 
10065 |4.77262e-06 
10066 |4.74605e-06 
10067 |4.78002e-06 
10068 |4.77281e-06 
10069 |4.74861e-06 
10070 |4.7781e-06 
10071 |4.76395e-06 
10072 |4.7907e-06 
10073 |4.72724e-06 
10074 |4.7424e-06 
10075 |4.74623e-06 
10076 |4.74349e-06 
10077 |4.79901e-06 
10078 |4.80139e-06 
10079 |4.73473e-06 
10080 |4.78102e-06 
10081 |4.76285e-06 
10082 |4.77299e-06 
10083 |4.73099e-06 
10084 |4.72596e-06 
10085 |4.71382e-06 
10086 |4.73345e-06 
10087 |4.7329e-06 
10088 |4.72952e-06 
10089 |4.72889e-06 
10090 |4.69638e-06 
10091 |4.7424e-06 
10092 |4.71437e-06 
10093 |4.76577e-06 
10094 |4.77883e-06 
10095 |4.75436e-06 
10096 |4.7519e-06 
10097 |4.73436e-06 
10098 |4.74103e-06 
10099 |4.75655e-06 
10100 |4.78139e-06 
10101 |4.71884e-06 
10102 |4.73336e-06 
10103 |4.7172e-06 
10104 |4.77591e-06 
10105 |4.68853e-06 
10106 |3.71123e-06 
10107 |3.73049e-06 
10108 |3.65535e-06 
10109 |3.75752e-06 
10110 |3.73999e-06 
10111 |3.70712e-06 
10112 |3.69434e-06 
10113 |3.70822e-06 
10114 |3.72456e-06 
10115 |3.73826e-06 
10116 |3.73643e-06 
10117 |3.73597e-06 
10118 |3.74629e-06 
10119 |3.7315e-06 
10120 |3.72191e-06 
10121 |3.70392e-06 
10122 |3.71872e-06 
10123 |3.73606e-06 
10124 |3.73031e-06 
10125 |3.73899e-06 
10126 |3.72136e-06 
10127 |3.70812e-06 
10128 |3.74538e-06 
10129 |3.74602e-06 
10130 |3.08548e-06 
10131 |3.11835e-06 
10132 |3.10173e-06 
10133 |3.11981e-06 
10134 |3.13259e-06 
10135 |3.10027e-06 
10136 |3.11771e-06 
10137 |3.05178e-06 
10138 |3.11506e-06 
10139 |3.08064e-06 
10140 |3.11625e-06 
10141 |3.09324e-06 
10142 |3.06904e-06 
10143 |3.13058e-06 
10144 |3.0674e-06 
10145 |3.08886e-06 
10146 |3.09196e-06 
10147 |3.12127e-06 
10148 |3.08246e-06 
10149 |3.081e-06 
10150 |3.09671e-06 
10151 |3.06986e-06 
10152 |3.10757e-06 
10153 |3.0768e-06 
10154 |4.02059e-06 
10155 |4.03547e-06 
10156 |4.01036e-06 
10157 |4.0079e-06 
10158 |4.00972e-06 
10159 |3.99986e-06 
10160 |4.04625e-06 
10161 |4.01849e-06 
10162 |4.03273e-06 
10163 |4.02351e-06 
10164 |4.0436e-06 
10165 |4.02241e-06 
10166 |4.01849e-06 
10167 |4.0226e-06 
10168 |4.00488e-06 
10169 |3.97329e-06 
10170 |4.02716e-06 
10171 |4.0268e-06 
10172 |4.01895e-06 
10173 |4.01794e-06 
10174 |4.02588e-06 
10175 |4.04059e-06 
10176 |4.02159e-06 
10177 |4.02205e-06 
10178 |3.83386e-06 
10179 |3.83705e-06 
10180 |3.85541e-06 
10181 |3.84637e-06 
10182 |3.85276e-06 
10183 |3.83541e-06 
10184 |3.85714e-06 
10185 |3.83139e-06 
10186 |3.91239e-06 
10187 |3.83541e-06 
10188 |3.84144e-06 
10189 |3.8555e-06 
10190 |3.86381e-06 
10191 |3.83249e-06 
10192 |3.84244e-06 
10193 |3.84628e-06 
10194 |3.83048e-06 
10195 |3.89175e-06 
10196 |3.82199e-06 
10197 |3.8271e-06 
10198 |3.85112e-06 
10199 |3.81505e-06 
10200 |3.87805e-06 
10201 |3.81669e-06 
10202 |3.63635e-06 
10203 |3.67553e-06 
10204 |3.6852e-06 
10205 |3.66968e-06 
10206 |3.69616e-06 
10207 |3.69014e-06 
10208 |3.67863e-06 
10209 |3.69452e-06 
10210 |3.69141e-06 
10211 |3.69114e-06 
10212 |3.6831e-06 
10213 |3.67014e-06 
10214 |3.69881e-06 
10215 |3.63124e-06 
10216 |3.68539e-06 
10217 |3.72566e-06 
10218 |3.67416e-06 
10219 |3.68265e-06 
10220 |3.66831e-06 
10221 |3.68849e-06 
10222 |3.67041e-06 
10223 |3.66411e-06 
10224 |3.68201e-06 
10225 |3.68447e-06 
10226 |2.76936e-06 
10227 |2.76196e-06 
10228 |2.76005e-06 
10229 |2.73156e-06 
10230 |2.73457e-06 
10231 |2.74242e-06 
10232 |2.79073e-06 
10233 |2.73e-06 
10234 |2.75429e-06 
10235 |2.75201e-06 
10236 |2.71823e-06 
10237 |2.74425e-06 
10238 |2.74671e-06 
10239 |2.79356e-06 
10240 |2.76452e-06 
10241 |2.77776e-06 
10242 |2.74973e-06 
10243 |2.74534e-06 
10244 |2.74854e-06 
10245 |2.7385e-06 
10246 |2.75868e-06 
10247 |2.78342e-06 
10248 |2.74343e-06 
10249 |2.74991e-06 
10250 |5.61469e-06 
10251 |5.56675e-06 
10252 |5.56009e-06 
10253 |5.63825e-06 
10254 |5.60501e-06 
10255 |5.61149e-06 
10256 |5.59944e-06 
10257 |5.58346e-06 
10258 |5.54374e-06 
10259 |5.60328e-06 
10260 |5.58611e-06 
10261 |5.6356e-06 
10262 |5.57616e-06 
10263 |5.57935e-06 
10264 |5.58547e-06 
10265 |5.62081e-06 
10266 |5.59077e-06 
10267 |5.56045e-06 
10268 |5.62291e-06 
10269 |5.57269e-06 
10270 |5.60574e-06 
10271 |5.56255e-06 
10272 |5.59898e-06 
10273 |5.61597e-06 
10274 |5.29291e-06 
10275 |5.30779e-06 
10276 |5.32615e-06 
10277 |5.3014e-06 
10278 |5.30277e-06 
10279 |5.33637e-06 
10280 |5.27154e-06 
10281 |5.27437e-06 
10282 |5.31994e-06 
10283 |5.30898e-06 
10284 |5.28917e-06 
10285 |5.29209e-06 
10286 |5.31409e-06 
10287 |5.29337e-06 
10288 |5.34669e-06 
10289 |5.3235e-06 
10290 |5.33966e-06 
10291 |5.314e-06 
10292 |5.33692e-06 
10293 |5.34879e-06 
10294 |5.29821e-06 
10295 |5.26643e-06 
10296 |5.28688e-06 
10297 |5.30798e-06 
10298 |4.79992e-06 
10299 |4.84083e-06 
10300 |4.85133e-06 
10301 |4.83453e-06 
10302 |4.81289e-06 
10303 |4.84348e-06 
10304 |4.81426e-06 
10305 |4.80312e-06 
10306 |4.79399e-06 
10307 |4.82631e-06 
10308 |4.84576e-06 
10309 |4.84658e-06 
10310 |4.82531e-06 
10311 |4.81581e-06 
10312 |4.79919e-06 
10313 |4.79198e-06 
10314 |4.8286e-06 
10315 |4.82184e-06 
10316 |4.79545e-06 
10317 |4.80486e-06 
10318 |4.84814e-06 
10319 |4.816e-06 
10320 |4.8181e-06 
10321 |4.81189e-06 
10322 |2.25464e-06 
10323 |2.21885e-06 
10324 |2.23976e-06 
10325 |2.22643e-06 
10326 |2.23063e-06 
10327 |2.25629e-06 
10328 |2.25355e-06 
10329 |2.26277e-06 
10330 |2.23492e-06 
10331 |2.232e-06 
10332 |2.25519e-06 
10333 |2.25309e-06 
10334 |2.25948e-06 
10335 |2.23647e-06 
10336 |2.23629e-06 
10337 |2.22661e-06 
10338 |2.25081e-06 
10339 |2.2288e-06 
10340 |2.25665e-06 
10341 |2.25446e-06 
10342 |2.24131e-06 
10343 |2.23556e-06 
10344 |2.25902e-06 
10345 |2.24807e-06 
10346 |2.23866e-06 
10347 |2.20168e-06 
10348 |2.23702e-06 
10349 |2.21392e-06 
10350 |2.21026e-06 
10351 |2.21328e-06 
10352 |2.19136e-06 
10353 |2.2341e-06 
10354 |2.21684e-06 
10355 |2.22624e-06 
10356 |2.19584e-06 
10357 |2.21839e-06 
10358 |2.2351e-06 
10359 |2.21547e-06 
10360 |2.21675e-06 
10361 |2.21446e-06 
10362 |2.21145e-06 
10363 |2.20451e-06 
10364 |2.20406e-06 
10365 |2.21675e-06 
10366 |2.22277e-06 
10367 |2.22962e-06 
10368 |2.20643e-06 
10369 |2.20049e-06 
10370 |2.1658e-06 
10371 |2.16488e-06 
10372 |2.1615e-06 
10373 |2.15785e-06 
10374 |2.13813e-06 
10375 |2.13055e-06 
10376 |2.15091e-06 
10377 |2.15849e-06 
10378 |2.15712e-06 
10379 |2.14927e-06 
10380 |2.17411e-06 
10381 |2.17411e-06 
10382 |2.16507e-06 
10383 |2.1647e-06 
10384 |2.1668e-06 
10385 |2.15566e-06 
10386 |2.17657e-06 
10387 |2.15347e-06 
10388 |2.13375e-06 
10389 |2.1679e-06 
10390 |2.13658e-06 
10391 |2.15228e-06 
10392 |2.15493e-06 
10393 |2.1616e-06 
10394 |1.46581e-06 
10395 |1.4796e-06 
10396 |1.49786e-06 
10397 |1.50398e-06 
10398 |1.49448e-06 
10399 |1.47768e-06 
10400 |1.47247e-06 
10401 |1.50416e-06 
10402 |1.51557e-06 
10403 |1.47978e-06 
10404 |1.49722e-06 
10405 |1.49685e-06 
10406 |1.48663e-06 
10407 |1.48992e-06 
10408 |1.49822e-06 
10409 |1.5027e-06 
10410 |1.50197e-06 
10411 |1.50169e-06 
10412 |1.51274e-06 
10413 |1.49265e-06 
10414 |1.47896e-06 
10415 |1.48553e-06 
10416 |1.49366e-06 
10417 |1.49092e-06 
10418 |3.09771e-06 
10419 |3.08749e-06 
10420 |3.04055e-06 
10421 |3.07425e-06 
10422 |3.09169e-06 
10423 |3.10849e-06 
10424 |3.07452e-06 
10425 |3.06192e-06 
10426 |3.08758e-06 
10427 |3.07826e-06 
10428 |3.06758e-06 
10429 |3.05662e-06 
10430 |3.09516e-06 
10431 |3.09132e-06 
10432 |3.09196e-06 
10433 |3.10383e-06 
10434 |3.07233e-06 
10435 |3.09032e-06 
10436 |3.07735e-06 
10437 |3.05863e-06 
10438 |3.07644e-06 
10439 |3.1062e-06 
10440 |3.07762e-06 
10441 |3.09926e-06 
10442 |3.20765e-06 
10443 |3.23669e-06 
10444 |3.21678e-06 
10445 |3.26116e-06 
10446 |3.24262e-06 
10447 |3.22865e-06 
10448 |3.21295e-06 
10449 |3.22345e-06 
10450 |3.21559e-06 
10451 |3.22208e-06 
10452 |3.21989e-06 
10453 |3.23769e-06 
10454 |3.2302e-06 
10455 |3.24792e-06 
10456 |3.267e-06 
10457 |3.23568e-06 
10458 |3.21861e-06 
10459 |3.24427e-06 
10460 |3.26518e-06 
10461 |3.19587e-06 
10462 |3.23011e-06 
10463 |3.25184e-06 
10464 |3.24554e-06 
10465 |3.27586e-06 
10466 |3.4352e-06 
10467 |3.40251e-06 
10468 |3.40954e-06 
10469 |3.40826e-06 
10470 |3.38507e-06 
10471 |3.39118e-06 
10472 |3.40525e-06 
10473 |3.38543e-06 
10474 |3.4267e-06 
10475 |3.39721e-06 
10476 |3.38698e-06 
10477 |3.43903e-06 
10478 |3.42643e-06 
10479 |3.4026e-06 
10480 |3.38671e-06 
10481 |3.42205e-06 
10482 |3.41036e-06 
10483 |3.41118e-06 
10484 |3.3994e-06 
10485 |3.41666e-06 
10486 |3.3837e-06 
10487 |3.41009e-06 
10488 |3.40214e-06 
10489 |3.41155e-06 
10490 |2.6187e-06 
10491 |2.61504e-06 
10492 |2.61021e-06 
10493 |2.6018e-06 
10494 |2.59377e-06 
10495 |2.60153e-06 
10496 |2.59943e-06 
10497 |2.60692e-06 
10498 |2.59934e-06 
10499 |2.60016e-06 
10500 |2.61842e-06 
10501 |2.61961e-06 
10502 |2.63166e-06 
10503 |2.59833e-06 
10504 |2.58409e-06 
10505 |2.61148e-06 
10506 |2.62281e-06 
10507 |2.62418e-06 
10508 |2.6271e-06 
10509 |2.61094e-06 
10510 |2.56747e-06 
10511 |2.62509e-06 
10512 |2.5871e-06 
10513 |2.60263e-06 
10514 |2.25218e-06 
10515 |2.23784e-06 
10516 |2.25546e-06 
10517 |2.25291e-06 
10518 |2.26898e-06 
10519 |2.24359e-06 
10520 |2.23912e-06 
10521 |2.25574e-06 
10522 |2.25026e-06 
10523 |2.2257e-06 
10524 |2.24907e-06 
10525 |2.2782e-06 
10526 |2.24378e-06 
10527 |2.22944e-06 
10528 |2.23839e-06 
10529 |2.22396e-06 
10530 |2.24149e-06 
10531 |2.22761e-06 
10532 |2.22953e-06 
10533 |2.26925e-06 
10534 |2.25053e-06 
10535 |2.25948e-06 
10536 |2.22469e-06 
10537 |2.25455e-06 
10538 |1.37039e-06 
10539 |1.39148e-06 
10540 |1.37559e-06 
10541 |1.3692e-06 
10542 |1.35898e-06 
10543 |1.38418e-06 
10544 |1.36993e-06 
10545 |1.38628e-06 
10546 |1.36518e-06 
10547 |1.35815e-06 
10548 |1.40399e-06 
10549 |1.37587e-06 
10550 |1.36427e-06 
10551 |1.37779e-06 
10552 |1.38034e-06 
10553 |1.39011e-06 
10554 |1.34026e-06 
10555 |1.39048e-06 
10556 |1.36619e-06 
10557 |1.41787e-06 
10558 |1.3692e-06 
10559 |1.35733e-06 
10560 |1.38874e-06 
10561 |1.36592e-06 
10562 |2.51542e-06 
10563 |2.48219e-06 
10564 |2.5157e-06 
10565 |2.51442e-06 
10566 |2.50465e-06 
10567 |2.50922e-06 
10568 |2.50191e-06 
10569 |2.49789e-06 
10570 |2.53442e-06 
10571 |2.50584e-06 
10572 |2.51232e-06 
10573 |2.51396e-06 
10574 |2.52428e-06 
10575 |2.51323e-06 
10576 |2.5073e-06 
10577 |2.50355e-06 
10578 |2.52474e-06 
10579 |2.51944e-06 
10580 |2.51506e-06 
10581 |2.51104e-06 
10582 |2.51342e-06 
10583 |2.51552e-06 
10584 |2.52227e-06 
10585 |2.50912e-06 
10586 |2.64162e-06 
10587 |2.63002e-06 
10588 |2.67777e-06 
10589 |2.64636e-06 
10590 |2.66947e-06 
10591 |2.63997e-06 
10592 |2.66682e-06 
10593 |2.67412e-06 
10594 |2.66189e-06 
10595 |2.68015e-06 
10596 |2.64974e-06 
10597 |2.65851e-06 
10598 |2.67668e-06 
10599 |2.69467e-06 
10600 |2.687e-06 
10601 |2.66033e-06 
10602 |2.67111e-06 
10603 |2.65796e-06 
10604 |2.66892e-06 
10605 |2.6849e-06 
10606 |2.67394e-06 
10607 |2.6723e-06 
10608 |2.65312e-06 
10609 |2.6428e-06 
10610 |2.84734e-06 
10611 |2.83017e-06 
10612 |2.83885e-06 
10613 |2.79648e-06 
10614 |2.82597e-06 
10615 |2.83209e-06 
10616 |2.83757e-06 
10617 |2.83474e-06 
10618 |2.83109e-06 
10619 |2.8561e-06 
10620 |2.84469e-06 
10621 |2.83446e-06 
10622 |2.81693e-06 
10623 |2.84268e-06 
10624 |2.82853e-06 
10625 |2.85884e-06 
10626 |2.86332e-06 
10627 |2.86295e-06 
10628 |2.83291e-06 
10629 |2.8478e-06 
10630 |2.85035e-06 
10631 |2.85044e-06 
10632 |2.83912e-06 
10633 |2.82908e-06 
10634 |2.14452e-06 
10635 |2.18579e-06 
10636 |2.16178e-06 
10637 |2.20186e-06 
10638 |2.15593e-06 
10639 |2.15164e-06 
10640 |2.15393e-06 
10641 |2.17045e-06 
10642 |2.18452e-06 
10643 |2.18388e-06 
10644 |2.14059e-06 
10645 |2.16287e-06 
10646 |2.16205e-06 
10647 |2.17064e-06 
10648 |2.18022e-06 
10649 |2.16881e-06 
10650 |2.17319e-06 
10651 |2.15977e-06 
10652 |2.17995e-06 
10653 |2.19164e-06 
10654 |2.19072e-06 
10655 |2.15648e-06 
10656 |2.16689e-06 
10657 |2.16698e-06 
10658 |1.88228e-06 
10659 |1.88246e-06 
10660 |1.85854e-06 
10661 |1.87168e-06 
10662 |1.87515e-06 
10663 |1.85991e-06 
10664 |1.85972e-06 
10665 |1.86511e-06 
10666 |1.85644e-06 
10667 |1.83781e-06 
10668 |1.87333e-06 
10669 |1.85424e-06 
10670 |1.85224e-06 
10671 |1.84228e-06 
10672 |1.86895e-06 
10673 |1.85068e-06 
10674 |1.87899e-06 
10675 |1.86219e-06 
10676 |1.88483e-06 
10677 |1.87397e-06 
10678 |1.88374e-06 
10679 |1.84594e-06 
10680 |1.86611e-06 
10681 |1.83836e-06 
10682 |1.16595e-06 
10683 |1.17572e-06 
10684 |1.17298e-06 
10685 |1.17142e-06 
10686 |1.18448e-06 
10687 |1.1927e-06 
10688 |1.17982e-06 
10689 |1.17307e-06 
10690 |1.18065e-06 
10691 |1.17142e-06 
10692 |1.17435e-06 
10693 |1.18284e-06 
10694 |1.18065e-06 
10695 |1.17946e-06 
10696 |1.1717e-06 
10697 |1.16777e-06 
10698 |1.17617e-06 
10699 |1.18695e-06 
10700 |1.18119e-06 
10701 |1.19471e-06 
10702 |1.16448e-06 
10703 |1.18804e-06 
10704 |1.17371e-06 
10705 |1.17206e-06 
10706 |2.70681e-06 
10707 |2.7143e-06 
10708 |2.73119e-06 
10709 |2.71384e-06 
10710 |2.73704e-06 
10711 |2.73667e-06 
10712 |2.73174e-06 
10713 |2.73977e-06 
10714 |2.71275e-06 
10715 |2.74927e-06 
10716 |2.71704e-06 
10717 |2.72937e-06 
10718 |2.72672e-06 
10719 |2.73831e-06 
10720 |2.71786e-06 
10721 |2.72489e-06 
10722 |2.72096e-06 
10723 |2.73e-06 
10724 |2.72106e-06 
10725 |2.73119e-06 
10726 |2.72827e-06 
10727 |2.74142e-06 
10728 |2.71722e-06 
10729 |2.71174e-06 
10730 |2.87866e-06 
10731 |2.89464e-06 
10732 |2.88806e-06 
10733 |2.88039e-06 
10734 |2.9066e-06 
10735 |2.91199e-06 
10736 |2.90386e-06 
10737 |2.87482e-06 
10738 |2.89409e-06 
10739 |2.89464e-06 
10740 |2.89226e-06 
10741 |2.89299e-06 
10742 |2.89409e-06 
10743 |2.89729e-06 
10744 |2.89802e-06 
10745 |2.88268e-06 
10746 |2.89053e-06 
10747 |2.89674e-06 
10748 |2.89062e-06 
10749 |2.87619e-06 
10750 |2.86761e-06 
10751 |2.89957e-06 
10752 |2.90213e-06 
10753 |2.89117e-06 
10754 |3.01398e-06 
10755 |2.99526e-06 
10756 |3.02074e-06 
10757 |2.99407e-06 
10758 |3.01499e-06 
10759 |3.01489e-06 
10760 |2.99225e-06 
10761 |3.02348e-06 
10762 |3.04293e-06 
10763 |2.9812e-06 
10764 |3.04028e-06 
10765 |3.03023e-06 
10766 |3.03151e-06 
10767 |3.02156e-06 
10768 |2.9959e-06 
10769 |3.0558e-06 
10770 |3.02777e-06 
10771 |3.01736e-06 
10772 |3.01946e-06 
10773 |3.01288e-06 
10774 |3.0169e-06 
10775 |3.02393e-06 
10776 |3.01508e-06 
10777 |3.02978e-06 
10778 |2.25081e-06 
10779 |2.2898e-06 
10780 |2.25318e-06 
10781 |2.27537e-06 
10782 |2.22853e-06 
10783 |2.25428e-06 
10784 |2.26231e-06 
10785 |2.25893e-06 
10786 |2.24021e-06 
10787 |2.25172e-06 
10788 |2.24862e-06 
10789 |2.24003e-06 
10790 |2.24487e-06 
10791 |2.2803e-06 
10792 |2.25921e-06 
10793 |2.26651e-06 
10794 |2.24642e-06 
10795 |2.29071e-06 
10796 |2.2603e-06 
10797 |2.25574e-06 
10798 |2.25665e-06 
10799 |2.25921e-06 
10800 |2.24843e-06 
10801 |2.28167e-06 
10802 |1.89415e-06 
10803 |1.85863e-06 
10804 |1.87707e-06 
10805 |1.87662e-06 
10806 |1.87287e-06 
10807 |1.87415e-06 
10808 |1.88529e-06 
10809 |1.88675e-06 
10810 |1.86812e-06 
10811 |1.88766e-06 
10812 |1.89223e-06 
10813 |1.88675e-06 
10814 |1.88995e-06 
10815 |1.90227e-06 
10816 |1.88913e-06 
10817 |1.86922e-06 
10818 |1.86073e-06 
10819 |1.88812e-06 
10820 |1.89205e-06 
10821 |1.86922e-06 
10822 |1.87041e-06 
10823 |1.89707e-06 
10824 |1.89351e-06 
10825 |1.88502e-06 
10826 |2.85802e-06 
10827 |2.85665e-06 
10828 |2.85063e-06 
10829 |2.84624e-06 
10830 |2.87318e-06 
10831 |2.84734e-06 
10832 |2.8593e-06 
10833 |2.86122e-06 
10834 |2.86551e-06 
10835 |2.85172e-06 
10836 |2.86332e-06 
10837 |2.84031e-06 
10838 |2.83775e-06 
10839 |2.8604e-06 
10840 |2.86624e-06 
10841 |2.85391e-06 
10842 |2.8625e-06 
10843 |2.80871e-06 
10844 |2.86642e-06 
10845 |2.83638e-06 
10846 |2.85172e-06 
10847 |2.82725e-06 
10848 |2.84423e-06 
10849 |2.81885e-06 
10850 |3.04585e-06 
10851 |3.0548e-06 
10852 |3.03827e-06 
10853 |3.04621e-06 
10854 |3.0432e-06 
10855 |3.03955e-06 
10856 |3.03005e-06 
10857 |3.06484e-06 
10858 |3.05361e-06 
10859 |3.05452e-06 
10860 |3.08091e-06 
10861 |3.06648e-06 
10862 |3.07114e-06 
10863 |3.06265e-06 
10864 |3.07854e-06 
10865 |3.04457e-06 
10866 |3.07644e-06 
10867 |3.08192e-06 
10868 |3.0484e-06 
10869 |3.04357e-06 
10870 |3.02813e-06 
10871 |3.05525e-06 
10872 |3.04877e-06 
10873 |3.05763e-06 
10874 |3.10858e-06 
10875 |3.13552e-06 
10876 |3.09178e-06 
10877 |3.07562e-06 
10878 |3.08329e-06 
10879 |3.07909e-06 
10880 |3.07726e-06 
10881 |3.08009e-06 
10882 |3.10474e-06 
10883 |3.10995e-06 
10884 |3.14547e-06 
10885 |3.09342e-06 
10886 |3.09406e-06 
10887 |3.09452e-06 
10888 |3.09242e-06 
10889 |3.09233e-06 
10890 |3.09653e-06 
10891 |3.13104e-06 
10892 |3.08237e-06 
10893 |3.11205e-06 
10894 |3.09461e-06 
10895 |3.12748e-06 
10896 |3.11004e-06 
10897 |3.11616e-06 
10898 |2.23054e-06 
10899 |2.20625e-06 
10900 |2.21045e-06 
10901 |2.22323e-06 
10902 |2.2204e-06 
10903 |2.19684e-06 
10904 |2.22807e-06 
10905 |2.25738e-06 
10906 |2.25765e-06 
10907 |2.22241e-06 
10908 |2.22323e-06 
10909 |2.20241e-06 
10910 |2.23437e-06 
10911 |2.21857e-06 
10912 |2.22524e-06 
10913 |2.20853e-06 
10914 |2.22177e-06 
10915 |2.23327e-06 
10916 |2.2246e-06 
10917 |2.23136e-06 
10918 |2.22478e-06 
10919 |2.24314e-06 
10920 |2.21364e-06 
10921 |2.21739e-06 
10922 |0 
10923 |0 
10924 |0 
10925 |0 
10926 |0 
10927 |0 
10928 |0 
10929 |0 
10930 |0 
10931 |0 
10932 |0 
10933 |0 
10934 |0 
10935 |0 
10936 |0 
10937 |0 
10938 |0 
10939 |0 
10940 |0 
10941 |0 
10942 |0 
10943 |0 
10944 |0 
10945 |0 
10946 |0 
10947 |0 
10948 |0 
10949 |0 
10950 |0 
10951 |0 
10952 |0 
10953 |0 
10954 |0 
10955 |0 
10956 |0 
10957 |0 
10958 |0 
10959 |0 
10960 |0 
10961 |0 
10962 |0 
10963 |0 
10964 |0 
10965 |0 
10966 |0 
10967 |0 
10968 |0 
10969 |0 
10970 |0 
10971 |0 
10972 |0 
10973 |0 
10974 |0 
10975 |0 
10976 |0 
10977 |0 
10978 |0 
10979 |0 
10980 |0 
10981 |0 
10982 |0 
10983 |0 
10984 |0 
10985 |0 
10986 |0 
10987 |0 
10988 |0 
10989 |0 
10990 |0 
10991 |0 
10992 |0 
10993 |0 
10994 |0 
10995 |0 
10996 |0 
10997 |0 
10998 |0 
10999 |0 
11000 |0 
11001 |0 
11002 |0 
11003 |0 
11004 |0 
11005 |0 
11006 |0 
11007 |0 
11008 |0 
11009 |0 
11010 |0 
11011 |0 
11012 |0 
11013 |0 
11014 |0 
11015 |0 
11016 |0 
11017 |0 
11018 |0 
11019 |0 
11020 |0 
11021 |0 
11022 |0 
11023 |0 
11024 |0 
11025 |0 
11026 |0 
11027 |0 
11028 |0 
11029 |0 
11030 |0 
11031 |0 
11032 |0 
11033 |0 
11034 |0 
11035 |0 
11036 |0 
11037 |0 
11038 |0 
11039 |0 
11040 |0 
11041 |0 
11042 |0 
11043 |0 
11044 |0 
11045 |0 
11046 |0 
11047 |0 
11048 |0 
11049 |0 
11050 |0 
11051 |0 
11052 |0 
11053 |0 
11054 |0 
11055 |0 
11056 |0 
11057 |0 
11058 |0 
11059 |0 
11060 |0 
11061 |0 
11062 |0 
11063 |0 
11064 |0 
11065 |0 
11066 |0 
11067 |0 
11068 |0 
11069 |0 
11070 |0 
11071 |0 
11072 |0 
11073 |0 
11074 |0 
11075 |0 
11076 |0 
11077 |0 
11078 |0 
11079 |0 
11080 |0 
11081 |0 
11082 |0 
11083 |0 
11084 |0 
11085 |0 
11086 |0 
11087 |0 
11088 |0 
11089 |0 
11090 |0 
11091 |0 
11092 |0 
11093 |0 
11094 |0 
11095 |0 
11096 |0 
11097 |0 
11098 |0 
11099 |0 
11100 |0 
11101 |0 
11102 |0 
11103 |0 
11104 |0 
11105 |0 
11106 |0 
11107 |0 
11108 |0 
11109 |0 
11110 |0 
11111 |0 
11112 |0 
11113 |0 
11114 |0 
11115 |0 
11116 |0 
11117 |0 
11118 |0 
11119 |0 
11120 |0 
11121 |0 
11122 |0 
11123 |0 
11124 |0 
11125 |0 
11126 |0 
11127 |0 
11128 |0 
11129 |0 
11130 |0 
11131 |0 
11132 |0 
11133 |0 
11134 |0 
11135 |0 
11136 |0 
11137 |0 
11138 |0 
11139 |0 
11140 |0 
11141 |0 
11142 |0 
11143 |0 
11144 |0 
11145 |0 
11146 |0 
11147 |0 
11148 |0 
11149 |0 
11150 |0 
11151 |0 
11152 |0 
11153 |0 
11154 |0 
11155 |0 
11156 |0 
11157 |0 
11158 |0 
11159 |0 
11160 |0 
11161 |0 
11162 |0 
11163 |0 
11164 |0 
11165 |0 
11166 |0 
11167 |0 
11168 |0 
11169 |0 
11170 |0 
11171 |0 
11172 |0 
11173 |0 
11174 |0 
11175 |0 
11176 |0 
11177 |0 
11178 |0 
11179 |0 
11180 |0 
11181 |0 
11182 |0 
11183 |0 
11184 |0 
11185 |0 
11186 |0 
11187 |0 
11188 |0 
11189 |0 
11190 |0 
11191 |0 
11192 |0 
11193 |0 
11194 |0 
11195 |0 
11196 |0 
11197 |0 
11198 |0 
11199 |0 
11200 |0 
11201 |0 
11202 |0 
11203 |0 
11204 |0 
11205 |0 
11206 |0 
11207 |0 
11208 |0 
11209 |0 
11210 |0 
11211 |0 
11212 |0 
11213 |0 
11214 |0 
11215 |0 
11216 |0 
11217 |0 
11218 |0 
11219 |0 
11220 |0 
11221 |0 
11222 |0 
11223 |0 
11224 |0 
11225 |0 
11226 |0 
11227 |0 
11228 |0 
11229 |0 
11230 |0 
11231 |0 
11232 |0 
11233 |0 
11234 |0 
11235 |0 
11236 |0 
11237 |0 
11238 |0 
11239 |0 
11240 |0 
11241 |0 
11242 |0 
11243 |0 
11244 |0 
11245 |0 
11246 |0 
11247 |0 
11248 |0 
11249 |0 
11250 |0 
11251 |0 
11252 |0 
11253 |0 
11254 |0 
11255 |0 
11256 |0 
11257 |0 

Now unfolding...
Iteration : 0
Chi^2 of change 6.1917e+06
Iteration : 1
Chi^2 of change 183598
Iteration : 2
Chi^2 of change 92196.1
Iteration : 3
Chi^2 of change 66592.3
Iteration : 4
Chi^2 of change 51657.8
Iteration : 5
Chi^2 of change 40152.5
Iteration : 6
Chi^2 of change 30761.3
Iteration : 7
Chi^2 of change 23256.1
Iteration : 8
Chi^2 of change 17425.4
Iteration : 9
Chi^2 of change 12985.1
Using response matrix priors
Calculating covariances due to number of measured events
Using response matrix priors
Using response matrix priors
Using response matrix priors
Using response matrix priors
TH1D::Sumw2:0: RuntimeWarning: Sum of squares of weights structure already created
/w/hallb-scshelf2102/clas12/richcap/SIDIS_Analysis/./Dedicated_5D_Unfold.py:1311: FutureWarning: 
TObject.__eq__ is deprecated and will be removed in ROOT 6.40.

It forwards to TObject::Equals(), which uses pointer comparison if not overridden in derived classes.
This may be confusing, because people expect value comparisons.
Use Pythons `is` for pointer comparison, or request/implement `operator==` on the C++ side if you need value-based equality checks.
  if(MC_BGS_1D not in ["None"]):
/w/hallb-scshelf2102/clas12/richcap/SIDIS_Analysis/./Dedicated_5D_Unfold.py:1207: FutureWarning: 
TObject.__eq__ is deprecated and will be removed in ROOT 6.40.

It forwards to TObject::Equals(), which uses pointer comparison if not overridden in derived classes.
This may be confusing, because people expect value comparisons.
Use Pythons `is` for pointer comparison, or request/implement `operator==` on the C++ side if you need value-based equality checks.
  if(method == "Background" and MC_BGS_1D in ["None"]):

[1m[94mSmear option selected is: Smear[0m

The total number of histograms in '[1m[94m/w/hallb-scshelf2102/clas12/richcap/SIDIS_Analysis/Histo_Files_ROOT/DataFrames/hadd_ROOT_files_From_using_RDataFrames/SIDIS_epip_Response_Matrices_from_RDataFrames_Only_5D_1st_Order_V3_Response_Matrices_Final_Analysis_Iterations_I0_All.root[0m' is [1m355[0m
[91mWARNING: Live dense-5D MultiDim map (skip_condition_z_pT_bins) differs from baked Convert_MultiDim_Kinematic_Bins_dense_5D.[0m
Default Convert_All_Kinematic_Bins uses the live map to match Response_Matrix_Creation_using_RDataFrames.create_dense_5d_bin_mapping.
Set USE_BAKED_DENSE_5D_MAP = True or Convert_All_Kinematic_Bins(..., Use_Baked_Dense_5D=True) to use the baked snapshot instead.

[1mAuto-detected 5D configuration:[0m increment=433, num_bins=11258, num_slices=26


[1m[92m(5D) Unfolding: ((Histo-Group='Response_Matrix_Normal'), (Data-Type='mdf'), (Data-Cut='cut_Complete_SIDIS'), (Smear-Type='smear'), (Binning-Type='Y_bin'-[Q2-y-Bin=All, z-PT-Bin=All]), (Var-D1='MultiDim_Q2_y_z_pT_phi_h'-[NumBins=11258, MinBin=-1.5, MaxBin=11256.5]))_Slice_1_(Increment='433')[0m

[1m[92mSubtracting the 'lundvpk' files to the 'ExREAL_1D' histogram[0m

[1m[94mRunning Rebuild_Matrix_5D(...)[0m


[1m[92mFinished running Rebuild_Matrix_5D(...)[0m


Current Time: [1m05:43 p.m.[0m
Time Elapsed Up To Now:
0 Day(s), 0 Hour(s), 6 Minute(s), and 46 Second(s).

[1m[96mStarting [4m[92mRooUnfold[0m[1m[96m Unfolding Procedure...[0m

	[1mBegan Unfolding Histogram:[0m
	((Histo-Group='Response_Matrix_Normal'), (Data-Cut='cut_Complete_SIDIS'), (Smear-Type='smear'), (Binning-Type='Y_bin'-[Q2-y-Bin=All, z-PT-Bin=All]), (Var-D1='MultiDim_Q2_y_z_pT_phi_h'))
Time Elapsed Up To Now: 0 Day(s), 0 Hour(s), 6 Minute(s), and 46 Second(s). 
	[96mUsing [1m[92mRooUnfold (Bayesian)[0m[96m method to unfold...[0m
[1mPerforming 5D Unfolding with [4m4[0m[1m iteration(s)...[0m
[1mPerforming Unfolding with [4m10[0m[1m iteration(s)...[0m

Current Time: [1m03:25 p.m.[0m
Time Elapsed Up To Now:
3 Day(s), 21 Hour(s), 48 Minute(s), and 20 Second(s).

[1m[96mFinished [92mRooUnfold (Bayesian)[0m[1m[96m Unfolding Procedure.
[0m

[1m[92mFinished Unfolding[0m


Current Time: [1m03:25 p.m.[0m
Time Elapsed Up To Now:
3 Day(s), 21 Hour(s), 48 Minute(s), and 20 Second(s).

[1m[94mSaving to: [1m[92mUnfolded_Histos_From_Dedicated_5D_Unfold_1st_Order_V3.root[0m

[94mRunning Multi5D_Slice(...)[0m


[94mRunning Multi5D_Slice(...)[0m


[94mRunning Multi5D_Slice(...)[0m


[94mRunning Multi5D_Slice(...)[0m


[94mRunning Multi5D_Slice(...)[0m


[1m[94mDone Saving...[0m





[1m[43mEMAIL MESSAGE TO SEND:[0m


The 'Dedicated_5D_Unfold.py' script has finished running.
Started running on [1m8-25-2026[0m at [1m05:36 p.m.[0m

Input File:
	/w/hallb-scshelf2102/clas12/richcap/SIDIS_Analysis/Histo_Files_ROOT/DataFrames/hadd_ROOT_files_From_using_RDataFrames/SIDIS_epip_Response_Matrices_from_RDataFrames_Only_5D_1st_Order_V3_Response_Matrices_Final_Analysis_Iterations_I0_All.root
Output File:
	Unfolded_Histos_From_Dedicated_5D_Unfold_1st_Order_V3.root

Coordinated 5D unfolding through the 'Run_simple_unfold_parallel.py' script. Ran as an updated version the 5D Unfolding with the updated binning schemes (based on the BC correction cuts), 10 Bayesian iterations, and 5 Unfolding Toys. Low toy test with nominal iterations for first pass with the new binning schemes. Saving to a new output ROOT file. Ran with Harut's exclusive 'lundvpk' rho0 events subtracted directly from data as background. Ran in tmuxUnfold.

	[1mBegan Unfolding Histogram:[0m
	((Histo-Group='Response_Matrix_Normal'), (Data-Cut='cut_Complete_SIDIS'), (Smear-Type='smear'), (Binning-Type='Y_bin'-[Q2-y-Bin=All, z-PT-Bin=All]), (Var-D1='MultiDim_Q2_y_z_pT_phi_h'))
Time Elapsed Up To Now: 0 Day(s), 0 Hour(s), 6 Minute(s), and 46 Second(s). 
	Finished Unfolding the histogram at:
Time Elapsed Up To Now: 3 Day(s), 21 Hour(s), 48 Minute(s), and 20 Second(s). 

Detected 5D Configuration:
	increment  = 433
	num_bins   = 11258
	num_slices = 26

Arguments:
--test                                              --> False
--no_smear                                          --> False
--sim                                               --> False
--mod                                               --> False
--bayes_iterations                                  --> 10
--Num_Toys                                          --> 5
--bins                                              --> ['1', '2', '3', '4', '5', '6', '7', '8', '9', '10', '11', '12', '13', '14', '15', '16', '17', '0']
--verbose                                           --> False
--Min_Allowed_Acceptance_Cut                        --> 0.0005
--background_source                                 --> 'lundvpk'
--require_weighed                                   --> False
--weight_tag                                        --> ''
--increment                                         --> 433
--num_bins                                          --> 11258
--matrix_pdf                                        --> False
--logz                                              --> False
--recover_slices                                    --> False
--pass_version                                      --> 'Pass 2'
--closure                                           --> False
--smearing_options                                  --> 'smear'
--standard_histogram_title_addition                 --> ''
--Q2_y_Bin_List                                     --> ['1', '2', '3', '4', '5', '6', '7', '8', '9', '10', '11', '12', '13', '14', '15', '16', '17', '0']
--multi5d_slice_metadata                            --> {'phi_h_Binning': [0, 360, 24, 15], 'entries': [{'Q2_y': '1', 'z_pT': 0, 'Start_phi_h_bin': 1, 'End_phi_h_bin': 697, 'Bin_Title': '#font[22]{#scale[1.25]{#color[2]{Q^{2}-y Bin: 1} #topbar #color[2]{z-P_{T} Bin: All}}}'}, {'Q2_y': '1', 'z_pT': 1, 'Start_phi_h_bin': 1, 'End_phi_h_bin': 25, 'Bin_Title': '#font[22]{#scale[1.25]{#color[2]{Q^{2}-y Bin: 1} #topbar #color[2]{z-P_{T} Bin: 1}}}'}, {'Q2_y': '1', 'z_pT': 2, 'Start_phi_h_bin': 25, 'End_phi_h_bin': 49, 'Bin_Title': '#font[22]{#scale[1.25]{#color[2]{Q^{2}-y Bin: 1} #topbar #color[2]{z-P_{T} Bin: 2}}}'}, {'Q2_y': '1', 'z_pT': 3, 'Start_phi_h_bin': 49, 'End_phi_h_bin': 73, 'Bin_Title': '#font[22]{#scale[1.25]{#color[2]{Q^{2}-y Bin: 1} #topbar #color[2]{z-P_{T} Bin: 3}}}'}, {'Q2_y': '1', 'z_pT': 4, 'Start_phi_h_bin': 73, 'End_phi_h_bin': 97, 'Bin_Title': '#font[22]{#scale[1.25]{#color[2]{Q^{2}-y Bin: 1} #topbar #color[2]{z-P_{T} Bin: 4}}}'}, {'Q2_y': '1', 'z_pT': 5, 'Start_phi_h_bin': 97, 'End_phi_h_bin': 121, 'Bin_Title': '#font[22]{#scale[1.25]{#color[2]{Q^{2}-y Bin: 1} #topbar #color[2]{z-P_{T} Bin: 5}}}'}, {'Q2_y': '1', 'z_pT': 6, 'Start_phi_h_bin': 121, 'End_phi_h_bin': 145, 'Bin_Title': '#font[22]{#scale[1.25]{#color[2]{Q^{2}-y Bin: 1} #topbar #color[2]{z-P_{T} Bin: 6}}}'}, {'Q2_y': '1', 'z_pT': 7, 'Start_phi_h_bin': 145, 'End_phi_h_bin': 169, 'Bin_Title': '#font[22]{#scale[1.25]{#color[2]{Q^{2}-y Bin: 1} #topbar #color[2]{z-P_{T} Bin: 7}}}'}, {'Q2_y': '1', 'z_pT': 8, 'Start_phi_h_bin': 169, 'End_phi_h_bin': 193, 'Bin_Title': '#font[22]{#scale[1.25]{#color[2]{Q^{2}-y Bin: 1} #topbar #color[2]{z-P_{T} Bin: 8}}}'}, {'Q2_y': '1', 'z_pT': 9, 'Start_phi_h_bin': 193, 'End_phi_h_bin': 217, 'Bin_Title': '#font[22]{#scale[1.25]{#color[2]{Q^{2}-y Bin: 1} #topbar #color[2]{z-P_{T} Bin: 9}}}'}, {'Q2_y': '1', 'z_pT': 10, 'Start_phi_h_bin': 217, 'End_phi_h_bin': 241, 'Bin_Title': '#font[22]{#scale[1.25]{#color[2]{Q^{2}-y Bin: 1} #topbar #color[2]{z-P_{T} Bin: 10}}}'}, {'Q2_y': '1', 'z_pT': 11, 'Start_phi_h_bin': 241, 'End_phi_h_bin': 265, 'Bin_Title': '#font[22]{#scale[1.25]{#color[2]{Q^{2}-y Bin: 1} #topbar #color[2]{z-P_{T} Bin: 11}}}'}, {'Q2_y': '1', 'z_pT': 12, 'Start_phi_h_bin': 265, 'End_phi_h_bin': 289, 'Bin_Title': '#font[22]{#scale[1.25]{#color[2]{Q^{2}-y Bin: 1} #topbar #color[2]{z-P_{T} Bin: 12}}}'}, {'Q2_y': '1', 'z_pT': 13, 'Start_phi_h_bin': 289, 'End_phi_h_bin': 313, 'Bin_Title': '#font[22]{#scale[1.25]{#color[2]{Q^{2}-y Bin: 1} #topbar #color[2]{z-P_{T} Bin: 13}}}'}, {'Q2_y': '1', 'z_pT': 14, 'Start_phi_h_bin': 313, 'End_phi_h_bin': 337, 'Bin_Title': '#font[22]{#scale[1.25]{#color[2]{Q^{2}-y Bin: 1} #topbar #color[2]{z-P_{T} Bin: 14}}}'}, {'Q2_y': '1', 'z_pT': 15, 'Start_phi_h_bin': 337, 'End_phi_h_bin': 361, 'Bin_Title': '#font[22]{#scale[1.25]{#color[2]{Q^{2}-y Bin: 1} #topbar #color[2]{z-P_{T} Bin: 15}}}'}, {'Q2_y': '1', 'z_pT': 16, 'Start_phi_h_bin': 361, 'End_phi_h_bin': 385, 'Bin_Title': '#font[22]{#scale[1.25]{#color[2]{Q^{2}-y Bin: 1} #topbar #color[2]{z-P_{T} Bin: 16}}}'}, {'Q2_y': '1', 'z_pT': 17, 'Start_phi_h_bin': 385, 'End_phi_h_bin': 409, 'Bin_Title': '#font[22]{#scale[1.25]{#color[2]{Q^{2}-y Bin: 1} #topbar #color[2]{z-P_{T} Bin: 17}}}'}, {'Q2_y': '1', 'z_pT': 18, 'Start_phi_h_bin': 409, 'End_phi_h_bin': 433, 'Bin_Title': '#font[22]{#scale[1.25]{#color[2]{Q^{2}-y Bin: 1} #topbar #color[2]{z-P_{T} Bin: 18}}}'}, {'Q2_y': '1', 'z_pT': 19, 'Start_phi_h_bin': 433, 'End_phi_h_bin': 457, 'Bin_Title': '#font[22]{#scale[1.25]{#color[2]{Q^{2}-y Bin: 1} #topbar #color[2]{z-P_{T} Bin: 19}}}'}, {'Q2_y': '1', 'z_pT': 20, 'Start_phi_h_bin': 457, 'End_phi_h_bin': 481, 'Bin_Title': '#font[22]{#scale[1.25]{#color[2]{Q^{2}-y Bin: 1} #topbar #color[2]{z-P_{T} Bin: 20}}}'}, {'Q2_y': '1', 'z_pT': 22, 'Start_phi_h_bin': 481, 'End_phi_h_bin': 505, 'Bin_Title': '#font[22]{#scale[1.25]{#color[2]{Q^{2}-y Bin: 1} #topbar #color[2]{z-P_{T} Bin: 22}}}'}, {'Q2_y': '1', 'z_pT': 23, 'Start_phi_h_bin': 505, 'End_phi_h_bin': 529, 'Bin_Title': '#font[22]{#scale[1.25]{#color[2]{Q^{2}-y Bin: 1} #topbar #color[2]{z-P_{T} Bin: 23}}}'}, {'Q2_y': '1', 'z_pT': 24, 'Start_phi_h_bin': 529, 'End_phi_h_bin': 553, 'Bin_Title': '#font[22]{#scale[1.25]{#color[2]{Q^{2}-y Bin: 1} #topbar #color[2]{z-P_{T} Bin: 24}}}'}, {'Q2_y': '1', 'z_pT': 25, 'Start_phi_h_bin': 553, 'End_phi_h_bin': 577, 'Bin_Title': '#font[22]{#scale[1.25]{#color[2]{Q^{2}-y Bin: 1} #topbar #color[2]{z-P_{T} Bin: 25}}}'}, {'Q2_y': '1', 'z_pT': 26, 'Start_phi_h_bin': 577, 'End_phi_h_bin': 601, 'Bin_Title': '#font[22]{#scale[1.25]{#color[2]{Q^{2}-y Bin: 1} #topbar #color[2]{z-P_{T} Bin: 26}}}'}, {'Q2_y': '1', 'z_pT': 29, 'Start_phi_h_bin': 601, 'End_phi_h_bin': 625, 'Bin_Title': '#font[22]{#scale[1.25]{#color[2]{Q^{2}-y Bin: 1} #topbar #color[2]{z-P_{T} Bin: 29}}}'}, {'Q2_y': '1', 'z_pT': 30, 'Start_phi_h_bin': 625, 'End_phi_h_bin': 649, 'Bin_Title': '#font[22]{#scale[1.25]{#color[2]{Q^{2}-y Bin: 1} #topbar #color[2]{z-P_{T} Bin: 30}}}'}, {'Q2_y': '1', 'z_pT': 31, 'Start_phi_h_bin': 649, 'End_phi_h_bin': 673, 'Bin_Title': '#font[22]{#scale[1.25]{#color[2]{Q^{2}-y Bin: 1} #topbar #color[2]{z-P_{T} Bin: 31}}}'}, {'Q2_y': '1', 'z_pT': 32, 'Start_phi_h_bin': 673, 'End_phi_h_bin': 697, 'Bin_Title': '#font[22]{#scale[1.25]{#color[2]{Q^{2}-y Bin: 1} #topbar #color[2]{z-P_{T} Bin: 32}}}'}, {'Q2_y': '2', 'z_pT': 0, 'Start_phi_h_bin': 697, 'End_phi_h_bin': 1465, 'Bin_Title': '#font[22]{#scale[1.25]{#color[2]{Q^{2}-y Bin: 2} #topbar #color[2]{z-P_{T} Bin: All}}}'}, {'Q2_y': '2', 'z_pT': 1, 'Start_phi_h_bin': 697, 'End_phi_h_bin': 721, 'Bin_Title': '#font[22]{#scale[1.25]{#color[2]{Q^{2}-y Bin: 2} #topbar #color[2]{z-P_{T} Bin: 1}}}'}, {'Q2_y': '2', 'z_pT': 2, 'Start_phi_h_bin': 721, 'End_phi_h_bin': 745, 'Bin_Title': '#font[22]{#scale[1.25]{#color[2]{Q^{2}-y Bin: 2} #topbar #color[2]{z-P_{T} Bin: 2}}}'}, {'Q2_y': '2', 'z_pT': 3, 'Start_phi_h_bin': 745, 'End_phi_h_bin': 769, 'Bin_Title': '#font[22]{#scale[1.25]{#color[2]{Q^{2}-y Bin: 2} #topbar #color[2]{z-P_{T} Bin: 3}}}'}, {'Q2_y': '2', 'z_pT': 4, 'Start_phi_h_bin': 769, 'End_phi_h_bin': 793, 'Bin_Title': '#font[22]{#scale[1.25]{#color[2]{Q^{2}-y Bin: 2} #topbar #color[2]{z-P_{T} Bin: 4}}}'}, {'Q2_y': '2', 'z_pT': 5, 'Start_phi_h_bin': 793, 'End_phi_h_bin': 817, 'Bin_Title': '#font[22]{#scale[1.25]{#color[2]{Q^{2}-y Bin: 2} #topbar #color[2]{z-P_{T} Bin: 5}}}'}, {'Q2_y': '2', 'z_pT': 6, 'Start_phi_h_bin': 817, 'End_phi_h_bin': 841, 'Bin_Title': '#font[22]{#scale[1.25]{#color[2]{Q^{2}-y Bin: 2} #topbar #color[2]{z-P_{T} Bin: 6}}}'}, {'Q2_y': '2', 'z_pT': 7, 'Start_phi_h_bin': 841, 'End_phi_h_bin': 865, 'Bin_Title': '#font[22]{#scale[1.25]{#color[2]{Q^{2}-y Bin: 2} #topbar #color[2]{z-P_{T} Bin: 7}}}'}, {'Q2_y': '2', 'z_pT': 8, 'Start_phi_h_bin': 865, 'End_phi_h_bin': 889, 'Bin_Title': '#font[22]{#scale[1.25]{#color[2]{Q^{2}-y Bin: 2} #topbar #color[2]{z-P_{T} Bin: 8}}}'}, {'Q2_y': '2', 'z_pT': 9, 'Start_phi_h_bin': 889, 'End_phi_h_bin': 913, 'Bin_Title': '#font[22]{#scale[1.25]{#color[2]{Q^{2}-y Bin: 2} #topbar #color[2]{z-P_{T} Bin: 9}}}'}, {'Q2_y': '2', 'z_pT': 10, 'Start_phi_h_bin': 913, 'End_phi_h_bin': 937, 'Bin_Title': '#font[22]{#scale[1.25]{#color[2]{Q^{2}-y Bin: 2} #topbar #color[2]{z-P_{T} Bin: 10}}}'}, {'Q2_y': '2', 'z_pT': 11, 'Start_phi_h_bin': 937, 'End_phi_h_bin': 961, 'Bin_Title': '#font[22]{#scale[1.25]{#color[2]{Q^{2}-y Bin: 2} #topbar #color[2]{z-P_{T} Bin: 11}}}'}, {'Q2_y': '2', 'z_pT': 12, 'Start_phi_h_bin': 961, 'End_phi_h_bin': 985, 'Bin_Title': '#font[22]{#scale[1.25]{#color[2]{Q^{2}-y Bin: 2} #topbar #color[2]{z-P_{T} Bin: 12}}}'}, {'Q2_y': '2', 'z_pT': 13, 'Start_phi_h_bin': 985, 'End_phi_h_bin': 1009, 'Bin_Title': '#font[22]{#scale[1.25]{#color[2]{Q^{2}-y Bin: 2} #topbar #color[2]{z-P_{T} Bin: 13}}}'}, {'Q2_y': '2', 'z_pT': 14, 'Start_phi_h_bin': 1009, 'End_phi_h_bin': 1033, 'Bin_Title': '#font[22]{#scale[1.25]{#color[2]{Q^{2}-y Bin: 2} #topbar #color[2]{z-P_{T} Bin: 14}}}'}, {'Q2_y': '2', 'z_pT': 15, 'Start_phi_h_bin': 1033, 'End_phi_h_bin': 1057, 'Bin_Title': '#font[22]{#scale[1.25]{#color[2]{Q^{2}-y Bin: 2} #topbar #color[2]{z-P_{T} Bin: 15}}}'}, {'Q2_y': '2', 'z_pT': 16, 'Start_phi_h_bin': 1057, 'End_phi_h_bin': 1081, 'Bin_Title': '#font[22]{#scale[1.25]{#color[2]{Q^{2}-y Bin: 2} #topbar #color[2]{z-P_{T} Bin: 16}}}'}, {'Q2_y': '2', 'z_pT': 17, 'Start_phi_h_bin': 1081, 'End_phi_h_bin': 1105, 'Bin_Title': '#font[22]{#scale[1.25]{#color[2]{Q^{2}-y Bin: 2} #topbar #color[2]{z-P_{T} Bin: 17}}}'}, {'Q2_y': '2', 'z_pT': 18, 'Start_phi_h_bin': 1105, 'End_phi_h_bin': 1129, 'Bin_Title': '#font[22]{#scale[1.25]{#color[2]{Q^{2}-y Bin: 2} #topbar #color[2]{z-P_{T} Bin: 18}}}'}, {'Q2_y': '2', 'z_pT': 19, 'Start_phi_h_bin': 1129, 'End_phi_h_bin': 1153, 'Bin_Title': '#font[22]{#scale[1.25]{#color[2]{Q^{2}-y Bin: 2} #topbar #color[2]{z-P_{T} Bin: 19}}}'}, {'Q2_y': '2', 'z_pT': 20, 'Start_phi_h_bin': 1153, 'End_phi_h_bin': 1177, 'Bin_Title': '#font[22]{#scale[1.25]{#color[2]{Q^{2}-y Bin: 2} #topbar #color[2]{z-P_{T} Bin: 20}}}'}, {'Q2_y': '2', 'z_pT': 21, 'Start_phi_h_bin': 1177, 'End_phi_h_bin': 1201, 'Bin_Title': '#font[22]{#scale[1.25]{#color[2]{Q^{2}-y Bin: 2} #topbar #color[2]{z-P_{T} Bin: 21}}}'}, {'Q2_y': '2', 'z_pT': 22, 'Start_phi_h_bin': 1201, 'End_phi_h_bin': 1225, 'Bin_Title': '#font[22]{#scale[1.25]{#color[2]{Q^{2}-y Bin: 2} #topbar #color[2]{z-P_{T} Bin: 22}}}'}, {'Q2_y': '2', 'z_pT': 23, 'Start_phi_h_bin': 1225, 'End_phi_h_bin': 1249, 'Bin_Title': '#font[22]{#scale[1.25]{#color[2]{Q^{2}-y Bin: 2} #topbar #color[2]{z-P_{T} Bin: 23}}}'}, {'Q2_y': '2', 'z_pT': 25, 'Start_phi_h_bin': 1249, 'End_phi_h_bin': 1273, 'Bin_Title': '#font[22]{#scale[1.25]{#color[2]{Q^{2}-y Bin: 2} #topbar #color[2]{z-P_{T} Bin: 25}}}'}, {'Q2_y': '2', 'z_pT': 26, 'Start_phi_h_bin': 1273, 'End_phi_h_bin': 1297, 'Bin_Title': '#font[22]{#scale[1.25]{#color[2]{Q^{2}-y Bin: 2} #topbar #color[2]{z-P_{T} Bin: 26}}}'}, {'Q2_y': '2', 'z_pT': 27, 'Start_phi_h_bin': 1297, 'End_phi_h_bin': 1321, 'Bin_Title': '#font[22]{#scale[1.25]{#color[2]{Q^{2}-y Bin: 2} #topbar #color[2]{z-P_{T} Bin: 27}}}'}, {'Q2_y': '2', 'z_pT': 28, 'Start_phi_h_bin': 1321, 'End_phi_h_bin': 1345, 'Bin_Title': '#font[22]{#scale[1.25]{#color[2]{Q^{2}-y Bin: 2} #topbar #color[2]{z-P_{T} Bin: 28}}}'}, {'Q2_y': '2', 'z_pT': 29, 'Start_phi_h_bin': 1345, 'End_phi_h_bin': 1369, 'Bin_Title': '#font[22]{#scale[1.25]{#color[2]{Q^{2}-y Bin: 2} #topbar #color[2]{z-P_{T} Bin: 29}}}'}, {'Q2_y': '2', 'z_pT': 31, 'Start_phi_h_bin': 1369, 'End_phi_h_bin': 1393, 'Bin_Title': '#font[22]{#scale[1.25]{#color[2]{Q^{2}-y Bin: 2} #topbar #color[2]{z-P_{T} Bin: 31}}}'}, {'Q2_y': '2', 'z_pT': 32, 'Start_phi_h_bin': 1393, 'End_phi_h_bin': 1417, 'Bin_Title': '#font[22]{#scale[1.25]{#color[2]{Q^{2}-y Bin: 2} #topbar #color[2]{z-P_{T} Bin: 32}}}'}, {'Q2_y': '2', 'z_pT': 33, 'Start_phi_h_bin': 1417, 'End_phi_h_bin': 1441, 'Bin_Title': '#font[22]{#scale[1.25]{#color[2]{Q^{2}-y Bin: 2} #topbar #color[2]{z-P_{T} Bin: 33}}}'}, {'Q2_y': '2', 'z_pT': 34, 'Start_phi_h_bin': 1441, 'End_phi_h_bin': 1465, 'Bin_Title': '#font[22]{#scale[1.25]{#color[2]{Q^{2}-y Bin: 2} #topbar #color[2]{z-P_{T} Bin: 34}}}'}, {'Q2_y': '3', 'z_pT': 0, 'Start_phi_h_bin': 1465, 'End_phi_h_bin': 2137, 'Bin_Title': '#font[22]{#scale[1.25]{#color[2]{Q^{2}-y Bin: 3} #topbar #color[2]{z-P_{T} Bin: All}}}'}, {'Q2_y': '3', 'z_pT': 1, 'Start_phi_h_bin': 1465, 'End_phi_h_bin': 1489, 'Bin_Title': '#font[22]{#scale[1.25]{#color[2]{Q^{2}-y Bin: 3} #topbar #color[2]{z-P_{T} Bin: 1}}}'}, {'Q2_y': '3', 'z_pT': 2, 'Start_phi_h_bin': 1489, 'End_phi_h_bin': 1513, 'Bin_Title': '#font[22]{#scale[1.25]{#color[2]{Q^{2}-y Bin: 3} #topbar #color[2]{z-P_{T} Bin: 2}}}'}, {'Q2_y': '3', 'z_pT': 3, 'Start_phi_h_bin': 1513, 'End_phi_h_bin': 1537, 'Bin_Title': '#font[22]{#scale[1.25]{#color[2]{Q^{2}-y Bin: 3} #topbar #color[2]{z-P_{T} Bin: 3}}}'}, {'Q2_y': '3', 'z_pT': 4, 'Start_phi_h_bin': 1537, 'End_phi_h_bin': 1561, 'Bin_Title': '#font[22]{#scale[1.25]{#color[2]{Q^{2}-y Bin: 3} #topbar #color[2]{z-P_{T} Bin: 4}}}'}, {'Q2_y': '3', 'z_pT': 5, 'Start_phi_h_bin': 1561, 'End_phi_h_bin': 1585, 'Bin_Title': '#font[22]{#scale[1.25]{#color[2]{Q^{2}-y Bin: 3} #topbar #color[2]{z-P_{T} Bin: 5}}}'}, {'Q2_y': '3', 'z_pT': 7, 'Start_phi_h_bin': 1585, 'End_phi_h_bin': 1609, 'Bin_Title': '#font[22]{#scale[1.25]{#color[2]{Q^{2}-y Bin: 3} #topbar #color[2]{z-P_{T} Bin: 7}}}'}, {'Q2_y': '3', 'z_pT': 8, 'Start_phi_h_bin': 1609, 'End_phi_h_bin': 1633, 'Bin_Title': '#font[22]{#scale[1.25]{#color[2]{Q^{2}-y Bin: 3} #topbar #color[2]{z-P_{T} Bin: 8}}}'}, {'Q2_y': '3', 'z_pT': 9, 'Start_phi_h_bin': 1633, 'End_phi_h_bin': 1657, 'Bin_Title': '#font[22]{#scale[1.25]{#color[2]{Q^{2}-y Bin: 3} #topbar #color[2]{z-P_{T} Bin: 9}}}'}, {'Q2_y': '3', 'z_pT': 10, 'Start_phi_h_bin': 1657, 'End_phi_h_bin': 1681, 'Bin_Title': '#font[22]{#scale[1.25]{#color[2]{Q^{2}-y Bin: 3} #topbar #color[2]{z-P_{T} Bin: 10}}}'}, {'Q2_y': '3', 'z_pT': 11, 'Start_phi_h_bin': 1681, 'End_phi_h_bin': 1705, 'Bin_Title': '#font[22]{#scale[1.25]{#color[2]{Q^{2}-y Bin: 3} #topbar #color[2]{z-P_{T} Bin: 11}}}'}, {'Q2_y': '3', 'z_pT': 12, 'Start_phi_h_bin': 1705, 'End_phi_h_bin': 1729, 'Bin_Title': '#font[22]{#scale[1.25]{#color[2]{Q^{2}-y Bin: 3} #topbar #color[2]{z-P_{T} Bin: 12}}}'}, {'Q2_y': '3', 'z_pT': 13, 'Start_phi_h_bin': 1729, 'End_phi_h_bin': 1753, 'Bin_Title': '#font[22]{#scale[1.25]{#color[2]{Q^{2}-y Bin: 3} #topbar #color[2]{z-P_{T} Bin: 13}}}'}, {'Q2_y': '3', 'z_pT': 14, 'Start_phi_h_bin': 1753, 'End_phi_h_bin': 1777, 'Bin_Title': '#font[22]{#scale[1.25]{#color[2]{Q^{2}-y Bin: 3} #topbar #color[2]{z-P_{T} Bin: 14}}}'}, {'Q2_y': '3', 'z_pT': 15, 'Start_phi_h_bin': 1777, 'End_phi_h_bin': 1801, 'Bin_Title': '#font[22]{#scale[1.25]{#color[2]{Q^{2}-y Bin: 3} #topbar #color[2]{z-P_{T} Bin: 15}}}'}, {'Q2_y': '3', 'z_pT': 16, 'Start_phi_h_bin': 1801, 'End_phi_h_bin': 1825, 'Bin_Title': '#font[22]{#scale[1.25]{#color[2]{Q^{2}-y Bin: 3} #topbar #color[2]{z-P_{T} Bin: 16}}}'}, {'Q2_y': '3', 'z_pT': 17, 'Start_phi_h_bin': 1825, 'End_phi_h_bin': 1849, 'Bin_Title': '#font[22]{#scale[1.25]{#color[2]{Q^{2}-y Bin: 3} #topbar #color[2]{z-P_{T} Bin: 17}}}'}, {'Q2_y': '3', 'z_pT': 18, 'Start_phi_h_bin': 1849, 'End_phi_h_bin': 1873, 'Bin_Title': '#font[22]{#scale[1.25]{#color[2]{Q^{2}-y Bin: 3} #topbar #color[2]{z-P_{T} Bin: 18}}}'}, {'Q2_y': '3', 'z_pT': 19, 'Start_phi_h_bin': 1873, 'End_phi_h_bin': 1897, 'Bin_Title': '#font[22]{#scale[1.25]{#color[2]{Q^{2}-y Bin: 3} #topbar #color[2]{z-P_{T} Bin: 19}}}'}, {'Q2_y': '3', 'z_pT': 20, 'Start_phi_h_bin': 1897, 'End_phi_h_bin': 1921, 'Bin_Title': '#font[22]{#scale[1.25]{#color[2]{Q^{2}-y Bin: 3} #topbar #color[2]{z-P_{T} Bin: 20}}}'}, {'Q2_y': '3', 'z_pT': 21, 'Start_phi_h_bin': 1921, 'End_phi_h_bin': 1945, 'Bin_Title': '#font[22]{#scale[1.25]{#color[2]{Q^{2}-y Bin: 3} #topbar #color[2]{z-P_{T} Bin: 21}}}'}, {'Q2_y': '3', 'z_pT': 22, 'Start_phi_h_bin': 1945, 'End_phi_h_bin': 1969, 'Bin_Title': '#font[22]{#scale[1.25]{#color[2]{Q^{2}-y Bin: 3} #topbar #color[2]{z-P_{T} Bin: 22}}}'}, {'Q2_y': '3', 'z_pT': 23, 'Start_phi_h_bin': 1969, 'End_phi_h_bin': 1993, 'Bin_Title': '#font[22]{#scale[1.25]{#color[2]{Q^{2}-y Bin: 3} #topbar #color[2]{z-P_{T} Bin: 23}}}'}, {'Q2_y': '3', 'z_pT': 24, 'Start_phi_h_bin': 1993, 'End_phi_h_bin': 2017, 'Bin_Title': '#font[22]{#scale[1.25]{#color[2]{Q^{2}-y Bin: 3} #topbar #color[2]{z-P_{T} Bin: 24}}}'}, {'Q2_y': '3', 'z_pT': 25, 'Start_phi_h_bin': 2017, 'End_phi_h_bin': 2041, 'Bin_Title': '#font[22]{#scale[1.25]{#color[2]{Q^{2}-y Bin: 3} #topbar #color[2]{z-P_{T} Bin: 25}}}'}, {'Q2_y': '3', 'z_pT': 26, 'Start_phi_h_bin': 2041, 'End_phi_h_bin': 2065, 'Bin_Title': '#font[22]{#scale[1.25]{#color[2]{Q^{2}-y Bin: 3} #topbar #color[2]{z-P_{T} Bin: 26}}}'}, {'Q2_y': '3', 'z_pT': 27, 'Start_phi_h_bin': 2065, 'End_phi_h_bin': 2089, 'Bin_Title': '#font[22]{#scale[1.25]{#color[2]{Q^{2}-y Bin: 3} #topbar #color[2]{z-P_{T} Bin: 27}}}'}, {'Q2_y': '3', 'z_pT': 28, 'Start_phi_h_bin': 2089, 'End_phi_h_bin': 2113, 'Bin_Title': '#font[22]{#scale[1.25]{#color[2]{Q^{2}-y Bin: 3} #topbar #color[2]{z-P_{T} Bin: 28}}}'}, {'Q2_y': '3', 'z_pT': 29, 'Start_phi_h_bin': 2113, 'End_phi_h_bin': 2137, 'Bin_Title': '#font[22]{#scale[1.25]{#color[2]{Q^{2}-y Bin: 3} #topbar #color[2]{z-P_{T} Bin: 29}}}'}, {'Q2_y': '4', 'z_pT': 0, 'Start_phi_h_bin': 2137, 'End_phi_h_bin': 2737, 'Bin_Title': '#font[22]{#scale[1.25]{#color[2]{Q^{2}-y Bin: 4} #topbar #color[2]{z-P_{T} Bin: All}}}'}, {'Q2_y': '4', 'z_pT': 7, 'Start_phi_h_bin': 2137, 'End_phi_h_bin': 2161, 'Bin_Title': '#font[22]{#scale[1.25]{#color[2]{Q^{2}-y Bin: 4} #topbar #color[2]{z-P_{T} Bin: 7}}}'}, {'Q2_y': '4', 'z_pT': 8, 'Start_phi_h_bin': 2161, 'End_phi_h_bin': 2185, 'Bin_Title': '#font[22]{#scale[1.25]{#color[2]{Q^{2}-y Bin: 4} #topbar #color[2]{z-P_{T} Bin: 8}}}'}, {'Q2_y': '4', 'z_pT': 9, 'Start_phi_h_bin': 2185, 'End_phi_h_bin': 2209, 'Bin_Title': '#font[22]{#scale[1.25]{#color[2]{Q^{2}-y Bin: 4} #topbar #color[2]{z-P_{T} Bin: 9}}}'}, {'Q2_y': '4', 'z_pT': 10, 'Start_phi_h_bin': 2209, 'End_phi_h_bin': 2233, 'Bin_Title': '#font[22]{#scale[1.25]{#color[2]{Q^{2}-y Bin: 4} #topbar #color[2]{z-P_{T} Bin: 10}}}'}, {'Q2_y': '4', 'z_pT': 13, 'Start_phi_h_bin': 2233, 'End_phi_h_bin': 2257, 'Bin_Title': '#font[22]{#scale[1.25]{#color[2]{Q^{2}-y Bin: 4} #topbar #color[2]{z-P_{T} Bin: 13}}}'}, {'Q2_y': '4', 'z_pT': 14, 'Start_phi_h_bin': 2257, 'End_phi_h_bin': 2281, 'Bin_Title': '#font[22]{#scale[1.25]{#color[2]{Q^{2}-y Bin: 4} #topbar #color[2]{z-P_{T} Bin: 14}}}'}, {'Q2_y': '4', 'z_pT': 15, 'Start_phi_h_bin': 2281, 'End_phi_h_bin': 2305, 'Bin_Title': '#font[22]{#scale[1.25]{#color[2]{Q^{2}-y Bin: 4} #topbar #color[2]{z-P_{T} Bin: 15}}}'}, {'Q2_y': '4', 'z_pT': 16, 'Start_phi_h_bin': 2305, 'End_phi_h_bin': 2329, 'Bin_Title': '#font[22]{#scale[1.25]{#color[2]{Q^{2}-y Bin: 4} #topbar #color[2]{z-P_{T} Bin: 16}}}'}, {'Q2_y': '4', 'z_pT': 17, 'Start_phi_h_bin': 2329, 'End_phi_h_bin': 2353, 'Bin_Title': '#font[22]{#scale[1.25]{#color[2]{Q^{2}-y Bin: 4} #topbar #color[2]{z-P_{T} Bin: 17}}}'}, {'Q2_y': '4', 'z_pT': 19, 'Start_phi_h_bin': 2353, 'End_phi_h_bin': 2377, 'Bin_Title': '#font[22]{#scale[1.25]{#color[2]{Q^{2}-y Bin: 4} #topbar #color[2]{z-P_{T} Bin: 19}}}'}, {'Q2_y': '4', 'z_pT': 20, 'Start_phi_h_bin': 2377, 'End_phi_h_bin': 2401, 'Bin_Title': '#font[22]{#scale[1.25]{#color[2]{Q^{2}-y Bin: 4} #topbar #color[2]{z-P_{T} Bin: 20}}}'}, {'Q2_y': '4', 'z_pT': 21, 'Start_phi_h_bin': 2401, 'End_phi_h_bin': 2425, 'Bin_Title': '#font[22]{#scale[1.25]{#color[2]{Q^{2}-y Bin: 4} #topbar #color[2]{z-P_{T} Bin: 21}}}'}, {'Q2_y': '4', 'z_pT': 22, 'Start_phi_h_bin': 2425, 'End_phi_h_bin': 2449, 'Bin_Title': '#font[22]{#scale[1.25]{#color[2]{Q^{2}-y Bin: 4} #topbar #color[2]{z-P_{T} Bin: 22}}}'}, {'Q2_y': '4', 'z_pT': 23, 'Start_phi_h_bin': 2449, 'End_phi_h_bin': 2473, 'Bin_Title': '#font[22]{#scale[1.25]{#color[2]{Q^{2}-y Bin: 4} #topbar #color[2]{z-P_{T} Bin: 23}}}'}, {'Q2_y': '4', 'z_pT': 24, 'Start_phi_h_bin': 2473, 'End_phi_h_bin': 2497, 'Bin_Title': '#font[22]{#scale[1.25]{#color[2]{Q^{2}-y Bin: 4} #topbar #color[2]{z-P_{T} Bin: 24}}}'}, {'Q2_y': '4', 'z_pT': 25, 'Start_phi_h_bin': 2497, 'End_phi_h_bin': 2521, 'Bin_Title': '#font[22]{#scale[1.25]{#color[2]{Q^{2}-y Bin: 4} #topbar #color[2]{z-P_{T} Bin: 25}}}'}, {'Q2_y': '4', 'z_pT': 26, 'Start_phi_h_bin': 2521, 'End_phi_h_bin': 2545, 'Bin_Title': '#font[22]{#scale[1.25]{#color[2]{Q^{2}-y Bin: 4} #topbar #color[2]{z-P_{T} Bin: 26}}}'}, {'Q2_y': '4', 'z_pT': 27, 'Start_phi_h_bin': 2545, 'End_phi_h_bin': 2569, 'Bin_Title': '#font[22]{#scale[1.25]{#color[2]{Q^{2}-y Bin: 4} #topbar #color[2]{z-P_{T} Bin: 27}}}'}, {'Q2_y': '4', 'z_pT': 28, 'Start_phi_h_bin': 2569, 'End_phi_h_bin': 2593, 'Bin_Title': '#font[22]{#scale[1.25]{#color[2]{Q^{2}-y Bin: 4} #topbar #color[2]{z-P_{T} Bin: 28}}}'}, {'Q2_y': '4', 'z_pT': 29, 'Start_phi_h_bin': 2593, 'End_phi_h_bin': 2617, 'Bin_Title': '#font[22]{#scale[1.25]{#color[2]{Q^{2}-y Bin: 4} #topbar #color[2]{z-P_{T} Bin: 29}}}'}, {'Q2_y': '4', 'z_pT': 30, 'Start_phi_h_bin': 2617, 'End_phi_h_bin': 2641, 'Bin_Title': '#font[22]{#scale[1.25]{#color[2]{Q^{2}-y Bin: 4} #topbar #color[2]{z-P_{T} Bin: 30}}}'}, {'Q2_y': '4', 'z_pT': 31, 'Start_phi_h_bin': 2641, 'End_phi_h_bin': 2665, 'Bin_Title': '#font[22]{#scale[1.25]{#color[2]{Q^{2}-y Bin: 4} #topbar #color[2]{z-P_{T} Bin: 31}}}'}, {'Q2_y': '4', 'z_pT': 32, 'Start_phi_h_bin': 2665, 'End_phi_h_bin': 2689, 'Bin_Title': '#font[22]{#scale[1.25]{#color[2]{Q^{2}-y Bin: 4} #topbar #color[2]{z-P_{T} Bin: 32}}}'}, {'Q2_y': '4', 'z_pT': 33, 'Start_phi_h_bin': 2689, 'End_phi_h_bin': 2713, 'Bin_Title': '#font[22]{#scale[1.25]{#color[2]{Q^{2}-y Bin: 4} #topbar #color[2]{z-P_{T} Bin: 33}}}'}, {'Q2_y': '4', 'z_pT': 34, 'Start_phi_h_bin': 2713, 'End_phi_h_bin': 2737, 'Bin_Title': '#font[22]{#scale[1.25]{#color[2]{Q^{2}-y Bin: 4} #topbar #color[2]{z-P_{T} Bin: 34}}}'}, {'Q2_y': '5', 'z_pT': 0, 'Start_phi_h_bin': 2737, 'End_phi_h_bin': 3505, 'Bin_Title': '#font[22]{#scale[1.25]{#color[2]{Q^{2}-y Bin: 5} #topbar #color[2]{z-P_{T} Bin: All}}}'}, {'Q2_y': '5', 'z_pT': 1, 'Start_phi_h_bin': 2737, 'End_phi_h_bin': 2761, 'Bin_Title': '#font[22]{#scale[1.25]{#color[2]{Q^{2}-y Bin: 5} #topbar #color[2]{z-P_{T} Bin: 1}}}'}, {'Q2_y': '5', 'z_pT': 2, 'Start_phi_h_bin': 2761, 'End_phi_h_bin': 2785, 'Bin_Title': '#font[22]{#scale[1.25]{#color[2]{Q^{2}-y Bin: 5} #topbar #color[2]{z-P_{T} Bin: 2}}}'}, {'Q2_y': '5', 'z_pT': 3, 'Start_phi_h_bin': 2785, 'End_phi_h_bin': 2809, 'Bin_Title': '#font[22]{#scale[1.25]{#color[2]{Q^{2}-y Bin: 5} #topbar #color[2]{z-P_{T} Bin: 3}}}'}, {'Q2_y': '5', 'z_pT': 4, 'Start_phi_h_bin': 2809, 'End_phi_h_bin': 2833, 'Bin_Title': '#font[22]{#scale[1.25]{#color[2]{Q^{2}-y Bin: 5} #topbar #color[2]{z-P_{T} Bin: 4}}}'}, {'Q2_y': '5', 'z_pT': 5, 'Start_phi_h_bin': 2833, 'End_phi_h_bin': 2857, 'Bin_Title': '#font[22]{#scale[1.25]{#color[2]{Q^{2}-y Bin: 5} #topbar #color[2]{z-P_{T} Bin: 5}}}'}, {'Q2_y': '5', 'z_pT': 6, 'Start_phi_h_bin': 2857, 'End_phi_h_bin': 2881, 'Bin_Title': '#font[22]{#scale[1.25]{#color[2]{Q^{2}-y Bin: 5} #topbar #color[2]{z-P_{T} Bin: 6}}}'}, {'Q2_y': '5', 'z_pT': 7, 'Start_phi_h_bin': 2881, 'End_phi_h_bin': 2905, 'Bin_Title': '#font[22]{#scale[1.25]{#color[2]{Q^{2}-y Bin: 5} #topbar #color[2]{z-P_{T} Bin: 7}}}'}, {'Q2_y': '5', 'z_pT': 8, 'Start_phi_h_bin': 2905, 'End_phi_h_bin': 2929, 'Bin_Title': '#font[22]{#scale[1.25]{#color[2]{Q^{2}-y Bin: 5} #topbar #color[2]{z-P_{T} Bin: 8}}}'}, {'Q2_y': '5', 'z_pT': 9, 'Start_phi_h_bin': 2929, 'End_phi_h_bin': 2953, 'Bin_Title': '#font[22]{#scale[1.25]{#color[2]{Q^{2}-y Bin: 5} #topbar #color[2]{z-P_{T} Bin: 9}}}'}, {'Q2_y': '5', 'z_pT': 10, 'Start_phi_h_bin': 2953, 'End_phi_h_bin': 2977, 'Bin_Title': '#font[22]{#scale[1.25]{#color[2]{Q^{2}-y Bin: 5} #topbar #color[2]{z-P_{T} Bin: 10}}}'}, {'Q2_y': '5', 'z_pT': 11, 'Start_phi_h_bin': 2977, 'End_phi_h_bin': 3001, 'Bin_Title': '#font[22]{#scale[1.25]{#color[2]{Q^{2}-y Bin: 5} #topbar #color[2]{z-P_{T} Bin: 11}}}'}, {'Q2_y': '5', 'z_pT': 12, 'Start_phi_h_bin': 3001, 'End_phi_h_bin': 3025, 'Bin_Title': '#font[22]{#scale[1.25]{#color[2]{Q^{2}-y Bin: 5} #topbar #color[2]{z-P_{T} Bin: 12}}}'}, {'Q2_y': '5', 'z_pT': 13, 'Start_phi_h_bin': 3025, 'End_phi_h_bin': 3049, 'Bin_Title': '#font[22]{#scale[1.25]{#color[2]{Q^{2}-y Bin: 5} #topbar #color[2]{z-P_{T} Bin: 13}}}'}, {'Q2_y': '5', 'z_pT': 14, 'Start_phi_h_bin': 3049, 'End_phi_h_bin': 3073, 'Bin_Title': '#font[22]{#scale[1.25]{#color[2]{Q^{2}-y Bin: 5} #topbar #color[2]{z-P_{T} Bin: 14}}}'}, {'Q2_y': '5', 'z_pT': 15, 'Start_phi_h_bin': 3073, 'End_phi_h_bin': 3097, 'Bin_Title': '#font[22]{#scale[1.25]{#color[2]{Q^{2}-y Bin: 5} #topbar #color[2]{z-P_{T} Bin: 15}}}'}, {'Q2_y': '5', 'z_pT': 16, 'Start_phi_h_bin': 3097, 'End_phi_h_bin': 3121, 'Bin_Title': '#font[22]{#scale[1.25]{#color[2]{Q^{2}-y Bin: 5} #topbar #color[2]{z-P_{T} Bin: 16}}}'}, {'Q2_y': '5', 'z_pT': 17, 'Start_phi_h_bin': 3121, 'End_phi_h_bin': 3145, 'Bin_Title': '#font[22]{#scale[1.25]{#color[2]{Q^{2}-y Bin: 5} #topbar #color[2]{z-P_{T} Bin: 17}}}'}, {'Q2_y': '5', 'z_pT': 18, 'Start_phi_h_bin': 3145, 'End_phi_h_bin': 3169, 'Bin_Title': '#font[22]{#scale[1.25]{#color[2]{Q^{2}-y Bin: 5} #topbar #color[2]{z-P_{T} Bin: 18}}}'}, {'Q2_y': '5', 'z_pT': 19, 'Start_phi_h_bin': 3169, 'End_phi_h_bin': 3193, 'Bin_Title': '#font[22]{#scale[1.25]{#color[2]{Q^{2}-y Bin: 5} #topbar #color[2]{z-P_{T} Bin: 19}}}'}, {'Q2_y': '5', 'z_pT': 20, 'Start_phi_h_bin': 3193, 'End_phi_h_bin': 3217, 'Bin_Title': '#font[22]{#scale[1.25]{#color[2]{Q^{2}-y Bin: 5} #topbar #color[2]{z-P_{T} Bin: 20}}}'}, {'Q2_y': '5', 'z_pT': 21, 'Start_phi_h_bin': 3217, 'End_phi_h_bin': 3241, 'Bin_Title': '#font[22]{#scale[1.25]{#color[2]{Q^{2}-y Bin: 5} #topbar #color[2]{z-P_{T} Bin: 21}}}'}, {'Q2_y': '5', 'z_pT': 22, 'Start_phi_h_bin': 3241, 'End_phi_h_bin': 3265, 'Bin_Title': '#font[22]{#scale[1.25]{#color[2]{Q^{2}-y Bin: 5} #topbar #color[2]{z-P_{T} Bin: 22}}}'}, {'Q2_y': '5', 'z_pT': 23, 'Start_phi_h_bin': 3265, 'End_phi_h_bin': 3289, 'Bin_Title': '#font[22]{#scale[1.25]{#color[2]{Q^{2}-y Bin: 5} #topbar #color[2]{z-P_{T} Bin: 23}}}'}, {'Q2_y': '5', 'z_pT': 25, 'Start_phi_h_bin': 3289, 'End_phi_h_bin': 3313, 'Bin_Title': '#font[22]{#scale[1.25]{#color[2]{Q^{2}-y Bin: 5} #topbar #color[2]{z-P_{T} Bin: 25}}}'}, {'Q2_y': '5', 'z_pT': 26, 'Start_phi_h_bin': 3313, 'End_phi_h_bin': 3337, 'Bin_Title': '#font[22]{#scale[1.25]{#color[2]{Q^{2}-y Bin: 5} #topbar #color[2]{z-P_{T} Bin: 26}}}'}, {'Q2_y': '5', 'z_pT': 27, 'Start_phi_h_bin': 3337, 'End_phi_h_bin': 3361, 'Bin_Title': '#font[22]{#scale[1.25]{#color[2]{Q^{2}-y Bin: 5} #topbar #color[2]{z-P_{T} Bin: 27}}}'}, {'Q2_y': '5', 'z_pT': 28, 'Start_phi_h_bin': 3361, 'End_phi_h_bin': 3385, 'Bin_Title': '#font[22]{#scale[1.25]{#color[2]{Q^{2}-y Bin: 5} #topbar #color[2]{z-P_{T} Bin: 28}}}'}, {'Q2_y': '5', 'z_pT': 29, 'Start_phi_h_bin': 3385, 'End_phi_h_bin': 3409, 'Bin_Title': '#font[22]{#scale[1.25]{#color[2]{Q^{2}-y Bin: 5} #topbar #color[2]{z-P_{T} Bin: 29}}}'}, {'Q2_y': '5', 'z_pT': 31, 'Start_phi_h_bin': 3409, 'End_phi_h_bin': 3433, 'Bin_Title': '#font[22]{#scale[1.25]{#color[2]{Q^{2}-y Bin: 5} #topbar #color[2]{z-P_{T} Bin: 31}}}'}, {'Q2_y': '5', 'z_pT': 32, 'Start_phi_h_bin': 3433, 'End_phi_h_bin': 3457, 'Bin_Title': '#font[22]{#scale[1.25]{#color[2]{Q^{2}-y Bin: 5} #topbar #color[2]{z-P_{T} Bin: 32}}}'}, {'Q2_y': '5', 'z_pT': 33, 'Start_phi_h_bin': 3457, 'End_phi_h_bin': 3481, 'Bin_Title': '#font[22]{#scale[1.25]{#color[2]{Q^{2}-y Bin: 5} #topbar #color[2]{z-P_{T} Bin: 33}}}'}, {'Q2_y': '5', 'z_pT': 34, 'Start_phi_h_bin': 3481, 'End_phi_h_bin': 3505, 'Bin_Title': '#font[22]{#scale[1.25]{#color[2]{Q^{2}-y Bin: 5} #topbar #color[2]{z-P_{T} Bin: 34}}}'}, {'Q2_y': '6', 'z_pT': 0, 'Start_phi_h_bin': 3505, 'End_phi_h_bin': 4129, 'Bin_Title': '#font[22]{#scale[1.25]{#color[2]{Q^{2}-y Bin: 6} #topbar #color[2]{z-P_{T} Bin: All}}}'}, {'Q2_y': '6', 'z_pT': 1, 'Start_phi_h_bin': 3505, 'End_phi_h_bin': 3529, 'Bin_Title': '#font[22]{#scale[1.25]{#color[2]{Q^{2}-y Bin: 6} #topbar #color[2]{z-P_{T} Bin: 1}}}'}, {'Q2_y': '6', 'z_pT': 2, 'Start_phi_h_bin': 3529, 'End_phi_h_bin': 3553, 'Bin_Title': '#font[22]{#scale[1.25]{#color[2]{Q^{2}-y Bin: 6} #topbar #color[2]{z-P_{T} Bin: 2}}}'}, {'Q2_y': '6', 'z_pT': 3, 'Start_phi_h_bin': 3553, 'End_phi_h_bin': 3577, 'Bin_Title': '#font[22]{#scale[1.25]{#color[2]{Q^{2}-y Bin: 6} #topbar #color[2]{z-P_{T} Bin: 3}}}'}, {'Q2_y': '6', 'z_pT': 4, 'Start_phi_h_bin': 3577, 'End_phi_h_bin': 3601, 'Bin_Title': '#font[22]{#scale[1.25]{#color[2]{Q^{2}-y Bin: 6} #topbar #color[2]{z-P_{T} Bin: 4}}}'}, {'Q2_y': '6', 'z_pT': 5, 'Start_phi_h_bin': 3601, 'End_phi_h_bin': 3625, 'Bin_Title': '#font[22]{#scale[1.25]{#color[2]{Q^{2}-y Bin: 6} #topbar #color[2]{z-P_{T} Bin: 5}}}'}, {'Q2_y': '6', 'z_pT': 6, 'Start_phi_h_bin': 3625, 'End_phi_h_bin': 3649, 'Bin_Title': '#font[22]{#scale[1.25]{#color[2]{Q^{2}-y Bin: 6} #topbar #color[2]{z-P_{T} Bin: 6}}}'}, {'Q2_y': '6', 'z_pT': 7, 'Start_phi_h_bin': 3649, 'End_phi_h_bin': 3673, 'Bin_Title': '#font[22]{#scale[1.25]{#color[2]{Q^{2}-y Bin: 6} #topbar #color[2]{z-P_{T} Bin: 7}}}'}, {'Q2_y': '6', 'z_pT': 8, 'Start_phi_h_bin': 3673, 'End_phi_h_bin': 3697, 'Bin_Title': '#font[22]{#scale[1.25]{#color[2]{Q^{2}-y Bin: 6} #topbar #color[2]{z-P_{T} Bin: 8}}}'}, {'Q2_y': '6', 'z_pT': 9, 'Start_phi_h_bin': 3697, 'End_phi_h_bin': 3721, 'Bin_Title': '#font[22]{#scale[1.25]{#color[2]{Q^{2}-y Bin: 6} #topbar #color[2]{z-P_{T} Bin: 9}}}'}, {'Q2_y': '6', 'z_pT': 10, 'Start_phi_h_bin': 3721, 'End_phi_h_bin': 3745, 'Bin_Title': '#font[22]{#scale[1.25]{#color[2]{Q^{2}-y Bin: 6} #topbar #color[2]{z-P_{T} Bin: 10}}}'}, {'Q2_y': '6', 'z_pT': 11, 'Start_phi_h_bin': 3745, 'End_phi_h_bin': 3769, 'Bin_Title': '#font[22]{#scale[1.25]{#color[2]{Q^{2}-y Bin: 6} #topbar #color[2]{z-P_{T} Bin: 11}}}'}, {'Q2_y': '6', 'z_pT': 12, 'Start_phi_h_bin': 3769, 'End_phi_h_bin': 3793, 'Bin_Title': '#font[22]{#scale[1.25]{#color[2]{Q^{2}-y Bin: 6} #topbar #color[2]{z-P_{T} Bin: 12}}}'}, {'Q2_y': '6', 'z_pT': 13, 'Start_phi_h_bin': 3793, 'End_phi_h_bin': 3817, 'Bin_Title': '#font[22]{#scale[1.25]{#color[2]{Q^{2}-y Bin: 6} #topbar #color[2]{z-P_{T} Bin: 13}}}'}, {'Q2_y': '6', 'z_pT': 14, 'Start_phi_h_bin': 3817, 'End_phi_h_bin': 3841, 'Bin_Title': '#font[22]{#scale[1.25]{#color[2]{Q^{2}-y Bin: 6} #topbar #color[2]{z-P_{T} Bin: 14}}}'}, {'Q2_y': '6', 'z_pT': 15, 'Start_phi_h_bin': 3841, 'End_phi_h_bin': 3865, 'Bin_Title': '#font[22]{#scale[1.25]{#color[2]{Q^{2}-y Bin: 6} #topbar #color[2]{z-P_{T} Bin: 15}}}'}, {'Q2_y': '6', 'z_pT': 16, 'Start_phi_h_bin': 3865, 'End_phi_h_bin': 3889, 'Bin_Title': '#font[22]{#scale[1.25]{#color[2]{Q^{2}-y Bin: 6} #topbar #color[2]{z-P_{T} Bin: 16}}}'}, {'Q2_y': '6', 'z_pT': 17, 'Start_phi_h_bin': 3889, 'End_phi_h_bin': 3913, 'Bin_Title': '#font[22]{#scale[1.25]{#color[2]{Q^{2}-y Bin: 6} #topbar #color[2]{z-P_{T} Bin: 17}}}'}, {'Q2_y': '6', 'z_pT': 19, 'Start_phi_h_bin': 3913, 'End_phi_h_bin': 3937, 'Bin_Title': '#font[22]{#scale[1.25]{#color[2]{Q^{2}-y Bin: 6} #topbar #color[2]{z-P_{T} Bin: 19}}}'}, {'Q2_y': '6', 'z_pT': 20, 'Start_phi_h_bin': 3937, 'End_phi_h_bin': 3961, 'Bin_Title': '#font[22]{#scale[1.25]{#color[2]{Q^{2}-y Bin: 6} #topbar #color[2]{z-P_{T} Bin: 20}}}'}, {'Q2_y': '6', 'z_pT': 21, 'Start_phi_h_bin': 3961, 'End_phi_h_bin': 3985, 'Bin_Title': '#font[22]{#scale[1.25]{#color[2]{Q^{2}-y Bin: 6} #topbar #color[2]{z-P_{T} Bin: 21}}}'}, {'Q2_y': '6', 'z_pT': 22, 'Start_phi_h_bin': 3985, 'End_phi_h_bin': 4009, 'Bin_Title': '#font[22]{#scale[1.25]{#color[2]{Q^{2}-y Bin: 6} #topbar #color[2]{z-P_{T} Bin: 22}}}'}, {'Q2_y': '6', 'z_pT': 23, 'Start_phi_h_bin': 4009, 'End_phi_h_bin': 4033, 'Bin_Title': '#font[22]{#scale[1.25]{#color[2]{Q^{2}-y Bin: 6} #topbar #color[2]{z-P_{T} Bin: 23}}}'}, {'Q2_y': '6', 'z_pT': 25, 'Start_phi_h_bin': 4033, 'End_phi_h_bin': 4057, 'Bin_Title': '#font[22]{#scale[1.25]{#color[2]{Q^{2}-y Bin: 6} #topbar #color[2]{z-P_{T} Bin: 25}}}'}, {'Q2_y': '6', 'z_pT': 26, 'Start_phi_h_bin': 4057, 'End_phi_h_bin': 4081, 'Bin_Title': '#font[22]{#scale[1.25]{#color[2]{Q^{2}-y Bin: 6} #topbar #color[2]{z-P_{T} Bin: 26}}}'}, {'Q2_y': '6', 'z_pT': 27, 'Start_phi_h_bin': 4081, 'End_phi_h_bin': 4105, 'Bin_Title': '#font[22]{#scale[1.25]{#color[2]{Q^{2}-y Bin: 6} #topbar #color[2]{z-P_{T} Bin: 27}}}'}, {'Q2_y': '6', 'z_pT': 28, 'Start_phi_h_bin': 4105, 'End_phi_h_bin': 4129, 'Bin_Title': '#font[22]{#scale[1.25]{#color[2]{Q^{2}-y Bin: 6} #topbar #color[2]{z-P_{T} Bin: 28}}}'}, {'Q2_y': '7', 'z_pT': 0, 'Start_phi_h_bin': 4129, 'End_phi_h_bin': 4897, 'Bin_Title': '#font[22]{#scale[1.25]{#color[2]{Q^{2}-y Bin: 7} #topbar #color[2]{z-P_{T} Bin: All}}}'}, {'Q2_y': '7', 'z_pT': 1, 'Start_phi_h_bin': 4129, 'End_phi_h_bin': 4153, 'Bin_Title': '#font[22]{#scale[1.25]{#color[2]{Q^{2}-y Bin: 7} #topbar #color[2]{z-P_{T} Bin: 1}}}'}, {'Q2_y': '7', 'z_pT': 2, 'Start_phi_h_bin': 4153, 'End_phi_h_bin': 4177, 'Bin_Title': '#font[22]{#scale[1.25]{#color[2]{Q^{2}-y Bin: 7} #topbar #color[2]{z-P_{T} Bin: 2}}}'}, {'Q2_y': '7', 'z_pT': 3, 'Start_phi_h_bin': 4177, 'End_phi_h_bin': 4201, 'Bin_Title': '#font[22]{#scale[1.25]{#color[2]{Q^{2}-y Bin: 7} #topbar #color[2]{z-P_{T} Bin: 3}}}'}, {'Q2_y': '7', 'z_pT': 4, 'Start_phi_h_bin': 4201, 'End_phi_h_bin': 4225, 'Bin_Title': '#font[22]{#scale[1.25]{#color[2]{Q^{2}-y Bin: 7} #topbar #color[2]{z-P_{T} Bin: 4}}}'}, {'Q2_y': '7', 'z_pT': 7, 'Start_phi_h_bin': 4225, 'End_phi_h_bin': 4249, 'Bin_Title': '#font[22]{#scale[1.25]{#color[2]{Q^{2}-y Bin: 7} #topbar #color[2]{z-P_{T} Bin: 7}}}'}, {'Q2_y': '7', 'z_pT': 8, 'Start_phi_h_bin': 4249, 'End_phi_h_bin': 4273, 'Bin_Title': '#font[22]{#scale[1.25]{#color[2]{Q^{2}-y Bin: 7} #topbar #color[2]{z-P_{T} Bin: 8}}}'}, {'Q2_y': '7', 'z_pT': 9, 'Start_phi_h_bin': 4273, 'End_phi_h_bin': 4297, 'Bin_Title': '#font[22]{#scale[1.25]{#color[2]{Q^{2}-y Bin: 7} #topbar #color[2]{z-P_{T} Bin: 9}}}'}, {'Q2_y': '7', 'z_pT': 10, 'Start_phi_h_bin': 4297, 'End_phi_h_bin': 4321, 'Bin_Title': '#font[22]{#scale[1.25]{#color[2]{Q^{2}-y Bin: 7} #topbar #color[2]{z-P_{T} Bin: 10}}}'}, {'Q2_y': '7', 'z_pT': 11, 'Start_phi_h_bin': 4321, 'End_phi_h_bin': 4345, 'Bin_Title': '#font[22]{#scale[1.25]{#color[2]{Q^{2}-y Bin: 7} #topbar #color[2]{z-P_{T} Bin: 11}}}'}, {'Q2_y': '7', 'z_pT': 12, 'Start_phi_h_bin': 4345, 'End_phi_h_bin': 4369, 'Bin_Title': '#font[22]{#scale[1.25]{#color[2]{Q^{2}-y Bin: 7} #topbar #color[2]{z-P_{T} Bin: 12}}}'}, {'Q2_y': '7', 'z_pT': 13, 'Start_phi_h_bin': 4369, 'End_phi_h_bin': 4393, 'Bin_Title': '#font[22]{#scale[1.25]{#color[2]{Q^{2}-y Bin: 7} #topbar #color[2]{z-P_{T} Bin: 13}}}'}, {'Q2_y': '7', 'z_pT': 14, 'Start_phi_h_bin': 4393, 'End_phi_h_bin': 4417, 'Bin_Title': '#font[22]{#scale[1.25]{#color[2]{Q^{2}-y Bin: 7} #topbar #color[2]{z-P_{T} Bin: 14}}}'}, {'Q2_y': '7', 'z_pT': 15, 'Start_phi_h_bin': 4417, 'End_phi_h_bin': 4441, 'Bin_Title': '#font[22]{#scale[1.25]{#color[2]{Q^{2}-y Bin: 7} #topbar #color[2]{z-P_{T} Bin: 15}}}'}, {'Q2_y': '7', 'z_pT': 16, 'Start_phi_h_bin': 4441, 'End_phi_h_bin': 4465, 'Bin_Title': '#font[22]{#scale[1.25]{#color[2]{Q^{2}-y Bin: 7} #topbar #color[2]{z-P_{T} Bin: 16}}}'}, {'Q2_y': '7', 'z_pT': 17, 'Start_phi_h_bin': 4465, 'End_phi_h_bin': 4489, 'Bin_Title': '#font[22]{#scale[1.25]{#color[2]{Q^{2}-y Bin: 7} #topbar #color[2]{z-P_{T} Bin: 17}}}'}, {'Q2_y': '7', 'z_pT': 18, 'Start_phi_h_bin': 4489, 'End_phi_h_bin': 4513, 'Bin_Title': '#font[22]{#scale[1.25]{#color[2]{Q^{2}-y Bin: 7} #topbar #color[2]{z-P_{T} Bin: 18}}}'}, {'Q2_y': '7', 'z_pT': 19, 'Start_phi_h_bin': 4513, 'End_phi_h_bin': 4537, 'Bin_Title': '#font[22]{#scale[1.25]{#color[2]{Q^{2}-y Bin: 7} #topbar #color[2]{z-P_{T} Bin: 19}}}'}, {'Q2_y': '7', 'z_pT': 20, 'Start_phi_h_bin': 4537, 'End_phi_h_bin': 4561, 'Bin_Title': '#font[22]{#scale[1.25]{#color[2]{Q^{2}-y Bin: 7} #topbar #color[2]{z-P_{T} Bin: 20}}}'}, {'Q2_y': '7', 'z_pT': 21, 'Start_phi_h_bin': 4561, 'End_phi_h_bin': 4585, 'Bin_Title': '#font[22]{#scale[1.25]{#color[2]{Q^{2}-y Bin: 7} #topbar #color[2]{z-P_{T} Bin: 21}}}'}, {'Q2_y': '7', 'z_pT': 22, 'Start_phi_h_bin': 4585, 'End_phi_h_bin': 4609, 'Bin_Title': '#font[22]{#scale[1.25]{#color[2]{Q^{2}-y Bin: 7} #topbar #color[2]{z-P_{T} Bin: 22}}}'}, {'Q2_y': '7', 'z_pT': 23, 'Start_phi_h_bin': 4609, 'End_phi_h_bin': 4633, 'Bin_Title': '#font[22]{#scale[1.25]{#color[2]{Q^{2}-y Bin: 7} #topbar #color[2]{z-P_{T} Bin: 23}}}'}, {'Q2_y': '7', 'z_pT': 24, 'Start_phi_h_bin': 4633, 'End_phi_h_bin': 4657, 'Bin_Title': '#font[22]{#scale[1.25]{#color[2]{Q^{2}-y Bin: 7} #topbar #color[2]{z-P_{T} Bin: 24}}}'}, {'Q2_y': '7', 'z_pT': 25, 'Start_phi_h_bin': 4657, 'End_phi_h_bin': 4681, 'Bin_Title': '#font[22]{#scale[1.25]{#color[2]{Q^{2}-y Bin: 7} #topbar #color[2]{z-P_{T} Bin: 25}}}'}, {'Q2_y': '7', 'z_pT': 26, 'Start_phi_h_bin': 4681, 'End_phi_h_bin': 4705, 'Bin_Title': '#font[22]{#scale[1.25]{#color[2]{Q^{2}-y Bin: 7} #topbar #color[2]{z-P_{T} Bin: 26}}}'}, {'Q2_y': '7', 'z_pT': 27, 'Start_phi_h_bin': 4705, 'End_phi_h_bin': 4729, 'Bin_Title': '#font[22]{#scale[1.25]{#color[2]{Q^{2}-y Bin: 7} #topbar #color[2]{z-P_{T} Bin: 27}}}'}, {'Q2_y': '7', 'z_pT': 28, 'Start_phi_h_bin': 4729, 'End_phi_h_bin': 4753, 'Bin_Title': '#font[22]{#scale[1.25]{#color[2]{Q^{2}-y Bin: 7} #topbar #color[2]{z-P_{T} Bin: 28}}}'}, {'Q2_y': '7', 'z_pT': 29, 'Start_phi_h_bin': 4753, 'End_phi_h_bin': 4777, 'Bin_Title': '#font[22]{#scale[1.25]{#color[2]{Q^{2}-y Bin: 7} #topbar #color[2]{z-P_{T} Bin: 29}}}'}, {'Q2_y': '7', 'z_pT': 31, 'Start_phi_h_bin': 4777, 'End_phi_h_bin': 4801, 'Bin_Title': '#font[22]{#scale[1.25]{#color[2]{Q^{2}-y Bin: 7} #topbar #color[2]{z-P_{T} Bin: 31}}}'}, {'Q2_y': '7', 'z_pT': 32, 'Start_phi_h_bin': 4801, 'End_phi_h_bin': 4825, 'Bin_Title': '#font[22]{#scale[1.25]{#color[2]{Q^{2}-y Bin: 7} #topbar #color[2]{z-P_{T} Bin: 32}}}'}, {'Q2_y': '7', 'z_pT': 33, 'Start_phi_h_bin': 4825, 'End_phi_h_bin': 4849, 'Bin_Title': '#font[22]{#scale[1.25]{#color[2]{Q^{2}-y Bin: 7} #topbar #color[2]{z-P_{T} Bin: 33}}}'}, {'Q2_y': '7', 'z_pT': 34, 'Start_phi_h_bin': 4849, 'End_phi_h_bin': 4873, 'Bin_Title': '#font[22]{#scale[1.25]{#color[2]{Q^{2}-y Bin: 7} #topbar #color[2]{z-P_{T} Bin: 34}}}'}, {'Q2_y': '7', 'z_pT': 35, 'Start_phi_h_bin': 4873, 'End_phi_h_bin': 4897, 'Bin_Title': '#font[22]{#scale[1.25]{#color[2]{Q^{2}-y Bin: 7} #topbar #color[2]{z-P_{T} Bin: 35}}}'}, {'Q2_y': '8', 'z_pT': 0, 'Start_phi_h_bin': 4897, 'End_phi_h_bin': 5521, 'Bin_Title': '#font[22]{#scale[1.25]{#color[2]{Q^{2}-y Bin: 8} #topbar #color[2]{z-P_{T} Bin: All}}}'}, {'Q2_y': '8', 'z_pT': 6, 'Start_phi_h_bin': 4897, 'End_phi_h_bin': 4921, 'Bin_Title': '#font[22]{#scale[1.25]{#color[2]{Q^{2}-y Bin: 8} #topbar #color[2]{z-P_{T} Bin: 6}}}'}, {'Q2_y': '8', 'z_pT': 7, 'Start_phi_h_bin': 4921, 'End_phi_h_bin': 4945, 'Bin_Title': '#font[22]{#scale[1.25]{#color[2]{Q^{2}-y Bin: 8} #topbar #color[2]{z-P_{T} Bin: 7}}}'}, {'Q2_y': '8', 'z_pT': 8, 'Start_phi_h_bin': 4945, 'End_phi_h_bin': 4969, 'Bin_Title': '#font[22]{#scale[1.25]{#color[2]{Q^{2}-y Bin: 8} #topbar #color[2]{z-P_{T} Bin: 8}}}'}, {'Q2_y': '8', 'z_pT': 11, 'Start_phi_h_bin': 4969, 'End_phi_h_bin': 4993, 'Bin_Title': '#font[22]{#scale[1.25]{#color[2]{Q^{2}-y Bin: 8} #topbar #color[2]{z-P_{T} Bin: 11}}}'}, {'Q2_y': '8', 'z_pT': 12, 'Start_phi_h_bin': 4993, 'End_phi_h_bin': 5017, 'Bin_Title': '#font[22]{#scale[1.25]{#color[2]{Q^{2}-y Bin: 8} #topbar #color[2]{z-P_{T} Bin: 12}}}'}, {'Q2_y': '8', 'z_pT': 13, 'Start_phi_h_bin': 5017, 'End_phi_h_bin': 5041, 'Bin_Title': '#font[22]{#scale[1.25]{#color[2]{Q^{2}-y Bin: 8} #topbar #color[2]{z-P_{T} Bin: 13}}}'}, {'Q2_y': '8', 'z_pT': 14, 'Start_phi_h_bin': 5041, 'End_phi_h_bin': 5065, 'Bin_Title': '#font[22]{#scale[1.25]{#color[2]{Q^{2}-y Bin: 8} #topbar #color[2]{z-P_{T} Bin: 14}}}'}, {'Q2_y': '8', 'z_pT': 16, 'Start_phi_h_bin': 5065, 'End_phi_h_bin': 5089, 'Bin_Title': '#font[22]{#scale[1.25]{#color[2]{Q^{2}-y Bin: 8} #topbar #color[2]{z-P_{T} Bin: 16}}}'}, {'Q2_y': '8', 'z_pT': 17, 'Start_phi_h_bin': 5089, 'End_phi_h_bin': 5113, 'Bin_Title': '#font[22]{#scale[1.25]{#color[2]{Q^{2}-y Bin: 8} #topbar #color[2]{z-P_{T} Bin: 17}}}'}, {'Q2_y': '8', 'z_pT': 18, 'Start_phi_h_bin': 5113, 'End_phi_h_bin': 5137, 'Bin_Title': '#font[22]{#scale[1.25]{#color[2]{Q^{2}-y Bin: 8} #topbar #color[2]{z-P_{T} Bin: 18}}}'}, {'Q2_y': '8', 'z_pT': 19, 'Start_phi_h_bin': 5137, 'End_phi_h_bin': 5161, 'Bin_Title': '#font[22]{#scale[1.25]{#color[2]{Q^{2}-y Bin: 8} #topbar #color[2]{z-P_{T} Bin: 19}}}'}, {'Q2_y': '8', 'z_pT': 20, 'Start_phi_h_bin': 5161, 'End_phi_h_bin': 5185, 'Bin_Title': '#font[22]{#scale[1.25]{#color[2]{Q^{2}-y Bin: 8} #topbar #color[2]{z-P_{T} Bin: 20}}}'}, {'Q2_y': '8', 'z_pT': 21, 'Start_phi_h_bin': 5185, 'End_phi_h_bin': 5209, 'Bin_Title': '#font[22]{#scale[1.25]{#color[2]{Q^{2}-y Bin: 8} #topbar #color[2]{z-P_{T} Bin: 21}}}'}, {'Q2_y': '8', 'z_pT': 22, 'Start_phi_h_bin': 5209, 'End_phi_h_bin': 5233, 'Bin_Title': '#font[22]{#scale[1.25]{#color[2]{Q^{2}-y Bin: 8} #topbar #color[2]{z-P_{T} Bin: 22}}}'}, {'Q2_y': '8', 'z_pT': 23, 'Start_phi_h_bin': 5233, 'End_phi_h_bin': 5257, 'Bin_Title': '#font[22]{#scale[1.25]{#color[2]{Q^{2}-y Bin: 8} #topbar #color[2]{z-P_{T} Bin: 23}}}'}, {'Q2_y': '8', 'z_pT': 24, 'Start_phi_h_bin': 5257, 'End_phi_h_bin': 5281, 'Bin_Title': '#font[22]{#scale[1.25]{#color[2]{Q^{2}-y Bin: 8} #topbar #color[2]{z-P_{T} Bin: 24}}}'}, {'Q2_y': '8', 'z_pT': 25, 'Start_phi_h_bin': 5281, 'End_phi_h_bin': 5305, 'Bin_Title': '#font[22]{#scale[1.25]{#color[2]{Q^{2}-y Bin: 8} #topbar #color[2]{z-P_{T} Bin: 25}}}'}, {'Q2_y': '8', 'z_pT': 26, 'Start_phi_h_bin': 5305, 'End_phi_h_bin': 5329, 'Bin_Title': '#font[22]{#scale[1.25]{#color[2]{Q^{2}-y Bin: 8} #topbar #color[2]{z-P_{T} Bin: 26}}}'}, {'Q2_y': '8', 'z_pT': 27, 'Start_phi_h_bin': 5329, 'End_phi_h_bin': 5353, 'Bin_Title': '#font[22]{#scale[1.25]{#color[2]{Q^{2}-y Bin: 8} #topbar #color[2]{z-P_{T} Bin: 27}}}'}, {'Q2_y': '8', 'z_pT': 28, 'Start_phi_h_bin': 5353, 'End_phi_h_bin': 5377, 'Bin_Title': '#font[22]{#scale[1.25]{#color[2]{Q^{2}-y Bin: 8} #topbar #color[2]{z-P_{T} Bin: 28}}}'}, {'Q2_y': '8', 'z_pT': 29, 'Start_phi_h_bin': 5377, 'End_phi_h_bin': 5401, 'Bin_Title': '#font[22]{#scale[1.25]{#color[2]{Q^{2}-y Bin: 8} #topbar #color[2]{z-P_{T} Bin: 29}}}'}, {'Q2_y': '8', 'z_pT': 30, 'Start_phi_h_bin': 5401, 'End_phi_h_bin': 5425, 'Bin_Title': '#font[22]{#scale[1.25]{#color[2]{Q^{2}-y Bin: 8} #topbar #color[2]{z-P_{T} Bin: 30}}}'}, {'Q2_y': '8', 'z_pT': 31, 'Start_phi_h_bin': 5425, 'End_phi_h_bin': 5449, 'Bin_Title': '#font[22]{#scale[1.25]{#color[2]{Q^{2}-y Bin: 8} #topbar #color[2]{z-P_{T} Bin: 31}}}'}, {'Q2_y': '8', 'z_pT': 32, 'Start_phi_h_bin': 5449, 'End_phi_h_bin': 5473, 'Bin_Title': '#font[22]{#scale[1.25]{#color[2]{Q^{2}-y Bin: 8} #topbar #color[2]{z-P_{T} Bin: 32}}}'}, {'Q2_y': '8', 'z_pT': 33, 'Start_phi_h_bin': 5473, 'End_phi_h_bin': 5497, 'Bin_Title': '#font[22]{#scale[1.25]{#color[2]{Q^{2}-y Bin: 8} #topbar #color[2]{z-P_{T} Bin: 33}}}'}, {'Q2_y': '8', 'z_pT': 34, 'Start_phi_h_bin': 5497, 'End_phi_h_bin': 5521, 'Bin_Title': '#font[22]{#scale[1.25]{#color[2]{Q^{2}-y Bin: 8} #topbar #color[2]{z-P_{T} Bin: 34}}}'}, {'Q2_y': '9', 'z_pT': 0, 'Start_phi_h_bin': 5521, 'End_phi_h_bin': 6217, 'Bin_Title': '#font[22]{#scale[1.25]{#color[2]{Q^{2}-y Bin: 9} #topbar #color[2]{z-P_{T} Bin: All}}}'}, {'Q2_y': '9', 'z_pT': 1, 'Start_phi_h_bin': 5521, 'End_phi_h_bin': 5545, 'Bin_Title': '#font[22]{#scale[1.25]{#color[2]{Q^{2}-y Bin: 9} #topbar #color[2]{z-P_{T} Bin: 1}}}'}, {'Q2_y': '9', 'z_pT': 2, 'Start_phi_h_bin': 5545, 'End_phi_h_bin': 5569, 'Bin_Title': '#font[22]{#scale[1.25]{#color[2]{Q^{2}-y Bin: 9} #topbar #color[2]{z-P_{T} Bin: 2}}}'}, {'Q2_y': '9', 'z_pT': 3, 'Start_phi_h_bin': 5569, 'End_phi_h_bin': 5593, 'Bin_Title': '#font[22]{#scale[1.25]{#color[2]{Q^{2}-y Bin: 9} #topbar #color[2]{z-P_{T} Bin: 3}}}'}, {'Q2_y': '9', 'z_pT': 4, 'Start_phi_h_bin': 5593, 'End_phi_h_bin': 5617, 'Bin_Title': '#font[22]{#scale[1.25]{#color[2]{Q^{2}-y Bin: 9} #topbar #color[2]{z-P_{T} Bin: 4}}}'}, {'Q2_y': '9', 'z_pT': 5, 'Start_phi_h_bin': 5617, 'End_phi_h_bin': 5641, 'Bin_Title': '#font[22]{#scale[1.25]{#color[2]{Q^{2}-y Bin: 9} #topbar #color[2]{z-P_{T} Bin: 5}}}'}, {'Q2_y': '9', 'z_pT': 6, 'Start_phi_h_bin': 5641, 'End_phi_h_bin': 5665, 'Bin_Title': '#font[22]{#scale[1.25]{#color[2]{Q^{2}-y Bin: 9} #topbar #color[2]{z-P_{T} Bin: 6}}}'}, {'Q2_y': '9', 'z_pT': 7, 'Start_phi_h_bin': 5665, 'End_phi_h_bin': 5689, 'Bin_Title': '#font[22]{#scale[1.25]{#color[2]{Q^{2}-y Bin: 9} #topbar #color[2]{z-P_{T} Bin: 7}}}'}, {'Q2_y': '9', 'z_pT': 8, 'Start_phi_h_bin': 5689, 'End_phi_h_bin': 5713, 'Bin_Title': '#font[22]{#scale[1.25]{#color[2]{Q^{2}-y Bin: 9} #topbar #color[2]{z-P_{T} Bin: 8}}}'}, {'Q2_y': '9', 'z_pT': 9, 'Start_phi_h_bin': 5713, 'End_phi_h_bin': 5737, 'Bin_Title': '#font[22]{#scale[1.25]{#color[2]{Q^{2}-y Bin: 9} #topbar #color[2]{z-P_{T} Bin: 9}}}'}, {'Q2_y': '9', 'z_pT': 10, 'Start_phi_h_bin': 5737, 'End_phi_h_bin': 5761, 'Bin_Title': '#font[22]{#scale[1.25]{#color[2]{Q^{2}-y Bin: 9} #topbar #color[2]{z-P_{T} Bin: 10}}}'}, {'Q2_y': '9', 'z_pT': 11, 'Start_phi_h_bin': 5761, 'End_phi_h_bin': 5785, 'Bin_Title': '#font[22]{#scale[1.25]{#color[2]{Q^{2}-y Bin: 9} #topbar #color[2]{z-P_{T} Bin: 11}}}'}, {'Q2_y': '9', 'z_pT': 12, 'Start_phi_h_bin': 5785, 'End_phi_h_bin': 5809, 'Bin_Title': '#font[22]{#scale[1.25]{#color[2]{Q^{2}-y Bin: 9} #topbar #color[2]{z-P_{T} Bin: 12}}}'}, {'Q2_y': '9', 'z_pT': 13, 'Start_phi_h_bin': 5809, 'End_phi_h_bin': 5833, 'Bin_Title': '#font[22]{#scale[1.25]{#color[2]{Q^{2}-y Bin: 9} #topbar #color[2]{z-P_{T} Bin: 13}}}'}, {'Q2_y': '9', 'z_pT': 14, 'Start_phi_h_bin': 5833, 'End_phi_h_bin': 5857, 'Bin_Title': '#font[22]{#scale[1.25]{#color[2]{Q^{2}-y Bin: 9} #topbar #color[2]{z-P_{T} Bin: 14}}}'}, {'Q2_y': '9', 'z_pT': 15, 'Start_phi_h_bin': 5857, 'End_phi_h_bin': 5881, 'Bin_Title': '#font[22]{#scale[1.25]{#color[2]{Q^{2}-y Bin: 9} #topbar #color[2]{z-P_{T} Bin: 15}}}'}, {'Q2_y': '9', 'z_pT': 16, 'Start_phi_h_bin': 5881, 'End_phi_h_bin': 5905, 'Bin_Title': '#font[22]{#scale[1.25]{#color[2]{Q^{2}-y Bin: 9} #topbar #color[2]{z-P_{T} Bin: 16}}}'}, {'Q2_y': '9', 'z_pT': 17, 'Start_phi_h_bin': 5905, 'End_phi_h_bin': 5929, 'Bin_Title': '#font[22]{#scale[1.25]{#color[2]{Q^{2}-y Bin: 9} #topbar #color[2]{z-P_{T} Bin: 17}}}'}, {'Q2_y': '9', 'z_pT': 18, 'Start_phi_h_bin': 5929, 'End_phi_h_bin': 5953, 'Bin_Title': '#font[22]{#scale[1.25]{#color[2]{Q^{2}-y Bin: 9} #topbar #color[2]{z-P_{T} Bin: 18}}}'}, {'Q2_y': '9', 'z_pT': 19, 'Start_phi_h_bin': 5953, 'End_phi_h_bin': 5977, 'Bin_Title': '#font[22]{#scale[1.25]{#color[2]{Q^{2}-y Bin: 9} #topbar #color[2]{z-P_{T} Bin: 19}}}'}, {'Q2_y': '9', 'z_pT': 20, 'Start_phi_h_bin': 5977, 'End_phi_h_bin': 6001, 'Bin_Title': '#font[22]{#scale[1.25]{#color[2]{Q^{2}-y Bin: 9} #topbar #color[2]{z-P_{T} Bin: 20}}}'}, {'Q2_y': '9', 'z_pT': 22, 'Start_phi_h_bin': 6001, 'End_phi_h_bin': 6025, 'Bin_Title': '#font[22]{#scale[1.25]{#color[2]{Q^{2}-y Bin: 9} #topbar #color[2]{z-P_{T} Bin: 22}}}'}, {'Q2_y': '9', 'z_pT': 23, 'Start_phi_h_bin': 6025, 'End_phi_h_bin': 6049, 'Bin_Title': '#font[22]{#scale[1.25]{#color[2]{Q^{2}-y Bin: 9} #topbar #color[2]{z-P_{T} Bin: 23}}}'}, {'Q2_y': '9', 'z_pT': 24, 'Start_phi_h_bin': 6049, 'End_phi_h_bin': 6073, 'Bin_Title': '#font[22]{#scale[1.25]{#color[2]{Q^{2}-y Bin: 9} #topbar #color[2]{z-P_{T} Bin: 24}}}'}, {'Q2_y': '9', 'z_pT': 25, 'Start_phi_h_bin': 6073, 'End_phi_h_bin': 6097, 'Bin_Title': '#font[22]{#scale[1.25]{#color[2]{Q^{2}-y Bin: 9} #topbar #color[2]{z-P_{T} Bin: 25}}}'}, {'Q2_y': '9', 'z_pT': 26, 'Start_phi_h_bin': 6097, 'End_phi_h_bin': 6121, 'Bin_Title': '#font[22]{#scale[1.25]{#color[2]{Q^{2}-y Bin: 9} #topbar #color[2]{z-P_{T} Bin: 26}}}'}, {'Q2_y': '9', 'z_pT': 29, 'Start_phi_h_bin': 6121, 'End_phi_h_bin': 6145, 'Bin_Title': '#font[22]{#scale[1.25]{#color[2]{Q^{2}-y Bin: 9} #topbar #color[2]{z-P_{T} Bin: 29}}}'}, {'Q2_y': '9', 'z_pT': 30, 'Start_phi_h_bin': 6145, 'End_phi_h_bin': 6169, 'Bin_Title': '#font[22]{#scale[1.25]{#color[2]{Q^{2}-y Bin: 9} #topbar #color[2]{z-P_{T} Bin: 30}}}'}, {'Q2_y': '9', 'z_pT': 31, 'Start_phi_h_bin': 6169, 'End_phi_h_bin': 6193, 'Bin_Title': '#font[22]{#scale[1.25]{#color[2]{Q^{2}-y Bin: 9} #topbar #color[2]{z-P_{T} Bin: 31}}}'}, {'Q2_y': '9', 'z_pT': 32, 'Start_phi_h_bin': 6193, 'End_phi_h_bin': 6217, 'Bin_Title': '#font[22]{#scale[1.25]{#color[2]{Q^{2}-y Bin: 9} #topbar #color[2]{z-P_{T} Bin: 32}}}'}, {'Q2_y': '10', 'z_pT': 0, 'Start_phi_h_bin': 6217, 'End_phi_h_bin': 6985, 'Bin_Title': '#font[22]{#scale[1.25]{#color[2]{Q^{2}-y Bin: 10} #topbar #color[2]{z-P_{T} Bin: All}}}'}, {'Q2_y': '10', 'z_pT': 1, 'Start_phi_h_bin': 6217, 'End_phi_h_bin': 6241, 'Bin_Title': '#font[22]{#scale[1.25]{#color[2]{Q^{2}-y Bin: 10} #topbar #color[2]{z-P_{T} Bin: 1}}}'}, {'Q2_y': '10', 'z_pT': 2, 'Start_phi_h_bin': 6241, 'End_phi_h_bin': 6265, 'Bin_Title': '#font[22]{#scale[1.25]{#color[2]{Q^{2}-y Bin: 10} #topbar #color[2]{z-P_{T} Bin: 2}}}'}, {'Q2_y': '10', 'z_pT': 3, 'Start_phi_h_bin': 6265, 'End_phi_h_bin': 6289, 'Bin_Title': '#font[22]{#scale[1.25]{#color[2]{Q^{2}-y Bin: 10} #topbar #color[2]{z-P_{T} Bin: 3}}}'}, {'Q2_y': '10', 'z_pT': 4, 'Start_phi_h_bin': 6289, 'End_phi_h_bin': 6313, 'Bin_Title': '#font[22]{#scale[1.25]{#color[2]{Q^{2}-y Bin: 10} #topbar #color[2]{z-P_{T} Bin: 4}}}'}, {'Q2_y': '10', 'z_pT': 5, 'Start_phi_h_bin': 6313, 'End_phi_h_bin': 6337, 'Bin_Title': '#font[22]{#scale[1.25]{#color[2]{Q^{2}-y Bin: 10} #topbar #color[2]{z-P_{T} Bin: 5}}}'}, {'Q2_y': '10', 'z_pT': 6, 'Start_phi_h_bin': 6337, 'End_phi_h_bin': 6361, 'Bin_Title': '#font[22]{#scale[1.25]{#color[2]{Q^{2}-y Bin: 10} #topbar #color[2]{z-P_{T} Bin: 6}}}'}, {'Q2_y': '10', 'z_pT': 7, 'Start_phi_h_bin': 6361, 'End_phi_h_bin': 6385, 'Bin_Title': '#font[22]{#scale[1.25]{#color[2]{Q^{2}-y Bin: 10} #topbar #color[2]{z-P_{T} Bin: 7}}}'}, {'Q2_y': '10', 'z_pT': 8, 'Start_phi_h_bin': 6385, 'End_phi_h_bin': 6409, 'Bin_Title': '#font[22]{#scale[1.25]{#color[2]{Q^{2}-y Bin: 10} #topbar #color[2]{z-P_{T} Bin: 8}}}'}, {'Q2_y': '10', 'z_pT': 9, 'Start_phi_h_bin': 6409, 'End_phi_h_bin': 6433, 'Bin_Title': '#font[22]{#scale[1.25]{#color[2]{Q^{2}-y Bin: 10} #topbar #color[2]{z-P_{T} Bin: 9}}}'}, {'Q2_y': '10', 'z_pT': 10, 'Start_phi_h_bin': 6433, 'End_phi_h_bin': 6457, 'Bin_Title': '#font[22]{#scale[1.25]{#color[2]{Q^{2}-y Bin: 10} #topbar #color[2]{z-P_{T} Bin: 10}}}'}, {'Q2_y': '10', 'z_pT': 11, 'Start_phi_h_bin': 6457, 'End_phi_h_bin': 6481, 'Bin_Title': '#font[22]{#scale[1.25]{#color[2]{Q^{2}-y Bin: 10} #topbar #color[2]{z-P_{T} Bin: 11}}}'}, {'Q2_y': '10', 'z_pT': 12, 'Start_phi_h_bin': 6481, 'End_phi_h_bin': 6505, 'Bin_Title': '#font[22]{#scale[1.25]{#color[2]{Q^{2}-y Bin: 10} #topbar #color[2]{z-P_{T} Bin: 12}}}'}, {'Q2_y': '10', 'z_pT': 13, 'Start_phi_h_bin': 6505, 'End_phi_h_bin': 6529, 'Bin_Title': '#font[22]{#scale[1.25]{#color[2]{Q^{2}-y Bin: 10} #topbar #color[2]{z-P_{T} Bin: 13}}}'}, {'Q2_y': '10', 'z_pT': 14, 'Start_phi_h_bin': 6529, 'End_phi_h_bin': 6553, 'Bin_Title': '#font[22]{#scale[1.25]{#color[2]{Q^{2}-y Bin: 10} #topbar #color[2]{z-P_{T} Bin: 14}}}'}, {'Q2_y': '10', 'z_pT': 15, 'Start_phi_h_bin': 6553, 'End_phi_h_bin': 6577, 'Bin_Title': '#font[22]{#scale[1.25]{#color[2]{Q^{2}-y Bin: 10} #topbar #color[2]{z-P_{T} Bin: 15}}}'}, {'Q2_y': '10', 'z_pT': 16, 'Start_phi_h_bin': 6577, 'End_phi_h_bin': 6601, 'Bin_Title': '#font[22]{#scale[1.25]{#color[2]{Q^{2}-y Bin: 10} #topbar #color[2]{z-P_{T} Bin: 16}}}'}, {'Q2_y': '10', 'z_pT': 17, 'Start_phi_h_bin': 6601, 'End_phi_h_bin': 6625, 'Bin_Title': '#font[22]{#scale[1.25]{#color[2]{Q^{2}-y Bin: 10} #topbar #color[2]{z-P_{T} Bin: 17}}}'}, {'Q2_y': '10', 'z_pT': 18, 'Start_phi_h_bin': 6625, 'End_phi_h_bin': 6649, 'Bin_Title': '#font[22]{#scale[1.25]{#color[2]{Q^{2}-y Bin: 10} #topbar #color[2]{z-P_{T} Bin: 18}}}'}, {'Q2_y': '10', 'z_pT': 19, 'Start_phi_h_bin': 6649, 'End_phi_h_bin': 6673, 'Bin_Title': '#font[22]{#scale[1.25]{#color[2]{Q^{2}-y Bin: 10} #topbar #color[2]{z-P_{T} Bin: 19}}}'}, {'Q2_y': '10', 'z_pT': 20, 'Start_phi_h_bin': 6673, 'End_phi_h_bin': 6697, 'Bin_Title': '#font[22]{#scale[1.25]{#color[2]{Q^{2}-y Bin: 10} #topbar #color[2]{z-P_{T} Bin: 20}}}'}, {'Q2_y': '10', 'z_pT': 21, 'Start_phi_h_bin': 6697, 'End_phi_h_bin': 6721, 'Bin_Title': '#font[22]{#scale[1.25]{#color[2]{Q^{2}-y Bin: 10} #topbar #color[2]{z-P_{T} Bin: 21}}}'}, {'Q2_y': '10', 'z_pT': 22, 'Start_phi_h_bin': 6721, 'End_phi_h_bin': 6745, 'Bin_Title': '#font[22]{#scale[1.25]{#color[2]{Q^{2}-y Bin: 10} #topbar #color[2]{z-P_{T} Bin: 22}}}'}, {'Q2_y': '10', 'z_pT': 23, 'Start_phi_h_bin': 6745, 'End_phi_h_bin': 6769, 'Bin_Title': '#font[22]{#scale[1.25]{#color[2]{Q^{2}-y Bin: 10} #topbar #color[2]{z-P_{T} Bin: 23}}}'}, {'Q2_y': '10', 'z_pT': 25, 'Start_phi_h_bin': 6769, 'End_phi_h_bin': 6793, 'Bin_Title': '#font[22]{#scale[1.25]{#color[2]{Q^{2}-y Bin: 10} #topbar #color[2]{z-P_{T} Bin: 25}}}'}, {'Q2_y': '10', 'z_pT': 26, 'Start_phi_h_bin': 6793, 'End_phi_h_bin': 6817, 'Bin_Title': '#font[22]{#scale[1.25]{#color[2]{Q^{2}-y Bin: 10} #topbar #color[2]{z-P_{T} Bin: 26}}}'}, {'Q2_y': '10', 'z_pT': 27, 'Start_phi_h_bin': 6817, 'End_phi_h_bin': 6841, 'Bin_Title': '#font[22]{#scale[1.25]{#color[2]{Q^{2}-y Bin: 10} #topbar #color[2]{z-P_{T} Bin: 27}}}'}, {'Q2_y': '10', 'z_pT': 28, 'Start_phi_h_bin': 6841, 'End_phi_h_bin': 6865, 'Bin_Title': '#font[22]{#scale[1.25]{#color[2]{Q^{2}-y Bin: 10} #topbar #color[2]{z-P_{T} Bin: 28}}}'}, {'Q2_y': '10', 'z_pT': 29, 'Start_phi_h_bin': 6865, 'End_phi_h_bin': 6889, 'Bin_Title': '#font[22]{#scale[1.25]{#color[2]{Q^{2}-y Bin: 10} #topbar #color[2]{z-P_{T} Bin: 29}}}'}, {'Q2_y': '10', 'z_pT': 31, 'Start_phi_h_bin': 6889, 'End_phi_h_bin': 6913, 'Bin_Title': '#font[22]{#scale[1.25]{#color[2]{Q^{2}-y Bin: 10} #topbar #color[2]{z-P_{T} Bin: 31}}}'}, {'Q2_y': '10', 'z_pT': 32, 'Start_phi_h_bin': 6913, 'End_phi_h_bin': 6937, 'Bin_Title': '#font[22]{#scale[1.25]{#color[2]{Q^{2}-y Bin: 10} #topbar #color[2]{z-P_{T} Bin: 32}}}'}, {'Q2_y': '10', 'z_pT': 33, 'Start_phi_h_bin': 6937, 'End_phi_h_bin': 6961, 'Bin_Title': '#font[22]{#scale[1.25]{#color[2]{Q^{2}-y Bin: 10} #topbar #color[2]{z-P_{T} Bin: 33}}}'}, {'Q2_y': '10', 'z_pT': 34, 'Start_phi_h_bin': 6961, 'End_phi_h_bin': 6985, 'Bin_Title': '#font[22]{#scale[1.25]{#color[2]{Q^{2}-y Bin: 10} #topbar #color[2]{z-P_{T} Bin: 34}}}'}, {'Q2_y': '11', 'z_pT': 0, 'Start_phi_h_bin': 6985, 'End_phi_h_bin': 7537, 'Bin_Title': '#font[22]{#scale[1.25]{#color[2]{Q^{2}-y Bin: 11} #topbar #color[2]{z-P_{T} Bin: All}}}'}, {'Q2_y': '11', 'z_pT': 1, 'Start_phi_h_bin': 6985, 'End_phi_h_bin': 7009, 'Bin_Title': '#font[22]{#scale[1.25]{#color[2]{Q^{2}-y Bin: 11} #topbar #color[2]{z-P_{T} Bin: 1}}}'}, {'Q2_y': '11', 'z_pT': 2, 'Start_phi_h_bin': 7009, 'End_phi_h_bin': 7033, 'Bin_Title': '#font[22]{#scale[1.25]{#color[2]{Q^{2}-y Bin: 11} #topbar #color[2]{z-P_{T} Bin: 2}}}'}, {'Q2_y': '11', 'z_pT': 3, 'Start_phi_h_bin': 7033, 'End_phi_h_bin': 7057, 'Bin_Title': '#font[22]{#scale[1.25]{#color[2]{Q^{2}-y Bin: 11} #topbar #color[2]{z-P_{T} Bin: 3}}}'}, {'Q2_y': '11', 'z_pT': 4, 'Start_phi_h_bin': 7057, 'End_phi_h_bin': 7081, 'Bin_Title': '#font[22]{#scale[1.25]{#color[2]{Q^{2}-y Bin: 11} #topbar #color[2]{z-P_{T} Bin: 4}}}'}, {'Q2_y': '11', 'z_pT': 6, 'Start_phi_h_bin': 7081, 'End_phi_h_bin': 7105, 'Bin_Title': '#font[22]{#scale[1.25]{#color[2]{Q^{2}-y Bin: 11} #topbar #color[2]{z-P_{T} Bin: 6}}}'}, {'Q2_y': '11', 'z_pT': 7, 'Start_phi_h_bin': 7105, 'End_phi_h_bin': 7129, 'Bin_Title': '#font[22]{#scale[1.25]{#color[2]{Q^{2}-y Bin: 11} #topbar #color[2]{z-P_{T} Bin: 7}}}'}, {'Q2_y': '11', 'z_pT': 8, 'Start_phi_h_bin': 7129, 'End_phi_h_bin': 7153, 'Bin_Title': '#font[22]{#scale[1.25]{#color[2]{Q^{2}-y Bin: 11} #topbar #color[2]{z-P_{T} Bin: 8}}}'}, {'Q2_y': '11', 'z_pT': 9, 'Start_phi_h_bin': 7153, 'End_phi_h_bin': 7177, 'Bin_Title': '#font[22]{#scale[1.25]{#color[2]{Q^{2}-y Bin: 11} #topbar #color[2]{z-P_{T} Bin: 9}}}'}, {'Q2_y': '11', 'z_pT': 10, 'Start_phi_h_bin': 7177, 'End_phi_h_bin': 7201, 'Bin_Title': '#font[22]{#scale[1.25]{#color[2]{Q^{2}-y Bin: 11} #topbar #color[2]{z-P_{T} Bin: 10}}}'}, {'Q2_y': '11', 'z_pT': 11, 'Start_phi_h_bin': 7201, 'End_phi_h_bin': 7225, 'Bin_Title': '#font[22]{#scale[1.25]{#color[2]{Q^{2}-y Bin: 11} #topbar #color[2]{z-P_{T} Bin: 11}}}'}, {'Q2_y': '11', 'z_pT': 12, 'Start_phi_h_bin': 7225, 'End_phi_h_bin': 7249, 'Bin_Title': '#font[22]{#scale[1.25]{#color[2]{Q^{2}-y Bin: 11} #topbar #color[2]{z-P_{T} Bin: 12}}}'}, {'Q2_y': '11', 'z_pT': 13, 'Start_phi_h_bin': 7249, 'End_phi_h_bin': 7273, 'Bin_Title': '#font[22]{#scale[1.25]{#color[2]{Q^{2}-y Bin: 11} #topbar #color[2]{z-P_{T} Bin: 13}}}'}, {'Q2_y': '11', 'z_pT': 14, 'Start_phi_h_bin': 7273, 'End_phi_h_bin': 7297, 'Bin_Title': '#font[22]{#scale[1.25]{#color[2]{Q^{2}-y Bin: 11} #topbar #color[2]{z-P_{T} Bin: 14}}}'}, {'Q2_y': '11', 'z_pT': 15, 'Start_phi_h_bin': 7297, 'End_phi_h_bin': 7321, 'Bin_Title': '#font[22]{#scale[1.25]{#color[2]{Q^{2}-y Bin: 11} #topbar #color[2]{z-P_{T} Bin: 15}}}'}, {'Q2_y': '11', 'z_pT': 16, 'Start_phi_h_bin': 7321, 'End_phi_h_bin': 7345, 'Bin_Title': '#font[22]{#scale[1.25]{#color[2]{Q^{2}-y Bin: 11} #topbar #color[2]{z-P_{T} Bin: 16}}}'}, {'Q2_y': '11', 'z_pT': 17, 'Start_phi_h_bin': 7345, 'End_phi_h_bin': 7369, 'Bin_Title': '#font[22]{#scale[1.25]{#color[2]{Q^{2}-y Bin: 11} #topbar #color[2]{z-P_{T} Bin: 17}}}'}, {'Q2_y': '11', 'z_pT': 18, 'Start_phi_h_bin': 7369, 'End_phi_h_bin': 7393, 'Bin_Title': '#font[22]{#scale[1.25]{#color[2]{Q^{2}-y Bin: 11} #topbar #color[2]{z-P_{T} Bin: 18}}}'}, {'Q2_y': '11', 'z_pT': 19, 'Start_phi_h_bin': 7393, 'End_phi_h_bin': 7417, 'Bin_Title': '#font[22]{#scale[1.25]{#color[2]{Q^{2}-y Bin: 11} #topbar #color[2]{z-P_{T} Bin: 19}}}'}, {'Q2_y': '11', 'z_pT': 20, 'Start_phi_h_bin': 7417, 'End_phi_h_bin': 7441, 'Bin_Title': '#font[22]{#scale[1.25]{#color[2]{Q^{2}-y Bin: 11} #topbar #color[2]{z-P_{T} Bin: 20}}}'}, {'Q2_y': '11', 'z_pT': 21, 'Start_phi_h_bin': 7441, 'End_phi_h_bin': 7465, 'Bin_Title': '#font[22]{#scale[1.25]{#color[2]{Q^{2}-y Bin: 11} #topbar #color[2]{z-P_{T} Bin: 21}}}'}, {'Q2_y': '11', 'z_pT': 22, 'Start_phi_h_bin': 7465, 'End_phi_h_bin': 7489, 'Bin_Title': '#font[22]{#scale[1.25]{#color[2]{Q^{2}-y Bin: 11} #topbar #color[2]{z-P_{T} Bin: 22}}}'}, {'Q2_y': '11', 'z_pT': 23, 'Start_phi_h_bin': 7489, 'End_phi_h_bin': 7513, 'Bin_Title': '#font[22]{#scale[1.25]{#color[2]{Q^{2}-y Bin: 11} #topbar #color[2]{z-P_{T} Bin: 23}}}'}, {'Q2_y': '11', 'z_pT': 24, 'Start_phi_h_bin': 7513, 'End_phi_h_bin': 7537, 'Bin_Title': '#font[22]{#scale[1.25]{#color[2]{Q^{2}-y Bin: 11} #topbar #color[2]{z-P_{T} Bin: 24}}}'}, {'Q2_y': '12', 'z_pT': 0, 'Start_phi_h_bin': 7537, 'End_phi_h_bin': 7921, 'Bin_Title': '#font[22]{#scale[1.25]{#color[2]{Q^{2}-y Bin: 12} #topbar #color[2]{z-P_{T} Bin: All}}}'}, {'Q2_y': '12', 'z_pT': 6, 'Start_phi_h_bin': 7537, 'End_phi_h_bin': 7561, 'Bin_Title': '#font[22]{#scale[1.25]{#color[2]{Q^{2}-y Bin: 12} #topbar #color[2]{z-P_{T} Bin: 6}}}'}, {'Q2_y': '12', 'z_pT': 7, 'Start_phi_h_bin': 7561, 'End_phi_h_bin': 7585, 'Bin_Title': '#font[22]{#scale[1.25]{#color[2]{Q^{2}-y Bin: 12} #topbar #color[2]{z-P_{T} Bin: 7}}}'}, {'Q2_y': '12', 'z_pT': 8, 'Start_phi_h_bin': 7585, 'End_phi_h_bin': 7609, 'Bin_Title': '#font[22]{#scale[1.25]{#color[2]{Q^{2}-y Bin: 12} #topbar #color[2]{z-P_{T} Bin: 8}}}'}, {'Q2_y': '12', 'z_pT': 11, 'Start_phi_h_bin': 7609, 'End_phi_h_bin': 7633, 'Bin_Title': '#font[22]{#scale[1.25]{#color[2]{Q^{2}-y Bin: 12} #topbar #color[2]{z-P_{T} Bin: 11}}}'}, {'Q2_y': '12', 'z_pT': 12, 'Start_phi_h_bin': 7633, 'End_phi_h_bin': 7657, 'Bin_Title': '#font[22]{#scale[1.25]{#color[2]{Q^{2}-y Bin: 12} #topbar #color[2]{z-P_{T} Bin: 12}}}'}, {'Q2_y': '12', 'z_pT': 13, 'Start_phi_h_bin': 7657, 'End_phi_h_bin': 7681, 'Bin_Title': '#font[22]{#scale[1.25]{#color[2]{Q^{2}-y Bin: 12} #topbar #color[2]{z-P_{T} Bin: 13}}}'}, {'Q2_y': '12', 'z_pT': 14, 'Start_phi_h_bin': 7681, 'End_phi_h_bin': 7705, 'Bin_Title': '#font[22]{#scale[1.25]{#color[2]{Q^{2}-y Bin: 12} #topbar #color[2]{z-P_{T} Bin: 14}}}'}, {'Q2_y': '12', 'z_pT': 16, 'Start_phi_h_bin': 7705, 'End_phi_h_bin': 7729, 'Bin_Title': '#font[22]{#scale[1.25]{#color[2]{Q^{2}-y Bin: 12} #topbar #color[2]{z-P_{T} Bin: 16}}}'}, {'Q2_y': '12', 'z_pT': 17, 'Start_phi_h_bin': 7729, 'End_phi_h_bin': 7753, 'Bin_Title': '#font[22]{#scale[1.25]{#color[2]{Q^{2}-y Bin: 12} #topbar #color[2]{z-P_{T} Bin: 17}}}'}, {'Q2_y': '12', 'z_pT': 18, 'Start_phi_h_bin': 7753, 'End_phi_h_bin': 7777, 'Bin_Title': '#font[22]{#scale[1.25]{#color[2]{Q^{2}-y Bin: 12} #topbar #color[2]{z-P_{T} Bin: 18}}}'}, {'Q2_y': '12', 'z_pT': 19, 'Start_phi_h_bin': 7777, 'End_phi_h_bin': 7801, 'Bin_Title': '#font[22]{#scale[1.25]{#color[2]{Q^{2}-y Bin: 12} #topbar #color[2]{z-P_{T} Bin: 19}}}'}, {'Q2_y': '12', 'z_pT': 20, 'Start_phi_h_bin': 7801, 'End_phi_h_bin': 7825, 'Bin_Title': '#font[22]{#scale[1.25]{#color[2]{Q^{2}-y Bin: 12} #topbar #color[2]{z-P_{T} Bin: 20}}}'}, {'Q2_y': '12', 'z_pT': 21, 'Start_phi_h_bin': 7825, 'End_phi_h_bin': 7849, 'Bin_Title': '#font[22]{#scale[1.25]{#color[2]{Q^{2}-y Bin: 12} #topbar #color[2]{z-P_{T} Bin: 21}}}'}, {'Q2_y': '12', 'z_pT': 22, 'Start_phi_h_bin': 7849, 'End_phi_h_bin': 7873, 'Bin_Title': '#font[22]{#scale[1.25]{#color[2]{Q^{2}-y Bin: 12} #topbar #color[2]{z-P_{T} Bin: 22}}}'}, {'Q2_y': '12', 'z_pT': 23, 'Start_phi_h_bin': 7873, 'End_phi_h_bin': 7897, 'Bin_Title': '#font[22]{#scale[1.25]{#color[2]{Q^{2}-y Bin: 12} #topbar #color[2]{z-P_{T} Bin: 23}}}'}, {'Q2_y': '12', 'z_pT': 24, 'Start_phi_h_bin': 7897, 'End_phi_h_bin': 7921, 'Bin_Title': '#font[22]{#scale[1.25]{#color[2]{Q^{2}-y Bin: 12} #topbar #color[2]{z-P_{T} Bin: 24}}}'}, {'Q2_y': '13', 'z_pT': 0, 'Start_phi_h_bin': 7921, 'End_phi_h_bin': 8545, 'Bin_Title': '#font[22]{#scale[1.25]{#color[2]{Q^{2}-y Bin: 13} #topbar #color[2]{z-P_{T} Bin: All}}}'}, {'Q2_y': '13', 'z_pT': 1, 'Start_phi_h_bin': 7921, 'End_phi_h_bin': 7945, 'Bin_Title': '#font[22]{#scale[1.25]{#color[2]{Q^{2}-y Bin: 13} #topbar #color[2]{z-P_{T} Bin: 1}}}'}, {'Q2_y': '13', 'z_pT': 2, 'Start_phi_h_bin': 7945, 'End_phi_h_bin': 7969, 'Bin_Title': '#font[22]{#scale[1.25]{#color[2]{Q^{2}-y Bin: 13} #topbar #color[2]{z-P_{T} Bin: 2}}}'}, {'Q2_y': '13', 'z_pT': 3, 'Start_phi_h_bin': 7969, 'End_phi_h_bin': 7993, 'Bin_Title': '#font[22]{#scale[1.25]{#color[2]{Q^{2}-y Bin: 13} #topbar #color[2]{z-P_{T} Bin: 3}}}'}, {'Q2_y': '13', 'z_pT': 4, 'Start_phi_h_bin': 7993, 'End_phi_h_bin': 8017, 'Bin_Title': '#font[22]{#scale[1.25]{#color[2]{Q^{2}-y Bin: 13} #topbar #color[2]{z-P_{T} Bin: 4}}}'}, {'Q2_y': '13', 'z_pT': 5, 'Start_phi_h_bin': 8017, 'End_phi_h_bin': 8041, 'Bin_Title': '#font[22]{#scale[1.25]{#color[2]{Q^{2}-y Bin: 13} #topbar #color[2]{z-P_{T} Bin: 5}}}'}, {'Q2_y': '13', 'z_pT': 6, 'Start_phi_h_bin': 8041, 'End_phi_h_bin': 8065, 'Bin_Title': '#font[22]{#scale[1.25]{#color[2]{Q^{2}-y Bin: 13} #topbar #color[2]{z-P_{T} Bin: 6}}}'}, {'Q2_y': '13', 'z_pT': 7, 'Start_phi_h_bin': 8065, 'End_phi_h_bin': 8089, 'Bin_Title': '#font[22]{#scale[1.25]{#color[2]{Q^{2}-y Bin: 13} #topbar #color[2]{z-P_{T} Bin: 7}}}'}, {'Q2_y': '13', 'z_pT': 8, 'Start_phi_h_bin': 8089, 'End_phi_h_bin': 8113, 'Bin_Title': '#font[22]{#scale[1.25]{#color[2]{Q^{2}-y Bin: 13} #topbar #color[2]{z-P_{T} Bin: 8}}}'}, {'Q2_y': '13', 'z_pT': 9, 'Start_phi_h_bin': 8113, 'End_phi_h_bin': 8137, 'Bin_Title': '#font[22]{#scale[1.25]{#color[2]{Q^{2}-y Bin: 13} #topbar #color[2]{z-P_{T} Bin: 9}}}'}, {'Q2_y': '13', 'z_pT': 10, 'Start_phi_h_bin': 8137, 'End_phi_h_bin': 8161, 'Bin_Title': '#font[22]{#scale[1.25]{#color[2]{Q^{2}-y Bin: 13} #topbar #color[2]{z-P_{T} Bin: 10}}}'}, {'Q2_y': '13', 'z_pT': 11, 'Start_phi_h_bin': 8161, 'End_phi_h_bin': 8185, 'Bin_Title': '#font[22]{#scale[1.25]{#color[2]{Q^{2}-y Bin: 13} #topbar #color[2]{z-P_{T} Bin: 11}}}'}, {'Q2_y': '13', 'z_pT': 12, 'Start_phi_h_bin': 8185, 'End_phi_h_bin': 8209, 'Bin_Title': '#font[22]{#scale[1.25]{#color[2]{Q^{2}-y Bin: 13} #topbar #color[2]{z-P_{T} Bin: 12}}}'}, {'Q2_y': '13', 'z_pT': 13, 'Start_phi_h_bin': 8209, 'End_phi_h_bin': 8233, 'Bin_Title': '#font[22]{#scale[1.25]{#color[2]{Q^{2}-y Bin: 13} #topbar #color[2]{z-P_{T} Bin: 13}}}'}, {'Q2_y': '13', 'z_pT': 14, 'Start_phi_h_bin': 8233, 'End_phi_h_bin': 8257, 'Bin_Title': '#font[22]{#scale[1.25]{#color[2]{Q^{2}-y Bin: 13} #topbar #color[2]{z-P_{T} Bin: 14}}}'}, {'Q2_y': '13', 'z_pT': 15, 'Start_phi_h_bin': 8257, 'End_phi_h_bin': 8281, 'Bin_Title': '#font[22]{#scale[1.25]{#color[2]{Q^{2}-y Bin: 13} #topbar #color[2]{z-P_{T} Bin: 15}}}'}, {'Q2_y': '13', 'z_pT': 16, 'Start_phi_h_bin': 8281, 'End_phi_h_bin': 8305, 'Bin_Title': '#font[22]{#scale[1.25]{#color[2]{Q^{2}-y Bin: 13} #topbar #color[2]{z-P_{T} Bin: 16}}}'}, {'Q2_y': '13', 'z_pT': 17, 'Start_phi_h_bin': 8305, 'End_phi_h_bin': 8329, 'Bin_Title': '#font[22]{#scale[1.25]{#color[2]{Q^{2}-y Bin: 13} #topbar #color[2]{z-P_{T} Bin: 17}}}'}, {'Q2_y': '13', 'z_pT': 18, 'Start_phi_h_bin': 8329, 'End_phi_h_bin': 8353, 'Bin_Title': '#font[22]{#scale[1.25]{#color[2]{Q^{2}-y Bin: 13} #topbar #color[2]{z-P_{T} Bin: 18}}}'}, {'Q2_y': '13', 'z_pT': 19, 'Start_phi_h_bin': 8353, 'End_phi_h_bin': 8377, 'Bin_Title': '#font[22]{#scale[1.25]{#color[2]{Q^{2}-y Bin: 13} #topbar #color[2]{z-P_{T} Bin: 19}}}'}, {'Q2_y': '13', 'z_pT': 21, 'Start_phi_h_bin': 8377, 'End_phi_h_bin': 8401, 'Bin_Title': '#font[22]{#scale[1.25]{#color[2]{Q^{2}-y Bin: 13} #topbar #color[2]{z-P_{T} Bin: 21}}}'}, {'Q2_y': '13', 'z_pT': 22, 'Start_phi_h_bin': 8401, 'End_phi_h_bin': 8425, 'Bin_Title': '#font[22]{#scale[1.25]{#color[2]{Q^{2}-y Bin: 13} #topbar #color[2]{z-P_{T} Bin: 22}}}'}, {'Q2_y': '13', 'z_pT': 23, 'Start_phi_h_bin': 8425, 'End_phi_h_bin': 8449, 'Bin_Title': '#font[22]{#scale[1.25]{#color[2]{Q^{2}-y Bin: 13} #topbar #color[2]{z-P_{T} Bin: 23}}}'}, {'Q2_y': '13', 'z_pT': 24, 'Start_phi_h_bin': 8449, 'End_phi_h_bin': 8473, 'Bin_Title': '#font[22]{#scale[1.25]{#color[2]{Q^{2}-y Bin: 13} #topbar #color[2]{z-P_{T} Bin: 24}}}'}, {'Q2_y': '13', 'z_pT': 26, 'Start_phi_h_bin': 8473, 'End_phi_h_bin': 8497, 'Bin_Title': '#font[22]{#scale[1.25]{#color[2]{Q^{2}-y Bin: 13} #topbar #color[2]{z-P_{T} Bin: 26}}}'}, {'Q2_y': '13', 'z_pT': 27, 'Start_phi_h_bin': 8497, 'End_phi_h_bin': 8521, 'Bin_Title': '#font[22]{#scale[1.25]{#color[2]{Q^{2}-y Bin: 13} #topbar #color[2]{z-P_{T} Bin: 27}}}'}, {'Q2_y': '13', 'z_pT': 28, 'Start_phi_h_bin': 8521, 'End_phi_h_bin': 8545, 'Bin_Title': '#font[22]{#scale[1.25]{#color[2]{Q^{2}-y Bin: 13} #topbar #color[2]{z-P_{T} Bin: 28}}}'}, {'Q2_y': '14', 'z_pT': 0, 'Start_phi_h_bin': 8545, 'End_phi_h_bin': 9289, 'Bin_Title': '#font[22]{#scale[1.25]{#color[2]{Q^{2}-y Bin: 14} #topbar #color[2]{z-P_{T} Bin: All}}}'}, {'Q2_y': '14', 'z_pT': 1, 'Start_phi_h_bin': 8545, 'End_phi_h_bin': 8569, 'Bin_Title': '#font[22]{#scale[1.25]{#color[2]{Q^{2}-y Bin: 14} #topbar #color[2]{z-P_{T} Bin: 1}}}'}, {'Q2_y': '14', 'z_pT': 2, 'Start_phi_h_bin': 8569, 'End_phi_h_bin': 8593, 'Bin_Title': '#font[22]{#scale[1.25]{#color[2]{Q^{2}-y Bin: 14} #topbar #color[2]{z-P_{T} Bin: 2}}}'}, {'Q2_y': '14', 'z_pT': 3, 'Start_phi_h_bin': 8593, 'End_phi_h_bin': 8617, 'Bin_Title': '#font[22]{#scale[1.25]{#color[2]{Q^{2}-y Bin: 14} #topbar #color[2]{z-P_{T} Bin: 3}}}'}, {'Q2_y': '14', 'z_pT': 4, 'Start_phi_h_bin': 8617, 'End_phi_h_bin': 8641, 'Bin_Title': '#font[22]{#scale[1.25]{#color[2]{Q^{2}-y Bin: 14} #topbar #color[2]{z-P_{T} Bin: 4}}}'}, {'Q2_y': '14', 'z_pT': 5, 'Start_phi_h_bin': 8641, 'End_phi_h_bin': 8665, 'Bin_Title': '#font[22]{#scale[1.25]{#color[2]{Q^{2}-y Bin: 14} #topbar #color[2]{z-P_{T} Bin: 5}}}'}, {'Q2_y': '14', 'z_pT': 7, 'Start_phi_h_bin': 8665, 'End_phi_h_bin': 8689, 'Bin_Title': '#font[22]{#scale[1.25]{#color[2]{Q^{2}-y Bin: 14} #topbar #color[2]{z-P_{T} Bin: 7}}}'}, {'Q2_y': '14', 'z_pT': 8, 'Start_phi_h_bin': 8689, 'End_phi_h_bin': 8713, 'Bin_Title': '#font[22]{#scale[1.25]{#color[2]{Q^{2}-y Bin: 14} #topbar #color[2]{z-P_{T} Bin: 8}}}'}, {'Q2_y': '14', 'z_pT': 9, 'Start_phi_h_bin': 8713, 'End_phi_h_bin': 8737, 'Bin_Title': '#font[22]{#scale[1.25]{#color[2]{Q^{2}-y Bin: 14} #topbar #color[2]{z-P_{T} Bin: 9}}}'}, {'Q2_y': '14', 'z_pT': 10, 'Start_phi_h_bin': 8737, 'End_phi_h_bin': 8761, 'Bin_Title': '#font[22]{#scale[1.25]{#color[2]{Q^{2}-y Bin: 14} #topbar #color[2]{z-P_{T} Bin: 10}}}'}, {'Q2_y': '14', 'z_pT': 11, 'Start_phi_h_bin': 8761, 'End_phi_h_bin': 8785, 'Bin_Title': '#font[22]{#scale[1.25]{#color[2]{Q^{2}-y Bin: 14} #topbar #color[2]{z-P_{T} Bin: 11}}}'}, {'Q2_y': '14', 'z_pT': 12, 'Start_phi_h_bin': 8785, 'End_phi_h_bin': 8809, 'Bin_Title': '#font[22]{#scale[1.25]{#color[2]{Q^{2}-y Bin: 14} #topbar #color[2]{z-P_{T} Bin: 12}}}'}, {'Q2_y': '14', 'z_pT': 13, 'Start_phi_h_bin': 8809, 'End_phi_h_bin': 8833, 'Bin_Title': '#font[22]{#scale[1.25]{#color[2]{Q^{2}-y Bin: 14} #topbar #color[2]{z-P_{T} Bin: 13}}}'}, {'Q2_y': '14', 'z_pT': 14, 'Start_phi_h_bin': 8833, 'End_phi_h_bin': 8857, 'Bin_Title': '#font[22]{#scale[1.25]{#color[2]{Q^{2}-y Bin: 14} #topbar #color[2]{z-P_{T} Bin: 14}}}'}, {'Q2_y': '14', 'z_pT': 15, 'Start_phi_h_bin': 8857, 'End_phi_h_bin': 8881, 'Bin_Title': '#font[22]{#scale[1.25]{#color[2]{Q^{2}-y Bin: 14} #topbar #color[2]{z-P_{T} Bin: 15}}}'}, {'Q2_y': '14', 'z_pT': 16, 'Start_phi_h_bin': 8881, 'End_phi_h_bin': 8905, 'Bin_Title': '#font[22]{#scale[1.25]{#color[2]{Q^{2}-y Bin: 14} #topbar #color[2]{z-P_{T} Bin: 16}}}'}, {'Q2_y': '14', 'z_pT': 17, 'Start_phi_h_bin': 8905, 'End_phi_h_bin': 8929, 'Bin_Title': '#font[22]{#scale[1.25]{#color[2]{Q^{2}-y Bin: 14} #topbar #color[2]{z-P_{T} Bin: 17}}}'}, {'Q2_y': '14', 'z_pT': 18, 'Start_phi_h_bin': 8929, 'End_phi_h_bin': 8953, 'Bin_Title': '#font[22]{#scale[1.25]{#color[2]{Q^{2}-y Bin: 14} #topbar #color[2]{z-P_{T} Bin: 18}}}'}, {'Q2_y': '14', 'z_pT': 19, 'Start_phi_h_bin': 8953, 'End_phi_h_bin': 8977, 'Bin_Title': '#font[22]{#scale[1.25]{#color[2]{Q^{2}-y Bin: 14} #topbar #color[2]{z-P_{T} Bin: 19}}}'}, {'Q2_y': '14', 'z_pT': 20, 'Start_phi_h_bin': 8977, 'End_phi_h_bin': 9001, 'Bin_Title': '#font[22]{#scale[1.25]{#color[2]{Q^{2}-y Bin: 14} #topbar #color[2]{z-P_{T} Bin: 20}}}'}, {'Q2_y': '14', 'z_pT': 21, 'Start_phi_h_bin': 9001, 'End_phi_h_bin': 9025, 'Bin_Title': '#font[22]{#scale[1.25]{#color[2]{Q^{2}-y Bin: 14} #topbar #color[2]{z-P_{T} Bin: 21}}}'}, {'Q2_y': '14', 'z_pT': 22, 'Start_phi_h_bin': 9025, 'End_phi_h_bin': 9049, 'Bin_Title': '#font[22]{#scale[1.25]{#color[2]{Q^{2}-y Bin: 14} #topbar #color[2]{z-P_{T} Bin: 22}}}'}, {'Q2_y': '14', 'z_pT': 23, 'Start_phi_h_bin': 9049, 'End_phi_h_bin': 9073, 'Bin_Title': '#font[22]{#scale[1.25]{#color[2]{Q^{2}-y Bin: 14} #topbar #color[2]{z-P_{T} Bin: 23}}}'}, {'Q2_y': '14', 'z_pT': 25, 'Start_phi_h_bin': 9073, 'End_phi_h_bin': 9097, 'Bin_Title': '#font[22]{#scale[1.25]{#color[2]{Q^{2}-y Bin: 14} #topbar #color[2]{z-P_{T} Bin: 25}}}'}, {'Q2_y': '14', 'z_pT': 26, 'Start_phi_h_bin': 9097, 'End_phi_h_bin': 9121, 'Bin_Title': '#font[22]{#scale[1.25]{#color[2]{Q^{2}-y Bin: 14} #topbar #color[2]{z-P_{T} Bin: 26}}}'}, {'Q2_y': '14', 'z_pT': 27, 'Start_phi_h_bin': 9121, 'End_phi_h_bin': 9145, 'Bin_Title': '#font[22]{#scale[1.25]{#color[2]{Q^{2}-y Bin: 14} #topbar #color[2]{z-P_{T} Bin: 27}}}'}, {'Q2_y': '14', 'z_pT': 28, 'Start_phi_h_bin': 9145, 'End_phi_h_bin': 9169, 'Bin_Title': '#font[22]{#scale[1.25]{#color[2]{Q^{2}-y Bin: 14} #topbar #color[2]{z-P_{T} Bin: 28}}}'}, {'Q2_y': '14', 'z_pT': 29, 'Start_phi_h_bin': 9169, 'End_phi_h_bin': 9193, 'Bin_Title': '#font[22]{#scale[1.25]{#color[2]{Q^{2}-y Bin: 14} #topbar #color[2]{z-P_{T} Bin: 29}}}'}, {'Q2_y': '14', 'z_pT': 31, 'Start_phi_h_bin': 9193, 'End_phi_h_bin': 9217, 'Bin_Title': '#font[22]{#scale[1.25]{#color[2]{Q^{2}-y Bin: 14} #topbar #color[2]{z-P_{T} Bin: 31}}}'}, {'Q2_y': '14', 'z_pT': 32, 'Start_phi_h_bin': 9217, 'End_phi_h_bin': 9241, 'Bin_Title': '#font[22]{#scale[1.25]{#color[2]{Q^{2}-y Bin: 14} #topbar #color[2]{z-P_{T} Bin: 32}}}'}, {'Q2_y': '14', 'z_pT': 33, 'Start_phi_h_bin': 9241, 'End_phi_h_bin': 9265, 'Bin_Title': '#font[22]{#scale[1.25]{#color[2]{Q^{2}-y Bin: 14} #topbar #color[2]{z-P_{T} Bin: 33}}}'}, {'Q2_y': '14', 'z_pT': 34, 'Start_phi_h_bin': 9265, 'End_phi_h_bin': 9289, 'Bin_Title': '#font[22]{#scale[1.25]{#color[2]{Q^{2}-y Bin: 14} #topbar #color[2]{z-P_{T} Bin: 34}}}'}, {'Q2_y': '15', 'z_pT': 0, 'Start_phi_h_bin': 9289, 'End_phi_h_bin': 9745, 'Bin_Title': '#font[22]{#scale[1.25]{#color[2]{Q^{2}-y Bin: 15} #topbar #color[2]{z-P_{T} Bin: All}}}'}, {'Q2_y': '15', 'z_pT': 1, 'Start_phi_h_bin': 9289, 'End_phi_h_bin': 9313, 'Bin_Title': '#font[22]{#scale[1.25]{#color[2]{Q^{2}-y Bin: 15} #topbar #color[2]{z-P_{T} Bin: 1}}}'}, {'Q2_y': '15', 'z_pT': 2, 'Start_phi_h_bin': 9313, 'End_phi_h_bin': 9337, 'Bin_Title': '#font[22]{#scale[1.25]{#color[2]{Q^{2}-y Bin: 15} #topbar #color[2]{z-P_{T} Bin: 2}}}'}, {'Q2_y': '15', 'z_pT': 6, 'Start_phi_h_bin': 9337, 'End_phi_h_bin': 9361, 'Bin_Title': '#font[22]{#scale[1.25]{#color[2]{Q^{2}-y Bin: 15} #topbar #color[2]{z-P_{T} Bin: 6}}}'}, {'Q2_y': '15', 'z_pT': 7, 'Start_phi_h_bin': 9361, 'End_phi_h_bin': 9385, 'Bin_Title': '#font[22]{#scale[1.25]{#color[2]{Q^{2}-y Bin: 15} #topbar #color[2]{z-P_{T} Bin: 7}}}'}, {'Q2_y': '15', 'z_pT': 8, 'Start_phi_h_bin': 9385, 'End_phi_h_bin': 9409, 'Bin_Title': '#font[22]{#scale[1.25]{#color[2]{Q^{2}-y Bin: 15} #topbar #color[2]{z-P_{T} Bin: 8}}}'}, {'Q2_y': '15', 'z_pT': 9, 'Start_phi_h_bin': 9409, 'End_phi_h_bin': 9433, 'Bin_Title': '#font[22]{#scale[1.25]{#color[2]{Q^{2}-y Bin: 15} #topbar #color[2]{z-P_{T} Bin: 9}}}'}, {'Q2_y': '15', 'z_pT': 11, 'Start_phi_h_bin': 9433, 'End_phi_h_bin': 9457, 'Bin_Title': '#font[22]{#scale[1.25]{#color[2]{Q^{2}-y Bin: 15} #topbar #color[2]{z-P_{T} Bin: 11}}}'}, {'Q2_y': '15', 'z_pT': 12, 'Start_phi_h_bin': 9457, 'End_phi_h_bin': 9481, 'Bin_Title': '#font[22]{#scale[1.25]{#color[2]{Q^{2}-y Bin: 15} #topbar #color[2]{z-P_{T} Bin: 12}}}'}, {'Q2_y': '15', 'z_pT': 13, 'Start_phi_h_bin': 9481, 'End_phi_h_bin': 9505, 'Bin_Title': '#font[22]{#scale[1.25]{#color[2]{Q^{2}-y Bin: 15} #topbar #color[2]{z-P_{T} Bin: 13}}}'}, {'Q2_y': '15', 'z_pT': 14, 'Start_phi_h_bin': 9505, 'End_phi_h_bin': 9529, 'Bin_Title': '#font[22]{#scale[1.25]{#color[2]{Q^{2}-y Bin: 15} #topbar #color[2]{z-P_{T} Bin: 14}}}'}, {'Q2_y': '15', 'z_pT': 15, 'Start_phi_h_bin': 9529, 'End_phi_h_bin': 9553, 'Bin_Title': '#font[22]{#scale[1.25]{#color[2]{Q^{2}-y Bin: 15} #topbar #color[2]{z-P_{T} Bin: 15}}}'}, {'Q2_y': '15', 'z_pT': 16, 'Start_phi_h_bin': 9553, 'End_phi_h_bin': 9577, 'Bin_Title': '#font[22]{#scale[1.25]{#color[2]{Q^{2}-y Bin: 15} #topbar #color[2]{z-P_{T} Bin: 16}}}'}, {'Q2_y': '15', 'z_pT': 17, 'Start_phi_h_bin': 9577, 'End_phi_h_bin': 9601, 'Bin_Title': '#font[22]{#scale[1.25]{#color[2]{Q^{2}-y Bin: 15} #topbar #color[2]{z-P_{T} Bin: 17}}}'}, {'Q2_y': '15', 'z_pT': 18, 'Start_phi_h_bin': 9601, 'End_phi_h_bin': 9625, 'Bin_Title': '#font[22]{#scale[1.25]{#color[2]{Q^{2}-y Bin: 15} #topbar #color[2]{z-P_{T} Bin: 18}}}'}, {'Q2_y': '15', 'z_pT': 19, 'Start_phi_h_bin': 9625, 'End_phi_h_bin': 9649, 'Bin_Title': '#font[22]{#scale[1.25]{#color[2]{Q^{2}-y Bin: 15} #topbar #color[2]{z-P_{T} Bin: 19}}}'}, {'Q2_y': '15', 'z_pT': 21, 'Start_phi_h_bin': 9649, 'End_phi_h_bin': 9673, 'Bin_Title': '#font[22]{#scale[1.25]{#color[2]{Q^{2}-y Bin: 15} #topbar #color[2]{z-P_{T} Bin: 21}}}'}, {'Q2_y': '15', 'z_pT': 22, 'Start_phi_h_bin': 9673, 'End_phi_h_bin': 9697, 'Bin_Title': '#font[22]{#scale[1.25]{#color[2]{Q^{2}-y Bin: 15} #topbar #color[2]{z-P_{T} Bin: 22}}}'}, {'Q2_y': '15', 'z_pT': 23, 'Start_phi_h_bin': 9697, 'End_phi_h_bin': 9721, 'Bin_Title': '#font[22]{#scale[1.25]{#color[2]{Q^{2}-y Bin: 15} #topbar #color[2]{z-P_{T} Bin: 23}}}'}, {'Q2_y': '15', 'z_pT': 24, 'Start_phi_h_bin': 9721, 'End_phi_h_bin': 9745, 'Bin_Title': '#font[22]{#scale[1.25]{#color[2]{Q^{2}-y Bin: 15} #topbar #color[2]{z-P_{T} Bin: 24}}}'}, {'Q2_y': '16', 'z_pT': 0, 'Start_phi_h_bin': 9745, 'End_phi_h_bin': 10321, 'Bin_Title': '#font[22]{#scale[1.25]{#color[2]{Q^{2}-y Bin: 16} #topbar #color[2]{z-P_{T} Bin: All}}}'}, {'Q2_y': '16', 'z_pT': 1, 'Start_phi_h_bin': 9745, 'End_phi_h_bin': 9769, 'Bin_Title': '#font[22]{#scale[1.25]{#color[2]{Q^{2}-y Bin: 16} #topbar #color[2]{z-P_{T} Bin: 1}}}'}, {'Q2_y': '16', 'z_pT': 2, 'Start_phi_h_bin': 9769, 'End_phi_h_bin': 9793, 'Bin_Title': '#font[22]{#scale[1.25]{#color[2]{Q^{2}-y Bin: 16} #topbar #color[2]{z-P_{T} Bin: 2}}}'}, {'Q2_y': '16', 'z_pT': 3, 'Start_phi_h_bin': 9793, 'End_phi_h_bin': 9817, 'Bin_Title': '#font[22]{#scale[1.25]{#color[2]{Q^{2}-y Bin: 16} #topbar #color[2]{z-P_{T} Bin: 3}}}'}, {'Q2_y': '16', 'z_pT': 4, 'Start_phi_h_bin': 9817, 'End_phi_h_bin': 9841, 'Bin_Title': '#font[22]{#scale[1.25]{#color[2]{Q^{2}-y Bin: 16} #topbar #color[2]{z-P_{T} Bin: 4}}}'}, {'Q2_y': '16', 'z_pT': 5, 'Start_phi_h_bin': 9841, 'End_phi_h_bin': 9865, 'Bin_Title': '#font[22]{#scale[1.25]{#color[2]{Q^{2}-y Bin: 16} #topbar #color[2]{z-P_{T} Bin: 5}}}'}, {'Q2_y': '16', 'z_pT': 6, 'Start_phi_h_bin': 9865, 'End_phi_h_bin': 9889, 'Bin_Title': '#font[22]{#scale[1.25]{#color[2]{Q^{2}-y Bin: 16} #topbar #color[2]{z-P_{T} Bin: 6}}}'}, {'Q2_y': '16', 'z_pT': 7, 'Start_phi_h_bin': 9889, 'End_phi_h_bin': 9913, 'Bin_Title': '#font[22]{#scale[1.25]{#color[2]{Q^{2}-y Bin: 16} #topbar #color[2]{z-P_{T} Bin: 7}}}'}, {'Q2_y': '16', 'z_pT': 8, 'Start_phi_h_bin': 9913, 'End_phi_h_bin': 9937, 'Bin_Title': '#font[22]{#scale[1.25]{#color[2]{Q^{2}-y Bin: 16} #topbar #color[2]{z-P_{T} Bin: 8}}}'}, {'Q2_y': '16', 'z_pT': 9, 'Start_phi_h_bin': 9937, 'End_phi_h_bin': 9961, 'Bin_Title': '#font[22]{#scale[1.25]{#color[2]{Q^{2}-y Bin: 16} #topbar #color[2]{z-P_{T} Bin: 9}}}'}, {'Q2_y': '16', 'z_pT': 10, 'Start_phi_h_bin': 9961, 'End_phi_h_bin': 9985, 'Bin_Title': '#font[22]{#scale[1.25]{#color[2]{Q^{2}-y Bin: 16} #topbar #color[2]{z-P_{T} Bin: 10}}}'}, {'Q2_y': '16', 'z_pT': 11, 'Start_phi_h_bin': 9985, 'End_phi_h_bin': 10009, 'Bin_Title': '#font[22]{#scale[1.25]{#color[2]{Q^{2}-y Bin: 16} #topbar #color[2]{z-P_{T} Bin: 11}}}'}, {'Q2_y': '16', 'z_pT': 12, 'Start_phi_h_bin': 10009, 'End_phi_h_bin': 10033, 'Bin_Title': '#font[22]{#scale[1.25]{#color[2]{Q^{2}-y Bin: 16} #topbar #color[2]{z-P_{T} Bin: 12}}}'}, {'Q2_y': '16', 'z_pT': 13, 'Start_phi_h_bin': 10033, 'End_phi_h_bin': 10057, 'Bin_Title': '#font[22]{#scale[1.25]{#color[2]{Q^{2}-y Bin: 16} #topbar #color[2]{z-P_{T} Bin: 13}}}'}, {'Q2_y': '16', 'z_pT': 14, 'Start_phi_h_bin': 10057, 'End_phi_h_bin': 10081, 'Bin_Title': '#font[22]{#scale[1.25]{#color[2]{Q^{2}-y Bin: 16} #topbar #color[2]{z-P_{T} Bin: 14}}}'}, {'Q2_y': '16', 'z_pT': 15, 'Start_phi_h_bin': 10081, 'End_phi_h_bin': 10105, 'Bin_Title': '#font[22]{#scale[1.25]{#color[2]{Q^{2}-y Bin: 16} #topbar #color[2]{z-P_{T} Bin: 15}}}'}, {'Q2_y': '16', 'z_pT': 16, 'Start_phi_h_bin': 10105, 'End_phi_h_bin': 10129, 'Bin_Title': '#font[22]{#scale[1.25]{#color[2]{Q^{2}-y Bin: 16} #topbar #color[2]{z-P_{T} Bin: 16}}}'}, {'Q2_y': '16', 'z_pT': 17, 'Start_phi_h_bin': 10129, 'End_phi_h_bin': 10153, 'Bin_Title': '#font[22]{#scale[1.25]{#color[2]{Q^{2}-y Bin: 16} #topbar #color[2]{z-P_{T} Bin: 17}}}'}, {'Q2_y': '16', 'z_pT': 19, 'Start_phi_h_bin': 10153, 'End_phi_h_bin': 10177, 'Bin_Title': '#font[22]{#scale[1.25]{#color[2]{Q^{2}-y Bin: 16} #topbar #color[2]{z-P_{T} Bin: 19}}}'}, {'Q2_y': '16', 'z_pT': 20, 'Start_phi_h_bin': 10177, 'End_phi_h_bin': 10201, 'Bin_Title': '#font[22]{#scale[1.25]{#color[2]{Q^{2}-y Bin: 16} #topbar #color[2]{z-P_{T} Bin: 20}}}'}, {'Q2_y': '16', 'z_pT': 21, 'Start_phi_h_bin': 10201, 'End_phi_h_bin': 10225, 'Bin_Title': '#font[22]{#scale[1.25]{#color[2]{Q^{2}-y Bin: 16} #topbar #color[2]{z-P_{T} Bin: 21}}}'}, {'Q2_y': '16', 'z_pT': 22, 'Start_phi_h_bin': 10225, 'End_phi_h_bin': 10249, 'Bin_Title': '#font[22]{#scale[1.25]{#color[2]{Q^{2}-y Bin: 16} #topbar #color[2]{z-P_{T} Bin: 22}}}'}, {'Q2_y': '16', 'z_pT': 25, 'Start_phi_h_bin': 10249, 'End_phi_h_bin': 10273, 'Bin_Title': '#font[22]{#scale[1.25]{#color[2]{Q^{2}-y Bin: 16} #topbar #color[2]{z-P_{T} Bin: 25}}}'}, {'Q2_y': '16', 'z_pT': 26, 'Start_phi_h_bin': 10273, 'End_phi_h_bin': 10297, 'Bin_Title': '#font[22]{#scale[1.25]{#color[2]{Q^{2}-y Bin: 16} #topbar #color[2]{z-P_{T} Bin: 26}}}'}, {'Q2_y': '16', 'z_pT': 27, 'Start_phi_h_bin': 10297, 'End_phi_h_bin': 10321, 'Bin_Title': '#font[22]{#scale[1.25]{#color[2]{Q^{2}-y Bin: 16} #topbar #color[2]{z-P_{T} Bin: 27}}}'}, {'Q2_y': '17', 'z_pT': 0, 'Start_phi_h_bin': 10321, 'End_phi_h_bin': 10921, 'Bin_Title': '#font[22]{#scale[1.25]{#color[2]{Q^{2}-y Bin: 17} #topbar #color[2]{z-P_{T} Bin: All}}}'}, {'Q2_y': '17', 'z_pT': 1, 'Start_phi_h_bin': 10321, 'End_phi_h_bin': 10345, 'Bin_Title': '#font[22]{#scale[1.25]{#color[2]{Q^{2}-y Bin: 17} #topbar #color[2]{z-P_{T} Bin: 1}}}'}, {'Q2_y': '17', 'z_pT': 2, 'Start_phi_h_bin': 10345, 'End_phi_h_bin': 10369, 'Bin_Title': '#font[22]{#scale[1.25]{#color[2]{Q^{2}-y Bin: 17} #topbar #color[2]{z-P_{T} Bin: 2}}}'}, {'Q2_y': '17', 'z_pT': 3, 'Start_phi_h_bin': 10369, 'End_phi_h_bin': 10393, 'Bin_Title': '#font[22]{#scale[1.25]{#color[2]{Q^{2}-y Bin: 17} #topbar #color[2]{z-P_{T} Bin: 3}}}'}, {'Q2_y': '17', 'z_pT': 4, 'Start_phi_h_bin': 10393, 'End_phi_h_bin': 10417, 'Bin_Title': '#font[22]{#scale[1.25]{#color[2]{Q^{2}-y Bin: 17} #topbar #color[2]{z-P_{T} Bin: 4}}}'}, {'Q2_y': '17', 'z_pT': 7, 'Start_phi_h_bin': 10417, 'End_phi_h_bin': 10441, 'Bin_Title': '#font[22]{#scale[1.25]{#color[2]{Q^{2}-y Bin: 17} #topbar #color[2]{z-P_{T} Bin: 7}}}'}, {'Q2_y': '17', 'z_pT': 8, 'Start_phi_h_bin': 10441, 'End_phi_h_bin': 10465, 'Bin_Title': '#font[22]{#scale[1.25]{#color[2]{Q^{2}-y Bin: 17} #topbar #color[2]{z-P_{T} Bin: 8}}}'}, {'Q2_y': '17', 'z_pT': 9, 'Start_phi_h_bin': 10465, 'End_phi_h_bin': 10489, 'Bin_Title': '#font[22]{#scale[1.25]{#color[2]{Q^{2}-y Bin: 17} #topbar #color[2]{z-P_{T} Bin: 9}}}'}, {'Q2_y': '17', 'z_pT': 10, 'Start_phi_h_bin': 10489, 'End_phi_h_bin': 10513, 'Bin_Title': '#font[22]{#scale[1.25]{#color[2]{Q^{2}-y Bin: 17} #topbar #color[2]{z-P_{T} Bin: 10}}}'}, {'Q2_y': '17', 'z_pT': 11, 'Start_phi_h_bin': 10513, 'End_phi_h_bin': 10537, 'Bin_Title': '#font[22]{#scale[1.25]{#color[2]{Q^{2}-y Bin: 17} #topbar #color[2]{z-P_{T} Bin: 11}}}'}, {'Q2_y': '17', 'z_pT': 12, 'Start_phi_h_bin': 10537, 'End_phi_h_bin': 10561, 'Bin_Title': '#font[22]{#scale[1.25]{#color[2]{Q^{2}-y Bin: 17} #topbar #color[2]{z-P_{T} Bin: 12}}}'}, {'Q2_y': '17', 'z_pT': 13, 'Start_phi_h_bin': 10561, 'End_phi_h_bin': 10585, 'Bin_Title': '#font[22]{#scale[1.25]{#color[2]{Q^{2}-y Bin: 17} #topbar #color[2]{z-P_{T} Bin: 13}}}'}, {'Q2_y': '17', 'z_pT': 14, 'Start_phi_h_bin': 10585, 'End_phi_h_bin': 10609, 'Bin_Title': '#font[22]{#scale[1.25]{#color[2]{Q^{2}-y Bin: 17} #topbar #color[2]{z-P_{T} Bin: 14}}}'}, {'Q2_y': '17', 'z_pT': 15, 'Start_phi_h_bin': 10609, 'End_phi_h_bin': 10633, 'Bin_Title': '#font[22]{#scale[1.25]{#color[2]{Q^{2}-y Bin: 17} #topbar #color[2]{z-P_{T} Bin: 15}}}'}, {'Q2_y': '17', 'z_pT': 16, 'Start_phi_h_bin': 10633, 'End_phi_h_bin': 10657, 'Bin_Title': '#font[22]{#scale[1.25]{#color[2]{Q^{2}-y Bin: 17} #topbar #color[2]{z-P_{T} Bin: 16}}}'}, {'Q2_y': '17', 'z_pT': 17, 'Start_phi_h_bin': 10657, 'End_phi_h_bin': 10681, 'Bin_Title': '#font[22]{#scale[1.25]{#color[2]{Q^{2}-y Bin: 17} #topbar #color[2]{z-P_{T} Bin: 17}}}'}, {'Q2_y': '17', 'z_pT': 18, 'Start_phi_h_bin': 10681, 'End_phi_h_bin': 10705, 'Bin_Title': '#font[22]{#scale[1.25]{#color[2]{Q^{2}-y Bin: 17} #topbar #color[2]{z-P_{T} Bin: 18}}}'}, {'Q2_y': '17', 'z_pT': 19, 'Start_phi_h_bin': 10705, 'End_phi_h_bin': 10729, 'Bin_Title': '#font[22]{#scale[1.25]{#color[2]{Q^{2}-y Bin: 17} #topbar #color[2]{z-P_{T} Bin: 19}}}'}, {'Q2_y': '17', 'z_pT': 20, 'Start_phi_h_bin': 10729, 'End_phi_h_bin': 10753, 'Bin_Title': '#font[22]{#scale[1.25]{#color[2]{Q^{2}-y Bin: 17} #topbar #color[2]{z-P_{T} Bin: 20}}}'}, {'Q2_y': '17', 'z_pT': 21, 'Start_phi_h_bin': 10753, 'End_phi_h_bin': 10777, 'Bin_Title': '#font[22]{#scale[1.25]{#color[2]{Q^{2}-y Bin: 17} #topbar #color[2]{z-P_{T} Bin: 21}}}'}, {'Q2_y': '17', 'z_pT': 22, 'Start_phi_h_bin': 10777, 'End_phi_h_bin': 10801, 'Bin_Title': '#font[22]{#scale[1.25]{#color[2]{Q^{2}-y Bin: 17} #topbar #color[2]{z-P_{T} Bin: 22}}}'}, {'Q2_y': '17', 'z_pT': 23, 'Start_phi_h_bin': 10801, 'End_phi_h_bin': 10825, 'Bin_Title': '#font[22]{#scale[1.25]{#color[2]{Q^{2}-y Bin: 17} #topbar #color[2]{z-P_{T} Bin: 23}}}'}, {'Q2_y': '17', 'z_pT': 25, 'Start_phi_h_bin': 10825, 'End_phi_h_bin': 10849, 'Bin_Title': '#font[22]{#scale[1.25]{#color[2]{Q^{2}-y Bin: 17} #topbar #color[2]{z-P_{T} Bin: 25}}}'}, {'Q2_y': '17', 'z_pT': 26, 'Start_phi_h_bin': 10849, 'End_phi_h_bin': 10873, 'Bin_Title': '#font[22]{#scale[1.25]{#color[2]{Q^{2}-y Bin: 17} #topbar #color[2]{z-P_{T} Bin: 26}}}'}, {'Q2_y': '17', 'z_pT': 27, 'Start_phi_h_bin': 10873, 'End_phi_h_bin': 10897, 'Bin_Title': '#font[22]{#scale[1.25]{#color[2]{Q^{2}-y Bin: 17} #topbar #color[2]{z-P_{T} Bin: 27}}}'}, {'Q2_y': '17', 'z_pT': 28, 'Start_phi_h_bin': 10897, 'End_phi_h_bin': 10921, 'Bin_Title': '#font[22]{#scale[1.25]{#color[2]{Q^{2}-y Bin: 17} #topbar #color[2]{z-P_{T} Bin: 28}}}'}]}


The time that this code finished is [1m03:25 p.m.[0m
The total time the code took to run is:
3 Day(s), 21 Hour(s), 48 Minute(s), and 21 Second(s).
Saved 2362 Histograms...
Rate = 0.01 Histograms/Seconds
    

[1m[92m[43m
    	                                   	   
    	This code has now finished running.	   
    	                                   	   [0m
    
    
