

[1m[92m[43m

    Will be Fitting Plots    
[0m



[1m[94mSmear option selected is: Smear[0m


Running for Q2-xB/Q2-y Bins: '0', '1', '2', '3', '4', '5', '6', '7', '8', '9', '10', '11', '12', '13', '14', '15', '16', '17'
[1m
Starting RG-A SIDIS Analysis
[0m

Started running on [1m8-20-2026[0m at [1m08:55 p.m.[0m


[91m[1mUsing Existing TTree [0m[1m(File is: [4mHybrid_Unfolded_Parallel_SIDIS_epip_from_3D_and_5D_1st_Order_V2.root[0m[1m)[91m[1m instead of Creating New Unfolded Histograms[0m

[1m[94mRecovered: [1m[92m66175[0m[1m[94m items[0m


Current Time: [1m08:55 p.m.[0m
Time Elapsed Up To Now:
0 Day(s), 0 Hour(s), 0 Minute(s), and 4 Second(s).

[94mNormal Unfolding Fits Already Included? -> [91m[1mFalse[0m
[1mNot running RC... Did not check for RC fits.[0m
[1mNot running BC... Did not check for BC fits.[0m

[1m[94mMaking the fits...[0m

[91mSkipping: (MultiDim_3D_Histo)_(Bayesian)_(SMEAR=Smear)_(Q2_y_Bin_12)_(z_pT_Bin_6)_(MultiDim_z_pT_Bin_Y_bin_phi_t)[0m (Histo Num 39689)
[91mSkipping: (MultiDim_3D_Histo)_(Bayesian)_(SMEAR=Smear)_(Q2_y_Bin_12)_(z_pT_Bin_7)_(MultiDim_z_pT_Bin_Y_bin_phi_t)[0m (Histo Num 39690)
[91mSkipping: (MultiDim_3D_Histo)_(Bayesian)_(SMEAR=Smear)_(Q2_y_Bin_12)_(z_pT_Bin_8)_(MultiDim_z_pT_Bin_Y_bin_phi_t)[0m (Histo Num 39691)
[91mSkipping: (MultiDim_3D_Histo)_(Bayesian)_(SMEAR=Smear)_(Q2_y_Bin_12)_(z_pT_Bin_9)_(MultiDim_z_pT_Bin_Y_bin_phi_t)[0m (Histo Num 39692)
[91mSkipping: (MultiDim_3D_Histo)_(Bayesian)_(SMEAR=Smear)_(Q2_y_Bin_12)_(z_pT_Bin_10)_(MultiDim_z_pT_Bin_Y_bin_phi_t)[0m (Histo Num 39693)
[91mSkipping: (MultiDim_3D_Histo)_(Bayesian)_(SMEAR=Smear)_(Q2_y_Bin_12)_(z_pT_Bin_11)_(MultiDim_z_pT_Bin_Y_bin_phi_t)[0m (Histo Num 39694)
[91mSkipping: (MultiDim_3D_Histo)_(Bayesian)_(SMEAR=Smear)_(Q2_y_Bin_12)_(z_pT_Bin_12)_(MultiDim_z_pT_Bin_Y_bin_phi_t)[0m (Histo Num 39695)
[91mSkipping: (MultiDim_3D_Histo)_(Bayesian)_(SMEAR=Smear)_(Q2_y_Bin_12)_(z_pT_Bin_13)_(MultiDim_z_pT_Bin_Y_bin_phi_t)[0m (Histo Num 39696)
[91mSkipping: (MultiDim_3D_Histo)_(Bayesian)_(SMEAR=Smear)_(Q2_y_Bin_12)_(z_pT_Bin_14)_(MultiDim_z_pT_Bin_Y_bin_phi_t)[0m (Histo Num 39697)
[91mSkipping: (MultiDim_3D_Histo)_(Bayesian)_(SMEAR=Smear)_(Q2_y_Bin_12)_(z_pT_Bin_15)_(MultiDim_z_pT_Bin_Y_bin_phi_t)[0m (Histo Num 39698)
[91mSkipping: (MultiDim_3D_Histo)_(Bayesian)_(SMEAR=Smear)_(Q2_y_Bin_12)_(z_pT_Bin_16)_(MultiDim_z_pT_Bin_Y_bin_phi_t)[0m (Histo Num 39699)
[91mSkipping: (MultiDim_3D_Histo)_(Bayesian)_(SMEAR=Smear)_(Q2_y_Bin_12)_(z_pT_Bin_17)_(MultiDim_z_pT_Bin_Y_bin_phi_t)[0m (Histo Num 39700)
[91mSkipping: (MultiDim_3D_Histo)_(Bayesian)_(SMEAR=Smear)_(Q2_y_Bin_12)_(z_pT_Bin_18)_(MultiDim_z_pT_Bin_Y_bin_phi_t)[0m (Histo Num 39701)
[91mSkipping: (MultiDim_3D_Histo)_(Bayesian)_(SMEAR=Smear)_(Q2_y_Bin_12)_(z_pT_Bin_19)_(MultiDim_z_pT_Bin_Y_bin_phi_t)[0m (Histo Num 39702)
[91mSkipping: (MultiDim_3D_Histo)_(Bayesian)_(SMEAR=Smear)_(Q2_y_Bin_12)_(z_pT_Bin_20)_(MultiDim_z_pT_Bin_Y_bin_phi_t)[0m (Histo Num 39703)
[91mSkipping: (MultiDim_3D_Histo)_(Bayesian)_(SMEAR=Smear)_(Q2_y_Bin_12)_(z_pT_Bin_21)_(MultiDim_z_pT_Bin_Y_bin_phi_t)[0m (Histo Num 39704)
[91mSkipping: (MultiDim_3D_Histo)_(Bayesian)_(SMEAR=Smear)_(Q2_y_Bin_12)_(z_pT_Bin_22)_(MultiDim_z_pT_Bin_Y_bin_phi_t)[0m (Histo Num 39705)
[91mSkipping: (MultiDim_3D_Histo)_(Bayesian)_(SMEAR=Smear)_(Q2_y_Bin_12)_(z_pT_Bin_23)_(MultiDim_z_pT_Bin_Y_bin_phi_t)[0m (Histo Num 39706)
[91mSkipping: (MultiDim_3D_Histo)_(Bayesian)_(SMEAR=Smear)_(Q2_y_Bin_12)_(z_pT_Bin_24)_(MultiDim_z_pT_Bin_Y_bin_phi_t)[0m (Histo Num 39707)
[91mSkipping: (MultiDim_3D_Histo)_(Bayesian)_(SMEAR=Smear)_(Q2_y_Bin_11)_(z_pT_Bin_1)_(MultiDim_z_pT_Bin_Y_bin_phi_t)[0m (Histo Num 39735)
[91mSkipping: (MultiDim_3D_Histo)_(Bayesian)_(SMEAR=Smear)_(Q2_y_Bin_11)_(z_pT_Bin_2)_(MultiDim_z_pT_Bin_Y_bin_phi_t)[0m (Histo Num 39736)
[91mSkipping: (MultiDim_3D_Histo)_(Bayesian)_(SMEAR=Smear)_(Q2_y_Bin_11)_(z_pT_Bin_3)_(MultiDim_z_pT_Bin_Y_bin_phi_t)[0m (Histo Num 39737)
[91mSkipping: (MultiDim_3D_Histo)_(Bayesian)_(SMEAR=Smear)_(Q2_y_Bin_11)_(z_pT_Bin_4)_(MultiDim_z_pT_Bin_Y_bin_phi_t)[0m (Histo Num 39738)
[91mSkipping: (MultiDim_3D_Histo)_(Bayesian)_(SMEAR=Smear)_(Q2_y_Bin_11)_(z_pT_Bin_6)_(MultiDim_z_pT_Bin_Y_bin_phi_t)[0m (Histo Num 39739)
[91mSkipping: (MultiDim_3D_Histo)_(Bayesian)_(SMEAR=Smear)_(Q2_y_Bin_11)_(z_pT_Bin_7)_(MultiDim_z_pT_Bin_Y_bin_phi_t)[0m (Histo Num 39740)
[91mSkipping: (MultiDim_3D_Histo)_(Bayesian)_(SMEAR=Smear)_(Q2_y_Bin_11)_(z_pT_Bin_8)_(MultiDim_z_pT_Bin_Y_bin_phi_t)[0m (Histo Num 39741)
[91mSkipping: (MultiDim_3D_Histo)_(Bayesian)_(SMEAR=Smear)_(Q2_y_Bin_11)_(z_pT_Bin_9)_(MultiDim_z_pT_Bin_Y_bin_phi_t)[0m (Histo Num 39742)
[91mSkipping: (MultiDim_3D_Histo)_(Bayesian)_(SMEAR=Smear)_(Q2_y_Bin_11)_(z_pT_Bin_10)_(MultiDim_z_pT_Bin_Y_bin_phi_t)[0m (Histo Num 39743)
[91mSkipping: (MultiDim_3D_Histo)_(Bayesian)_(SMEAR=Smear)_(Q2_y_Bin_11)_(z_pT_Bin_11)_(MultiDim_z_pT_Bin_Y_bin_phi_t)[0m (Histo Num 39744)
[91mSkipping: (MultiDim_3D_Histo)_(Bayesian)_(SMEAR=Smear)_(Q2_y_Bin_11)_(z_pT_Bin_12)_(MultiDim_z_pT_Bin_Y_bin_phi_t)[0m (Histo Num 39745)
[91mSkipping: (MultiDim_3D_Histo)_(Bayesian)_(SMEAR=Smear)_(Q2_y_Bin_11)_(z_pT_Bin_13)_(MultiDim_z_pT_Bin_Y_bin_phi_t)[0m (Histo Num 39746)
[91mSkipping: (MultiDim_3D_Histo)_(Bayesian)_(SMEAR=Smear)_(Q2_y_Bin_11)_(z_pT_Bin_14)_(MultiDim_z_pT_Bin_Y_bin_phi_t)[0m (Histo Num 39747)
[91mSkipping: (MultiDim_3D_Histo)_(Bayesian)_(SMEAR=Smear)_(Q2_y_Bin_11)_(z_pT_Bin_15)_(MultiDim_z_pT_Bin_Y_bin_phi_t)[0m (Histo Num 39748)
[91mSkipping: (MultiDim_3D_Histo)_(Bayesian)_(SMEAR=Smear)_(Q2_y_Bin_11)_(z_pT_Bin_16)_(MultiDim_z_pT_Bin_Y_bin_phi_t)[0m (Histo Num 39749)
[91mSkipping: (MultiDim_3D_Histo)_(Bayesian)_(SMEAR=Smear)_(Q2_y_Bin_11)_(z_pT_Bin_17)_(MultiDim_z_pT_Bin_Y_bin_phi_t)[0m (Histo Num 39750)
[91mSkipping: (MultiDim_3D_Histo)_(Bayesian)_(SMEAR=Smear)_(Q2_y_Bin_11)_(z_pT_Bin_18)_(MultiDim_z_pT_Bin_Y_bin_phi_t)[0m (Histo Num 39751)
[91mSkipping: (MultiDim_3D_Histo)_(Bayesian)_(SMEAR=Smear)_(Q2_y_Bin_11)_(z_pT_Bin_19)_(MultiDim_z_pT_Bin_Y_bin_phi_t)[0m (Histo Num 39752)
[91mSkipping: (MultiDim_3D_Histo)_(Bayesian)_(SMEAR=Smear)_(Q2_y_Bin_11)_(z_pT_Bin_20)_(MultiDim_z_pT_Bin_Y_bin_phi_t)[0m (Histo Num 39753)
[91mSkipping: (MultiDim_3D_Histo)_(Bayesian)_(SMEAR=Smear)_(Q2_y_Bin_11)_(z_pT_Bin_21)_(MultiDim_z_pT_Bin_Y_bin_phi_t)[0m (Histo Num 39754)
[91mSkipping: (MultiDim_3D_Histo)_(Bayesian)_(SMEAR=Smear)_(Q2_y_Bin_11)_(z_pT_Bin_22)_(MultiDim_z_pT_Bin_Y_bin_phi_t)[0m (Histo Num 39755)
[91mSkipping: (MultiDim_3D_Histo)_(Bayesian)_(SMEAR=Smear)_(Q2_y_Bin_11)_(z_pT_Bin_23)_(MultiDim_z_pT_Bin_Y_bin_phi_t)[0m (Histo Num 39756)
[91mSkipping: (MultiDim_3D_Histo)_(Bayesian)_(SMEAR=Smear)_(Q2_y_Bin_11)_(z_pT_Bin_24)_(MultiDim_z_pT_Bin_Y_bin_phi_t)[0m (Histo Num 39757)
[91mSkipping: (MultiDim_3D_Histo)_(Bayesian)_(SMEAR=Smear)_(Q2_y_Bin_16)_(z_pT_Bin_1)_(MultiDim_z_pT_Bin_Y_bin_phi_t)[0m (Histo Num 39786)
[91mSkipping: (MultiDim_3D_Histo)_(Bayesian)_(SMEAR=Smear)_(Q2_y_Bin_16)_(z_pT_Bin_2)_(MultiDim_z_pT_Bin_Y_bin_phi_t)[0m (Histo Num 39787)
[91mSkipping: (MultiDim_3D_Histo)_(Bayesian)_(SMEAR=Smear)_(Q2_y_Bin_16)_(z_pT_Bin_3)_(MultiDim_z_pT_Bin_Y_bin_phi_t)[0m (Histo Num 39788)
[91mSkipping: (MultiDim_3D_Histo)_(Bayesian)_(SMEAR=Smear)_(Q2_y_Bin_16)_(z_pT_Bin_4)_(MultiDim_z_pT_Bin_Y_bin_phi_t)[0m (Histo Num 39789)
[91mSkipping: (MultiDim_3D_Histo)_(Bayesian)_(SMEAR=Smear)_(Q2_y_Bin_16)_(z_pT_Bin_5)_(MultiDim_z_pT_Bin_Y_bin_phi_t)[0m (Histo Num 39790)
[91mSkipping: (MultiDim_3D_Histo)_(Bayesian)_(SMEAR=Smear)_(Q2_y_Bin_16)_(z_pT_Bin_6)_(MultiDim_z_pT_Bin_Y_bin_phi_t)[0m (Histo Num 39791)
[91mSkipping: (MultiDim_3D_Histo)_(Bayesian)_(SMEAR=Smear)_(Q2_y_Bin_16)_(z_pT_Bin_7)_(MultiDim_z_pT_Bin_Y_bin_phi_t)[0m (Histo Num 39792)
[91mSkipping: (MultiDim_3D_Histo)_(Bayesian)_(SMEAR=Smear)_(Q2_y_Bin_16)_(z_pT_Bin_8)_(MultiDim_z_pT_Bin_Y_bin_phi_t)[0m (Histo Num 39793)
[91mSkipping: (MultiDim_3D_Histo)_(Bayesian)_(SMEAR=Smear)_(Q2_y_Bin_16)_(z_pT_Bin_9)_(MultiDim_z_pT_Bin_Y_bin_phi_t)[0m (Histo Num 39794)
[91mSkipping: (MultiDim_3D_Histo)_(Bayesian)_(SMEAR=Smear)_(Q2_y_Bin_16)_(z_pT_Bin_10)_(MultiDim_z_pT_Bin_Y_bin_phi_t)[0m (Histo Num 39795)
[91mSkipping: (MultiDim_3D_Histo)_(Bayesian)_(SMEAR=Smear)_(Q2_y_Bin_16)_(z_pT_Bin_11)_(MultiDim_z_pT_Bin_Y_bin_phi_t)[0m (Histo Num 39796)
[91mSkipping: (MultiDim_3D_Histo)_(Bayesian)_(SMEAR=Smear)_(Q2_y_Bin_16)_(z_pT_Bin_12)_(MultiDim_z_pT_Bin_Y_bin_phi_t)[0m (Histo Num 39797)
[91mSkipping: (MultiDim_3D_Histo)_(Bayesian)_(SMEAR=Smear)_(Q2_y_Bin_16)_(z_pT_Bin_13)_(MultiDim_z_pT_Bin_Y_bin_phi_t)[0m (Histo Num 39798)
[91mSkipping: (MultiDim_3D_Histo)_(Bayesian)_(SMEAR=Smear)_(Q2_y_Bin_16)_(z_pT_Bin_14)_(MultiDim_z_pT_Bin_Y_bin_phi_t)[0m (Histo Num 39799)
[91mSkipping: (MultiDim_3D_Histo)_(Bayesian)_(SMEAR=Smear)_(Q2_y_Bin_16)_(z_pT_Bin_15)_(MultiDim_z_pT_Bin_Y_bin_phi_t)[0m (Histo Num 39800)
[91mSkipping: (MultiDim_3D_Histo)_(Bayesian)_(SMEAR=Smear)_(Q2_y_Bin_16)_(z_pT_Bin_16)_(MultiDim_z_pT_Bin_Y_bin_phi_t)[0m (Histo Num 39801)
[91mSkipping: (MultiDim_3D_Histo)_(Bayesian)_(SMEAR=Smear)_(Q2_y_Bin_16)_(z_pT_Bin_17)_(MultiDim_z_pT_Bin_Y_bin_phi_t)[0m (Histo Num 39802)
[91mSkipping: (MultiDim_3D_Histo)_(Bayesian)_(SMEAR=Smear)_(Q2_y_Bin_16)_(z_pT_Bin_19)_(MultiDim_z_pT_Bin_Y_bin_phi_t)[0m (Histo Num 39803)
[91mSkipping: (MultiDim_3D_Histo)_(Bayesian)_(SMEAR=Smear)_(Q2_y_Bin_16)_(z_pT_Bin_20)_(MultiDim_z_pT_Bin_Y_bin_phi_t)[0m (Histo Num 39804)
[91mSkipping: (MultiDim_3D_Histo)_(Bayesian)_(SMEAR=Smear)_(Q2_y_Bin_16)_(z_pT_Bin_21)_(MultiDim_z_pT_Bin_Y_bin_phi_t)[0m (Histo Num 39805)
[91mSkipping: (MultiDim_3D_Histo)_(Bayesian)_(SMEAR=Smear)_(Q2_y_Bin_16)_(z_pT_Bin_22)_(MultiDim_z_pT_Bin_Y_bin_phi_t)[0m (Histo Num 39806)
[91mSkipping: (MultiDim_3D_Histo)_(Bayesian)_(SMEAR=Smear)_(Q2_y_Bin_16)_(z_pT_Bin_25)_(MultiDim_z_pT_Bin_Y_bin_phi_t)[0m (Histo Num 39807)
[91mSkipping: (MultiDim_3D_Histo)_(Bayesian)_(SMEAR=Smear)_(Q2_y_Bin_16)_(z_pT_Bin_26)_(MultiDim_z_pT_Bin_Y_bin_phi_t)[0m (Histo Num 39808)
[91mSkipping: (MultiDim_3D_Histo)_(Bayesian)_(SMEAR=Smear)_(Q2_y_Bin_16)_(z_pT_Bin_27)_(MultiDim_z_pT_Bin_Y_bin_phi_t)[0m (Histo Num 39809)
[91mSkipping: (MultiDim_3D_Histo)_(Bayesian)_(SMEAR=Smear)_(Q2_y_Bin_15)_(z_pT_Bin_1)_(MultiDim_z_pT_Bin_Y_bin_phi_t)[0m (Histo Num 39836)
[91mSkipping: (MultiDim_3D_Histo)_(Bayesian)_(SMEAR=Smear)_(Q2_y_Bin_15)_(z_pT_Bin_2)_(MultiDim_z_pT_Bin_Y_bin_phi_t)[0m (Histo Num 39837)
[91mSkipping: (MultiDim_3D_Histo)_(Bayesian)_(SMEAR=Smear)_(Q2_y_Bin_15)_(z_pT_Bin_3)_(MultiDim_z_pT_Bin_Y_bin_phi_t)[0m (Histo Num 39838)
[91mSkipping: (MultiDim_3D_Histo)_(Bayesian)_(SMEAR=Smear)_(Q2_y_Bin_15)_(z_pT_Bin_4)_(MultiDim_z_pT_Bin_Y_bin_phi_t)[0m (Histo Num 39839)
[91mSkipping: (MultiDim_3D_Histo)_(Bayesian)_(SMEAR=Smear)_(Q2_y_Bin_15)_(z_pT_Bin_6)_(MultiDim_z_pT_Bin_Y_bin_phi_t)[0m (Histo Num 39840)
[91mSkipping: (MultiDim_3D_Histo)_(Bayesian)_(SMEAR=Smear)_(Q2_y_Bin_15)_(z_pT_Bin_7)_(MultiDim_z_pT_Bin_Y_bin_phi_t)[0m (Histo Num 39841)
[91mSkipping: (MultiDim_3D_Histo)_(Bayesian)_(SMEAR=Smear)_(Q2_y_Bin_15)_(z_pT_Bin_8)_(MultiDim_z_pT_Bin_Y_bin_phi_t)[0m (Histo Num 39842)
[91mSkipping: (MultiDim_3D_Histo)_(Bayesian)_(SMEAR=Smear)_(Q2_y_Bin_15)_(z_pT_Bin_9)_(MultiDim_z_pT_Bin_Y_bin_phi_t)[0m (Histo Num 39843)
[91mSkipping: (MultiDim_3D_Histo)_(Bayesian)_(SMEAR=Smear)_(Q2_y_Bin_15)_(z_pT_Bin_10)_(MultiDim_z_pT_Bin_Y_bin_phi_t)[0m (Histo Num 39844)
[91mSkipping: (MultiDim_3D_Histo)_(Bayesian)_(SMEAR=Smear)_(Q2_y_Bin_15)_(z_pT_Bin_11)_(MultiDim_z_pT_Bin_Y_bin_phi_t)[0m (Histo Num 39845)
[91mSkipping: (MultiDim_3D_Histo)_(Bayesian)_(SMEAR=Smear)_(Q2_y_Bin_15)_(z_pT_Bin_12)_(MultiDim_z_pT_Bin_Y_bin_phi_t)[0m (Histo Num 39846)
[91mSkipping: (MultiDim_3D_Histo)_(Bayesian)_(SMEAR=Smear)_(Q2_y_Bin_15)_(z_pT_Bin_13)_(MultiDim_z_pT_Bin_Y_bin_phi_t)[0m (Histo Num 39847)
[91mSkipping: (MultiDim_3D_Histo)_(Bayesian)_(SMEAR=Smear)_(Q2_y_Bin_15)_(z_pT_Bin_14)_(MultiDim_z_pT_Bin_Y_bin_phi_t)[0m (Histo Num 39848)
[91mSkipping: (MultiDim_3D_Histo)_(Bayesian)_(SMEAR=Smear)_(Q2_y_Bin_15)_(z_pT_Bin_15)_(MultiDim_z_pT_Bin_Y_bin_phi_t)[0m (Histo Num 39849)
[91mSkipping: (MultiDim_3D_Histo)_(Bayesian)_(SMEAR=Smear)_(Q2_y_Bin_15)_(z_pT_Bin_16)_(MultiDim_z_pT_Bin_Y_bin_phi_t)[0m (Histo Num 39850)
[91mSkipping: (MultiDim_3D_Histo)_(Bayesian)_(SMEAR=Smear)_(Q2_y_Bin_15)_(z_pT_Bin_17)_(MultiDim_z_pT_Bin_Y_bin_phi_t)[0m (Histo Num 39851)
[91mSkipping: (MultiDim_3D_Histo)_(Bayesian)_(SMEAR=Smear)_(Q2_y_Bin_15)_(z_pT_Bin_18)_(MultiDim_z_pT_Bin_Y_bin_phi_t)[0m (Histo Num 39852)
[91mSkipping: (MultiDim_3D_Histo)_(Bayesian)_(SMEAR=Smear)_(Q2_y_Bin_15)_(z_pT_Bin_19)_(MultiDim_z_pT_Bin_Y_bin_phi_t)[0m (Histo Num 39853)
[91mSkipping: (MultiDim_3D_Histo)_(Bayesian)_(SMEAR=Smear)_(Q2_y_Bin_15)_(z_pT_Bin_21)_(MultiDim_z_pT_Bin_Y_bin_phi_t)[0m (Histo Num 39854)
[91mSkipping: (MultiDim_3D_Histo)_(Bayesian)_(SMEAR=Smear)_(Q2_y_Bin_15)_(z_pT_Bin_22)_(MultiDim_z_pT_Bin_Y_bin_phi_t)[0m (Histo Num 39855)
[91mSkipping: (MultiDim_3D_Histo)_(Bayesian)_(SMEAR=Smear)_(Q2_y_Bin_15)_(z_pT_Bin_23)_(MultiDim_z_pT_Bin_Y_bin_phi_t)[0m (Histo Num 39856)
[91mSkipping: (MultiDim_3D_Histo)_(Bayesian)_(SMEAR=Smear)_(Q2_y_Bin_15)_(z_pT_Bin_24)_(MultiDim_z_pT_Bin_Y_bin_phi_t)[0m (Histo Num 39857)
[91mSkipping: (MultiDim_3D_Histo)_(Bayesian)_(SMEAR=Smear)_(Q2_y_Bin_6)_(z_pT_Bin_1)_(MultiDim_z_pT_Bin_Y_bin_phi_t)[0m (Histo Num 39888)
[91mSkipping: (MultiDim_3D_Histo)_(Bayesian)_(SMEAR=Smear)_(Q2_y_Bin_6)_(z_pT_Bin_2)_(MultiDim_z_pT_Bin_Y_bin_phi_t)[0m (Histo Num 39889)
[91mSkipping: (MultiDim_3D_Histo)_(Bayesian)_(SMEAR=Smear)_(Q2_y_Bin_6)_(z_pT_Bin_3)_(MultiDim_z_pT_Bin_Y_bin_phi_t)[0m (Histo Num 39890)
[91mSkipping: (MultiDim_3D_Histo)_(Bayesian)_(SMEAR=Smear)_(Q2_y_Bin_6)_(z_pT_Bin_4)_(MultiDim_z_pT_Bin_Y_bin_phi_t)[0m (Histo Num 39891)
[91mSkipping: (MultiDim_3D_Histo)_(Bayesian)_(SMEAR=Smear)_(Q2_y_Bin_6)_(z_pT_Bin_5)_(MultiDim_z_pT_Bin_Y_bin_phi_t)[0m (Histo Num 39892)
[91mSkipping: (MultiDim_3D_Histo)_(Bayesian)_(SMEAR=Smear)_(Q2_y_Bin_6)_(z_pT_Bin_6)_(MultiDim_z_pT_Bin_Y_bin_phi_t)[0m (Histo Num 39893)
[91mSkipping: (MultiDim_3D_Histo)_(Bayesian)_(SMEAR=Smear)_(Q2_y_Bin_6)_(z_pT_Bin_7)_(MultiDim_z_pT_Bin_Y_bin_phi_t)[0m (Histo Num 39894)
[91mSkipping: (MultiDim_3D_Histo)_(Bayesian)_(SMEAR=Smear)_(Q2_y_Bin_6)_(z_pT_Bin_8)_(MultiDim_z_pT_Bin_Y_bin_phi_t)[0m (Histo Num 39895)
[91mSkipping: (MultiDim_3D_Histo)_(Bayesian)_(SMEAR=Smear)_(Q2_y_Bin_6)_(z_pT_Bin_9)_(MultiDim_z_pT_Bin_Y_bin_phi_t)[0m (Histo Num 39896)
[91mSkipping: (MultiDim_3D_Histo)_(Bayesian)_(SMEAR=Smear)_(Q2_y_Bin_6)_(z_pT_Bin_10)_(MultiDim_z_pT_Bin_Y_bin_phi_t)[0m (Histo Num 39897)
[91mSkipping: (MultiDim_3D_Histo)_(Bayesian)_(SMEAR=Smear)_(Q2_y_Bin_6)_(z_pT_Bin_11)_(MultiDim_z_pT_Bin_Y_bin_phi_t)[0m (Histo Num 39898)
[91mSkipping: (MultiDim_3D_Histo)_(Bayesian)_(SMEAR=Smear)_(Q2_y_Bin_6)_(z_pT_Bin_12)_(MultiDim_z_pT_Bin_Y_bin_phi_t)[0m (Histo Num 39899)
[91mSkipping: (MultiDim_3D_Histo)_(Bayesian)_(SMEAR=Smear)_(Q2_y_Bin_6)_(z_pT_Bin_13)_(MultiDim_z_pT_Bin_Y_bin_phi_t)[0m (Histo Num 39900)
[91mSkipping: (MultiDim_3D_Histo)_(Bayesian)_(SMEAR=Smear)_(Q2_y_Bin_6)_(z_pT_Bin_14)_(MultiDim_z_pT_Bin_Y_bin_phi_t)[0m (Histo Num 39901)
[91mSkipping: (MultiDim_3D_Histo)_(Bayesian)_(SMEAR=Smear)_(Q2_y_Bin_6)_(z_pT_Bin_15)_(MultiDim_z_pT_Bin_Y_bin_phi_t)[0m (Histo Num 39902)
[91mSkipping: (MultiDim_3D_Histo)_(Bayesian)_(SMEAR=Smear)_(Q2_y_Bin_6)_(z_pT_Bin_16)_(MultiDim_z_pT_Bin_Y_bin_phi_t)[0m (Histo Num 39903)
[91mSkipping: (MultiDim_3D_Histo)_(Bayesian)_(SMEAR=Smear)_(Q2_y_Bin_6)_(z_pT_Bin_17)_(MultiDim_z_pT_Bin_Y_bin_phi_t)[0m (Histo Num 39904)
[91mSkipping: (MultiDim_3D_Histo)_(Bayesian)_(SMEAR=Smear)_(Q2_y_Bin_6)_(z_pT_Bin_19)_(MultiDim_z_pT_Bin_Y_bin_phi_t)[0m (Histo Num 39905)
[91mSkipping: (MultiDim_3D_Histo)_(Bayesian)_(SMEAR=Smear)_(Q2_y_Bin_6)_(z_pT_Bin_20)_(MultiDim_z_pT_Bin_Y_bin_phi_t)[0m (Histo Num 39906)
[91mSkipping: (MultiDim_3D_Histo)_(Bayesian)_(SMEAR=Smear)_(Q2_y_Bin_6)_(z_pT_Bin_21)_(MultiDim_z_pT_Bin_Y_bin_phi_t)[0m (Histo Num 39907)
[91mSkipping: (MultiDim_3D_Histo)_(Bayesian)_(SMEAR=Smear)_(Q2_y_Bin_6)_(z_pT_Bin_22)_(MultiDim_z_pT_Bin_Y_bin_phi_t)[0m (Histo Num 39908)
[91mSkipping: (MultiDim_3D_Histo)_(Bayesian)_(SMEAR=Smear)_(Q2_y_Bin_6)_(z_pT_Bin_23)_(MultiDim_z_pT_Bin_Y_bin_phi_t)[0m (Histo Num 39909)
[91mSkipping: (MultiDim_3D_Histo)_(Bayesian)_(SMEAR=Smear)_(Q2_y_Bin_6)_(z_pT_Bin_25)_(MultiDim_z_pT_Bin_Y_bin_phi_t)[0m (Histo Num 39910)
[91mSkipping: (MultiDim_3D_Histo)_(Bayesian)_(SMEAR=Smear)_(Q2_y_Bin_6)_(z_pT_Bin_26)_(MultiDim_z_pT_Bin_Y_bin_phi_t)[0m (Histo Num 39911)
[91mSkipping: (MultiDim_3D_Histo)_(Bayesian)_(SMEAR=Smear)_(Q2_y_Bin_6)_(z_pT_Bin_27)_(MultiDim_z_pT_Bin_Y_bin_phi_t)[0m (Histo Num 39912)
[91mSkipping: (MultiDim_3D_Histo)_(Bayesian)_(SMEAR=Smear)_(Q2_y_Bin_6)_(z_pT_Bin_28)_(MultiDim_z_pT_Bin_Y_bin_phi_t)[0m (Histo Num 39913)
[91mSkipping: (MultiDim_3D_Histo)_(Bayesian)_(SMEAR=Smear)_(Q2_y_Bin_14)_(z_pT_Bin_1)_(MultiDim_z_pT_Bin_Y_bin_phi_t)[0m (Histo Num 39949)
[91mSkipping: (MultiDim_3D_Histo)_(Bayesian)_(SMEAR=Smear)_(Q2_y_Bin_14)_(z_pT_Bin_2)_(MultiDim_z_pT_Bin_Y_bin_phi_t)[0m (Histo Num 39950)
[91mSkipping: (MultiDim_3D_Histo)_(Bayesian)_(SMEAR=Smear)_(Q2_y_Bin_14)_(z_pT_Bin_3)_(MultiDim_z_pT_Bin_Y_bin_phi_t)[0m (Histo Num 39951)
[91mSkipping: (MultiDim_3D_Histo)_(Bayesian)_(SMEAR=Smear)_(Q2_y_Bin_14)_(z_pT_Bin_4)_(MultiDim_z_pT_Bin_Y_bin_phi_t)[0m (Histo Num 39952)
[91mSkipping: (MultiDim_3D_Histo)_(Bayesian)_(SMEAR=Smear)_(Q2_y_Bin_14)_(z_pT_Bin_5)_(MultiDim_z_pT_Bin_Y_bin_phi_t)[0m (Histo Num 39953)
[91mSkipping: (MultiDim_3D_Histo)_(Bayesian)_(SMEAR=Smear)_(Q2_y_Bin_14)_(z_pT_Bin_7)_(MultiDim_z_pT_Bin_Y_bin_phi_t)[0m (Histo Num 39954)
[91mSkipping: (MultiDim_3D_Histo)_(Bayesian)_(SMEAR=Smear)_(Q2_y_Bin_14)_(z_pT_Bin_8)_(MultiDim_z_pT_Bin_Y_bin_phi_t)[0m (Histo Num 39955)
[91mSkipping: (MultiDim_3D_Histo)_(Bayesian)_(SMEAR=Smear)_(Q2_y_Bin_14)_(z_pT_Bin_9)_(MultiDim_z_pT_Bin_Y_bin_phi_t)[0m (Histo Num 39956)
[91mSkipping: (MultiDim_3D_Histo)_(Bayesian)_(SMEAR=Smear)_(Q2_y_Bin_14)_(z_pT_Bin_10)_(MultiDim_z_pT_Bin_Y_bin_phi_t)[0m (Histo Num 39957)
[91mSkipping: (MultiDim_3D_Histo)_(Bayesian)_(SMEAR=Smear)_(Q2_y_Bin_14)_(z_pT_Bin_11)_(MultiDim_z_pT_Bin_Y_bin_phi_t)[0m (Histo Num 39958)
[91mSkipping: (MultiDim_3D_Histo)_(Bayesian)_(SMEAR=Smear)_(Q2_y_Bin_14)_(z_pT_Bin_12)_(MultiDim_z_pT_Bin_Y_bin_phi_t)[0m (Histo Num 39959)
[91mSkipping: (MultiDim_3D_Histo)_(Bayesian)_(SMEAR=Smear)_(Q2_y_Bin_14)_(z_pT_Bin_13)_(MultiDim_z_pT_Bin_Y_bin_phi_t)[0m (Histo Num 39960)
[91mSkipping: (MultiDim_3D_Histo)_(Bayesian)_(SMEAR=Smear)_(Q2_y_Bin_14)_(z_pT_Bin_14)_(MultiDim_z_pT_Bin_Y_bin_phi_t)[0m (Histo Num 39961)
[91mSkipping: (MultiDim_3D_Histo)_(Bayesian)_(SMEAR=Smear)_(Q2_y_Bin_14)_(z_pT_Bin_15)_(MultiDim_z_pT_Bin_Y_bin_phi_t)[0m (Histo Num 39962)
[91mSkipping: (MultiDim_3D_Histo)_(Bayesian)_(SMEAR=Smear)_(Q2_y_Bin_14)_(z_pT_Bin_16)_(MultiDim_z_pT_Bin_Y_bin_phi_t)[0m (Histo Num 39963)
[91mSkipping: (MultiDim_3D_Histo)_(Bayesian)_(SMEAR=Smear)_(Q2_y_Bin_14)_(z_pT_Bin_17)_(MultiDim_z_pT_Bin_Y_bin_phi_t)[0m (Histo Num 39964)
[91mSkipping: (MultiDim_3D_Histo)_(Bayesian)_(SMEAR=Smear)_(Q2_y_Bin_14)_(z_pT_Bin_18)_(MultiDim_z_pT_Bin_Y_bin_phi_t)[0m (Histo Num 39965)
[91mSkipping: (MultiDim_3D_Histo)_(Bayesian)_(SMEAR=Smear)_(Q2_y_Bin_14)_(z_pT_Bin_19)_(MultiDim_z_pT_Bin_Y_bin_phi_t)[0m (Histo Num 39966)
[91mSkipping: (MultiDim_3D_Histo)_(Bayesian)_(SMEAR=Smear)_(Q2_y_Bin_14)_(z_pT_Bin_20)_(MultiDim_z_pT_Bin_Y_bin_phi_t)[0m (Histo Num 39967)
[91mSkipping: (MultiDim_3D_Histo)_(Bayesian)_(SMEAR=Smear)_(Q2_y_Bin_14)_(z_pT_Bin_21)_(MultiDim_z_pT_Bin_Y_bin_phi_t)[0m (Histo Num 39968)
[91mSkipping: (MultiDim_3D_Histo)_(Bayesian)_(SMEAR=Smear)_(Q2_y_Bin_14)_(z_pT_Bin_22)_(MultiDim_z_pT_Bin_Y_bin_phi_t)[0m (Histo Num 39969)
[91mSkipping: (MultiDim_3D_Histo)_(Bayesian)_(SMEAR=Smear)_(Q2_y_Bin_14)_(z_pT_Bin_23)_(MultiDim_z_pT_Bin_Y_bin_phi_t)[0m (Histo Num 39970)
[91mSkipping: (MultiDim_3D_Histo)_(Bayesian)_(SMEAR=Smear)_(Q2_y_Bin_14)_(z_pT_Bin_25)_(MultiDim_z_pT_Bin_Y_bin_phi_t)[0m (Histo Num 39971)
[91mSkipping: (MultiDim_3D_Histo)_(Bayesian)_(SMEAR=Smear)_(Q2_y_Bin_14)_(z_pT_Bin_26)_(MultiDim_z_pT_Bin_Y_bin_phi_t)[0m (Histo Num 39972)
[91mSkipping: (MultiDim_3D_Histo)_(Bayesian)_(SMEAR=Smear)_(Q2_y_Bin_14)_(z_pT_Bin_27)_(MultiDim_z_pT_Bin_Y_bin_phi_t)[0m (Histo Num 39973)
[91mSkipping: (MultiDim_3D_Histo)_(Bayesian)_(SMEAR=Smear)_(Q2_y_Bin_14)_(z_pT_Bin_28)_(MultiDim_z_pT_Bin_Y_bin_phi_t)[0m (Histo Num 39974)
[91mSkipping: (MultiDim_3D_Histo)_(Bayesian)_(SMEAR=Smear)_(Q2_y_Bin_14)_(z_pT_Bin_29)_(MultiDim_z_pT_Bin_Y_bin_phi_t)[0m (Histo Num 39975)
[91mSkipping: (MultiDim_3D_Histo)_(Bayesian)_(SMEAR=Smear)_(Q2_y_Bin_14)_(z_pT_Bin_31)_(MultiDim_z_pT_Bin_Y_bin_phi_t)[0m (Histo Num 39976)
[91mSkipping: (MultiDim_3D_Histo)_(Bayesian)_(SMEAR=Smear)_(Q2_y_Bin_14)_(z_pT_Bin_32)_(MultiDim_z_pT_Bin_Y_bin_phi_t)[0m (Histo Num 39977)
[91mSkipping: (MultiDim_3D_Histo)_(Bayesian)_(SMEAR=Smear)_(Q2_y_Bin_14)_(z_pT_Bin_33)_(MultiDim_z_pT_Bin_Y_bin_phi_t)[0m (Histo Num 39978)
[91mSkipping: (MultiDim_3D_Histo)_(Bayesian)_(SMEAR=Smear)_(Q2_y_Bin_14)_(z_pT_Bin_34)_(MultiDim_z_pT_Bin_Y_bin_phi_t)[0m (Histo Num 39979)
[91mSkipping: (MultiDim_3D_Histo)_(Bayesian)_(SMEAR=Smear)_(Q2_y_Bin_17)_(z_pT_Bin_1)_(MultiDim_z_pT_Bin_Y_bin_phi_t)[0m (Histo Num 40010)
[91mSkipping: (MultiDim_3D_Histo)_(Bayesian)_(SMEAR=Smear)_(Q2_y_Bin_17)_(z_pT_Bin_2)_(MultiDim_z_pT_Bin_Y_bin_phi_t)[0m (Histo Num 40011)
[91mSkipping: (MultiDim_3D_Histo)_(Bayesian)_(SMEAR=Smear)_(Q2_y_Bin_17)_(z_pT_Bin_3)_(MultiDim_z_pT_Bin_Y_bin_phi_t)[0m (Histo Num 40012)
[91mSkipping: (MultiDim_3D_Histo)_(Bayesian)_(SMEAR=Smear)_(Q2_y_Bin_17)_(z_pT_Bin_4)_(MultiDim_z_pT_Bin_Y_bin_phi_t)[0m (Histo Num 40013)
[91mSkipping: (MultiDim_3D_Histo)_(Bayesian)_(SMEAR=Smear)_(Q2_y_Bin_17)_(z_pT_Bin_5)_(MultiDim_z_pT_Bin_Y_bin_phi_t)[0m (Histo Num 40014)
[91mSkipping: (MultiDim_3D_Histo)_(Bayesian)_(SMEAR=Smear)_(Q2_y_Bin_17)_(z_pT_Bin_7)_(MultiDim_z_pT_Bin_Y_bin_phi_t)[0m (Histo Num 40015)
[91mSkipping: (MultiDim_3D_Histo)_(Bayesian)_(SMEAR=Smear)_(Q2_y_Bin_17)_(z_pT_Bin_8)_(MultiDim_z_pT_Bin_Y_bin_phi_t)[0m (Histo Num 40016)
[91mSkipping: (MultiDim_3D_Histo)_(Bayesian)_(SMEAR=Smear)_(Q2_y_Bin_17)_(z_pT_Bin_9)_(MultiDim_z_pT_Bin_Y_bin_phi_t)[0m (Histo Num 40017)
[91mSkipping: (MultiDim_3D_Histo)_(Bayesian)_(SMEAR=Smear)_(Q2_y_Bin_17)_(z_pT_Bin_10)_(MultiDim_z_pT_Bin_Y_bin_phi_t)[0m (Histo Num 40018)
[91mSkipping: (MultiDim_3D_Histo)_(Bayesian)_(SMEAR=Smear)_(Q2_y_Bin_17)_(z_pT_Bin_11)_(MultiDim_z_pT_Bin_Y_bin_phi_t)[0m (Histo Num 40019)
[91mSkipping: (MultiDim_3D_Histo)_(Bayesian)_(SMEAR=Smear)_(Q2_y_Bin_17)_(z_pT_Bin_12)_(MultiDim_z_pT_Bin_Y_bin_phi_t)[0m (Histo Num 40020)
[91mSkipping: (MultiDim_3D_Histo)_(Bayesian)_(SMEAR=Smear)_(Q2_y_Bin_17)_(z_pT_Bin_13)_(MultiDim_z_pT_Bin_Y_bin_phi_t)[0m (Histo Num 40021)
[91mSkipping: (MultiDim_3D_Histo)_(Bayesian)_(SMEAR=Smear)_(Q2_y_Bin_17)_(z_pT_Bin_14)_(MultiDim_z_pT_Bin_Y_bin_phi_t)[0m (Histo Num 40022)
[91mSkipping: (MultiDim_3D_Histo)_(Bayesian)_(SMEAR=Smear)_(Q2_y_Bin_17)_(z_pT_Bin_15)_(MultiDim_z_pT_Bin_Y_bin_phi_t)[0m (Histo Num 40023)
[91mSkipping: (MultiDim_3D_Histo)_(Bayesian)_(SMEAR=Smear)_(Q2_y_Bin_17)_(z_pT_Bin_16)_(MultiDim_z_pT_Bin_Y_bin_phi_t)[0m (Histo Num 40024)
[91mSkipping: (MultiDim_3D_Histo)_(Bayesian)_(SMEAR=Smear)_(Q2_y_Bin_17)_(z_pT_Bin_17)_(MultiDim_z_pT_Bin_Y_bin_phi_t)[0m (Histo Num 40025)
[91mSkipping: (MultiDim_3D_Histo)_(Bayesian)_(SMEAR=Smear)_(Q2_y_Bin_17)_(z_pT_Bin_18)_(MultiDim_z_pT_Bin_Y_bin_phi_t)[0m (Histo Num 40026)
[91mSkipping: (MultiDim_3D_Histo)_(Bayesian)_(SMEAR=Smear)_(Q2_y_Bin_17)_(z_pT_Bin_19)_(MultiDim_z_pT_Bin_Y_bin_phi_t)[0m (Histo Num 40027)
[91mSkipping: (MultiDim_3D_Histo)_(Bayesian)_(SMEAR=Smear)_(Q2_y_Bin_17)_(z_pT_Bin_20)_(MultiDim_z_pT_Bin_Y_bin_phi_t)[0m (Histo Num 40028)
[91mSkipping: (MultiDim_3D_Histo)_(Bayesian)_(SMEAR=Smear)_(Q2_y_Bin_17)_(z_pT_Bin_21)_(MultiDim_z_pT_Bin_Y_bin_phi_t)[0m (Histo Num 40029)
[91mSkipping: (MultiDim_3D_Histo)_(Bayesian)_(SMEAR=Smear)_(Q2_y_Bin_17)_(z_pT_Bin_22)_(MultiDim_z_pT_Bin_Y_bin_phi_t)[0m (Histo Num 40030)
[91mSkipping: (MultiDim_3D_Histo)_(Bayesian)_(SMEAR=Smear)_(Q2_y_Bin_17)_(z_pT_Bin_23)_(MultiDim_z_pT_Bin_Y_bin_phi_t)[0m (Histo Num 40031)
[91mSkipping: (MultiDim_3D_Histo)_(Bayesian)_(SMEAR=Smear)_(Q2_y_Bin_17)_(z_pT_Bin_25)_(MultiDim_z_pT_Bin_Y_bin_phi_t)[0m (Histo Num 40032)
[91mSkipping: (MultiDim_3D_Histo)_(Bayesian)_(SMEAR=Smear)_(Q2_y_Bin_17)_(z_pT_Bin_26)_(MultiDim_z_pT_Bin_Y_bin_phi_t)[0m (Histo Num 40033)
[91mSkipping: (MultiDim_3D_Histo)_(Bayesian)_(SMEAR=Smear)_(Q2_y_Bin_17)_(z_pT_Bin_27)_(MultiDim_z_pT_Bin_Y_bin_phi_t)[0m (Histo Num 40034)
[91mSkipping: (MultiDim_3D_Histo)_(Bayesian)_(SMEAR=Smear)_(Q2_y_Bin_17)_(z_pT_Bin_28)_(MultiDim_z_pT_Bin_Y_bin_phi_t)[0m (Histo Num 40035)
[91mSkipping: (MultiDim_3D_Histo)_(Bayesian)_(SMEAR=Smear)_(Q2_y_Bin_13)_(z_pT_Bin_1)_(MultiDim_z_pT_Bin_Y_bin_phi_t)[0m (Histo Num 40066)
[91mSkipping: (MultiDim_3D_Histo)_(Bayesian)_(SMEAR=Smear)_(Q2_y_Bin_13)_(z_pT_Bin_2)_(MultiDim_z_pT_Bin_Y_bin_phi_t)[0m (Histo Num 40067)
[91mSkipping: (MultiDim_3D_Histo)_(Bayesian)_(SMEAR=Smear)_(Q2_y_Bin_13)_(z_pT_Bin_3)_(MultiDim_z_pT_Bin_Y_bin_phi_t)[0m (Histo Num 40068)
[91mSkipping: (MultiDim_3D_Histo)_(Bayesian)_(SMEAR=Smear)_(Q2_y_Bin_13)_(z_pT_Bin_4)_(MultiDim_z_pT_Bin_Y_bin_phi_t)[0m (Histo Num 40069)
[91mSkipping: (MultiDim_3D_Histo)_(Bayesian)_(SMEAR=Smear)_(Q2_y_Bin_13)_(z_pT_Bin_5)_(MultiDim_z_pT_Bin_Y_bin_phi_t)[0m (Histo Num 40070)
[91mSkipping: (MultiDim_3D_Histo)_(Bayesian)_(SMEAR=Smear)_(Q2_y_Bin_13)_(z_pT_Bin_6)_(MultiDim_z_pT_Bin_Y_bin_phi_t)[0m (Histo Num 40071)
[91mSkipping: (MultiDim_3D_Histo)_(Bayesian)_(SMEAR=Smear)_(Q2_y_Bin_13)_(z_pT_Bin_7)_(MultiDim_z_pT_Bin_Y_bin_phi_t)[0m (Histo Num 40072)
[91mSkipping: (MultiDim_3D_Histo)_(Bayesian)_(SMEAR=Smear)_(Q2_y_Bin_13)_(z_pT_Bin_8)_(MultiDim_z_pT_Bin_Y_bin_phi_t)[0m (Histo Num 40073)
[91mSkipping: (MultiDim_3D_Histo)_(Bayesian)_(SMEAR=Smear)_(Q2_y_Bin_13)_(z_pT_Bin_9)_(MultiDim_z_pT_Bin_Y_bin_phi_t)[0m (Histo Num 40074)
[91mSkipping: (MultiDim_3D_Histo)_(Bayesian)_(SMEAR=Smear)_(Q2_y_Bin_13)_(z_pT_Bin_10)_(MultiDim_z_pT_Bin_Y_bin_phi_t)[0m (Histo Num 40075)
[91mSkipping: (MultiDim_3D_Histo)_(Bayesian)_(SMEAR=Smear)_(Q2_y_Bin_13)_(z_pT_Bin_11)_(MultiDim_z_pT_Bin_Y_bin_phi_t)[0m (Histo Num 40076)
[91mSkipping: (MultiDim_3D_Histo)_(Bayesian)_(SMEAR=Smear)_(Q2_y_Bin_13)_(z_pT_Bin_12)_(MultiDim_z_pT_Bin_Y_bin_phi_t)[0m (Histo Num 40077)
[91mSkipping: (MultiDim_3D_Histo)_(Bayesian)_(SMEAR=Smear)_(Q2_y_Bin_13)_(z_pT_Bin_13)_(MultiDim_z_pT_Bin_Y_bin_phi_t)[0m (Histo Num 40078)
[91mSkipping: (MultiDim_3D_Histo)_(Bayesian)_(SMEAR=Smear)_(Q2_y_Bin_13)_(z_pT_Bin_14)_(MultiDim_z_pT_Bin_Y_bin_phi_t)[0m (Histo Num 40079)
[91mSkipping: (MultiDim_3D_Histo)_(Bayesian)_(SMEAR=Smear)_(Q2_y_Bin_13)_(z_pT_Bin_15)_(MultiDim_z_pT_Bin_Y_bin_phi_t)[0m (Histo Num 40080)
[91mSkipping: (MultiDim_3D_Histo)_(Bayesian)_(SMEAR=Smear)_(Q2_y_Bin_13)_(z_pT_Bin_16)_(MultiDim_z_pT_Bin_Y_bin_phi_t)[0m (Histo Num 40081)
[91mSkipping: (MultiDim_3D_Histo)_(Bayesian)_(SMEAR=Smear)_(Q2_y_Bin_13)_(z_pT_Bin_17)_(MultiDim_z_pT_Bin_Y_bin_phi_t)[0m (Histo Num 40082)
[91mSkipping: (MultiDim_3D_Histo)_(Bayesian)_(SMEAR=Smear)_(Q2_y_Bin_13)_(z_pT_Bin_18)_(MultiDim_z_pT_Bin_Y_bin_phi_t)[0m (Histo Num 40083)
[91mSkipping: (MultiDim_3D_Histo)_(Bayesian)_(SMEAR=Smear)_(Q2_y_Bin_13)_(z_pT_Bin_19)_(MultiDim_z_pT_Bin_Y_bin_phi_t)[0m (Histo Num 40084)
[91mSkipping: (MultiDim_3D_Histo)_(Bayesian)_(SMEAR=Smear)_(Q2_y_Bin_13)_(z_pT_Bin_21)_(MultiDim_z_pT_Bin_Y_bin_phi_t)[0m (Histo Num 40085)
[91mSkipping: (MultiDim_3D_Histo)_(Bayesian)_(SMEAR=Smear)_(Q2_y_Bin_13)_(z_pT_Bin_22)_(MultiDim_z_pT_Bin_Y_bin_phi_t)[0m (Histo Num 40086)
[91mSkipping: (MultiDim_3D_Histo)_(Bayesian)_(SMEAR=Smear)_(Q2_y_Bin_13)_(z_pT_Bin_23)_(MultiDim_z_pT_Bin_Y_bin_phi_t)[0m (Histo Num 40087)
[91mSkipping: (MultiDim_3D_Histo)_(Bayesian)_(SMEAR=Smear)_(Q2_y_Bin_13)_(z_pT_Bin_24)_(MultiDim_z_pT_Bin_Y_bin_phi_t)[0m (Histo Num 40088)
[91mSkipping: (MultiDim_3D_Histo)_(Bayesian)_(SMEAR=Smear)_(Q2_y_Bin_13)_(z_pT_Bin_26)_(MultiDim_z_pT_Bin_Y_bin_phi_t)[0m (Histo Num 40089)
[91mSkipping: (MultiDim_3D_Histo)_(Bayesian)_(SMEAR=Smear)_(Q2_y_Bin_13)_(z_pT_Bin_27)_(MultiDim_z_pT_Bin_Y_bin_phi_t)[0m (Histo Num 40090)
[91mSkipping: (MultiDim_3D_Histo)_(Bayesian)_(SMEAR=Smear)_(Q2_y_Bin_13)_(z_pT_Bin_28)_(MultiDim_z_pT_Bin_Y_bin_phi_t)[0m (Histo Num 40091)
[91mSkipping: (MultiDim_3D_Histo)_(Bayesian)_(SMEAR=Smear)_(Q2_y_Bin_4)_(z_pT_Bin_7)_(MultiDim_z_pT_Bin_Y_bin_phi_t)[0m (Histo Num 40120)
[91mSkipping: (MultiDim_3D_Histo)_(Bayesian)_(SMEAR=Smear)_(Q2_y_Bin_4)_(z_pT_Bin_8)_(MultiDim_z_pT_Bin_Y_bin_phi_t)[0m (Histo Num 40121)
[91mSkipping: (MultiDim_3D_Histo)_(Bayesian)_(SMEAR=Smear)_(Q2_y_Bin_4)_(z_pT_Bin_9)_(MultiDim_z_pT_Bin_Y_bin_phi_t)[0m (Histo Num 40122)
[91mSkipping: (MultiDim_3D_Histo)_(Bayesian)_(SMEAR=Smear)_(Q2_y_Bin_4)_(z_pT_Bin_10)_(MultiDim_z_pT_Bin_Y_bin_phi_t)[0m (Histo Num 40123)
[91mSkipping: (MultiDim_3D_Histo)_(Bayesian)_(SMEAR=Smear)_(Q2_y_Bin_4)_(z_pT_Bin_11)_(MultiDim_z_pT_Bin_Y_bin_phi_t)[0m (Histo Num 40124)
[91mSkipping: (MultiDim_3D_Histo)_(Bayesian)_(SMEAR=Smear)_(Q2_y_Bin_4)_(z_pT_Bin_13)_(MultiDim_z_pT_Bin_Y_bin_phi_t)[0m (Histo Num 40125)
[91mSkipping: (MultiDim_3D_Histo)_(Bayesian)_(SMEAR=Smear)_(Q2_y_Bin_4)_(z_pT_Bin_14)_(MultiDim_z_pT_Bin_Y_bin_phi_t)[0m (Histo Num 40126)
[91mSkipping: (MultiDim_3D_Histo)_(Bayesian)_(SMEAR=Smear)_(Q2_y_Bin_4)_(z_pT_Bin_15)_(MultiDim_z_pT_Bin_Y_bin_phi_t)[0m (Histo Num 40127)
[91mSkipping: (MultiDim_3D_Histo)_(Bayesian)_(SMEAR=Smear)_(Q2_y_Bin_4)_(z_pT_Bin_16)_(MultiDim_z_pT_Bin_Y_bin_phi_t)[0m (Histo Num 40128)
[91mSkipping: (MultiDim_3D_Histo)_(Bayesian)_(SMEAR=Smear)_(Q2_y_Bin_4)_(z_pT_Bin_17)_(MultiDim_z_pT_Bin_Y_bin_phi_t)[0m (Histo Num 40129)
[91mSkipping: (MultiDim_3D_Histo)_(Bayesian)_(SMEAR=Smear)_(Q2_y_Bin_4)_(z_pT_Bin_19)_(MultiDim_z_pT_Bin_Y_bin_phi_t)[0m (Histo Num 40130)
[91mSkipping: (MultiDim_3D_Histo)_(Bayesian)_(SMEAR=Smear)_(Q2_y_Bin_4)_(z_pT_Bin_20)_(MultiDim_z_pT_Bin_Y_bin_phi_t)[0m (Histo Num 40131)
[91mSkipping: (MultiDim_3D_Histo)_(Bayesian)_(SMEAR=Smear)_(Q2_y_Bin_4)_(z_pT_Bin_21)_(MultiDim_z_pT_Bin_Y_bin_phi_t)[0m (Histo Num 40132)
[91mSkipping: (MultiDim_3D_Histo)_(Bayesian)_(SMEAR=Smear)_(Q2_y_Bin_4)_(z_pT_Bin_22)_(MultiDim_z_pT_Bin_Y_bin_phi_t)[0m (Histo Num 40133)
[91mSkipping: (MultiDim_3D_Histo)_(Bayesian)_(SMEAR=Smear)_(Q2_y_Bin_4)_(z_pT_Bin_23)_(MultiDim_z_pT_Bin_Y_bin_phi_t)[0m (Histo Num 40134)
[91mSkipping: (MultiDim_3D_Histo)_(Bayesian)_(SMEAR=Smear)_(Q2_y_Bin_4)_(z_pT_Bin_25)_(MultiDim_z_pT_Bin_Y_bin_phi_t)[0m (Histo Num 40135)
[91mSkipping: (MultiDim_3D_Histo)_(Bayesian)_(SMEAR=Smear)_(Q2_y_Bin_4)_(z_pT_Bin_26)_(MultiDim_z_pT_Bin_Y_bin_phi_t)[0m (Histo Num 40136)
[91mSkipping: (MultiDim_3D_Histo)_(Bayesian)_(SMEAR=Smear)_(Q2_y_Bin_4)_(z_pT_Bin_27)_(MultiDim_z_pT_Bin_Y_bin_phi_t)[0m (Histo Num 40137)
[91mSkipping: (MultiDim_3D_Histo)_(Bayesian)_(SMEAR=Smear)_(Q2_y_Bin_4)_(z_pT_Bin_28)_(MultiDim_z_pT_Bin_Y_bin_phi_t)[0m (Histo Num 40138)
[91mSkipping: (MultiDim_3D_Histo)_(Bayesian)_(SMEAR=Smear)_(Q2_y_Bin_4)_(z_pT_Bin_29)_(MultiDim_z_pT_Bin_Y_bin_phi_t)[0m (Histo Num 40139)
[91mSkipping: (MultiDim_3D_Histo)_(Bayesian)_(SMEAR=Smear)_(Q2_y_Bin_4)_(z_pT_Bin_31)_(MultiDim_z_pT_Bin_Y_bin_phi_t)[0m (Histo Num 40140)
[91mSkipping: (MultiDim_3D_Histo)_(Bayesian)_(SMEAR=Smear)_(Q2_y_Bin_4)_(z_pT_Bin_32)_(MultiDim_z_pT_Bin_Y_bin_phi_t)[0m (Histo Num 40141)
[91mSkipping: (MultiDim_3D_Histo)_(Bayesian)_(SMEAR=Smear)_(Q2_y_Bin_4)_(z_pT_Bin_33)_(MultiDim_z_pT_Bin_Y_bin_phi_t)[0m (Histo Num 40142)
[91mSkipping: (MultiDim_3D_Histo)_(Bayesian)_(SMEAR=Smear)_(Q2_y_Bin_4)_(z_pT_Bin_34)_(MultiDim_z_pT_Bin_Y_bin_phi_t)[0m (Histo Num 40143)
[91mSkipping: (MultiDim_3D_Histo)_(Bayesian)_(SMEAR=Smear)_(Q2_y_Bin_9)_(z_pT_Bin_1)_(MultiDim_z_pT_Bin_Y_bin_phi_t)[0m (Histo Num 40177)
[91mSkipping: (MultiDim_3D_Histo)_(Bayesian)_(SMEAR=Smear)_(Q2_y_Bin_9)_(z_pT_Bin_2)_(MultiDim_z_pT_Bin_Y_bin_phi_t)[0m (Histo Num 40178)
[91mSkipping: (MultiDim_3D_Histo)_(Bayesian)_(SMEAR=Smear)_(Q2_y_Bin_9)_(z_pT_Bin_3)_(MultiDim_z_pT_Bin_Y_bin_phi_t)[0m (Histo Num 40179)
[91mSkipping: (MultiDim_3D_Histo)_(Bayesian)_(SMEAR=Smear)_(Q2_y_Bin_9)_(z_pT_Bin_4)_(MultiDim_z_pT_Bin_Y_bin_phi_t)[0m (Histo Num 40180)
[91mSkipping: (MultiDim_3D_Histo)_(Bayesian)_(SMEAR=Smear)_(Q2_y_Bin_9)_(z_pT_Bin_5)_(MultiDim_z_pT_Bin_Y_bin_phi_t)[0m (Histo Num 40181)
[91mSkipping: (MultiDim_3D_Histo)_(Bayesian)_(SMEAR=Smear)_(Q2_y_Bin_9)_(z_pT_Bin_6)_(MultiDim_z_pT_Bin_Y_bin_phi_t)[0m (Histo Num 40182)
[91mSkipping: (MultiDim_3D_Histo)_(Bayesian)_(SMEAR=Smear)_(Q2_y_Bin_9)_(z_pT_Bin_7)_(MultiDim_z_pT_Bin_Y_bin_phi_t)[0m (Histo Num 40183)
[91mSkipping: (MultiDim_3D_Histo)_(Bayesian)_(SMEAR=Smear)_(Q2_y_Bin_9)_(z_pT_Bin_8)_(MultiDim_z_pT_Bin_Y_bin_phi_t)[0m (Histo Num 40184)
[91mSkipping: (MultiDim_3D_Histo)_(Bayesian)_(SMEAR=Smear)_(Q2_y_Bin_9)_(z_pT_Bin_9)_(MultiDim_z_pT_Bin_Y_bin_phi_t)[0m (Histo Num 40185)
[91mSkipping: (MultiDim_3D_Histo)_(Bayesian)_(SMEAR=Smear)_(Q2_y_Bin_9)_(z_pT_Bin_10)_(MultiDim_z_pT_Bin_Y_bin_phi_t)[0m (Histo Num 40186)
[91mSkipping: (MultiDim_3D_Histo)_(Bayesian)_(SMEAR=Smear)_(Q2_y_Bin_9)_(z_pT_Bin_11)_(MultiDim_z_pT_Bin_Y_bin_phi_t)[0m (Histo Num 40187)
[91mSkipping: (MultiDim_3D_Histo)_(Bayesian)_(SMEAR=Smear)_(Q2_y_Bin_9)_(z_pT_Bin_12)_(MultiDim_z_pT_Bin_Y_bin_phi_t)[0m (Histo Num 40188)
[91mSkipping: (MultiDim_3D_Histo)_(Bayesian)_(SMEAR=Smear)_(Q2_y_Bin_9)_(z_pT_Bin_13)_(MultiDim_z_pT_Bin_Y_bin_phi_t)[0m (Histo Num 40189)
[91mSkipping: (MultiDim_3D_Histo)_(Bayesian)_(SMEAR=Smear)_(Q2_y_Bin_9)_(z_pT_Bin_14)_(MultiDim_z_pT_Bin_Y_bin_phi_t)[0m (Histo Num 40190)
[91mSkipping: (MultiDim_3D_Histo)_(Bayesian)_(SMEAR=Smear)_(Q2_y_Bin_9)_(z_pT_Bin_15)_(MultiDim_z_pT_Bin_Y_bin_phi_t)[0m (Histo Num 40191)
[91mSkipping: (MultiDim_3D_Histo)_(Bayesian)_(SMEAR=Smear)_(Q2_y_Bin_9)_(z_pT_Bin_16)_(MultiDim_z_pT_Bin_Y_bin_phi_t)[0m (Histo Num 40192)
[91mSkipping: (MultiDim_3D_Histo)_(Bayesian)_(SMEAR=Smear)_(Q2_y_Bin_9)_(z_pT_Bin_17)_(MultiDim_z_pT_Bin_Y_bin_phi_t)[0m (Histo Num 40193)
[91mSkipping: (MultiDim_3D_Histo)_(Bayesian)_(SMEAR=Smear)_(Q2_y_Bin_9)_(z_pT_Bin_18)_(MultiDim_z_pT_Bin_Y_bin_phi_t)[0m (Histo Num 40194)
[91mSkipping: (MultiDim_3D_Histo)_(Bayesian)_(SMEAR=Smear)_(Q2_y_Bin_9)_(z_pT_Bin_19)_(MultiDim_z_pT_Bin_Y_bin_phi_t)[0m (Histo Num 40195)
[91mSkipping: (MultiDim_3D_Histo)_(Bayesian)_(SMEAR=Smear)_(Q2_y_Bin_9)_(z_pT_Bin_20)_(MultiDim_z_pT_Bin_Y_bin_phi_t)[0m (Histo Num 40196)
[91mSkipping: (MultiDim_3D_Histo)_(Bayesian)_(SMEAR=Smear)_(Q2_y_Bin_9)_(z_pT_Bin_22)_(MultiDim_z_pT_Bin_Y_bin_phi_t)[0m (Histo Num 40197)
[91mSkipping: (MultiDim_3D_Histo)_(Bayesian)_(SMEAR=Smear)_(Q2_y_Bin_9)_(z_pT_Bin_23)_(MultiDim_z_pT_Bin_Y_bin_phi_t)[0m (Histo Num 40198)
[91mSkipping: (MultiDim_3D_Histo)_(Bayesian)_(SMEAR=Smear)_(Q2_y_Bin_9)_(z_pT_Bin_24)_(MultiDim_z_pT_Bin_Y_bin_phi_t)[0m (Histo Num 40199)
[91mSkipping: (MultiDim_3D_Histo)_(Bayesian)_(SMEAR=Smear)_(Q2_y_Bin_9)_(z_pT_Bin_25)_(MultiDim_z_pT_Bin_Y_bin_phi_t)[0m (Histo Num 40200)
[91mSkipping: (MultiDim_3D_Histo)_(Bayesian)_(SMEAR=Smear)_(Q2_y_Bin_9)_(z_pT_Bin_26)_(MultiDim_z_pT_Bin_Y_bin_phi_t)[0m (Histo Num 40201)
[91mSkipping: (MultiDim_3D_Histo)_(Bayesian)_(SMEAR=Smear)_(Q2_y_Bin_9)_(z_pT_Bin_29)_(MultiDim_z_pT_Bin_Y_bin_phi_t)[0m (Histo Num 40202)
[91mSkipping: (MultiDim_3D_Histo)_(Bayesian)_(SMEAR=Smear)_(Q2_y_Bin_9)_(z_pT_Bin_30)_(MultiDim_z_pT_Bin_Y_bin_phi_t)[0m (Histo Num 40203)
[91mSkipping: (MultiDim_3D_Histo)_(Bayesian)_(SMEAR=Smear)_(Q2_y_Bin_9)_(z_pT_Bin_31)_(MultiDim_z_pT_Bin_Y_bin_phi_t)[0m (Histo Num 40204)
[91mSkipping: (MultiDim_3D_Histo)_(Bayesian)_(SMEAR=Smear)_(Q2_y_Bin_9)_(z_pT_Bin_32)_(MultiDim_z_pT_Bin_Y_bin_phi_t)[0m (Histo Num 40205)
[91mSkipping: (MultiDim_3D_Histo)_(Bayesian)_(SMEAR=Smear)_(Q2_y_Bin_2)_(z_pT_Bin_1)_(MultiDim_z_pT_Bin_Y_bin_phi_t)[0m (Histo Num 40242)
[91mSkipping: (MultiDim_3D_Histo)_(Bayesian)_(SMEAR=Smear)_(Q2_y_Bin_2)_(z_pT_Bin_2)_(MultiDim_z_pT_Bin_Y_bin_phi_t)[0m (Histo Num 40243)
[91mSkipping: (MultiDim_3D_Histo)_(Bayesian)_(SMEAR=Smear)_(Q2_y_Bin_2)_(z_pT_Bin_3)_(MultiDim_z_pT_Bin_Y_bin_phi_t)[0m (Histo Num 40244)
[91mSkipping: (MultiDim_3D_Histo)_(Bayesian)_(SMEAR=Smear)_(Q2_y_Bin_2)_(z_pT_Bin_4)_(MultiDim_z_pT_Bin_Y_bin_phi_t)[0m (Histo Num 40245)
[91mSkipping: (MultiDim_3D_Histo)_(Bayesian)_(SMEAR=Smear)_(Q2_y_Bin_2)_(z_pT_Bin_5)_(MultiDim_z_pT_Bin_Y_bin_phi_t)[0m (Histo Num 40246)
[91mSkipping: (MultiDim_3D_Histo)_(Bayesian)_(SMEAR=Smear)_(Q2_y_Bin_2)_(z_pT_Bin_6)_(MultiDim_z_pT_Bin_Y_bin_phi_t)[0m (Histo Num 40247)
[91mSkipping: (MultiDim_3D_Histo)_(Bayesian)_(SMEAR=Smear)_(Q2_y_Bin_2)_(z_pT_Bin_7)_(MultiDim_z_pT_Bin_Y_bin_phi_t)[0m (Histo Num 40248)
[91mSkipping: (MultiDim_3D_Histo)_(Bayesian)_(SMEAR=Smear)_(Q2_y_Bin_2)_(z_pT_Bin_8)_(MultiDim_z_pT_Bin_Y_bin_phi_t)[0m (Histo Num 40249)
[91mSkipping: (MultiDim_3D_Histo)_(Bayesian)_(SMEAR=Smear)_(Q2_y_Bin_2)_(z_pT_Bin_9)_(MultiDim_z_pT_Bin_Y_bin_phi_t)[0m (Histo Num 40250)
[91mSkipping: (MultiDim_3D_Histo)_(Bayesian)_(SMEAR=Smear)_(Q2_y_Bin_2)_(z_pT_Bin_10)_(MultiDim_z_pT_Bin_Y_bin_phi_t)[0m (Histo Num 40251)
[91mSkipping: (MultiDim_3D_Histo)_(Bayesian)_(SMEAR=Smear)_(Q2_y_Bin_2)_(z_pT_Bin_11)_(MultiDim_z_pT_Bin_Y_bin_phi_t)[0m (Histo Num 40252)
[91mSkipping: (MultiDim_3D_Histo)_(Bayesian)_(SMEAR=Smear)_(Q2_y_Bin_2)_(z_pT_Bin_12)_(MultiDim_z_pT_Bin_Y_bin_phi_t)[0m (Histo Num 40253)
[91mSkipping: (MultiDim_3D_Histo)_(Bayesian)_(SMEAR=Smear)_(Q2_y_Bin_2)_(z_pT_Bin_13)_(MultiDim_z_pT_Bin_Y_bin_phi_t)[0m (Histo Num 40254)
[91mSkipping: (MultiDim_3D_Histo)_(Bayesian)_(SMEAR=Smear)_(Q2_y_Bin_2)_(z_pT_Bin_14)_(MultiDim_z_pT_Bin_Y_bin_phi_t)[0m (Histo Num 40255)
[91mSkipping: (MultiDim_3D_Histo)_(Bayesian)_(SMEAR=Smear)_(Q2_y_Bin_2)_(z_pT_Bin_15)_(MultiDim_z_pT_Bin_Y_bin_phi_t)[0m (Histo Num 40256)
[91mSkipping: (MultiDim_3D_Histo)_(Bayesian)_(SMEAR=Smear)_(Q2_y_Bin_2)_(z_pT_Bin_16)_(MultiDim_z_pT_Bin_Y_bin_phi_t)[0m (Histo Num 40257)
[91mSkipping: (MultiDim_3D_Histo)_(Bayesian)_(SMEAR=Smear)_(Q2_y_Bin_2)_(z_pT_Bin_17)_(MultiDim_z_pT_Bin_Y_bin_phi_t)[0m (Histo Num 40258)
[91mSkipping: (MultiDim_3D_Histo)_(Bayesian)_(SMEAR=Smear)_(Q2_y_Bin_2)_(z_pT_Bin_18)_(MultiDim_z_pT_Bin_Y_bin_phi_t)[0m (Histo Num 40259)
[91mSkipping: (MultiDim_3D_Histo)_(Bayesian)_(SMEAR=Smear)_(Q2_y_Bin_2)_(z_pT_Bin_19)_(MultiDim_z_pT_Bin_Y_bin_phi_t)[0m (Histo Num 40260)
[91mSkipping: (MultiDim_3D_Histo)_(Bayesian)_(SMEAR=Smear)_(Q2_y_Bin_2)_(z_pT_Bin_20)_(MultiDim_z_pT_Bin_Y_bin_phi_t)[0m (Histo Num 40261)
[91mSkipping: (MultiDim_3D_Histo)_(Bayesian)_(SMEAR=Smear)_(Q2_y_Bin_2)_(z_pT_Bin_21)_(MultiDim_z_pT_Bin_Y_bin_phi_t)[0m (Histo Num 40262)
[91mSkipping: (MultiDim_3D_Histo)_(Bayesian)_(SMEAR=Smear)_(Q2_y_Bin_2)_(z_pT_Bin_22)_(MultiDim_z_pT_Bin_Y_bin_phi_t)[0m (Histo Num 40263)
[91mSkipping: (MultiDim_3D_Histo)_(Bayesian)_(SMEAR=Smear)_(Q2_y_Bin_2)_(z_pT_Bin_23)_(MultiDim_z_pT_Bin_Y_bin_phi_t)[0m (Histo Num 40264)
[91mSkipping: (MultiDim_3D_Histo)_(Bayesian)_(SMEAR=Smear)_(Q2_y_Bin_2)_(z_pT_Bin_25)_(MultiDim_z_pT_Bin_Y_bin_phi_t)[0m (Histo Num 40265)
[91mSkipping: (MultiDim_3D_Histo)_(Bayesian)_(SMEAR=Smear)_(Q2_y_Bin_2)_(z_pT_Bin_26)_(MultiDim_z_pT_Bin_Y_bin_phi_t)[0m (Histo Num 40266)
[91mSkipping: (MultiDim_3D_Histo)_(Bayesian)_(SMEAR=Smear)_(Q2_y_Bin_2)_(z_pT_Bin_27)_(MultiDim_z_pT_Bin_Y_bin_phi_t)[0m (Histo Num 40267)
[91mSkipping: (MultiDim_3D_Histo)_(Bayesian)_(SMEAR=Smear)_(Q2_y_Bin_2)_(z_pT_Bin_28)_(MultiDim_z_pT_Bin_Y_bin_phi_t)[0m (Histo Num 40268)
[91mSkipping: (MultiDim_3D_Histo)_(Bayesian)_(SMEAR=Smear)_(Q2_y_Bin_2)_(z_pT_Bin_29)_(MultiDim_z_pT_Bin_Y_bin_phi_t)[0m (Histo Num 40269)
[91mSkipping: (MultiDim_3D_Histo)_(Bayesian)_(SMEAR=Smear)_(Q2_y_Bin_2)_(z_pT_Bin_31)_(MultiDim_z_pT_Bin_Y_bin_phi_t)[0m (Histo Num 40270)
[91mSkipping: (MultiDim_3D_Histo)_(Bayesian)_(SMEAR=Smear)_(Q2_y_Bin_2)_(z_pT_Bin_32)_(MultiDim_z_pT_Bin_Y_bin_phi_t)[0m (Histo Num 40271)
[91mSkipping: (MultiDim_3D_Histo)_(Bayesian)_(SMEAR=Smear)_(Q2_y_Bin_2)_(z_pT_Bin_33)_(MultiDim_z_pT_Bin_Y_bin_phi_t)[0m (Histo Num 40272)
[91mSkipping: (MultiDim_3D_Histo)_(Bayesian)_(SMEAR=Smear)_(Q2_y_Bin_2)_(z_pT_Bin_34)_(MultiDim_z_pT_Bin_Y_bin_phi_t)[0m (Histo Num 40273)
[91mSkipping: (MultiDim_3D_Histo)_(Bayesian)_(SMEAR=Smear)_(Q2_y_Bin_3)_(z_pT_Bin_1)_(MultiDim_z_pT_Bin_Y_bin_phi_t)[0m (Histo Num 40306)
[91mSkipping: (MultiDim_3D_Histo)_(Bayesian)_(SMEAR=Smear)_(Q2_y_Bin_3)_(z_pT_Bin_2)_(MultiDim_z_pT_Bin_Y_bin_phi_t)[0m (Histo Num 40307)
[91mSkipping: (MultiDim_3D_Histo)_(Bayesian)_(SMEAR=Smear)_(Q2_y_Bin_3)_(z_pT_Bin_3)_(MultiDim_z_pT_Bin_Y_bin_phi_t)[0m (Histo Num 40308)
[91mSkipping: (MultiDim_3D_Histo)_(Bayesian)_(SMEAR=Smear)_(Q2_y_Bin_3)_(z_pT_Bin_4)_(MultiDim_z_pT_Bin_Y_bin_phi_t)[0m (Histo Num 40309)
[91mSkipping: (MultiDim_3D_Histo)_(Bayesian)_(SMEAR=Smear)_(Q2_y_Bin_3)_(z_pT_Bin_5)_(MultiDim_z_pT_Bin_Y_bin_phi_t)[0m (Histo Num 40310)
[91mSkipping: (MultiDim_3D_Histo)_(Bayesian)_(SMEAR=Smear)_(Q2_y_Bin_3)_(z_pT_Bin_7)_(MultiDim_z_pT_Bin_Y_bin_phi_t)[0m (Histo Num 40311)
[91mSkipping: (MultiDim_3D_Histo)_(Bayesian)_(SMEAR=Smear)_(Q2_y_Bin_3)_(z_pT_Bin_8)_(MultiDim_z_pT_Bin_Y_bin_phi_t)[0m (Histo Num 40312)
[91mSkipping: (MultiDim_3D_Histo)_(Bayesian)_(SMEAR=Smear)_(Q2_y_Bin_3)_(z_pT_Bin_9)_(MultiDim_z_pT_Bin_Y_bin_phi_t)[0m (Histo Num 40313)
[91mSkipping: (MultiDim_3D_Histo)_(Bayesian)_(SMEAR=Smear)_(Q2_y_Bin_3)_(z_pT_Bin_10)_(MultiDim_z_pT_Bin_Y_bin_phi_t)[0m (Histo Num 40314)
[91mSkipping: (MultiDim_3D_Histo)_(Bayesian)_(SMEAR=Smear)_(Q2_y_Bin_3)_(z_pT_Bin_11)_(MultiDim_z_pT_Bin_Y_bin_phi_t)[0m (Histo Num 40315)
[91mSkipping: (MultiDim_3D_Histo)_(Bayesian)_(SMEAR=Smear)_(Q2_y_Bin_3)_(z_pT_Bin_12)_(MultiDim_z_pT_Bin_Y_bin_phi_t)[0m (Histo Num 40316)
[91mSkipping: (MultiDim_3D_Histo)_(Bayesian)_(SMEAR=Smear)_(Q2_y_Bin_3)_(z_pT_Bin_13)_(MultiDim_z_pT_Bin_Y_bin_phi_t)[0m (Histo Num 40317)
[91mSkipping: (MultiDim_3D_Histo)_(Bayesian)_(SMEAR=Smear)_(Q2_y_Bin_3)_(z_pT_Bin_14)_(MultiDim_z_pT_Bin_Y_bin_phi_t)[0m (Histo Num 40318)
[91mSkipping: (MultiDim_3D_Histo)_(Bayesian)_(SMEAR=Smear)_(Q2_y_Bin_3)_(z_pT_Bin_15)_(MultiDim_z_pT_Bin_Y_bin_phi_t)[0m (Histo Num 40319)
[91mSkipping: (MultiDim_3D_Histo)_(Bayesian)_(SMEAR=Smear)_(Q2_y_Bin_3)_(z_pT_Bin_16)_(MultiDim_z_pT_Bin_Y_bin_phi_t)[0m (Histo Num 40320)
[91mSkipping: (MultiDim_3D_Histo)_(Bayesian)_(SMEAR=Smear)_(Q2_y_Bin_3)_(z_pT_Bin_17)_(MultiDim_z_pT_Bin_Y_bin_phi_t)[0m (Histo Num 40321)
[91mSkipping: (MultiDim_3D_Histo)_(Bayesian)_(SMEAR=Smear)_(Q2_y_Bin_3)_(z_pT_Bin_18)_(MultiDim_z_pT_Bin_Y_bin_phi_t)[0m (Histo Num 40322)
[91mSkipping: (MultiDim_3D_Histo)_(Bayesian)_(SMEAR=Smear)_(Q2_y_Bin_3)_(z_pT_Bin_19)_(MultiDim_z_pT_Bin_Y_bin_phi_t)[0m (Histo Num 40323)
[91mSkipping: (MultiDim_3D_Histo)_(Bayesian)_(SMEAR=Smear)_(Q2_y_Bin_3)_(z_pT_Bin_20)_(MultiDim_z_pT_Bin_Y_bin_phi_t)[0m (Histo Num 40324)
[91mSkipping: (MultiDim_3D_Histo)_(Bayesian)_(SMEAR=Smear)_(Q2_y_Bin_3)_(z_pT_Bin_21)_(MultiDim_z_pT_Bin_Y_bin_phi_t)[0m (Histo Num 40325)
[91mSkipping: (MultiDim_3D_Histo)_(Bayesian)_(SMEAR=Smear)_(Q2_y_Bin_3)_(z_pT_Bin_22)_(MultiDim_z_pT_Bin_Y_bin_phi_t)[0m (Histo Num 40326)
[91mSkipping: (MultiDim_3D_Histo)_(Bayesian)_(SMEAR=Smear)_(Q2_y_Bin_3)_(z_pT_Bin_23)_(MultiDim_z_pT_Bin_Y_bin_phi_t)[0m (Histo Num 40327)
[91mSkipping: (MultiDim_3D_Histo)_(Bayesian)_(SMEAR=Smear)_(Q2_y_Bin_3)_(z_pT_Bin_24)_(MultiDim_z_pT_Bin_Y_bin_phi_t)[0m (Histo Num 40328)
[91mSkipping: (MultiDim_3D_Histo)_(Bayesian)_(SMEAR=Smear)_(Q2_y_Bin_3)_(z_pT_Bin_25)_(MultiDim_z_pT_Bin_Y_bin_phi_t)[0m (Histo Num 40329)
[91mSkipping: (MultiDim_3D_Histo)_(Bayesian)_(SMEAR=Smear)_(Q2_y_Bin_3)_(z_pT_Bin_26)_(MultiDim_z_pT_Bin_Y_bin_phi_t)[0m (Histo Num 40330)
[91mSkipping: (MultiDim_3D_Histo)_(Bayesian)_(SMEAR=Smear)_(Q2_y_Bin_3)_(z_pT_Bin_27)_(MultiDim_z_pT_Bin_Y_bin_phi_t)[0m (Histo Num 40331)
[91mSkipping: (MultiDim_3D_Histo)_(Bayesian)_(SMEAR=Smear)_(Q2_y_Bin_3)_(z_pT_Bin_28)_(MultiDim_z_pT_Bin_Y_bin_phi_t)[0m (Histo Num 40332)
[91mSkipping: (MultiDim_3D_Histo)_(Bayesian)_(SMEAR=Smear)_(Q2_y_Bin_3)_(z_pT_Bin_29)_(MultiDim_z_pT_Bin_Y_bin_phi_t)[0m (Histo Num 40333)
[91mSkipping: (MultiDim_3D_Histo)_(Bayesian)_(SMEAR=Smear)_(Q2_y_Bin_8)_(z_pT_Bin_6)_(MultiDim_z_pT_Bin_Y_bin_phi_t)[0m (Histo Num 40367)
[91mSkipping: (MultiDim_3D_Histo)_(Bayesian)_(SMEAR=Smear)_(Q2_y_Bin_8)_(z_pT_Bin_7)_(MultiDim_z_pT_Bin_Y_bin_phi_t)[0m (Histo Num 40368)
[91mSkipping: (MultiDim_3D_Histo)_(Bayesian)_(SMEAR=Smear)_(Q2_y_Bin_8)_(z_pT_Bin_8)_(MultiDim_z_pT_Bin_Y_bin_phi_t)[0m (Histo Num 40369)
[91mSkipping: (MultiDim_3D_Histo)_(Bayesian)_(SMEAR=Smear)_(Q2_y_Bin_8)_(z_pT_Bin_9)_(MultiDim_z_pT_Bin_Y_bin_phi_t)[0m (Histo Num 40370)
[91mSkipping: (MultiDim_3D_Histo)_(Bayesian)_(SMEAR=Smear)_(Q2_y_Bin_8)_(z_pT_Bin_10)_(MultiDim_z_pT_Bin_Y_bin_phi_t)[0m (Histo Num 40371)
[91mSkipping: (MultiDim_3D_Histo)_(Bayesian)_(SMEAR=Smear)_(Q2_y_Bin_8)_(z_pT_Bin_11)_(MultiDim_z_pT_Bin_Y_bin_phi_t)[0m (Histo Num 40372)
[91mSkipping: (MultiDim_3D_Histo)_(Bayesian)_(SMEAR=Smear)_(Q2_y_Bin_8)_(z_pT_Bin_12)_(MultiDim_z_pT_Bin_Y_bin_phi_t)[0m (Histo Num 40373)
[91mSkipping: (MultiDim_3D_Histo)_(Bayesian)_(SMEAR=Smear)_(Q2_y_Bin_8)_(z_pT_Bin_13)_(MultiDim_z_pT_Bin_Y_bin_phi_t)[0m (Histo Num 40374)
[91mSkipping: (MultiDim_3D_Histo)_(Bayesian)_(SMEAR=Smear)_(Q2_y_Bin_8)_(z_pT_Bin_14)_(MultiDim_z_pT_Bin_Y_bin_phi_t)[0m (Histo Num 40375)
[91mSkipping: (MultiDim_3D_Histo)_(Bayesian)_(SMEAR=Smear)_(Q2_y_Bin_8)_(z_pT_Bin_15)_(MultiDim_z_pT_Bin_Y_bin_phi_t)[0m (Histo Num 40376)
[91mSkipping: (MultiDim_3D_Histo)_(Bayesian)_(SMEAR=Smear)_(Q2_y_Bin_8)_(z_pT_Bin_16)_(MultiDim_z_pT_Bin_Y_bin_phi_t)[0m (Histo Num 40377)
[91mSkipping: (MultiDim_3D_Histo)_(Bayesian)_(SMEAR=Smear)_(Q2_y_Bin_8)_(z_pT_Bin_17)_(MultiDim_z_pT_Bin_Y_bin_phi_t)[0m (Histo Num 40378)
[91mSkipping: (MultiDim_3D_Histo)_(Bayesian)_(SMEAR=Smear)_(Q2_y_Bin_8)_(z_pT_Bin_18)_(MultiDim_z_pT_Bin_Y_bin_phi_t)[0m (Histo Num 40379)
[91mSkipping: (MultiDim_3D_Histo)_(Bayesian)_(SMEAR=Smear)_(Q2_y_Bin_8)_(z_pT_Bin_19)_(MultiDim_z_pT_Bin_Y_bin_phi_t)[0m (Histo Num 40380)
[91mSkipping: (MultiDim_3D_Histo)_(Bayesian)_(SMEAR=Smear)_(Q2_y_Bin_8)_(z_pT_Bin_20)_(MultiDim_z_pT_Bin_Y_bin_phi_t)[0m (Histo Num 40381)
[91mSkipping: (MultiDim_3D_Histo)_(Bayesian)_(SMEAR=Smear)_(Q2_y_Bin_8)_(z_pT_Bin_21)_(MultiDim_z_pT_Bin_Y_bin_phi_t)[0m (Histo Num 40382)
[91mSkipping: (MultiDim_3D_Histo)_(Bayesian)_(SMEAR=Smear)_(Q2_y_Bin_8)_(z_pT_Bin_22)_(MultiDim_z_pT_Bin_Y_bin_phi_t)[0m (Histo Num 40383)
[91mSkipping: (MultiDim_3D_Histo)_(Bayesian)_(SMEAR=Smear)_(Q2_y_Bin_8)_(z_pT_Bin_23)_(MultiDim_z_pT_Bin_Y_bin_phi_t)[0m (Histo Num 40384)
[91mSkipping: (MultiDim_3D_Histo)_(Bayesian)_(SMEAR=Smear)_(Q2_y_Bin_8)_(z_pT_Bin_24)_(MultiDim_z_pT_Bin_Y_bin_phi_t)[0m (Histo Num 40385)
[91mSkipping: (MultiDim_3D_Histo)_(Bayesian)_(SMEAR=Smear)_(Q2_y_Bin_8)_(z_pT_Bin_25)_(MultiDim_z_pT_Bin_Y_bin_phi_t)[0m (Histo Num 40386)
[91mSkipping: (MultiDim_3D_Histo)_(Bayesian)_(SMEAR=Smear)_(Q2_y_Bin_8)_(z_pT_Bin_26)_(MultiDim_z_pT_Bin_Y_bin_phi_t)[0m (Histo Num 40387)
[91mSkipping: (MultiDim_3D_Histo)_(Bayesian)_(SMEAR=Smear)_(Q2_y_Bin_8)_(z_pT_Bin_27)_(MultiDim_z_pT_Bin_Y_bin_phi_t)[0m (Histo Num 40388)
[91mSkipping: (MultiDim_3D_Histo)_(Bayesian)_(SMEAR=Smear)_(Q2_y_Bin_8)_(z_pT_Bin_28)_(MultiDim_z_pT_Bin_Y_bin_phi_t)[0m (Histo Num 40389)
[91mSkipping: (MultiDim_3D_Histo)_(Bayesian)_(SMEAR=Smear)_(Q2_y_Bin_8)_(z_pT_Bin_29)_(MultiDim_z_pT_Bin_Y_bin_phi_t)[0m (Histo Num 40390)
[91mSkipping: (MultiDim_3D_Histo)_(Bayesian)_(SMEAR=Smear)_(Q2_y_Bin_8)_(z_pT_Bin_30)_(MultiDim_z_pT_Bin_Y_bin_phi_t)[0m (Histo Num 40391)
[91mSkipping: (MultiDim_3D_Histo)_(Bayesian)_(SMEAR=Smear)_(Q2_y_Bin_8)_(z_pT_Bin_31)_(MultiDim_z_pT_Bin_Y_bin_phi_t)[0m (Histo Num 40392)
[91mSkipping: (MultiDim_3D_Histo)_(Bayesian)_(SMEAR=Smear)_(Q2_y_Bin_8)_(z_pT_Bin_32)_(MultiDim_z_pT_Bin_Y_bin_phi_t)[0m (Histo Num 40393)
[91mSkipping: (MultiDim_3D_Histo)_(Bayesian)_(SMEAR=Smear)_(Q2_y_Bin_8)_(z_pT_Bin_33)_(MultiDim_z_pT_Bin_Y_bin_phi_t)[0m (Histo Num 40394)
[91mSkipping: (MultiDim_3D_Histo)_(Bayesian)_(SMEAR=Smear)_(Q2_y_Bin_8)_(z_pT_Bin_34)_(MultiDim_z_pT_Bin_Y_bin_phi_t)[0m (Histo Num 40395)
[91mSkipping: (MultiDim_3D_Histo)_(Bayesian)_(SMEAR=Smear)_(Q2_y_Bin_1)_(z_pT_Bin_1)_(MultiDim_z_pT_Bin_Y_bin_phi_t)[0m (Histo Num 40429)
[91mSkipping: (MultiDim_3D_Histo)_(Bayesian)_(SMEAR=Smear)_(Q2_y_Bin_1)_(z_pT_Bin_2)_(MultiDim_z_pT_Bin_Y_bin_phi_t)[0m (Histo Num 40430)
[91mSkipping: (MultiDim_3D_Histo)_(Bayesian)_(SMEAR=Smear)_(Q2_y_Bin_1)_(z_pT_Bin_3)_(MultiDim_z_pT_Bin_Y_bin_phi_t)[0m (Histo Num 40431)
[91mSkipping: (MultiDim_3D_Histo)_(Bayesian)_(SMEAR=Smear)_(Q2_y_Bin_1)_(z_pT_Bin_4)_(MultiDim_z_pT_Bin_Y_bin_phi_t)[0m (Histo Num 40432)
[91mSkipping: (MultiDim_3D_Histo)_(Bayesian)_(SMEAR=Smear)_(Q2_y_Bin_1)_(z_pT_Bin_5)_(MultiDim_z_pT_Bin_Y_bin_phi_t)[0m (Histo Num 40433)
[91mSkipping: (MultiDim_3D_Histo)_(Bayesian)_(SMEAR=Smear)_(Q2_y_Bin_1)_(z_pT_Bin_6)_(MultiDim_z_pT_Bin_Y_bin_phi_t)[0m (Histo Num 40434)
[91mSkipping: (MultiDim_3D_Histo)_(Bayesian)_(SMEAR=Smear)_(Q2_y_Bin_1)_(z_pT_Bin_7)_(MultiDim_z_pT_Bin_Y_bin_phi_t)[0m (Histo Num 40435)
[91mSkipping: (MultiDim_3D_Histo)_(Bayesian)_(SMEAR=Smear)_(Q2_y_Bin_1)_(z_pT_Bin_8)_(MultiDim_z_pT_Bin_Y_bin_phi_t)[0m (Histo Num 40436)
[91mSkipping: (MultiDim_3D_Histo)_(Bayesian)_(SMEAR=Smear)_(Q2_y_Bin_1)_(z_pT_Bin_9)_(MultiDim_z_pT_Bin_Y_bin_phi_t)[0m (Histo Num 40437)
[91mSkipping: (MultiDim_3D_Histo)_(Bayesian)_(SMEAR=Smear)_(Q2_y_Bin_1)_(z_pT_Bin_10)_(MultiDim_z_pT_Bin_Y_bin_phi_t)[0m (Histo Num 40438)
[91mSkipping: (MultiDim_3D_Histo)_(Bayesian)_(SMEAR=Smear)_(Q2_y_Bin_1)_(z_pT_Bin_11)_(MultiDim_z_pT_Bin_Y_bin_phi_t)[0m (Histo Num 40439)
[91mSkipping: (MultiDim_3D_Histo)_(Bayesian)_(SMEAR=Smear)_(Q2_y_Bin_1)_(z_pT_Bin_12)_(MultiDim_z_pT_Bin_Y_bin_phi_t)[0m (Histo Num 40440)
[91mSkipping: (MultiDim_3D_Histo)_(Bayesian)_(SMEAR=Smear)_(Q2_y_Bin_1)_(z_pT_Bin_13)_(MultiDim_z_pT_Bin_Y_bin_phi_t)[0m (Histo Num 40441)
[91mSkipping: (MultiDim_3D_Histo)_(Bayesian)_(SMEAR=Smear)_(Q2_y_Bin_1)_(z_pT_Bin_14)_(MultiDim_z_pT_Bin_Y_bin_phi_t)[0m (Histo Num 40442)
[91mSkipping: (MultiDim_3D_Histo)_(Bayesian)_(SMEAR=Smear)_(Q2_y_Bin_1)_(z_pT_Bin_15)_(MultiDim_z_pT_Bin_Y_bin_phi_t)[0m (Histo Num 40443)
[91mSkipping: (MultiDim_3D_Histo)_(Bayesian)_(SMEAR=Smear)_(Q2_y_Bin_1)_(z_pT_Bin_16)_(MultiDim_z_pT_Bin_Y_bin_phi_t)[0m (Histo Num 40444)
[91mSkipping: (MultiDim_3D_Histo)_(Bayesian)_(SMEAR=Smear)_(Q2_y_Bin_1)_(z_pT_Bin_17)_(MultiDim_z_pT_Bin_Y_bin_phi_t)[0m (Histo Num 40445)
[91mSkipping: (MultiDim_3D_Histo)_(Bayesian)_(SMEAR=Smear)_(Q2_y_Bin_1)_(z_pT_Bin_18)_(MultiDim_z_pT_Bin_Y_bin_phi_t)[0m (Histo Num 40446)
[91mSkipping: (MultiDim_3D_Histo)_(Bayesian)_(SMEAR=Smear)_(Q2_y_Bin_1)_(z_pT_Bin_19)_(MultiDim_z_pT_Bin_Y_bin_phi_t)[0m (Histo Num 40447)
[91mSkipping: (MultiDim_3D_Histo)_(Bayesian)_(SMEAR=Smear)_(Q2_y_Bin_1)_(z_pT_Bin_20)_(MultiDim_z_pT_Bin_Y_bin_phi_t)[0m (Histo Num 40448)
[91mSkipping: (MultiDim_3D_Histo)_(Bayesian)_(SMEAR=Smear)_(Q2_y_Bin_1)_(z_pT_Bin_22)_(MultiDim_z_pT_Bin_Y_bin_phi_t)[0m (Histo Num 40449)
[91mSkipping: (MultiDim_3D_Histo)_(Bayesian)_(SMEAR=Smear)_(Q2_y_Bin_1)_(z_pT_Bin_23)_(MultiDim_z_pT_Bin_Y_bin_phi_t)[0m (Histo Num 40450)
[91mSkipping: (MultiDim_3D_Histo)_(Bayesian)_(SMEAR=Smear)_(Q2_y_Bin_1)_(z_pT_Bin_24)_(MultiDim_z_pT_Bin_Y_bin_phi_t)[0m (Histo Num 40451)
[91mSkipping: (MultiDim_3D_Histo)_(Bayesian)_(SMEAR=Smear)_(Q2_y_Bin_1)_(z_pT_Bin_25)_(MultiDim_z_pT_Bin_Y_bin_phi_t)[0m (Histo Num 40452)
[91mSkipping: (MultiDim_3D_Histo)_(Bayesian)_(SMEAR=Smear)_(Q2_y_Bin_1)_(z_pT_Bin_26)_(MultiDim_z_pT_Bin_Y_bin_phi_t)[0m (Histo Num 40453)
[91mSkipping: (MultiDim_3D_Histo)_(Bayesian)_(SMEAR=Smear)_(Q2_y_Bin_1)_(z_pT_Bin_29)_(MultiDim_z_pT_Bin_Y_bin_phi_t)[0m (Histo Num 40454)
[91mSkipping: (MultiDim_3D_Histo)_(Bayesian)_(SMEAR=Smear)_(Q2_y_Bin_1)_(z_pT_Bin_30)_(MultiDim_z_pT_Bin_Y_bin_phi_t)[0m (Histo Num 40455)
[91mSkipping: (MultiDim_3D_Histo)_(Bayesian)_(SMEAR=Smear)_(Q2_y_Bin_1)_(z_pT_Bin_31)_(MultiDim_z_pT_Bin_Y_bin_phi_t)[0m (Histo Num 40456)
[91mSkipping: (MultiDim_3D_Histo)_(Bayesian)_(SMEAR=Smear)_(Q2_y_Bin_1)_(z_pT_Bin_32)_(MultiDim_z_pT_Bin_Y_bin_phi_t)[0m (Histo Num 40457)
[91mSkipping: (MultiDim_3D_Histo)_(Bayesian)_(SMEAR=Smear)_(Q2_y_Bin_5)_(z_pT_Bin_1)_(MultiDim_z_pT_Bin_Y_bin_phi_t)[0m (Histo Num 40494)
[91mSkipping: (MultiDim_3D_Histo)_(Bayesian)_(SMEAR=Smear)_(Q2_y_Bin_5)_(z_pT_Bin_2)_(MultiDim_z_pT_Bin_Y_bin_phi_t)[0m (Histo Num 40495)
[91mSkipping: (MultiDim_3D_Histo)_(Bayesian)_(SMEAR=Smear)_(Q2_y_Bin_5)_(z_pT_Bin_3)_(MultiDim_z_pT_Bin_Y_bin_phi_t)[0m (Histo Num 40496)
[91mSkipping: (MultiDim_3D_Histo)_(Bayesian)_(SMEAR=Smear)_(Q2_y_Bin_5)_(z_pT_Bin_4)_(MultiDim_z_pT_Bin_Y_bin_phi_t)[0m (Histo Num 40497)
[91mSkipping: (MultiDim_3D_Histo)_(Bayesian)_(SMEAR=Smear)_(Q2_y_Bin_5)_(z_pT_Bin_5)_(MultiDim_z_pT_Bin_Y_bin_phi_t)[0m (Histo Num 40498)
[91mSkipping: (MultiDim_3D_Histo)_(Bayesian)_(SMEAR=Smear)_(Q2_y_Bin_5)_(z_pT_Bin_6)_(MultiDim_z_pT_Bin_Y_bin_phi_t)[0m (Histo Num 40499)
[91mSkipping: (MultiDim_3D_Histo)_(Bayesian)_(SMEAR=Smear)_(Q2_y_Bin_5)_(z_pT_Bin_7)_(MultiDim_z_pT_Bin_Y_bin_phi_t)[0m (Histo Num 40500)
[91mSkipping: (MultiDim_3D_Histo)_(Bayesian)_(SMEAR=Smear)_(Q2_y_Bin_5)_(z_pT_Bin_8)_(MultiDim_z_pT_Bin_Y_bin_phi_t)[0m (Histo Num 40501)
[91mSkipping: (MultiDim_3D_Histo)_(Bayesian)_(SMEAR=Smear)_(Q2_y_Bin_5)_(z_pT_Bin_9)_(MultiDim_z_pT_Bin_Y_bin_phi_t)[0m (Histo Num 40502)
[91mSkipping: (MultiDim_3D_Histo)_(Bayesian)_(SMEAR=Smear)_(Q2_y_Bin_5)_(z_pT_Bin_10)_(MultiDim_z_pT_Bin_Y_bin_phi_t)[0m (Histo Num 40503)
[91mSkipping: (MultiDim_3D_Histo)_(Bayesian)_(SMEAR=Smear)_(Q2_y_Bin_5)_(z_pT_Bin_11)_(MultiDim_z_pT_Bin_Y_bin_phi_t)[0m (Histo Num 40504)
[91mSkipping: (MultiDim_3D_Histo)_(Bayesian)_(SMEAR=Smear)_(Q2_y_Bin_5)_(z_pT_Bin_12)_(MultiDim_z_pT_Bin_Y_bin_phi_t)[0m (Histo Num 40505)
[91mSkipping: (MultiDim_3D_Histo)_(Bayesian)_(SMEAR=Smear)_(Q2_y_Bin_5)_(z_pT_Bin_13)_(MultiDim_z_pT_Bin_Y_bin_phi_t)[0m (Histo Num 40506)
[91mSkipping: (MultiDim_3D_Histo)_(Bayesian)_(SMEAR=Smear)_(Q2_y_Bin_5)_(z_pT_Bin_14)_(MultiDim_z_pT_Bin_Y_bin_phi_t)[0m (Histo Num 40507)
[91mSkipping: (MultiDim_3D_Histo)_(Bayesian)_(SMEAR=Smear)_(Q2_y_Bin_5)_(z_pT_Bin_15)_(MultiDim_z_pT_Bin_Y_bin_phi_t)[0m (Histo Num 40508)
[91mSkipping: (MultiDim_3D_Histo)_(Bayesian)_(SMEAR=Smear)_(Q2_y_Bin_5)_(z_pT_Bin_16)_(MultiDim_z_pT_Bin_Y_bin_phi_t)[0m (Histo Num 40509)
[91mSkipping: (MultiDim_3D_Histo)_(Bayesian)_(SMEAR=Smear)_(Q2_y_Bin_5)_(z_pT_Bin_17)_(MultiDim_z_pT_Bin_Y_bin_phi_t)[0m (Histo Num 40510)
[91mSkipping: (MultiDim_3D_Histo)_(Bayesian)_(SMEAR=Smear)_(Q2_y_Bin_5)_(z_pT_Bin_18)_(MultiDim_z_pT_Bin_Y_bin_phi_t)[0m (Histo Num 40511)
[91mSkipping: (MultiDim_3D_Histo)_(Bayesian)_(SMEAR=Smear)_(Q2_y_Bin_5)_(z_pT_Bin_19)_(MultiDim_z_pT_Bin_Y_bin_phi_t)[0m (Histo Num 40512)
[91mSkipping: (MultiDim_3D_Histo)_(Bayesian)_(SMEAR=Smear)_(Q2_y_Bin_5)_(z_pT_Bin_20)_(MultiDim_z_pT_Bin_Y_bin_phi_t)[0m (Histo Num 40513)
[91mSkipping: (MultiDim_3D_Histo)_(Bayesian)_(SMEAR=Smear)_(Q2_y_Bin_5)_(z_pT_Bin_21)_(MultiDim_z_pT_Bin_Y_bin_phi_t)[0m (Histo Num 40514)
[91mSkipping: (MultiDim_3D_Histo)_(Bayesian)_(SMEAR=Smear)_(Q2_y_Bin_5)_(z_pT_Bin_22)_(MultiDim_z_pT_Bin_Y_bin_phi_t)[0m (Histo Num 40515)
[91mSkipping: (MultiDim_3D_Histo)_(Bayesian)_(SMEAR=Smear)_(Q2_y_Bin_5)_(z_pT_Bin_23)_(MultiDim_z_pT_Bin_Y_bin_phi_t)[0m (Histo Num 40516)
[91mSkipping: (MultiDim_3D_Histo)_(Bayesian)_(SMEAR=Smear)_(Q2_y_Bin_5)_(z_pT_Bin_25)_(MultiDim_z_pT_Bin_Y_bin_phi_t)[0m (Histo Num 40517)
[91mSkipping: (MultiDim_3D_Histo)_(Bayesian)_(SMEAR=Smear)_(Q2_y_Bin_5)_(z_pT_Bin_26)_(MultiDim_z_pT_Bin_Y_bin_phi_t)[0m (Histo Num 40518)
[91mSkipping: (MultiDim_3D_Histo)_(Bayesian)_(SMEAR=Smear)_(Q2_y_Bin_5)_(z_pT_Bin_27)_(MultiDim_z_pT_Bin_Y_bin_phi_t)[0m (Histo Num 40519)
[91mSkipping: (MultiDim_3D_Histo)_(Bayesian)_(SMEAR=Smear)_(Q2_y_Bin_5)_(z_pT_Bin_28)_(MultiDim_z_pT_Bin_Y_bin_phi_t)[0m (Histo Num 40520)
[91mSkipping: (MultiDim_3D_Histo)_(Bayesian)_(SMEAR=Smear)_(Q2_y_Bin_5)_(z_pT_Bin_29)_(MultiDim_z_pT_Bin_Y_bin_phi_t)[0m (Histo Num 40521)
[91mSkipping: (MultiDim_3D_Histo)_(Bayesian)_(SMEAR=Smear)_(Q2_y_Bin_5)_(z_pT_Bin_31)_(MultiDim_z_pT_Bin_Y_bin_phi_t)[0m (Histo Num 40522)
[91mSkipping: (MultiDim_3D_Histo)_(Bayesian)_(SMEAR=Smear)_(Q2_y_Bin_5)_(z_pT_Bin_32)_(MultiDim_z_pT_Bin_Y_bin_phi_t)[0m (Histo Num 40523)
[91mSkipping: (MultiDim_3D_Histo)_(Bayesian)_(SMEAR=Smear)_(Q2_y_Bin_5)_(z_pT_Bin_33)_(MultiDim_z_pT_Bin_Y_bin_phi_t)[0m (Histo Num 40524)
[91mSkipping: (MultiDim_3D_Histo)_(Bayesian)_(SMEAR=Smear)_(Q2_y_Bin_5)_(z_pT_Bin_34)_(MultiDim_z_pT_Bin_Y_bin_phi_t)[0m (Histo Num 40525)
[91mSkipping: (MultiDim_3D_Histo)_(Bayesian)_(SMEAR=Smear)_(Q2_y_Bin_10)_(z_pT_Bin_1)_(MultiDim_z_pT_Bin_Y_bin_phi_t)[0m (Histo Num 40562)
[91mSkipping: (MultiDim_3D_Histo)_(Bayesian)_(SMEAR=Smear)_(Q2_y_Bin_10)_(z_pT_Bin_2)_(MultiDim_z_pT_Bin_Y_bin_phi_t)[0m (Histo Num 40563)
[91mSkipping: (MultiDim_3D_Histo)_(Bayesian)_(SMEAR=Smear)_(Q2_y_Bin_10)_(z_pT_Bin_3)_(MultiDim_z_pT_Bin_Y_bin_phi_t)[0m (Histo Num 40564)
[91mSkipping: (MultiDim_3D_Histo)_(Bayesian)_(SMEAR=Smear)_(Q2_y_Bin_10)_(z_pT_Bin_4)_(MultiDim_z_pT_Bin_Y_bin_phi_t)[0m (Histo Num 40565)
[91mSkipping: (MultiDim_3D_Histo)_(Bayesian)_(SMEAR=Smear)_(Q2_y_Bin_10)_(z_pT_Bin_5)_(MultiDim_z_pT_Bin_Y_bin_phi_t)[0m (Histo Num 40566)
[91mSkipping: (MultiDim_3D_Histo)_(Bayesian)_(SMEAR=Smear)_(Q2_y_Bin_10)_(z_pT_Bin_6)_(MultiDim_z_pT_Bin_Y_bin_phi_t)[0m (Histo Num 40567)
[91mSkipping: (MultiDim_3D_Histo)_(Bayesian)_(SMEAR=Smear)_(Q2_y_Bin_10)_(z_pT_Bin_7)_(MultiDim_z_pT_Bin_Y_bin_phi_t)[0m (Histo Num 40568)
[91mSkipping: (MultiDim_3D_Histo)_(Bayesian)_(SMEAR=Smear)_(Q2_y_Bin_10)_(z_pT_Bin_8)_(MultiDim_z_pT_Bin_Y_bin_phi_t)[0m (Histo Num 40569)
[91mSkipping: (MultiDim_3D_Histo)_(Bayesian)_(SMEAR=Smear)_(Q2_y_Bin_10)_(z_pT_Bin_9)_(MultiDim_z_pT_Bin_Y_bin_phi_t)[0m (Histo Num 40570)
[91mSkipping: (MultiDim_3D_Histo)_(Bayesian)_(SMEAR=Smear)_(Q2_y_Bin_10)_(z_pT_Bin_10)_(MultiDim_z_pT_Bin_Y_bin_phi_t)[0m (Histo Num 40571)
[91mSkipping: (MultiDim_3D_Histo)_(Bayesian)_(SMEAR=Smear)_(Q2_y_Bin_10)_(z_pT_Bin_11)_(MultiDim_z_pT_Bin_Y_bin_phi_t)[0m (Histo Num 40572)
[91mSkipping: (MultiDim_3D_Histo)_(Bayesian)_(SMEAR=Smear)_(Q2_y_Bin_10)_(z_pT_Bin_12)_(MultiDim_z_pT_Bin_Y_bin_phi_t)[0m (Histo Num 40573)
[91mSkipping: (MultiDim_3D_Histo)_(Bayesian)_(SMEAR=Smear)_(Q2_y_Bin_10)_(z_pT_Bin_13)_(MultiDim_z_pT_Bin_Y_bin_phi_t)[0m (Histo Num 40574)
[91mSkipping: (MultiDim_3D_Histo)_(Bayesian)_(SMEAR=Smear)_(Q2_y_Bin_10)_(z_pT_Bin_14)_(MultiDim_z_pT_Bin_Y_bin_phi_t)[0m (Histo Num 40575)
[91mSkipping: (MultiDim_3D_Histo)_(Bayesian)_(SMEAR=Smear)_(Q2_y_Bin_10)_(z_pT_Bin_15)_(MultiDim_z_pT_Bin_Y_bin_phi_t)[0m (Histo Num 40576)
[91mSkipping: (MultiDim_3D_Histo)_(Bayesian)_(SMEAR=Smear)_(Q2_y_Bin_10)_(z_pT_Bin_16)_(MultiDim_z_pT_Bin_Y_bin_phi_t)[0m (Histo Num 40577)
[91mSkipping: (MultiDim_3D_Histo)_(Bayesian)_(SMEAR=Smear)_(Q2_y_Bin_10)_(z_pT_Bin_17)_(MultiDim_z_pT_Bin_Y_bin_phi_t)[0m (Histo Num 40578)
[91mSkipping: (MultiDim_3D_Histo)_(Bayesian)_(SMEAR=Smear)_(Q2_y_Bin_10)_(z_pT_Bin_18)_(MultiDim_z_pT_Bin_Y_bin_phi_t)[0m (Histo Num 40579)
[91mSkipping: (MultiDim_3D_Histo)_(Bayesian)_(SMEAR=Smear)_(Q2_y_Bin_10)_(z_pT_Bin_19)_(MultiDim_z_pT_Bin_Y_bin_phi_t)[0m (Histo Num 40580)
[91mSkipping: (MultiDim_3D_Histo)_(Bayesian)_(SMEAR=Smear)_(Q2_y_Bin_10)_(z_pT_Bin_20)_(MultiDim_z_pT_Bin_Y_bin_phi_t)[0m (Histo Num 40581)
[91mSkipping: (MultiDim_3D_Histo)_(Bayesian)_(SMEAR=Smear)_(Q2_y_Bin_10)_(z_pT_Bin_21)_(MultiDim_z_pT_Bin_Y_bin_phi_t)[0m (Histo Num 40582)
[91mSkipping: (MultiDim_3D_Histo)_(Bayesian)_(SMEAR=Smear)_(Q2_y_Bin_10)_(z_pT_Bin_22)_(MultiDim_z_pT_Bin_Y_bin_phi_t)[0m (Histo Num 40583)
[91mSkipping: (MultiDim_3D_Histo)_(Bayesian)_(SMEAR=Smear)_(Q2_y_Bin_10)_(z_pT_Bin_23)_(MultiDim_z_pT_Bin_Y_bin_phi_t)[0m (Histo Num 40584)
[91mSkipping: (MultiDim_3D_Histo)_(Bayesian)_(SMEAR=Smear)_(Q2_y_Bin_10)_(z_pT_Bin_25)_(MultiDim_z_pT_Bin_Y_bin_phi_t)[0m (Histo Num 40585)
[91mSkipping: (MultiDim_3D_Histo)_(Bayesian)_(SMEAR=Smear)_(Q2_y_Bin_10)_(z_pT_Bin_26)_(MultiDim_z_pT_Bin_Y_bin_phi_t)[0m (Histo Num 40586)
[91mSkipping: (MultiDim_3D_Histo)_(Bayesian)_(SMEAR=Smear)_(Q2_y_Bin_10)_(z_pT_Bin_27)_(MultiDim_z_pT_Bin_Y_bin_phi_t)[0m (Histo Num 40587)
[91mSkipping: (MultiDim_3D_Histo)_(Bayesian)_(SMEAR=Smear)_(Q2_y_Bin_10)_(z_pT_Bin_28)_(MultiDim_z_pT_Bin_Y_bin_phi_t)[0m (Histo Num 40588)
[91mSkipping: (MultiDim_3D_Histo)_(Bayesian)_(SMEAR=Smear)_(Q2_y_Bin_10)_(z_pT_Bin_29)_(MultiDim_z_pT_Bin_Y_bin_phi_t)[0m (Histo Num 40589)
[91mSkipping: (MultiDim_3D_Histo)_(Bayesian)_(SMEAR=Smear)_(Q2_y_Bin_10)_(z_pT_Bin_31)_(MultiDim_z_pT_Bin_Y_bin_phi_t)[0m (Histo Num 40590)
[91mSkipping: (MultiDim_3D_Histo)_(Bayesian)_(SMEAR=Smear)_(Q2_y_Bin_10)_(z_pT_Bin_32)_(MultiDim_z_pT_Bin_Y_bin_phi_t)[0m (Histo Num 40591)
[91mSkipping: (MultiDim_3D_Histo)_(Bayesian)_(SMEAR=Smear)_(Q2_y_Bin_10)_(z_pT_Bin_33)_(MultiDim_z_pT_Bin_Y_bin_phi_t)[0m (Histo Num 40592)
[91mSkipping: (MultiDim_3D_Histo)_(Bayesian)_(SMEAR=Smear)_(Q2_y_Bin_10)_(z_pT_Bin_34)_(MultiDim_z_pT_Bin_Y_bin_phi_t)[0m (Histo Num 40593)
[91mSkipping: (MultiDim_3D_Histo)_(Bayesian)_(SMEAR=Smear)_(Q2_y_Bin_7)_(z_pT_Bin_1)_(MultiDim_z_pT_Bin_Y_bin_phi_t)[0m (Histo Num 40631)
[91mSkipping: (MultiDim_3D_Histo)_(Bayesian)_(SMEAR=Smear)_(Q2_y_Bin_7)_(z_pT_Bin_2)_(MultiDim_z_pT_Bin_Y_bin_phi_t)[0m (Histo Num 40632)
[91mSkipping: (MultiDim_3D_Histo)_(Bayesian)_(SMEAR=Smear)_(Q2_y_Bin_7)_(z_pT_Bin_3)_(MultiDim_z_pT_Bin_Y_bin_phi_t)[0m (Histo Num 40633)
[91mSkipping: (MultiDim_3D_Histo)_(Bayesian)_(SMEAR=Smear)_(Q2_y_Bin_7)_(z_pT_Bin_4)_(MultiDim_z_pT_Bin_Y_bin_phi_t)[0m (Histo Num 40634)
[91mSkipping: (MultiDim_3D_Histo)_(Bayesian)_(SMEAR=Smear)_(Q2_y_Bin_7)_(z_pT_Bin_5)_(MultiDim_z_pT_Bin_Y_bin_phi_t)[0m (Histo Num 40635)
[91mSkipping: (MultiDim_3D_Histo)_(Bayesian)_(SMEAR=Smear)_(Q2_y_Bin_7)_(z_pT_Bin_7)_(MultiDim_z_pT_Bin_Y_bin_phi_t)[0m (Histo Num 40636)
[91mSkipping: (MultiDim_3D_Histo)_(Bayesian)_(SMEAR=Smear)_(Q2_y_Bin_7)_(z_pT_Bin_8)_(MultiDim_z_pT_Bin_Y_bin_phi_t)[0m (Histo Num 40637)
[91mSkipping: (MultiDim_3D_Histo)_(Bayesian)_(SMEAR=Smear)_(Q2_y_Bin_7)_(z_pT_Bin_9)_(MultiDim_z_pT_Bin_Y_bin_phi_t)[0m (Histo Num 40638)
[91mSkipping: (MultiDim_3D_Histo)_(Bayesian)_(SMEAR=Smear)_(Q2_y_Bin_7)_(z_pT_Bin_10)_(MultiDim_z_pT_Bin_Y_bin_phi_t)[0m (Histo Num 40639)
[91mSkipping: (MultiDim_3D_Histo)_(Bayesian)_(SMEAR=Smear)_(Q2_y_Bin_7)_(z_pT_Bin_11)_(MultiDim_z_pT_Bin_Y_bin_phi_t)[0m (Histo Num 40640)
[91mSkipping: (MultiDim_3D_Histo)_(Bayesian)_(SMEAR=Smear)_(Q2_y_Bin_7)_(z_pT_Bin_12)_(MultiDim_z_pT_Bin_Y_bin_phi_t)[0m (Histo Num 40641)
[91mSkipping: (MultiDim_3D_Histo)_(Bayesian)_(SMEAR=Smear)_(Q2_y_Bin_7)_(z_pT_Bin_13)_(MultiDim_z_pT_Bin_Y_bin_phi_t)[0m (Histo Num 40642)
[91mSkipping: (MultiDim_3D_Histo)_(Bayesian)_(SMEAR=Smear)_(Q2_y_Bin_7)_(z_pT_Bin_14)_(MultiDim_z_pT_Bin_Y_bin_phi_t)[0m (Histo Num 40643)
[91mSkipping: (MultiDim_3D_Histo)_(Bayesian)_(SMEAR=Smear)_(Q2_y_Bin_7)_(z_pT_Bin_15)_(MultiDim_z_pT_Bin_Y_bin_phi_t)[0m (Histo Num 40644)
[91mSkipping: (MultiDim_3D_Histo)_(Bayesian)_(SMEAR=Smear)_(Q2_y_Bin_7)_(z_pT_Bin_16)_(MultiDim_z_pT_Bin_Y_bin_phi_t)[0m (Histo Num 40645)
[91mSkipping: (MultiDim_3D_Histo)_(Bayesian)_(SMEAR=Smear)_(Q2_y_Bin_7)_(z_pT_Bin_17)_(MultiDim_z_pT_Bin_Y_bin_phi_t)[0m (Histo Num 40646)
[91mSkipping: (MultiDim_3D_Histo)_(Bayesian)_(SMEAR=Smear)_(Q2_y_Bin_7)_(z_pT_Bin_18)_(MultiDim_z_pT_Bin_Y_bin_phi_t)[0m (Histo Num 40647)
[91mSkipping: (MultiDim_3D_Histo)_(Bayesian)_(SMEAR=Smear)_(Q2_y_Bin_7)_(z_pT_Bin_19)_(MultiDim_z_pT_Bin_Y_bin_phi_t)[0m (Histo Num 40648)
[91mSkipping: (MultiDim_3D_Histo)_(Bayesian)_(SMEAR=Smear)_(Q2_y_Bin_7)_(z_pT_Bin_20)_(MultiDim_z_pT_Bin_Y_bin_phi_t)[0m (Histo Num 40649)
[91mSkipping: (MultiDim_3D_Histo)_(Bayesian)_(SMEAR=Smear)_(Q2_y_Bin_7)_(z_pT_Bin_21)_(MultiDim_z_pT_Bin_Y_bin_phi_t)[0m (Histo Num 40650)
[91mSkipping: (MultiDim_3D_Histo)_(Bayesian)_(SMEAR=Smear)_(Q2_y_Bin_7)_(z_pT_Bin_22)_(MultiDim_z_pT_Bin_Y_bin_phi_t)[0m (Histo Num 40651)
[91mSkipping: (MultiDim_3D_Histo)_(Bayesian)_(SMEAR=Smear)_(Q2_y_Bin_7)_(z_pT_Bin_23)_(MultiDim_z_pT_Bin_Y_bin_phi_t)[0m (Histo Num 40652)
[91mSkipping: (MultiDim_3D_Histo)_(Bayesian)_(SMEAR=Smear)_(Q2_y_Bin_7)_(z_pT_Bin_24)_(MultiDim_z_pT_Bin_Y_bin_phi_t)[0m (Histo Num 40653)
[91mSkipping: (MultiDim_3D_Histo)_(Bayesian)_(SMEAR=Smear)_(Q2_y_Bin_7)_(z_pT_Bin_25)_(MultiDim_z_pT_Bin_Y_bin_phi_t)[0m (Histo Num 40654)
[91mSkipping: (MultiDim_3D_Histo)_(Bayesian)_(SMEAR=Smear)_(Q2_y_Bin_7)_(z_pT_Bin_26)_(MultiDim_z_pT_Bin_Y_bin_phi_t)[0m (Histo Num 40655)
[91mSkipping: (MultiDim_3D_Histo)_(Bayesian)_(SMEAR=Smear)_(Q2_y_Bin_7)_(z_pT_Bin_27)_(MultiDim_z_pT_Bin_Y_bin_phi_t)[0m (Histo Num 40656)
[91mSkipping: (MultiDim_3D_Histo)_(Bayesian)_(SMEAR=Smear)_(Q2_y_Bin_7)_(z_pT_Bin_28)_(MultiDim_z_pT_Bin_Y_bin_phi_t)[0m (Histo Num 40657)
[91mSkipping: (MultiDim_3D_Histo)_(Bayesian)_(SMEAR=Smear)_(Q2_y_Bin_7)_(z_pT_Bin_29)_(MultiDim_z_pT_Bin_Y_bin_phi_t)[0m (Histo Num 40658)
[91mSkipping: (MultiDim_3D_Histo)_(Bayesian)_(SMEAR=Smear)_(Q2_y_Bin_7)_(z_pT_Bin_31)_(MultiDim_z_pT_Bin_Y_bin_phi_t)[0m (Histo Num 40659)
[91mSkipping: (MultiDim_3D_Histo)_(Bayesian)_(SMEAR=Smear)_(Q2_y_Bin_7)_(z_pT_Bin_32)_(MultiDim_z_pT_Bin_Y_bin_phi_t)[0m (Histo Num 40660)
[91mSkipping: (MultiDim_3D_Histo)_(Bayesian)_(SMEAR=Smear)_(Q2_y_Bin_7)_(z_pT_Bin_33)_(MultiDim_z_pT_Bin_Y_bin_phi_t)[0m (Histo Num 40661)
[91mSkipping: (MultiDim_3D_Histo)_(Bayesian)_(SMEAR=Smear)_(Q2_y_Bin_7)_(z_pT_Bin_34)_(MultiDim_z_pT_Bin_Y_bin_phi_t)[0m (Histo Num 40662)
[91mSkipping: (MultiDim_3D_Histo)_(Bayesian)_(SMEAR=Smear)_(Q2_y_Bin_7)_(z_pT_Bin_35)_(MultiDim_z_pT_Bin_Y_bin_phi_t)[0m (Histo Num 40663)
[91mSkipping: (MultiDim_3D_Histo)_(RC_Bayesian)_(SMEAR=Smear)_(Q2_y_Bin_1)_(z_pT_Bin_1)_(MultiDim_z_pT_Bin_Y_bin_phi_t)[0m (Histo Num 43083)
[91mSkipping: (MultiDim_3D_Histo)_(RC_Bayesian)_(SMEAR=Smear)_(Q2_y_Bin_1)_(z_pT_Bin_2)_(MultiDim_z_pT_Bin_Y_bin_phi_t)[0m (Histo Num 43084)
[91mSkipping: (MultiDim_3D_Histo)_(RC_Bayesian)_(SMEAR=Smear)_(Q2_y_Bin_1)_(z_pT_Bin_3)_(MultiDim_z_pT_Bin_Y_bin_phi_t)[0m (Histo Num 43085)
[91mSkipping: (MultiDim_3D_Histo)_(RC_Bayesian)_(SMEAR=Smear)_(Q2_y_Bin_1)_(z_pT_Bin_4)_(MultiDim_z_pT_Bin_Y_bin_phi_t)[0m (Histo Num 43086)
[91mSkipping: (MultiDim_3D_Histo)_(RC_Bayesian)_(SMEAR=Smear)_(Q2_y_Bin_1)_(z_pT_Bin_5)_(MultiDim_z_pT_Bin_Y_bin_phi_t)[0m (Histo Num 43087)
[91mSkipping: (MultiDim_3D_Histo)_(RC_Bayesian)_(SMEAR=Smear)_(Q2_y_Bin_1)_(z_pT_Bin_6)_(MultiDim_z_pT_Bin_Y_bin_phi_t)[0m (Histo Num 43088)
[91mSkipping: (MultiDim_3D_Histo)_(RC_Bayesian)_(SMEAR=Smear)_(Q2_y_Bin_1)_(z_pT_Bin_7)_(MultiDim_z_pT_Bin_Y_bin_phi_t)[0m (Histo Num 43089)
[91mSkipping: (MultiDim_3D_Histo)_(RC_Bayesian)_(SMEAR=Smear)_(Q2_y_Bin_1)_(z_pT_Bin_8)_(MultiDim_z_pT_Bin_Y_bin_phi_t)[0m (Histo Num 43090)
[91mSkipping: (MultiDim_3D_Histo)_(RC_Bayesian)_(SMEAR=Smear)_(Q2_y_Bin_1)_(z_pT_Bin_9)_(MultiDim_z_pT_Bin_Y_bin_phi_t)[0m (Histo Num 43091)
[91mSkipping: (MultiDim_3D_Histo)_(RC_Bayesian)_(SMEAR=Smear)_(Q2_y_Bin_1)_(z_pT_Bin_10)_(MultiDim_z_pT_Bin_Y_bin_phi_t)[0m (Histo Num 43092)
[91mSkipping: (MultiDim_3D_Histo)_(RC_Bayesian)_(SMEAR=Smear)_(Q2_y_Bin_1)_(z_pT_Bin_11)_(MultiDim_z_pT_Bin_Y_bin_phi_t)[0m (Histo Num 43093)
[91mSkipping: (MultiDim_3D_Histo)_(RC_Bayesian)_(SMEAR=Smear)_(Q2_y_Bin_1)_(z_pT_Bin_12)_(MultiDim_z_pT_Bin_Y_bin_phi_t)[0m (Histo Num 43094)
[91mSkipping: (MultiDim_3D_Histo)_(RC_Bayesian)_(SMEAR=Smear)_(Q2_y_Bin_1)_(z_pT_Bin_13)_(MultiDim_z_pT_Bin_Y_bin_phi_t)[0m (Histo Num 43095)
[91mSkipping: (MultiDim_3D_Histo)_(RC_Bayesian)_(SMEAR=Smear)_(Q2_y_Bin_1)_(z_pT_Bin_14)_(MultiDim_z_pT_Bin_Y_bin_phi_t)[0m (Histo Num 43096)
[91mSkipping: (MultiDim_3D_Histo)_(RC_Bayesian)_(SMEAR=Smear)_(Q2_y_Bin_1)_(z_pT_Bin_15)_(MultiDim_z_pT_Bin_Y_bin_phi_t)[0m (Histo Num 43097)
[91mSkipping: (MultiDim_3D_Histo)_(RC_Bayesian)_(SMEAR=Smear)_(Q2_y_Bin_1)_(z_pT_Bin_16)_(MultiDim_z_pT_Bin_Y_bin_phi_t)[0m (Histo Num 43098)
[91mSkipping: (MultiDim_3D_Histo)_(RC_Bayesian)_(SMEAR=Smear)_(Q2_y_Bin_1)_(z_pT_Bin_17)_(MultiDim_z_pT_Bin_Y_bin_phi_t)[0m (Histo Num 43099)
[91mSkipping: (MultiDim_3D_Histo)_(RC_Bayesian)_(SMEAR=Smear)_(Q2_y_Bin_1)_(z_pT_Bin_18)_(MultiDim_z_pT_Bin_Y_bin_phi_t)[0m (Histo Num 43100)
[91mSkipping: (MultiDim_3D_Histo)_(RC_Bayesian)_(SMEAR=Smear)_(Q2_y_Bin_1)_(z_pT_Bin_19)_(MultiDim_z_pT_Bin_Y_bin_phi_t)[0m (Histo Num 43101)
[91mSkipping: (MultiDim_3D_Histo)_(RC_Bayesian)_(SMEAR=Smear)_(Q2_y_Bin_1)_(z_pT_Bin_20)_(MultiDim_z_pT_Bin_Y_bin_phi_t)[0m (Histo Num 43102)
[91mSkipping: (MultiDim_3D_Histo)_(RC_Bayesian)_(SMEAR=Smear)_(Q2_y_Bin_1)_(z_pT_Bin_22)_(MultiDim_z_pT_Bin_Y_bin_phi_t)[0m (Histo Num 43103)
[91mSkipping: (MultiDim_3D_Histo)_(RC_Bayesian)_(SMEAR=Smear)_(Q2_y_Bin_1)_(z_pT_Bin_23)_(MultiDim_z_pT_Bin_Y_bin_phi_t)[0m (Histo Num 43104)
[91mSkipping: (MultiDim_3D_Histo)_(RC_Bayesian)_(SMEAR=Smear)_(Q2_y_Bin_1)_(z_pT_Bin_24)_(MultiDim_z_pT_Bin_Y_bin_phi_t)[0m (Histo Num 43105)
[91mSkipping: (MultiDim_3D_Histo)_(RC_Bayesian)_(SMEAR=Smear)_(Q2_y_Bin_1)_(z_pT_Bin_25)_(MultiDim_z_pT_Bin_Y_bin_phi_t)[0m (Histo Num 43106)
[91mSkipping: (MultiDim_3D_Histo)_(RC_Bayesian)_(SMEAR=Smear)_(Q2_y_Bin_1)_(z_pT_Bin_26)_(MultiDim_z_pT_Bin_Y_bin_phi_t)[0m (Histo Num 43107)
[91mSkipping: (MultiDim_3D_Histo)_(RC_Bayesian)_(SMEAR=Smear)_(Q2_y_Bin_1)_(z_pT_Bin_29)_(MultiDim_z_pT_Bin_Y_bin_phi_t)[0m (Histo Num 43108)
[91mSkipping: (MultiDim_3D_Histo)_(RC_Bayesian)_(SMEAR=Smear)_(Q2_y_Bin_1)_(z_pT_Bin_30)_(MultiDim_z_pT_Bin_Y_bin_phi_t)[0m (Histo Num 43109)
[91mSkipping: (MultiDim_3D_Histo)_(RC_Bayesian)_(SMEAR=Smear)_(Q2_y_Bin_1)_(z_pT_Bin_31)_(MultiDim_z_pT_Bin_Y_bin_phi_t)[0m (Histo Num 43110)
[91mSkipping: (MultiDim_3D_Histo)_(RC_Bayesian)_(SMEAR=Smear)_(Q2_y_Bin_1)_(z_pT_Bin_32)_(MultiDim_z_pT_Bin_Y_bin_phi_t)[0m (Histo Num 43111)
[91mSkipping: (MultiDim_3D_Histo)_(RC_Bayesian)_(SMEAR=Smear)_(Q2_y_Bin_2)_(z_pT_Bin_1)_(MultiDim_z_pT_Bin_Y_bin_phi_t)[0m (Histo Num 43113)
[91mSkipping: (MultiDim_3D_Histo)_(RC_Bayesian)_(SMEAR=Smear)_(Q2_y_Bin_2)_(z_pT_Bin_2)_(MultiDim_z_pT_Bin_Y_bin_phi_t)[0m (Histo Num 43114)
[91mSkipping: (MultiDim_3D_Histo)_(RC_Bayesian)_(SMEAR=Smear)_(Q2_y_Bin_2)_(z_pT_Bin_3)_(MultiDim_z_pT_Bin_Y_bin_phi_t)[0m (Histo Num 43115)
[91mSkipping: (MultiDim_3D_Histo)_(RC_Bayesian)_(SMEAR=Smear)_(Q2_y_Bin_2)_(z_pT_Bin_4)_(MultiDim_z_pT_Bin_Y_bin_phi_t)[0m (Histo Num 43116)
[91mSkipping: (MultiDim_3D_Histo)_(RC_Bayesian)_(SMEAR=Smear)_(Q2_y_Bin_2)_(z_pT_Bin_5)_(MultiDim_z_pT_Bin_Y_bin_phi_t)[0m (Histo Num 43117)
[91mSkipping: (MultiDim_3D_Histo)_(RC_Bayesian)_(SMEAR=Smear)_(Q2_y_Bin_2)_(z_pT_Bin_6)_(MultiDim_z_pT_Bin_Y_bin_phi_t)[0m (Histo Num 43118)
[91mSkipping: (MultiDim_3D_Histo)_(RC_Bayesian)_(SMEAR=Smear)_(Q2_y_Bin_2)_(z_pT_Bin_7)_(MultiDim_z_pT_Bin_Y_bin_phi_t)[0m (Histo Num 43119)
[91mSkipping: (MultiDim_3D_Histo)_(RC_Bayesian)_(SMEAR=Smear)_(Q2_y_Bin_2)_(z_pT_Bin_8)_(MultiDim_z_pT_Bin_Y_bin_phi_t)[0m (Histo Num 43120)
[91mSkipping: (MultiDim_3D_Histo)_(RC_Bayesian)_(SMEAR=Smear)_(Q2_y_Bin_2)_(z_pT_Bin_9)_(MultiDim_z_pT_Bin_Y_bin_phi_t)[0m (Histo Num 43121)
[91mSkipping: (MultiDim_3D_Histo)_(RC_Bayesian)_(SMEAR=Smear)_(Q2_y_Bin_2)_(z_pT_Bin_10)_(MultiDim_z_pT_Bin_Y_bin_phi_t)[0m (Histo Num 43122)
[91mSkipping: (MultiDim_3D_Histo)_(RC_Bayesian)_(SMEAR=Smear)_(Q2_y_Bin_2)_(z_pT_Bin_11)_(MultiDim_z_pT_Bin_Y_bin_phi_t)[0m (Histo Num 43123)
[91mSkipping: (MultiDim_3D_Histo)_(RC_Bayesian)_(SMEAR=Smear)_(Q2_y_Bin_2)_(z_pT_Bin_12)_(MultiDim_z_pT_Bin_Y_bin_phi_t)[0m (Histo Num 43124)
[91mSkipping: (MultiDim_3D_Histo)_(RC_Bayesian)_(SMEAR=Smear)_(Q2_y_Bin_2)_(z_pT_Bin_13)_(MultiDim_z_pT_Bin_Y_bin_phi_t)[0m (Histo Num 43125)
[91mSkipping: (MultiDim_3D_Histo)_(RC_Bayesian)_(SMEAR=Smear)_(Q2_y_Bin_2)_(z_pT_Bin_14)_(MultiDim_z_pT_Bin_Y_bin_phi_t)[0m (Histo Num 43126)
[91mSkipping: (MultiDim_3D_Histo)_(RC_Bayesian)_(SMEAR=Smear)_(Q2_y_Bin_2)_(z_pT_Bin_15)_(MultiDim_z_pT_Bin_Y_bin_phi_t)[0m (Histo Num 43127)
[91mSkipping: (MultiDim_3D_Histo)_(RC_Bayesian)_(SMEAR=Smear)_(Q2_y_Bin_2)_(z_pT_Bin_16)_(MultiDim_z_pT_Bin_Y_bin_phi_t)[0m (Histo Num 43128)
[91mSkipping: (MultiDim_3D_Histo)_(RC_Bayesian)_(SMEAR=Smear)_(Q2_y_Bin_2)_(z_pT_Bin_17)_(MultiDim_z_pT_Bin_Y_bin_phi_t)[0m (Histo Num 43129)
[91mSkipping: (MultiDim_3D_Histo)_(RC_Bayesian)_(SMEAR=Smear)_(Q2_y_Bin_2)_(z_pT_Bin_18)_(MultiDim_z_pT_Bin_Y_bin_phi_t)[0m (Histo Num 43130)
[91mSkipping: (MultiDim_3D_Histo)_(RC_Bayesian)_(SMEAR=Smear)_(Q2_y_Bin_2)_(z_pT_Bin_19)_(MultiDim_z_pT_Bin_Y_bin_phi_t)[0m (Histo Num 43131)
[91mSkipping: (MultiDim_3D_Histo)_(RC_Bayesian)_(SMEAR=Smear)_(Q2_y_Bin_2)_(z_pT_Bin_20)_(MultiDim_z_pT_Bin_Y_bin_phi_t)[0m (Histo Num 43132)
[91mSkipping: (MultiDim_3D_Histo)_(RC_Bayesian)_(SMEAR=Smear)_(Q2_y_Bin_2)_(z_pT_Bin_21)_(MultiDim_z_pT_Bin_Y_bin_phi_t)[0m (Histo Num 43133)
[91mSkipping: (MultiDim_3D_Histo)_(RC_Bayesian)_(SMEAR=Smear)_(Q2_y_Bin_2)_(z_pT_Bin_22)_(MultiDim_z_pT_Bin_Y_bin_phi_t)[0m (Histo Num 43134)
[91mSkipping: (MultiDim_3D_Histo)_(RC_Bayesian)_(SMEAR=Smear)_(Q2_y_Bin_2)_(z_pT_Bin_23)_(MultiDim_z_pT_Bin_Y_bin_phi_t)[0m (Histo Num 43135)
[91mSkipping: (MultiDim_3D_Histo)_(RC_Bayesian)_(SMEAR=Smear)_(Q2_y_Bin_2)_(z_pT_Bin_25)_(MultiDim_z_pT_Bin_Y_bin_phi_t)[0m (Histo Num 43136)
[91mSkipping: (MultiDim_3D_Histo)_(RC_Bayesian)_(SMEAR=Smear)_(Q2_y_Bin_2)_(z_pT_Bin_26)_(MultiDim_z_pT_Bin_Y_bin_phi_t)[0m (Histo Num 43137)
[91mSkipping: (MultiDim_3D_Histo)_(RC_Bayesian)_(SMEAR=Smear)_(Q2_y_Bin_2)_(z_pT_Bin_27)_(MultiDim_z_pT_Bin_Y_bin_phi_t)[0m (Histo Num 43138)
[91mSkipping: (MultiDim_3D_Histo)_(RC_Bayesian)_(SMEAR=Smear)_(Q2_y_Bin_2)_(z_pT_Bin_28)_(MultiDim_z_pT_Bin_Y_bin_phi_t)[0m (Histo Num 43139)
[91mSkipping: (MultiDim_3D_Histo)_(RC_Bayesian)_(SMEAR=Smear)_(Q2_y_Bin_2)_(z_pT_Bin_29)_(MultiDim_z_pT_Bin_Y_bin_phi_t)[0m (Histo Num 43140)
[91mSkipping: (MultiDim_3D_Histo)_(RC_Bayesian)_(SMEAR=Smear)_(Q2_y_Bin_2)_(z_pT_Bin_31)_(MultiDim_z_pT_Bin_Y_bin_phi_t)[0m (Histo Num 43141)
[91mSkipping: (MultiDim_3D_Histo)_(RC_Bayesian)_(SMEAR=Smear)_(Q2_y_Bin_2)_(z_pT_Bin_32)_(MultiDim_z_pT_Bin_Y_bin_phi_t)[0m (Histo Num 43142)
[91mSkipping: (MultiDim_3D_Histo)_(RC_Bayesian)_(SMEAR=Smear)_(Q2_y_Bin_2)_(z_pT_Bin_33)_(MultiDim_z_pT_Bin_Y_bin_phi_t)[0m (Histo Num 43143)
[91mSkipping: (MultiDim_3D_Histo)_(RC_Bayesian)_(SMEAR=Smear)_(Q2_y_Bin_2)_(z_pT_Bin_34)_(MultiDim_z_pT_Bin_Y_bin_phi_t)[0m (Histo Num 43144)
[91mSkipping: (MultiDim_3D_Histo)_(RC_Bayesian)_(SMEAR=Smear)_(Q2_y_Bin_3)_(z_pT_Bin_1)_(MultiDim_z_pT_Bin_Y_bin_phi_t)[0m (Histo Num 43146)
[91mSkipping: (MultiDim_3D_Histo)_(RC_Bayesian)_(SMEAR=Smear)_(Q2_y_Bin_3)_(z_pT_Bin_2)_(MultiDim_z_pT_Bin_Y_bin_phi_t)[0m (Histo Num 43147)
[91mSkipping: (MultiDim_3D_Histo)_(RC_Bayesian)_(SMEAR=Smear)_(Q2_y_Bin_3)_(z_pT_Bin_3)_(MultiDim_z_pT_Bin_Y_bin_phi_t)[0m (Histo Num 43148)
[91mSkipping: (MultiDim_3D_Histo)_(RC_Bayesian)_(SMEAR=Smear)_(Q2_y_Bin_3)_(z_pT_Bin_4)_(MultiDim_z_pT_Bin_Y_bin_phi_t)[0m (Histo Num 43149)
[91mSkipping: (MultiDim_3D_Histo)_(RC_Bayesian)_(SMEAR=Smear)_(Q2_y_Bin_3)_(z_pT_Bin_5)_(MultiDim_z_pT_Bin_Y_bin_phi_t)[0m (Histo Num 43150)
[91mSkipping: (MultiDim_3D_Histo)_(RC_Bayesian)_(SMEAR=Smear)_(Q2_y_Bin_3)_(z_pT_Bin_7)_(MultiDim_z_pT_Bin_Y_bin_phi_t)[0m (Histo Num 43151)
[91mSkipping: (MultiDim_3D_Histo)_(RC_Bayesian)_(SMEAR=Smear)_(Q2_y_Bin_3)_(z_pT_Bin_8)_(MultiDim_z_pT_Bin_Y_bin_phi_t)[0m (Histo Num 43152)
[91mSkipping: (MultiDim_3D_Histo)_(RC_Bayesian)_(SMEAR=Smear)_(Q2_y_Bin_3)_(z_pT_Bin_9)_(MultiDim_z_pT_Bin_Y_bin_phi_t)[0m (Histo Num 43153)
[91mSkipping: (MultiDim_3D_Histo)_(RC_Bayesian)_(SMEAR=Smear)_(Q2_y_Bin_3)_(z_pT_Bin_10)_(MultiDim_z_pT_Bin_Y_bin_phi_t)[0m (Histo Num 43154)
[91mSkipping: (MultiDim_3D_Histo)_(RC_Bayesian)_(SMEAR=Smear)_(Q2_y_Bin_3)_(z_pT_Bin_11)_(MultiDim_z_pT_Bin_Y_bin_phi_t)[0m (Histo Num 43155)
[91mSkipping: (MultiDim_3D_Histo)_(RC_Bayesian)_(SMEAR=Smear)_(Q2_y_Bin_3)_(z_pT_Bin_12)_(MultiDim_z_pT_Bin_Y_bin_phi_t)[0m (Histo Num 43156)
[91mSkipping: (MultiDim_3D_Histo)_(RC_Bayesian)_(SMEAR=Smear)_(Q2_y_Bin_3)_(z_pT_Bin_13)_(MultiDim_z_pT_Bin_Y_bin_phi_t)[0m (Histo Num 43157)
[91mSkipping: (MultiDim_3D_Histo)_(RC_Bayesian)_(SMEAR=Smear)_(Q2_y_Bin_3)_(z_pT_Bin_14)_(MultiDim_z_pT_Bin_Y_bin_phi_t)[0m (Histo Num 43158)
[91mSkipping: (MultiDim_3D_Histo)_(RC_Bayesian)_(SMEAR=Smear)_(Q2_y_Bin_3)_(z_pT_Bin_15)_(MultiDim_z_pT_Bin_Y_bin_phi_t)[0m (Histo Num 43159)
[91mSkipping: (MultiDim_3D_Histo)_(RC_Bayesian)_(SMEAR=Smear)_(Q2_y_Bin_3)_(z_pT_Bin_16)_(MultiDim_z_pT_Bin_Y_bin_phi_t)[0m (Histo Num 43160)
[91mSkipping: (MultiDim_3D_Histo)_(RC_Bayesian)_(SMEAR=Smear)_(Q2_y_Bin_3)_(z_pT_Bin_17)_(MultiDim_z_pT_Bin_Y_bin_phi_t)[0m (Histo Num 43161)
[91mSkipping: (MultiDim_3D_Histo)_(RC_Bayesian)_(SMEAR=Smear)_(Q2_y_Bin_3)_(z_pT_Bin_18)_(MultiDim_z_pT_Bin_Y_bin_phi_t)[0m (Histo Num 43162)
[91mSkipping: (MultiDim_3D_Histo)_(RC_Bayesian)_(SMEAR=Smear)_(Q2_y_Bin_3)_(z_pT_Bin_19)_(MultiDim_z_pT_Bin_Y_bin_phi_t)[0m (Histo Num 43163)
[91mSkipping: (MultiDim_3D_Histo)_(RC_Bayesian)_(SMEAR=Smear)_(Q2_y_Bin_3)_(z_pT_Bin_20)_(MultiDim_z_pT_Bin_Y_bin_phi_t)[0m (Histo Num 43164)
[91mSkipping: (MultiDim_3D_Histo)_(RC_Bayesian)_(SMEAR=Smear)_(Q2_y_Bin_3)_(z_pT_Bin_21)_(MultiDim_z_pT_Bin_Y_bin_phi_t)[0m (Histo Num 43165)
[91mSkipping: (MultiDim_3D_Histo)_(RC_Bayesian)_(SMEAR=Smear)_(Q2_y_Bin_3)_(z_pT_Bin_22)_(MultiDim_z_pT_Bin_Y_bin_phi_t)[0m (Histo Num 43166)
[91mSkipping: (MultiDim_3D_Histo)_(RC_Bayesian)_(SMEAR=Smear)_(Q2_y_Bin_3)_(z_pT_Bin_23)_(MultiDim_z_pT_Bin_Y_bin_phi_t)[0m (Histo Num 43167)
[91mSkipping: (MultiDim_3D_Histo)_(RC_Bayesian)_(SMEAR=Smear)_(Q2_y_Bin_3)_(z_pT_Bin_24)_(MultiDim_z_pT_Bin_Y_bin_phi_t)[0m (Histo Num 43168)
[91mSkipping: (MultiDim_3D_Histo)_(RC_Bayesian)_(SMEAR=Smear)_(Q2_y_Bin_3)_(z_pT_Bin_25)_(MultiDim_z_pT_Bin_Y_bin_phi_t)[0m (Histo Num 43169)
[91mSkipping: (MultiDim_3D_Histo)_(RC_Bayesian)_(SMEAR=Smear)_(Q2_y_Bin_3)_(z_pT_Bin_26)_(MultiDim_z_pT_Bin_Y_bin_phi_t)[0m (Histo Num 43170)
[91mSkipping: (MultiDim_3D_Histo)_(RC_Bayesian)_(SMEAR=Smear)_(Q2_y_Bin_3)_(z_pT_Bin_27)_(MultiDim_z_pT_Bin_Y_bin_phi_t)[0m (Histo Num 43171)
[91mSkipping: (MultiDim_3D_Histo)_(RC_Bayesian)_(SMEAR=Smear)_(Q2_y_Bin_3)_(z_pT_Bin_28)_(MultiDim_z_pT_Bin_Y_bin_phi_t)[0m (Histo Num 43172)
[91mSkipping: (MultiDim_3D_Histo)_(RC_Bayesian)_(SMEAR=Smear)_(Q2_y_Bin_3)_(z_pT_Bin_29)_(MultiDim_z_pT_Bin_Y_bin_phi_t)[0m (Histo Num 43173)
[91mSkipping: (MultiDim_3D_Histo)_(RC_Bayesian)_(SMEAR=Smear)_(Q2_y_Bin_4)_(z_pT_Bin_7)_(MultiDim_z_pT_Bin_Y_bin_phi_t)[0m (Histo Num 43175)
[91mSkipping: (MultiDim_3D_Histo)_(RC_Bayesian)_(SMEAR=Smear)_(Q2_y_Bin_4)_(z_pT_Bin_8)_(MultiDim_z_pT_Bin_Y_bin_phi_t)[0m (Histo Num 43176)
[91mSkipping: (MultiDim_3D_Histo)_(RC_Bayesian)_(SMEAR=Smear)_(Q2_y_Bin_4)_(z_pT_Bin_9)_(MultiDim_z_pT_Bin_Y_bin_phi_t)[0m (Histo Num 43177)
[91mSkipping: (MultiDim_3D_Histo)_(RC_Bayesian)_(SMEAR=Smear)_(Q2_y_Bin_4)_(z_pT_Bin_10)_(MultiDim_z_pT_Bin_Y_bin_phi_t)[0m (Histo Num 43178)
[91mSkipping: (MultiDim_3D_Histo)_(RC_Bayesian)_(SMEAR=Smear)_(Q2_y_Bin_4)_(z_pT_Bin_11)_(MultiDim_z_pT_Bin_Y_bin_phi_t)[0m (Histo Num 43179)
[91mSkipping: (MultiDim_3D_Histo)_(RC_Bayesian)_(SMEAR=Smear)_(Q2_y_Bin_4)_(z_pT_Bin_13)_(MultiDim_z_pT_Bin_Y_bin_phi_t)[0m (Histo Num 43180)
[91mSkipping: (MultiDim_3D_Histo)_(RC_Bayesian)_(SMEAR=Smear)_(Q2_y_Bin_4)_(z_pT_Bin_14)_(MultiDim_z_pT_Bin_Y_bin_phi_t)[0m (Histo Num 43181)
[91mSkipping: (MultiDim_3D_Histo)_(RC_Bayesian)_(SMEAR=Smear)_(Q2_y_Bin_4)_(z_pT_Bin_15)_(MultiDim_z_pT_Bin_Y_bin_phi_t)[0m (Histo Num 43182)
[91mSkipping: (MultiDim_3D_Histo)_(RC_Bayesian)_(SMEAR=Smear)_(Q2_y_Bin_4)_(z_pT_Bin_16)_(MultiDim_z_pT_Bin_Y_bin_phi_t)[0m (Histo Num 43183)
[91mSkipping: (MultiDim_3D_Histo)_(RC_Bayesian)_(SMEAR=Smear)_(Q2_y_Bin_4)_(z_pT_Bin_17)_(MultiDim_z_pT_Bin_Y_bin_phi_t)[0m (Histo Num 43184)
[91mSkipping: (MultiDim_3D_Histo)_(RC_Bayesian)_(SMEAR=Smear)_(Q2_y_Bin_4)_(z_pT_Bin_19)_(MultiDim_z_pT_Bin_Y_bin_phi_t)[0m (Histo Num 43185)
[91mSkipping: (MultiDim_3D_Histo)_(RC_Bayesian)_(SMEAR=Smear)_(Q2_y_Bin_4)_(z_pT_Bin_20)_(MultiDim_z_pT_Bin_Y_bin_phi_t)[0m (Histo Num 43186)
[91mSkipping: (MultiDim_3D_Histo)_(RC_Bayesian)_(SMEAR=Smear)_(Q2_y_Bin_4)_(z_pT_Bin_21)_(MultiDim_z_pT_Bin_Y_bin_phi_t)[0m (Histo Num 43187)
[91mSkipping: (MultiDim_3D_Histo)_(RC_Bayesian)_(SMEAR=Smear)_(Q2_y_Bin_4)_(z_pT_Bin_22)_(MultiDim_z_pT_Bin_Y_bin_phi_t)[0m (Histo Num 43188)
[91mSkipping: (MultiDim_3D_Histo)_(RC_Bayesian)_(SMEAR=Smear)_(Q2_y_Bin_4)_(z_pT_Bin_23)_(MultiDim_z_pT_Bin_Y_bin_phi_t)[0m (Histo Num 43189)
[91mSkipping: (MultiDim_3D_Histo)_(RC_Bayesian)_(SMEAR=Smear)_(Q2_y_Bin_4)_(z_pT_Bin_25)_(MultiDim_z_pT_Bin_Y_bin_phi_t)[0m (Histo Num 43190)
[91mSkipping: (MultiDim_3D_Histo)_(RC_Bayesian)_(SMEAR=Smear)_(Q2_y_Bin_4)_(z_pT_Bin_26)_(MultiDim_z_pT_Bin_Y_bin_phi_t)[0m (Histo Num 43191)
[91mSkipping: (MultiDim_3D_Histo)_(RC_Bayesian)_(SMEAR=Smear)_(Q2_y_Bin_4)_(z_pT_Bin_27)_(MultiDim_z_pT_Bin_Y_bin_phi_t)[0m (Histo Num 43192)
[91mSkipping: (MultiDim_3D_Histo)_(RC_Bayesian)_(SMEAR=Smear)_(Q2_y_Bin_4)_(z_pT_Bin_28)_(MultiDim_z_pT_Bin_Y_bin_phi_t)[0m (Histo Num 43193)
[91mSkipping: (MultiDim_3D_Histo)_(RC_Bayesian)_(SMEAR=Smear)_(Q2_y_Bin_4)_(z_pT_Bin_29)_(MultiDim_z_pT_Bin_Y_bin_phi_t)[0m (Histo Num 43194)
[91mSkipping: (MultiDim_3D_Histo)_(RC_Bayesian)_(SMEAR=Smear)_(Q2_y_Bin_4)_(z_pT_Bin_31)_(MultiDim_z_pT_Bin_Y_bin_phi_t)[0m (Histo Num 43195)
[91mSkipping: (MultiDim_3D_Histo)_(RC_Bayesian)_(SMEAR=Smear)_(Q2_y_Bin_4)_(z_pT_Bin_32)_(MultiDim_z_pT_Bin_Y_bin_phi_t)[0m (Histo Num 43196)
[91mSkipping: (MultiDim_3D_Histo)_(RC_Bayesian)_(SMEAR=Smear)_(Q2_y_Bin_4)_(z_pT_Bin_33)_(MultiDim_z_pT_Bin_Y_bin_phi_t)[0m (Histo Num 43197)
[91mSkipping: (MultiDim_3D_Histo)_(RC_Bayesian)_(SMEAR=Smear)_(Q2_y_Bin_4)_(z_pT_Bin_34)_(MultiDim_z_pT_Bin_Y_bin_phi_t)[0m (Histo Num 43198)
[91mSkipping: (MultiDim_3D_Histo)_(RC_Bayesian)_(SMEAR=Smear)_(Q2_y_Bin_5)_(z_pT_Bin_1)_(MultiDim_z_pT_Bin_Y_bin_phi_t)[0m (Histo Num 43200)
[91mSkipping: (MultiDim_3D_Histo)_(RC_Bayesian)_(SMEAR=Smear)_(Q2_y_Bin_5)_(z_pT_Bin_2)_(MultiDim_z_pT_Bin_Y_bin_phi_t)[0m (Histo Num 43201)
[91mSkipping: (MultiDim_3D_Histo)_(RC_Bayesian)_(SMEAR=Smear)_(Q2_y_Bin_5)_(z_pT_Bin_3)_(MultiDim_z_pT_Bin_Y_bin_phi_t)[0m (Histo Num 43202)
[91mSkipping: (MultiDim_3D_Histo)_(RC_Bayesian)_(SMEAR=Smear)_(Q2_y_Bin_5)_(z_pT_Bin_4)_(MultiDim_z_pT_Bin_Y_bin_phi_t)[0m (Histo Num 43203)
[91mSkipping: (MultiDim_3D_Histo)_(RC_Bayesian)_(SMEAR=Smear)_(Q2_y_Bin_5)_(z_pT_Bin_5)_(MultiDim_z_pT_Bin_Y_bin_phi_t)[0m (Histo Num 43204)
[91mSkipping: (MultiDim_3D_Histo)_(RC_Bayesian)_(SMEAR=Smear)_(Q2_y_Bin_5)_(z_pT_Bin_6)_(MultiDim_z_pT_Bin_Y_bin_phi_t)[0m (Histo Num 43205)
[91mSkipping: (MultiDim_3D_Histo)_(RC_Bayesian)_(SMEAR=Smear)_(Q2_y_Bin_5)_(z_pT_Bin_7)_(MultiDim_z_pT_Bin_Y_bin_phi_t)[0m (Histo Num 43206)
[91mSkipping: (MultiDim_3D_Histo)_(RC_Bayesian)_(SMEAR=Smear)_(Q2_y_Bin_5)_(z_pT_Bin_8)_(MultiDim_z_pT_Bin_Y_bin_phi_t)[0m (Histo Num 43207)
[91mSkipping: (MultiDim_3D_Histo)_(RC_Bayesian)_(SMEAR=Smear)_(Q2_y_Bin_5)_(z_pT_Bin_9)_(MultiDim_z_pT_Bin_Y_bin_phi_t)[0m (Histo Num 43208)
[91mSkipping: (MultiDim_3D_Histo)_(RC_Bayesian)_(SMEAR=Smear)_(Q2_y_Bin_5)_(z_pT_Bin_10)_(MultiDim_z_pT_Bin_Y_bin_phi_t)[0m (Histo Num 43209)
[91mSkipping: (MultiDim_3D_Histo)_(RC_Bayesian)_(SMEAR=Smear)_(Q2_y_Bin_5)_(z_pT_Bin_11)_(MultiDim_z_pT_Bin_Y_bin_phi_t)[0m (Histo Num 43210)
[91mSkipping: (MultiDim_3D_Histo)_(RC_Bayesian)_(SMEAR=Smear)_(Q2_y_Bin_5)_(z_pT_Bin_12)_(MultiDim_z_pT_Bin_Y_bin_phi_t)[0m (Histo Num 43211)
[91mSkipping: (MultiDim_3D_Histo)_(RC_Bayesian)_(SMEAR=Smear)_(Q2_y_Bin_5)_(z_pT_Bin_13)_(MultiDim_z_pT_Bin_Y_bin_phi_t)[0m (Histo Num 43212)
[91mSkipping: (MultiDim_3D_Histo)_(RC_Bayesian)_(SMEAR=Smear)_(Q2_y_Bin_5)_(z_pT_Bin_14)_(MultiDim_z_pT_Bin_Y_bin_phi_t)[0m (Histo Num 43213)
[91mSkipping: (MultiDim_3D_Histo)_(RC_Bayesian)_(SMEAR=Smear)_(Q2_y_Bin_5)_(z_pT_Bin_15)_(MultiDim_z_pT_Bin_Y_bin_phi_t)[0m (Histo Num 43214)
[91mSkipping: (MultiDim_3D_Histo)_(RC_Bayesian)_(SMEAR=Smear)_(Q2_y_Bin_5)_(z_pT_Bin_16)_(MultiDim_z_pT_Bin_Y_bin_phi_t)[0m (Histo Num 43215)
[91mSkipping: (MultiDim_3D_Histo)_(RC_Bayesian)_(SMEAR=Smear)_(Q2_y_Bin_5)_(z_pT_Bin_17)_(MultiDim_z_pT_Bin_Y_bin_phi_t)[0m (Histo Num 43216)
[91mSkipping: (MultiDim_3D_Histo)_(RC_Bayesian)_(SMEAR=Smear)_(Q2_y_Bin_5)_(z_pT_Bin_18)_(MultiDim_z_pT_Bin_Y_bin_phi_t)[0m (Histo Num 43217)
[91mSkipping: (MultiDim_3D_Histo)_(RC_Bayesian)_(SMEAR=Smear)_(Q2_y_Bin_5)_(z_pT_Bin_19)_(MultiDim_z_pT_Bin_Y_bin_phi_t)[0m (Histo Num 43218)
[91mSkipping: (MultiDim_3D_Histo)_(RC_Bayesian)_(SMEAR=Smear)_(Q2_y_Bin_5)_(z_pT_Bin_20)_(MultiDim_z_pT_Bin_Y_bin_phi_t)[0m (Histo Num 43219)
[91mSkipping: (MultiDim_3D_Histo)_(RC_Bayesian)_(SMEAR=Smear)_(Q2_y_Bin_5)_(z_pT_Bin_21)_(MultiDim_z_pT_Bin_Y_bin_phi_t)[0m (Histo Num 43220)
[91mSkipping: (MultiDim_3D_Histo)_(RC_Bayesian)_(SMEAR=Smear)_(Q2_y_Bin_5)_(z_pT_Bin_22)_(MultiDim_z_pT_Bin_Y_bin_phi_t)[0m (Histo Num 43221)
[91mSkipping: (MultiDim_3D_Histo)_(RC_Bayesian)_(SMEAR=Smear)_(Q2_y_Bin_5)_(z_pT_Bin_23)_(MultiDim_z_pT_Bin_Y_bin_phi_t)[0m (Histo Num 43222)
[91mSkipping: (MultiDim_3D_Histo)_(RC_Bayesian)_(SMEAR=Smear)_(Q2_y_Bin_5)_(z_pT_Bin_25)_(MultiDim_z_pT_Bin_Y_bin_phi_t)[0m (Histo Num 43223)
[91mSkipping: (MultiDim_3D_Histo)_(RC_Bayesian)_(SMEAR=Smear)_(Q2_y_Bin_5)_(z_pT_Bin_26)_(MultiDim_z_pT_Bin_Y_bin_phi_t)[0m (Histo Num 43224)
[91mSkipping: (MultiDim_3D_Histo)_(RC_Bayesian)_(SMEAR=Smear)_(Q2_y_Bin_5)_(z_pT_Bin_27)_(MultiDim_z_pT_Bin_Y_bin_phi_t)[0m (Histo Num 43225)
[91mSkipping: (MultiDim_3D_Histo)_(RC_Bayesian)_(SMEAR=Smear)_(Q2_y_Bin_5)_(z_pT_Bin_28)_(MultiDim_z_pT_Bin_Y_bin_phi_t)[0m (Histo Num 43226)
[91mSkipping: (MultiDim_3D_Histo)_(RC_Bayesian)_(SMEAR=Smear)_(Q2_y_Bin_5)_(z_pT_Bin_29)_(MultiDim_z_pT_Bin_Y_bin_phi_t)[0m (Histo Num 43227)
[91mSkipping: (MultiDim_3D_Histo)_(RC_Bayesian)_(SMEAR=Smear)_(Q2_y_Bin_5)_(z_pT_Bin_31)_(MultiDim_z_pT_Bin_Y_bin_phi_t)[0m (Histo Num 43228)
[91mSkipping: (MultiDim_3D_Histo)_(RC_Bayesian)_(SMEAR=Smear)_(Q2_y_Bin_5)_(z_pT_Bin_32)_(MultiDim_z_pT_Bin_Y_bin_phi_t)[0m (Histo Num 43229)
[91mSkipping: (MultiDim_3D_Histo)_(RC_Bayesian)_(SMEAR=Smear)_(Q2_y_Bin_5)_(z_pT_Bin_33)_(MultiDim_z_pT_Bin_Y_bin_phi_t)[0m (Histo Num 43230)
[91mSkipping: (MultiDim_3D_Histo)_(RC_Bayesian)_(SMEAR=Smear)_(Q2_y_Bin_5)_(z_pT_Bin_34)_(MultiDim_z_pT_Bin_Y_bin_phi_t)[0m (Histo Num 43231)
[91mSkipping: (MultiDim_3D_Histo)_(RC_Bayesian)_(SMEAR=Smear)_(Q2_y_Bin_6)_(z_pT_Bin_1)_(MultiDim_z_pT_Bin_Y_bin_phi_t)[0m (Histo Num 43233)
[91mSkipping: (MultiDim_3D_Histo)_(RC_Bayesian)_(SMEAR=Smear)_(Q2_y_Bin_6)_(z_pT_Bin_2)_(MultiDim_z_pT_Bin_Y_bin_phi_t)[0m (Histo Num 43234)
[91mSkipping: (MultiDim_3D_Histo)_(RC_Bayesian)_(SMEAR=Smear)_(Q2_y_Bin_6)_(z_pT_Bin_3)_(MultiDim_z_pT_Bin_Y_bin_phi_t)[0m (Histo Num 43235)
[91mSkipping: (MultiDim_3D_Histo)_(RC_Bayesian)_(SMEAR=Smear)_(Q2_y_Bin_6)_(z_pT_Bin_4)_(MultiDim_z_pT_Bin_Y_bin_phi_t)[0m (Histo Num 43236)
[91mSkipping: (MultiDim_3D_Histo)_(RC_Bayesian)_(SMEAR=Smear)_(Q2_y_Bin_6)_(z_pT_Bin_5)_(MultiDim_z_pT_Bin_Y_bin_phi_t)[0m (Histo Num 43237)
[91mSkipping: (MultiDim_3D_Histo)_(RC_Bayesian)_(SMEAR=Smear)_(Q2_y_Bin_6)_(z_pT_Bin_6)_(MultiDim_z_pT_Bin_Y_bin_phi_t)[0m (Histo Num 43238)
[91mSkipping: (MultiDim_3D_Histo)_(RC_Bayesian)_(SMEAR=Smear)_(Q2_y_Bin_6)_(z_pT_Bin_7)_(MultiDim_z_pT_Bin_Y_bin_phi_t)[0m (Histo Num 43239)
[91mSkipping: (MultiDim_3D_Histo)_(RC_Bayesian)_(SMEAR=Smear)_(Q2_y_Bin_6)_(z_pT_Bin_8)_(MultiDim_z_pT_Bin_Y_bin_phi_t)[0m (Histo Num 43240)
[91mSkipping: (MultiDim_3D_Histo)_(RC_Bayesian)_(SMEAR=Smear)_(Q2_y_Bin_6)_(z_pT_Bin_9)_(MultiDim_z_pT_Bin_Y_bin_phi_t)[0m (Histo Num 43241)
[91mSkipping: (MultiDim_3D_Histo)_(RC_Bayesian)_(SMEAR=Smear)_(Q2_y_Bin_6)_(z_pT_Bin_10)_(MultiDim_z_pT_Bin_Y_bin_phi_t)[0m (Histo Num 43242)
[91mSkipping: (MultiDim_3D_Histo)_(RC_Bayesian)_(SMEAR=Smear)_(Q2_y_Bin_6)_(z_pT_Bin_11)_(MultiDim_z_pT_Bin_Y_bin_phi_t)[0m (Histo Num 43243)
[91mSkipping: (MultiDim_3D_Histo)_(RC_Bayesian)_(SMEAR=Smear)_(Q2_y_Bin_6)_(z_pT_Bin_12)_(MultiDim_z_pT_Bin_Y_bin_phi_t)[0m (Histo Num 43244)
[91mSkipping: (MultiDim_3D_Histo)_(RC_Bayesian)_(SMEAR=Smear)_(Q2_y_Bin_6)_(z_pT_Bin_13)_(MultiDim_z_pT_Bin_Y_bin_phi_t)[0m (Histo Num 43245)
[91mSkipping: (MultiDim_3D_Histo)_(RC_Bayesian)_(SMEAR=Smear)_(Q2_y_Bin_6)_(z_pT_Bin_14)_(MultiDim_z_pT_Bin_Y_bin_phi_t)[0m (Histo Num 43246)
[91mSkipping: (MultiDim_3D_Histo)_(RC_Bayesian)_(SMEAR=Smear)_(Q2_y_Bin_6)_(z_pT_Bin_15)_(MultiDim_z_pT_Bin_Y_bin_phi_t)[0m (Histo Num 43247)
[91mSkipping: (MultiDim_3D_Histo)_(RC_Bayesian)_(SMEAR=Smear)_(Q2_y_Bin_6)_(z_pT_Bin_16)_(MultiDim_z_pT_Bin_Y_bin_phi_t)[0m (Histo Num 43248)
[91mSkipping: (MultiDim_3D_Histo)_(RC_Bayesian)_(SMEAR=Smear)_(Q2_y_Bin_6)_(z_pT_Bin_17)_(MultiDim_z_pT_Bin_Y_bin_phi_t)[0m (Histo Num 43249)
[91mSkipping: (MultiDim_3D_Histo)_(RC_Bayesian)_(SMEAR=Smear)_(Q2_y_Bin_6)_(z_pT_Bin_19)_(MultiDim_z_pT_Bin_Y_bin_phi_t)[0m (Histo Num 43250)
[91mSkipping: (MultiDim_3D_Histo)_(RC_Bayesian)_(SMEAR=Smear)_(Q2_y_Bin_6)_(z_pT_Bin_20)_(MultiDim_z_pT_Bin_Y_bin_phi_t)[0m (Histo Num 43251)
[91mSkipping: (MultiDim_3D_Histo)_(RC_Bayesian)_(SMEAR=Smear)_(Q2_y_Bin_6)_(z_pT_Bin_21)_(MultiDim_z_pT_Bin_Y_bin_phi_t)[0m (Histo Num 43252)
[91mSkipping: (MultiDim_3D_Histo)_(RC_Bayesian)_(SMEAR=Smear)_(Q2_y_Bin_6)_(z_pT_Bin_22)_(MultiDim_z_pT_Bin_Y_bin_phi_t)[0m (Histo Num 43253)
[91mSkipping: (MultiDim_3D_Histo)_(RC_Bayesian)_(SMEAR=Smear)_(Q2_y_Bin_6)_(z_pT_Bin_23)_(MultiDim_z_pT_Bin_Y_bin_phi_t)[0m (Histo Num 43254)
[91mSkipping: (MultiDim_3D_Histo)_(RC_Bayesian)_(SMEAR=Smear)_(Q2_y_Bin_6)_(z_pT_Bin_25)_(MultiDim_z_pT_Bin_Y_bin_phi_t)[0m (Histo Num 43255)
[91mSkipping: (MultiDim_3D_Histo)_(RC_Bayesian)_(SMEAR=Smear)_(Q2_y_Bin_6)_(z_pT_Bin_26)_(MultiDim_z_pT_Bin_Y_bin_phi_t)[0m (Histo Num 43256)
[91mSkipping: (MultiDim_3D_Histo)_(RC_Bayesian)_(SMEAR=Smear)_(Q2_y_Bin_6)_(z_pT_Bin_27)_(MultiDim_z_pT_Bin_Y_bin_phi_t)[0m (Histo Num 43257)
[91mSkipping: (MultiDim_3D_Histo)_(RC_Bayesian)_(SMEAR=Smear)_(Q2_y_Bin_6)_(z_pT_Bin_28)_(MultiDim_z_pT_Bin_Y_bin_phi_t)[0m (Histo Num 43258)
[91mSkipping: (MultiDim_3D_Histo)_(RC_Bayesian)_(SMEAR=Smear)_(Q2_y_Bin_7)_(z_pT_Bin_1)_(MultiDim_z_pT_Bin_Y_bin_phi_t)[0m (Histo Num 43260)
[91mSkipping: (MultiDim_3D_Histo)_(RC_Bayesian)_(SMEAR=Smear)_(Q2_y_Bin_7)_(z_pT_Bin_2)_(MultiDim_z_pT_Bin_Y_bin_phi_t)[0m (Histo Num 43261)
[91mSkipping: (MultiDim_3D_Histo)_(RC_Bayesian)_(SMEAR=Smear)_(Q2_y_Bin_7)_(z_pT_Bin_3)_(MultiDim_z_pT_Bin_Y_bin_phi_t)[0m (Histo Num 43262)
[91mSkipping: (MultiDim_3D_Histo)_(RC_Bayesian)_(SMEAR=Smear)_(Q2_y_Bin_7)_(z_pT_Bin_4)_(MultiDim_z_pT_Bin_Y_bin_phi_t)[0m (Histo Num 43263)
[91mSkipping: (MultiDim_3D_Histo)_(RC_Bayesian)_(SMEAR=Smear)_(Q2_y_Bin_7)_(z_pT_Bin_5)_(MultiDim_z_pT_Bin_Y_bin_phi_t)[0m (Histo Num 43264)
[91mSkipping: (MultiDim_3D_Histo)_(RC_Bayesian)_(SMEAR=Smear)_(Q2_y_Bin_7)_(z_pT_Bin_7)_(MultiDim_z_pT_Bin_Y_bin_phi_t)[0m (Histo Num 43265)
[91mSkipping: (MultiDim_3D_Histo)_(RC_Bayesian)_(SMEAR=Smear)_(Q2_y_Bin_7)_(z_pT_Bin_8)_(MultiDim_z_pT_Bin_Y_bin_phi_t)[0m (Histo Num 43266)
[91mSkipping: (MultiDim_3D_Histo)_(RC_Bayesian)_(SMEAR=Smear)_(Q2_y_Bin_7)_(z_pT_Bin_9)_(MultiDim_z_pT_Bin_Y_bin_phi_t)[0m (Histo Num 43267)
[91mSkipping: (MultiDim_3D_Histo)_(RC_Bayesian)_(SMEAR=Smear)_(Q2_y_Bin_7)_(z_pT_Bin_10)_(MultiDim_z_pT_Bin_Y_bin_phi_t)[0m (Histo Num 43268)
[91mSkipping: (MultiDim_3D_Histo)_(RC_Bayesian)_(SMEAR=Smear)_(Q2_y_Bin_7)_(z_pT_Bin_11)_(MultiDim_z_pT_Bin_Y_bin_phi_t)[0m (Histo Num 43269)
[91mSkipping: (MultiDim_3D_Histo)_(RC_Bayesian)_(SMEAR=Smear)_(Q2_y_Bin_7)_(z_pT_Bin_12)_(MultiDim_z_pT_Bin_Y_bin_phi_t)[0m (Histo Num 43270)
[91mSkipping: (MultiDim_3D_Histo)_(RC_Bayesian)_(SMEAR=Smear)_(Q2_y_Bin_7)_(z_pT_Bin_13)_(MultiDim_z_pT_Bin_Y_bin_phi_t)[0m (Histo Num 43271)
[91mSkipping: (MultiDim_3D_Histo)_(RC_Bayesian)_(SMEAR=Smear)_(Q2_y_Bin_7)_(z_pT_Bin_14)_(MultiDim_z_pT_Bin_Y_bin_phi_t)[0m (Histo Num 43272)
[91mSkipping: (MultiDim_3D_Histo)_(RC_Bayesian)_(SMEAR=Smear)_(Q2_y_Bin_7)_(z_pT_Bin_15)_(MultiDim_z_pT_Bin_Y_bin_phi_t)[0m (Histo Num 43273)
[91mSkipping: (MultiDim_3D_Histo)_(RC_Bayesian)_(SMEAR=Smear)_(Q2_y_Bin_7)_(z_pT_Bin_16)_(MultiDim_z_pT_Bin_Y_bin_phi_t)[0m (Histo Num 43274)
[91mSkipping: (MultiDim_3D_Histo)_(RC_Bayesian)_(SMEAR=Smear)_(Q2_y_Bin_7)_(z_pT_Bin_17)_(MultiDim_z_pT_Bin_Y_bin_phi_t)[0m (Histo Num 43275)
[91mSkipping: (MultiDim_3D_Histo)_(RC_Bayesian)_(SMEAR=Smear)_(Q2_y_Bin_7)_(z_pT_Bin_18)_(MultiDim_z_pT_Bin_Y_bin_phi_t)[0m (Histo Num 43276)
[91mSkipping: (MultiDim_3D_Histo)_(RC_Bayesian)_(SMEAR=Smear)_(Q2_y_Bin_7)_(z_pT_Bin_19)_(MultiDim_z_pT_Bin_Y_bin_phi_t)[0m (Histo Num 43277)
[91mSkipping: (MultiDim_3D_Histo)_(RC_Bayesian)_(SMEAR=Smear)_(Q2_y_Bin_7)_(z_pT_Bin_20)_(MultiDim_z_pT_Bin_Y_bin_phi_t)[0m (Histo Num 43278)
[91mSkipping: (MultiDim_3D_Histo)_(RC_Bayesian)_(SMEAR=Smear)_(Q2_y_Bin_7)_(z_pT_Bin_21)_(MultiDim_z_pT_Bin_Y_bin_phi_t)[0m (Histo Num 43279)
[91mSkipping: (MultiDim_3D_Histo)_(RC_Bayesian)_(SMEAR=Smear)_(Q2_y_Bin_7)_(z_pT_Bin_22)_(MultiDim_z_pT_Bin_Y_bin_phi_t)[0m (Histo Num 43280)
[91mSkipping: (MultiDim_3D_Histo)_(RC_Bayesian)_(SMEAR=Smear)_(Q2_y_Bin_7)_(z_pT_Bin_23)_(MultiDim_z_pT_Bin_Y_bin_phi_t)[0m (Histo Num 43281)
[91mSkipping: (MultiDim_3D_Histo)_(RC_Bayesian)_(SMEAR=Smear)_(Q2_y_Bin_7)_(z_pT_Bin_24)_(MultiDim_z_pT_Bin_Y_bin_phi_t)[0m (Histo Num 43282)
[91mSkipping: (MultiDim_3D_Histo)_(RC_Bayesian)_(SMEAR=Smear)_(Q2_y_Bin_7)_(z_pT_Bin_25)_(MultiDim_z_pT_Bin_Y_bin_phi_t)[0m (Histo Num 43283)
[91mSkipping: (MultiDim_3D_Histo)_(RC_Bayesian)_(SMEAR=Smear)_(Q2_y_Bin_7)_(z_pT_Bin_26)_(MultiDim_z_pT_Bin_Y_bin_phi_t)[0m (Histo Num 43284)
[91mSkipping: (MultiDim_3D_Histo)_(RC_Bayesian)_(SMEAR=Smear)_(Q2_y_Bin_7)_(z_pT_Bin_27)_(MultiDim_z_pT_Bin_Y_bin_phi_t)[0m (Histo Num 43285)
[91mSkipping: (MultiDim_3D_Histo)_(RC_Bayesian)_(SMEAR=Smear)_(Q2_y_Bin_7)_(z_pT_Bin_28)_(MultiDim_z_pT_Bin_Y_bin_phi_t)[0m (Histo Num 43286)
[91mSkipping: (MultiDim_3D_Histo)_(RC_Bayesian)_(SMEAR=Smear)_(Q2_y_Bin_7)_(z_pT_Bin_29)_(MultiDim_z_pT_Bin_Y_bin_phi_t)[0m (Histo Num 43287)
[91mSkipping: (MultiDim_3D_Histo)_(RC_Bayesian)_(SMEAR=Smear)_(Q2_y_Bin_7)_(z_pT_Bin_31)_(MultiDim_z_pT_Bin_Y_bin_phi_t)[0m (Histo Num 43288)
[91mSkipping: (MultiDim_3D_Histo)_(RC_Bayesian)_(SMEAR=Smear)_(Q2_y_Bin_7)_(z_pT_Bin_32)_(MultiDim_z_pT_Bin_Y_bin_phi_t)[0m (Histo Num 43289)
[91mSkipping: (MultiDim_3D_Histo)_(RC_Bayesian)_(SMEAR=Smear)_(Q2_y_Bin_7)_(z_pT_Bin_33)_(MultiDim_z_pT_Bin_Y_bin_phi_t)[0m (Histo Num 43290)
[91mSkipping: (MultiDim_3D_Histo)_(RC_Bayesian)_(SMEAR=Smear)_(Q2_y_Bin_7)_(z_pT_Bin_34)_(MultiDim_z_pT_Bin_Y_bin_phi_t)[0m (Histo Num 43291)
[91mSkipping: (MultiDim_3D_Histo)_(RC_Bayesian)_(SMEAR=Smear)_(Q2_y_Bin_7)_(z_pT_Bin_35)_(MultiDim_z_pT_Bin_Y_bin_phi_t)[0m (Histo Num 43292)
[91mSkipping: (MultiDim_3D_Histo)_(RC_Bayesian)_(SMEAR=Smear)_(Q2_y_Bin_8)_(z_pT_Bin_6)_(MultiDim_z_pT_Bin_Y_bin_phi_t)[0m (Histo Num 43294)
[91mSkipping: (MultiDim_3D_Histo)_(RC_Bayesian)_(SMEAR=Smear)_(Q2_y_Bin_8)_(z_pT_Bin_7)_(MultiDim_z_pT_Bin_Y_bin_phi_t)[0m (Histo Num 43295)
[91mSkipping: (MultiDim_3D_Histo)_(RC_Bayesian)_(SMEAR=Smear)_(Q2_y_Bin_8)_(z_pT_Bin_8)_(MultiDim_z_pT_Bin_Y_bin_phi_t)[0m (Histo Num 43296)
[91mSkipping: (MultiDim_3D_Histo)_(RC_Bayesian)_(SMEAR=Smear)_(Q2_y_Bin_8)_(z_pT_Bin_9)_(MultiDim_z_pT_Bin_Y_bin_phi_t)[0m (Histo Num 43297)
[91mSkipping: (MultiDim_3D_Histo)_(RC_Bayesian)_(SMEAR=Smear)_(Q2_y_Bin_8)_(z_pT_Bin_10)_(MultiDim_z_pT_Bin_Y_bin_phi_t)[0m (Histo Num 43298)
[91mSkipping: (MultiDim_3D_Histo)_(RC_Bayesian)_(SMEAR=Smear)_(Q2_y_Bin_8)_(z_pT_Bin_11)_(MultiDim_z_pT_Bin_Y_bin_phi_t)[0m (Histo Num 43299)
[91mSkipping: (MultiDim_3D_Histo)_(RC_Bayesian)_(SMEAR=Smear)_(Q2_y_Bin_8)_(z_pT_Bin_12)_(MultiDim_z_pT_Bin_Y_bin_phi_t)[0m (Histo Num 43300)
[91mSkipping: (MultiDim_3D_Histo)_(RC_Bayesian)_(SMEAR=Smear)_(Q2_y_Bin_8)_(z_pT_Bin_13)_(MultiDim_z_pT_Bin_Y_bin_phi_t)[0m (Histo Num 43301)
[91mSkipping: (MultiDim_3D_Histo)_(RC_Bayesian)_(SMEAR=Smear)_(Q2_y_Bin_8)_(z_pT_Bin_14)_(MultiDim_z_pT_Bin_Y_bin_phi_t)[0m (Histo Num 43302)
[91mSkipping: (MultiDim_3D_Histo)_(RC_Bayesian)_(SMEAR=Smear)_(Q2_y_Bin_8)_(z_pT_Bin_15)_(MultiDim_z_pT_Bin_Y_bin_phi_t)[0m (Histo Num 43303)
[91mSkipping: (MultiDim_3D_Histo)_(RC_Bayesian)_(SMEAR=Smear)_(Q2_y_Bin_8)_(z_pT_Bin_16)_(MultiDim_z_pT_Bin_Y_bin_phi_t)[0m (Histo Num 43304)
[91mSkipping: (MultiDim_3D_Histo)_(RC_Bayesian)_(SMEAR=Smear)_(Q2_y_Bin_8)_(z_pT_Bin_17)_(MultiDim_z_pT_Bin_Y_bin_phi_t)[0m (Histo Num 43305)
[91mSkipping: (MultiDim_3D_Histo)_(RC_Bayesian)_(SMEAR=Smear)_(Q2_y_Bin_8)_(z_pT_Bin_18)_(MultiDim_z_pT_Bin_Y_bin_phi_t)[0m (Histo Num 43306)
[91mSkipping: (MultiDim_3D_Histo)_(RC_Bayesian)_(SMEAR=Smear)_(Q2_y_Bin_8)_(z_pT_Bin_19)_(MultiDim_z_pT_Bin_Y_bin_phi_t)[0m (Histo Num 43307)
[91mSkipping: (MultiDim_3D_Histo)_(RC_Bayesian)_(SMEAR=Smear)_(Q2_y_Bin_8)_(z_pT_Bin_20)_(MultiDim_z_pT_Bin_Y_bin_phi_t)[0m (Histo Num 43308)
[91mSkipping: (MultiDim_3D_Histo)_(RC_Bayesian)_(SMEAR=Smear)_(Q2_y_Bin_8)_(z_pT_Bin_21)_(MultiDim_z_pT_Bin_Y_bin_phi_t)[0m (Histo Num 43309)
[91mSkipping: (MultiDim_3D_Histo)_(RC_Bayesian)_(SMEAR=Smear)_(Q2_y_Bin_8)_(z_pT_Bin_22)_(MultiDim_z_pT_Bin_Y_bin_phi_t)[0m (Histo Num 43310)
[91mSkipping: (MultiDim_3D_Histo)_(RC_Bayesian)_(SMEAR=Smear)_(Q2_y_Bin_8)_(z_pT_Bin_23)_(MultiDim_z_pT_Bin_Y_bin_phi_t)[0m (Histo Num 43311)
[91mSkipping: (MultiDim_3D_Histo)_(RC_Bayesian)_(SMEAR=Smear)_(Q2_y_Bin_8)_(z_pT_Bin_24)_(MultiDim_z_pT_Bin_Y_bin_phi_t)[0m (Histo Num 43312)
[91mSkipping: (MultiDim_3D_Histo)_(RC_Bayesian)_(SMEAR=Smear)_(Q2_y_Bin_8)_(z_pT_Bin_25)_(MultiDim_z_pT_Bin_Y_bin_phi_t)[0m (Histo Num 43313)
[91mSkipping: (MultiDim_3D_Histo)_(RC_Bayesian)_(SMEAR=Smear)_(Q2_y_Bin_8)_(z_pT_Bin_26)_(MultiDim_z_pT_Bin_Y_bin_phi_t)[0m (Histo Num 43314)
[91mSkipping: (MultiDim_3D_Histo)_(RC_Bayesian)_(SMEAR=Smear)_(Q2_y_Bin_8)_(z_pT_Bin_27)_(MultiDim_z_pT_Bin_Y_bin_phi_t)[0m (Histo Num 43315)
[91mSkipping: (MultiDim_3D_Histo)_(RC_Bayesian)_(SMEAR=Smear)_(Q2_y_Bin_8)_(z_pT_Bin_28)_(MultiDim_z_pT_Bin_Y_bin_phi_t)[0m (Histo Num 43316)
[91mSkipping: (MultiDim_3D_Histo)_(RC_Bayesian)_(SMEAR=Smear)_(Q2_y_Bin_8)_(z_pT_Bin_29)_(MultiDim_z_pT_Bin_Y_bin_phi_t)[0m (Histo Num 43317)
[91mSkipping: (MultiDim_3D_Histo)_(RC_Bayesian)_(SMEAR=Smear)_(Q2_y_Bin_8)_(z_pT_Bin_30)_(MultiDim_z_pT_Bin_Y_bin_phi_t)[0m (Histo Num 43318)
[91mSkipping: (MultiDim_3D_Histo)_(RC_Bayesian)_(SMEAR=Smear)_(Q2_y_Bin_8)_(z_pT_Bin_31)_(MultiDim_z_pT_Bin_Y_bin_phi_t)[0m (Histo Num 43319)
[91mSkipping: (MultiDim_3D_Histo)_(RC_Bayesian)_(SMEAR=Smear)_(Q2_y_Bin_8)_(z_pT_Bin_32)_(MultiDim_z_pT_Bin_Y_bin_phi_t)[0m (Histo Num 43320)
[91mSkipping: (MultiDim_3D_Histo)_(RC_Bayesian)_(SMEAR=Smear)_(Q2_y_Bin_8)_(z_pT_Bin_33)_(MultiDim_z_pT_Bin_Y_bin_phi_t)[0m (Histo Num 43321)
[91mSkipping: (MultiDim_3D_Histo)_(RC_Bayesian)_(SMEAR=Smear)_(Q2_y_Bin_8)_(z_pT_Bin_34)_(MultiDim_z_pT_Bin_Y_bin_phi_t)[0m (Histo Num 43322)
[91mSkipping: (MultiDim_3D_Histo)_(RC_Bayesian)_(SMEAR=Smear)_(Q2_y_Bin_9)_(z_pT_Bin_1)_(MultiDim_z_pT_Bin_Y_bin_phi_t)[0m (Histo Num 43324)
[91mSkipping: (MultiDim_3D_Histo)_(RC_Bayesian)_(SMEAR=Smear)_(Q2_y_Bin_9)_(z_pT_Bin_2)_(MultiDim_z_pT_Bin_Y_bin_phi_t)[0m (Histo Num 43325)
[91mSkipping: (MultiDim_3D_Histo)_(RC_Bayesian)_(SMEAR=Smear)_(Q2_y_Bin_9)_(z_pT_Bin_3)_(MultiDim_z_pT_Bin_Y_bin_phi_t)[0m (Histo Num 43326)
[91mSkipping: (MultiDim_3D_Histo)_(RC_Bayesian)_(SMEAR=Smear)_(Q2_y_Bin_9)_(z_pT_Bin_4)_(MultiDim_z_pT_Bin_Y_bin_phi_t)[0m (Histo Num 43327)
[91mSkipping: (MultiDim_3D_Histo)_(RC_Bayesian)_(SMEAR=Smear)_(Q2_y_Bin_9)_(z_pT_Bin_5)_(MultiDim_z_pT_Bin_Y_bin_phi_t)[0m (Histo Num 43328)
[91mSkipping: (MultiDim_3D_Histo)_(RC_Bayesian)_(SMEAR=Smear)_(Q2_y_Bin_9)_(z_pT_Bin_6)_(MultiDim_z_pT_Bin_Y_bin_phi_t)[0m (Histo Num 43329)
[91mSkipping: (MultiDim_3D_Histo)_(RC_Bayesian)_(SMEAR=Smear)_(Q2_y_Bin_9)_(z_pT_Bin_7)_(MultiDim_z_pT_Bin_Y_bin_phi_t)[0m (Histo Num 43330)
[91mSkipping: (MultiDim_3D_Histo)_(RC_Bayesian)_(SMEAR=Smear)_(Q2_y_Bin_9)_(z_pT_Bin_8)_(MultiDim_z_pT_Bin_Y_bin_phi_t)[0m (Histo Num 43331)
[91mSkipping: (MultiDim_3D_Histo)_(RC_Bayesian)_(SMEAR=Smear)_(Q2_y_Bin_9)_(z_pT_Bin_9)_(MultiDim_z_pT_Bin_Y_bin_phi_t)[0m (Histo Num 43332)
[91mSkipping: (MultiDim_3D_Histo)_(RC_Bayesian)_(SMEAR=Smear)_(Q2_y_Bin_9)_(z_pT_Bin_10)_(MultiDim_z_pT_Bin_Y_bin_phi_t)[0m (Histo Num 43333)
[91mSkipping: (MultiDim_3D_Histo)_(RC_Bayesian)_(SMEAR=Smear)_(Q2_y_Bin_9)_(z_pT_Bin_11)_(MultiDim_z_pT_Bin_Y_bin_phi_t)[0m (Histo Num 43334)
[91mSkipping: (MultiDim_3D_Histo)_(RC_Bayesian)_(SMEAR=Smear)_(Q2_y_Bin_9)_(z_pT_Bin_12)_(MultiDim_z_pT_Bin_Y_bin_phi_t)[0m (Histo Num 43335)
[91mSkipping: (MultiDim_3D_Histo)_(RC_Bayesian)_(SMEAR=Smear)_(Q2_y_Bin_9)_(z_pT_Bin_13)_(MultiDim_z_pT_Bin_Y_bin_phi_t)[0m (Histo Num 43336)
[91mSkipping: (MultiDim_3D_Histo)_(RC_Bayesian)_(SMEAR=Smear)_(Q2_y_Bin_9)_(z_pT_Bin_14)_(MultiDim_z_pT_Bin_Y_bin_phi_t)[0m (Histo Num 43337)
[91mSkipping: (MultiDim_3D_Histo)_(RC_Bayesian)_(SMEAR=Smear)_(Q2_y_Bin_9)_(z_pT_Bin_15)_(MultiDim_z_pT_Bin_Y_bin_phi_t)[0m (Histo Num 43338)
[91mSkipping: (MultiDim_3D_Histo)_(RC_Bayesian)_(SMEAR=Smear)_(Q2_y_Bin_9)_(z_pT_Bin_16)_(MultiDim_z_pT_Bin_Y_bin_phi_t)[0m (Histo Num 43339)
[91mSkipping: (MultiDim_3D_Histo)_(RC_Bayesian)_(SMEAR=Smear)_(Q2_y_Bin_9)_(z_pT_Bin_17)_(MultiDim_z_pT_Bin_Y_bin_phi_t)[0m (Histo Num 43340)
[91mSkipping: (MultiDim_3D_Histo)_(RC_Bayesian)_(SMEAR=Smear)_(Q2_y_Bin_9)_(z_pT_Bin_18)_(MultiDim_z_pT_Bin_Y_bin_phi_t)[0m (Histo Num 43341)
[91mSkipping: (MultiDim_3D_Histo)_(RC_Bayesian)_(SMEAR=Smear)_(Q2_y_Bin_9)_(z_pT_Bin_19)_(MultiDim_z_pT_Bin_Y_bin_phi_t)[0m (Histo Num 43342)
[91mSkipping: (MultiDim_3D_Histo)_(RC_Bayesian)_(SMEAR=Smear)_(Q2_y_Bin_9)_(z_pT_Bin_20)_(MultiDim_z_pT_Bin_Y_bin_phi_t)[0m (Histo Num 43343)
[91mSkipping: (MultiDim_3D_Histo)_(RC_Bayesian)_(SMEAR=Smear)_(Q2_y_Bin_9)_(z_pT_Bin_22)_(MultiDim_z_pT_Bin_Y_bin_phi_t)[0m (Histo Num 43344)
[91mSkipping: (MultiDim_3D_Histo)_(RC_Bayesian)_(SMEAR=Smear)_(Q2_y_Bin_9)_(z_pT_Bin_23)_(MultiDim_z_pT_Bin_Y_bin_phi_t)[0m (Histo Num 43345)
[91mSkipping: (MultiDim_3D_Histo)_(RC_Bayesian)_(SMEAR=Smear)_(Q2_y_Bin_9)_(z_pT_Bin_24)_(MultiDim_z_pT_Bin_Y_bin_phi_t)[0m (Histo Num 43346)
[91mSkipping: (MultiDim_3D_Histo)_(RC_Bayesian)_(SMEAR=Smear)_(Q2_y_Bin_9)_(z_pT_Bin_25)_(MultiDim_z_pT_Bin_Y_bin_phi_t)[0m (Histo Num 43347)
[91mSkipping: (MultiDim_3D_Histo)_(RC_Bayesian)_(SMEAR=Smear)_(Q2_y_Bin_9)_(z_pT_Bin_26)_(MultiDim_z_pT_Bin_Y_bin_phi_t)[0m (Histo Num 43348)
[91mSkipping: (MultiDim_3D_Histo)_(RC_Bayesian)_(SMEAR=Smear)_(Q2_y_Bin_9)_(z_pT_Bin_29)_(MultiDim_z_pT_Bin_Y_bin_phi_t)[0m (Histo Num 43349)
[91mSkipping: (MultiDim_3D_Histo)_(RC_Bayesian)_(SMEAR=Smear)_(Q2_y_Bin_9)_(z_pT_Bin_30)_(MultiDim_z_pT_Bin_Y_bin_phi_t)[0m (Histo Num 43350)
[91mSkipping: (MultiDim_3D_Histo)_(RC_Bayesian)_(SMEAR=Smear)_(Q2_y_Bin_9)_(z_pT_Bin_31)_(MultiDim_z_pT_Bin_Y_bin_phi_t)[0m (Histo Num 43351)
[91mSkipping: (MultiDim_3D_Histo)_(RC_Bayesian)_(SMEAR=Smear)_(Q2_y_Bin_9)_(z_pT_Bin_32)_(MultiDim_z_pT_Bin_Y_bin_phi_t)[0m (Histo Num 43352)
[91mSkipping: (MultiDim_3D_Histo)_(RC_Bayesian)_(SMEAR=Smear)_(Q2_y_Bin_10)_(z_pT_Bin_1)_(MultiDim_z_pT_Bin_Y_bin_phi_t)[0m (Histo Num 43354)
[91mSkipping: (MultiDim_3D_Histo)_(RC_Bayesian)_(SMEAR=Smear)_(Q2_y_Bin_10)_(z_pT_Bin_2)_(MultiDim_z_pT_Bin_Y_bin_phi_t)[0m (Histo Num 43355)
[91mSkipping: (MultiDim_3D_Histo)_(RC_Bayesian)_(SMEAR=Smear)_(Q2_y_Bin_10)_(z_pT_Bin_3)_(MultiDim_z_pT_Bin_Y_bin_phi_t)[0m (Histo Num 43356)
[91mSkipping: (MultiDim_3D_Histo)_(RC_Bayesian)_(SMEAR=Smear)_(Q2_y_Bin_10)_(z_pT_Bin_4)_(MultiDim_z_pT_Bin_Y_bin_phi_t)[0m (Histo Num 43357)
[91mSkipping: (MultiDim_3D_Histo)_(RC_Bayesian)_(SMEAR=Smear)_(Q2_y_Bin_10)_(z_pT_Bin_5)_(MultiDim_z_pT_Bin_Y_bin_phi_t)[0m (Histo Num 43358)
[91mSkipping: (MultiDim_3D_Histo)_(RC_Bayesian)_(SMEAR=Smear)_(Q2_y_Bin_10)_(z_pT_Bin_6)_(MultiDim_z_pT_Bin_Y_bin_phi_t)[0m (Histo Num 43359)
[91mSkipping: (MultiDim_3D_Histo)_(RC_Bayesian)_(SMEAR=Smear)_(Q2_y_Bin_10)_(z_pT_Bin_7)_(MultiDim_z_pT_Bin_Y_bin_phi_t)[0m (Histo Num 43360)
[91mSkipping: (MultiDim_3D_Histo)_(RC_Bayesian)_(SMEAR=Smear)_(Q2_y_Bin_10)_(z_pT_Bin_8)_(MultiDim_z_pT_Bin_Y_bin_phi_t)[0m (Histo Num 43361)
[91mSkipping: (MultiDim_3D_Histo)_(RC_Bayesian)_(SMEAR=Smear)_(Q2_y_Bin_10)_(z_pT_Bin_9)_(MultiDim_z_pT_Bin_Y_bin_phi_t)[0m (Histo Num 43362)
[91mSkipping: (MultiDim_3D_Histo)_(RC_Bayesian)_(SMEAR=Smear)_(Q2_y_Bin_10)_(z_pT_Bin_10)_(MultiDim_z_pT_Bin_Y_bin_phi_t)[0m (Histo Num 43363)
[91mSkipping: (MultiDim_3D_Histo)_(RC_Bayesian)_(SMEAR=Smear)_(Q2_y_Bin_10)_(z_pT_Bin_11)_(MultiDim_z_pT_Bin_Y_bin_phi_t)[0m (Histo Num 43364)
[91mSkipping: (MultiDim_3D_Histo)_(RC_Bayesian)_(SMEAR=Smear)_(Q2_y_Bin_10)_(z_pT_Bin_12)_(MultiDim_z_pT_Bin_Y_bin_phi_t)[0m (Histo Num 43365)
[91mSkipping: (MultiDim_3D_Histo)_(RC_Bayesian)_(SMEAR=Smear)_(Q2_y_Bin_10)_(z_pT_Bin_13)_(MultiDim_z_pT_Bin_Y_bin_phi_t)[0m (Histo Num 43366)
[91mSkipping: (MultiDim_3D_Histo)_(RC_Bayesian)_(SMEAR=Smear)_(Q2_y_Bin_10)_(z_pT_Bin_14)_(MultiDim_z_pT_Bin_Y_bin_phi_t)[0m (Histo Num 43367)
[91mSkipping: (MultiDim_3D_Histo)_(RC_Bayesian)_(SMEAR=Smear)_(Q2_y_Bin_10)_(z_pT_Bin_15)_(MultiDim_z_pT_Bin_Y_bin_phi_t)[0m (Histo Num 43368)
[91mSkipping: (MultiDim_3D_Histo)_(RC_Bayesian)_(SMEAR=Smear)_(Q2_y_Bin_10)_(z_pT_Bin_16)_(MultiDim_z_pT_Bin_Y_bin_phi_t)[0m (Histo Num 43369)
[91mSkipping: (MultiDim_3D_Histo)_(RC_Bayesian)_(SMEAR=Smear)_(Q2_y_Bin_10)_(z_pT_Bin_17)_(MultiDim_z_pT_Bin_Y_bin_phi_t)[0m (Histo Num 43370)
[91mSkipping: (MultiDim_3D_Histo)_(RC_Bayesian)_(SMEAR=Smear)_(Q2_y_Bin_10)_(z_pT_Bin_18)_(MultiDim_z_pT_Bin_Y_bin_phi_t)[0m (Histo Num 43371)
[91mSkipping: (MultiDim_3D_Histo)_(RC_Bayesian)_(SMEAR=Smear)_(Q2_y_Bin_10)_(z_pT_Bin_19)_(MultiDim_z_pT_Bin_Y_bin_phi_t)[0m (Histo Num 43372)
[91mSkipping: (MultiDim_3D_Histo)_(RC_Bayesian)_(SMEAR=Smear)_(Q2_y_Bin_10)_(z_pT_Bin_20)_(MultiDim_z_pT_Bin_Y_bin_phi_t)[0m (Histo Num 43373)
[91mSkipping: (MultiDim_3D_Histo)_(RC_Bayesian)_(SMEAR=Smear)_(Q2_y_Bin_10)_(z_pT_Bin_21)_(MultiDim_z_pT_Bin_Y_bin_phi_t)[0m (Histo Num 43374)
[91mSkipping: (MultiDim_3D_Histo)_(RC_Bayesian)_(SMEAR=Smear)_(Q2_y_Bin_10)_(z_pT_Bin_22)_(MultiDim_z_pT_Bin_Y_bin_phi_t)[0m (Histo Num 43375)
[91mSkipping: (MultiDim_3D_Histo)_(RC_Bayesian)_(SMEAR=Smear)_(Q2_y_Bin_10)_(z_pT_Bin_23)_(MultiDim_z_pT_Bin_Y_bin_phi_t)[0m (Histo Num 43376)
[91mSkipping: (MultiDim_3D_Histo)_(RC_Bayesian)_(SMEAR=Smear)_(Q2_y_Bin_10)_(z_pT_Bin_25)_(MultiDim_z_pT_Bin_Y_bin_phi_t)[0m (Histo Num 43377)
[91mSkipping: (MultiDim_3D_Histo)_(RC_Bayesian)_(SMEAR=Smear)_(Q2_y_Bin_10)_(z_pT_Bin_26)_(MultiDim_z_pT_Bin_Y_bin_phi_t)[0m (Histo Num 43378)
[91mSkipping: (MultiDim_3D_Histo)_(RC_Bayesian)_(SMEAR=Smear)_(Q2_y_Bin_10)_(z_pT_Bin_27)_(MultiDim_z_pT_Bin_Y_bin_phi_t)[0m (Histo Num 43379)
[91mSkipping: (MultiDim_3D_Histo)_(RC_Bayesian)_(SMEAR=Smear)_(Q2_y_Bin_10)_(z_pT_Bin_28)_(MultiDim_z_pT_Bin_Y_bin_phi_t)[0m (Histo Num 43380)
[91mSkipping: (MultiDim_3D_Histo)_(RC_Bayesian)_(SMEAR=Smear)_(Q2_y_Bin_10)_(z_pT_Bin_29)_(MultiDim_z_pT_Bin_Y_bin_phi_t)[0m (Histo Num 43381)
[91mSkipping: (MultiDim_3D_Histo)_(RC_Bayesian)_(SMEAR=Smear)_(Q2_y_Bin_10)_(z_pT_Bin_31)_(MultiDim_z_pT_Bin_Y_bin_phi_t)[0m (Histo Num 43382)
[91mSkipping: (MultiDim_3D_Histo)_(RC_Bayesian)_(SMEAR=Smear)_(Q2_y_Bin_10)_(z_pT_Bin_32)_(MultiDim_z_pT_Bin_Y_bin_phi_t)[0m (Histo Num 43383)
[91mSkipping: (MultiDim_3D_Histo)_(RC_Bayesian)_(SMEAR=Smear)_(Q2_y_Bin_10)_(z_pT_Bin_33)_(MultiDim_z_pT_Bin_Y_bin_phi_t)[0m (Histo Num 43384)
[91mSkipping: (MultiDim_3D_Histo)_(RC_Bayesian)_(SMEAR=Smear)_(Q2_y_Bin_10)_(z_pT_Bin_34)_(MultiDim_z_pT_Bin_Y_bin_phi_t)[0m (Histo Num 43385)
[91mSkipping: (MultiDim_3D_Histo)_(RC_Bayesian)_(SMEAR=Smear)_(Q2_y_Bin_11)_(z_pT_Bin_1)_(MultiDim_z_pT_Bin_Y_bin_phi_t)[0m (Histo Num 43387)
[91mSkipping: (MultiDim_3D_Histo)_(RC_Bayesian)_(SMEAR=Smear)_(Q2_y_Bin_11)_(z_pT_Bin_2)_(MultiDim_z_pT_Bin_Y_bin_phi_t)[0m (Histo Num 43388)
[91mSkipping: (MultiDim_3D_Histo)_(RC_Bayesian)_(SMEAR=Smear)_(Q2_y_Bin_11)_(z_pT_Bin_3)_(MultiDim_z_pT_Bin_Y_bin_phi_t)[0m (Histo Num 43389)
[91mSkipping: (MultiDim_3D_Histo)_(RC_Bayesian)_(SMEAR=Smear)_(Q2_y_Bin_11)_(z_pT_Bin_4)_(MultiDim_z_pT_Bin_Y_bin_phi_t)[0m (Histo Num 43390)
[91mSkipping: (MultiDim_3D_Histo)_(RC_Bayesian)_(SMEAR=Smear)_(Q2_y_Bin_11)_(z_pT_Bin_6)_(MultiDim_z_pT_Bin_Y_bin_phi_t)[0m (Histo Num 43391)
[91mSkipping: (MultiDim_3D_Histo)_(RC_Bayesian)_(SMEAR=Smear)_(Q2_y_Bin_11)_(z_pT_Bin_7)_(MultiDim_z_pT_Bin_Y_bin_phi_t)[0m (Histo Num 43392)
[91mSkipping: (MultiDim_3D_Histo)_(RC_Bayesian)_(SMEAR=Smear)_(Q2_y_Bin_11)_(z_pT_Bin_8)_(MultiDim_z_pT_Bin_Y_bin_phi_t)[0m (Histo Num 43393)
[91mSkipping: (MultiDim_3D_Histo)_(RC_Bayesian)_(SMEAR=Smear)_(Q2_y_Bin_11)_(z_pT_Bin_9)_(MultiDim_z_pT_Bin_Y_bin_phi_t)[0m (Histo Num 43394)
[91mSkipping: (MultiDim_3D_Histo)_(RC_Bayesian)_(SMEAR=Smear)_(Q2_y_Bin_11)_(z_pT_Bin_10)_(MultiDim_z_pT_Bin_Y_bin_phi_t)[0m (Histo Num 43395)
[91mSkipping: (MultiDim_3D_Histo)_(RC_Bayesian)_(SMEAR=Smear)_(Q2_y_Bin_11)_(z_pT_Bin_11)_(MultiDim_z_pT_Bin_Y_bin_phi_t)[0m (Histo Num 43396)
[91mSkipping: (MultiDim_3D_Histo)_(RC_Bayesian)_(SMEAR=Smear)_(Q2_y_Bin_11)_(z_pT_Bin_12)_(MultiDim_z_pT_Bin_Y_bin_phi_t)[0m (Histo Num 43397)
[91mSkipping: (MultiDim_3D_Histo)_(RC_Bayesian)_(SMEAR=Smear)_(Q2_y_Bin_11)_(z_pT_Bin_13)_(MultiDim_z_pT_Bin_Y_bin_phi_t)[0m (Histo Num 43398)
[91mSkipping: (MultiDim_3D_Histo)_(RC_Bayesian)_(SMEAR=Smear)_(Q2_y_Bin_11)_(z_pT_Bin_14)_(MultiDim_z_pT_Bin_Y_bin_phi_t)[0m (Histo Num 43399)
[91mSkipping: (MultiDim_3D_Histo)_(RC_Bayesian)_(SMEAR=Smear)_(Q2_y_Bin_11)_(z_pT_Bin_15)_(MultiDim_z_pT_Bin_Y_bin_phi_t)[0m (Histo Num 43400)
[91mSkipping: (MultiDim_3D_Histo)_(RC_Bayesian)_(SMEAR=Smear)_(Q2_y_Bin_11)_(z_pT_Bin_16)_(MultiDim_z_pT_Bin_Y_bin_phi_t)[0m (Histo Num 43401)
[91mSkipping: (MultiDim_3D_Histo)_(RC_Bayesian)_(SMEAR=Smear)_(Q2_y_Bin_11)_(z_pT_Bin_17)_(MultiDim_z_pT_Bin_Y_bin_phi_t)[0m (Histo Num 43402)
[91mSkipping: (MultiDim_3D_Histo)_(RC_Bayesian)_(SMEAR=Smear)_(Q2_y_Bin_11)_(z_pT_Bin_18)_(MultiDim_z_pT_Bin_Y_bin_phi_t)[0m (Histo Num 43403)
[91mSkipping: (MultiDim_3D_Histo)_(RC_Bayesian)_(SMEAR=Smear)_(Q2_y_Bin_11)_(z_pT_Bin_19)_(MultiDim_z_pT_Bin_Y_bin_phi_t)[0m (Histo Num 43404)
[91mSkipping: (MultiDim_3D_Histo)_(RC_Bayesian)_(SMEAR=Smear)_(Q2_y_Bin_11)_(z_pT_Bin_20)_(MultiDim_z_pT_Bin_Y_bin_phi_t)[0m (Histo Num 43405)
[91mSkipping: (MultiDim_3D_Histo)_(RC_Bayesian)_(SMEAR=Smear)_(Q2_y_Bin_11)_(z_pT_Bin_21)_(MultiDim_z_pT_Bin_Y_bin_phi_t)[0m (Histo Num 43406)
[91mSkipping: (MultiDim_3D_Histo)_(RC_Bayesian)_(SMEAR=Smear)_(Q2_y_Bin_11)_(z_pT_Bin_22)_(MultiDim_z_pT_Bin_Y_bin_phi_t)[0m (Histo Num 43407)
[91mSkipping: (MultiDim_3D_Histo)_(RC_Bayesian)_(SMEAR=Smear)_(Q2_y_Bin_11)_(z_pT_Bin_23)_(MultiDim_z_pT_Bin_Y_bin_phi_t)[0m (Histo Num 43408)
[91mSkipping: (MultiDim_3D_Histo)_(RC_Bayesian)_(SMEAR=Smear)_(Q2_y_Bin_11)_(z_pT_Bin_24)_(MultiDim_z_pT_Bin_Y_bin_phi_t)[0m (Histo Num 43409)
[91mSkipping: (MultiDim_3D_Histo)_(RC_Bayesian)_(SMEAR=Smear)_(Q2_y_Bin_12)_(z_pT_Bin_6)_(MultiDim_z_pT_Bin_Y_bin_phi_t)[0m (Histo Num 43411)
[91mSkipping: (MultiDim_3D_Histo)_(RC_Bayesian)_(SMEAR=Smear)_(Q2_y_Bin_12)_(z_pT_Bin_7)_(MultiDim_z_pT_Bin_Y_bin_phi_t)[0m (Histo Num 43412)
[91mSkipping: (MultiDim_3D_Histo)_(RC_Bayesian)_(SMEAR=Smear)_(Q2_y_Bin_12)_(z_pT_Bin_8)_(MultiDim_z_pT_Bin_Y_bin_phi_t)[0m (Histo Num 43413)
[91mSkipping: (MultiDim_3D_Histo)_(RC_Bayesian)_(SMEAR=Smear)_(Q2_y_Bin_12)_(z_pT_Bin_9)_(MultiDim_z_pT_Bin_Y_bin_phi_t)[0m (Histo Num 43414)
[91mSkipping: (MultiDim_3D_Histo)_(RC_Bayesian)_(SMEAR=Smear)_(Q2_y_Bin_12)_(z_pT_Bin_10)_(MultiDim_z_pT_Bin_Y_bin_phi_t)[0m (Histo Num 43415)
[91mSkipping: (MultiDim_3D_Histo)_(RC_Bayesian)_(SMEAR=Smear)_(Q2_y_Bin_12)_(z_pT_Bin_11)_(MultiDim_z_pT_Bin_Y_bin_phi_t)[0m (Histo Num 43416)
[91mSkipping: (MultiDim_3D_Histo)_(RC_Bayesian)_(SMEAR=Smear)_(Q2_y_Bin_12)_(z_pT_Bin_12)_(MultiDim_z_pT_Bin_Y_bin_phi_t)[0m (Histo Num 43417)
[91mSkipping: (MultiDim_3D_Histo)_(RC_Bayesian)_(SMEAR=Smear)_(Q2_y_Bin_12)_(z_pT_Bin_13)_(MultiDim_z_pT_Bin_Y_bin_phi_t)[0m (Histo Num 43418)
[91mSkipping: (MultiDim_3D_Histo)_(RC_Bayesian)_(SMEAR=Smear)_(Q2_y_Bin_12)_(z_pT_Bin_14)_(MultiDim_z_pT_Bin_Y_bin_phi_t)[0m (Histo Num 43419)
[91mSkipping: (MultiDim_3D_Histo)_(RC_Bayesian)_(SMEAR=Smear)_(Q2_y_Bin_12)_(z_pT_Bin_15)_(MultiDim_z_pT_Bin_Y_bin_phi_t)[0m (Histo Num 43420)
[91mSkipping: (MultiDim_3D_Histo)_(RC_Bayesian)_(SMEAR=Smear)_(Q2_y_Bin_12)_(z_pT_Bin_16)_(MultiDim_z_pT_Bin_Y_bin_phi_t)[0m (Histo Num 43421)
[91mSkipping: (MultiDim_3D_Histo)_(RC_Bayesian)_(SMEAR=Smear)_(Q2_y_Bin_12)_(z_pT_Bin_17)_(MultiDim_z_pT_Bin_Y_bin_phi_t)[0m (Histo Num 43422)
[91mSkipping: (MultiDim_3D_Histo)_(RC_Bayesian)_(SMEAR=Smear)_(Q2_y_Bin_12)_(z_pT_Bin_18)_(MultiDim_z_pT_Bin_Y_bin_phi_t)[0m (Histo Num 43423)
[91mSkipping: (MultiDim_3D_Histo)_(RC_Bayesian)_(SMEAR=Smear)_(Q2_y_Bin_12)_(z_pT_Bin_19)_(MultiDim_z_pT_Bin_Y_bin_phi_t)[0m (Histo Num 43424)
[91mSkipping: (MultiDim_3D_Histo)_(RC_Bayesian)_(SMEAR=Smear)_(Q2_y_Bin_12)_(z_pT_Bin_20)_(MultiDim_z_pT_Bin_Y_bin_phi_t)[0m (Histo Num 43425)
[91mSkipping: (MultiDim_3D_Histo)_(RC_Bayesian)_(SMEAR=Smear)_(Q2_y_Bin_12)_(z_pT_Bin_21)_(MultiDim_z_pT_Bin_Y_bin_phi_t)[0m (Histo Num 43426)
[91mSkipping: (MultiDim_3D_Histo)_(RC_Bayesian)_(SMEAR=Smear)_(Q2_y_Bin_12)_(z_pT_Bin_22)_(MultiDim_z_pT_Bin_Y_bin_phi_t)[0m (Histo Num 43427)
[91mSkipping: (MultiDim_3D_Histo)_(RC_Bayesian)_(SMEAR=Smear)_(Q2_y_Bin_12)_(z_pT_Bin_23)_(MultiDim_z_pT_Bin_Y_bin_phi_t)[0m (Histo Num 43428)
[91mSkipping: (MultiDim_3D_Histo)_(RC_Bayesian)_(SMEAR=Smear)_(Q2_y_Bin_12)_(z_pT_Bin_24)_(MultiDim_z_pT_Bin_Y_bin_phi_t)[0m (Histo Num 43429)
[91mSkipping: (MultiDim_3D_Histo)_(RC_Bayesian)_(SMEAR=Smear)_(Q2_y_Bin_13)_(z_pT_Bin_1)_(MultiDim_z_pT_Bin_Y_bin_phi_t)[0m (Histo Num 43431)
[91mSkipping: (MultiDim_3D_Histo)_(RC_Bayesian)_(SMEAR=Smear)_(Q2_y_Bin_13)_(z_pT_Bin_2)_(MultiDim_z_pT_Bin_Y_bin_phi_t)[0m (Histo Num 43432)
[91mSkipping: (MultiDim_3D_Histo)_(RC_Bayesian)_(SMEAR=Smear)_(Q2_y_Bin_13)_(z_pT_Bin_3)_(MultiDim_z_pT_Bin_Y_bin_phi_t)[0m (Histo Num 43433)
[91mSkipping: (MultiDim_3D_Histo)_(RC_Bayesian)_(SMEAR=Smear)_(Q2_y_Bin_13)_(z_pT_Bin_4)_(MultiDim_z_pT_Bin_Y_bin_phi_t)[0m (Histo Num 43434)
[91mSkipping: (MultiDim_3D_Histo)_(RC_Bayesian)_(SMEAR=Smear)_(Q2_y_Bin_13)_(z_pT_Bin_5)_(MultiDim_z_pT_Bin_Y_bin_phi_t)[0m (Histo Num 43435)
[91mSkipping: (MultiDim_3D_Histo)_(RC_Bayesian)_(SMEAR=Smear)_(Q2_y_Bin_13)_(z_pT_Bin_6)_(MultiDim_z_pT_Bin_Y_bin_phi_t)[0m (Histo Num 43436)
[91mSkipping: (MultiDim_3D_Histo)_(RC_Bayesian)_(SMEAR=Smear)_(Q2_y_Bin_13)_(z_pT_Bin_7)_(MultiDim_z_pT_Bin_Y_bin_phi_t)[0m (Histo Num 43437)
[91mSkipping: (MultiDim_3D_Histo)_(RC_Bayesian)_(SMEAR=Smear)_(Q2_y_Bin_13)_(z_pT_Bin_8)_(MultiDim_z_pT_Bin_Y_bin_phi_t)[0m (Histo Num 43438)
[91mSkipping: (MultiDim_3D_Histo)_(RC_Bayesian)_(SMEAR=Smear)_(Q2_y_Bin_13)_(z_pT_Bin_9)_(MultiDim_z_pT_Bin_Y_bin_phi_t)[0m (Histo Num 43439)
[91mSkipping: (MultiDim_3D_Histo)_(RC_Bayesian)_(SMEAR=Smear)_(Q2_y_Bin_13)_(z_pT_Bin_10)_(MultiDim_z_pT_Bin_Y_bin_phi_t)[0m (Histo Num 43440)
[91mSkipping: (MultiDim_3D_Histo)_(RC_Bayesian)_(SMEAR=Smear)_(Q2_y_Bin_13)_(z_pT_Bin_11)_(MultiDim_z_pT_Bin_Y_bin_phi_t)[0m (Histo Num 43441)
[91mSkipping: (MultiDim_3D_Histo)_(RC_Bayesian)_(SMEAR=Smear)_(Q2_y_Bin_13)_(z_pT_Bin_12)_(MultiDim_z_pT_Bin_Y_bin_phi_t)[0m (Histo Num 43442)
[91mSkipping: (MultiDim_3D_Histo)_(RC_Bayesian)_(SMEAR=Smear)_(Q2_y_Bin_13)_(z_pT_Bin_13)_(MultiDim_z_pT_Bin_Y_bin_phi_t)[0m (Histo Num 43443)
[91mSkipping: (MultiDim_3D_Histo)_(RC_Bayesian)_(SMEAR=Smear)_(Q2_y_Bin_13)_(z_pT_Bin_14)_(MultiDim_z_pT_Bin_Y_bin_phi_t)[0m (Histo Num 43444)
[91mSkipping: (MultiDim_3D_Histo)_(RC_Bayesian)_(SMEAR=Smear)_(Q2_y_Bin_13)_(z_pT_Bin_15)_(MultiDim_z_pT_Bin_Y_bin_phi_t)[0m (Histo Num 43445)
[91mSkipping: (MultiDim_3D_Histo)_(RC_Bayesian)_(SMEAR=Smear)_(Q2_y_Bin_13)_(z_pT_Bin_16)_(MultiDim_z_pT_Bin_Y_bin_phi_t)[0m (Histo Num 43446)
[91mSkipping: (MultiDim_3D_Histo)_(RC_Bayesian)_(SMEAR=Smear)_(Q2_y_Bin_13)_(z_pT_Bin_17)_(MultiDim_z_pT_Bin_Y_bin_phi_t)[0m (Histo Num 43447)
[91mSkipping: (MultiDim_3D_Histo)_(RC_Bayesian)_(SMEAR=Smear)_(Q2_y_Bin_13)_(z_pT_Bin_18)_(MultiDim_z_pT_Bin_Y_bin_phi_t)[0m (Histo Num 43448)
[91mSkipping: (MultiDim_3D_Histo)_(RC_Bayesian)_(SMEAR=Smear)_(Q2_y_Bin_13)_(z_pT_Bin_19)_(MultiDim_z_pT_Bin_Y_bin_phi_t)[0m (Histo Num 43449)
[91mSkipping: (MultiDim_3D_Histo)_(RC_Bayesian)_(SMEAR=Smear)_(Q2_y_Bin_13)_(z_pT_Bin_21)_(MultiDim_z_pT_Bin_Y_bin_phi_t)[0m (Histo Num 43450)
[91mSkipping: (MultiDim_3D_Histo)_(RC_Bayesian)_(SMEAR=Smear)_(Q2_y_Bin_13)_(z_pT_Bin_22)_(MultiDim_z_pT_Bin_Y_bin_phi_t)[0m (Histo Num 43451)
[91mSkipping: (MultiDim_3D_Histo)_(RC_Bayesian)_(SMEAR=Smear)_(Q2_y_Bin_13)_(z_pT_Bin_23)_(MultiDim_z_pT_Bin_Y_bin_phi_t)[0m (Histo Num 43452)
[91mSkipping: (MultiDim_3D_Histo)_(RC_Bayesian)_(SMEAR=Smear)_(Q2_y_Bin_13)_(z_pT_Bin_24)_(MultiDim_z_pT_Bin_Y_bin_phi_t)[0m (Histo Num 43453)
[91mSkipping: (MultiDim_3D_Histo)_(RC_Bayesian)_(SMEAR=Smear)_(Q2_y_Bin_13)_(z_pT_Bin_26)_(MultiDim_z_pT_Bin_Y_bin_phi_t)[0m (Histo Num 43454)
[91mSkipping: (MultiDim_3D_Histo)_(RC_Bayesian)_(SMEAR=Smear)_(Q2_y_Bin_13)_(z_pT_Bin_27)_(MultiDim_z_pT_Bin_Y_bin_phi_t)[0m (Histo Num 43455)
[91mSkipping: (MultiDim_3D_Histo)_(RC_Bayesian)_(SMEAR=Smear)_(Q2_y_Bin_13)_(z_pT_Bin_28)_(MultiDim_z_pT_Bin_Y_bin_phi_t)[0m (Histo Num 43456)
[91mSkipping: (MultiDim_3D_Histo)_(RC_Bayesian)_(SMEAR=Smear)_(Q2_y_Bin_14)_(z_pT_Bin_1)_(MultiDim_z_pT_Bin_Y_bin_phi_t)[0m (Histo Num 43458)
[91mSkipping: (MultiDim_3D_Histo)_(RC_Bayesian)_(SMEAR=Smear)_(Q2_y_Bin_14)_(z_pT_Bin_2)_(MultiDim_z_pT_Bin_Y_bin_phi_t)[0m (Histo Num 43459)
[91mSkipping: (MultiDim_3D_Histo)_(RC_Bayesian)_(SMEAR=Smear)_(Q2_y_Bin_14)_(z_pT_Bin_3)_(MultiDim_z_pT_Bin_Y_bin_phi_t)[0m (Histo Num 43460)
[91mSkipping: (MultiDim_3D_Histo)_(RC_Bayesian)_(SMEAR=Smear)_(Q2_y_Bin_14)_(z_pT_Bin_4)_(MultiDim_z_pT_Bin_Y_bin_phi_t)[0m (Histo Num 43461)
[91mSkipping: (MultiDim_3D_Histo)_(RC_Bayesian)_(SMEAR=Smear)_(Q2_y_Bin_14)_(z_pT_Bin_5)_(MultiDim_z_pT_Bin_Y_bin_phi_t)[0m (Histo Num 43462)
[91mSkipping: (MultiDim_3D_Histo)_(RC_Bayesian)_(SMEAR=Smear)_(Q2_y_Bin_14)_(z_pT_Bin_7)_(MultiDim_z_pT_Bin_Y_bin_phi_t)[0m (Histo Num 43463)
[91mSkipping: (MultiDim_3D_Histo)_(RC_Bayesian)_(SMEAR=Smear)_(Q2_y_Bin_14)_(z_pT_Bin_8)_(MultiDim_z_pT_Bin_Y_bin_phi_t)[0m (Histo Num 43464)
[91mSkipping: (MultiDim_3D_Histo)_(RC_Bayesian)_(SMEAR=Smear)_(Q2_y_Bin_14)_(z_pT_Bin_9)_(MultiDim_z_pT_Bin_Y_bin_phi_t)[0m (Histo Num 43465)
[91mSkipping: (MultiDim_3D_Histo)_(RC_Bayesian)_(SMEAR=Smear)_(Q2_y_Bin_14)_(z_pT_Bin_10)_(MultiDim_z_pT_Bin_Y_bin_phi_t)[0m (Histo Num 43466)
[91mSkipping: (MultiDim_3D_Histo)_(RC_Bayesian)_(SMEAR=Smear)_(Q2_y_Bin_14)_(z_pT_Bin_11)_(MultiDim_z_pT_Bin_Y_bin_phi_t)[0m (Histo Num 43467)
[91mSkipping: (MultiDim_3D_Histo)_(RC_Bayesian)_(SMEAR=Smear)_(Q2_y_Bin_14)_(z_pT_Bin_12)_(MultiDim_z_pT_Bin_Y_bin_phi_t)[0m (Histo Num 43468)
[91mSkipping: (MultiDim_3D_Histo)_(RC_Bayesian)_(SMEAR=Smear)_(Q2_y_Bin_14)_(z_pT_Bin_13)_(MultiDim_z_pT_Bin_Y_bin_phi_t)[0m (Histo Num 43469)
[91mSkipping: (MultiDim_3D_Histo)_(RC_Bayesian)_(SMEAR=Smear)_(Q2_y_Bin_14)_(z_pT_Bin_14)_(MultiDim_z_pT_Bin_Y_bin_phi_t)[0m (Histo Num 43470)
[91mSkipping: (MultiDim_3D_Histo)_(RC_Bayesian)_(SMEAR=Smear)_(Q2_y_Bin_14)_(z_pT_Bin_15)_(MultiDim_z_pT_Bin_Y_bin_phi_t)[0m (Histo Num 43471)
[91mSkipping: (MultiDim_3D_Histo)_(RC_Bayesian)_(SMEAR=Smear)_(Q2_y_Bin_14)_(z_pT_Bin_16)_(MultiDim_z_pT_Bin_Y_bin_phi_t)[0m (Histo Num 43472)
[91mSkipping: (MultiDim_3D_Histo)_(RC_Bayesian)_(SMEAR=Smear)_(Q2_y_Bin_14)_(z_pT_Bin_17)_(MultiDim_z_pT_Bin_Y_bin_phi_t)[0m (Histo Num 43473)
[91mSkipping: (MultiDim_3D_Histo)_(RC_Bayesian)_(SMEAR=Smear)_(Q2_y_Bin_14)_(z_pT_Bin_18)_(MultiDim_z_pT_Bin_Y_bin_phi_t)[0m (Histo Num 43474)
[91mSkipping: (MultiDim_3D_Histo)_(RC_Bayesian)_(SMEAR=Smear)_(Q2_y_Bin_14)_(z_pT_Bin_19)_(MultiDim_z_pT_Bin_Y_bin_phi_t)[0m (Histo Num 43475)
[91mSkipping: (MultiDim_3D_Histo)_(RC_Bayesian)_(SMEAR=Smear)_(Q2_y_Bin_14)_(z_pT_Bin_20)_(MultiDim_z_pT_Bin_Y_bin_phi_t)[0m (Histo Num 43476)
[91mSkipping: (MultiDim_3D_Histo)_(RC_Bayesian)_(SMEAR=Smear)_(Q2_y_Bin_14)_(z_pT_Bin_21)_(MultiDim_z_pT_Bin_Y_bin_phi_t)[0m (Histo Num 43477)
[91mSkipping: (MultiDim_3D_Histo)_(RC_Bayesian)_(SMEAR=Smear)_(Q2_y_Bin_14)_(z_pT_Bin_22)_(MultiDim_z_pT_Bin_Y_bin_phi_t)[0m (Histo Num 43478)
[91mSkipping: (MultiDim_3D_Histo)_(RC_Bayesian)_(SMEAR=Smear)_(Q2_y_Bin_14)_(z_pT_Bin_23)_(MultiDim_z_pT_Bin_Y_bin_phi_t)[0m (Histo Num 43479)
[91mSkipping: (MultiDim_3D_Histo)_(RC_Bayesian)_(SMEAR=Smear)_(Q2_y_Bin_14)_(z_pT_Bin_25)_(MultiDim_z_pT_Bin_Y_bin_phi_t)[0m (Histo Num 43480)
[91mSkipping: (MultiDim_3D_Histo)_(RC_Bayesian)_(SMEAR=Smear)_(Q2_y_Bin_14)_(z_pT_Bin_26)_(MultiDim_z_pT_Bin_Y_bin_phi_t)[0m (Histo Num 43481)
[91mSkipping: (MultiDim_3D_Histo)_(RC_Bayesian)_(SMEAR=Smear)_(Q2_y_Bin_14)_(z_pT_Bin_27)_(MultiDim_z_pT_Bin_Y_bin_phi_t)[0m (Histo Num 43482)
[91mSkipping: (MultiDim_3D_Histo)_(RC_Bayesian)_(SMEAR=Smear)_(Q2_y_Bin_14)_(z_pT_Bin_28)_(MultiDim_z_pT_Bin_Y_bin_phi_t)[0m (Histo Num 43483)
[91mSkipping: (MultiDim_3D_Histo)_(RC_Bayesian)_(SMEAR=Smear)_(Q2_y_Bin_14)_(z_pT_Bin_29)_(MultiDim_z_pT_Bin_Y_bin_phi_t)[0m (Histo Num 43484)
[91mSkipping: (MultiDim_3D_Histo)_(RC_Bayesian)_(SMEAR=Smear)_(Q2_y_Bin_14)_(z_pT_Bin_31)_(MultiDim_z_pT_Bin_Y_bin_phi_t)[0m (Histo Num 43485)
[91mSkipping: (MultiDim_3D_Histo)_(RC_Bayesian)_(SMEAR=Smear)_(Q2_y_Bin_14)_(z_pT_Bin_32)_(MultiDim_z_pT_Bin_Y_bin_phi_t)[0m (Histo Num 43486)
[91mSkipping: (MultiDim_3D_Histo)_(RC_Bayesian)_(SMEAR=Smear)_(Q2_y_Bin_14)_(z_pT_Bin_33)_(MultiDim_z_pT_Bin_Y_bin_phi_t)[0m (Histo Num 43487)
[91mSkipping: (MultiDim_3D_Histo)_(RC_Bayesian)_(SMEAR=Smear)_(Q2_y_Bin_14)_(z_pT_Bin_34)_(MultiDim_z_pT_Bin_Y_bin_phi_t)[0m (Histo Num 43488)
[91mSkipping: (MultiDim_3D_Histo)_(RC_Bayesian)_(SMEAR=Smear)_(Q2_y_Bin_15)_(z_pT_Bin_1)_(MultiDim_z_pT_Bin_Y_bin_phi_t)[0m (Histo Num 43490)
[91mSkipping: (MultiDim_3D_Histo)_(RC_Bayesian)_(SMEAR=Smear)_(Q2_y_Bin_15)_(z_pT_Bin_2)_(MultiDim_z_pT_Bin_Y_bin_phi_t)[0m (Histo Num 43491)
[91mSkipping: (MultiDim_3D_Histo)_(RC_Bayesian)_(SMEAR=Smear)_(Q2_y_Bin_15)_(z_pT_Bin_3)_(MultiDim_z_pT_Bin_Y_bin_phi_t)[0m (Histo Num 43492)
[91mSkipping: (MultiDim_3D_Histo)_(RC_Bayesian)_(SMEAR=Smear)_(Q2_y_Bin_15)_(z_pT_Bin_4)_(MultiDim_z_pT_Bin_Y_bin_phi_t)[0m (Histo Num 43493)
[91mSkipping: (MultiDim_3D_Histo)_(RC_Bayesian)_(SMEAR=Smear)_(Q2_y_Bin_15)_(z_pT_Bin_6)_(MultiDim_z_pT_Bin_Y_bin_phi_t)[0m (Histo Num 43494)
[91mSkipping: (MultiDim_3D_Histo)_(RC_Bayesian)_(SMEAR=Smear)_(Q2_y_Bin_15)_(z_pT_Bin_7)_(MultiDim_z_pT_Bin_Y_bin_phi_t)[0m (Histo Num 43495)
[91mSkipping: (MultiDim_3D_Histo)_(RC_Bayesian)_(SMEAR=Smear)_(Q2_y_Bin_15)_(z_pT_Bin_8)_(MultiDim_z_pT_Bin_Y_bin_phi_t)[0m (Histo Num 43496)
[91mSkipping: (MultiDim_3D_Histo)_(RC_Bayesian)_(SMEAR=Smear)_(Q2_y_Bin_15)_(z_pT_Bin_9)_(MultiDim_z_pT_Bin_Y_bin_phi_t)[0m (Histo Num 43497)
[91mSkipping: (MultiDim_3D_Histo)_(RC_Bayesian)_(SMEAR=Smear)_(Q2_y_Bin_15)_(z_pT_Bin_10)_(MultiDim_z_pT_Bin_Y_bin_phi_t)[0m (Histo Num 43498)
[91mSkipping: (MultiDim_3D_Histo)_(RC_Bayesian)_(SMEAR=Smear)_(Q2_y_Bin_15)_(z_pT_Bin_11)_(MultiDim_z_pT_Bin_Y_bin_phi_t)[0m (Histo Num 43499)
[91mSkipping: (MultiDim_3D_Histo)_(RC_Bayesian)_(SMEAR=Smear)_(Q2_y_Bin_15)_(z_pT_Bin_12)_(MultiDim_z_pT_Bin_Y_bin_phi_t)[0m (Histo Num 43500)
[91mSkipping: (MultiDim_3D_Histo)_(RC_Bayesian)_(SMEAR=Smear)_(Q2_y_Bin_15)_(z_pT_Bin_13)_(MultiDim_z_pT_Bin_Y_bin_phi_t)[0m (Histo Num 43501)
[91mSkipping: (MultiDim_3D_Histo)_(RC_Bayesian)_(SMEAR=Smear)_(Q2_y_Bin_15)_(z_pT_Bin_14)_(MultiDim_z_pT_Bin_Y_bin_phi_t)[0m (Histo Num 43502)
[91mSkipping: (MultiDim_3D_Histo)_(RC_Bayesian)_(SMEAR=Smear)_(Q2_y_Bin_15)_(z_pT_Bin_15)_(MultiDim_z_pT_Bin_Y_bin_phi_t)[0m (Histo Num 43503)
[91mSkipping: (MultiDim_3D_Histo)_(RC_Bayesian)_(SMEAR=Smear)_(Q2_y_Bin_15)_(z_pT_Bin_16)_(MultiDim_z_pT_Bin_Y_bin_phi_t)[0m (Histo Num 43504)
[91mSkipping: (MultiDim_3D_Histo)_(RC_Bayesian)_(SMEAR=Smear)_(Q2_y_Bin_15)_(z_pT_Bin_17)_(MultiDim_z_pT_Bin_Y_bin_phi_t)[0m (Histo Num 43505)
[91mSkipping: (MultiDim_3D_Histo)_(RC_Bayesian)_(SMEAR=Smear)_(Q2_y_Bin_15)_(z_pT_Bin_18)_(MultiDim_z_pT_Bin_Y_bin_phi_t)[0m (Histo Num 43506)
[91mSkipping: (MultiDim_3D_Histo)_(RC_Bayesian)_(SMEAR=Smear)_(Q2_y_Bin_15)_(z_pT_Bin_19)_(MultiDim_z_pT_Bin_Y_bin_phi_t)[0m (Histo Num 43507)
[91mSkipping: (MultiDim_3D_Histo)_(RC_Bayesian)_(SMEAR=Smear)_(Q2_y_Bin_15)_(z_pT_Bin_21)_(MultiDim_z_pT_Bin_Y_bin_phi_t)[0m (Histo Num 43508)
[91mSkipping: (MultiDim_3D_Histo)_(RC_Bayesian)_(SMEAR=Smear)_(Q2_y_Bin_15)_(z_pT_Bin_22)_(MultiDim_z_pT_Bin_Y_bin_phi_t)[0m (Histo Num 43509)
[91mSkipping: (MultiDim_3D_Histo)_(RC_Bayesian)_(SMEAR=Smear)_(Q2_y_Bin_15)_(z_pT_Bin_23)_(MultiDim_z_pT_Bin_Y_bin_phi_t)[0m (Histo Num 43510)
[91mSkipping: (MultiDim_3D_Histo)_(RC_Bayesian)_(SMEAR=Smear)_(Q2_y_Bin_15)_(z_pT_Bin_24)_(MultiDim_z_pT_Bin_Y_bin_phi_t)[0m (Histo Num 43511)
[91mSkipping: (MultiDim_3D_Histo)_(RC_Bayesian)_(SMEAR=Smear)_(Q2_y_Bin_16)_(z_pT_Bin_1)_(MultiDim_z_pT_Bin_Y_bin_phi_t)[0m (Histo Num 43513)
[91mSkipping: (MultiDim_3D_Histo)_(RC_Bayesian)_(SMEAR=Smear)_(Q2_y_Bin_16)_(z_pT_Bin_2)_(MultiDim_z_pT_Bin_Y_bin_phi_t)[0m (Histo Num 43514)
[91mSkipping: (MultiDim_3D_Histo)_(RC_Bayesian)_(SMEAR=Smear)_(Q2_y_Bin_16)_(z_pT_Bin_3)_(MultiDim_z_pT_Bin_Y_bin_phi_t)[0m (Histo Num 43515)
[91mSkipping: (MultiDim_3D_Histo)_(RC_Bayesian)_(SMEAR=Smear)_(Q2_y_Bin_16)_(z_pT_Bin_4)_(MultiDim_z_pT_Bin_Y_bin_phi_t)[0m (Histo Num 43516)
[91mSkipping: (MultiDim_3D_Histo)_(RC_Bayesian)_(SMEAR=Smear)_(Q2_y_Bin_16)_(z_pT_Bin_5)_(MultiDim_z_pT_Bin_Y_bin_phi_t)[0m (Histo Num 43517)
[91mSkipping: (MultiDim_3D_Histo)_(RC_Bayesian)_(SMEAR=Smear)_(Q2_y_Bin_16)_(z_pT_Bin_6)_(MultiDim_z_pT_Bin_Y_bin_phi_t)[0m (Histo Num 43518)
[91mSkipping: (MultiDim_3D_Histo)_(RC_Bayesian)_(SMEAR=Smear)_(Q2_y_Bin_16)_(z_pT_Bin_7)_(MultiDim_z_pT_Bin_Y_bin_phi_t)[0m (Histo Num 43519)
[91mSkipping: (MultiDim_3D_Histo)_(RC_Bayesian)_(SMEAR=Smear)_(Q2_y_Bin_16)_(z_pT_Bin_8)_(MultiDim_z_pT_Bin_Y_bin_phi_t)[0m (Histo Num 43520)
[91mSkipping: (MultiDim_3D_Histo)_(RC_Bayesian)_(SMEAR=Smear)_(Q2_y_Bin_16)_(z_pT_Bin_9)_(MultiDim_z_pT_Bin_Y_bin_phi_t)[0m (Histo Num 43521)
[91mSkipping: (MultiDim_3D_Histo)_(RC_Bayesian)_(SMEAR=Smear)_(Q2_y_Bin_16)_(z_pT_Bin_10)_(MultiDim_z_pT_Bin_Y_bin_phi_t)[0m (Histo Num 43522)
[91mSkipping: (MultiDim_3D_Histo)_(RC_Bayesian)_(SMEAR=Smear)_(Q2_y_Bin_16)_(z_pT_Bin_11)_(MultiDim_z_pT_Bin_Y_bin_phi_t)[0m (Histo Num 43523)
[91mSkipping: (MultiDim_3D_Histo)_(RC_Bayesian)_(SMEAR=Smear)_(Q2_y_Bin_16)_(z_pT_Bin_12)_(MultiDim_z_pT_Bin_Y_bin_phi_t)[0m (Histo Num 43524)
[91mSkipping: (MultiDim_3D_Histo)_(RC_Bayesian)_(SMEAR=Smear)_(Q2_y_Bin_16)_(z_pT_Bin_13)_(MultiDim_z_pT_Bin_Y_bin_phi_t)[0m (Histo Num 43525)
[91mSkipping: (MultiDim_3D_Histo)_(RC_Bayesian)_(SMEAR=Smear)_(Q2_y_Bin_16)_(z_pT_Bin_14)_(MultiDim_z_pT_Bin_Y_bin_phi_t)[0m (Histo Num 43526)
[91mSkipping: (MultiDim_3D_Histo)_(RC_Bayesian)_(SMEAR=Smear)_(Q2_y_Bin_16)_(z_pT_Bin_15)_(MultiDim_z_pT_Bin_Y_bin_phi_t)[0m (Histo Num 43527)
[91mSkipping: (MultiDim_3D_Histo)_(RC_Bayesian)_(SMEAR=Smear)_(Q2_y_Bin_16)_(z_pT_Bin_16)_(MultiDim_z_pT_Bin_Y_bin_phi_t)[0m (Histo Num 43528)
[91mSkipping: (MultiDim_3D_Histo)_(RC_Bayesian)_(SMEAR=Smear)_(Q2_y_Bin_16)_(z_pT_Bin_17)_(MultiDim_z_pT_Bin_Y_bin_phi_t)[0m (Histo Num 43529)
[91mSkipping: (MultiDim_3D_Histo)_(RC_Bayesian)_(SMEAR=Smear)_(Q2_y_Bin_16)_(z_pT_Bin_19)_(MultiDim_z_pT_Bin_Y_bin_phi_t)[0m (Histo Num 43530)
[91mSkipping: (MultiDim_3D_Histo)_(RC_Bayesian)_(SMEAR=Smear)_(Q2_y_Bin_16)_(z_pT_Bin_20)_(MultiDim_z_pT_Bin_Y_bin_phi_t)[0m (Histo Num 43531)
[91mSkipping: (MultiDim_3D_Histo)_(RC_Bayesian)_(SMEAR=Smear)_(Q2_y_Bin_16)_(z_pT_Bin_21)_(MultiDim_z_pT_Bin_Y_bin_phi_t)[0m (Histo Num 43532)
[91mSkipping: (MultiDim_3D_Histo)_(RC_Bayesian)_(SMEAR=Smear)_(Q2_y_Bin_16)_(z_pT_Bin_22)_(MultiDim_z_pT_Bin_Y_bin_phi_t)[0m (Histo Num 43533)
[91mSkipping: (MultiDim_3D_Histo)_(RC_Bayesian)_(SMEAR=Smear)_(Q2_y_Bin_16)_(z_pT_Bin_25)_(MultiDim_z_pT_Bin_Y_bin_phi_t)[0m (Histo Num 43534)
[91mSkipping: (MultiDim_3D_Histo)_(RC_Bayesian)_(SMEAR=Smear)_(Q2_y_Bin_16)_(z_pT_Bin_26)_(MultiDim_z_pT_Bin_Y_bin_phi_t)[0m (Histo Num 43535)
[91mSkipping: (MultiDim_3D_Histo)_(RC_Bayesian)_(SMEAR=Smear)_(Q2_y_Bin_16)_(z_pT_Bin_27)_(MultiDim_z_pT_Bin_Y_bin_phi_t)[0m (Histo Num 43536)
[91mSkipping: (MultiDim_3D_Histo)_(RC_Bayesian)_(SMEAR=Smear)_(Q2_y_Bin_17)_(z_pT_Bin_1)_(MultiDim_z_pT_Bin_Y_bin_phi_t)[0m (Histo Num 43538)
[91mSkipping: (MultiDim_3D_Histo)_(RC_Bayesian)_(SMEAR=Smear)_(Q2_y_Bin_17)_(z_pT_Bin_2)_(MultiDim_z_pT_Bin_Y_bin_phi_t)[0m (Histo Num 43539)
[91mSkipping: (MultiDim_3D_Histo)_(RC_Bayesian)_(SMEAR=Smear)_(Q2_y_Bin_17)_(z_pT_Bin_3)_(MultiDim_z_pT_Bin_Y_bin_phi_t)[0m (Histo Num 43540)
[91mSkipping: (MultiDim_3D_Histo)_(RC_Bayesian)_(SMEAR=Smear)_(Q2_y_Bin_17)_(z_pT_Bin_4)_(MultiDim_z_pT_Bin_Y_bin_phi_t)[0m (Histo Num 43541)
[91mSkipping: (MultiDim_3D_Histo)_(RC_Bayesian)_(SMEAR=Smear)_(Q2_y_Bin_17)_(z_pT_Bin_5)_(MultiDim_z_pT_Bin_Y_bin_phi_t)[0m (Histo Num 43542)
[91mSkipping: (MultiDim_3D_Histo)_(RC_Bayesian)_(SMEAR=Smear)_(Q2_y_Bin_17)_(z_pT_Bin_7)_(MultiDim_z_pT_Bin_Y_bin_phi_t)[0m (Histo Num 43543)
[91mSkipping: (MultiDim_3D_Histo)_(RC_Bayesian)_(SMEAR=Smear)_(Q2_y_Bin_17)_(z_pT_Bin_8)_(MultiDim_z_pT_Bin_Y_bin_phi_t)[0m (Histo Num 43544)
[91mSkipping: (MultiDim_3D_Histo)_(RC_Bayesian)_(SMEAR=Smear)_(Q2_y_Bin_17)_(z_pT_Bin_9)_(MultiDim_z_pT_Bin_Y_bin_phi_t)[0m (Histo Num 43545)
[91mSkipping: (MultiDim_3D_Histo)_(RC_Bayesian)_(SMEAR=Smear)_(Q2_y_Bin_17)_(z_pT_Bin_10)_(MultiDim_z_pT_Bin_Y_bin_phi_t)[0m (Histo Num 43546)
[91mSkipping: (MultiDim_3D_Histo)_(RC_Bayesian)_(SMEAR=Smear)_(Q2_y_Bin_17)_(z_pT_Bin_11)_(MultiDim_z_pT_Bin_Y_bin_phi_t)[0m (Histo Num 43547)
[91mSkipping: (MultiDim_3D_Histo)_(RC_Bayesian)_(SMEAR=Smear)_(Q2_y_Bin_17)_(z_pT_Bin_12)_(MultiDim_z_pT_Bin_Y_bin_phi_t)[0m (Histo Num 43548)
[91mSkipping: (MultiDim_3D_Histo)_(RC_Bayesian)_(SMEAR=Smear)_(Q2_y_Bin_17)_(z_pT_Bin_13)_(MultiDim_z_pT_Bin_Y_bin_phi_t)[0m (Histo Num 43549)
[91mSkipping: (MultiDim_3D_Histo)_(RC_Bayesian)_(SMEAR=Smear)_(Q2_y_Bin_17)_(z_pT_Bin_14)_(MultiDim_z_pT_Bin_Y_bin_phi_t)[0m (Histo Num 43550)
[91mSkipping: (MultiDim_3D_Histo)_(RC_Bayesian)_(SMEAR=Smear)_(Q2_y_Bin_17)_(z_pT_Bin_15)_(MultiDim_z_pT_Bin_Y_bin_phi_t)[0m (Histo Num 43551)
[91mSkipping: (MultiDim_3D_Histo)_(RC_Bayesian)_(SMEAR=Smear)_(Q2_y_Bin_17)_(z_pT_Bin_16)_(MultiDim_z_pT_Bin_Y_bin_phi_t)[0m (Histo Num 43552)
[91mSkipping: (MultiDim_3D_Histo)_(RC_Bayesian)_(SMEAR=Smear)_(Q2_y_Bin_17)_(z_pT_Bin_17)_(MultiDim_z_pT_Bin_Y_bin_phi_t)[0m (Histo Num 43553)
[91mSkipping: (MultiDim_3D_Histo)_(RC_Bayesian)_(SMEAR=Smear)_(Q2_y_Bin_17)_(z_pT_Bin_18)_(MultiDim_z_pT_Bin_Y_bin_phi_t)[0m (Histo Num 43554)
[91mSkipping: (MultiDim_3D_Histo)_(RC_Bayesian)_(SMEAR=Smear)_(Q2_y_Bin_17)_(z_pT_Bin_19)_(MultiDim_z_pT_Bin_Y_bin_phi_t)[0m (Histo Num 43555)
[91mSkipping: (MultiDim_3D_Histo)_(RC_Bayesian)_(SMEAR=Smear)_(Q2_y_Bin_17)_(z_pT_Bin_20)_(MultiDim_z_pT_Bin_Y_bin_phi_t)[0m (Histo Num 43556)
[91mSkipping: (MultiDim_3D_Histo)_(RC_Bayesian)_(SMEAR=Smear)_(Q2_y_Bin_17)_(z_pT_Bin_21)_(MultiDim_z_pT_Bin_Y_bin_phi_t)[0m (Histo Num 43557)
[91mSkipping: (MultiDim_3D_Histo)_(RC_Bayesian)_(SMEAR=Smear)_(Q2_y_Bin_17)_(z_pT_Bin_22)_(MultiDim_z_pT_Bin_Y_bin_phi_t)[0m (Histo Num 43558)
[91mSkipping: (MultiDim_3D_Histo)_(RC_Bayesian)_(SMEAR=Smear)_(Q2_y_Bin_17)_(z_pT_Bin_23)_(MultiDim_z_pT_Bin_Y_bin_phi_t)[0m (Histo Num 43559)
[91mSkipping: (MultiDim_3D_Histo)_(RC_Bayesian)_(SMEAR=Smear)_(Q2_y_Bin_17)_(z_pT_Bin_25)_(MultiDim_z_pT_Bin_Y_bin_phi_t)[0m (Histo Num 43560)
[91mSkipping: (MultiDim_3D_Histo)_(RC_Bayesian)_(SMEAR=Smear)_(Q2_y_Bin_17)_(z_pT_Bin_26)_(MultiDim_z_pT_Bin_Y_bin_phi_t)[0m (Histo Num 43561)
[91mSkipping: (MultiDim_3D_Histo)_(RC_Bayesian)_(SMEAR=Smear)_(Q2_y_Bin_17)_(z_pT_Bin_27)_(MultiDim_z_pT_Bin_Y_bin_phi_t)[0m (Histo Num 43562)
[91mSkipping: (MultiDim_3D_Histo)_(RC_Bayesian)_(SMEAR=Smear)_(Q2_y_Bin_17)_(z_pT_Bin_28)_(MultiDim_z_pT_Bin_Y_bin_phi_t)[0m (Histo Num 43563)
[91mSkipping: (MultiDim_3D_Histo)_(BC_RC_Bayesian)_(SMEAR=Smear)_(Q2_y_Bin_1)_(z_pT_Bin_1)_(MultiDim_z_pT_Bin_Y_bin_phi_t)[0m (Histo Num 43564)
[91mSkipping: (MultiDim_3D_Histo)_(BC_RC_Bayesian)_(SMEAR=Smear)_(Q2_y_Bin_1)_(z_pT_Bin_2)_(MultiDim_z_pT_Bin_Y_bin_phi_t)[0m (Histo Num 43565)
[91mSkipping: (MultiDim_3D_Histo)_(BC_RC_Bayesian)_(SMEAR=Smear)_(Q2_y_Bin_1)_(z_pT_Bin_3)_(MultiDim_z_pT_Bin_Y_bin_phi_t)[0m (Histo Num 43566)
[91mSkipping: (MultiDim_3D_Histo)_(BC_RC_Bayesian)_(SMEAR=Smear)_(Q2_y_Bin_1)_(z_pT_Bin_4)_(MultiDim_z_pT_Bin_Y_bin_phi_t)[0m (Histo Num 43567)
[91mSkipping: (MultiDim_3D_Histo)_(BC_RC_Bayesian)_(SMEAR=Smear)_(Q2_y_Bin_1)_(z_pT_Bin_5)_(MultiDim_z_pT_Bin_Y_bin_phi_t)[0m (Histo Num 43568)
[91mSkipping: (MultiDim_3D_Histo)_(BC_RC_Bayesian)_(SMEAR=Smear)_(Q2_y_Bin_1)_(z_pT_Bin_6)_(MultiDim_z_pT_Bin_Y_bin_phi_t)[0m (Histo Num 43569)
[91mSkipping: (MultiDim_3D_Histo)_(BC_RC_Bayesian)_(SMEAR=Smear)_(Q2_y_Bin_1)_(z_pT_Bin_7)_(MultiDim_z_pT_Bin_Y_bin_phi_t)[0m (Histo Num 43570)
[91mSkipping: (MultiDim_3D_Histo)_(BC_RC_Bayesian)_(SMEAR=Smear)_(Q2_y_Bin_1)_(z_pT_Bin_8)_(MultiDim_z_pT_Bin_Y_bin_phi_t)[0m (Histo Num 43571)
[91mSkipping: (MultiDim_3D_Histo)_(BC_RC_Bayesian)_(SMEAR=Smear)_(Q2_y_Bin_1)_(z_pT_Bin_9)_(MultiDim_z_pT_Bin_Y_bin_phi_t)[0m (Histo Num 43572)
[91mSkipping: (MultiDim_3D_Histo)_(BC_RC_Bayesian)_(SMEAR=Smear)_(Q2_y_Bin_1)_(z_pT_Bin_10)_(MultiDim_z_pT_Bin_Y_bin_phi_t)[0m (Histo Num 43573)
[91mSkipping: (MultiDim_3D_Histo)_(BC_RC_Bayesian)_(SMEAR=Smear)_(Q2_y_Bin_1)_(z_pT_Bin_11)_(MultiDim_z_pT_Bin_Y_bin_phi_t)[0m (Histo Num 43574)
[91mSkipping: (MultiDim_3D_Histo)_(BC_RC_Bayesian)_(SMEAR=Smear)_(Q2_y_Bin_1)_(z_pT_Bin_12)_(MultiDim_z_pT_Bin_Y_bin_phi_t)[0m (Histo Num 43575)
[91mSkipping: (MultiDim_3D_Histo)_(BC_RC_Bayesian)_(SMEAR=Smear)_(Q2_y_Bin_1)_(z_pT_Bin_13)_(MultiDim_z_pT_Bin_Y_bin_phi_t)[0m (Histo Num 43576)
[91mSkipping: (MultiDim_3D_Histo)_(BC_RC_Bayesian)_(SMEAR=Smear)_(Q2_y_Bin_1)_(z_pT_Bin_14)_(MultiDim_z_pT_Bin_Y_bin_phi_t)[0m (Histo Num 43577)
[91mSkipping: (MultiDim_3D_Histo)_(BC_RC_Bayesian)_(SMEAR=Smear)_(Q2_y_Bin_1)_(z_pT_Bin_15)_(MultiDim_z_pT_Bin_Y_bin_phi_t)[0m (Histo Num 43578)
[91mSkipping: (MultiDim_3D_Histo)_(BC_RC_Bayesian)_(SMEAR=Smear)_(Q2_y_Bin_1)_(z_pT_Bin_16)_(MultiDim_z_pT_Bin_Y_bin_phi_t)[0m (Histo Num 43579)
[91mSkipping: (MultiDim_3D_Histo)_(BC_RC_Bayesian)_(SMEAR=Smear)_(Q2_y_Bin_1)_(z_pT_Bin_17)_(MultiDim_z_pT_Bin_Y_bin_phi_t)[0m (Histo Num 43580)
[91mSkipping: (MultiDim_3D_Histo)_(BC_RC_Bayesian)_(SMEAR=Smear)_(Q2_y_Bin_1)_(z_pT_Bin_18)_(MultiDim_z_pT_Bin_Y_bin_phi_t)[0m (Histo Num 43581)
[91mSkipping: (MultiDim_3D_Histo)_(BC_RC_Bayesian)_(SMEAR=Smear)_(Q2_y_Bin_1)_(z_pT_Bin_19)_(MultiDim_z_pT_Bin_Y_bin_phi_t)[0m (Histo Num 43582)
[91mSkipping: (MultiDim_3D_Histo)_(BC_RC_Bayesian)_(SMEAR=Smear)_(Q2_y_Bin_1)_(z_pT_Bin_20)_(MultiDim_z_pT_Bin_Y_bin_phi_t)[0m (Histo Num 43583)
[91mSkipping: (MultiDim_3D_Histo)_(BC_RC_Bayesian)_(SMEAR=Smear)_(Q2_y_Bin_1)_(z_pT_Bin_22)_(MultiDim_z_pT_Bin_Y_bin_phi_t)[0m (Histo Num 43584)
[91mSkipping: (MultiDim_3D_Histo)_(BC_RC_Bayesian)_(SMEAR=Smear)_(Q2_y_Bin_1)_(z_pT_Bin_23)_(MultiDim_z_pT_Bin_Y_bin_phi_t)[0m (Histo Num 43585)
[91mSkipping: (MultiDim_3D_Histo)_(BC_RC_Bayesian)_(SMEAR=Smear)_(Q2_y_Bin_1)_(z_pT_Bin_24)_(MultiDim_z_pT_Bin_Y_bin_phi_t)[0m (Histo Num 43586)
[91mSkipping: (MultiDim_3D_Histo)_(BC_RC_Bayesian)_(SMEAR=Smear)_(Q2_y_Bin_1)_(z_pT_Bin_25)_(MultiDim_z_pT_Bin_Y_bin_phi_t)[0m (Histo Num 43587)
[91mSkipping: (MultiDim_3D_Histo)_(BC_RC_Bayesian)_(SMEAR=Smear)_(Q2_y_Bin_1)_(z_pT_Bin_26)_(MultiDim_z_pT_Bin_Y_bin_phi_t)[0m (Histo Num 43588)
[91mSkipping: (MultiDim_3D_Histo)_(BC_RC_Bayesian)_(SMEAR=Smear)_(Q2_y_Bin_1)_(z_pT_Bin_29)_(MultiDim_z_pT_Bin_Y_bin_phi_t)[0m (Histo Num 43589)
[91mSkipping: (MultiDim_3D_Histo)_(BC_RC_Bayesian)_(SMEAR=Smear)_(Q2_y_Bin_1)_(z_pT_Bin_30)_(MultiDim_z_pT_Bin_Y_bin_phi_t)[0m (Histo Num 43590)
[91mSkipping: (MultiDim_3D_Histo)_(BC_RC_Bayesian)_(SMEAR=Smear)_(Q2_y_Bin_1)_(z_pT_Bin_31)_(MultiDim_z_pT_Bin_Y_bin_phi_t)[0m (Histo Num 43591)
[91mSkipping: (MultiDim_3D_Histo)_(BC_RC_Bayesian)_(SMEAR=Smear)_(Q2_y_Bin_1)_(z_pT_Bin_32)_(MultiDim_z_pT_Bin_Y_bin_phi_t)[0m (Histo Num 43592)
[91mSkipping: (MultiDim_3D_Histo)_(BC_RC_Bayesian)_(SMEAR=Smear)_(Q2_y_Bin_2)_(z_pT_Bin_1)_(MultiDim_z_pT_Bin_Y_bin_phi_t)[0m (Histo Num 43593)
[91mSkipping: (MultiDim_3D_Histo)_(BC_RC_Bayesian)_(SMEAR=Smear)_(Q2_y_Bin_2)_(z_pT_Bin_2)_(MultiDim_z_pT_Bin_Y_bin_phi_t)[0m (Histo Num 43594)
[91mSkipping: (MultiDim_3D_Histo)_(BC_RC_Bayesian)_(SMEAR=Smear)_(Q2_y_Bin_2)_(z_pT_Bin_3)_(MultiDim_z_pT_Bin_Y_bin_phi_t)[0m (Histo Num 43595)
[91mSkipping: (MultiDim_3D_Histo)_(BC_RC_Bayesian)_(SMEAR=Smear)_(Q2_y_Bin_2)_(z_pT_Bin_4)_(MultiDim_z_pT_Bin_Y_bin_phi_t)[0m (Histo Num 43596)
[91mSkipping: (MultiDim_3D_Histo)_(BC_RC_Bayesian)_(SMEAR=Smear)_(Q2_y_Bin_2)_(z_pT_Bin_5)_(MultiDim_z_pT_Bin_Y_bin_phi_t)[0m (Histo Num 43597)
[91mSkipping: (MultiDim_3D_Histo)_(BC_RC_Bayesian)_(SMEAR=Smear)_(Q2_y_Bin_2)_(z_pT_Bin_6)_(MultiDim_z_pT_Bin_Y_bin_phi_t)[0m (Histo Num 43598)
[91mSkipping: (MultiDim_3D_Histo)_(BC_RC_Bayesian)_(SMEAR=Smear)_(Q2_y_Bin_2)_(z_pT_Bin_7)_(MultiDim_z_pT_Bin_Y_bin_phi_t)[0m (Histo Num 43599)
[91mSkipping: (MultiDim_3D_Histo)_(BC_RC_Bayesian)_(SMEAR=Smear)_(Q2_y_Bin_2)_(z_pT_Bin_8)_(MultiDim_z_pT_Bin_Y_bin_phi_t)[0m (Histo Num 43600)
[91mSkipping: (MultiDim_3D_Histo)_(BC_RC_Bayesian)_(SMEAR=Smear)_(Q2_y_Bin_2)_(z_pT_Bin_9)_(MultiDim_z_pT_Bin_Y_bin_phi_t)[0m (Histo Num 43601)
[91mSkipping: (MultiDim_3D_Histo)_(BC_RC_Bayesian)_(SMEAR=Smear)_(Q2_y_Bin_2)_(z_pT_Bin_10)_(MultiDim_z_pT_Bin_Y_bin_phi_t)[0m (Histo Num 43602)
[91mSkipping: (MultiDim_3D_Histo)_(BC_RC_Bayesian)_(SMEAR=Smear)_(Q2_y_Bin_2)_(z_pT_Bin_11)_(MultiDim_z_pT_Bin_Y_bin_phi_t)[0m (Histo Num 43603)
[91mSkipping: (MultiDim_3D_Histo)_(BC_RC_Bayesian)_(SMEAR=Smear)_(Q2_y_Bin_2)_(z_pT_Bin_12)_(MultiDim_z_pT_Bin_Y_bin_phi_t)[0m (Histo Num 43604)
[91mSkipping: (MultiDim_3D_Histo)_(BC_RC_Bayesian)_(SMEAR=Smear)_(Q2_y_Bin_2)_(z_pT_Bin_13)_(MultiDim_z_pT_Bin_Y_bin_phi_t)[0m (Histo Num 43605)
[91mSkipping: (MultiDim_3D_Histo)_(BC_RC_Bayesian)_(SMEAR=Smear)_(Q2_y_Bin_2)_(z_pT_Bin_14)_(MultiDim_z_pT_Bin_Y_bin_phi_t)[0m (Histo Num 43606)
[91mSkipping: (MultiDim_3D_Histo)_(BC_RC_Bayesian)_(SMEAR=Smear)_(Q2_y_Bin_2)_(z_pT_Bin_15)_(MultiDim_z_pT_Bin_Y_bin_phi_t)[0m (Histo Num 43607)
[91mSkipping: (MultiDim_3D_Histo)_(BC_RC_Bayesian)_(SMEAR=Smear)_(Q2_y_Bin_2)_(z_pT_Bin_16)_(MultiDim_z_pT_Bin_Y_bin_phi_t)[0m (Histo Num 43608)
[91mSkipping: (MultiDim_3D_Histo)_(BC_RC_Bayesian)_(SMEAR=Smear)_(Q2_y_Bin_2)_(z_pT_Bin_17)_(MultiDim_z_pT_Bin_Y_bin_phi_t)[0m (Histo Num 43609)
[91mSkipping: (MultiDim_3D_Histo)_(BC_RC_Bayesian)_(SMEAR=Smear)_(Q2_y_Bin_2)_(z_pT_Bin_18)_(MultiDim_z_pT_Bin_Y_bin_phi_t)[0m (Histo Num 43610)
[91mSkipping: (MultiDim_3D_Histo)_(BC_RC_Bayesian)_(SMEAR=Smear)_(Q2_y_Bin_2)_(z_pT_Bin_19)_(MultiDim_z_pT_Bin_Y_bin_phi_t)[0m (Histo Num 43611)
[91mSkipping: (MultiDim_3D_Histo)_(BC_RC_Bayesian)_(SMEAR=Smear)_(Q2_y_Bin_2)_(z_pT_Bin_20)_(MultiDim_z_pT_Bin_Y_bin_phi_t)[0m (Histo Num 43612)
[91mSkipping: (MultiDim_3D_Histo)_(BC_RC_Bayesian)_(SMEAR=Smear)_(Q2_y_Bin_2)_(z_pT_Bin_21)_(MultiDim_z_pT_Bin_Y_bin_phi_t)[0m (Histo Num 43613)
[91mSkipping: (MultiDim_3D_Histo)_(BC_RC_Bayesian)_(SMEAR=Smear)_(Q2_y_Bin_2)_(z_pT_Bin_22)_(MultiDim_z_pT_Bin_Y_bin_phi_t)[0m (Histo Num 43614)
[91mSkipping: (MultiDim_3D_Histo)_(BC_RC_Bayesian)_(SMEAR=Smear)_(Q2_y_Bin_2)_(z_pT_Bin_23)_(MultiDim_z_pT_Bin_Y_bin_phi_t)[0m (Histo Num 43615)
[91mSkipping: (MultiDim_3D_Histo)_(BC_RC_Bayesian)_(SMEAR=Smear)_(Q2_y_Bin_2)_(z_pT_Bin_25)_(MultiDim_z_pT_Bin_Y_bin_phi_t)[0m (Histo Num 43616)
[91mSkipping: (MultiDim_3D_Histo)_(BC_RC_Bayesian)_(SMEAR=Smear)_(Q2_y_Bin_2)_(z_pT_Bin_26)_(MultiDim_z_pT_Bin_Y_bin_phi_t)[0m (Histo Num 43617)
[91mSkipping: (MultiDim_3D_Histo)_(BC_RC_Bayesian)_(SMEAR=Smear)_(Q2_y_Bin_2)_(z_pT_Bin_27)_(MultiDim_z_pT_Bin_Y_bin_phi_t)[0m (Histo Num 43618)
[91mSkipping: (MultiDim_3D_Histo)_(BC_RC_Bayesian)_(SMEAR=Smear)_(Q2_y_Bin_2)_(z_pT_Bin_28)_(MultiDim_z_pT_Bin_Y_bin_phi_t)[0m (Histo Num 43619)
[91mSkipping: (MultiDim_3D_Histo)_(BC_RC_Bayesian)_(SMEAR=Smear)_(Q2_y_Bin_2)_(z_pT_Bin_29)_(MultiDim_z_pT_Bin_Y_bin_phi_t)[0m (Histo Num 43620)
[91mSkipping: (MultiDim_3D_Histo)_(BC_RC_Bayesian)_(SMEAR=Smear)_(Q2_y_Bin_2)_(z_pT_Bin_31)_(MultiDim_z_pT_Bin_Y_bin_phi_t)[0m (Histo Num 43621)
[91mSkipping: (MultiDim_3D_Histo)_(BC_RC_Bayesian)_(SMEAR=Smear)_(Q2_y_Bin_2)_(z_pT_Bin_32)_(MultiDim_z_pT_Bin_Y_bin_phi_t)[0m (Histo Num 43622)
[91mSkipping: (MultiDim_3D_Histo)_(BC_RC_Bayesian)_(SMEAR=Smear)_(Q2_y_Bin_2)_(z_pT_Bin_33)_(MultiDim_z_pT_Bin_Y_bin_phi_t)[0m (Histo Num 43623)
[91mSkipping: (MultiDim_3D_Histo)_(BC_RC_Bayesian)_(SMEAR=Smear)_(Q2_y_Bin_2)_(z_pT_Bin_34)_(MultiDim_z_pT_Bin_Y_bin_phi_t)[0m (Histo Num 43624)
[91mSkipping: (MultiDim_3D_Histo)_(BC_RC_Bayesian)_(SMEAR=Smear)_(Q2_y_Bin_3)_(z_pT_Bin_1)_(MultiDim_z_pT_Bin_Y_bin_phi_t)[0m (Histo Num 43625)
[91mSkipping: (MultiDim_3D_Histo)_(BC_RC_Bayesian)_(SMEAR=Smear)_(Q2_y_Bin_3)_(z_pT_Bin_2)_(MultiDim_z_pT_Bin_Y_bin_phi_t)[0m (Histo Num 43626)
[91mSkipping: (MultiDim_3D_Histo)_(BC_RC_Bayesian)_(SMEAR=Smear)_(Q2_y_Bin_3)_(z_pT_Bin_3)_(MultiDim_z_pT_Bin_Y_bin_phi_t)[0m (Histo Num 43627)
[91mSkipping: (MultiDim_3D_Histo)_(BC_RC_Bayesian)_(SMEAR=Smear)_(Q2_y_Bin_3)_(z_pT_Bin_4)_(MultiDim_z_pT_Bin_Y_bin_phi_t)[0m (Histo Num 43628)
[91mSkipping: (MultiDim_3D_Histo)_(BC_RC_Bayesian)_(SMEAR=Smear)_(Q2_y_Bin_3)_(z_pT_Bin_5)_(MultiDim_z_pT_Bin_Y_bin_phi_t)[0m (Histo Num 43629)
[91mSkipping: (MultiDim_3D_Histo)_(BC_RC_Bayesian)_(SMEAR=Smear)_(Q2_y_Bin_3)_(z_pT_Bin_7)_(MultiDim_z_pT_Bin_Y_bin_phi_t)[0m (Histo Num 43630)
[91mSkipping: (MultiDim_3D_Histo)_(BC_RC_Bayesian)_(SMEAR=Smear)_(Q2_y_Bin_3)_(z_pT_Bin_8)_(MultiDim_z_pT_Bin_Y_bin_phi_t)[0m (Histo Num 43631)
[91mSkipping: (MultiDim_3D_Histo)_(BC_RC_Bayesian)_(SMEAR=Smear)_(Q2_y_Bin_3)_(z_pT_Bin_9)_(MultiDim_z_pT_Bin_Y_bin_phi_t)[0m (Histo Num 43632)
[91mSkipping: (MultiDim_3D_Histo)_(BC_RC_Bayesian)_(SMEAR=Smear)_(Q2_y_Bin_3)_(z_pT_Bin_10)_(MultiDim_z_pT_Bin_Y_bin_phi_t)[0m (Histo Num 43633)
[91mSkipping: (MultiDim_3D_Histo)_(BC_RC_Bayesian)_(SMEAR=Smear)_(Q2_y_Bin_3)_(z_pT_Bin_11)_(MultiDim_z_pT_Bin_Y_bin_phi_t)[0m (Histo Num 43634)
[91mSkipping: (MultiDim_3D_Histo)_(BC_RC_Bayesian)_(SMEAR=Smear)_(Q2_y_Bin_3)_(z_pT_Bin_12)_(MultiDim_z_pT_Bin_Y_bin_phi_t)[0m (Histo Num 43635)
[91mSkipping: (MultiDim_3D_Histo)_(BC_RC_Bayesian)_(SMEAR=Smear)_(Q2_y_Bin_3)_(z_pT_Bin_13)_(MultiDim_z_pT_Bin_Y_bin_phi_t)[0m (Histo Num 43636)
[91mSkipping: (MultiDim_3D_Histo)_(BC_RC_Bayesian)_(SMEAR=Smear)_(Q2_y_Bin_3)_(z_pT_Bin_14)_(MultiDim_z_pT_Bin_Y_bin_phi_t)[0m (Histo Num 43637)
[91mSkipping: (MultiDim_3D_Histo)_(BC_RC_Bayesian)_(SMEAR=Smear)_(Q2_y_Bin_3)_(z_pT_Bin_15)_(MultiDim_z_pT_Bin_Y_bin_phi_t)[0m (Histo Num 43638)
[91mSkipping: (MultiDim_3D_Histo)_(BC_RC_Bayesian)_(SMEAR=Smear)_(Q2_y_Bin_3)_(z_pT_Bin_16)_(MultiDim_z_pT_Bin_Y_bin_phi_t)[0m (Histo Num 43639)
[91mSkipping: (MultiDim_3D_Histo)_(BC_RC_Bayesian)_(SMEAR=Smear)_(Q2_y_Bin_3)_(z_pT_Bin_17)_(MultiDim_z_pT_Bin_Y_bin_phi_t)[0m (Histo Num 43640)
[91mSkipping: (MultiDim_3D_Histo)_(BC_RC_Bayesian)_(SMEAR=Smear)_(Q2_y_Bin_3)_(z_pT_Bin_18)_(MultiDim_z_pT_Bin_Y_bin_phi_t)[0m (Histo Num 43641)
[91mSkipping: (MultiDim_3D_Histo)_(BC_RC_Bayesian)_(SMEAR=Smear)_(Q2_y_Bin_3)_(z_pT_Bin_19)_(MultiDim_z_pT_Bin_Y_bin_phi_t)[0m (Histo Num 43642)
[91mSkipping: (MultiDim_3D_Histo)_(BC_RC_Bayesian)_(SMEAR=Smear)_(Q2_y_Bin_3)_(z_pT_Bin_20)_(MultiDim_z_pT_Bin_Y_bin_phi_t)[0m (Histo Num 43643)
[91mSkipping: (MultiDim_3D_Histo)_(BC_RC_Bayesian)_(SMEAR=Smear)_(Q2_y_Bin_3)_(z_pT_Bin_21)_(MultiDim_z_pT_Bin_Y_bin_phi_t)[0m (Histo Num 43644)
[91mSkipping: (MultiDim_3D_Histo)_(BC_RC_Bayesian)_(SMEAR=Smear)_(Q2_y_Bin_3)_(z_pT_Bin_22)_(MultiDim_z_pT_Bin_Y_bin_phi_t)[0m (Histo Num 43645)
[91mSkipping: (MultiDim_3D_Histo)_(BC_RC_Bayesian)_(SMEAR=Smear)_(Q2_y_Bin_3)_(z_pT_Bin_23)_(MultiDim_z_pT_Bin_Y_bin_phi_t)[0m (Histo Num 43646)
[91mSkipping: (MultiDim_3D_Histo)_(BC_RC_Bayesian)_(SMEAR=Smear)_(Q2_y_Bin_3)_(z_pT_Bin_24)_(MultiDim_z_pT_Bin_Y_bin_phi_t)[0m (Histo Num 43647)
[91mSkipping: (MultiDim_3D_Histo)_(BC_RC_Bayesian)_(SMEAR=Smear)_(Q2_y_Bin_3)_(z_pT_Bin_25)_(MultiDim_z_pT_Bin_Y_bin_phi_t)[0m (Histo Num 43648)
[91mSkipping: (MultiDim_3D_Histo)_(BC_RC_Bayesian)_(SMEAR=Smear)_(Q2_y_Bin_3)_(z_pT_Bin_26)_(MultiDim_z_pT_Bin_Y_bin_phi_t)[0m (Histo Num 43649)
[91mSkipping: (MultiDim_3D_Histo)_(BC_RC_Bayesian)_(SMEAR=Smear)_(Q2_y_Bin_3)_(z_pT_Bin_27)_(MultiDim_z_pT_Bin_Y_bin_phi_t)[0m (Histo Num 43650)
[91mSkipping: (MultiDim_3D_Histo)_(BC_RC_Bayesian)_(SMEAR=Smear)_(Q2_y_Bin_3)_(z_pT_Bin_28)_(MultiDim_z_pT_Bin_Y_bin_phi_t)[0m (Histo Num 43651)
[91mSkipping: (MultiDim_3D_Histo)_(BC_RC_Bayesian)_(SMEAR=Smear)_(Q2_y_Bin_3)_(z_pT_Bin_29)_(MultiDim_z_pT_Bin_Y_bin_phi_t)[0m (Histo Num 43652)
[91mSkipping: (MultiDim_3D_Histo)_(BC_RC_Bayesian)_(SMEAR=Smear)_(Q2_y_Bin_4)_(z_pT_Bin_7)_(MultiDim_z_pT_Bin_Y_bin_phi_t)[0m (Histo Num 43653)
[91mSkipping: (MultiDim_3D_Histo)_(BC_RC_Bayesian)_(SMEAR=Smear)_(Q2_y_Bin_4)_(z_pT_Bin_8)_(MultiDim_z_pT_Bin_Y_bin_phi_t)[0m (Histo Num 43654)
[91mSkipping: (MultiDim_3D_Histo)_(BC_RC_Bayesian)_(SMEAR=Smear)_(Q2_y_Bin_4)_(z_pT_Bin_9)_(MultiDim_z_pT_Bin_Y_bin_phi_t)[0m (Histo Num 43655)
[91mSkipping: (MultiDim_3D_Histo)_(BC_RC_Bayesian)_(SMEAR=Smear)_(Q2_y_Bin_4)_(z_pT_Bin_10)_(MultiDim_z_pT_Bin_Y_bin_phi_t)[0m (Histo Num 43656)
[91mSkipping: (MultiDim_3D_Histo)_(BC_RC_Bayesian)_(SMEAR=Smear)_(Q2_y_Bin_4)_(z_pT_Bin_11)_(MultiDim_z_pT_Bin_Y_bin_phi_t)[0m (Histo Num 43657)
[91mSkipping: (MultiDim_3D_Histo)_(BC_RC_Bayesian)_(SMEAR=Smear)_(Q2_y_Bin_4)_(z_pT_Bin_13)_(MultiDim_z_pT_Bin_Y_bin_phi_t)[0m (Histo Num 43658)
[91mSkipping: (MultiDim_3D_Histo)_(BC_RC_Bayesian)_(SMEAR=Smear)_(Q2_y_Bin_4)_(z_pT_Bin_14)_(MultiDim_z_pT_Bin_Y_bin_phi_t)[0m (Histo Num 43659)
[91mSkipping: (MultiDim_3D_Histo)_(BC_RC_Bayesian)_(SMEAR=Smear)_(Q2_y_Bin_4)_(z_pT_Bin_15)_(MultiDim_z_pT_Bin_Y_bin_phi_t)[0m (Histo Num 43660)
[91mSkipping: (MultiDim_3D_Histo)_(BC_RC_Bayesian)_(SMEAR=Smear)_(Q2_y_Bin_4)_(z_pT_Bin_16)_(MultiDim_z_pT_Bin_Y_bin_phi_t)[0m (Histo Num 43661)
[91mSkipping: (MultiDim_3D_Histo)_(BC_RC_Bayesian)_(SMEAR=Smear)_(Q2_y_Bin_4)_(z_pT_Bin_17)_(MultiDim_z_pT_Bin_Y_bin_phi_t)[0m (Histo Num 43662)
[91mSkipping: (MultiDim_3D_Histo)_(BC_RC_Bayesian)_(SMEAR=Smear)_(Q2_y_Bin_4)_(z_pT_Bin_19)_(MultiDim_z_pT_Bin_Y_bin_phi_t)[0m (Histo Num 43663)
[91mSkipping: (MultiDim_3D_Histo)_(BC_RC_Bayesian)_(SMEAR=Smear)_(Q2_y_Bin_4)_(z_pT_Bin_20)_(MultiDim_z_pT_Bin_Y_bin_phi_t)[0m (Histo Num 43664)
[91mSkipping: (MultiDim_3D_Histo)_(BC_RC_Bayesian)_(SMEAR=Smear)_(Q2_y_Bin_4)_(z_pT_Bin_21)_(MultiDim_z_pT_Bin_Y_bin_phi_t)[0m (Histo Num 43665)
[91mSkipping: (MultiDim_3D_Histo)_(BC_RC_Bayesian)_(SMEAR=Smear)_(Q2_y_Bin_4)_(z_pT_Bin_22)_(MultiDim_z_pT_Bin_Y_bin_phi_t)[0m (Histo Num 43666)
[91mSkipping: (MultiDim_3D_Histo)_(BC_RC_Bayesian)_(SMEAR=Smear)_(Q2_y_Bin_4)_(z_pT_Bin_23)_(MultiDim_z_pT_Bin_Y_bin_phi_t)[0m (Histo Num 43667)
[91mSkipping: (MultiDim_3D_Histo)_(BC_RC_Bayesian)_(SMEAR=Smear)_(Q2_y_Bin_4)_(z_pT_Bin_25)_(MultiDim_z_pT_Bin_Y_bin_phi_t)[0m (Histo Num 43668)
[91mSkipping: (MultiDim_3D_Histo)_(BC_RC_Bayesian)_(SMEAR=Smear)_(Q2_y_Bin_4)_(z_pT_Bin_26)_(MultiDim_z_pT_Bin_Y_bin_phi_t)[0m (Histo Num 43669)
[91mSkipping: (MultiDim_3D_Histo)_(BC_RC_Bayesian)_(SMEAR=Smear)_(Q2_y_Bin_4)_(z_pT_Bin_27)_(MultiDim_z_pT_Bin_Y_bin_phi_t)[0m (Histo Num 43670)
[91mSkipping: (MultiDim_3D_Histo)_(BC_RC_Bayesian)_(SMEAR=Smear)_(Q2_y_Bin_4)_(z_pT_Bin_28)_(MultiDim_z_pT_Bin_Y_bin_phi_t)[0m (Histo Num 43671)
[91mSkipping: (MultiDim_3D_Histo)_(BC_RC_Bayesian)_(SMEAR=Smear)_(Q2_y_Bin_4)_(z_pT_Bin_29)_(MultiDim_z_pT_Bin_Y_bin_phi_t)[0m (Histo Num 43672)
[91mSkipping: (MultiDim_3D_Histo)_(BC_RC_Bayesian)_(SMEAR=Smear)_(Q2_y_Bin_4)_(z_pT_Bin_31)_(MultiDim_z_pT_Bin_Y_bin_phi_t)[0m (Histo Num 43673)
[91mSkipping: (MultiDim_3D_Histo)_(BC_RC_Bayesian)_(SMEAR=Smear)_(Q2_y_Bin_4)_(z_pT_Bin_32)_(MultiDim_z_pT_Bin_Y_bin_phi_t)[0m (Histo Num 43674)
[91mSkipping: (MultiDim_3D_Histo)_(BC_RC_Bayesian)_(SMEAR=Smear)_(Q2_y_Bin_4)_(z_pT_Bin_33)_(MultiDim_z_pT_Bin_Y_bin_phi_t)[0m (Histo Num 43675)
[91mSkipping: (MultiDim_3D_Histo)_(BC_RC_Bayesian)_(SMEAR=Smear)_(Q2_y_Bin_4)_(z_pT_Bin_34)_(MultiDim_z_pT_Bin_Y_bin_phi_t)[0m (Histo Num 43676)
[91mSkipping: (MultiDim_3D_Histo)_(BC_RC_Bayesian)_(SMEAR=Smear)_(Q2_y_Bin_5)_(z_pT_Bin_1)_(MultiDim_z_pT_Bin_Y_bin_phi_t)[0m (Histo Num 43677)
[91mSkipping: (MultiDim_3D_Histo)_(BC_RC_Bayesian)_(SMEAR=Smear)_(Q2_y_Bin_5)_(z_pT_Bin_2)_(MultiDim_z_pT_Bin_Y_bin_phi_t)[0m (Histo Num 43678)
[91mSkipping: (MultiDim_3D_Histo)_(BC_RC_Bayesian)_(SMEAR=Smear)_(Q2_y_Bin_5)_(z_pT_Bin_3)_(MultiDim_z_pT_Bin_Y_bin_phi_t)[0m (Histo Num 43679)
[91mSkipping: (MultiDim_3D_Histo)_(BC_RC_Bayesian)_(SMEAR=Smear)_(Q2_y_Bin_5)_(z_pT_Bin_4)_(MultiDim_z_pT_Bin_Y_bin_phi_t)[0m (Histo Num 43680)
[91mSkipping: (MultiDim_3D_Histo)_(BC_RC_Bayesian)_(SMEAR=Smear)_(Q2_y_Bin_5)_(z_pT_Bin_5)_(MultiDim_z_pT_Bin_Y_bin_phi_t)[0m (Histo Num 43681)
[91mSkipping: (MultiDim_3D_Histo)_(BC_RC_Bayesian)_(SMEAR=Smear)_(Q2_y_Bin_5)_(z_pT_Bin_6)_(MultiDim_z_pT_Bin_Y_bin_phi_t)[0m (Histo Num 43682)
[91mSkipping: (MultiDim_3D_Histo)_(BC_RC_Bayesian)_(SMEAR=Smear)_(Q2_y_Bin_5)_(z_pT_Bin_7)_(MultiDim_z_pT_Bin_Y_bin_phi_t)[0m (Histo Num 43683)
[91mSkipping: (MultiDim_3D_Histo)_(BC_RC_Bayesian)_(SMEAR=Smear)_(Q2_y_Bin_5)_(z_pT_Bin_8)_(MultiDim_z_pT_Bin_Y_bin_phi_t)[0m (Histo Num 43684)
[91mSkipping: (MultiDim_3D_Histo)_(BC_RC_Bayesian)_(SMEAR=Smear)_(Q2_y_Bin_5)_(z_pT_Bin_9)_(MultiDim_z_pT_Bin_Y_bin_phi_t)[0m (Histo Num 43685)
[91mSkipping: (MultiDim_3D_Histo)_(BC_RC_Bayesian)_(SMEAR=Smear)_(Q2_y_Bin_5)_(z_pT_Bin_10)_(MultiDim_z_pT_Bin_Y_bin_phi_t)[0m (Histo Num 43686)
[91mSkipping: (MultiDim_3D_Histo)_(BC_RC_Bayesian)_(SMEAR=Smear)_(Q2_y_Bin_5)_(z_pT_Bin_11)_(MultiDim_z_pT_Bin_Y_bin_phi_t)[0m (Histo Num 43687)
[91mSkipping: (MultiDim_3D_Histo)_(BC_RC_Bayesian)_(SMEAR=Smear)_(Q2_y_Bin_5)_(z_pT_Bin_12)_(MultiDim_z_pT_Bin_Y_bin_phi_t)[0m (Histo Num 43688)
[91mSkipping: (MultiDim_3D_Histo)_(BC_RC_Bayesian)_(SMEAR=Smear)_(Q2_y_Bin_5)_(z_pT_Bin_13)_(MultiDim_z_pT_Bin_Y_bin_phi_t)[0m (Histo Num 43689)
[91mSkipping: (MultiDim_3D_Histo)_(BC_RC_Bayesian)_(SMEAR=Smear)_(Q2_y_Bin_5)_(z_pT_Bin_14)_(MultiDim_z_pT_Bin_Y_bin_phi_t)[0m (Histo Num 43690)
[91mSkipping: (MultiDim_3D_Histo)_(BC_RC_Bayesian)_(SMEAR=Smear)_(Q2_y_Bin_5)_(z_pT_Bin_15)_(MultiDim_z_pT_Bin_Y_bin_phi_t)[0m (Histo Num 43691)
[91mSkipping: (MultiDim_3D_Histo)_(BC_RC_Bayesian)_(SMEAR=Smear)_(Q2_y_Bin_5)_(z_pT_Bin_16)_(MultiDim_z_pT_Bin_Y_bin_phi_t)[0m (Histo Num 43692)
[91mSkipping: (MultiDim_3D_Histo)_(BC_RC_Bayesian)_(SMEAR=Smear)_(Q2_y_Bin_5)_(z_pT_Bin_17)_(MultiDim_z_pT_Bin_Y_bin_phi_t)[0m (Histo Num 43693)
[91mSkipping: (MultiDim_3D_Histo)_(BC_RC_Bayesian)_(SMEAR=Smear)_(Q2_y_Bin_5)_(z_pT_Bin_18)_(MultiDim_z_pT_Bin_Y_bin_phi_t)[0m (Histo Num 43694)
[91mSkipping: (MultiDim_3D_Histo)_(BC_RC_Bayesian)_(SMEAR=Smear)_(Q2_y_Bin_5)_(z_pT_Bin_19)_(MultiDim_z_pT_Bin_Y_bin_phi_t)[0m (Histo Num 43695)
[91mSkipping: (MultiDim_3D_Histo)_(BC_RC_Bayesian)_(SMEAR=Smear)_(Q2_y_Bin_5)_(z_pT_Bin_20)_(MultiDim_z_pT_Bin_Y_bin_phi_t)[0m (Histo Num 43696)
[91mSkipping: (MultiDim_3D_Histo)_(BC_RC_Bayesian)_(SMEAR=Smear)_(Q2_y_Bin_5)_(z_pT_Bin_21)_(MultiDim_z_pT_Bin_Y_bin_phi_t)[0m (Histo Num 43697)
[91mSkipping: (MultiDim_3D_Histo)_(BC_RC_Bayesian)_(SMEAR=Smear)_(Q2_y_Bin_5)_(z_pT_Bin_22)_(MultiDim_z_pT_Bin_Y_bin_phi_t)[0m (Histo Num 43698)
[91mSkipping: (MultiDim_3D_Histo)_(BC_RC_Bayesian)_(SMEAR=Smear)_(Q2_y_Bin_5)_(z_pT_Bin_23)_(MultiDim_z_pT_Bin_Y_bin_phi_t)[0m (Histo Num 43699)
[91mSkipping: (MultiDim_3D_Histo)_(BC_RC_Bayesian)_(SMEAR=Smear)_(Q2_y_Bin_5)_(z_pT_Bin_25)_(MultiDim_z_pT_Bin_Y_bin_phi_t)[0m (Histo Num 43700)
[91mSkipping: (MultiDim_3D_Histo)_(BC_RC_Bayesian)_(SMEAR=Smear)_(Q2_y_Bin_5)_(z_pT_Bin_26)_(MultiDim_z_pT_Bin_Y_bin_phi_t)[0m (Histo Num 43701)
[91mSkipping: (MultiDim_3D_Histo)_(BC_RC_Bayesian)_(SMEAR=Smear)_(Q2_y_Bin_5)_(z_pT_Bin_27)_(MultiDim_z_pT_Bin_Y_bin_phi_t)[0m (Histo Num 43702)
[91mSkipping: (MultiDim_3D_Histo)_(BC_RC_Bayesian)_(SMEAR=Smear)_(Q2_y_Bin_5)_(z_pT_Bin_28)_(MultiDim_z_pT_Bin_Y_bin_phi_t)[0m (Histo Num 43703)
[91mSkipping: (MultiDim_3D_Histo)_(BC_RC_Bayesian)_(SMEAR=Smear)_(Q2_y_Bin_5)_(z_pT_Bin_29)_(MultiDim_z_pT_Bin_Y_bin_phi_t)[0m (Histo Num 43704)
[91mSkipping: (MultiDim_3D_Histo)_(BC_RC_Bayesian)_(SMEAR=Smear)_(Q2_y_Bin_5)_(z_pT_Bin_31)_(MultiDim_z_pT_Bin_Y_bin_phi_t)[0m (Histo Num 43705)
[91mSkipping: (MultiDim_3D_Histo)_(BC_RC_Bayesian)_(SMEAR=Smear)_(Q2_y_Bin_5)_(z_pT_Bin_32)_(MultiDim_z_pT_Bin_Y_bin_phi_t)[0m (Histo Num 43706)
[91mSkipping: (MultiDim_3D_Histo)_(BC_RC_Bayesian)_(SMEAR=Smear)_(Q2_y_Bin_5)_(z_pT_Bin_33)_(MultiDim_z_pT_Bin_Y_bin_phi_t)[0m (Histo Num 43707)
[91mSkipping: (MultiDim_3D_Histo)_(BC_RC_Bayesian)_(SMEAR=Smear)_(Q2_y_Bin_5)_(z_pT_Bin_34)_(MultiDim_z_pT_Bin_Y_bin_phi_t)[0m (Histo Num 43708)
[91mSkipping: (MultiDim_3D_Histo)_(BC_RC_Bayesian)_(SMEAR=Smear)_(Q2_y_Bin_6)_(z_pT_Bin_1)_(MultiDim_z_pT_Bin_Y_bin_phi_t)[0m (Histo Num 43709)
[91mSkipping: (MultiDim_3D_Histo)_(BC_RC_Bayesian)_(SMEAR=Smear)_(Q2_y_Bin_6)_(z_pT_Bin_2)_(MultiDim_z_pT_Bin_Y_bin_phi_t)[0m (Histo Num 43710)
[91mSkipping: (MultiDim_3D_Histo)_(BC_RC_Bayesian)_(SMEAR=Smear)_(Q2_y_Bin_6)_(z_pT_Bin_3)_(MultiDim_z_pT_Bin_Y_bin_phi_t)[0m (Histo Num 43711)
[91mSkipping: (MultiDim_3D_Histo)_(BC_RC_Bayesian)_(SMEAR=Smear)_(Q2_y_Bin_6)_(z_pT_Bin_4)_(MultiDim_z_pT_Bin_Y_bin_phi_t)[0m (Histo Num 43712)
[91mSkipping: (MultiDim_3D_Histo)_(BC_RC_Bayesian)_(SMEAR=Smear)_(Q2_y_Bin_6)_(z_pT_Bin_5)_(MultiDim_z_pT_Bin_Y_bin_phi_t)[0m (Histo Num 43713)
[91mSkipping: (MultiDim_3D_Histo)_(BC_RC_Bayesian)_(SMEAR=Smear)_(Q2_y_Bin_6)_(z_pT_Bin_6)_(MultiDim_z_pT_Bin_Y_bin_phi_t)[0m (Histo Num 43714)
[91mSkipping: (MultiDim_3D_Histo)_(BC_RC_Bayesian)_(SMEAR=Smear)_(Q2_y_Bin_6)_(z_pT_Bin_7)_(MultiDim_z_pT_Bin_Y_bin_phi_t)[0m (Histo Num 43715)
[91mSkipping: (MultiDim_3D_Histo)_(BC_RC_Bayesian)_(SMEAR=Smear)_(Q2_y_Bin_6)_(z_pT_Bin_8)_(MultiDim_z_pT_Bin_Y_bin_phi_t)[0m (Histo Num 43716)
[91mSkipping: (MultiDim_3D_Histo)_(BC_RC_Bayesian)_(SMEAR=Smear)_(Q2_y_Bin_6)_(z_pT_Bin_9)_(MultiDim_z_pT_Bin_Y_bin_phi_t)[0m (Histo Num 43717)
[91mSkipping: (MultiDim_3D_Histo)_(BC_RC_Bayesian)_(SMEAR=Smear)_(Q2_y_Bin_6)_(z_pT_Bin_10)_(MultiDim_z_pT_Bin_Y_bin_phi_t)[0m (Histo Num 43718)
[91mSkipping: (MultiDim_3D_Histo)_(BC_RC_Bayesian)_(SMEAR=Smear)_(Q2_y_Bin_6)_(z_pT_Bin_11)_(MultiDim_z_pT_Bin_Y_bin_phi_t)[0m (Histo Num 43719)
[91mSkipping: (MultiDim_3D_Histo)_(BC_RC_Bayesian)_(SMEAR=Smear)_(Q2_y_Bin_6)_(z_pT_Bin_12)_(MultiDim_z_pT_Bin_Y_bin_phi_t)[0m (Histo Num 43720)
[91mSkipping: (MultiDim_3D_Histo)_(BC_RC_Bayesian)_(SMEAR=Smear)_(Q2_y_Bin_6)_(z_pT_Bin_13)_(MultiDim_z_pT_Bin_Y_bin_phi_t)[0m (Histo Num 43721)
[91mSkipping: (MultiDim_3D_Histo)_(BC_RC_Bayesian)_(SMEAR=Smear)_(Q2_y_Bin_6)_(z_pT_Bin_14)_(MultiDim_z_pT_Bin_Y_bin_phi_t)[0m (Histo Num 43722)
[91mSkipping: (MultiDim_3D_Histo)_(BC_RC_Bayesian)_(SMEAR=Smear)_(Q2_y_Bin_6)_(z_pT_Bin_15)_(MultiDim_z_pT_Bin_Y_bin_phi_t)[0m (Histo Num 43723)
[91mSkipping: (MultiDim_3D_Histo)_(BC_RC_Bayesian)_(SMEAR=Smear)_(Q2_y_Bin_6)_(z_pT_Bin_16)_(MultiDim_z_pT_Bin_Y_bin_phi_t)[0m (Histo Num 43724)
[91mSkipping: (MultiDim_3D_Histo)_(BC_RC_Bayesian)_(SMEAR=Smear)_(Q2_y_Bin_6)_(z_pT_Bin_17)_(MultiDim_z_pT_Bin_Y_bin_phi_t)[0m (Histo Num 43725)
[91mSkipping: (MultiDim_3D_Histo)_(BC_RC_Bayesian)_(SMEAR=Smear)_(Q2_y_Bin_6)_(z_pT_Bin_19)_(MultiDim_z_pT_Bin_Y_bin_phi_t)[0m (Histo Num 43726)
[91mSkipping: (MultiDim_3D_Histo)_(BC_RC_Bayesian)_(SMEAR=Smear)_(Q2_y_Bin_6)_(z_pT_Bin_20)_(MultiDim_z_pT_Bin_Y_bin_phi_t)[0m (Histo Num 43727)
[91mSkipping: (MultiDim_3D_Histo)_(BC_RC_Bayesian)_(SMEAR=Smear)_(Q2_y_Bin_6)_(z_pT_Bin_21)_(MultiDim_z_pT_Bin_Y_bin_phi_t)[0m (Histo Num 43728)
[91mSkipping: (MultiDim_3D_Histo)_(BC_RC_Bayesian)_(SMEAR=Smear)_(Q2_y_Bin_6)_(z_pT_Bin_22)_(MultiDim_z_pT_Bin_Y_bin_phi_t)[0m (Histo Num 43729)
[91mSkipping: (MultiDim_3D_Histo)_(BC_RC_Bayesian)_(SMEAR=Smear)_(Q2_y_Bin_6)_(z_pT_Bin_23)_(MultiDim_z_pT_Bin_Y_bin_phi_t)[0m (Histo Num 43730)
[91mSkipping: (MultiDim_3D_Histo)_(BC_RC_Bayesian)_(SMEAR=Smear)_(Q2_y_Bin_6)_(z_pT_Bin_25)_(MultiDim_z_pT_Bin_Y_bin_phi_t)[0m (Histo Num 43731)
[91mSkipping: (MultiDim_3D_Histo)_(BC_RC_Bayesian)_(SMEAR=Smear)_(Q2_y_Bin_6)_(z_pT_Bin_26)_(MultiDim_z_pT_Bin_Y_bin_phi_t)[0m (Histo Num 43732)
[91mSkipping: (MultiDim_3D_Histo)_(BC_RC_Bayesian)_(SMEAR=Smear)_(Q2_y_Bin_6)_(z_pT_Bin_27)_(MultiDim_z_pT_Bin_Y_bin_phi_t)[0m (Histo Num 43733)
[91mSkipping: (MultiDim_3D_Histo)_(BC_RC_Bayesian)_(SMEAR=Smear)_(Q2_y_Bin_6)_(z_pT_Bin_28)_(MultiDim_z_pT_Bin_Y_bin_phi_t)[0m (Histo Num 43734)
[91mSkipping: (MultiDim_3D_Histo)_(BC_RC_Bayesian)_(SMEAR=Smear)_(Q2_y_Bin_7)_(z_pT_Bin_1)_(MultiDim_z_pT_Bin_Y_bin_phi_t)[0m (Histo Num 43735)
[91mSkipping: (MultiDim_3D_Histo)_(BC_RC_Bayesian)_(SMEAR=Smear)_(Q2_y_Bin_7)_(z_pT_Bin_2)_(MultiDim_z_pT_Bin_Y_bin_phi_t)[0m (Histo Num 43736)
[91mSkipping: (MultiDim_3D_Histo)_(BC_RC_Bayesian)_(SMEAR=Smear)_(Q2_y_Bin_7)_(z_pT_Bin_3)_(MultiDim_z_pT_Bin_Y_bin_phi_t)[0m (Histo Num 43737)
[91mSkipping: (MultiDim_3D_Histo)_(BC_RC_Bayesian)_(SMEAR=Smear)_(Q2_y_Bin_7)_(z_pT_Bin_4)_(MultiDim_z_pT_Bin_Y_bin_phi_t)[0m (Histo Num 43738)
[91mSkipping: (MultiDim_3D_Histo)_(BC_RC_Bayesian)_(SMEAR=Smear)_(Q2_y_Bin_7)_(z_pT_Bin_5)_(MultiDim_z_pT_Bin_Y_bin_phi_t)[0m (Histo Num 43739)
[91mSkipping: (MultiDim_3D_Histo)_(BC_RC_Bayesian)_(SMEAR=Smear)_(Q2_y_Bin_7)_(z_pT_Bin_7)_(MultiDim_z_pT_Bin_Y_bin_phi_t)[0m (Histo Num 43740)
[91mSkipping: (MultiDim_3D_Histo)_(BC_RC_Bayesian)_(SMEAR=Smear)_(Q2_y_Bin_7)_(z_pT_Bin_8)_(MultiDim_z_pT_Bin_Y_bin_phi_t)[0m (Histo Num 43741)
[91mSkipping: (MultiDim_3D_Histo)_(BC_RC_Bayesian)_(SMEAR=Smear)_(Q2_y_Bin_7)_(z_pT_Bin_9)_(MultiDim_z_pT_Bin_Y_bin_phi_t)[0m (Histo Num 43742)
[91mSkipping: (MultiDim_3D_Histo)_(BC_RC_Bayesian)_(SMEAR=Smear)_(Q2_y_Bin_7)_(z_pT_Bin_10)_(MultiDim_z_pT_Bin_Y_bin_phi_t)[0m (Histo Num 43743)
[91mSkipping: (MultiDim_3D_Histo)_(BC_RC_Bayesian)_(SMEAR=Smear)_(Q2_y_Bin_7)_(z_pT_Bin_11)_(MultiDim_z_pT_Bin_Y_bin_phi_t)[0m (Histo Num 43744)
[91mSkipping: (MultiDim_3D_Histo)_(BC_RC_Bayesian)_(SMEAR=Smear)_(Q2_y_Bin_7)_(z_pT_Bin_12)_(MultiDim_z_pT_Bin_Y_bin_phi_t)[0m (Histo Num 43745)
[91mSkipping: (MultiDim_3D_Histo)_(BC_RC_Bayesian)_(SMEAR=Smear)_(Q2_y_Bin_7)_(z_pT_Bin_13)_(MultiDim_z_pT_Bin_Y_bin_phi_t)[0m (Histo Num 43746)
[91mSkipping: (MultiDim_3D_Histo)_(BC_RC_Bayesian)_(SMEAR=Smear)_(Q2_y_Bin_7)_(z_pT_Bin_14)_(MultiDim_z_pT_Bin_Y_bin_phi_t)[0m (Histo Num 43747)
[91mSkipping: (MultiDim_3D_Histo)_(BC_RC_Bayesian)_(SMEAR=Smear)_(Q2_y_Bin_7)_(z_pT_Bin_15)_(MultiDim_z_pT_Bin_Y_bin_phi_t)[0m (Histo Num 43748)
[91mSkipping: (MultiDim_3D_Histo)_(BC_RC_Bayesian)_(SMEAR=Smear)_(Q2_y_Bin_7)_(z_pT_Bin_16)_(MultiDim_z_pT_Bin_Y_bin_phi_t)[0m (Histo Num 43749)
[91mSkipping: (MultiDim_3D_Histo)_(BC_RC_Bayesian)_(SMEAR=Smear)_(Q2_y_Bin_7)_(z_pT_Bin_17)_(MultiDim_z_pT_Bin_Y_bin_phi_t)[0m (Histo Num 43750)
[91mSkipping: (MultiDim_3D_Histo)_(BC_RC_Bayesian)_(SMEAR=Smear)_(Q2_y_Bin_7)_(z_pT_Bin_18)_(MultiDim_z_pT_Bin_Y_bin_phi_t)[0m (Histo Num 43751)
[91mSkipping: (MultiDim_3D_Histo)_(BC_RC_Bayesian)_(SMEAR=Smear)_(Q2_y_Bin_7)_(z_pT_Bin_19)_(MultiDim_z_pT_Bin_Y_bin_phi_t)[0m (Histo Num 43752)
[91mSkipping: (MultiDim_3D_Histo)_(BC_RC_Bayesian)_(SMEAR=Smear)_(Q2_y_Bin_7)_(z_pT_Bin_20)_(MultiDim_z_pT_Bin_Y_bin_phi_t)[0m (Histo Num 43753)
[91mSkipping: (MultiDim_3D_Histo)_(BC_RC_Bayesian)_(SMEAR=Smear)_(Q2_y_Bin_7)_(z_pT_Bin_21)_(MultiDim_z_pT_Bin_Y_bin_phi_t)[0m (Histo Num 43754)
[91mSkipping: (MultiDim_3D_Histo)_(BC_RC_Bayesian)_(SMEAR=Smear)_(Q2_y_Bin_7)_(z_pT_Bin_22)_(MultiDim_z_pT_Bin_Y_bin_phi_t)[0m (Histo Num 43755)
[91mSkipping: (MultiDim_3D_Histo)_(BC_RC_Bayesian)_(SMEAR=Smear)_(Q2_y_Bin_7)_(z_pT_Bin_23)_(MultiDim_z_pT_Bin_Y_bin_phi_t)[0m (Histo Num 43756)
[91mSkipping: (MultiDim_3D_Histo)_(BC_RC_Bayesian)_(SMEAR=Smear)_(Q2_y_Bin_7)_(z_pT_Bin_24)_(MultiDim_z_pT_Bin_Y_bin_phi_t)[0m (Histo Num 43757)
[91mSkipping: (MultiDim_3D_Histo)_(BC_RC_Bayesian)_(SMEAR=Smear)_(Q2_y_Bin_7)_(z_pT_Bin_25)_(MultiDim_z_pT_Bin_Y_bin_phi_t)[0m (Histo Num 43758)
[91mSkipping: (MultiDim_3D_Histo)_(BC_RC_Bayesian)_(SMEAR=Smear)_(Q2_y_Bin_7)_(z_pT_Bin_26)_(MultiDim_z_pT_Bin_Y_bin_phi_t)[0m (Histo Num 43759)
[91mSkipping: (MultiDim_3D_Histo)_(BC_RC_Bayesian)_(SMEAR=Smear)_(Q2_y_Bin_7)_(z_pT_Bin_27)_(MultiDim_z_pT_Bin_Y_bin_phi_t)[0m (Histo Num 43760)
[91mSkipping: (MultiDim_3D_Histo)_(BC_RC_Bayesian)_(SMEAR=Smear)_(Q2_y_Bin_7)_(z_pT_Bin_28)_(MultiDim_z_pT_Bin_Y_bin_phi_t)[0m (Histo Num 43761)
[91mSkipping: (MultiDim_3D_Histo)_(BC_RC_Bayesian)_(SMEAR=Smear)_(Q2_y_Bin_7)_(z_pT_Bin_29)_(MultiDim_z_pT_Bin_Y_bin_phi_t)[0m (Histo Num 43762)
[91mSkipping: (MultiDim_3D_Histo)_(BC_RC_Bayesian)_(SMEAR=Smear)_(Q2_y_Bin_7)_(z_pT_Bin_31)_(MultiDim_z_pT_Bin_Y_bin_phi_t)[0m (Histo Num 43763)
[91mSkipping: (MultiDim_3D_Histo)_(BC_RC_Bayesian)_(SMEAR=Smear)_(Q2_y_Bin_7)_(z_pT_Bin_32)_(MultiDim_z_pT_Bin_Y_bin_phi_t)[0m (Histo Num 43764)
[91mSkipping: (MultiDim_3D_Histo)_(BC_RC_Bayesian)_(SMEAR=Smear)_(Q2_y_Bin_7)_(z_pT_Bin_33)_(MultiDim_z_pT_Bin_Y_bin_phi_t)[0m (Histo Num 43765)
[91mSkipping: (MultiDim_3D_Histo)_(BC_RC_Bayesian)_(SMEAR=Smear)_(Q2_y_Bin_7)_(z_pT_Bin_34)_(MultiDim_z_pT_Bin_Y_bin_phi_t)[0m (Histo Num 43766)
[91mSkipping: (MultiDim_3D_Histo)_(BC_RC_Bayesian)_(SMEAR=Smear)_(Q2_y_Bin_7)_(z_pT_Bin_35)_(MultiDim_z_pT_Bin_Y_bin_phi_t)[0m (Histo Num 43767)
[91mSkipping: (MultiDim_3D_Histo)_(BC_RC_Bayesian)_(SMEAR=Smear)_(Q2_y_Bin_8)_(z_pT_Bin_6)_(MultiDim_z_pT_Bin_Y_bin_phi_t)[0m (Histo Num 43768)
[91mSkipping: (MultiDim_3D_Histo)_(BC_RC_Bayesian)_(SMEAR=Smear)_(Q2_y_Bin_8)_(z_pT_Bin_7)_(MultiDim_z_pT_Bin_Y_bin_phi_t)[0m (Histo Num 43769)
[91mSkipping: (MultiDim_3D_Histo)_(BC_RC_Bayesian)_(SMEAR=Smear)_(Q2_y_Bin_8)_(z_pT_Bin_8)_(MultiDim_z_pT_Bin_Y_bin_phi_t)[0m (Histo Num 43770)
[91mSkipping: (MultiDim_3D_Histo)_(BC_RC_Bayesian)_(SMEAR=Smear)_(Q2_y_Bin_8)_(z_pT_Bin_9)_(MultiDim_z_pT_Bin_Y_bin_phi_t)[0m (Histo Num 43771)
[91mSkipping: (MultiDim_3D_Histo)_(BC_RC_Bayesian)_(SMEAR=Smear)_(Q2_y_Bin_8)_(z_pT_Bin_10)_(MultiDim_z_pT_Bin_Y_bin_phi_t)[0m (Histo Num 43772)
[91mSkipping: (MultiDim_3D_Histo)_(BC_RC_Bayesian)_(SMEAR=Smear)_(Q2_y_Bin_8)_(z_pT_Bin_11)_(MultiDim_z_pT_Bin_Y_bin_phi_t)[0m (Histo Num 43773)
[91mSkipping: (MultiDim_3D_Histo)_(BC_RC_Bayesian)_(SMEAR=Smear)_(Q2_y_Bin_8)_(z_pT_Bin_12)_(MultiDim_z_pT_Bin_Y_bin_phi_t)[0m (Histo Num 43774)
[91mSkipping: (MultiDim_3D_Histo)_(BC_RC_Bayesian)_(SMEAR=Smear)_(Q2_y_Bin_8)_(z_pT_Bin_13)_(MultiDim_z_pT_Bin_Y_bin_phi_t)[0m (Histo Num 43775)
[91mSkipping: (MultiDim_3D_Histo)_(BC_RC_Bayesian)_(SMEAR=Smear)_(Q2_y_Bin_8)_(z_pT_Bin_14)_(MultiDim_z_pT_Bin_Y_bin_phi_t)[0m (Histo Num 43776)
[91mSkipping: (MultiDim_3D_Histo)_(BC_RC_Bayesian)_(SMEAR=Smear)_(Q2_y_Bin_8)_(z_pT_Bin_15)_(MultiDim_z_pT_Bin_Y_bin_phi_t)[0m (Histo Num 43777)
[91mSkipping: (MultiDim_3D_Histo)_(BC_RC_Bayesian)_(SMEAR=Smear)_(Q2_y_Bin_8)_(z_pT_Bin_16)_(MultiDim_z_pT_Bin_Y_bin_phi_t)[0m (Histo Num 43778)
[91mSkipping: (MultiDim_3D_Histo)_(BC_RC_Bayesian)_(SMEAR=Smear)_(Q2_y_Bin_8)_(z_pT_Bin_17)_(MultiDim_z_pT_Bin_Y_bin_phi_t)[0m (Histo Num 43779)
[91mSkipping: (MultiDim_3D_Histo)_(BC_RC_Bayesian)_(SMEAR=Smear)_(Q2_y_Bin_8)_(z_pT_Bin_18)_(MultiDim_z_pT_Bin_Y_bin_phi_t)[0m (Histo Num 43780)
[91mSkipping: (MultiDim_3D_Histo)_(BC_RC_Bayesian)_(SMEAR=Smear)_(Q2_y_Bin_8)_(z_pT_Bin_19)_(MultiDim_z_pT_Bin_Y_bin_phi_t)[0m (Histo Num 43781)
[91mSkipping: (MultiDim_3D_Histo)_(BC_RC_Bayesian)_(SMEAR=Smear)_(Q2_y_Bin_8)_(z_pT_Bin_20)_(MultiDim_z_pT_Bin_Y_bin_phi_t)[0m (Histo Num 43782)
[91mSkipping: (MultiDim_3D_Histo)_(BC_RC_Bayesian)_(SMEAR=Smear)_(Q2_y_Bin_8)_(z_pT_Bin_21)_(MultiDim_z_pT_Bin_Y_bin_phi_t)[0m (Histo Num 43783)
[91mSkipping: (MultiDim_3D_Histo)_(BC_RC_Bayesian)_(SMEAR=Smear)_(Q2_y_Bin_8)_(z_pT_Bin_22)_(MultiDim_z_pT_Bin_Y_bin_phi_t)[0m (Histo Num 43784)
[91mSkipping: (MultiDim_3D_Histo)_(BC_RC_Bayesian)_(SMEAR=Smear)_(Q2_y_Bin_8)_(z_pT_Bin_23)_(MultiDim_z_pT_Bin_Y_bin_phi_t)[0m (Histo Num 43785)
[91mSkipping: (MultiDim_3D_Histo)_(BC_RC_Bayesian)_(SMEAR=Smear)_(Q2_y_Bin_8)_(z_pT_Bin_24)_(MultiDim_z_pT_Bin_Y_bin_phi_t)[0m (Histo Num 43786)
[91mSkipping: (MultiDim_3D_Histo)_(BC_RC_Bayesian)_(SMEAR=Smear)_(Q2_y_Bin_8)_(z_pT_Bin_25)_(MultiDim_z_pT_Bin_Y_bin_phi_t)[0m (Histo Num 43787)
[91mSkipping: (MultiDim_3D_Histo)_(BC_RC_Bayesian)_(SMEAR=Smear)_(Q2_y_Bin_8)_(z_pT_Bin_26)_(MultiDim_z_pT_Bin_Y_bin_phi_t)[0m (Histo Num 43788)
[91mSkipping: (MultiDim_3D_Histo)_(BC_RC_Bayesian)_(SMEAR=Smear)_(Q2_y_Bin_8)_(z_pT_Bin_27)_(MultiDim_z_pT_Bin_Y_bin_phi_t)[0m (Histo Num 43789)
[91mSkipping: (MultiDim_3D_Histo)_(BC_RC_Bayesian)_(SMEAR=Smear)_(Q2_y_Bin_8)_(z_pT_Bin_28)_(MultiDim_z_pT_Bin_Y_bin_phi_t)[0m (Histo Num 43790)
[91mSkipping: (MultiDim_3D_Histo)_(BC_RC_Bayesian)_(SMEAR=Smear)_(Q2_y_Bin_8)_(z_pT_Bin_29)_(MultiDim_z_pT_Bin_Y_bin_phi_t)[0m (Histo Num 43791)
[91mSkipping: (MultiDim_3D_Histo)_(BC_RC_Bayesian)_(SMEAR=Smear)_(Q2_y_Bin_8)_(z_pT_Bin_30)_(MultiDim_z_pT_Bin_Y_bin_phi_t)[0m (Histo Num 43792)
[91mSkipping: (MultiDim_3D_Histo)_(BC_RC_Bayesian)_(SMEAR=Smear)_(Q2_y_Bin_8)_(z_pT_Bin_31)_(MultiDim_z_pT_Bin_Y_bin_phi_t)[0m (Histo Num 43793)
[91mSkipping: (MultiDim_3D_Histo)_(BC_RC_Bayesian)_(SMEAR=Smear)_(Q2_y_Bin_8)_(z_pT_Bin_32)_(MultiDim_z_pT_Bin_Y_bin_phi_t)[0m (Histo Num 43794)
[91mSkipping: (MultiDim_3D_Histo)_(BC_RC_Bayesian)_(SMEAR=Smear)_(Q2_y_Bin_8)_(z_pT_Bin_33)_(MultiDim_z_pT_Bin_Y_bin_phi_t)[0m (Histo Num 43795)
[91mSkipping: (MultiDim_3D_Histo)_(BC_RC_Bayesian)_(SMEAR=Smear)_(Q2_y_Bin_8)_(z_pT_Bin_34)_(MultiDim_z_pT_Bin_Y_bin_phi_t)[0m (Histo Num 43796)
[91mSkipping: (MultiDim_3D_Histo)_(BC_RC_Bayesian)_(SMEAR=Smear)_(Q2_y_Bin_9)_(z_pT_Bin_1)_(MultiDim_z_pT_Bin_Y_bin_phi_t)[0m (Histo Num 43797)
[91mSkipping: (MultiDim_3D_Histo)_(BC_RC_Bayesian)_(SMEAR=Smear)_(Q2_y_Bin_9)_(z_pT_Bin_2)_(MultiDim_z_pT_Bin_Y_bin_phi_t)[0m (Histo Num 43798)
[91mSkipping: (MultiDim_3D_Histo)_(BC_RC_Bayesian)_(SMEAR=Smear)_(Q2_y_Bin_9)_(z_pT_Bin_3)_(MultiDim_z_pT_Bin_Y_bin_phi_t)[0m (Histo Num 43799)
[91mSkipping: (MultiDim_3D_Histo)_(BC_RC_Bayesian)_(SMEAR=Smear)_(Q2_y_Bin_9)_(z_pT_Bin_4)_(MultiDim_z_pT_Bin_Y_bin_phi_t)[0m (Histo Num 43800)
[91mSkipping: (MultiDim_3D_Histo)_(BC_RC_Bayesian)_(SMEAR=Smear)_(Q2_y_Bin_9)_(z_pT_Bin_5)_(MultiDim_z_pT_Bin_Y_bin_phi_t)[0m (Histo Num 43801)
[91mSkipping: (MultiDim_3D_Histo)_(BC_RC_Bayesian)_(SMEAR=Smear)_(Q2_y_Bin_9)_(z_pT_Bin_6)_(MultiDim_z_pT_Bin_Y_bin_phi_t)[0m (Histo Num 43802)
[91mSkipping: (MultiDim_3D_Histo)_(BC_RC_Bayesian)_(SMEAR=Smear)_(Q2_y_Bin_9)_(z_pT_Bin_7)_(MultiDim_z_pT_Bin_Y_bin_phi_t)[0m (Histo Num 43803)
[91mSkipping: (MultiDim_3D_Histo)_(BC_RC_Bayesian)_(SMEAR=Smear)_(Q2_y_Bin_9)_(z_pT_Bin_8)_(MultiDim_z_pT_Bin_Y_bin_phi_t)[0m (Histo Num 43804)
[91mSkipping: (MultiDim_3D_Histo)_(BC_RC_Bayesian)_(SMEAR=Smear)_(Q2_y_Bin_9)_(z_pT_Bin_9)_(MultiDim_z_pT_Bin_Y_bin_phi_t)[0m (Histo Num 43805)
[91mSkipping: (MultiDim_3D_Histo)_(BC_RC_Bayesian)_(SMEAR=Smear)_(Q2_y_Bin_9)_(z_pT_Bin_10)_(MultiDim_z_pT_Bin_Y_bin_phi_t)[0m (Histo Num 43806)
[91mSkipping: (MultiDim_3D_Histo)_(BC_RC_Bayesian)_(SMEAR=Smear)_(Q2_y_Bin_9)_(z_pT_Bin_11)_(MultiDim_z_pT_Bin_Y_bin_phi_t)[0m (Histo Num 43807)
[91mSkipping: (MultiDim_3D_Histo)_(BC_RC_Bayesian)_(SMEAR=Smear)_(Q2_y_Bin_9)_(z_pT_Bin_12)_(MultiDim_z_pT_Bin_Y_bin_phi_t)[0m (Histo Num 43808)
[91mSkipping: (MultiDim_3D_Histo)_(BC_RC_Bayesian)_(SMEAR=Smear)_(Q2_y_Bin_9)_(z_pT_Bin_13)_(MultiDim_z_pT_Bin_Y_bin_phi_t)[0m (Histo Num 43809)
[91mSkipping: (MultiDim_3D_Histo)_(BC_RC_Bayesian)_(SMEAR=Smear)_(Q2_y_Bin_9)_(z_pT_Bin_14)_(MultiDim_z_pT_Bin_Y_bin_phi_t)[0m (Histo Num 43810)
[91mSkipping: (MultiDim_3D_Histo)_(BC_RC_Bayesian)_(SMEAR=Smear)_(Q2_y_Bin_9)_(z_pT_Bin_15)_(MultiDim_z_pT_Bin_Y_bin_phi_t)[0m (Histo Num 43811)
[91mSkipping: (MultiDim_3D_Histo)_(BC_RC_Bayesian)_(SMEAR=Smear)_(Q2_y_Bin_9)_(z_pT_Bin_16)_(MultiDim_z_pT_Bin_Y_bin_phi_t)[0m (Histo Num 43812)
[91mSkipping: (MultiDim_3D_Histo)_(BC_RC_Bayesian)_(SMEAR=Smear)_(Q2_y_Bin_9)_(z_pT_Bin_17)_(MultiDim_z_pT_Bin_Y_bin_phi_t)[0m (Histo Num 43813)
[91mSkipping: (MultiDim_3D_Histo)_(BC_RC_Bayesian)_(SMEAR=Smear)_(Q2_y_Bin_9)_(z_pT_Bin_18)_(MultiDim_z_pT_Bin_Y_bin_phi_t)[0m (Histo Num 43814)
[91mSkipping: (MultiDim_3D_Histo)_(BC_RC_Bayesian)_(SMEAR=Smear)_(Q2_y_Bin_9)_(z_pT_Bin_19)_(MultiDim_z_pT_Bin_Y_bin_phi_t)[0m (Histo Num 43815)
[91mSkipping: (MultiDim_3D_Histo)_(BC_RC_Bayesian)_(SMEAR=Smear)_(Q2_y_Bin_9)_(z_pT_Bin_20)_(MultiDim_z_pT_Bin_Y_bin_phi_t)[0m (Histo Num 43816)
[91mSkipping: (MultiDim_3D_Histo)_(BC_RC_Bayesian)_(SMEAR=Smear)_(Q2_y_Bin_9)_(z_pT_Bin_22)_(MultiDim_z_pT_Bin_Y_bin_phi_t)[0m (Histo Num 43817)
[91mSkipping: (MultiDim_3D_Histo)_(BC_RC_Bayesian)_(SMEAR=Smear)_(Q2_y_Bin_9)_(z_pT_Bin_23)_(MultiDim_z_pT_Bin_Y_bin_phi_t)[0m (Histo Num 43818)
[91mSkipping: (MultiDim_3D_Histo)_(BC_RC_Bayesian)_(SMEAR=Smear)_(Q2_y_Bin_9)_(z_pT_Bin_24)_(MultiDim_z_pT_Bin_Y_bin_phi_t)[0m (Histo Num 43819)
[91mSkipping: (MultiDim_3D_Histo)_(BC_RC_Bayesian)_(SMEAR=Smear)_(Q2_y_Bin_9)_(z_pT_Bin_25)_(MultiDim_z_pT_Bin_Y_bin_phi_t)[0m (Histo Num 43820)
[91mSkipping: (MultiDim_3D_Histo)_(BC_RC_Bayesian)_(SMEAR=Smear)_(Q2_y_Bin_9)_(z_pT_Bin_26)_(MultiDim_z_pT_Bin_Y_bin_phi_t)[0m (Histo Num 43821)
[91mSkipping: (MultiDim_3D_Histo)_(BC_RC_Bayesian)_(SMEAR=Smear)_(Q2_y_Bin_9)_(z_pT_Bin_29)_(MultiDim_z_pT_Bin_Y_bin_phi_t)[0m (Histo Num 43822)
[91mSkipping: (MultiDim_3D_Histo)_(BC_RC_Bayesian)_(SMEAR=Smear)_(Q2_y_Bin_9)_(z_pT_Bin_30)_(MultiDim_z_pT_Bin_Y_bin_phi_t)[0m (Histo Num 43823)
[91mSkipping: (MultiDim_3D_Histo)_(BC_RC_Bayesian)_(SMEAR=Smear)_(Q2_y_Bin_9)_(z_pT_Bin_31)_(MultiDim_z_pT_Bin_Y_bin_phi_t)[0m (Histo Num 43824)
[91mSkipping: (MultiDim_3D_Histo)_(BC_RC_Bayesian)_(SMEAR=Smear)_(Q2_y_Bin_9)_(z_pT_Bin_32)_(MultiDim_z_pT_Bin_Y_bin_phi_t)[0m (Histo Num 43825)
[91mSkipping: (MultiDim_3D_Histo)_(BC_RC_Bayesian)_(SMEAR=Smear)_(Q2_y_Bin_10)_(z_pT_Bin_1)_(MultiDim_z_pT_Bin_Y_bin_phi_t)[0m (Histo Num 43826)
[91mSkipping: (MultiDim_3D_Histo)_(BC_RC_Bayesian)_(SMEAR=Smear)_(Q2_y_Bin_10)_(z_pT_Bin_2)_(MultiDim_z_pT_Bin_Y_bin_phi_t)[0m (Histo Num 43827)
[91mSkipping: (MultiDim_3D_Histo)_(BC_RC_Bayesian)_(SMEAR=Smear)_(Q2_y_Bin_10)_(z_pT_Bin_3)_(MultiDim_z_pT_Bin_Y_bin_phi_t)[0m (Histo Num 43828)
[91mSkipping: (MultiDim_3D_Histo)_(BC_RC_Bayesian)_(SMEAR=Smear)_(Q2_y_Bin_10)_(z_pT_Bin_4)_(MultiDim_z_pT_Bin_Y_bin_phi_t)[0m (Histo Num 43829)
[91mSkipping: (MultiDim_3D_Histo)_(BC_RC_Bayesian)_(SMEAR=Smear)_(Q2_y_Bin_10)_(z_pT_Bin_5)_(MultiDim_z_pT_Bin_Y_bin_phi_t)[0m (Histo Num 43830)
[91mSkipping: (MultiDim_3D_Histo)_(BC_RC_Bayesian)_(SMEAR=Smear)_(Q2_y_Bin_10)_(z_pT_Bin_6)_(MultiDim_z_pT_Bin_Y_bin_phi_t)[0m (Histo Num 43831)
[91mSkipping: (MultiDim_3D_Histo)_(BC_RC_Bayesian)_(SMEAR=Smear)_(Q2_y_Bin_10)_(z_pT_Bin_7)_(MultiDim_z_pT_Bin_Y_bin_phi_t)[0m (Histo Num 43832)
[91mSkipping: (MultiDim_3D_Histo)_(BC_RC_Bayesian)_(SMEAR=Smear)_(Q2_y_Bin_10)_(z_pT_Bin_8)_(MultiDim_z_pT_Bin_Y_bin_phi_t)[0m (Histo Num 43833)
[91mSkipping: (MultiDim_3D_Histo)_(BC_RC_Bayesian)_(SMEAR=Smear)_(Q2_y_Bin_10)_(z_pT_Bin_9)_(MultiDim_z_pT_Bin_Y_bin_phi_t)[0m (Histo Num 43834)
[91mSkipping: (MultiDim_3D_Histo)_(BC_RC_Bayesian)_(SMEAR=Smear)_(Q2_y_Bin_10)_(z_pT_Bin_10)_(MultiDim_z_pT_Bin_Y_bin_phi_t)[0m (Histo Num 43835)
[91mSkipping: (MultiDim_3D_Histo)_(BC_RC_Bayesian)_(SMEAR=Smear)_(Q2_y_Bin_10)_(z_pT_Bin_11)_(MultiDim_z_pT_Bin_Y_bin_phi_t)[0m (Histo Num 43836)
[91mSkipping: (MultiDim_3D_Histo)_(BC_RC_Bayesian)_(SMEAR=Smear)_(Q2_y_Bin_10)_(z_pT_Bin_12)_(MultiDim_z_pT_Bin_Y_bin_phi_t)[0m (Histo Num 43837)
[91mSkipping: (MultiDim_3D_Histo)_(BC_RC_Bayesian)_(SMEAR=Smear)_(Q2_y_Bin_10)_(z_pT_Bin_13)_(MultiDim_z_pT_Bin_Y_bin_phi_t)[0m (Histo Num 43838)
[91mSkipping: (MultiDim_3D_Histo)_(BC_RC_Bayesian)_(SMEAR=Smear)_(Q2_y_Bin_10)_(z_pT_Bin_14)_(MultiDim_z_pT_Bin_Y_bin_phi_t)[0m (Histo Num 43839)
[91mSkipping: (MultiDim_3D_Histo)_(BC_RC_Bayesian)_(SMEAR=Smear)_(Q2_y_Bin_10)_(z_pT_Bin_15)_(MultiDim_z_pT_Bin_Y_bin_phi_t)[0m (Histo Num 43840)
[91mSkipping: (MultiDim_3D_Histo)_(BC_RC_Bayesian)_(SMEAR=Smear)_(Q2_y_Bin_10)_(z_pT_Bin_16)_(MultiDim_z_pT_Bin_Y_bin_phi_t)[0m (Histo Num 43841)
[91mSkipping: (MultiDim_3D_Histo)_(BC_RC_Bayesian)_(SMEAR=Smear)_(Q2_y_Bin_10)_(z_pT_Bin_17)_(MultiDim_z_pT_Bin_Y_bin_phi_t)[0m (Histo Num 43842)
[91mSkipping: (MultiDim_3D_Histo)_(BC_RC_Bayesian)_(SMEAR=Smear)_(Q2_y_Bin_10)_(z_pT_Bin_18)_(MultiDim_z_pT_Bin_Y_bin_phi_t)[0m (Histo Num 43843)
[91mSkipping: (MultiDim_3D_Histo)_(BC_RC_Bayesian)_(SMEAR=Smear)_(Q2_y_Bin_10)_(z_pT_Bin_19)_(MultiDim_z_pT_Bin_Y_bin_phi_t)[0m (Histo Num 43844)
[91mSkipping: (MultiDim_3D_Histo)_(BC_RC_Bayesian)_(SMEAR=Smear)_(Q2_y_Bin_10)_(z_pT_Bin_20)_(MultiDim_z_pT_Bin_Y_bin_phi_t)[0m (Histo Num 43845)
[91mSkipping: (MultiDim_3D_Histo)_(BC_RC_Bayesian)_(SMEAR=Smear)_(Q2_y_Bin_10)_(z_pT_Bin_21)_(MultiDim_z_pT_Bin_Y_bin_phi_t)[0m (Histo Num 43846)
[91mSkipping: (MultiDim_3D_Histo)_(BC_RC_Bayesian)_(SMEAR=Smear)_(Q2_y_Bin_10)_(z_pT_Bin_22)_(MultiDim_z_pT_Bin_Y_bin_phi_t)[0m (Histo Num 43847)
[91mSkipping: (MultiDim_3D_Histo)_(BC_RC_Bayesian)_(SMEAR=Smear)_(Q2_y_Bin_10)_(z_pT_Bin_23)_(MultiDim_z_pT_Bin_Y_bin_phi_t)[0m (Histo Num 43848)
[91mSkipping: (MultiDim_3D_Histo)_(BC_RC_Bayesian)_(SMEAR=Smear)_(Q2_y_Bin_10)_(z_pT_Bin_25)_(MultiDim_z_pT_Bin_Y_bin_phi_t)[0m (Histo Num 43849)
[91mSkipping: (MultiDim_3D_Histo)_(BC_RC_Bayesian)_(SMEAR=Smear)_(Q2_y_Bin_10)_(z_pT_Bin_26)_(MultiDim_z_pT_Bin_Y_bin_phi_t)[0m (Histo Num 43850)
[91mSkipping: (MultiDim_3D_Histo)_(BC_RC_Bayesian)_(SMEAR=Smear)_(Q2_y_Bin_10)_(z_pT_Bin_27)_(MultiDim_z_pT_Bin_Y_bin_phi_t)[0m (Histo Num 43851)
[91mSkipping: (MultiDim_3D_Histo)_(BC_RC_Bayesian)_(SMEAR=Smear)_(Q2_y_Bin_10)_(z_pT_Bin_28)_(MultiDim_z_pT_Bin_Y_bin_phi_t)[0m (Histo Num 43852)
[91mSkipping: (MultiDim_3D_Histo)_(BC_RC_Bayesian)_(SMEAR=Smear)_(Q2_y_Bin_10)_(z_pT_Bin_29)_(MultiDim_z_pT_Bin_Y_bin_phi_t)[0m (Histo Num 43853)
[91mSkipping: (MultiDim_3D_Histo)_(BC_RC_Bayesian)_(SMEAR=Smear)_(Q2_y_Bin_10)_(z_pT_Bin_31)_(MultiDim_z_pT_Bin_Y_bin_phi_t)[0m (Histo Num 43854)
[91mSkipping: (MultiDim_3D_Histo)_(BC_RC_Bayesian)_(SMEAR=Smear)_(Q2_y_Bin_10)_(z_pT_Bin_32)_(MultiDim_z_pT_Bin_Y_bin_phi_t)[0m (Histo Num 43855)
[91mSkipping: (MultiDim_3D_Histo)_(BC_RC_Bayesian)_(SMEAR=Smear)_(Q2_y_Bin_10)_(z_pT_Bin_33)_(MultiDim_z_pT_Bin_Y_bin_phi_t)[0m (Histo Num 43856)
[91mSkipping: (MultiDim_3D_Histo)_(BC_RC_Bayesian)_(SMEAR=Smear)_(Q2_y_Bin_10)_(z_pT_Bin_34)_(MultiDim_z_pT_Bin_Y_bin_phi_t)[0m (Histo Num 43857)
[91mSkipping: (MultiDim_3D_Histo)_(BC_RC_Bayesian)_(SMEAR=Smear)_(Q2_y_Bin_11)_(z_pT_Bin_1)_(MultiDim_z_pT_Bin_Y_bin_phi_t)[0m (Histo Num 43858)
[91mSkipping: (MultiDim_3D_Histo)_(BC_RC_Bayesian)_(SMEAR=Smear)_(Q2_y_Bin_11)_(z_pT_Bin_2)_(MultiDim_z_pT_Bin_Y_bin_phi_t)[0m (Histo Num 43859)
[91mSkipping: (MultiDim_3D_Histo)_(BC_RC_Bayesian)_(SMEAR=Smear)_(Q2_y_Bin_11)_(z_pT_Bin_3)_(MultiDim_z_pT_Bin_Y_bin_phi_t)[0m (Histo Num 43860)
[91mSkipping: (MultiDim_3D_Histo)_(BC_RC_Bayesian)_(SMEAR=Smear)_(Q2_y_Bin_11)_(z_pT_Bin_4)_(MultiDim_z_pT_Bin_Y_bin_phi_t)[0m (Histo Num 43861)
[91mSkipping: (MultiDim_3D_Histo)_(BC_RC_Bayesian)_(SMEAR=Smear)_(Q2_y_Bin_11)_(z_pT_Bin_6)_(MultiDim_z_pT_Bin_Y_bin_phi_t)[0m (Histo Num 43862)
[91mSkipping: (MultiDim_3D_Histo)_(BC_RC_Bayesian)_(SMEAR=Smear)_(Q2_y_Bin_11)_(z_pT_Bin_7)_(MultiDim_z_pT_Bin_Y_bin_phi_t)[0m (Histo Num 43863)
[91mSkipping: (MultiDim_3D_Histo)_(BC_RC_Bayesian)_(SMEAR=Smear)_(Q2_y_Bin_11)_(z_pT_Bin_8)_(MultiDim_z_pT_Bin_Y_bin_phi_t)[0m (Histo Num 43864)
[91mSkipping: (MultiDim_3D_Histo)_(BC_RC_Bayesian)_(SMEAR=Smear)_(Q2_y_Bin_11)_(z_pT_Bin_9)_(MultiDim_z_pT_Bin_Y_bin_phi_t)[0m (Histo Num 43865)
[91mSkipping: (MultiDim_3D_Histo)_(BC_RC_Bayesian)_(SMEAR=Smear)_(Q2_y_Bin_11)_(z_pT_Bin_10)_(MultiDim_z_pT_Bin_Y_bin_phi_t)[0m (Histo Num 43866)
[91mSkipping: (MultiDim_3D_Histo)_(BC_RC_Bayesian)_(SMEAR=Smear)_(Q2_y_Bin_11)_(z_pT_Bin_11)_(MultiDim_z_pT_Bin_Y_bin_phi_t)[0m (Histo Num 43867)
[91mSkipping: (MultiDim_3D_Histo)_(BC_RC_Bayesian)_(SMEAR=Smear)_(Q2_y_Bin_11)_(z_pT_Bin_12)_(MultiDim_z_pT_Bin_Y_bin_phi_t)[0m (Histo Num 43868)
[91mSkipping: (MultiDim_3D_Histo)_(BC_RC_Bayesian)_(SMEAR=Smear)_(Q2_y_Bin_11)_(z_pT_Bin_13)_(MultiDim_z_pT_Bin_Y_bin_phi_t)[0m (Histo Num 43869)
[91mSkipping: (MultiDim_3D_Histo)_(BC_RC_Bayesian)_(SMEAR=Smear)_(Q2_y_Bin_11)_(z_pT_Bin_14)_(MultiDim_z_pT_Bin_Y_bin_phi_t)[0m (Histo Num 43870)
[91mSkipping: (MultiDim_3D_Histo)_(BC_RC_Bayesian)_(SMEAR=Smear)_(Q2_y_Bin_11)_(z_pT_Bin_15)_(MultiDim_z_pT_Bin_Y_bin_phi_t)[0m (Histo Num 43871)
[91mSkipping: (MultiDim_3D_Histo)_(BC_RC_Bayesian)_(SMEAR=Smear)_(Q2_y_Bin_11)_(z_pT_Bin_16)_(MultiDim_z_pT_Bin_Y_bin_phi_t)[0m (Histo Num 43872)
[91mSkipping: (MultiDim_3D_Histo)_(BC_RC_Bayesian)_(SMEAR=Smear)_(Q2_y_Bin_11)_(z_pT_Bin_17)_(MultiDim_z_pT_Bin_Y_bin_phi_t)[0m (Histo Num 43873)
[91mSkipping: (MultiDim_3D_Histo)_(BC_RC_Bayesian)_(SMEAR=Smear)_(Q2_y_Bin_11)_(z_pT_Bin_18)_(MultiDim_z_pT_Bin_Y_bin_phi_t)[0m (Histo Num 43874)
[91mSkipping: (MultiDim_3D_Histo)_(BC_RC_Bayesian)_(SMEAR=Smear)_(Q2_y_Bin_11)_(z_pT_Bin_19)_(MultiDim_z_pT_Bin_Y_bin_phi_t)[0m (Histo Num 43875)
[91mSkipping: (MultiDim_3D_Histo)_(BC_RC_Bayesian)_(SMEAR=Smear)_(Q2_y_Bin_11)_(z_pT_Bin_20)_(MultiDim_z_pT_Bin_Y_bin_phi_t)[0m (Histo Num 43876)
[91mSkipping: (MultiDim_3D_Histo)_(BC_RC_Bayesian)_(SMEAR=Smear)_(Q2_y_Bin_11)_(z_pT_Bin_21)_(MultiDim_z_pT_Bin_Y_bin_phi_t)[0m (Histo Num 43877)
[91mSkipping: (MultiDim_3D_Histo)_(BC_RC_Bayesian)_(SMEAR=Smear)_(Q2_y_Bin_11)_(z_pT_Bin_22)_(MultiDim_z_pT_Bin_Y_bin_phi_t)[0m (Histo Num 43878)
[91mSkipping: (MultiDim_3D_Histo)_(BC_RC_Bayesian)_(SMEAR=Smear)_(Q2_y_Bin_11)_(z_pT_Bin_23)_(MultiDim_z_pT_Bin_Y_bin_phi_t)[0m (Histo Num 43879)
[91mSkipping: (MultiDim_3D_Histo)_(BC_RC_Bayesian)_(SMEAR=Smear)_(Q2_y_Bin_11)_(z_pT_Bin_24)_(MultiDim_z_pT_Bin_Y_bin_phi_t)[0m (Histo Num 43880)
[91mSkipping: (MultiDim_3D_Histo)_(BC_RC_Bayesian)_(SMEAR=Smear)_(Q2_y_Bin_12)_(z_pT_Bin_6)_(MultiDim_z_pT_Bin_Y_bin_phi_t)[0m (Histo Num 43881)
[91mSkipping: (MultiDim_3D_Histo)_(BC_RC_Bayesian)_(SMEAR=Smear)_(Q2_y_Bin_12)_(z_pT_Bin_7)_(MultiDim_z_pT_Bin_Y_bin_phi_t)[0m (Histo Num 43882)
[91mSkipping: (MultiDim_3D_Histo)_(BC_RC_Bayesian)_(SMEAR=Smear)_(Q2_y_Bin_12)_(z_pT_Bin_8)_(MultiDim_z_pT_Bin_Y_bin_phi_t)[0m (Histo Num 43883)
[91mSkipping: (MultiDim_3D_Histo)_(BC_RC_Bayesian)_(SMEAR=Smear)_(Q2_y_Bin_12)_(z_pT_Bin_9)_(MultiDim_z_pT_Bin_Y_bin_phi_t)[0m (Histo Num 43884)
[91mSkipping: (MultiDim_3D_Histo)_(BC_RC_Bayesian)_(SMEAR=Smear)_(Q2_y_Bin_12)_(z_pT_Bin_10)_(MultiDim_z_pT_Bin_Y_bin_phi_t)[0m (Histo Num 43885)
[91mSkipping: (MultiDim_3D_Histo)_(BC_RC_Bayesian)_(SMEAR=Smear)_(Q2_y_Bin_12)_(z_pT_Bin_11)_(MultiDim_z_pT_Bin_Y_bin_phi_t)[0m (Histo Num 43886)
[91mSkipping: (MultiDim_3D_Histo)_(BC_RC_Bayesian)_(SMEAR=Smear)_(Q2_y_Bin_12)_(z_pT_Bin_12)_(MultiDim_z_pT_Bin_Y_bin_phi_t)[0m (Histo Num 43887)
[91mSkipping: (MultiDim_3D_Histo)_(BC_RC_Bayesian)_(SMEAR=Smear)_(Q2_y_Bin_12)_(z_pT_Bin_13)_(MultiDim_z_pT_Bin_Y_bin_phi_t)[0m (Histo Num 43888)
[91mSkipping: (MultiDim_3D_Histo)_(BC_RC_Bayesian)_(SMEAR=Smear)_(Q2_y_Bin_12)_(z_pT_Bin_14)_(MultiDim_z_pT_Bin_Y_bin_phi_t)[0m (Histo Num 43889)
[91mSkipping: (MultiDim_3D_Histo)_(BC_RC_Bayesian)_(SMEAR=Smear)_(Q2_y_Bin_12)_(z_pT_Bin_15)_(MultiDim_z_pT_Bin_Y_bin_phi_t)[0m (Histo Num 43890)
[91mSkipping: (MultiDim_3D_Histo)_(BC_RC_Bayesian)_(SMEAR=Smear)_(Q2_y_Bin_12)_(z_pT_Bin_16)_(MultiDim_z_pT_Bin_Y_bin_phi_t)[0m (Histo Num 43891)
[91mSkipping: (MultiDim_3D_Histo)_(BC_RC_Bayesian)_(SMEAR=Smear)_(Q2_y_Bin_12)_(z_pT_Bin_17)_(MultiDim_z_pT_Bin_Y_bin_phi_t)[0m (Histo Num 43892)
[91mSkipping: (MultiDim_3D_Histo)_(BC_RC_Bayesian)_(SMEAR=Smear)_(Q2_y_Bin_12)_(z_pT_Bin_18)_(MultiDim_z_pT_Bin_Y_bin_phi_t)[0m (Histo Num 43893)
[91mSkipping: (MultiDim_3D_Histo)_(BC_RC_Bayesian)_(SMEAR=Smear)_(Q2_y_Bin_12)_(z_pT_Bin_19)_(MultiDim_z_pT_Bin_Y_bin_phi_t)[0m (Histo Num 43894)
[91mSkipping: (MultiDim_3D_Histo)_(BC_RC_Bayesian)_(SMEAR=Smear)_(Q2_y_Bin_12)_(z_pT_Bin_20)_(MultiDim_z_pT_Bin_Y_bin_phi_t)[0m (Histo Num 43895)
[91mSkipping: (MultiDim_3D_Histo)_(BC_RC_Bayesian)_(SMEAR=Smear)_(Q2_y_Bin_12)_(z_pT_Bin_21)_(MultiDim_z_pT_Bin_Y_bin_phi_t)[0m (Histo Num 43896)
[91mSkipping: (MultiDim_3D_Histo)_(BC_RC_Bayesian)_(SMEAR=Smear)_(Q2_y_Bin_12)_(z_pT_Bin_22)_(MultiDim_z_pT_Bin_Y_bin_phi_t)[0m (Histo Num 43897)
[91mSkipping: (MultiDim_3D_Histo)_(BC_RC_Bayesian)_(SMEAR=Smear)_(Q2_y_Bin_12)_(z_pT_Bin_23)_(MultiDim_z_pT_Bin_Y_bin_phi_t)[0m (Histo Num 43898)
[91mSkipping: (MultiDim_3D_Histo)_(BC_RC_Bayesian)_(SMEAR=Smear)_(Q2_y_Bin_12)_(z_pT_Bin_24)_(MultiDim_z_pT_Bin_Y_bin_phi_t)[0m (Histo Num 43899)
[91mSkipping: (MultiDim_3D_Histo)_(BC_RC_Bayesian)_(SMEAR=Smear)_(Q2_y_Bin_13)_(z_pT_Bin_1)_(MultiDim_z_pT_Bin_Y_bin_phi_t)[0m (Histo Num 43900)
[91mSkipping: (MultiDim_3D_Histo)_(BC_RC_Bayesian)_(SMEAR=Smear)_(Q2_y_Bin_13)_(z_pT_Bin_2)_(MultiDim_z_pT_Bin_Y_bin_phi_t)[0m (Histo Num 43901)
[91mSkipping: (MultiDim_3D_Histo)_(BC_RC_Bayesian)_(SMEAR=Smear)_(Q2_y_Bin_13)_(z_pT_Bin_3)_(MultiDim_z_pT_Bin_Y_bin_phi_t)[0m (Histo Num 43902)
[91mSkipping: (MultiDim_3D_Histo)_(BC_RC_Bayesian)_(SMEAR=Smear)_(Q2_y_Bin_13)_(z_pT_Bin_4)_(MultiDim_z_pT_Bin_Y_bin_phi_t)[0m (Histo Num 43903)
[91mSkipping: (MultiDim_3D_Histo)_(BC_RC_Bayesian)_(SMEAR=Smear)_(Q2_y_Bin_13)_(z_pT_Bin_5)_(MultiDim_z_pT_Bin_Y_bin_phi_t)[0m (Histo Num 43904)
[91mSkipping: (MultiDim_3D_Histo)_(BC_RC_Bayesian)_(SMEAR=Smear)_(Q2_y_Bin_13)_(z_pT_Bin_6)_(MultiDim_z_pT_Bin_Y_bin_phi_t)[0m (Histo Num 43905)
[91mSkipping: (MultiDim_3D_Histo)_(BC_RC_Bayesian)_(SMEAR=Smear)_(Q2_y_Bin_13)_(z_pT_Bin_7)_(MultiDim_z_pT_Bin_Y_bin_phi_t)[0m (Histo Num 43906)
[91mSkipping: (MultiDim_3D_Histo)_(BC_RC_Bayesian)_(SMEAR=Smear)_(Q2_y_Bin_13)_(z_pT_Bin_8)_(MultiDim_z_pT_Bin_Y_bin_phi_t)[0m (Histo Num 43907)
[91mSkipping: (MultiDim_3D_Histo)_(BC_RC_Bayesian)_(SMEAR=Smear)_(Q2_y_Bin_13)_(z_pT_Bin_9)_(MultiDim_z_pT_Bin_Y_bin_phi_t)[0m (Histo Num 43908)
[91mSkipping: (MultiDim_3D_Histo)_(BC_RC_Bayesian)_(SMEAR=Smear)_(Q2_y_Bin_13)_(z_pT_Bin_10)_(MultiDim_z_pT_Bin_Y_bin_phi_t)[0m (Histo Num 43909)
[91mSkipping: (MultiDim_3D_Histo)_(BC_RC_Bayesian)_(SMEAR=Smear)_(Q2_y_Bin_13)_(z_pT_Bin_11)_(MultiDim_z_pT_Bin_Y_bin_phi_t)[0m (Histo Num 43910)
[91mSkipping: (MultiDim_3D_Histo)_(BC_RC_Bayesian)_(SMEAR=Smear)_(Q2_y_Bin_13)_(z_pT_Bin_12)_(MultiDim_z_pT_Bin_Y_bin_phi_t)[0m (Histo Num 43911)
[91mSkipping: (MultiDim_3D_Histo)_(BC_RC_Bayesian)_(SMEAR=Smear)_(Q2_y_Bin_13)_(z_pT_Bin_13)_(MultiDim_z_pT_Bin_Y_bin_phi_t)[0m (Histo Num 43912)
[91mSkipping: (MultiDim_3D_Histo)_(BC_RC_Bayesian)_(SMEAR=Smear)_(Q2_y_Bin_13)_(z_pT_Bin_14)_(MultiDim_z_pT_Bin_Y_bin_phi_t)[0m (Histo Num 43913)
[91mSkipping: (MultiDim_3D_Histo)_(BC_RC_Bayesian)_(SMEAR=Smear)_(Q2_y_Bin_13)_(z_pT_Bin_15)_(MultiDim_z_pT_Bin_Y_bin_phi_t)[0m (Histo Num 43914)
[91mSkipping: (MultiDim_3D_Histo)_(BC_RC_Bayesian)_(SMEAR=Smear)_(Q2_y_Bin_13)_(z_pT_Bin_16)_(MultiDim_z_pT_Bin_Y_bin_phi_t)[0m (Histo Num 43915)
[91mSkipping: (MultiDim_3D_Histo)_(BC_RC_Bayesian)_(SMEAR=Smear)_(Q2_y_Bin_13)_(z_pT_Bin_17)_(MultiDim_z_pT_Bin_Y_bin_phi_t)[0m (Histo Num 43916)
[91mSkipping: (MultiDim_3D_Histo)_(BC_RC_Bayesian)_(SMEAR=Smear)_(Q2_y_Bin_13)_(z_pT_Bin_18)_(MultiDim_z_pT_Bin_Y_bin_phi_t)[0m (Histo Num 43917)
[91mSkipping: (MultiDim_3D_Histo)_(BC_RC_Bayesian)_(SMEAR=Smear)_(Q2_y_Bin_13)_(z_pT_Bin_19)_(MultiDim_z_pT_Bin_Y_bin_phi_t)[0m (Histo Num 43918)
[91mSkipping: (MultiDim_3D_Histo)_(BC_RC_Bayesian)_(SMEAR=Smear)_(Q2_y_Bin_13)_(z_pT_Bin_21)_(MultiDim_z_pT_Bin_Y_bin_phi_t)[0m (Histo Num 43919)
[91mSkipping: (MultiDim_3D_Histo)_(BC_RC_Bayesian)_(SMEAR=Smear)_(Q2_y_Bin_13)_(z_pT_Bin_22)_(MultiDim_z_pT_Bin_Y_bin_phi_t)[0m (Histo Num 43920)
[91mSkipping: (MultiDim_3D_Histo)_(BC_RC_Bayesian)_(SMEAR=Smear)_(Q2_y_Bin_13)_(z_pT_Bin_23)_(MultiDim_z_pT_Bin_Y_bin_phi_t)[0m (Histo Num 43921)
[91mSkipping: (MultiDim_3D_Histo)_(BC_RC_Bayesian)_(SMEAR=Smear)_(Q2_y_Bin_13)_(z_pT_Bin_24)_(MultiDim_z_pT_Bin_Y_bin_phi_t)[0m (Histo Num 43922)
[91mSkipping: (MultiDim_3D_Histo)_(BC_RC_Bayesian)_(SMEAR=Smear)_(Q2_y_Bin_13)_(z_pT_Bin_26)_(MultiDim_z_pT_Bin_Y_bin_phi_t)[0m (Histo Num 43923)
[91mSkipping: (MultiDim_3D_Histo)_(BC_RC_Bayesian)_(SMEAR=Smear)_(Q2_y_Bin_13)_(z_pT_Bin_27)_(MultiDim_z_pT_Bin_Y_bin_phi_t)[0m (Histo Num 43924)
[91mSkipping: (MultiDim_3D_Histo)_(BC_RC_Bayesian)_(SMEAR=Smear)_(Q2_y_Bin_13)_(z_pT_Bin_28)_(MultiDim_z_pT_Bin_Y_bin_phi_t)[0m (Histo Num 43925)
[91mSkipping: (MultiDim_3D_Histo)_(BC_RC_Bayesian)_(SMEAR=Smear)_(Q2_y_Bin_14)_(z_pT_Bin_1)_(MultiDim_z_pT_Bin_Y_bin_phi_t)[0m (Histo Num 43926)
[91mSkipping: (MultiDim_3D_Histo)_(BC_RC_Bayesian)_(SMEAR=Smear)_(Q2_y_Bin_14)_(z_pT_Bin_2)_(MultiDim_z_pT_Bin_Y_bin_phi_t)[0m (Histo Num 43927)
[91mSkipping: (MultiDim_3D_Histo)_(BC_RC_Bayesian)_(SMEAR=Smear)_(Q2_y_Bin_14)_(z_pT_Bin_3)_(MultiDim_z_pT_Bin_Y_bin_phi_t)[0m (Histo Num 43928)
[91mSkipping: (MultiDim_3D_Histo)_(BC_RC_Bayesian)_(SMEAR=Smear)_(Q2_y_Bin_14)_(z_pT_Bin_4)_(MultiDim_z_pT_Bin_Y_bin_phi_t)[0m (Histo Num 43929)
[91mSkipping: (MultiDim_3D_Histo)_(BC_RC_Bayesian)_(SMEAR=Smear)_(Q2_y_Bin_14)_(z_pT_Bin_5)_(MultiDim_z_pT_Bin_Y_bin_phi_t)[0m (Histo Num 43930)
[91mSkipping: (MultiDim_3D_Histo)_(BC_RC_Bayesian)_(SMEAR=Smear)_(Q2_y_Bin_14)_(z_pT_Bin_7)_(MultiDim_z_pT_Bin_Y_bin_phi_t)[0m (Histo Num 43931)
[91mSkipping: (MultiDim_3D_Histo)_(BC_RC_Bayesian)_(SMEAR=Smear)_(Q2_y_Bin_14)_(z_pT_Bin_8)_(MultiDim_z_pT_Bin_Y_bin_phi_t)[0m (Histo Num 43932)
[91mSkipping: (MultiDim_3D_Histo)_(BC_RC_Bayesian)_(SMEAR=Smear)_(Q2_y_Bin_14)_(z_pT_Bin_9)_(MultiDim_z_pT_Bin_Y_bin_phi_t)[0m (Histo Num 43933)
[91mSkipping: (MultiDim_3D_Histo)_(BC_RC_Bayesian)_(SMEAR=Smear)_(Q2_y_Bin_14)_(z_pT_Bin_10)_(MultiDim_z_pT_Bin_Y_bin_phi_t)[0m (Histo Num 43934)
[91mSkipping: (MultiDim_3D_Histo)_(BC_RC_Bayesian)_(SMEAR=Smear)_(Q2_y_Bin_14)_(z_pT_Bin_11)_(MultiDim_z_pT_Bin_Y_bin_phi_t)[0m (Histo Num 43935)
[91mSkipping: (MultiDim_3D_Histo)_(BC_RC_Bayesian)_(SMEAR=Smear)_(Q2_y_Bin_14)_(z_pT_Bin_12)_(MultiDim_z_pT_Bin_Y_bin_phi_t)[0m (Histo Num 43936)
[91mSkipping: (MultiDim_3D_Histo)_(BC_RC_Bayesian)_(SMEAR=Smear)_(Q2_y_Bin_14)_(z_pT_Bin_13)_(MultiDim_z_pT_Bin_Y_bin_phi_t)[0m (Histo Num 43937)
[91mSkipping: (MultiDim_3D_Histo)_(BC_RC_Bayesian)_(SMEAR=Smear)_(Q2_y_Bin_14)_(z_pT_Bin_14)_(MultiDim_z_pT_Bin_Y_bin_phi_t)[0m (Histo Num 43938)
[91mSkipping: (MultiDim_3D_Histo)_(BC_RC_Bayesian)_(SMEAR=Smear)_(Q2_y_Bin_14)_(z_pT_Bin_15)_(MultiDim_z_pT_Bin_Y_bin_phi_t)[0m (Histo Num 43939)
[91mSkipping: (MultiDim_3D_Histo)_(BC_RC_Bayesian)_(SMEAR=Smear)_(Q2_y_Bin_14)_(z_pT_Bin_16)_(MultiDim_z_pT_Bin_Y_bin_phi_t)[0m (Histo Num 43940)
[91mSkipping: (MultiDim_3D_Histo)_(BC_RC_Bayesian)_(SMEAR=Smear)_(Q2_y_Bin_14)_(z_pT_Bin_17)_(MultiDim_z_pT_Bin_Y_bin_phi_t)[0m (Histo Num 43941)
[91mSkipping: (MultiDim_3D_Histo)_(BC_RC_Bayesian)_(SMEAR=Smear)_(Q2_y_Bin_14)_(z_pT_Bin_18)_(MultiDim_z_pT_Bin_Y_bin_phi_t)[0m (Histo Num 43942)
[91mSkipping: (MultiDim_3D_Histo)_(BC_RC_Bayesian)_(SMEAR=Smear)_(Q2_y_Bin_14)_(z_pT_Bin_19)_(MultiDim_z_pT_Bin_Y_bin_phi_t)[0m (Histo Num 43943)
[91mSkipping: (MultiDim_3D_Histo)_(BC_RC_Bayesian)_(SMEAR=Smear)_(Q2_y_Bin_14)_(z_pT_Bin_20)_(MultiDim_z_pT_Bin_Y_bin_phi_t)[0m (Histo Num 43944)
[91mSkipping: (MultiDim_3D_Histo)_(BC_RC_Bayesian)_(SMEAR=Smear)_(Q2_y_Bin_14)_(z_pT_Bin_21)_(MultiDim_z_pT_Bin_Y_bin_phi_t)[0m (Histo Num 43945)
[91mSkipping: (MultiDim_3D_Histo)_(BC_RC_Bayesian)_(SMEAR=Smear)_(Q2_y_Bin_14)_(z_pT_Bin_22)_(MultiDim_z_pT_Bin_Y_bin_phi_t)[0m (Histo Num 43946)
[91mSkipping: (MultiDim_3D_Histo)_(BC_RC_Bayesian)_(SMEAR=Smear)_(Q2_y_Bin_14)_(z_pT_Bin_23)_(MultiDim_z_pT_Bin_Y_bin_phi_t)[0m (Histo Num 43947)
[91mSkipping: (MultiDim_3D_Histo)_(BC_RC_Bayesian)_(SMEAR=Smear)_(Q2_y_Bin_14)_(z_pT_Bin_25)_(MultiDim_z_pT_Bin_Y_bin_phi_t)[0m (Histo Num 43948)
[91mSkipping: (MultiDim_3D_Histo)_(BC_RC_Bayesian)_(SMEAR=Smear)_(Q2_y_Bin_14)_(z_pT_Bin_26)_(MultiDim_z_pT_Bin_Y_bin_phi_t)[0m (Histo Num 43949)
[91mSkipping: (MultiDim_3D_Histo)_(BC_RC_Bayesian)_(SMEAR=Smear)_(Q2_y_Bin_14)_(z_pT_Bin_27)_(MultiDim_z_pT_Bin_Y_bin_phi_t)[0m (Histo Num 43950)
[91mSkipping: (MultiDim_3D_Histo)_(BC_RC_Bayesian)_(SMEAR=Smear)_(Q2_y_Bin_14)_(z_pT_Bin_28)_(MultiDim_z_pT_Bin_Y_bin_phi_t)[0m (Histo Num 43951)
[91mSkipping: (MultiDim_3D_Histo)_(BC_RC_Bayesian)_(SMEAR=Smear)_(Q2_y_Bin_14)_(z_pT_Bin_29)_(MultiDim_z_pT_Bin_Y_bin_phi_t)[0m (Histo Num 43952)
[91mSkipping: (MultiDim_3D_Histo)_(BC_RC_Bayesian)_(SMEAR=Smear)_(Q2_y_Bin_14)_(z_pT_Bin_31)_(MultiDim_z_pT_Bin_Y_bin_phi_t)[0m (Histo Num 43953)
[91mSkipping: (MultiDim_3D_Histo)_(BC_RC_Bayesian)_(SMEAR=Smear)_(Q2_y_Bin_14)_(z_pT_Bin_32)_(MultiDim_z_pT_Bin_Y_bin_phi_t)[0m (Histo Num 43954)
[91mSkipping: (MultiDim_3D_Histo)_(BC_RC_Bayesian)_(SMEAR=Smear)_(Q2_y_Bin_14)_(z_pT_Bin_33)_(MultiDim_z_pT_Bin_Y_bin_phi_t)[0m (Histo Num 43955)
[91mSkipping: (MultiDim_3D_Histo)_(BC_RC_Bayesian)_(SMEAR=Smear)_(Q2_y_Bin_14)_(z_pT_Bin_34)_(MultiDim_z_pT_Bin_Y_bin_phi_t)[0m (Histo Num 43956)
[91mSkipping: (MultiDim_3D_Histo)_(BC_RC_Bayesian)_(SMEAR=Smear)_(Q2_y_Bin_15)_(z_pT_Bin_1)_(MultiDim_z_pT_Bin_Y_bin_phi_t)[0m (Histo Num 43957)
[91mSkipping: (MultiDim_3D_Histo)_(BC_RC_Bayesian)_(SMEAR=Smear)_(Q2_y_Bin_15)_(z_pT_Bin_2)_(MultiDim_z_pT_Bin_Y_bin_phi_t)[0m (Histo Num 43958)
[91mSkipping: (MultiDim_3D_Histo)_(BC_RC_Bayesian)_(SMEAR=Smear)_(Q2_y_Bin_15)_(z_pT_Bin_3)_(MultiDim_z_pT_Bin_Y_bin_phi_t)[0m (Histo Num 43959)
[91mSkipping: (MultiDim_3D_Histo)_(BC_RC_Bayesian)_(SMEAR=Smear)_(Q2_y_Bin_15)_(z_pT_Bin_4)_(MultiDim_z_pT_Bin_Y_bin_phi_t)[0m (Histo Num 43960)
[91mSkipping: (MultiDim_3D_Histo)_(BC_RC_Bayesian)_(SMEAR=Smear)_(Q2_y_Bin_15)_(z_pT_Bin_6)_(MultiDim_z_pT_Bin_Y_bin_phi_t)[0m (Histo Num 43961)
[91mSkipping: (MultiDim_3D_Histo)_(BC_RC_Bayesian)_(SMEAR=Smear)_(Q2_y_Bin_15)_(z_pT_Bin_7)_(MultiDim_z_pT_Bin_Y_bin_phi_t)[0m (Histo Num 43962)
[91mSkipping: (MultiDim_3D_Histo)_(BC_RC_Bayesian)_(SMEAR=Smear)_(Q2_y_Bin_15)_(z_pT_Bin_8)_(MultiDim_z_pT_Bin_Y_bin_phi_t)[0m (Histo Num 43963)
[91mSkipping: (MultiDim_3D_Histo)_(BC_RC_Bayesian)_(SMEAR=Smear)_(Q2_y_Bin_15)_(z_pT_Bin_9)_(MultiDim_z_pT_Bin_Y_bin_phi_t)[0m (Histo Num 43964)
[91mSkipping: (MultiDim_3D_Histo)_(BC_RC_Bayesian)_(SMEAR=Smear)_(Q2_y_Bin_15)_(z_pT_Bin_10)_(MultiDim_z_pT_Bin_Y_bin_phi_t)[0m (Histo Num 43965)
[91mSkipping: (MultiDim_3D_Histo)_(BC_RC_Bayesian)_(SMEAR=Smear)_(Q2_y_Bin_15)_(z_pT_Bin_11)_(MultiDim_z_pT_Bin_Y_bin_phi_t)[0m (Histo Num 43966)
[91mSkipping: (MultiDim_3D_Histo)_(BC_RC_Bayesian)_(SMEAR=Smear)_(Q2_y_Bin_15)_(z_pT_Bin_12)_(MultiDim_z_pT_Bin_Y_bin_phi_t)[0m (Histo Num 43967)
[91mSkipping: (MultiDim_3D_Histo)_(BC_RC_Bayesian)_(SMEAR=Smear)_(Q2_y_Bin_15)_(z_pT_Bin_13)_(MultiDim_z_pT_Bin_Y_bin_phi_t)[0m (Histo Num 43968)
[91mSkipping: (MultiDim_3D_Histo)_(BC_RC_Bayesian)_(SMEAR=Smear)_(Q2_y_Bin_15)_(z_pT_Bin_14)_(MultiDim_z_pT_Bin_Y_bin_phi_t)[0m (Histo Num 43969)
[91mSkipping: (MultiDim_3D_Histo)_(BC_RC_Bayesian)_(SMEAR=Smear)_(Q2_y_Bin_15)_(z_pT_Bin_15)_(MultiDim_z_pT_Bin_Y_bin_phi_t)[0m (Histo Num 43970)
[91mSkipping: (MultiDim_3D_Histo)_(BC_RC_Bayesian)_(SMEAR=Smear)_(Q2_y_Bin_15)_(z_pT_Bin_16)_(MultiDim_z_pT_Bin_Y_bin_phi_t)[0m (Histo Num 43971)
[91mSkipping: (MultiDim_3D_Histo)_(BC_RC_Bayesian)_(SMEAR=Smear)_(Q2_y_Bin_15)_(z_pT_Bin_17)_(MultiDim_z_pT_Bin_Y_bin_phi_t)[0m (Histo Num 43972)
[91mSkipping: (MultiDim_3D_Histo)_(BC_RC_Bayesian)_(SMEAR=Smear)_(Q2_y_Bin_15)_(z_pT_Bin_18)_(MultiDim_z_pT_Bin_Y_bin_phi_t)[0m (Histo Num 43973)
[91mSkipping: (MultiDim_3D_Histo)_(BC_RC_Bayesian)_(SMEAR=Smear)_(Q2_y_Bin_15)_(z_pT_Bin_19)_(MultiDim_z_pT_Bin_Y_bin_phi_t)[0m (Histo Num 43974)
[91mSkipping: (MultiDim_3D_Histo)_(BC_RC_Bayesian)_(SMEAR=Smear)_(Q2_y_Bin_15)_(z_pT_Bin_21)_(MultiDim_z_pT_Bin_Y_bin_phi_t)[0m (Histo Num 43975)
[91mSkipping: (MultiDim_3D_Histo)_(BC_RC_Bayesian)_(SMEAR=Smear)_(Q2_y_Bin_15)_(z_pT_Bin_22)_(MultiDim_z_pT_Bin_Y_bin_phi_t)[0m (Histo Num 43976)
[91mSkipping: (MultiDim_3D_Histo)_(BC_RC_Bayesian)_(SMEAR=Smear)_(Q2_y_Bin_15)_(z_pT_Bin_23)_(MultiDim_z_pT_Bin_Y_bin_phi_t)[0m (Histo Num 43977)
[91mSkipping: (MultiDim_3D_Histo)_(BC_RC_Bayesian)_(SMEAR=Smear)_(Q2_y_Bin_15)_(z_pT_Bin_24)_(MultiDim_z_pT_Bin_Y_bin_phi_t)[0m (Histo Num 43978)
[91mSkipping: (MultiDim_3D_Histo)_(BC_RC_Bayesian)_(SMEAR=Smear)_(Q2_y_Bin_16)_(z_pT_Bin_1)_(MultiDim_z_pT_Bin_Y_bin_phi_t)[0m (Histo Num 43979)
[91mSkipping: (MultiDim_3D_Histo)_(BC_RC_Bayesian)_(SMEAR=Smear)_(Q2_y_Bin_16)_(z_pT_Bin_2)_(MultiDim_z_pT_Bin_Y_bin_phi_t)[0m (Histo Num 43980)
[91mSkipping: (MultiDim_3D_Histo)_(BC_RC_Bayesian)_(SMEAR=Smear)_(Q2_y_Bin_16)_(z_pT_Bin_3)_(MultiDim_z_pT_Bin_Y_bin_phi_t)[0m (Histo Num 43981)
[91mSkipping: (MultiDim_3D_Histo)_(BC_RC_Bayesian)_(SMEAR=Smear)_(Q2_y_Bin_16)_(z_pT_Bin_4)_(MultiDim_z_pT_Bin_Y_bin_phi_t)[0m (Histo Num 43982)
[91mSkipping: (MultiDim_3D_Histo)_(BC_RC_Bayesian)_(SMEAR=Smear)_(Q2_y_Bin_16)_(z_pT_Bin_5)_(MultiDim_z_pT_Bin_Y_bin_phi_t)[0m (Histo Num 43983)
[91mSkipping: (MultiDim_3D_Histo)_(BC_RC_Bayesian)_(SMEAR=Smear)_(Q2_y_Bin_16)_(z_pT_Bin_6)_(MultiDim_z_pT_Bin_Y_bin_phi_t)[0m (Histo Num 43984)
[91mSkipping: (MultiDim_3D_Histo)_(BC_RC_Bayesian)_(SMEAR=Smear)_(Q2_y_Bin_16)_(z_pT_Bin_7)_(MultiDim_z_pT_Bin_Y_bin_phi_t)[0m (Histo Num 43985)
[91mSkipping: (MultiDim_3D_Histo)_(BC_RC_Bayesian)_(SMEAR=Smear)_(Q2_y_Bin_16)_(z_pT_Bin_8)_(MultiDim_z_pT_Bin_Y_bin_phi_t)[0m (Histo Num 43986)
[91mSkipping: (MultiDim_3D_Histo)_(BC_RC_Bayesian)_(SMEAR=Smear)_(Q2_y_Bin_16)_(z_pT_Bin_9)_(MultiDim_z_pT_Bin_Y_bin_phi_t)[0m (Histo Num 43987)
[91mSkipping: (MultiDim_3D_Histo)_(BC_RC_Bayesian)_(SMEAR=Smear)_(Q2_y_Bin_16)_(z_pT_Bin_10)_(MultiDim_z_pT_Bin_Y_bin_phi_t)[0m (Histo Num 43988)
[91mSkipping: (MultiDim_3D_Histo)_(BC_RC_Bayesian)_(SMEAR=Smear)_(Q2_y_Bin_16)_(z_pT_Bin_11)_(MultiDim_z_pT_Bin_Y_bin_phi_t)[0m (Histo Num 43989)
[91mSkipping: (MultiDim_3D_Histo)_(BC_RC_Bayesian)_(SMEAR=Smear)_(Q2_y_Bin_16)_(z_pT_Bin_12)_(MultiDim_z_pT_Bin_Y_bin_phi_t)[0m (Histo Num 43990)
[91mSkipping: (MultiDim_3D_Histo)_(BC_RC_Bayesian)_(SMEAR=Smear)_(Q2_y_Bin_16)_(z_pT_Bin_13)_(MultiDim_z_pT_Bin_Y_bin_phi_t)[0m (Histo Num 43991)
[91mSkipping: (MultiDim_3D_Histo)_(BC_RC_Bayesian)_(SMEAR=Smear)_(Q2_y_Bin_16)_(z_pT_Bin_14)_(MultiDim_z_pT_Bin_Y_bin_phi_t)[0m (Histo Num 43992)
[91mSkipping: (MultiDim_3D_Histo)_(BC_RC_Bayesian)_(SMEAR=Smear)_(Q2_y_Bin_16)_(z_pT_Bin_15)_(MultiDim_z_pT_Bin_Y_bin_phi_t)[0m (Histo Num 43993)
[91mSkipping: (MultiDim_3D_Histo)_(BC_RC_Bayesian)_(SMEAR=Smear)_(Q2_y_Bin_16)_(z_pT_Bin_16)_(MultiDim_z_pT_Bin_Y_bin_phi_t)[0m (Histo Num 43994)
[91mSkipping: (MultiDim_3D_Histo)_(BC_RC_Bayesian)_(SMEAR=Smear)_(Q2_y_Bin_16)_(z_pT_Bin_17)_(MultiDim_z_pT_Bin_Y_bin_phi_t)[0m (Histo Num 43995)
[91mSkipping: (MultiDim_3D_Histo)_(BC_RC_Bayesian)_(SMEAR=Smear)_(Q2_y_Bin_16)_(z_pT_Bin_19)_(MultiDim_z_pT_Bin_Y_bin_phi_t)[0m (Histo Num 43996)
[91mSkipping: (MultiDim_3D_Histo)_(BC_RC_Bayesian)_(SMEAR=Smear)_(Q2_y_Bin_16)_(z_pT_Bin_20)_(MultiDim_z_pT_Bin_Y_bin_phi_t)[0m (Histo Num 43997)
[91mSkipping: (MultiDim_3D_Histo)_(BC_RC_Bayesian)_(SMEAR=Smear)_(Q2_y_Bin_16)_(z_pT_Bin_21)_(MultiDim_z_pT_Bin_Y_bin_phi_t)[0m (Histo Num 43998)
[91mSkipping: (MultiDim_3D_Histo)_(BC_RC_Bayesian)_(SMEAR=Smear)_(Q2_y_Bin_16)_(z_pT_Bin_22)_(MultiDim_z_pT_Bin_Y_bin_phi_t)[0m (Histo Num 43999)
[91mSkipping: (MultiDim_3D_Histo)_(BC_RC_Bayesian)_(SMEAR=Smear)_(Q2_y_Bin_16)_(z_pT_Bin_25)_(MultiDim_z_pT_Bin_Y_bin_phi_t)[0m (Histo Num 44000)
[91mSkipping: (MultiDim_3D_Histo)_(BC_RC_Bayesian)_(SMEAR=Smear)_(Q2_y_Bin_16)_(z_pT_Bin_26)_(MultiDim_z_pT_Bin_Y_bin_phi_t)[0m (Histo Num 44001)Info in <TCanvas::MakeDefCanvas>:  created default TCanvas with name c1

[91mSkipping: (MultiDim_3D_Histo)_(BC_RC_Bayesian)_(SMEAR=Smear)_(Q2_y_Bin_16)_(z_pT_Bin_27)_(MultiDim_z_pT_Bin_Y_bin_phi_t)[0m (Histo Num 44002)
[91mSkipping: (MultiDim_3D_Histo)_(BC_RC_Bayesian)_(SMEAR=Smear)_(Q2_y_Bin_17)_(z_pT_Bin_1)_(MultiDim_z_pT_Bin_Y_bin_phi_t)[0m (Histo Num 44003)
[91mSkipping: (MultiDim_3D_Histo)_(BC_RC_Bayesian)_(SMEAR=Smear)_(Q2_y_Bin_17)_(z_pT_Bin_2)_(MultiDim_z_pT_Bin_Y_bin_phi_t)[0m (Histo Num 44004)
[91mSkipping: (MultiDim_3D_Histo)_(BC_RC_Bayesian)_(SMEAR=Smear)_(Q2_y_Bin_17)_(z_pT_Bin_3)_(MultiDim_z_pT_Bin_Y_bin_phi_t)[0m (Histo Num 44005)
[91mSkipping: (MultiDim_3D_Histo)_(BC_RC_Bayesian)_(SMEAR=Smear)_(Q2_y_Bin_17)_(z_pT_Bin_4)_(MultiDim_z_pT_Bin_Y_bin_phi_t)[0m (Histo Num 44006)
[91mSkipping: (MultiDim_3D_Histo)_(BC_RC_Bayesian)_(SMEAR=Smear)_(Q2_y_Bin_17)_(z_pT_Bin_5)_(MultiDim_z_pT_Bin_Y_bin_phi_t)[0m (Histo Num 44007)
[91mSkipping: (MultiDim_3D_Histo)_(BC_RC_Bayesian)_(SMEAR=Smear)_(Q2_y_Bin_17)_(z_pT_Bin_7)_(MultiDim_z_pT_Bin_Y_bin_phi_t)[0m (Histo Num 44008)
[91mSkipping: (MultiDim_3D_Histo)_(BC_RC_Bayesian)_(SMEAR=Smear)_(Q2_y_Bin_17)_(z_pT_Bin_8)_(MultiDim_z_pT_Bin_Y_bin_phi_t)[0m (Histo Num 44009)
[91mSkipping: (MultiDim_3D_Histo)_(BC_RC_Bayesian)_(SMEAR=Smear)_(Q2_y_Bin_17)_(z_pT_Bin_9)_(MultiDim_z_pT_Bin_Y_bin_phi_t)[0m (Histo Num 44010)
[91mSkipping: (MultiDim_3D_Histo)_(BC_RC_Bayesian)_(SMEAR=Smear)_(Q2_y_Bin_17)_(z_pT_Bin_10)_(MultiDim_z_pT_Bin_Y_bin_phi_t)[0m (Histo Num 44011)
[91mSkipping: (MultiDim_3D_Histo)_(BC_RC_Bayesian)_(SMEAR=Smear)_(Q2_y_Bin_17)_(z_pT_Bin_11)_(MultiDim_z_pT_Bin_Y_bin_phi_t)[0m (Histo Num 44012)
[91mSkipping: (MultiDim_3D_Histo)_(BC_RC_Bayesian)_(SMEAR=Smear)_(Q2_y_Bin_17)_(z_pT_Bin_12)_(MultiDim_z_pT_Bin_Y_bin_phi_t)[0m (Histo Num 44013)
[91mSkipping: (MultiDim_3D_Histo)_(BC_RC_Bayesian)_(SMEAR=Smear)_(Q2_y_Bin_17)_(z_pT_Bin_13)_(MultiDim_z_pT_Bin_Y_bin_phi_t)[0m (Histo Num 44014)
[91mSkipping: (MultiDim_3D_Histo)_(BC_RC_Bayesian)_(SMEAR=Smear)_(Q2_y_Bin_17)_(z_pT_Bin_14)_(MultiDim_z_pT_Bin_Y_bin_phi_t)[0m (Histo Num 44015)
[91mSkipping: (MultiDim_3D_Histo)_(BC_RC_Bayesian)_(SMEAR=Smear)_(Q2_y_Bin_17)_(z_pT_Bin_15)_(MultiDim_z_pT_Bin_Y_bin_phi_t)[0m (Histo Num 44016)
[91mSkipping: (MultiDim_3D_Histo)_(BC_RC_Bayesian)_(SMEAR=Smear)_(Q2_y_Bin_17)_(z_pT_Bin_16)_(MultiDim_z_pT_Bin_Y_bin_phi_t)[0m (Histo Num 44017)
[91mSkipping: (MultiDim_3D_Histo)_(BC_RC_Bayesian)_(SMEAR=Smear)_(Q2_y_Bin_17)_(z_pT_Bin_17)_(MultiDim_z_pT_Bin_Y_bin_phi_t)[0m (Histo Num 44018)
[91mSkipping: (MultiDim_3D_Histo)_(BC_RC_Bayesian)_(SMEAR=Smear)_(Q2_y_Bin_17)_(z_pT_Bin_18)_(MultiDim_z_pT_Bin_Y_bin_phi_t)[0m (Histo Num 44019)
[91mSkipping: (MultiDim_3D_Histo)_(BC_RC_Bayesian)_(SMEAR=Smear)_(Q2_y_Bin_17)_(z_pT_Bin_19)_(MultiDim_z_pT_Bin_Y_bin_phi_t)[0m (Histo Num 44020)
[91mSkipping: (MultiDim_3D_Histo)_(BC_RC_Bayesian)_(SMEAR=Smear)_(Q2_y_Bin_17)_(z_pT_Bin_20)_(MultiDim_z_pT_Bin_Y_bin_phi_t)[0m (Histo Num 44021)
[91mSkipping: (MultiDim_3D_Histo)_(BC_RC_Bayesian)_(SMEAR=Smear)_(Q2_y_Bin_17)_(z_pT_Bin_21)_(MultiDim_z_pT_Bin_Y_bin_phi_t)[0m (Histo Num 44022)
[91mSkipping: (MultiDim_3D_Histo)_(BC_RC_Bayesian)_(SMEAR=Smear)_(Q2_y_Bin_17)_(z_pT_Bin_22)_(MultiDim_z_pT_Bin_Y_bin_phi_t)[0m (Histo Num 44023)
[91mSkipping: (MultiDim_3D_Histo)_(BC_RC_Bayesian)_(SMEAR=Smear)_(Q2_y_Bin_17)_(z_pT_Bin_23)_(MultiDim_z_pT_Bin_Y_bin_phi_t)[0m (Histo Num 44024)
[91mSkipping: (MultiDim_3D_Histo)_(BC_RC_Bayesian)_(SMEAR=Smear)_(Q2_y_Bin_17)_(z_pT_Bin_25)_(MultiDim_z_pT_Bin_Y_bin_phi_t)[0m (Histo Num 44025)
[91mSkipping: (MultiDim_3D_Histo)_(BC_RC_Bayesian)_(SMEAR=Smear)_(Q2_y_Bin_17)_(z_pT_Bin_26)_(MultiDim_z_pT_Bin_Y_bin_phi_t)[0m (Histo Num 44026)
[91mSkipping: (MultiDim_3D_Histo)_(BC_RC_Bayesian)_(SMEAR=Smear)_(Q2_y_Bin_17)_(z_pT_Bin_27)_(MultiDim_z_pT_Bin_Y_bin_phi_t)[0m (Histo Num 44027)
[91mSkipping: (MultiDim_3D_Histo)_(BC_RC_Bayesian)_(SMEAR=Smear)_(Q2_y_Bin_17)_(z_pT_Bin_28)_(MultiDim_z_pT_Bin_Y_bin_phi_t)[0m (Histo Num 44028)
Fitting for: [1m(MultiDim_5D_Histo)_(Bayesian)_(SMEAR=Smear)_(Q2_y_Bin_1)_(z_pT_Bin_1)_(MultiDim_Q2_y_z_pT_phi_h)[0m (Histo Num 46882)
[92mLoaded special_fit_parameters_set from Prepare_Next_Iteration/Phi_h_Fit_Parameters_from_Spline.py[0m
Fitting for: [1m(MultiDim_5D_Histo)_(Bayesian)_(SMEAR=Smear)_(Q2_y_Bin_1)_(z_pT_Bin_2)_(MultiDim_Q2_y_z_pT_phi_h)[0m (Histo Num 46883)
Fitting for: [1m(MultiDim_5D_Histo)_(Bayesian)_(SMEAR=Smear)_(Q2_y_Bin_1)_(z_pT_Bin_3)_(MultiDim_Q2_y_z_pT_phi_h)[0m (Histo Num 46884)
Fitting for: [1m(MultiDim_5D_Histo)_(Bayesian)_(SMEAR=Smear)_(Q2_y_Bin_1)_(z_pT_Bin_4)_(MultiDim_Q2_y_z_pT_phi_h)[0m (Histo Num 46885)
Fitting for: [1m(MultiDim_5D_Histo)_(Bayesian)_(SMEAR=Smear)_(Q2_y_Bin_1)_(z_pT_Bin_5)_(MultiDim_Q2_y_z_pT_phi_h)[0m (Histo Num 46886)
Fitting for: [1m(MultiDim_5D_Histo)_(Bayesian)_(SMEAR=Smear)_(Q2_y_Bin_1)_(z_pT_Bin_6)_(MultiDim_Q2_y_z_pT_phi_h)[0m (Histo Num 46887)
Fitting for: [1m(MultiDim_5D_Histo)_(Bayesian)_(SMEAR=Smear)_(Q2_y_Bin_1)_(z_pT_Bin_7)_(MultiDim_Q2_y_z_pT_phi_h)[0m (Histo Num 46888)
Fitting for: [1m(MultiDim_5D_Histo)_(Bayesian)_(SMEAR=Smear)_(Q2_y_Bin_1)_(z_pT_Bin_8)_(MultiDim_Q2_y_z_pT_phi_h)[0m (Histo Num 46889)
Fitting for: [1m(MultiDim_5D_Histo)_(Bayesian)_(SMEAR=Smear)_(Q2_y_Bin_1)_(z_pT_Bin_9)_(MultiDim_Q2_y_z_pT_phi_h)[0m (Histo Num 46890)
Fitting for: [1m(MultiDim_5D_Histo)_(Bayesian)_(SMEAR=Smear)_(Q2_y_Bin_1)_(z_pT_Bin_10)_(MultiDim_Q2_y_z_pT_phi_h)[0m (Histo Num 46891)
Fitting for: [1m(MultiDim_5D_Histo)_(Bayesian)_(SMEAR=Smear)_(Q2_y_Bin_1)_(z_pT_Bin_11)_(MultiDim_Q2_y_z_pT_phi_h)[0m (Histo Num 46892)
Fitting for: [1m(MultiDim_5D_Histo)_(Bayesian)_(SMEAR=Smear)_(Q2_y_Bin_1)_(z_pT_Bin_12)_(MultiDim_Q2_y_z_pT_phi_h)[0m (Histo Num 46893)
Fitting for: [1m(MultiDim_5D_Histo)_(Bayesian)_(SMEAR=Smear)_(Q2_y_Bin_1)_(z_pT_Bin_13)_(MultiDim_Q2_y_z_pT_phi_h)[0m (Histo Num 46894)
Fitting for: [1m(MultiDim_5D_Histo)_(Bayesian)_(SMEAR=Smear)_(Q2_y_Bin_1)_(z_pT_Bin_14)_(MultiDim_Q2_y_z_pT_phi_h)[0m (Histo Num 46895)
Fitting for: [1m(MultiDim_5D_Histo)_(Bayesian)_(SMEAR=Smear)_(Q2_y_Bin_1)_(z_pT_Bin_15)_(MultiDim_Q2_y_z_pT_phi_h)[0m (Histo Num 46896)
Fitting for: [1m(MultiDim_5D_Histo)_(Bayesian)_(SMEAR=Smear)_(Q2_y_Bin_1)_(z_pT_Bin_16)_(MultiDim_Q2_y_z_pT_phi_h)[0m (Histo Num 46897)
Fitting for: [1m(MultiDim_5D_Histo)_(Bayesian)_(SMEAR=Smear)_(Q2_y_Bin_1)_(z_pT_Bin_17)_(MultiDim_Q2_y_z_pT_phi_h)[0m (Histo Num 46898)
Fitting for: [1m(MultiDim_5D_Histo)_(Bayesian)_(SMEAR=Smear)_(Q2_y_Bin_1)_(z_pT_Bin_18)_(MultiDim_Q2_y_z_pT_phi_h)[0m (Histo Num 46899)
Fitting for: [1m(MultiDim_5D_Histo)_(Bayesian)_(SMEAR=Smear)_(Q2_y_Bin_1)_(z_pT_Bin_19)_(MultiDim_Q2_y_z_pT_phi_h)[0m (Histo Num 46900)
Fitting for: [1m(MultiDim_5D_Histo)_(Bayesian)_(SMEAR=Smear)_(Q2_y_Bin_1)_(z_pT_Bin_20)_(MultiDim_Q2_y_z_pT_phi_h)[0m (Histo Num 46901)
Fitting for: [1m(MultiDim_5D_Histo)_(Bayesian)_(SMEAR=Smear)_(Q2_y_Bin_1)_(z_pT_Bin_22)_(MultiDim_Q2_y_z_pT_phi_h)[0m (Histo Num 46902)
Fitting for: [1m(MultiDim_5D_Histo)_(Bayesian)_(SMEAR=Smear)_(Q2_y_Bin_1)_(z_pT_Bin_23)_(MultiDim_Q2_y_z_pT_phi_h)[0m (Histo Num 46903)
Fitting for: [1m(MultiDim_5D_Histo)_(Bayesian)_(SMEAR=Smear)_(Q2_y_Bin_1)_(z_pT_Bin_24)_(MultiDim_Q2_y_z_pT_phi_h)[0m (Histo Num 46904)
Fitting for: [1m(MultiDim_5D_Histo)_(Bayesian)_(SMEAR=Smear)_(Q2_y_Bin_1)_(z_pT_Bin_25)_(MultiDim_Q2_y_z_pT_phi_h)[0m (Histo Num 46905)
Fitting for: [1m(MultiDim_5D_Histo)_(Bayesian)_(SMEAR=Smear)_(Q2_y_Bin_1)_(z_pT_Bin_26)_(MultiDim_Q2_y_z_pT_phi_h)[0m (Histo Num 46906)
Fitting for: [1m(MultiDim_5D_Histo)_(Bayesian)_(SMEAR=Smear)_(Q2_y_Bin_1)_(z_pT_Bin_29)_(MultiDim_Q2_y_z_pT_phi_h)[0m (Histo Num 46907)
Fitting for: [1m(MultiDim_5D_Histo)_(Bayesian)_(SMEAR=Smear)_(Q2_y_Bin_1)_(z_pT_Bin_30)_(MultiDim_Q2_y_z_pT_phi_h)[0m (Histo Num 46908)
Fitting for: [1m(MultiDim_5D_Histo)_(Bayesian)_(SMEAR=Smear)_(Q2_y_Bin_1)_(z_pT_Bin_31)_(MultiDim_Q2_y_z_pT_phi_h)[0m (Histo Num 46909)
Fitting for: [1m(MultiDim_5D_Histo)_(Bayesian)_(SMEAR=Smear)_(Q2_y_Bin_1)_(z_pT_Bin_32)_(MultiDim_Q2_y_z_pT_phi_h)[0m (Histo Num 46910)
Fitting for: [1m(MultiDim_5D_Histo)_(Bayesian)_(SMEAR=Smear)_(Q2_y_Bin_2)_(z_pT_Bin_1)_(MultiDim_Q2_y_z_pT_phi_h)[0m (Histo Num 46912)Info in <ROOT::Math::ParameterSettings>: lower/upper bounds outside current parameter value. The value will be set to (low+up)/2 

Fitting for: [1m(MultiDim_5D_Histo)_(Bayesian)_(SMEAR=Smear)_(Q2_y_Bin_2)_(z_pT_Bin_2)_(MultiDim_Q2_y_z_pT_phi_h)[0m (Histo Num 46913)
Fitting for: [1m(MultiDim_5D_Histo)_(Bayesian)_(SMEAR=Smear)_(Q2_y_Bin_2)_(z_pT_Bin_3)_(MultiDim_Q2_y_z_pT_phi_h)[0m (Histo Num 46914)
Fitting for: [1m(MultiDim_5D_Histo)_(Bayesian)_(SMEAR=Smear)_(Q2_y_Bin_2)_(z_pT_Bin_4)_(MultiDim_Q2_y_z_pT_phi_h)[0m (Histo Num 46915)
Fitting for: [1m(MultiDim_5D_Histo)_(Bayesian)_(SMEAR=Smear)_(Q2_y_Bin_2)_(z_pT_Bin_5)_(MultiDim_Q2_y_z_pT_phi_h)[0m (Histo Num 46916)
Fitting for: [1m(MultiDim_5D_Histo)_(Bayesian)_(SMEAR=Smear)_(Q2_y_Bin_2)_(z_pT_Bin_6)_(MultiDim_Q2_y_z_pT_phi_h)[0m (Histo Num 46917)
Fitting for: [1m(MultiDim_5D_Histo)_(Bayesian)_(SMEAR=Smear)_(Q2_y_Bin_2)_(z_pT_Bin_7)_(MultiDim_Q2_y_z_pT_phi_h)[0m (Histo Num 46918)
Fitting for: [1m(MultiDim_5D_Histo)_(Bayesian)_(SMEAR=Smear)_(Q2_y_Bin_2)_(z_pT_Bin_8)_(MultiDim_Q2_y_z_pT_phi_h)[0m (Histo Num 46919)
Fitting for: [1m(MultiDim_5D_Histo)_(Bayesian)_(SMEAR=Smear)_(Q2_y_Bin_2)_(z_pT_Bin_9)_(MultiDim_Q2_y_z_pT_phi_h)[0m (Histo Num 46920)
Fitting for: [1m(MultiDim_5D_Histo)_(Bayesian)_(SMEAR=Smear)_(Q2_y_Bin_2)_(z_pT_Bin_10)_(MultiDim_Q2_y_z_pT_phi_h)[0m (Histo Num 46921)
Fitting for: [1m(MultiDim_5D_Histo)_(Bayesian)_(SMEAR=Smear)_(Q2_y_Bin_2)_(z_pT_Bin_11)_(MultiDim_Q2_y_z_pT_phi_h)[0m (Histo Num 46922)
Fitting for: [1m(MultiDim_5D_Histo)_(Bayesian)_(SMEAR=Smear)_(Q2_y_Bin_2)_(z_pT_Bin_12)_(MultiDim_Q2_y_z_pT_phi_h)[0m (Histo Num 46923)
Fitting for: [1m(MultiDim_5D_Histo)_(Bayesian)_(SMEAR=Smear)_(Q2_y_Bin_2)_(z_pT_Bin_13)_(MultiDim_Q2_y_z_pT_phi_h)[0m (Histo Num 46924)
Fitting for: [1m(MultiDim_5D_Histo)_(Bayesian)_(SMEAR=Smear)_(Q2_y_Bin_2)_(z_pT_Bin_14)_(MultiDim_Q2_y_z_pT_phi_h)[0m (Histo Num 46925)
Fitting for: [1m(MultiDim_5D_Histo)_(Bayesian)_(SMEAR=Smear)_(Q2_y_Bin_2)_(z_pT_Bin_15)_(MultiDim_Q2_y_z_pT_phi_h)[0m (Histo Num 46926)
Fitting for: [1m(MultiDim_5D_Histo)_(Bayesian)_(SMEAR=Smear)_(Q2_y_Bin_2)_(z_pT_Bin_16)_(MultiDim_Q2_y_z_pT_phi_h)[0m (Histo Num 46927)
Fitting for: [1m(MultiDim_5D_Histo)_(Bayesian)_(SMEAR=Smear)_(Q2_y_Bin_2)_(z_pT_Bin_17)_(MultiDim_Q2_y_z_pT_phi_h)[0m (Histo Num 46928)
Fitting for: [1m(MultiDim_5D_Histo)_(Bayesian)_(SMEAR=Smear)_(Q2_y_Bin_2)_(z_pT_Bin_18)_(MultiDim_Q2_y_z_pT_phi_h)[0m (Histo Num 46929)
Fitting for: [1m(MultiDim_5D_Histo)_(Bayesian)_(SMEAR=Smear)_(Q2_y_Bin_2)_(z_pT_Bin_19)_(MultiDim_Q2_y_z_pT_phi_h)[0m (Histo Num 46930)
Fitting for: [1m(MultiDim_5D_Histo)_(Bayesian)_(SMEAR=Smear)_(Q2_y_Bin_2)_(z_pT_Bin_20)_(MultiDim_Q2_y_z_pT_phi_h)[0m (Histo Num 46931)
Fitting for: [1m(MultiDim_5D_Histo)_(Bayesian)_(SMEAR=Smear)_(Q2_y_Bin_2)_(z_pT_Bin_21)_(MultiDim_Q2_y_z_pT_phi_h)[0m (Histo Num 46932)
Fitting for: [1m(MultiDim_5D_Histo)_(Bayesian)_(SMEAR=Smear)_(Q2_y_Bin_2)_(z_pT_Bin_22)_(MultiDim_Q2_y_z_pT_phi_h)[0m (Histo Num 46933)
Fitting for: [1m(MultiDim_5D_Histo)_(Bayesian)_(SMEAR=Smear)_(Q2_y_Bin_2)_(z_pT_Bin_23)_(MultiDim_Q2_y_z_pT_phi_h)[0m (Histo Num 46934)
Fitting for: [1m(MultiDim_5D_Histo)_(Bayesian)_(SMEAR=Smear)_(Q2_y_Bin_2)_(z_pT_Bin_25)_(MultiDim_Q2_y_z_pT_phi_h)[0m (Histo Num 46935)
Fitting for: [1m(MultiDim_5D_Histo)_(Bayesian)_(SMEAR=Smear)_(Q2_y_Bin_2)_(z_pT_Bin_26)_(MultiDim_Q2_y_z_pT_phi_h)[0m (Histo Num 46936)
Fitting for: [1m(MultiDim_5D_Histo)_(Bayesian)_(SMEAR=Smear)_(Q2_y_Bin_2)_(z_pT_Bin_27)_(MultiDim_Q2_y_z_pT_phi_h)[0m (Histo Num 46937)
Fitting for: [1m(MultiDim_5D_Histo)_(Bayesian)_(SMEAR=Smear)_(Q2_y_Bin_2)_(z_pT_Bin_28)_(MultiDim_Q2_y_z_pT_phi_h)[0m (Histo Num 46938)
Fitting for: [1m(MultiDim_5D_Histo)_(Bayesian)_(SMEAR=Smear)_(Q2_y_Bin_2)_(z_pT_Bin_29)_(MultiDim_Q2_y_z_pT_phi_h)[0m (Histo Num 46939)
Fitting for: [1m(MultiDim_5D_Histo)_(Bayesian)_(SMEAR=Smear)_(Q2_y_Bin_2)_(z_pT_Bin_31)_(MultiDim_Q2_y_z_pT_phi_h)[0m (Histo Num 46940)
Fitting for: [1m(MultiDim_5D_Histo)_(Bayesian)_(SMEAR=Smear)_(Q2_y_Bin_2)_(z_pT_Bin_32)_(MultiDim_Q2_y_z_pT_phi_h)[0m (Histo Num 46941)
Fitting for: [1m(MultiDim_5D_Histo)_(Bayesian)_(SMEAR=Smear)_(Q2_y_Bin_2)_(z_pT_Bin_33)_(MultiDim_Q2_y_z_pT_phi_h)[0m (Histo Num 46942)
Fitting for: [1m(MultiDim_5D_Histo)_(Bayesian)_(SMEAR=Smear)_(Q2_y_Bin_2)_(z_pT_Bin_34)_(MultiDim_Q2_y_z_pT_phi_h)[0m (Histo Num 46943)
Fitting for: [1m(MultiDim_5D_Histo)_(Bayesian)_(SMEAR=Smear)_(Q2_y_Bin_3)_(z_pT_Bin_1)_(MultiDim_Q2_y_z_pT_phi_h)[0m (Histo Num 46945)
Fitting for: [1m(MultiDim_5D_Histo)_(Bayesian)_(SMEAR=Smear)_(Q2_y_Bin_3)_(z_pT_Bin_2)_(MultiDim_Q2_y_z_pT_phi_h)[0m (Histo Num 46946)
Fitting for: [1m(MultiDim_5D_Histo)_(Bayesian)_(SMEAR=Smear)_(Q2_y_Bin_3)_(z_pT_Bin_3)_(MultiDim_Q2_y_z_pT_phi_h)[0m (Histo Num 46947)
Fitting for: [1m(MultiDim_5D_Histo)_(Bayesian)_(SMEAR=Smear)_(Q2_y_Bin_3)_(z_pT_Bin_4)_(MultiDim_Q2_y_z_pT_phi_h)[0m (Histo Num 46948)
Fitting for: [1m(MultiDim_5D_Histo)_(Bayesian)_(SMEAR=Smear)_(Q2_y_Bin_3)_(z_pT_Bin_5)_(MultiDim_Q2_y_z_pT_phi_h)[0m (Histo Num 46949)
Fitting for: [1m(MultiDim_5D_Histo)_(Bayesian)_(SMEAR=Smear)_(Q2_y_Bin_3)_(z_pT_Bin_6)_(MultiDim_Q2_y_z_pT_phi_h)[0m (Histo Num 46950)
Fitting for: [1m(MultiDim_5D_Histo)_(Bayesian)_(SMEAR=Smear)_(Q2_y_Bin_3)_(z_pT_Bin_7)_(MultiDim_Q2_y_z_pT_phi_h)[0m (Histo Num 46951)
Fitting for: [1m(MultiDim_5D_Histo)_(Bayesian)_(SMEAR=Smear)_(Q2_y_Bin_3)_(z_pT_Bin_8)_(MultiDim_Q2_y_z_pT_phi_h)[0m (Histo Num 46952)
Fitting for: [1m(MultiDim_5D_Histo)_(Bayesian)_(SMEAR=Smear)_(Q2_y_Bin_3)_(z_pT_Bin_9)_(MultiDim_Q2_y_z_pT_phi_h)[0m (Histo Num 46953)
Fitting for: [1m(MultiDim_5D_Histo)_(Bayesian)_(SMEAR=Smear)_(Q2_y_Bin_3)_(z_pT_Bin_10)_(MultiDim_Q2_y_z_pT_phi_h)[0m (Histo Num 46954)
Fitting for: [1m(MultiDim_5D_Histo)_(Bayesian)_(SMEAR=Smear)_(Q2_y_Bin_3)_(z_pT_Bin_11)_(MultiDim_Q2_y_z_pT_phi_h)[0m (Histo Num 46955)
Fitting for: [1m(MultiDim_5D_Histo)_(Bayesian)_(SMEAR=Smear)_(Q2_y_Bin_3)_(z_pT_Bin_12)_(MultiDim_Q2_y_z_pT_phi_h)[0m (Histo Num 46956)
Fitting for: [1m(MultiDim_5D_Histo)_(Bayesian)_(SMEAR=Smear)_(Q2_y_Bin_3)_(z_pT_Bin_13)_(MultiDim_Q2_y_z_pT_phi_h)[0m (Histo Num 46957)
Fitting for: [1m(MultiDim_5D_Histo)_(Bayesian)_(SMEAR=Smear)_(Q2_y_Bin_3)_(z_pT_Bin_14)_(MultiDim_Q2_y_z_pT_phi_h)[0m (Histo Num 46958)
Fitting for: [1m(MultiDim_5D_Histo)_(Bayesian)_(SMEAR=Smear)_(Q2_y_Bin_3)_(z_pT_Bin_15)_(MultiDim_Q2_y_z_pT_phi_h)[0m (Histo Num 46959)
Fitting for: [1m(MultiDim_5D_Histo)_(Bayesian)_(SMEAR=Smear)_(Q2_y_Bin_3)_(z_pT_Bin_16)_(MultiDim_Q2_y_z_pT_phi_h)[0m (Histo Num 46960)
Fitting for: [1m(MultiDim_5D_Histo)_(Bayesian)_(SMEAR=Smear)_(Q2_y_Bin_3)_(z_pT_Bin_17)_(MultiDim_Q2_y_z_pT_phi_h)[0m (Histo Num 46961)
Fitting for: [1m(MultiDim_5D_Histo)_(Bayesian)_(SMEAR=Smear)_(Q2_y_Bin_3)_(z_pT_Bin_18)_(MultiDim_Q2_y_z_pT_phi_h)[0m (Histo Num 46962)
Fitting for: [1m(MultiDim_5D_Histo)_(Bayesian)_(SMEAR=Smear)_(Q2_y_Bin_3)_(z_pT_Bin_19)_(MultiDim_Q2_y_z_pT_phi_h)[0m (Histo Num 46963)
Fitting for: [1m(MultiDim_5D_Histo)_(Bayesian)_(SMEAR=Smear)_(Q2_y_Bin_3)_(z_pT_Bin_20)_(MultiDim_Q2_y_z_pT_phi_h)[0m (Histo Num 46964)
Fitting for: [1m(MultiDim_5D_Histo)_(Bayesian)_(SMEAR=Smear)_(Q2_y_Bin_3)_(z_pT_Bin_21)_(MultiDim_Q2_y_z_pT_phi_h)[0m (Histo Num 46965)
Fitting for: [1m(MultiDim_5D_Histo)_(Bayesian)_(SMEAR=Smear)_(Q2_y_Bin_3)_(z_pT_Bin_22)_(MultiDim_Q2_y_z_pT_phi_h)[0m (Histo Num 46966)
Fitting for: [1m(MultiDim_5D_Histo)_(Bayesian)_(SMEAR=Smear)_(Q2_y_Bin_3)_(z_pT_Bin_23)_(MultiDim_Q2_y_z_pT_phi_h)[0m (Histo Num 46967)
Fitting for: [1m(MultiDim_5D_Histo)_(Bayesian)_(SMEAR=Smear)_(Q2_y_Bin_3)_(z_pT_Bin_24)_(MultiDim_Q2_y_z_pT_phi_h)[0m (Histo Num 46968)
Fitting for: [1m(MultiDim_5D_Histo)_(Bayesian)_(SMEAR=Smear)_(Q2_y_Bin_3)_(z_pT_Bin_25)_(MultiDim_Q2_y_z_pT_phi_h)[0m (Histo Num 46969)
Fitting for: [1m(MultiDim_5D_Histo)_(Bayesian)_(SMEAR=Smear)_(Q2_y_Bin_3)_(z_pT_Bin_26)_(MultiDim_Q2_y_z_pT_phi_h)[0m (Histo Num 46970)
Fitting for: [1m(MultiDim_5D_Histo)_(Bayesian)_(SMEAR=Smear)_(Q2_y_Bin_3)_(z_pT_Bin_27)_(MultiDim_Q2_y_z_pT_phi_h)[0m (Histo Num 46971)
Fitting for: [1m(MultiDim_5D_Histo)_(Bayesian)_(SMEAR=Smear)_(Q2_y_Bin_3)_(z_pT_Bin_28)_(MultiDim_Q2_y_z_pT_phi_h)[0m (Histo Num 46972)
Fitting for: [1m(MultiDim_5D_Histo)_(Bayesian)_(SMEAR=Smear)_(Q2_y_Bin_3)_(z_pT_Bin_29)_(MultiDim_Q2_y_z_pT_phi_h)[0m (Histo Num 46973)Info in <ROOT::Math::ParameterSettings>: lower/upper bounds outside current parameter value. The value will be set to (low+up)/2 

Fitting for: [1m(MultiDim_5D_Histo)_(Bayesian)_(SMEAR=Smear)_(Q2_y_Bin_4)_(z_pT_Bin_7)_(MultiDim_Q2_y_z_pT_phi_h)[0m (Histo Num 46975)
Fitting for: [1m(MultiDim_5D_Histo)_(Bayesian)_(SMEAR=Smear)_(Q2_y_Bin_4)_(z_pT_Bin_8)_(MultiDim_Q2_y_z_pT_phi_h)[0m (Histo Num 46976)
Fitting for: [1m(MultiDim_5D_Histo)_(Bayesian)_(SMEAR=Smear)_(Q2_y_Bin_4)_(z_pT_Bin_9)_(MultiDim_Q2_y_z_pT_phi_h)[0m (Histo Num 46977)
Fitting for: [1m(MultiDim_5D_Histo)_(Bayesian)_(SMEAR=Smear)_(Q2_y_Bin_4)_(z_pT_Bin_10)_(MultiDim_Q2_y_z_pT_phi_h)[0m (Histo Num 46978)
Fitting for: [1m(MultiDim_5D_Histo)_(Bayesian)_(SMEAR=Smear)_(Q2_y_Bin_4)_(z_pT_Bin_11)_(MultiDim_Q2_y_z_pT_phi_h)[0m (Histo Num 46979)
Fitting for: [1m(MultiDim_5D_Histo)_(Bayesian)_(SMEAR=Smear)_(Q2_y_Bin_4)_(z_pT_Bin_13)_(MultiDim_Q2_y_z_pT_phi_h)[0m (Histo Num 46980)
Fitting for: [1m(MultiDim_5D_Histo)_(Bayesian)_(SMEAR=Smear)_(Q2_y_Bin_4)_(z_pT_Bin_14)_(MultiDim_Q2_y_z_pT_phi_h)[0m (Histo Num 46981)
Fitting for: [1m(MultiDim_5D_Histo)_(Bayesian)_(SMEAR=Smear)_(Q2_y_Bin_4)_(z_pT_Bin_15)_(MultiDim_Q2_y_z_pT_phi_h)[0m (Histo Num 46982)
Fitting for: [1m(MultiDim_5D_Histo)_(Bayesian)_(SMEAR=Smear)_(Q2_y_Bin_4)_(z_pT_Bin_16)_(MultiDim_Q2_y_z_pT_phi_h)[0m (Histo Num 46983)
Fitting for: [1m(MultiDim_5D_Histo)_(Bayesian)_(SMEAR=Smear)_(Q2_y_Bin_4)_(z_pT_Bin_17)_(MultiDim_Q2_y_z_pT_phi_h)[0m (Histo Num 46984)
Fitting for: [1m(MultiDim_5D_Histo)_(Bayesian)_(SMEAR=Smear)_(Q2_y_Bin_4)_(z_pT_Bin_19)_(MultiDim_Q2_y_z_pT_phi_h)[0m (Histo Num 46985)
Fitting for: [1m(MultiDim_5D_Histo)_(Bayesian)_(SMEAR=Smear)_(Q2_y_Bin_4)_(z_pT_Bin_20)_(MultiDim_Q2_y_z_pT_phi_h)[0m (Histo Num 46986)
Fitting for: [1m(MultiDim_5D_Histo)_(Bayesian)_(SMEAR=Smear)_(Q2_y_Bin_4)_(z_pT_Bin_21)_(MultiDim_Q2_y_z_pT_phi_h)[0m (Histo Num 46987)
Fitting for: [1m(MultiDim_5D_Histo)_(Bayesian)_(SMEAR=Smear)_(Q2_y_Bin_4)_(z_pT_Bin_22)_(MultiDim_Q2_y_z_pT_phi_h)[0m (Histo Num 46988)
Fitting for: [1m(MultiDim_5D_Histo)_(Bayesian)_(SMEAR=Smear)_(Q2_y_Bin_4)_(z_pT_Bin_23)_(MultiDim_Q2_y_z_pT_phi_h)[0m (Histo Num 46989)
Fitting for: [1m(MultiDim_5D_Histo)_(Bayesian)_(SMEAR=Smear)_(Q2_y_Bin_4)_(z_pT_Bin_25)_(MultiDim_Q2_y_z_pT_phi_h)[0m (Histo Num 46990)
Fitting for: [1m(MultiDim_5D_Histo)_(Bayesian)_(SMEAR=Smear)_(Q2_y_Bin_4)_(z_pT_Bin_26)_(MultiDim_Q2_y_z_pT_phi_h)[0m (Histo Num 46991)
Fitting for: [1m(MultiDim_5D_Histo)_(Bayesian)_(SMEAR=Smear)_(Q2_y_Bin_4)_(z_pT_Bin_27)_(MultiDim_Q2_y_z_pT_phi_h)[0m (Histo Num 46992)
Fitting for: [1m(MultiDim_5D_Histo)_(Bayesian)_(SMEAR=Smear)_(Q2_y_Bin_4)_(z_pT_Bin_28)_(MultiDim_Q2_y_z_pT_phi_h)[0m (Histo Num 46993)
Fitting for: [1m(MultiDim_5D_Histo)_(Bayesian)_(SMEAR=Smear)_(Q2_y_Bin_4)_(z_pT_Bin_29)_(MultiDim_Q2_y_z_pT_phi_h)[0m (Histo Num 46994)
Fitting for: [1m(MultiDim_5D_Histo)_(Bayesian)_(SMEAR=Smear)_(Q2_y_Bin_4)_(z_pT_Bin_31)_(MultiDim_Q2_y_z_pT_phi_h)[0m (Histo Num 46995)
Fitting for: [1m(MultiDim_5D_Histo)_(Bayesian)_(SMEAR=Smear)_(Q2_y_Bin_4)_(z_pT_Bin_32)_(MultiDim_Q2_y_z_pT_phi_h)[0m (Histo Num 46996)
Fitting for: [1m(MultiDim_5D_Histo)_(Bayesian)_(SMEAR=Smear)_(Q2_y_Bin_4)_(z_pT_Bin_33)_(MultiDim_Q2_y_z_pT_phi_h)[0m (Histo Num 46997)
Fitting for: [1m(MultiDim_5D_Histo)_(Bayesian)_(SMEAR=Smear)_(Q2_y_Bin_4)_(z_pT_Bin_34)_(MultiDim_Q2_y_z_pT_phi_h)[0m (Histo Num 46998)
Fitting for: [1m(MultiDim_5D_Histo)_(Bayesian)_(SMEAR=Smear)_(Q2_y_Bin_5)_(z_pT_Bin_1)_(MultiDim_Q2_y_z_pT_phi_h)[0m (Histo Num 47000)
Fitting for: [1m(MultiDim_5D_Histo)_(Bayesian)_(SMEAR=Smear)_(Q2_y_Bin_5)_(z_pT_Bin_2)_(MultiDim_Q2_y_z_pT_phi_h)[0m (Histo Num 47001)
Fitting for: [1m(MultiDim_5D_Histo)_(Bayesian)_(SMEAR=Smear)_(Q2_y_Bin_5)_(z_pT_Bin_3)_(MultiDim_Q2_y_z_pT_phi_h)[0m (Histo Num 47002)
Fitting for: [1m(MultiDim_5D_Histo)_(Bayesian)_(SMEAR=Smear)_(Q2_y_Bin_5)_(z_pT_Bin_4)_(MultiDim_Q2_y_z_pT_phi_h)[0m (Histo Num 47003)
Fitting for: [1m(MultiDim_5D_Histo)_(Bayesian)_(SMEAR=Smear)_(Q2_y_Bin_5)_(z_pT_Bin_5)_(MultiDim_Q2_y_z_pT_phi_h)[0m (Histo Num 47004)
Fitting for: [1m(MultiDim_5D_Histo)_(Bayesian)_(SMEAR=Smear)_(Q2_y_Bin_5)_(z_pT_Bin_6)_(MultiDim_Q2_y_z_pT_phi_h)[0m (Histo Num 47005)
Fitting for: [1m(MultiDim_5D_Histo)_(Bayesian)_(SMEAR=Smear)_(Q2_y_Bin_5)_(z_pT_Bin_7)_(MultiDim_Q2_y_z_pT_phi_h)[0m (Histo Num 47006)
Fitting for: [1m(MultiDim_5D_Histo)_(Bayesian)_(SMEAR=Smear)_(Q2_y_Bin_5)_(z_pT_Bin_8)_(MultiDim_Q2_y_z_pT_phi_h)[0m (Histo Num 47007)
Fitting for: [1m(MultiDim_5D_Histo)_(Bayesian)_(SMEAR=Smear)_(Q2_y_Bin_5)_(z_pT_Bin_9)_(MultiDim_Q2_y_z_pT_phi_h)[0m (Histo Num 47008)
Fitting for: [1m(MultiDim_5D_Histo)_(Bayesian)_(SMEAR=Smear)_(Q2_y_Bin_5)_(z_pT_Bin_10)_(MultiDim_Q2_y_z_pT_phi_h)[0m (Histo Num 47009)
Fitting for: [1m(MultiDim_5D_Histo)_(Bayesian)_(SMEAR=Smear)_(Q2_y_Bin_5)_(z_pT_Bin_11)_(MultiDim_Q2_y_z_pT_phi_h)[0m (Histo Num 47010)
Fitting for: [1m(MultiDim_5D_Histo)_(Bayesian)_(SMEAR=Smear)_(Q2_y_Bin_5)_(z_pT_Bin_12)_(MultiDim_Q2_y_z_pT_phi_h)[0m (Histo Num 47011)
Fitting for: [1m(MultiDim_5D_Histo)_(Bayesian)_(SMEAR=Smear)_(Q2_y_Bin_5)_(z_pT_Bin_13)_(MultiDim_Q2_y_z_pT_phi_h)[0m (Histo Num 47012)
Fitting for: [1m(MultiDim_5D_Histo)_(Bayesian)_(SMEAR=Smear)_(Q2_y_Bin_5)_(z_pT_Bin_14)_(MultiDim_Q2_y_z_pT_phi_h)[0m (Histo Num 47013)
Fitting for: [1m(MultiDim_5D_Histo)_(Bayesian)_(SMEAR=Smear)_(Q2_y_Bin_5)_(z_pT_Bin_15)_(MultiDim_Q2_y_z_pT_phi_h)[0m (Histo Num 47014)
Fitting for: [1m(MultiDim_5D_Histo)_(Bayesian)_(SMEAR=Smear)_(Q2_y_Bin_5)_(z_pT_Bin_16)_(MultiDim_Q2_y_z_pT_phi_h)[0m (Histo Num 47015)
Fitting for: [1m(MultiDim_5D_Histo)_(Bayesian)_(SMEAR=Smear)_(Q2_y_Bin_5)_(z_pT_Bin_17)_(MultiDim_Q2_y_z_pT_phi_h)[0m (Histo Num 47016)
Fitting for: [1m(MultiDim_5D_Histo)_(Bayesian)_(SMEAR=Smear)_(Q2_y_Bin_5)_(z_pT_Bin_18)_(MultiDim_Q2_y_z_pT_phi_h)[0m (Histo Num 47017)
Fitting for: [1m(MultiDim_5D_Histo)_(Bayesian)_(SMEAR=Smear)_(Q2_y_Bin_5)_(z_pT_Bin_19)_(MultiDim_Q2_y_z_pT_phi_h)[0m (Histo Num 47018)
Fitting for: [1m(MultiDim_5D_Histo)_(Bayesian)_(SMEAR=Smear)_(Q2_y_Bin_5)_(z_pT_Bin_20)_(MultiDim_Q2_y_z_pT_phi_h)[0m (Histo Num 47019)
Fitting for: [1m(MultiDim_5D_Histo)_(Bayesian)_(SMEAR=Smear)_(Q2_y_Bin_5)_(z_pT_Bin_21)_(MultiDim_Q2_y_z_pT_phi_h)[0m (Histo Num 47020)
Fitting for: [1m(MultiDim_5D_Histo)_(Bayesian)_(SMEAR=Smear)_(Q2_y_Bin_5)_(z_pT_Bin_22)_(MultiDim_Q2_y_z_pT_phi_h)[0m (Histo Num 47021)
Fitting for: [1m(MultiDim_5D_Histo)_(Bayesian)_(SMEAR=Smear)_(Q2_y_Bin_5)_(z_pT_Bin_23)_(MultiDim_Q2_y_z_pT_phi_h)[0m (Histo Num 47022)
Fitting for: [1m(MultiDim_5D_Histo)_(Bayesian)_(SMEAR=Smear)_(Q2_y_Bin_5)_(z_pT_Bin_25)_(MultiDim_Q2_y_z_pT_phi_h)[0m (Histo Num 47023)
Fitting for: [1m(MultiDim_5D_Histo)_(Bayesian)_(SMEAR=Smear)_(Q2_y_Bin_5)_(z_pT_Bin_26)_(MultiDim_Q2_y_z_pT_phi_h)[0m (Histo Num 47024)
Fitting for: [1m(MultiDim_5D_Histo)_(Bayesian)_(SMEAR=Smear)_(Q2_y_Bin_5)_(z_pT_Bin_27)_(MultiDim_Q2_y_z_pT_phi_h)[0m (Histo Num 47025)
Fitting for: [1m(MultiDim_5D_Histo)_(Bayesian)_(SMEAR=Smear)_(Q2_y_Bin_5)_(z_pT_Bin_28)_(MultiDim_Q2_y_z_pT_phi_h)[0m (Histo Num 47026)
Fitting for: [1m(MultiDim_5D_Histo)_(Bayesian)_(SMEAR=Smear)_(Q2_y_Bin_5)_(z_pT_Bin_29)_(MultiDim_Q2_y_z_pT_phi_h)[0m (Histo Num 47027)
Fitting for: [1m(MultiDim_5D_Histo)_(Bayesian)_(SMEAR=Smear)_(Q2_y_Bin_5)_(z_pT_Bin_31)_(MultiDim_Q2_y_z_pT_phi_h)[0m (Histo Num 47028)
Fitting for: [1m(MultiDim_5D_Histo)_(Bayesian)_(SMEAR=Smear)_(Q2_y_Bin_5)_(z_pT_Bin_32)_(MultiDim_Q2_y_z_pT_phi_h)[0m (Histo Num 47029)
Fitting for: [1m(MultiDim_5D_Histo)_(Bayesian)_(SMEAR=Smear)_(Q2_y_Bin_5)_(z_pT_Bin_33)_(MultiDim_Q2_y_z_pT_phi_h)[0m (Histo Num 47030)
Fitting for: [1m(MultiDim_5D_Histo)_(Bayesian)_(SMEAR=Smear)_(Q2_y_Bin_5)_(z_pT_Bin_34)_(MultiDim_Q2_y_z_pT_phi_h)[0m (Histo Num 47031)
Fitting for: [1m(MultiDim_5D_Histo)_(Bayesian)_(SMEAR=Smear)_(Q2_y_Bin_6)_(z_pT_Bin_1)_(MultiDim_Q2_y_z_pT_phi_h)[0m (Histo Num 47033)
Fitting for: [1m(MultiDim_5D_Histo)_(Bayesian)_(SMEAR=Smear)_(Q2_y_Bin_6)_(z_pT_Bin_2)_(MultiDim_Q2_y_z_pT_phi_h)[0m (Histo Num 47034)
Fitting for: [1m(MultiDim_5D_Histo)_(Bayesian)_(SMEAR=Smear)_(Q2_y_Bin_6)_(z_pT_Bin_3)_(MultiDim_Q2_y_z_pT_phi_h)[0m (Histo Num 47035)
Fitting for: [1m(MultiDim_5D_Histo)_(Bayesian)_(SMEAR=Smear)_(Q2_y_Bin_6)_(z_pT_Bin_4)_(MultiDim_Q2_y_z_pT_phi_h)[0m (Histo Num 47036)
Fitting for: [1m(MultiDim_5D_Histo)_(Bayesian)_(SMEAR=Smear)_(Q2_y_Bin_6)_(z_pT_Bin_5)_(MultiDim_Q2_y_z_pT_phi_h)[0m (Histo Num 47037)
Fitting for: [1m(MultiDim_5D_Histo)_(Bayesian)_(SMEAR=Smear)_(Q2_y_Bin_6)_(z_pT_Bin_6)_(MultiDim_Q2_y_z_pT_phi_h)[0m (Histo Num 47038)
Fitting for: [1m(MultiDim_5D_Histo)_(Bayesian)_(SMEAR=Smear)_(Q2_y_Bin_6)_(z_pT_Bin_7)_(MultiDim_Q2_y_z_pT_phi_h)[0m (Histo Num 47039)
Fitting for: [1m(MultiDim_5D_Histo)_(Bayesian)_(SMEAR=Smear)_(Q2_y_Bin_6)_(z_pT_Bin_8)_(MultiDim_Q2_y_z_pT_phi_h)[0m (Histo Num 47040)
Fitting for: [1m(MultiDim_5D_Histo)_(Bayesian)_(SMEAR=Smear)_(Q2_y_Bin_6)_(z_pT_Bin_9)_(MultiDim_Q2_y_z_pT_phi_h)[0m (Histo Num 47041)
Fitting for: [1m(MultiDim_5D_Histo)_(Bayesian)_(SMEAR=Smear)_(Q2_y_Bin_6)_(z_pT_Bin_10)_(MultiDim_Q2_y_z_pT_phi_h)[0m (Histo Num 47042)
Fitting for: [1m(MultiDim_5D_Histo)_(Bayesian)_(SMEAR=Smear)_(Q2_y_Bin_6)_(z_pT_Bin_11)_(MultiDim_Q2_y_z_pT_phi_h)[0m (Histo Num 47043)
Fitting for: [1m(MultiDim_5D_Histo)_(Bayesian)_(SMEAR=Smear)_(Q2_y_Bin_6)_(z_pT_Bin_12)_(MultiDim_Q2_y_z_pT_phi_h)[0m (Histo Num 47044)
Fitting for: [1m(MultiDim_5D_Histo)_(Bayesian)_(SMEAR=Smear)_(Q2_y_Bin_6)_(z_pT_Bin_13)_(MultiDim_Q2_y_z_pT_phi_h)[0m (Histo Num 47045)
Fitting for: [1m(MultiDim_5D_Histo)_(Bayesian)_(SMEAR=Smear)_(Q2_y_Bin_6)_(z_pT_Bin_14)_(MultiDim_Q2_y_z_pT_phi_h)[0m (Histo Num 47046)
Fitting for: [1m(MultiDim_5D_Histo)_(Bayesian)_(SMEAR=Smear)_(Q2_y_Bin_6)_(z_pT_Bin_15)_(MultiDim_Q2_y_z_pT_phi_h)[0m (Histo Num 47047)
Fitting for: [1m(MultiDim_5D_Histo)_(Bayesian)_(SMEAR=Smear)_(Q2_y_Bin_6)_(z_pT_Bin_16)_(MultiDim_Q2_y_z_pT_phi_h)[0m (Histo Num 47048)
Fitting for: [1m(MultiDim_5D_Histo)_(Bayesian)_(SMEAR=Smear)_(Q2_y_Bin_6)_(z_pT_Bin_17)_(MultiDim_Q2_y_z_pT_phi_h)[0m (Histo Num 47049)
Fitting for: [1m(MultiDim_5D_Histo)_(Bayesian)_(SMEAR=Smear)_(Q2_y_Bin_6)_(z_pT_Bin_19)_(MultiDim_Q2_y_z_pT_phi_h)[0m (Histo Num 47050)
Fitting for: [1m(MultiDim_5D_Histo)_(Bayesian)_(SMEAR=Smear)_(Q2_y_Bin_6)_(z_pT_Bin_20)_(MultiDim_Q2_y_z_pT_phi_h)[0m (Histo Num 47051)
Fitting for: [1m(MultiDim_5D_Histo)_(Bayesian)_(SMEAR=Smear)_(Q2_y_Bin_6)_(z_pT_Bin_21)_(MultiDim_Q2_y_z_pT_phi_h)[0m (Histo Num 47052)
Fitting for: [1m(MultiDim_5D_Histo)_(Bayesian)_(SMEAR=Smear)_(Q2_y_Bin_6)_(z_pT_Bin_22)_(MultiDim_Q2_y_z_pT_phi_h)[0m (Histo Num 47053)
Fitting for: [1m(MultiDim_5D_Histo)_(Bayesian)_(SMEAR=Smear)_(Q2_y_Bin_6)_(z_pT_Bin_23)_(MultiDim_Q2_y_z_pT_phi_h)[0m (Histo Num 47054)
Fitting for: [1m(MultiDim_5D_Histo)_(Bayesian)_(SMEAR=Smear)_(Q2_y_Bin_6)_(z_pT_Bin_25)_(MultiDim_Q2_y_z_pT_phi_h)[0m (Histo Num 47055)
Fitting for: [1m(MultiDim_5D_Histo)_(Bayesian)_(SMEAR=Smear)_(Q2_y_Bin_6)_(z_pT_Bin_26)_(MultiDim_Q2_y_z_pT_phi_h)[0m (Histo Num 47056)
Fitting for: [1m(MultiDim_5D_Histo)_(Bayesian)_(SMEAR=Smear)_(Q2_y_Bin_6)_(z_pT_Bin_27)_(MultiDim_Q2_y_z_pT_phi_h)[0m (Histo Num 47057)
Fitting for: [1m(MultiDim_5D_Histo)_(Bayesian)_(SMEAR=Smear)_(Q2_y_Bin_6)_(z_pT_Bin_28)_(MultiDim_Q2_y_z_pT_phi_h)[0m (Histo Num 47058)
Fitting for: [1m(MultiDim_5D_Histo)_(Bayesian)_(SMEAR=Smear)_(Q2_y_Bin_7)_(z_pT_Bin_1)_(MultiDim_Q2_y_z_pT_phi_h)[0m (Histo Num 47060)
Fitting for: [1m(MultiDim_5D_Histo)_(Bayesian)_(SMEAR=Smear)_(Q2_y_Bin_7)_(z_pT_Bin_2)_(MultiDim_Q2_y_z_pT_phi_h)[0m (Histo Num 47061)
Fitting for: [1m(MultiDim_5D_Histo)_(Bayesian)_(SMEAR=Smear)_(Q2_y_Bin_7)_(z_pT_Bin_3)_(MultiDim_Q2_y_z_pT_phi_h)[0m (Histo Num 47062)
Fitting for: [1m(MultiDim_5D_Histo)_(Bayesian)_(SMEAR=Smear)_(Q2_y_Bin_7)_(z_pT_Bin_4)_(MultiDim_Q2_y_z_pT_phi_h)[0m (Histo Num 47063)
Fitting for: [1m(MultiDim_5D_Histo)_(Bayesian)_(SMEAR=Smear)_(Q2_y_Bin_7)_(z_pT_Bin_5)_(MultiDim_Q2_y_z_pT_phi_h)[0m (Histo Num 47064)
Fitting for: [1m(MultiDim_5D_Histo)_(Bayesian)_(SMEAR=Smear)_(Q2_y_Bin_7)_(z_pT_Bin_7)_(MultiDim_Q2_y_z_pT_phi_h)[0m (Histo Num 47065)
Fitting for: [1m(MultiDim_5D_Histo)_(Bayesian)_(SMEAR=Smear)_(Q2_y_Bin_7)_(z_pT_Bin_8)_(MultiDim_Q2_y_z_pT_phi_h)[0m (Histo Num 47066)
Fitting for: [1m(MultiDim_5D_Histo)_(Bayesian)_(SMEAR=Smear)_(Q2_y_Bin_7)_(z_pT_Bin_9)_(MultiDim_Q2_y_z_pT_phi_h)[0m (Histo Num 47067)
Fitting for: [1m(MultiDim_5D_Histo)_(Bayesian)_(SMEAR=Smear)_(Q2_y_Bin_7)_(z_pT_Bin_10)_(MultiDim_Q2_y_z_pT_phi_h)[0m (Histo Num 47068)
Fitting for: [1m(MultiDim_5D_Histo)_(Bayesian)_(SMEAR=Smear)_(Q2_y_Bin_7)_(z_pT_Bin_11)_(MultiDim_Q2_y_z_pT_phi_h)[0m (Histo Num 47069)
Fitting for: [1m(MultiDim_5D_Histo)_(Bayesian)_(SMEAR=Smear)_(Q2_y_Bin_7)_(z_pT_Bin_12)_(MultiDim_Q2_y_z_pT_phi_h)[0m (Histo Num 47070)
Fitting for: [1m(MultiDim_5D_Histo)_(Bayesian)_(SMEAR=Smear)_(Q2_y_Bin_7)_(z_pT_Bin_13)_(MultiDim_Q2_y_z_pT_phi_h)[0m (Histo Num 47071)
Fitting for: [1m(MultiDim_5D_Histo)_(Bayesian)_(SMEAR=Smear)_(Q2_y_Bin_7)_(z_pT_Bin_14)_(MultiDim_Q2_y_z_pT_phi_h)[0m (Histo Num 47072)
Fitting for: [1m(MultiDim_5D_Histo)_(Bayesian)_(SMEAR=Smear)_(Q2_y_Bin_7)_(z_pT_Bin_15)_(MultiDim_Q2_y_z_pT_phi_h)[0m (Histo Num 47073)
Fitting for: [1m(MultiDim_5D_Histo)_(Bayesian)_(SMEAR=Smear)_(Q2_y_Bin_7)_(z_pT_Bin_16)_(MultiDim_Q2_y_z_pT_phi_h)[0m (Histo Num 47074)
Fitting for: [1m(MultiDim_5D_Histo)_(Bayesian)_(SMEAR=Smear)_(Q2_y_Bin_7)_(z_pT_Bin_17)_(MultiDim_Q2_y_z_pT_phi_h)[0m (Histo Num 47075)
Fitting for: [1m(MultiDim_5D_Histo)_(Bayesian)_(SMEAR=Smear)_(Q2_y_Bin_7)_(z_pT_Bin_18)_(MultiDim_Q2_y_z_pT_phi_h)[0m (Histo Num 47076)
Fitting for: [1m(MultiDim_5D_Histo)_(Bayesian)_(SMEAR=Smear)_(Q2_y_Bin_7)_(z_pT_Bin_19)_(MultiDim_Q2_y_z_pT_phi_h)[0m (Histo Num 47077)
Fitting for: [1m(MultiDim_5D_Histo)_(Bayesian)_(SMEAR=Smear)_(Q2_y_Bin_7)_(z_pT_Bin_20)_(MultiDim_Q2_y_z_pT_phi_h)[0m (Histo Num 47078)
Fitting for: [1m(MultiDim_5D_Histo)_(Bayesian)_(SMEAR=Smear)_(Q2_y_Bin_7)_(z_pT_Bin_21)_(MultiDim_Q2_y_z_pT_phi_h)[0m (Histo Num 47079)
Fitting for: [1m(MultiDim_5D_Histo)_(Bayesian)_(SMEAR=Smear)_(Q2_y_Bin_7)_(z_pT_Bin_22)_(MultiDim_Q2_y_z_pT_phi_h)[0m (Histo Num 47080)
Fitting for: [1m(MultiDim_5D_Histo)_(Bayesian)_(SMEAR=Smear)_(Q2_y_Bin_7)_(z_pT_Bin_23)_(MultiDim_Q2_y_z_pT_phi_h)[0m (Histo Num 47081)
Fitting for: [1m(MultiDim_5D_Histo)_(Bayesian)_(SMEAR=Smear)_(Q2_y_Bin_7)_(z_pT_Bin_24)_(MultiDim_Q2_y_z_pT_phi_h)[0m (Histo Num 47082)
Fitting for: [1m(MultiDim_5D_Histo)_(Bayesian)_(SMEAR=Smear)_(Q2_y_Bin_7)_(z_pT_Bin_25)_(MultiDim_Q2_y_z_pT_phi_h)[0m (Histo Num 47083)
Fitting for: [1m(MultiDim_5D_Histo)_(Bayesian)_(SMEAR=Smear)_(Q2_y_Bin_7)_(z_pT_Bin_26)_(MultiDim_Q2_y_z_pT_phi_h)[0m (Histo Num 47084)
Fitting for: [1m(MultiDim_5D_Histo)_(Bayesian)_(SMEAR=Smear)_(Q2_y_Bin_7)_(z_pT_Bin_27)_(MultiDim_Q2_y_z_pT_phi_h)[0m (Histo Num 47085)
Fitting for: [1m(MultiDim_5D_Histo)_(Bayesian)_(SMEAR=Smear)_(Q2_y_Bin_7)_(z_pT_Bin_28)_(MultiDim_Q2_y_z_pT_phi_h)[0m (Histo Num 47086)
Fitting for: [1m(MultiDim_5D_Histo)_(Bayesian)_(SMEAR=Smear)_(Q2_y_Bin_7)_(z_pT_Bin_29)_(MultiDim_Q2_y_z_pT_phi_h)[0m (Histo Num 47087)
Fitting for: [1m(MultiDim_5D_Histo)_(Bayesian)_(SMEAR=Smear)_(Q2_y_Bin_7)_(z_pT_Bin_31)_(MultiDim_Q2_y_z_pT_phi_h)[0m (Histo Num 47088)
Fitting for: [1m(MultiDim_5D_Histo)_(Bayesian)_(SMEAR=Smear)_(Q2_y_Bin_7)_(z_pT_Bin_32)_(MultiDim_Q2_y_z_pT_phi_h)[0m (Histo Num 47089)
Fitting for: [1m(MultiDim_5D_Histo)_(Bayesian)_(SMEAR=Smear)_(Q2_y_Bin_7)_(z_pT_Bin_33)_(MultiDim_Q2_y_z_pT_phi_h)[0m (Histo Num 47090)
Fitting for: [1m(MultiDim_5D_Histo)_(Bayesian)_(SMEAR=Smear)_(Q2_y_Bin_7)_(z_pT_Bin_34)_(MultiDim_Q2_y_z_pT_phi_h)[0m (Histo Num 47091)
Fitting for: [1m(MultiDim_5D_Histo)_(Bayesian)_(SMEAR=Smear)_(Q2_y_Bin_7)_(z_pT_Bin_35)_(MultiDim_Q2_y_z_pT_phi_h)[0m (Histo Num 47092)
Fitting for: [1m(MultiDim_5D_Histo)_(Bayesian)_(SMEAR=Smear)_(Q2_y_Bin_8)_(z_pT_Bin_6)_(MultiDim_Q2_y_z_pT_phi_h)[0m (Histo Num 47094)
Fitting for: [1m(MultiDim_5D_Histo)_(Bayesian)_(SMEAR=Smear)_(Q2_y_Bin_8)_(z_pT_Bin_7)_(MultiDim_Q2_y_z_pT_phi_h)[0m (Histo Num 47095)
Fitting for: [1m(MultiDim_5D_Histo)_(Bayesian)_(SMEAR=Smear)_(Q2_y_Bin_8)_(z_pT_Bin_8)_(MultiDim_Q2_y_z_pT_phi_h)[0m (Histo Num 47096)
Fitting for: [1m(MultiDim_5D_Histo)_(Bayesian)_(SMEAR=Smear)_(Q2_y_Bin_8)_(z_pT_Bin_9)_(MultiDim_Q2_y_z_pT_phi_h)[0m (Histo Num 47097)
Fitting for: [1m(MultiDim_5D_Histo)_(Bayesian)_(SMEAR=Smear)_(Q2_y_Bin_8)_(z_pT_Bin_10)_(MultiDim_Q2_y_z_pT_phi_h)[0m (Histo Num 47098)Info in <ROOT::Math::ParameterSettings>: lower/upper bounds outside current parameter value. The value will be set to (low+up)/2 

Fitting for: [1m(MultiDim_5D_Histo)_(Bayesian)_(SMEAR=Smear)_(Q2_y_Bin_8)_(z_pT_Bin_11)_(MultiDim_Q2_y_z_pT_phi_h)[0m (Histo Num 47099)
Fitting for: [1m(MultiDim_5D_Histo)_(Bayesian)_(SMEAR=Smear)_(Q2_y_Bin_8)_(z_pT_Bin_12)_(MultiDim_Q2_y_z_pT_phi_h)[0m (Histo Num 47100)
Fitting for: [1m(MultiDim_5D_Histo)_(Bayesian)_(SMEAR=Smear)_(Q2_y_Bin_8)_(z_pT_Bin_13)_(MultiDim_Q2_y_z_pT_phi_h)[0m (Histo Num 47101)
Fitting for: [1m(MultiDim_5D_Histo)_(Bayesian)_(SMEAR=Smear)_(Q2_y_Bin_8)_(z_pT_Bin_14)_(MultiDim_Q2_y_z_pT_phi_h)[0m (Histo Num 47102)
Fitting for: [1m(MultiDim_5D_Histo)_(Bayesian)_(SMEAR=Smear)_(Q2_y_Bin_8)_(z_pT_Bin_15)_(MultiDim_Q2_y_z_pT_phi_h)[0m (Histo Num 47103)
Fitting for: [1m(MultiDim_5D_Histo)_(Bayesian)_(SMEAR=Smear)_(Q2_y_Bin_8)_(z_pT_Bin_16)_(MultiDim_Q2_y_z_pT_phi_h)[0m (Histo Num 47104)
Fitting for: [1m(MultiDim_5D_Histo)_(Bayesian)_(SMEAR=Smear)_(Q2_y_Bin_8)_(z_pT_Bin_17)_(MultiDim_Q2_y_z_pT_phi_h)[0m (Histo Num 47105)
Fitting for: [1m(MultiDim_5D_Histo)_(Bayesian)_(SMEAR=Smear)_(Q2_y_Bin_8)_(z_pT_Bin_18)_(MultiDim_Q2_y_z_pT_phi_h)[0m (Histo Num 47106)
Fitting for: [1m(MultiDim_5D_Histo)_(Bayesian)_(SMEAR=Smear)_(Q2_y_Bin_8)_(z_pT_Bin_19)_(MultiDim_Q2_y_z_pT_phi_h)[0m (Histo Num 47107)
Fitting for: [1m(MultiDim_5D_Histo)_(Bayesian)_(SMEAR=Smear)_(Q2_y_Bin_8)_(z_pT_Bin_20)_(MultiDim_Q2_y_z_pT_phi_h)[0m (Histo Num 47108)
Fitting for: [1m(MultiDim_5D_Histo)_(Bayesian)_(SMEAR=Smear)_(Q2_y_Bin_8)_(z_pT_Bin_21)_(MultiDim_Q2_y_z_pT_phi_h)[0m (Histo Num 47109)
Fitting for: [1m(MultiDim_5D_Histo)_(Bayesian)_(SMEAR=Smear)_(Q2_y_Bin_8)_(z_pT_Bin_22)_(MultiDim_Q2_y_z_pT_phi_h)[0m (Histo Num 47110)
Fitting for: [1m(MultiDim_5D_Histo)_(Bayesian)_(SMEAR=Smear)_(Q2_y_Bin_8)_(z_pT_Bin_23)_(MultiDim_Q2_y_z_pT_phi_h)[0m (Histo Num 47111)
Fitting for: [1m(MultiDim_5D_Histo)_(Bayesian)_(SMEAR=Smear)_(Q2_y_Bin_8)_(z_pT_Bin_24)_(MultiDim_Q2_y_z_pT_phi_h)[0m (Histo Num 47112)
Fitting for: [1m(MultiDim_5D_Histo)_(Bayesian)_(SMEAR=Smear)_(Q2_y_Bin_8)_(z_pT_Bin_25)_(MultiDim_Q2_y_z_pT_phi_h)[0m (Histo Num 47113)
Fitting for: [1m(MultiDim_5D_Histo)_(Bayesian)_(SMEAR=Smear)_(Q2_y_Bin_8)_(z_pT_Bin_26)_(MultiDim_Q2_y_z_pT_phi_h)[0m (Histo Num 47114)
Fitting for: [1m(MultiDim_5D_Histo)_(Bayesian)_(SMEAR=Smear)_(Q2_y_Bin_8)_(z_pT_Bin_27)_(MultiDim_Q2_y_z_pT_phi_h)[0m (Histo Num 47115)
Fitting for: [1m(MultiDim_5D_Histo)_(Bayesian)_(SMEAR=Smear)_(Q2_y_Bin_8)_(z_pT_Bin_28)_(MultiDim_Q2_y_z_pT_phi_h)[0m (Histo Num 47116)
Fitting for: [1m(MultiDim_5D_Histo)_(Bayesian)_(SMEAR=Smear)_(Q2_y_Bin_8)_(z_pT_Bin_29)_(MultiDim_Q2_y_z_pT_phi_h)[0m (Histo Num 47117)
Fitting for: [1m(MultiDim_5D_Histo)_(Bayesian)_(SMEAR=Smear)_(Q2_y_Bin_8)_(z_pT_Bin_30)_(MultiDim_Q2_y_z_pT_phi_h)[0m (Histo Num 47118)
Fitting for: [1m(MultiDim_5D_Histo)_(Bayesian)_(SMEAR=Smear)_(Q2_y_Bin_8)_(z_pT_Bin_31)_(MultiDim_Q2_y_z_pT_phi_h)[0m (Histo Num 47119)
Fitting for: [1m(MultiDim_5D_Histo)_(Bayesian)_(SMEAR=Smear)_(Q2_y_Bin_8)_(z_pT_Bin_32)_(MultiDim_Q2_y_z_pT_phi_h)[0m (Histo Num 47120)
Fitting for: [1m(MultiDim_5D_Histo)_(Bayesian)_(SMEAR=Smear)_(Q2_y_Bin_8)_(z_pT_Bin_33)_(MultiDim_Q2_y_z_pT_phi_h)[0m (Histo Num 47121)
Fitting for: [1m(MultiDim_5D_Histo)_(Bayesian)_(SMEAR=Smear)_(Q2_y_Bin_8)_(z_pT_Bin_34)_(MultiDim_Q2_y_z_pT_phi_h)[0m (Histo Num 47122)
Fitting for: [1m(MultiDim_5D_Histo)_(Bayesian)_(SMEAR=Smear)_(Q2_y_Bin_9)_(z_pT_Bin_1)_(MultiDim_Q2_y_z_pT_phi_h)[0m (Histo Num 47124)
Fitting for: [1m(MultiDim_5D_Histo)_(Bayesian)_(SMEAR=Smear)_(Q2_y_Bin_9)_(z_pT_Bin_2)_(MultiDim_Q2_y_z_pT_phi_h)[0m (Histo Num 47125)
Fitting for: [1m(MultiDim_5D_Histo)_(Bayesian)_(SMEAR=Smear)_(Q2_y_Bin_9)_(z_pT_Bin_3)_(MultiDim_Q2_y_z_pT_phi_h)[0m (Histo Num 47126)
Fitting for: [1m(MultiDim_5D_Histo)_(Bayesian)_(SMEAR=Smear)_(Q2_y_Bin_9)_(z_pT_Bin_4)_(MultiDim_Q2_y_z_pT_phi_h)[0m (Histo Num 47127)
Fitting for: [1m(MultiDim_5D_Histo)_(Bayesian)_(SMEAR=Smear)_(Q2_y_Bin_9)_(z_pT_Bin_5)_(MultiDim_Q2_y_z_pT_phi_h)[0m (Histo Num 47128)
Fitting for: [1m(MultiDim_5D_Histo)_(Bayesian)_(SMEAR=Smear)_(Q2_y_Bin_9)_(z_pT_Bin_6)_(MultiDim_Q2_y_z_pT_phi_h)[0m (Histo Num 47129)
Fitting for: [1m(MultiDim_5D_Histo)_(Bayesian)_(SMEAR=Smear)_(Q2_y_Bin_9)_(z_pT_Bin_7)_(MultiDim_Q2_y_z_pT_phi_h)[0m (Histo Num 47130)
Fitting for: [1m(MultiDim_5D_Histo)_(Bayesian)_(SMEAR=Smear)_(Q2_y_Bin_9)_(z_pT_Bin_8)_(MultiDim_Q2_y_z_pT_phi_h)[0m (Histo Num 47131)
Fitting for: [1m(MultiDim_5D_Histo)_(Bayesian)_(SMEAR=Smear)_(Q2_y_Bin_9)_(z_pT_Bin_9)_(MultiDim_Q2_y_z_pT_phi_h)[0m (Histo Num 47132)
Fitting for: [1m(MultiDim_5D_Histo)_(Bayesian)_(SMEAR=Smear)_(Q2_y_Bin_9)_(z_pT_Bin_10)_(MultiDim_Q2_y_z_pT_phi_h)[0m (Histo Num 47133)
Fitting for: [1m(MultiDim_5D_Histo)_(Bayesian)_(SMEAR=Smear)_(Q2_y_Bin_9)_(z_pT_Bin_11)_(MultiDim_Q2_y_z_pT_phi_h)[0m (Histo Num 47134)
Fitting for: [1m(MultiDim_5D_Histo)_(Bayesian)_(SMEAR=Smear)_(Q2_y_Bin_9)_(z_pT_Bin_12)_(MultiDim_Q2_y_z_pT_phi_h)[0m (Histo Num 47135)
Fitting for: [1m(MultiDim_5D_Histo)_(Bayesian)_(SMEAR=Smear)_(Q2_y_Bin_9)_(z_pT_Bin_13)_(MultiDim_Q2_y_z_pT_phi_h)[0m (Histo Num 47136)
Fitting for: [1m(MultiDim_5D_Histo)_(Bayesian)_(SMEAR=Smear)_(Q2_y_Bin_9)_(z_pT_Bin_14)_(MultiDim_Q2_y_z_pT_phi_h)[0m (Histo Num 47137)
Fitting for: [1m(MultiDim_5D_Histo)_(Bayesian)_(SMEAR=Smear)_(Q2_y_Bin_9)_(z_pT_Bin_15)_(MultiDim_Q2_y_z_pT_phi_h)[0m (Histo Num 47138)
Fitting for: [1m(MultiDim_5D_Histo)_(Bayesian)_(SMEAR=Smear)_(Q2_y_Bin_9)_(z_pT_Bin_16)_(MultiDim_Q2_y_z_pT_phi_h)[0m (Histo Num 47139)
Fitting for: [1m(MultiDim_5D_Histo)_(Bayesian)_(SMEAR=Smear)_(Q2_y_Bin_9)_(z_pT_Bin_17)_(MultiDim_Q2_y_z_pT_phi_h)[0m (Histo Num 47140)
Fitting for: [1m(MultiDim_5D_Histo)_(Bayesian)_(SMEAR=Smear)_(Q2_y_Bin_9)_(z_pT_Bin_18)_(MultiDim_Q2_y_z_pT_phi_h)[0m (Histo Num 47141)
Fitting for: [1m(MultiDim_5D_Histo)_(Bayesian)_(SMEAR=Smear)_(Q2_y_Bin_9)_(z_pT_Bin_19)_(MultiDim_Q2_y_z_pT_phi_h)[0m (Histo Num 47142)
Fitting for: [1m(MultiDim_5D_Histo)_(Bayesian)_(SMEAR=Smear)_(Q2_y_Bin_9)_(z_pT_Bin_20)_(MultiDim_Q2_y_z_pT_phi_h)[0m (Histo Num 47143)
Fitting for: [1m(MultiDim_5D_Histo)_(Bayesian)_(SMEAR=Smear)_(Q2_y_Bin_9)_(z_pT_Bin_22)_(MultiDim_Q2_y_z_pT_phi_h)[0m (Histo Num 47144)
Fitting for: [1m(MultiDim_5D_Histo)_(Bayesian)_(SMEAR=Smear)_(Q2_y_Bin_9)_(z_pT_Bin_23)_(MultiDim_Q2_y_z_pT_phi_h)[0m (Histo Num 47145)
Fitting for: [1m(MultiDim_5D_Histo)_(Bayesian)_(SMEAR=Smear)_(Q2_y_Bin_9)_(z_pT_Bin_24)_(MultiDim_Q2_y_z_pT_phi_h)[0m (Histo Num 47146)
Fitting for: [1m(MultiDim_5D_Histo)_(Bayesian)_(SMEAR=Smear)_(Q2_y_Bin_9)_(z_pT_Bin_25)_(MultiDim_Q2_y_z_pT_phi_h)[0m (Histo Num 47147)
Fitting for: [1m(MultiDim_5D_Histo)_(Bayesian)_(SMEAR=Smear)_(Q2_y_Bin_9)_(z_pT_Bin_26)_(MultiDim_Q2_y_z_pT_phi_h)[0m (Histo Num 47148)
Fitting for: [1m(MultiDim_5D_Histo)_(Bayesian)_(SMEAR=Smear)_(Q2_y_Bin_9)_(z_pT_Bin_29)_(MultiDim_Q2_y_z_pT_phi_h)[0m (Histo Num 47149)
Fitting for: [1m(MultiDim_5D_Histo)_(Bayesian)_(SMEAR=Smear)_(Q2_y_Bin_9)_(z_pT_Bin_30)_(MultiDim_Q2_y_z_pT_phi_h)[0m (Histo Num 47150)
Fitting for: [1m(MultiDim_5D_Histo)_(Bayesian)_(SMEAR=Smear)_(Q2_y_Bin_9)_(z_pT_Bin_31)_(MultiDim_Q2_y_z_pT_phi_h)[0m (Histo Num 47151)
Fitting for: [1m(MultiDim_5D_Histo)_(Bayesian)_(SMEAR=Smear)_(Q2_y_Bin_9)_(z_pT_Bin_32)_(MultiDim_Q2_y_z_pT_phi_h)[0m (Histo Num 47152)
Fitting for: [1m(MultiDim_5D_Histo)_(Bayesian)_(SMEAR=Smear)_(Q2_y_Bin_10)_(z_pT_Bin_1)_(MultiDim_Q2_y_z_pT_phi_h)[0m (Histo Num 47154)
Fitting for: [1m(MultiDim_5D_Histo)_(Bayesian)_(SMEAR=Smear)_(Q2_y_Bin_10)_(z_pT_Bin_2)_(MultiDim_Q2_y_z_pT_phi_h)[0m (Histo Num 47155)
Fitting for: [1m(MultiDim_5D_Histo)_(Bayesian)_(SMEAR=Smear)_(Q2_y_Bin_10)_(z_pT_Bin_3)_(MultiDim_Q2_y_z_pT_phi_h)[0m (Histo Num 47156)
Fitting for: [1m(MultiDim_5D_Histo)_(Bayesian)_(SMEAR=Smear)_(Q2_y_Bin_10)_(z_pT_Bin_4)_(MultiDim_Q2_y_z_pT_phi_h)[0m (Histo Num 47157)
Fitting for: [1m(MultiDim_5D_Histo)_(Bayesian)_(SMEAR=Smear)_(Q2_y_Bin_10)_(z_pT_Bin_5)_(MultiDim_Q2_y_z_pT_phi_h)[0m (Histo Num 47158)
Fitting for: [1m(MultiDim_5D_Histo)_(Bayesian)_(SMEAR=Smear)_(Q2_y_Bin_10)_(z_pT_Bin_6)_(MultiDim_Q2_y_z_pT_phi_h)[0m (Histo Num 47159)
Fitting for: [1m(MultiDim_5D_Histo)_(Bayesian)_(SMEAR=Smear)_(Q2_y_Bin_10)_(z_pT_Bin_7)_(MultiDim_Q2_y_z_pT_phi_h)[0m (Histo Num 47160)Info in <ROOT::Math::ParameterSettings>: lower/upper bounds outside current parameter value. The value will be set to (low+up)/2 

Fitting for: [1m(MultiDim_5D_Histo)_(Bayesian)_(SMEAR=Smear)_(Q2_y_Bin_10)_(z_pT_Bin_8)_(MultiDim_Q2_y_z_pT_phi_h)[0m (Histo Num 47161)
Fitting for: [1m(MultiDim_5D_Histo)_(Bayesian)_(SMEAR=Smear)_(Q2_y_Bin_10)_(z_pT_Bin_9)_(MultiDim_Q2_y_z_pT_phi_h)[0m (Histo Num 47162)
Fitting for: [1m(MultiDim_5D_Histo)_(Bayesian)_(SMEAR=Smear)_(Q2_y_Bin_10)_(z_pT_Bin_10)_(MultiDim_Q2_y_z_pT_phi_h)[0m (Histo Num 47163)
Fitting for: [1m(MultiDim_5D_Histo)_(Bayesian)_(SMEAR=Smear)_(Q2_y_Bin_10)_(z_pT_Bin_11)_(MultiDim_Q2_y_z_pT_phi_h)[0m (Histo Num 47164)
Fitting for: [1m(MultiDim_5D_Histo)_(Bayesian)_(SMEAR=Smear)_(Q2_y_Bin_10)_(z_pT_Bin_12)_(MultiDim_Q2_y_z_pT_phi_h)[0m (Histo Num 47165)
Fitting for: [1m(MultiDim_5D_Histo)_(Bayesian)_(SMEAR=Smear)_(Q2_y_Bin_10)_(z_pT_Bin_13)_(MultiDim_Q2_y_z_pT_phi_h)[0m (Histo Num 47166)
Fitting for: [1m(MultiDim_5D_Histo)_(Bayesian)_(SMEAR=Smear)_(Q2_y_Bin_10)_(z_pT_Bin_14)_(MultiDim_Q2_y_z_pT_phi_h)[0m (Histo Num 47167)
Fitting for: [1m(MultiDim_5D_Histo)_(Bayesian)_(SMEAR=Smear)_(Q2_y_Bin_10)_(z_pT_Bin_15)_(MultiDim_Q2_y_z_pT_phi_h)[0m (Histo Num 47168)
Fitting for: [1m(MultiDim_5D_Histo)_(Bayesian)_(SMEAR=Smear)_(Q2_y_Bin_10)_(z_pT_Bin_16)_(MultiDim_Q2_y_z_pT_phi_h)[0m (Histo Num 47169)
Fitting for: [1m(MultiDim_5D_Histo)_(Bayesian)_(SMEAR=Smear)_(Q2_y_Bin_10)_(z_pT_Bin_17)_(MultiDim_Q2_y_z_pT_phi_h)[0m (Histo Num 47170)
Fitting for: [1m(MultiDim_5D_Histo)_(Bayesian)_(SMEAR=Smear)_(Q2_y_Bin_10)_(z_pT_Bin_18)_(MultiDim_Q2_y_z_pT_phi_h)[0m (Histo Num 47171)
Fitting for: [1m(MultiDim_5D_Histo)_(Bayesian)_(SMEAR=Smear)_(Q2_y_Bin_10)_(z_pT_Bin_19)_(MultiDim_Q2_y_z_pT_phi_h)[0m (Histo Num 47172)
Fitting for: [1m(MultiDim_5D_Histo)_(Bayesian)_(SMEAR=Smear)_(Q2_y_Bin_10)_(z_pT_Bin_20)_(MultiDim_Q2_y_z_pT_phi_h)[0m (Histo Num 47173)
Fitting for: [1m(MultiDim_5D_Histo)_(Bayesian)_(SMEAR=Smear)_(Q2_y_Bin_10)_(z_pT_Bin_21)_(MultiDim_Q2_y_z_pT_phi_h)[0m (Histo Num 47174)
Fitting for: [1m(MultiDim_5D_Histo)_(Bayesian)_(SMEAR=Smear)_(Q2_y_Bin_10)_(z_pT_Bin_22)_(MultiDim_Q2_y_z_pT_phi_h)[0m (Histo Num 47175)
Fitting for: [1m(MultiDim_5D_Histo)_(Bayesian)_(SMEAR=Smear)_(Q2_y_Bin_10)_(z_pT_Bin_23)_(MultiDim_Q2_y_z_pT_phi_h)[0m (Histo Num 47176)
Fitting for: [1m(MultiDim_5D_Histo)_(Bayesian)_(SMEAR=Smear)_(Q2_y_Bin_10)_(z_pT_Bin_25)_(MultiDim_Q2_y_z_pT_phi_h)[0m (Histo Num 47177)
Fitting for: [1m(MultiDim_5D_Histo)_(Bayesian)_(SMEAR=Smear)_(Q2_y_Bin_10)_(z_pT_Bin_26)_(MultiDim_Q2_y_z_pT_phi_h)[0m (Histo Num 47178)
Fitting for: [1m(MultiDim_5D_Histo)_(Bayesian)_(SMEAR=Smear)_(Q2_y_Bin_10)_(z_pT_Bin_27)_(MultiDim_Q2_y_z_pT_phi_h)[0m (Histo Num 47179)
Fitting for: [1m(MultiDim_5D_Histo)_(Bayesian)_(SMEAR=Smear)_(Q2_y_Bin_10)_(z_pT_Bin_28)_(MultiDim_Q2_y_z_pT_phi_h)[0m (Histo Num 47180)
Fitting for: [1m(MultiDim_5D_Histo)_(Bayesian)_(SMEAR=Smear)_(Q2_y_Bin_10)_(z_pT_Bin_29)_(MultiDim_Q2_y_z_pT_phi_h)[0m (Histo Num 47181)
Fitting for: [1m(MultiDim_5D_Histo)_(Bayesian)_(SMEAR=Smear)_(Q2_y_Bin_10)_(z_pT_Bin_31)_(MultiDim_Q2_y_z_pT_phi_h)[0m (Histo Num 47182)
Fitting for: [1m(MultiDim_5D_Histo)_(Bayesian)_(SMEAR=Smear)_(Q2_y_Bin_10)_(z_pT_Bin_32)_(MultiDim_Q2_y_z_pT_phi_h)[0m (Histo Num 47183)
Fitting for: [1m(MultiDim_5D_Histo)_(Bayesian)_(SMEAR=Smear)_(Q2_y_Bin_10)_(z_pT_Bin_33)_(MultiDim_Q2_y_z_pT_phi_h)[0m (Histo Num 47184)
Fitting for: [1m(MultiDim_5D_Histo)_(Bayesian)_(SMEAR=Smear)_(Q2_y_Bin_10)_(z_pT_Bin_34)_(MultiDim_Q2_y_z_pT_phi_h)[0m (Histo Num 47185)
Fitting for: [1m(MultiDim_5D_Histo)_(Bayesian)_(SMEAR=Smear)_(Q2_y_Bin_11)_(z_pT_Bin_1)_(MultiDim_Q2_y_z_pT_phi_h)[0m (Histo Num 47187)
Fitting for: [1m(MultiDim_5D_Histo)_(Bayesian)_(SMEAR=Smear)_(Q2_y_Bin_11)_(z_pT_Bin_2)_(MultiDim_Q2_y_z_pT_phi_h)[0m (Histo Num 47188)
Fitting for: [1m(MultiDim_5D_Histo)_(Bayesian)_(SMEAR=Smear)_(Q2_y_Bin_11)_(z_pT_Bin_3)_(MultiDim_Q2_y_z_pT_phi_h)[0m (Histo Num 47189)
Fitting for: [1m(MultiDim_5D_Histo)_(Bayesian)_(SMEAR=Smear)_(Q2_y_Bin_11)_(z_pT_Bin_4)_(MultiDim_Q2_y_z_pT_phi_h)[0m (Histo Num 47190)
Fitting for: [1m(MultiDim_5D_Histo)_(Bayesian)_(SMEAR=Smear)_(Q2_y_Bin_11)_(z_pT_Bin_5)_(MultiDim_Q2_y_z_pT_phi_h)[0m (Histo Num 47191)
Fitting for: [1m(MultiDim_5D_Histo)_(Bayesian)_(SMEAR=Smear)_(Q2_y_Bin_11)_(z_pT_Bin_6)_(MultiDim_Q2_y_z_pT_phi_h)[0m (Histo Num 47192)
Fitting for: [1m(MultiDim_5D_Histo)_(Bayesian)_(SMEAR=Smear)_(Q2_y_Bin_11)_(z_pT_Bin_7)_(MultiDim_Q2_y_z_pT_phi_h)[0m (Histo Num 47193)
Fitting for: [1m(MultiDim_5D_Histo)_(Bayesian)_(SMEAR=Smear)_(Q2_y_Bin_11)_(z_pT_Bin_8)_(MultiDim_Q2_y_z_pT_phi_h)[0m (Histo Num 47194)
Fitting for: [1m(MultiDim_5D_Histo)_(Bayesian)_(SMEAR=Smear)_(Q2_y_Bin_11)_(z_pT_Bin_9)_(MultiDim_Q2_y_z_pT_phi_h)[0m (Histo Num 47195)
Fitting for: [1m(MultiDim_5D_Histo)_(Bayesian)_(SMEAR=Smear)_(Q2_y_Bin_11)_(z_pT_Bin_10)_(MultiDim_Q2_y_z_pT_phi_h)[0m (Histo Num 47196)
Fitting for: [1m(MultiDim_5D_Histo)_(Bayesian)_(SMEAR=Smear)_(Q2_y_Bin_11)_(z_pT_Bin_11)_(MultiDim_Q2_y_z_pT_phi_h)[0m (Histo Num 47197)
Fitting for: [1m(MultiDim_5D_Histo)_(Bayesian)_(SMEAR=Smear)_(Q2_y_Bin_11)_(z_pT_Bin_12)_(MultiDim_Q2_y_z_pT_phi_h)[0m (Histo Num 47198)
Fitting for: [1m(MultiDim_5D_Histo)_(Bayesian)_(SMEAR=Smear)_(Q2_y_Bin_11)_(z_pT_Bin_13)_(MultiDim_Q2_y_z_pT_phi_h)[0m (Histo Num 47199)
Fitting for: [1m(MultiDim_5D_Histo)_(Bayesian)_(SMEAR=Smear)_(Q2_y_Bin_11)_(z_pT_Bin_14)_(MultiDim_Q2_y_z_pT_phi_h)[0m (Histo Num 47200)
Fitting for: [1m(MultiDim_5D_Histo)_(Bayesian)_(SMEAR=Smear)_(Q2_y_Bin_11)_(z_pT_Bin_15)_(MultiDim_Q2_y_z_pT_phi_h)[0m (Histo Num 47201)
Fitting for: [1m(MultiDim_5D_Histo)_(Bayesian)_(SMEAR=Smear)_(Q2_y_Bin_11)_(z_pT_Bin_16)_(MultiDim_Q2_y_z_pT_phi_h)[0m (Histo Num 47202)
Fitting for: [1m(MultiDim_5D_Histo)_(Bayesian)_(SMEAR=Smear)_(Q2_y_Bin_11)_(z_pT_Bin_17)_(MultiDim_Q2_y_z_pT_phi_h)[0m (Histo Num 47203)
Fitting for: [1m(MultiDim_5D_Histo)_(Bayesian)_(SMEAR=Smear)_(Q2_y_Bin_11)_(z_pT_Bin_18)_(MultiDim_Q2_y_z_pT_phi_h)[0m (Histo Num 47204)
Fitting for: [1m(MultiDim_5D_Histo)_(Bayesian)_(SMEAR=Smear)_(Q2_y_Bin_11)_(z_pT_Bin_19)_(MultiDim_Q2_y_z_pT_phi_h)[0m (Histo Num 47205)
Fitting for: [1m(MultiDim_5D_Histo)_(Bayesian)_(SMEAR=Smear)_(Q2_y_Bin_11)_(z_pT_Bin_20)_(MultiDim_Q2_y_z_pT_phi_h)[0m (Histo Num 47206)
Fitting for: [1m(MultiDim_5D_Histo)_(Bayesian)_(SMEAR=Smear)_(Q2_y_Bin_11)_(z_pT_Bin_21)_(MultiDim_Q2_y_z_pT_phi_h)[0m (Histo Num 47207)
Fitting for: [1m(MultiDim_5D_Histo)_(Bayesian)_(SMEAR=Smear)_(Q2_y_Bin_11)_(z_pT_Bin_22)_(MultiDim_Q2_y_z_pT_phi_h)[0m (Histo Num 47208)
Fitting for: [1m(MultiDim_5D_Histo)_(Bayesian)_(SMEAR=Smear)_(Q2_y_Bin_11)_(z_pT_Bin_23)_(MultiDim_Q2_y_z_pT_phi_h)[0m (Histo Num 47209)
Fitting for: [1m(MultiDim_5D_Histo)_(Bayesian)_(SMEAR=Smear)_(Q2_y_Bin_11)_(z_pT_Bin_24)_(MultiDim_Q2_y_z_pT_phi_h)[0m (Histo Num 47210)
Fitting for: [1m(MultiDim_5D_Histo)_(Bayesian)_(SMEAR=Smear)_(Q2_y_Bin_12)_(z_pT_Bin_6)_(MultiDim_Q2_y_z_pT_phi_h)[0m (Histo Num 47212)
Fitting for: [1m(MultiDim_5D_Histo)_(Bayesian)_(SMEAR=Smear)_(Q2_y_Bin_12)_(z_pT_Bin_7)_(MultiDim_Q2_y_z_pT_phi_h)[0m (Histo Num 47213)
Fitting for: [1m(MultiDim_5D_Histo)_(Bayesian)_(SMEAR=Smear)_(Q2_y_Bin_12)_(z_pT_Bin_8)_(MultiDim_Q2_y_z_pT_phi_h)[0m (Histo Num 47214)
Fitting for: [1m(MultiDim_5D_Histo)_(Bayesian)_(SMEAR=Smear)_(Q2_y_Bin_12)_(z_pT_Bin_9)_(MultiDim_Q2_y_z_pT_phi_h)[0m (Histo Num 47215)
Fitting for: [1m(MultiDim_5D_Histo)_(Bayesian)_(SMEAR=Smear)_(Q2_y_Bin_12)_(z_pT_Bin_10)_(MultiDim_Q2_y_z_pT_phi_h)[0m (Histo Num 47216)
Fitting for: [1m(MultiDim_5D_Histo)_(Bayesian)_(SMEAR=Smear)_(Q2_y_Bin_12)_(z_pT_Bin_11)_(MultiDim_Q2_y_z_pT_phi_h)[0m (Histo Num 47217)
Fitting for: [1m(MultiDim_5D_Histo)_(Bayesian)_(SMEAR=Smear)_(Q2_y_Bin_12)_(z_pT_Bin_12)_(MultiDim_Q2_y_z_pT_phi_h)[0m (Histo Num 47218)
Fitting for: [1m(MultiDim_5D_Histo)_(Bayesian)_(SMEAR=Smear)_(Q2_y_Bin_12)_(z_pT_Bin_13)_(MultiDim_Q2_y_z_pT_phi_h)[0m (Histo Num 47219)
Fitting for: [1m(MultiDim_5D_Histo)_(Bayesian)_(SMEAR=Smear)_(Q2_y_Bin_12)_(z_pT_Bin_14)_(MultiDim_Q2_y_z_pT_phi_h)[0m (Histo Num 47220)
Fitting for: [1m(MultiDim_5D_Histo)_(Bayesian)_(SMEAR=Smear)_(Q2_y_Bin_12)_(z_pT_Bin_15)_(MultiDim_Q2_y_z_pT_phi_h)[0m (Histo Num 47221)
Fitting for: [1m(MultiDim_5D_Histo)_(Bayesian)_(SMEAR=Smear)_(Q2_y_Bin_12)_(z_pT_Bin_16)_(MultiDim_Q2_y_z_pT_phi_h)[0m (Histo Num 47222)
Fitting for: [1m(MultiDim_5D_Histo)_(Bayesian)_(SMEAR=Smear)_(Q2_y_Bin_12)_(z_pT_Bin_17)_(MultiDim_Q2_y_z_pT_phi_h)[0m (Histo Num 47223)
Fitting for: [1m(MultiDim_5D_Histo)_(Bayesian)_(SMEAR=Smear)_(Q2_y_Bin_12)_(z_pT_Bin_18)_(MultiDim_Q2_y_z_pT_phi_h)[0m (Histo Num 47224)
Fitting for: [1m(MultiDim_5D_Histo)_(Bayesian)_(SMEAR=Smear)_(Q2_y_Bin_12)_(z_pT_Bin_19)_(MultiDim_Q2_y_z_pT_phi_h)[0m (Histo Num 47225)
Fitting for: [1m(MultiDim_5D_Histo)_(Bayesian)_(SMEAR=Smear)_(Q2_y_Bin_12)_(z_pT_Bin_20)_(MultiDim_Q2_y_z_pT_phi_h)[0m (Histo Num 47226)
Fitting for: [1m(MultiDim_5D_Histo)_(Bayesian)_(SMEAR=Smear)_(Q2_y_Bin_12)_(z_pT_Bin_21)_(MultiDim_Q2_y_z_pT_phi_h)[0m (Histo Num 47227)
Fitting for: [1m(MultiDim_5D_Histo)_(Bayesian)_(SMEAR=Smear)_(Q2_y_Bin_12)_(z_pT_Bin_22)_(MultiDim_Q2_y_z_pT_phi_h)[0m (Histo Num 47228)
Fitting for: [1m(MultiDim_5D_Histo)_(Bayesian)_(SMEAR=Smear)_(Q2_y_Bin_12)_(z_pT_Bin_23)_(MultiDim_Q2_y_z_pT_phi_h)[0m (Histo Num 47229)
Fitting for: [1m(MultiDim_5D_Histo)_(Bayesian)_(SMEAR=Smear)_(Q2_y_Bin_12)_(z_pT_Bin_24)_(MultiDim_Q2_y_z_pT_phi_h)[0m (Histo Num 47230)
Fitting for: [1m(MultiDim_5D_Histo)_(Bayesian)_(SMEAR=Smear)_(Q2_y_Bin_13)_(z_pT_Bin_1)_(MultiDim_Q2_y_z_pT_phi_h)[0m (Histo Num 47232)
Fitting for: [1m(MultiDim_5D_Histo)_(Bayesian)_(SMEAR=Smear)_(Q2_y_Bin_13)_(z_pT_Bin_2)_(MultiDim_Q2_y_z_pT_phi_h)[0m (Histo Num 47233)
Fitting for: [1m(MultiDim_5D_Histo)_(Bayesian)_(SMEAR=Smear)_(Q2_y_Bin_13)_(z_pT_Bin_3)_(MultiDim_Q2_y_z_pT_phi_h)[0m (Histo Num 47234)
Fitting for: [1m(MultiDim_5D_Histo)_(Bayesian)_(SMEAR=Smear)_(Q2_y_Bin_13)_(z_pT_Bin_4)_(MultiDim_Q2_y_z_pT_phi_h)[0m (Histo Num 47235)
Fitting for: [1m(MultiDim_5D_Histo)_(Bayesian)_(SMEAR=Smear)_(Q2_y_Bin_13)_(z_pT_Bin_5)_(MultiDim_Q2_y_z_pT_phi_h)[0m (Histo Num 47236)
Fitting for: [1m(MultiDim_5D_Histo)_(Bayesian)_(SMEAR=Smear)_(Q2_y_Bin_13)_(z_pT_Bin_6)_(MultiDim_Q2_y_z_pT_phi_h)[0m (Histo Num 47237)
Fitting for: [1m(MultiDim_5D_Histo)_(Bayesian)_(SMEAR=Smear)_(Q2_y_Bin_13)_(z_pT_Bin_7)_(MultiDim_Q2_y_z_pT_phi_h)[0m (Histo Num 47238)
Fitting for: [1m(MultiDim_5D_Histo)_(Bayesian)_(SMEAR=Smear)_(Q2_y_Bin_13)_(z_pT_Bin_8)_(MultiDim_Q2_y_z_pT_phi_h)[0m (Histo Num 47239)
Fitting for: [1m(MultiDim_5D_Histo)_(Bayesian)_(SMEAR=Smear)_(Q2_y_Bin_13)_(z_pT_Bin_9)_(MultiDim_Q2_y_z_pT_phi_h)[0m (Histo Num 47240)
Fitting for: [1m(MultiDim_5D_Histo)_(Bayesian)_(SMEAR=Smear)_(Q2_y_Bin_13)_(z_pT_Bin_10)_(MultiDim_Q2_y_z_pT_phi_h)[0m (Histo Num 47241)
Fitting for: [1m(MultiDim_5D_Histo)_(Bayesian)_(SMEAR=Smear)_(Q2_y_Bin_13)_(z_pT_Bin_11)_(MultiDim_Q2_y_z_pT_phi_h)[0m (Histo Num 47242)
Fitting for: [1m(MultiDim_5D_Histo)_(Bayesian)_(SMEAR=Smear)_(Q2_y_Bin_13)_(z_pT_Bin_12)_(MultiDim_Q2_y_z_pT_phi_h)[0m (Histo Num 47243)
Fitting for: [1m(MultiDim_5D_Histo)_(Bayesian)_(SMEAR=Smear)_(Q2_y_Bin_13)_(z_pT_Bin_13)_(MultiDim_Q2_y_z_pT_phi_h)[0m (Histo Num 47244)
Fitting for: [1m(MultiDim_5D_Histo)_(Bayesian)_(SMEAR=Smear)_(Q2_y_Bin_13)_(z_pT_Bin_14)_(MultiDim_Q2_y_z_pT_phi_h)[0m (Histo Num 47245)
Fitting for: [1m(MultiDim_5D_Histo)_(Bayesian)_(SMEAR=Smear)_(Q2_y_Bin_13)_(z_pT_Bin_15)_(MultiDim_Q2_y_z_pT_phi_h)[0m (Histo Num 47246)
Fitting for: [1m(MultiDim_5D_Histo)_(Bayesian)_(SMEAR=Smear)_(Q2_y_Bin_13)_(z_pT_Bin_16)_(MultiDim_Q2_y_z_pT_phi_h)[0m (Histo Num 47247)
Fitting for: [1m(MultiDim_5D_Histo)_(Bayesian)_(SMEAR=Smear)_(Q2_y_Bin_13)_(z_pT_Bin_17)_(MultiDim_Q2_y_z_pT_phi_h)[0m (Histo Num 47248)
Fitting for: [1m(MultiDim_5D_Histo)_(Bayesian)_(SMEAR=Smear)_(Q2_y_Bin_13)_(z_pT_Bin_18)_(MultiDim_Q2_y_z_pT_phi_h)[0m (Histo Num 47249)
Fitting for: [1m(MultiDim_5D_Histo)_(Bayesian)_(SMEAR=Smear)_(Q2_y_Bin_13)_(z_pT_Bin_19)_(MultiDim_Q2_y_z_pT_phi_h)[0m (Histo Num 47250)
Fitting for: [1m(MultiDim_5D_Histo)_(Bayesian)_(SMEAR=Smear)_(Q2_y_Bin_13)_(z_pT_Bin_21)_(MultiDim_Q2_y_z_pT_phi_h)[0m (Histo Num 47251)
Fitting for: [1m(MultiDim_5D_Histo)_(Bayesian)_(SMEAR=Smear)_(Q2_y_Bin_13)_(z_pT_Bin_22)_(MultiDim_Q2_y_z_pT_phi_h)[0m (Histo Num 47252)
Fitting for: [1m(MultiDim_5D_Histo)_(Bayesian)_(SMEAR=Smear)_(Q2_y_Bin_13)_(z_pT_Bin_23)_(MultiDim_Q2_y_z_pT_phi_h)[0m (Histo Num 47253)
Fitting for: [1m(MultiDim_5D_Histo)_(Bayesian)_(SMEAR=Smear)_(Q2_y_Bin_13)_(z_pT_Bin_24)_(MultiDim_Q2_y_z_pT_phi_h)[0m (Histo Num 47254)
Fitting for: [1m(MultiDim_5D_Histo)_(Bayesian)_(SMEAR=Smear)_(Q2_y_Bin_13)_(z_pT_Bin_26)_(MultiDim_Q2_y_z_pT_phi_h)[0m (Histo Num 47255)
Fitting for: [1m(MultiDim_5D_Histo)_(Bayesian)_(SMEAR=Smear)_(Q2_y_Bin_13)_(z_pT_Bin_27)_(MultiDim_Q2_y_z_pT_phi_h)[0m (Histo Num 47256)
Fitting for: [1m(MultiDim_5D_Histo)_(Bayesian)_(SMEAR=Smear)_(Q2_y_Bin_13)_(z_pT_Bin_28)_(MultiDim_Q2_y_z_pT_phi_h)[0m (Histo Num 47257)
Fitting for: [1m(MultiDim_5D_Histo)_(Bayesian)_(SMEAR=Smear)_(Q2_y_Bin_14)_(z_pT_Bin_1)_(MultiDim_Q2_y_z_pT_phi_h)[0m (Histo Num 47259)
Fitting for: [1m(MultiDim_5D_Histo)_(Bayesian)_(SMEAR=Smear)_(Q2_y_Bin_14)_(z_pT_Bin_2)_(MultiDim_Q2_y_z_pT_phi_h)[0m (Histo Num 47260)
Fitting for: [1m(MultiDim_5D_Histo)_(Bayesian)_(SMEAR=Smear)_(Q2_y_Bin_14)_(z_pT_Bin_3)_(MultiDim_Q2_y_z_pT_phi_h)[0m (Histo Num 47261)
Fitting for: [1m(MultiDim_5D_Histo)_(Bayesian)_(SMEAR=Smear)_(Q2_y_Bin_14)_(z_pT_Bin_4)_(MultiDim_Q2_y_z_pT_phi_h)[0m (Histo Num 47262)
Fitting for: [1m(MultiDim_5D_Histo)_(Bayesian)_(SMEAR=Smear)_(Q2_y_Bin_14)_(z_pT_Bin_5)_(MultiDim_Q2_y_z_pT_phi_h)[0m (Histo Num 47263)
Fitting for: [1m(MultiDim_5D_Histo)_(Bayesian)_(SMEAR=Smear)_(Q2_y_Bin_14)_(z_pT_Bin_6)_(MultiDim_Q2_y_z_pT_phi_h)[0m (Histo Num 47264)
Fitting for: [1m(MultiDim_5D_Histo)_(Bayesian)_(SMEAR=Smear)_(Q2_y_Bin_14)_(z_pT_Bin_7)_(MultiDim_Q2_y_z_pT_phi_h)[0m (Histo Num 47265)
Fitting for: [1m(MultiDim_5D_Histo)_(Bayesian)_(SMEAR=Smear)_(Q2_y_Bin_14)_(z_pT_Bin_8)_(MultiDim_Q2_y_z_pT_phi_h)[0m (Histo Num 47266)
Fitting for: [1m(MultiDim_5D_Histo)_(Bayesian)_(SMEAR=Smear)_(Q2_y_Bin_14)_(z_pT_Bin_9)_(MultiDim_Q2_y_z_pT_phi_h)[0m (Histo Num 47267)
Fitting for: [1m(MultiDim_5D_Histo)_(Bayesian)_(SMEAR=Smear)_(Q2_y_Bin_14)_(z_pT_Bin_10)_(MultiDim_Q2_y_z_pT_phi_h)[0m (Histo Num 47268)
Fitting for: [1m(MultiDim_5D_Histo)_(Bayesian)_(SMEAR=Smear)_(Q2_y_Bin_14)_(z_pT_Bin_11)_(MultiDim_Q2_y_z_pT_phi_h)[0m (Histo Num 47269)
Fitting for: [1m(MultiDim_5D_Histo)_(Bayesian)_(SMEAR=Smear)_(Q2_y_Bin_14)_(z_pT_Bin_12)_(MultiDim_Q2_y_z_pT_phi_h)[0m (Histo Num 47270)
Fitting for: [1m(MultiDim_5D_Histo)_(Bayesian)_(SMEAR=Smear)_(Q2_y_Bin_14)_(z_pT_Bin_13)_(MultiDim_Q2_y_z_pT_phi_h)[0m (Histo Num 47271)
Fitting for: [1m(MultiDim_5D_Histo)_(Bayesian)_(SMEAR=Smear)_(Q2_y_Bin_14)_(z_pT_Bin_14)_(MultiDim_Q2_y_z_pT_phi_h)[0m (Histo Num 47272)
Fitting for: [1m(MultiDim_5D_Histo)_(Bayesian)_(SMEAR=Smear)_(Q2_y_Bin_14)_(z_pT_Bin_15)_(MultiDim_Q2_y_z_pT_phi_h)[0m (Histo Num 47273)
Fitting for: [1m(MultiDim_5D_Histo)_(Bayesian)_(SMEAR=Smear)_(Q2_y_Bin_14)_(z_pT_Bin_16)_(MultiDim_Q2_y_z_pT_phi_h)[0m (Histo Num 47274)
Fitting for: [1m(MultiDim_5D_Histo)_(Bayesian)_(SMEAR=Smear)_(Q2_y_Bin_14)_(z_pT_Bin_17)_(MultiDim_Q2_y_z_pT_phi_h)[0m (Histo Num 47275)
Fitting for: [1m(MultiDim_5D_Histo)_(Bayesian)_(SMEAR=Smear)_(Q2_y_Bin_14)_(z_pT_Bin_18)_(MultiDim_Q2_y_z_pT_phi_h)[0m (Histo Num 47276)
Fitting for: [1m(MultiDim_5D_Histo)_(Bayesian)_(SMEAR=Smear)_(Q2_y_Bin_14)_(z_pT_Bin_19)_(MultiDim_Q2_y_z_pT_phi_h)[0m (Histo Num 47277)
Fitting for: [1m(MultiDim_5D_Histo)_(Bayesian)_(SMEAR=Smear)_(Q2_y_Bin_14)_(z_pT_Bin_20)_(MultiDim_Q2_y_z_pT_phi_h)[0m (Histo Num 47278)
Fitting for: [1m(MultiDim_5D_Histo)_(Bayesian)_(SMEAR=Smear)_(Q2_y_Bin_14)_(z_pT_Bin_21)_(MultiDim_Q2_y_z_pT_phi_h)[0m (Histo Num 47279)
Fitting for: [1m(MultiDim_5D_Histo)_(Bayesian)_(SMEAR=Smear)_(Q2_y_Bin_14)_(z_pT_Bin_22)_(MultiDim_Q2_y_z_pT_phi_h)[0m (Histo Num 47280)
Fitting for: [1m(MultiDim_5D_Histo)_(Bayesian)_(SMEAR=Smear)_(Q2_y_Bin_14)_(z_pT_Bin_23)_(MultiDim_Q2_y_z_pT_phi_h)[0m (Histo Num 47281)
Fitting for: [1m(MultiDim_5D_Histo)_(Bayesian)_(SMEAR=Smear)_(Q2_y_Bin_14)_(z_pT_Bin_25)_(MultiDim_Q2_y_z_pT_phi_h)[0m (Histo Num 47282)
Fitting for: [1m(MultiDim_5D_Histo)_(Bayesian)_(SMEAR=Smear)_(Q2_y_Bin_14)_(z_pT_Bin_26)_(MultiDim_Q2_y_z_pT_phi_h)[0m (Histo Num 47283)
Fitting for: [1m(MultiDim_5D_Histo)_(Bayesian)_(SMEAR=Smear)_(Q2_y_Bin_14)_(z_pT_Bin_27)_(MultiDim_Q2_y_z_pT_phi_h)[0m (Histo Num 47284)
Fitting for: [1m(MultiDim_5D_Histo)_(Bayesian)_(SMEAR=Smear)_(Q2_y_Bin_14)_(z_pT_Bin_28)_(MultiDim_Q2_y_z_pT_phi_h)[0m (Histo Num 47285)
Fitting for: [1m(MultiDim_5D_Histo)_(Bayesian)_(SMEAR=Smear)_(Q2_y_Bin_14)_(z_pT_Bin_29)_(MultiDim_Q2_y_z_pT_phi_h)[0m (Histo Num 47286)
Fitting for: [1m(MultiDim_5D_Histo)_(Bayesian)_(SMEAR=Smear)_(Q2_y_Bin_14)_(z_pT_Bin_31)_(MultiDim_Q2_y_z_pT_phi_h)[0m (Histo Num 47287)
Fitting for: [1m(MultiDim_5D_Histo)_(Bayesian)_(SMEAR=Smear)_(Q2_y_Bin_14)_(z_pT_Bin_32)_(MultiDim_Q2_y_z_pT_phi_h)[0m (Histo Num 47288)
Fitting for: [1m(MultiDim_5D_Histo)_(Bayesian)_(SMEAR=Smear)_(Q2_y_Bin_14)_(z_pT_Bin_33)_(MultiDim_Q2_y_z_pT_phi_h)[0m (Histo Num 47289)
Fitting for: [1m(MultiDim_5D_Histo)_(Bayesian)_(SMEAR=Smear)_(Q2_y_Bin_14)_(z_pT_Bin_34)_(MultiDim_Q2_y_z_pT_phi_h)[0m (Histo Num 47290)
Fitting for: [1m(MultiDim_5D_Histo)_(Bayesian)_(SMEAR=Smear)_(Q2_y_Bin_15)_(z_pT_Bin_1)_(MultiDim_Q2_y_z_pT_phi_h)[0m (Histo Num 47292)
Fitting for: [1m(MultiDim_5D_Histo)_(Bayesian)_(SMEAR=Smear)_(Q2_y_Bin_15)_(z_pT_Bin_2)_(MultiDim_Q2_y_z_pT_phi_h)[0m (Histo Num 47293)
Fitting for: [1m(MultiDim_5D_Histo)_(Bayesian)_(SMEAR=Smear)_(Q2_y_Bin_15)_(z_pT_Bin_3)_(MultiDim_Q2_y_z_pT_phi_h)[0m (Histo Num 47294)
Fitting for: [1m(MultiDim_5D_Histo)_(Bayesian)_(SMEAR=Smear)_(Q2_y_Bin_15)_(z_pT_Bin_4)_(MultiDim_Q2_y_z_pT_phi_h)[0m (Histo Num 47295)
Fitting for: [1m(MultiDim_5D_Histo)_(Bayesian)_(SMEAR=Smear)_(Q2_y_Bin_15)_(z_pT_Bin_6)_(MultiDim_Q2_y_z_pT_phi_h)[0m (Histo Num 47296)
Fitting for: [1m(MultiDim_5D_Histo)_(Bayesian)_(SMEAR=Smear)_(Q2_y_Bin_15)_(z_pT_Bin_7)_(MultiDim_Q2_y_z_pT_phi_h)[0m (Histo Num 47297)
Fitting for: [1m(MultiDim_5D_Histo)_(Bayesian)_(SMEAR=Smear)_(Q2_y_Bin_15)_(z_pT_Bin_8)_(MultiDim_Q2_y_z_pT_phi_h)[0m (Histo Num 47298)
Fitting for: [1m(MultiDim_5D_Histo)_(Bayesian)_(SMEAR=Smear)_(Q2_y_Bin_15)_(z_pT_Bin_9)_(MultiDim_Q2_y_z_pT_phi_h)[0m (Histo Num 47299)
Fitting for: [1m(MultiDim_5D_Histo)_(Bayesian)_(SMEAR=Smear)_(Q2_y_Bin_15)_(z_pT_Bin_10)_(MultiDim_Q2_y_z_pT_phi_h)[0m (Histo Num 47300)
Fitting for: [1m(MultiDim_5D_Histo)_(Bayesian)_(SMEAR=Smear)_(Q2_y_Bin_15)_(z_pT_Bin_11)_(MultiDim_Q2_y_z_pT_phi_h)[0m (Histo Num 47301)
Fitting for: [1m(MultiDim_5D_Histo)_(Bayesian)_(SMEAR=Smear)_(Q2_y_Bin_15)_(z_pT_Bin_12)_(MultiDim_Q2_y_z_pT_phi_h)[0m (Histo Num 47302)
Fitting for: [1m(MultiDim_5D_Histo)_(Bayesian)_(SMEAR=Smear)_(Q2_y_Bin_15)_(z_pT_Bin_13)_(MultiDim_Q2_y_z_pT_phi_h)[0m (Histo Num 47303)
Fitting for: [1m(MultiDim_5D_Histo)_(Bayesian)_(SMEAR=Smear)_(Q2_y_Bin_15)_(z_pT_Bin_14)_(MultiDim_Q2_y_z_pT_phi_h)[0m (Histo Num 47304)
Fitting for: [1m(MultiDim_5D_Histo)_(Bayesian)_(SMEAR=Smear)_(Q2_y_Bin_15)_(z_pT_Bin_15)_(MultiDim_Q2_y_z_pT_phi_h)[0m (Histo Num 47305)
Fitting for: [1m(MultiDim_5D_Histo)_(Bayesian)_(SMEAR=Smear)_(Q2_y_Bin_15)_(z_pT_Bin_16)_(MultiDim_Q2_y_z_pT_phi_h)[0m (Histo Num 47306)
Fitting for: [1m(MultiDim_5D_Histo)_(Bayesian)_(SMEAR=Smear)_(Q2_y_Bin_15)_(z_pT_Bin_17)_(MultiDim_Q2_y_z_pT_phi_h)[0m (Histo Num 47307)
Fitting for: [1m(MultiDim_5D_Histo)_(Bayesian)_(SMEAR=Smear)_(Q2_y_Bin_15)_(z_pT_Bin_18)_(MultiDim_Q2_y_z_pT_phi_h)[0m (Histo Num 47308)
Fitting for: [1m(MultiDim_5D_Histo)_(Bayesian)_(SMEAR=Smear)_(Q2_y_Bin_15)_(z_pT_Bin_19)_(MultiDim_Q2_y_z_pT_phi_h)[0m (Histo Num 47309)
Fitting for: [1m(MultiDim_5D_Histo)_(Bayesian)_(SMEAR=Smear)_(Q2_y_Bin_15)_(z_pT_Bin_21)_(MultiDim_Q2_y_z_pT_phi_h)[0m (Histo Num 47310)
Fitting for: [1m(MultiDim_5D_Histo)_(Bayesian)_(SMEAR=Smear)_(Q2_y_Bin_15)_(z_pT_Bin_22)_(MultiDim_Q2_y_z_pT_phi_h)[0m (Histo Num 47311)
Fitting for: [1m(MultiDim_5D_Histo)_(Bayesian)_(SMEAR=Smear)_(Q2_y_Bin_15)_(z_pT_Bin_23)_(MultiDim_Q2_y_z_pT_phi_h)[0m (Histo Num 47312)
Fitting for: [1m(MultiDim_5D_Histo)_(Bayesian)_(SMEAR=Smear)_(Q2_y_Bin_15)_(z_pT_Bin_24)_(MultiDim_Q2_y_z_pT_phi_h)[0m (Histo Num 47313)
Fitting for: [1m(MultiDim_5D_Histo)_(Bayesian)_(SMEAR=Smear)_(Q2_y_Bin_16)_(z_pT_Bin_1)_(MultiDim_Q2_y_z_pT_phi_h)[0m (Histo Num 47315)
Fitting for: [1m(MultiDim_5D_Histo)_(Bayesian)_(SMEAR=Smear)_(Q2_y_Bin_16)_(z_pT_Bin_2)_(MultiDim_Q2_y_z_pT_phi_h)[0m (Histo Num 47316)
Fitting for: [1m(MultiDim_5D_Histo)_(Bayesian)_(SMEAR=Smear)_(Q2_y_Bin_16)_(z_pT_Bin_3)_(MultiDim_Q2_y_z_pT_phi_h)[0m (Histo Num 47317)
Fitting for: [1m(MultiDim_5D_Histo)_(Bayesian)_(SMEAR=Smear)_(Q2_y_Bin_16)_(z_pT_Bin_4)_(MultiDim_Q2_y_z_pT_phi_h)[0m (Histo Num 47318)
Fitting for: [1m(MultiDim_5D_Histo)_(Bayesian)_(SMEAR=Smear)_(Q2_y_Bin_16)_(z_pT_Bin_5)_(MultiDim_Q2_y_z_pT_phi_h)[0m (Histo Num 47319)
Fitting for: [1m(MultiDim_5D_Histo)_(Bayesian)_(SMEAR=Smear)_(Q2_y_Bin_16)_(z_pT_Bin_6)_(MultiDim_Q2_y_z_pT_phi_h)[0m (Histo Num 47320)
Fitting for: [1m(MultiDim_5D_Histo)_(Bayesian)_(SMEAR=Smear)_(Q2_y_Bin_16)_(z_pT_Bin_7)_(MultiDim_Q2_y_z_pT_phi_h)[0m (Histo Num 47321)
Fitting for: [1m(MultiDim_5D_Histo)_(Bayesian)_(SMEAR=Smear)_(Q2_y_Bin_16)_(z_pT_Bin_8)_(MultiDim_Q2_y_z_pT_phi_h)[0m (Histo Num 47322)
Fitting for: [1m(MultiDim_5D_Histo)_(Bayesian)_(SMEAR=Smear)_(Q2_y_Bin_16)_(z_pT_Bin_9)_(MultiDim_Q2_y_z_pT_phi_h)[0m (Histo Num 47323)
Fitting for: [1m(MultiDim_5D_Histo)_(Bayesian)_(SMEAR=Smear)_(Q2_y_Bin_16)_(z_pT_Bin_10)_(MultiDim_Q2_y_z_pT_phi_h)[0m (Histo Num 47324)
Fitting for: [1m(MultiDim_5D_Histo)_(Bayesian)_(SMEAR=Smear)_(Q2_y_Bin_16)_(z_pT_Bin_11)_(MultiDim_Q2_y_z_pT_phi_h)[0m (Histo Num 47325)
Fitting for: [1m(MultiDim_5D_Histo)_(Bayesian)_(SMEAR=Smear)_(Q2_y_Bin_16)_(z_pT_Bin_12)_(MultiDim_Q2_y_z_pT_phi_h)[0m (Histo Num 47326)
Fitting for: [1m(MultiDim_5D_Histo)_(Bayesian)_(SMEAR=Smear)_(Q2_y_Bin_16)_(z_pT_Bin_13)_(MultiDim_Q2_y_z_pT_phi_h)[0m (Histo Num 47327)
Fitting for: [1m(MultiDim_5D_Histo)_(Bayesian)_(SMEAR=Smear)_(Q2_y_Bin_16)_(z_pT_Bin_14)_(MultiDim_Q2_y_z_pT_phi_h)[0m (Histo Num 47328)
Fitting for: [1m(MultiDim_5D_Histo)_(Bayesian)_(SMEAR=Smear)_(Q2_y_Bin_16)_(z_pT_Bin_15)_(MultiDim_Q2_y_z_pT_phi_h)[0m (Histo Num 47329)
Fitting for: [1m(MultiDim_5D_Histo)_(Bayesian)_(SMEAR=Smear)_(Q2_y_Bin_16)_(z_pT_Bin_16)_(MultiDim_Q2_y_z_pT_phi_h)[0m (Histo Num 47330)
Fitting for: [1m(MultiDim_5D_Histo)_(Bayesian)_(SMEAR=Smear)_(Q2_y_Bin_16)_(z_pT_Bin_17)_(MultiDim_Q2_y_z_pT_phi_h)[0m (Histo Num 47331)
Fitting for: [1m(MultiDim_5D_Histo)_(Bayesian)_(SMEAR=Smear)_(Q2_y_Bin_16)_(z_pT_Bin_19)_(MultiDim_Q2_y_z_pT_phi_h)[0m (Histo Num 47332)
Fitting for: [1m(MultiDim_5D_Histo)_(Bayesian)_(SMEAR=Smear)_(Q2_y_Bin_16)_(z_pT_Bin_20)_(MultiDim_Q2_y_z_pT_phi_h)[0m (Histo Num 47333)
Fitting for: [1m(MultiDim_5D_Histo)_(Bayesian)_(SMEAR=Smear)_(Q2_y_Bin_16)_(z_pT_Bin_21)_(MultiDim_Q2_y_z_pT_phi_h)[0m (Histo Num 47334)
Fitting for: [1m(MultiDim_5D_Histo)_(Bayesian)_(SMEAR=Smear)_(Q2_y_Bin_16)_(z_pT_Bin_22)_(MultiDim_Q2_y_z_pT_phi_h)[0m (Histo Num 47335)
Fitting for: [1m(MultiDim_5D_Histo)_(Bayesian)_(SMEAR=Smear)_(Q2_y_Bin_16)_(z_pT_Bin_25)_(MultiDim_Q2_y_z_pT_phi_h)[0m (Histo Num 47336)
Fitting for: [1m(MultiDim_5D_Histo)_(Bayesian)_(SMEAR=Smear)_(Q2_y_Bin_16)_(z_pT_Bin_26)_(MultiDim_Q2_y_z_pT_phi_h)[0m (Histo Num 47337)
Fitting for: [1m(MultiDim_5D_Histo)_(Bayesian)_(SMEAR=Smear)_(Q2_y_Bin_16)_(z_pT_Bin_27)_(MultiDim_Q2_y_z_pT_phi_h)[0m (Histo Num 47338)
Fitting for: [1m(MultiDim_5D_Histo)_(Bayesian)_(SMEAR=Smear)_(Q2_y_Bin_17)_(z_pT_Bin_1)_(MultiDim_Q2_y_z_pT_phi_h)[0m (Histo Num 47340)
Fitting for: [1m(MultiDim_5D_Histo)_(Bayesian)_(SMEAR=Smear)_(Q2_y_Bin_17)_(z_pT_Bin_2)_(MultiDim_Q2_y_z_pT_phi_h)[0m (Histo Num 47341)
Fitting for: [1m(MultiDim_5D_Histo)_(Bayesian)_(SMEAR=Smear)_(Q2_y_Bin_17)_(z_pT_Bin_3)_(MultiDim_Q2_y_z_pT_phi_h)[0m (Histo Num 47342)
Fitting for: [1m(MultiDim_5D_Histo)_(Bayesian)_(SMEAR=Smear)_(Q2_y_Bin_17)_(z_pT_Bin_4)_(MultiDim_Q2_y_z_pT_phi_h)[0m (Histo Num 47343)
Fitting for: [1m(MultiDim_5D_Histo)_(Bayesian)_(SMEAR=Smear)_(Q2_y_Bin_17)_(z_pT_Bin_5)_(MultiDim_Q2_y_z_pT_phi_h)[0m (Histo Num 47344)
Fitting for: [1m(MultiDim_5D_Histo)_(Bayesian)_(SMEAR=Smear)_(Q2_y_Bin_17)_(z_pT_Bin_6)_(MultiDim_Q2_y_z_pT_phi_h)[0m (Histo Num 47345)
Fitting for: [1m(MultiDim_5D_Histo)_(Bayesian)_(SMEAR=Smear)_(Q2_y_Bin_17)_(z_pT_Bin_7)_(MultiDim_Q2_y_z_pT_phi_h)[0m (Histo Num 47346)
Fitting for: [1m(MultiDim_5D_Histo)_(Bayesian)_(SMEAR=Smear)_(Q2_y_Bin_17)_(z_pT_Bin_8)_(MultiDim_Q2_y_z_pT_phi_h)[0m (Histo Num 47347) *** Break *** segmentation violation
[/Users/richardcapobianco/opt/anaconda3/envs/updated_python/lib/libCPyCppyy.6.38.04.so] (anonymous namespace)::TExceptionHandlerImp::HandleException(int) (no debug info)
[/Users/richardcapobianco/opt/anaconda3/envs/updated_python/lib/libCore.6.38.04.so] TUnixSystem::DispatchSignals(ESignals) (no debug info)
[/usr/lib/system/libsystem_platform.dylib] _sigtramp (no debug info)
[<unknown binary>] (no debug info)
[/Users/richardcapobianco/opt/anaconda3/envs/updated_python/bin/python3.13] PyUnicode_FromString (no debug info)
[/Users/richardcapobianco/opt/anaconda3/envs/updated_python/bin/python3.13] PyErr_WarnExplicit (no debug info)
[/Users/richardcapobianco/opt/anaconda3/envs/updated_python/lib/libCore.6.38.04.so] ErrorHandler (no debug info)
[/Users/richardcapobianco/opt/anaconda3/envs/updated_python/lib/libCore.6.38.04.so] Warning(char const*, char const*, ...) (no debug info)
[/Users/richardcapobianco/opt/anaconda3/envs/updated_python/lib/libHist.6.38.04.so] TFitResultPtr HFit::Fit<TH1>(TH1*, TF1*, Foption_t&, ROOT::Math::MinimizerOptions const&, char const*, ROOT::Fit::DataRange&) (no debug info)
[/Users/richardcapobianco/opt/anaconda3/envs/updated_python/lib/libHist.6.38.04.so] ROOT::Fit::FitObject(TH1*, TF1*, Foption_t&, ROOT::Math::MinimizerOptions const&, char const*, ROOT::Fit::DataRange&) (no debug info)
[/Users/richardcapobianco/opt/anaconda3/envs/updated_python/lib/libHist.6.38.04.so] TH1::Fit(TF1*, char const*, char const*, double, double) (no debug info)
[/Users/richardcapobianco/opt/anaconda3/envs/updated_python/lib/libCPyCppyy.6.38.04.so] WrapperCall(long, unsigned long, void*, void*, void*) (no debug info)
[/Users/richardcapobianco/opt/anaconda3/envs/updated_python/lib/libCPyCppyy.6.38.04.so] Cppyy::CallO(long, void*, unsigned long, void*, unsigned long) (no debug info)
[/Users/richardcapobianco/opt/anaconda3/envs/updated_python/lib/libCPyCppyy.6.38.04.so] GILCallO(long, void*, CPyCppyy::CallContext*, unsigned long) (no debug info)
[/Users/richardcapobianco/opt/anaconda3/envs/updated_python/lib/libCPyCppyy.6.38.04.so] CPyCppyy::(anonymous namespace)::InstanceExecutor::Execute(long, void*, CPyCppyy::CallContext*) (no debug info)
[/Users/richardcapobianco/opt/anaconda3/envs/updated_python/lib/libCPyCppyy.6.38.04.so] CPyCppyy::CPPMethod::ExecuteFast(void*, long, CPyCppyy::CallContext*) (no debug info)
[/Users/richardcapobianco/opt/anaconda3/envs/updated_python/lib/libCPyCppyy.6.38.04.so] CPyCppyy::CPPMethod::ExecuteProtected(void*, long, CPyCppyy::CallContext*) (no debug info)
[/Users/richardcapobianco/opt/anaconda3/envs/updated_python/lib/libCPyCppyy.6.38.04.so] CPyCppyy::CPPMethod::Call(CPyCppyy::CPPInstance*&, _object* const*, unsigned long, _object*, CPyCppyy::CallContext*) (no debug info)
[/Users/richardcapobianco/opt/anaconda3/envs/updated_python/lib/libCPyCppyy.6.38.04.so] CPyCppyy::(anonymous namespace)::mp_vectorcall(CPyCppyy::CPPOverload*, _object* const*, unsigned long, _object*) (no debug info)
[/Users/richardcapobianco/opt/anaconda3/envs/updated_python/bin/python3.13] _PyEval_EvalFrameDefault (no debug info)
[/Users/richardcapobianco/opt/anaconda3/envs/updated_python/bin/python3.13] PyEval_EvalCode (no debug info)
[/Users/richardcapobianco/opt/anaconda3/envs/updated_python/bin/python3.13] run_eval_code_obj (no debug info)
[/Users/richardcapobianco/opt/anaconda3/envs/updated_python/bin/python3.13] run_mod (no debug info)
[/Users/richardcapobianco/opt/anaconda3/envs/updated_python/bin/python3.13] pyrun_file (no debug info)
[/Users/richardcapobianco/opt/anaconda3/envs/updated_python/bin/python3.13] _PyRun_SimpleFileObject (no debug info)
[/Users/richardcapobianco/opt/anaconda3/envs/updated_python/bin/python3.13] _PyRun_AnyFileObject (no debug info)
[/Users/richardcapobianco/opt/anaconda3/envs/updated_python/bin/python3.13] pymain_run_file_obj (no debug info)
[/Users/richardcapobianco/opt/anaconda3/envs/updated_python/bin/python3.13] pymain_run_file (no debug info)
[/Users/richardcapobianco/opt/anaconda3/envs/updated_python/bin/python3.13] Py_RunMain (no debug info)
[/Users/richardcapobianco/opt/anaconda3/envs/updated_python/bin/python3.13] pymain_main (no debug info)
[/Users/richardcapobianco/opt/anaconda3/envs/updated_python/bin/python3.13] main (no debug info)
[/usr/lib/dyld] start (no debug info)
 *** Break *** segmentation violation
[/Users/richardcapobianco/opt/anaconda3/envs/updated_python/lib/libCPyCppyy.6.38.04.so] (anonymous namespace)::TExceptionHandlerImp::HandleException(int) (no debug info)
[/Users/richardcapobianco/opt/anaconda3/envs/updated_python/lib/libCore.6.38.04.so] TUnixSystem::DispatchSignals(ESignals) (no debug info)
[/usr/lib/system/libsystem_platform.dylib] _sigtramp (no debug info)
[<unknown binary>] (no debug info)
[/Users/richardcapobianco/opt/anaconda3/envs/updated_python/lib/libCPyCppyy.6.38.04.so] CPyCppyy::CPPMethod::ExecuteProtected(void*, long, CPyCppyy::CallContext*) (no debug info)
[/Users/richardcapobianco/opt/anaconda3/envs/updated_python/lib/libCPyCppyy.6.38.04.so] CPyCppyy::CPPMethod::Call(CPyCppyy::CPPInstance*&, _object* const*, unsigned long, _object*, CPyCppyy::CallContext*) (no debug info)
[/Users/richardcapobianco/opt/anaconda3/envs/updated_python/lib/libCPyCppyy.6.38.04.so] CPyCppyy::(anonymous namespace)::mp_vectorcall(CPyCppyy::CPPOverload*, _object* const*, unsigned long, _object*) (no debug info)
[/Users/richardcapobianco/opt/anaconda3/envs/updated_python/bin/python3.13] _PyEval_EvalFrameDefault (no debug info)
[/Users/richardcapobianco/opt/anaconda3/envs/updated_python/bin/python3.13] PyEval_EvalCode (no debug info)
[/Users/richardcapobianco/opt/anaconda3/envs/updated_python/bin/python3.13] run_eval_code_obj (no debug info)
[/Users/richardcapobianco/opt/anaconda3/envs/updated_python/bin/python3.13] run_mod (no debug info)
[/Users/richardcapobianco/opt/anaconda3/envs/updated_python/bin/python3.13] pyrun_file (no debug info)
[/Users/richardcapobianco/opt/anaconda3/envs/updated_python/bin/python3.13] _PyRun_SimpleFileObject (no debug info)
[/Users/richardcapobianco/opt/anaconda3/envs/updated_python/bin/python3.13] _PyRun_AnyFileObject (no debug info)
[/Users/richardcapobianco/opt/anaconda3/envs/updated_python/bin/python3.13] pymain_run_file_obj (no debug info)
[/Users/richardcapobianco/opt/anaconda3/envs/updated_python/bin/python3.13] pymain_run_file (no debug info)
[/Users/richardcapobianco/opt/anaconda3/envs/updated_python/bin/python3.13] Py_RunMain (no debug info)
[/Users/richardcapobianco/opt/anaconda3/envs/updated_python/bin/python3.13] pymain_main (no debug info)
[/Users/richardcapobianco/opt/anaconda3/envs/updated_python/bin/python3.13] main (no debug info)
[/usr/lib/dyld] start (no debug info)
 *** Break *** segmentation violation
[/Users/richardcapobianco/opt/anaconda3/envs/updated_python/lib/libCPyCppyy.6.38.04.so] (anonymous namespace)::TExceptionHandlerImp::HandleException(int) (no debug info)
[/Users/richardcapobianco/opt/anaconda3/envs/updated_python/lib/libCore.6.38.04.so] TUnixSystem::DispatchSignals(ESignals) (no debug info)
[/usr/lib/system/libsystem_platform.dylib] _sigtramp (no debug info)
[<unknown binary>] (no debug info)
[/Users/richardcapobianco/opt/anaconda3/envs/updated_python/lib/libCPyCppyy.6.38.04.so] CPyCppyy::CPPMethod::ExecuteProtected(void*, long, CPyCppyy::CallContext*) (no debug info)
[/Users/richardcapobianco/opt/anaconda3/envs/updated_python/lib/libCPyCppyy.6.38.04.so] CPyCppyy::CPPMethod::Call(CPyCppyy::CPPInstance*&, _object* const*, unsigned long, _object*, CPyCppyy::CallContext*) (no debug info)
[/Users/richardcapobianco/opt/anaconda3/envs/updated_python/lib/libCPyCppyy.6.38.04.so] CPyCppyy::(anonymous namespace)::mp_vectorcall(CPyCppyy::CPPOverload*, _object* const*, unsigned long, _object*) (no debug info)
[/Users/richardcapobianco/opt/anaconda3/envs/updated_python/bin/python3.13] _PyEval_EvalFrameDefault (no debug info)
[/Users/richardcapobianco/opt/anaconda3/envs/updated_python/bin/python3.13] PyEval_EvalCode (no debug info)
[/Users/richardcapobianco/opt/anaconda3/envs/updated_python/bin/python3.13] run_eval_code_obj (no debug info)
[/Users/richardcapobianco/opt/anaconda3/envs/updated_python/bin/python3.13] run_mod (no debug info)
[/Users/richardcapobianco/opt/anaconda3/envs/updated_python/bin/python3.13] pyrun_file (no debug info)
[/Users/richardcapobianco/opt/anaconda3/envs/updated_python/bin/python3.13] _PyRun_SimpleFileObject (no debug info)
[/Users/richardcapobianco/opt/anaconda3/envs/updated_python/bin/python3.13] _PyRun_AnyFileObject (no debug info)
[/Users/richardcapobianco/opt/anaconda3/envs/updated_python/bin/python3.13] pymain_run_file_obj (no debug info)
[/Users/richardcapobianco/opt/anaconda3/envs/updated_python/bin/python3.13] pymain_run_file (no debug info)
[/Users/richardcapobianco/opt/anaconda3/envs/updated_python/bin/python3.13] Py_RunMain (no debug info)
[/Users/richardcapobianco/opt/anaconda3/envs/updated_python/bin/python3.13] pymain_main (no debug info)
[/Users/richardcapobianco/opt/anaconda3/envs/updated_python/bin/python3.13] main (no debug info)
[/usr/lib/dyld] start (no debug info)
