

[1m[92m[43m

    Will be Fitting Plots    
[0m



[1m[94mSmear option selected is: Smear[0m


Running for Q2-xB/Q2-y Bins: '0', '1', '2', '3', '4', '5', '6', '7', '8', '9', '10', '11', '12', '13', '14', '15', '16', '17'
[1m
Starting RG-A SIDIS Analysis
[0m

Started running on [1m8-17-2026[0m at [1m12:43 p.m.[0m


[91m[1mUsing Existing TTree [0m[1m(File is: [4mHybrid_Unfolded_Parallel_SIDIS_epip_from_3D_and_5D_1st_Order_V2.root[0m[1m)[91m[1m instead of Creating New Unfolded Histograms[0m

[1m[94mRecovered: [1m[92m66175[0m[1m[94m items[0m


Current Time: [1m12:43 p.m.[0m
Time Elapsed Up To Now:
0 Day(s), 0 Hour(s), 0 Minute(s), and 5 Second(s).

[94mNormal Unfolding Fits Already Included? -> [91m[1mFalse[0m
[1mNot running RC... Did not check for RC fits.[0m
[1mNot running BC... Did not check for BC fits.[0m

[1m[94mMaking the fits...[0m

[91mSkipping: (MultiDim_3D_Histo)_(Bayesian)_(SMEAR=Smear)_(Q2_y_Bin_12)_(z_pT_Bin_6)_(MultiDim_z_pT_Bin_Y_bin_phi_t)[0m (Histo Num 39689)
[91mSkipping: (MultiDim_3D_Histo)_(Bayesian)_(SMEAR=Smear)_(Q2_y_Bin_12)_(z_pT_Bin_7)_(MultiDim_z_pT_Bin_Y_bin_phi_t)[0m (Histo Num 39690)
[91mSkipping: (MultiDim_3D_Histo)_(Bayesian)_(SMEAR=Smear)_(Q2_y_Bin_12)_(z_pT_Bin_8)_(MultiDim_z_pT_Bin_Y_bin_phi_t)[0m (Histo Num 39691)
[91mSkipping: (MultiDim_3D_Histo)_(Bayesian)_(SMEAR=Smear)_(Q2_y_Bin_12)_(z_pT_Bin_9)_(MultiDim_z_pT_Bin_Y_bin_phi_t)[0m (Histo Num 39692)
[91mSkipping: (MultiDim_3D_Histo)_(Bayesian)_(SMEAR=Smear)_(Q2_y_Bin_12)_(z_pT_Bin_10)_(MultiDim_z_pT_Bin_Y_bin_phi_t)[0m (Histo Num 39693)
[91mSkipping: (MultiDim_3D_Histo)_(Bayesian)_(SMEAR=Smear)_(Q2_y_Bin_12)_(z_pT_Bin_11)_(MultiDim_z_pT_Bin_Y_bin_phi_t)[0m (Histo Num 39694)
[91mSkipping: (MultiDim_3D_Histo)_(Bayesian)_(SMEAR=Smear)_(Q2_y_Bin_12)_(z_pT_Bin_12)_(MultiDim_z_pT_Bin_Y_bin_phi_t)[0m (Histo Num 39695)
[91mSkipping: (MultiDim_3D_Histo)_(Bayesian)_(SMEAR=Smear)_(Q2_y_Bin_12)_(z_pT_Bin_13)_(MultiDim_z_pT_Bin_Y_bin_phi_t)[0m (Histo Num 39696)
[91mSkipping: (MultiDim_3D_Histo)_(Bayesian)_(SMEAR=Smear)_(Q2_y_Bin_12)_(z_pT_Bin_14)_(MultiDim_z_pT_Bin_Y_bin_phi_t)[0m (Histo Num 39697)
[91mSkipping: (MultiDim_3D_Histo)_(Bayesian)_(SMEAR=Smear)_(Q2_y_Bin_12)_(z_pT_Bin_15)_(MultiDim_z_pT_Bin_Y_bin_phi_t)[0m (Histo Num 39698)
[91mSkipping: (MultiDim_3D_Histo)_(Bayesian)_(SMEAR=Smear)_(Q2_y_Bin_12)_(z_pT_Bin_16)_(MultiDim_z_pT_Bin_Y_bin_phi_t)[0m (Histo Num 39699)
[91mSkipping: (MultiDim_3D_Histo)_(Bayesian)_(SMEAR=Smear)_(Q2_y_Bin_12)_(z_pT_Bin_17)_(MultiDim_z_pT_Bin_Y_bin_phi_t)[0m (Histo Num 39700)
[91mSkipping: (MultiDim_3D_Histo)_(Bayesian)_(SMEAR=Smear)_(Q2_y_Bin_12)_(z_pT_Bin_18)_(MultiDim_z_pT_Bin_Y_bin_phi_t)[0m (Histo Num 39701)
[91mSkipping: (MultiDim_3D_Histo)_(Bayesian)_(SMEAR=Smear)_(Q2_y_Bin_12)_(z_pT_Bin_19)_(MultiDim_z_pT_Bin_Y_bin_phi_t)[0m (Histo Num 39702)
[91mSkipping: (MultiDim_3D_Histo)_(Bayesian)_(SMEAR=Smear)_(Q2_y_Bin_12)_(z_pT_Bin_20)_(MultiDim_z_pT_Bin_Y_bin_phi_t)[0m (Histo Num 39703)
[91mSkipping: (MultiDim_3D_Histo)_(Bayesian)_(SMEAR=Smear)_(Q2_y_Bin_12)_(z_pT_Bin_21)_(MultiDim_z_pT_Bin_Y_bin_phi_t)[0m (Histo Num 39704)
[91mSkipping: (MultiDim_3D_Histo)_(Bayesian)_(SMEAR=Smear)_(Q2_y_Bin_12)_(z_pT_Bin_22)_(MultiDim_z_pT_Bin_Y_bin_phi_t)[0m (Histo Num 39705)
[91mSkipping: (MultiDim_3D_Histo)_(Bayesian)_(SMEAR=Smear)_(Q2_y_Bin_12)_(z_pT_Bin_23)_(MultiDim_z_pT_Bin_Y_bin_phi_t)[0m (Histo Num 39706)
[91mSkipping: (MultiDim_3D_Histo)_(Bayesian)_(SMEAR=Smear)_(Q2_y_Bin_12)_(z_pT_Bin_24)_(MultiDim_z_pT_Bin_Y_bin_phi_t)[0m (Histo Num 39707)
[91mSkipping: (MultiDim_3D_Histo)_(Bayesian)_(SMEAR=Smear)_(Q2_y_Bin_11)_(z_pT_Bin_1)_(MultiDim_z_pT_Bin_Y_bin_phi_t)[0m (Histo Num 39735)
[91mSkipping: (MultiDim_3D_Histo)_(Bayesian)_(SMEAR=Smear)_(Q2_y_Bin_11)_(z_pT_Bin_2)_(MultiDim_z_pT_Bin_Y_bin_phi_t)[0m (Histo Num 39736)
[91mSkipping: (MultiDim_3D_Histo)_(Bayesian)_(SMEAR=Smear)_(Q2_y_Bin_11)_(z_pT_Bin_3)_(MultiDim_z_pT_Bin_Y_bin_phi_t)[0m (Histo Num 39737)
[91mSkipping: (MultiDim_3D_Histo)_(Bayesian)_(SMEAR=Smear)_(Q2_y_Bin_11)_(z_pT_Bin_4)_(MultiDim_z_pT_Bin_Y_bin_phi_t)[0m (Histo Num 39738)
[91mSkipping: (MultiDim_3D_Histo)_(Bayesian)_(SMEAR=Smear)_(Q2_y_Bin_11)_(z_pT_Bin_6)_(MultiDim_z_pT_Bin_Y_bin_phi_t)[0m (Histo Num 39739)
[91mSkipping: (MultiDim_3D_Histo)_(Bayesian)_(SMEAR=Smear)_(Q2_y_Bin_11)_(z_pT_Bin_7)_(MultiDim_z_pT_Bin_Y_bin_phi_t)[0m (Histo Num 39740)
[91mSkipping: (MultiDim_3D_Histo)_(Bayesian)_(SMEAR=Smear)_(Q2_y_Bin_11)_(z_pT_Bin_8)_(MultiDim_z_pT_Bin_Y_bin_phi_t)[0m (Histo Num 39741)
[91mSkipping: (MultiDim_3D_Histo)_(Bayesian)_(SMEAR=Smear)_(Q2_y_Bin_11)_(z_pT_Bin_9)_(MultiDim_z_pT_Bin_Y_bin_phi_t)[0m (Histo Num 39742)
[91mSkipping: (MultiDim_3D_Histo)_(Bayesian)_(SMEAR=Smear)_(Q2_y_Bin_11)_(z_pT_Bin_10)_(MultiDim_z_pT_Bin_Y_bin_phi_t)[0m (Histo Num 39743)
[91mSkipping: (MultiDim_3D_Histo)_(Bayesian)_(SMEAR=Smear)_(Q2_y_Bin_11)_(z_pT_Bin_11)_(MultiDim_z_pT_Bin_Y_bin_phi_t)[0m (Histo Num 39744)
[91mSkipping: (MultiDim_3D_Histo)_(Bayesian)_(SMEAR=Smear)_(Q2_y_Bin_11)_(z_pT_Bin_12)_(MultiDim_z_pT_Bin_Y_bin_phi_t)[0m (Histo Num 39745)
[91mSkipping: (MultiDim_3D_Histo)_(Bayesian)_(SMEAR=Smear)_(Q2_y_Bin_11)_(z_pT_Bin_13)_(MultiDim_z_pT_Bin_Y_bin_phi_t)[0m (Histo Num 39746)
[91mSkipping: (MultiDim_3D_Histo)_(Bayesian)_(SMEAR=Smear)_(Q2_y_Bin_11)_(z_pT_Bin_14)_(MultiDim_z_pT_Bin_Y_bin_phi_t)[0m (Histo Num 39747)
[91mSkipping: (MultiDim_3D_Histo)_(Bayesian)_(SMEAR=Smear)_(Q2_y_Bin_11)_(z_pT_Bin_15)_(MultiDim_z_pT_Bin_Y_bin_phi_t)[0m (Histo Num 39748)
[91mSkipping: (MultiDim_3D_Histo)_(Bayesian)_(SMEAR=Smear)_(Q2_y_Bin_11)_(z_pT_Bin_16)_(MultiDim_z_pT_Bin_Y_bin_phi_t)[0m (Histo Num 39749)
[91mSkipping: (MultiDim_3D_Histo)_(Bayesian)_(SMEAR=Smear)_(Q2_y_Bin_11)_(z_pT_Bin_17)_(MultiDim_z_pT_Bin_Y_bin_phi_t)[0m (Histo Num 39750)
[91mSkipping: (MultiDim_3D_Histo)_(Bayesian)_(SMEAR=Smear)_(Q2_y_Bin_11)_(z_pT_Bin_18)_(MultiDim_z_pT_Bin_Y_bin_phi_t)[0m (Histo Num 39751)
[91mSkipping: (MultiDim_3D_Histo)_(Bayesian)_(SMEAR=Smear)_(Q2_y_Bin_11)_(z_pT_Bin_19)_(MultiDim_z_pT_Bin_Y_bin_phi_t)[0m (Histo Num 39752)
[91mSkipping: (MultiDim_3D_Histo)_(Bayesian)_(SMEAR=Smear)_(Q2_y_Bin_11)_(z_pT_Bin_20)_(MultiDim_z_pT_Bin_Y_bin_phi_t)[0m (Histo Num 39753)
[91mSkipping: (MultiDim_3D_Histo)_(Bayesian)_(SMEAR=Smear)_(Q2_y_Bin_11)_(z_pT_Bin_21)_(MultiDim_z_pT_Bin_Y_bin_phi_t)[0m (Histo Num 39754)
[91mSkipping: (MultiDim_3D_Histo)_(Bayesian)_(SMEAR=Smear)_(Q2_y_Bin_11)_(z_pT_Bin_22)_(MultiDim_z_pT_Bin_Y_bin_phi_t)[0m (Histo Num 39755)
[91mSkipping: (MultiDim_3D_Histo)_(Bayesian)_(SMEAR=Smear)_(Q2_y_Bin_11)_(z_pT_Bin_23)_(MultiDim_z_pT_Bin_Y_bin_phi_t)[0m (Histo Num 39756)
[91mSkipping: (MultiDim_3D_Histo)_(Bayesian)_(SMEAR=Smear)_(Q2_y_Bin_11)_(z_pT_Bin_24)_(MultiDim_z_pT_Bin_Y_bin_phi_t)[0m (Histo Num 39757)
[91mSkipping: (MultiDim_3D_Histo)_(Bayesian)_(SMEAR=Smear)_(Q2_y_Bin_16)_(z_pT_Bin_1)_(MultiDim_z_pT_Bin_Y_bin_phi_t)[0m (Histo Num 39786)
[91mSkipping: (MultiDim_3D_Histo)_(Bayesian)_(SMEAR=Smear)_(Q2_y_Bin_16)_(z_pT_Bin_2)_(MultiDim_z_pT_Bin_Y_bin_phi_t)[0m (Histo Num 39787)
[91mSkipping: (MultiDim_3D_Histo)_(Bayesian)_(SMEAR=Smear)_(Q2_y_Bin_16)_(z_pT_Bin_3)_(MultiDim_z_pT_Bin_Y_bin_phi_t)[0m (Histo Num 39788)
[91mSkipping: (MultiDim_3D_Histo)_(Bayesian)_(SMEAR=Smear)_(Q2_y_Bin_16)_(z_pT_Bin_4)_(MultiDim_z_pT_Bin_Y_bin_phi_t)[0m (Histo Num 39789)
[91mSkipping: (MultiDim_3D_Histo)_(Bayesian)_(SMEAR=Smear)_(Q2_y_Bin_16)_(z_pT_Bin_5)_(MultiDim_z_pT_Bin_Y_bin_phi_t)[0m (Histo Num 39790)
[91mSkipping: (MultiDim_3D_Histo)_(Bayesian)_(SMEAR=Smear)_(Q2_y_Bin_16)_(z_pT_Bin_6)_(MultiDim_z_pT_Bin_Y_bin_phi_t)[0m (Histo Num 39791)
[91mSkipping: (MultiDim_3D_Histo)_(Bayesian)_(SMEAR=Smear)_(Q2_y_Bin_16)_(z_pT_Bin_7)_(MultiDim_z_pT_Bin_Y_bin_phi_t)[0m (Histo Num 39792)
[91mSkipping: (MultiDim_3D_Histo)_(Bayesian)_(SMEAR=Smear)_(Q2_y_Bin_16)_(z_pT_Bin_8)_(MultiDim_z_pT_Bin_Y_bin_phi_t)[0m (Histo Num 39793)
[91mSkipping: (MultiDim_3D_Histo)_(Bayesian)_(SMEAR=Smear)_(Q2_y_Bin_16)_(z_pT_Bin_9)_(MultiDim_z_pT_Bin_Y_bin_phi_t)[0m (Histo Num 39794)
[91mSkipping: (MultiDim_3D_Histo)_(Bayesian)_(SMEAR=Smear)_(Q2_y_Bin_16)_(z_pT_Bin_10)_(MultiDim_z_pT_Bin_Y_bin_phi_t)[0m (Histo Num 39795)
[91mSkipping: (MultiDim_3D_Histo)_(Bayesian)_(SMEAR=Smear)_(Q2_y_Bin_16)_(z_pT_Bin_11)_(MultiDim_z_pT_Bin_Y_bin_phi_t)[0m (Histo Num 39796)
[91mSkipping: (MultiDim_3D_Histo)_(Bayesian)_(SMEAR=Smear)_(Q2_y_Bin_16)_(z_pT_Bin_12)_(MultiDim_z_pT_Bin_Y_bin_phi_t)[0m (Histo Num 39797)
[91mSkipping: (MultiDim_3D_Histo)_(Bayesian)_(SMEAR=Smear)_(Q2_y_Bin_16)_(z_pT_Bin_13)_(MultiDim_z_pT_Bin_Y_bin_phi_t)[0m (Histo Num 39798)
[91mSkipping: (MultiDim_3D_Histo)_(Bayesian)_(SMEAR=Smear)_(Q2_y_Bin_16)_(z_pT_Bin_14)_(MultiDim_z_pT_Bin_Y_bin_phi_t)[0m (Histo Num 39799)
[91mSkipping: (MultiDim_3D_Histo)_(Bayesian)_(SMEAR=Smear)_(Q2_y_Bin_16)_(z_pT_Bin_15)_(MultiDim_z_pT_Bin_Y_bin_phi_t)[0m (Histo Num 39800)
[91mSkipping: (MultiDim_3D_Histo)_(Bayesian)_(SMEAR=Smear)_(Q2_y_Bin_16)_(z_pT_Bin_16)_(MultiDim_z_pT_Bin_Y_bin_phi_t)[0m (Histo Num 39801)
[91mSkipping: (MultiDim_3D_Histo)_(Bayesian)_(SMEAR=Smear)_(Q2_y_Bin_16)_(z_pT_Bin_17)_(MultiDim_z_pT_Bin_Y_bin_phi_t)[0m (Histo Num 39802)
[91mSkipping: (MultiDim_3D_Histo)_(Bayesian)_(SMEAR=Smear)_(Q2_y_Bin_16)_(z_pT_Bin_19)_(MultiDim_z_pT_Bin_Y_bin_phi_t)[0m (Histo Num 39803)
[91mSkipping: (MultiDim_3D_Histo)_(Bayesian)_(SMEAR=Smear)_(Q2_y_Bin_16)_(z_pT_Bin_20)_(MultiDim_z_pT_Bin_Y_bin_phi_t)[0m (Histo Num 39804)
[91mSkipping: (MultiDim_3D_Histo)_(Bayesian)_(SMEAR=Smear)_(Q2_y_Bin_16)_(z_pT_Bin_21)_(MultiDim_z_pT_Bin_Y_bin_phi_t)[0m (Histo Num 39805)
[91mSkipping: (MultiDim_3D_Histo)_(Bayesian)_(SMEAR=Smear)_(Q2_y_Bin_16)_(z_pT_Bin_22)_(MultiDim_z_pT_Bin_Y_bin_phi_t)[0m (Histo Num 39806)
[91mSkipping: (MultiDim_3D_Histo)_(Bayesian)_(SMEAR=Smear)_(Q2_y_Bin_16)_(z_pT_Bin_25)_(MultiDim_z_pT_Bin_Y_bin_phi_t)[0m (Histo Num 39807)
[91mSkipping: (MultiDim_3D_Histo)_(Bayesian)_(SMEAR=Smear)_(Q2_y_Bin_16)_(z_pT_Bin_26)_(MultiDim_z_pT_Bin_Y_bin_phi_t)[0m (Histo Num 39808)
[91mSkipping: (MultiDim_3D_Histo)_(Bayesian)_(SMEAR=Smear)_(Q2_y_Bin_16)_(z_pT_Bin_27)_(MultiDim_z_pT_Bin_Y_bin_phi_t)[0m (Histo Num 39809)
[91mSkipping: (MultiDim_3D_Histo)_(Bayesian)_(SMEAR=Smear)_(Q2_y_Bin_15)_(z_pT_Bin_1)_(MultiDim_z_pT_Bin_Y_bin_phi_t)[0m (Histo Num 39836)
[91mSkipping: (MultiDim_3D_Histo)_(Bayesian)_(SMEAR=Smear)_(Q2_y_Bin_15)_(z_pT_Bin_2)_(MultiDim_z_pT_Bin_Y_bin_phi_t)[0m (Histo Num 39837)
[91mSkipping: (MultiDim_3D_Histo)_(Bayesian)_(SMEAR=Smear)_(Q2_y_Bin_15)_(z_pT_Bin_3)_(MultiDim_z_pT_Bin_Y_bin_phi_t)[0m (Histo Num 39838)
[91mSkipping: (MultiDim_3D_Histo)_(Bayesian)_(SMEAR=Smear)_(Q2_y_Bin_15)_(z_pT_Bin_4)_(MultiDim_z_pT_Bin_Y_bin_phi_t)[0m (Histo Num 39839)
[91mSkipping: (MultiDim_3D_Histo)_(Bayesian)_(SMEAR=Smear)_(Q2_y_Bin_15)_(z_pT_Bin_6)_(MultiDim_z_pT_Bin_Y_bin_phi_t)[0m (Histo Num 39840)
[91mSkipping: (MultiDim_3D_Histo)_(Bayesian)_(SMEAR=Smear)_(Q2_y_Bin_15)_(z_pT_Bin_7)_(MultiDim_z_pT_Bin_Y_bin_phi_t)[0m (Histo Num 39841)
[91mSkipping: (MultiDim_3D_Histo)_(Bayesian)_(SMEAR=Smear)_(Q2_y_Bin_15)_(z_pT_Bin_8)_(MultiDim_z_pT_Bin_Y_bin_phi_t)[0m (Histo Num 39842)
[91mSkipping: (MultiDim_3D_Histo)_(Bayesian)_(SMEAR=Smear)_(Q2_y_Bin_15)_(z_pT_Bin_9)_(MultiDim_z_pT_Bin_Y_bin_phi_t)[0m (Histo Num 39843)
[91mSkipping: (MultiDim_3D_Histo)_(Bayesian)_(SMEAR=Smear)_(Q2_y_Bin_15)_(z_pT_Bin_10)_(MultiDim_z_pT_Bin_Y_bin_phi_t)[0m (Histo Num 39844)
[91mSkipping: (MultiDim_3D_Histo)_(Bayesian)_(SMEAR=Smear)_(Q2_y_Bin_15)_(z_pT_Bin_11)_(MultiDim_z_pT_Bin_Y_bin_phi_t)[0m (Histo Num 39845)
[91mSkipping: (MultiDim_3D_Histo)_(Bayesian)_(SMEAR=Smear)_(Q2_y_Bin_15)_(z_pT_Bin_12)_(MultiDim_z_pT_Bin_Y_bin_phi_t)[0m (Histo Num 39846)
[91mSkipping: (MultiDim_3D_Histo)_(Bayesian)_(SMEAR=Smear)_(Q2_y_Bin_15)_(z_pT_Bin_13)_(MultiDim_z_pT_Bin_Y_bin_phi_t)[0m (Histo Num 39847)
[91mSkipping: (MultiDim_3D_Histo)_(Bayesian)_(SMEAR=Smear)_(Q2_y_Bin_15)_(z_pT_Bin_14)_(MultiDim_z_pT_Bin_Y_bin_phi_t)[0m (Histo Num 39848)
[91mSkipping: (MultiDim_3D_Histo)_(Bayesian)_(SMEAR=Smear)_(Q2_y_Bin_15)_(z_pT_Bin_15)_(MultiDim_z_pT_Bin_Y_bin_phi_t)[0m (Histo Num 39849)
[91mSkipping: (MultiDim_3D_Histo)_(Bayesian)_(SMEAR=Smear)_(Q2_y_Bin_15)_(z_pT_Bin_16)_(MultiDim_z_pT_Bin_Y_bin_phi_t)[0m (Histo Num 39850)
[91mSkipping: (MultiDim_3D_Histo)_(Bayesian)_(SMEAR=Smear)_(Q2_y_Bin_15)_(z_pT_Bin_17)_(MultiDim_z_pT_Bin_Y_bin_phi_t)[0m (Histo Num 39851)
[91mSkipping: (MultiDim_3D_Histo)_(Bayesian)_(SMEAR=Smear)_(Q2_y_Bin_15)_(z_pT_Bin_18)_(MultiDim_z_pT_Bin_Y_bin_phi_t)[0m (Histo Num 39852)
[91mSkipping: (MultiDim_3D_Histo)_(Bayesian)_(SMEAR=Smear)_(Q2_y_Bin_15)_(z_pT_Bin_19)_(MultiDim_z_pT_Bin_Y_bin_phi_t)[0m (Histo Num 39853)
[91mSkipping: (MultiDim_3D_Histo)_(Bayesian)_(SMEAR=Smear)_(Q2_y_Bin_15)_(z_pT_Bin_21)_(MultiDim_z_pT_Bin_Y_bin_phi_t)[0m (Histo Num 39854)
[91mSkipping: (MultiDim_3D_Histo)_(Bayesian)_(SMEAR=Smear)_(Q2_y_Bin_15)_(z_pT_Bin_22)_(MultiDim_z_pT_Bin_Y_bin_phi_t)[0m (Histo Num 39855)
[91mSkipping: (MultiDim_3D_Histo)_(Bayesian)_(SMEAR=Smear)_(Q2_y_Bin_15)_(z_pT_Bin_23)_(MultiDim_z_pT_Bin_Y_bin_phi_t)[0m (Histo Num 39856)
[91mSkipping: (MultiDim_3D_Histo)_(Bayesian)_(SMEAR=Smear)_(Q2_y_Bin_15)_(z_pT_Bin_24)_(MultiDim_z_pT_Bin_Y_bin_phi_t)[0m (Histo Num 39857)
[91mSkipping: (MultiDim_3D_Histo)_(Bayesian)_(SMEAR=Smear)_(Q2_y_Bin_6)_(z_pT_Bin_1)_(MultiDim_z_pT_Bin_Y_bin_phi_t)[0m (Histo Num 39888)
[91mSkipping: (MultiDim_3D_Histo)_(Bayesian)_(SMEAR=Smear)_(Q2_y_Bin_6)_(z_pT_Bin_2)_(MultiDim_z_pT_Bin_Y_bin_phi_t)[0m (Histo Num 39889)
[91mSkipping: (MultiDim_3D_Histo)_(Bayesian)_(SMEAR=Smear)_(Q2_y_Bin_6)_(z_pT_Bin_3)_(MultiDim_z_pT_Bin_Y_bin_phi_t)[0m (Histo Num 39890)
[91mSkipping: (MultiDim_3D_Histo)_(Bayesian)_(SMEAR=Smear)_(Q2_y_Bin_6)_(z_pT_Bin_4)_(MultiDim_z_pT_Bin_Y_bin_phi_t)[0m (Histo Num 39891)
[91mSkipping: (MultiDim_3D_Histo)_(Bayesian)_(SMEAR=Smear)_(Q2_y_Bin_6)_(z_pT_Bin_5)_(MultiDim_z_pT_Bin_Y_bin_phi_t)[0m (Histo Num 39892)
[91mSkipping: (MultiDim_3D_Histo)_(Bayesian)_(SMEAR=Smear)_(Q2_y_Bin_6)_(z_pT_Bin_6)_(MultiDim_z_pT_Bin_Y_bin_phi_t)[0m (Histo Num 39893)
[91mSkipping: (MultiDim_3D_Histo)_(Bayesian)_(SMEAR=Smear)_(Q2_y_Bin_6)_(z_pT_Bin_7)_(MultiDim_z_pT_Bin_Y_bin_phi_t)[0m (Histo Num 39894)
[91mSkipping: (MultiDim_3D_Histo)_(Bayesian)_(SMEAR=Smear)_(Q2_y_Bin_6)_(z_pT_Bin_8)_(MultiDim_z_pT_Bin_Y_bin_phi_t)[0m (Histo Num 39895)
[91mSkipping: (MultiDim_3D_Histo)_(Bayesian)_(SMEAR=Smear)_(Q2_y_Bin_6)_(z_pT_Bin_9)_(MultiDim_z_pT_Bin_Y_bin_phi_t)[0m (Histo Num 39896)
[91mSkipping: (MultiDim_3D_Histo)_(Bayesian)_(SMEAR=Smear)_(Q2_y_Bin_6)_(z_pT_Bin_10)_(MultiDim_z_pT_Bin_Y_bin_phi_t)[0m (Histo Num 39897)
[91mSkipping: (MultiDim_3D_Histo)_(Bayesian)_(SMEAR=Smear)_(Q2_y_Bin_6)_(z_pT_Bin_11)_(MultiDim_z_pT_Bin_Y_bin_phi_t)[0m (Histo Num 39898)
[91mSkipping: (MultiDim_3D_Histo)_(Bayesian)_(SMEAR=Smear)_(Q2_y_Bin_6)_(z_pT_Bin_12)_(MultiDim_z_pT_Bin_Y_bin_phi_t)[0m (Histo Num 39899)
[91mSkipping: (MultiDim_3D_Histo)_(Bayesian)_(SMEAR=Smear)_(Q2_y_Bin_6)_(z_pT_Bin_13)_(MultiDim_z_pT_Bin_Y_bin_phi_t)[0m (Histo Num 39900)
[91mSkipping: (MultiDim_3D_Histo)_(Bayesian)_(SMEAR=Smear)_(Q2_y_Bin_6)_(z_pT_Bin_14)_(MultiDim_z_pT_Bin_Y_bin_phi_t)[0m (Histo Num 39901)
[91mSkipping: (MultiDim_3D_Histo)_(Bayesian)_(SMEAR=Smear)_(Q2_y_Bin_6)_(z_pT_Bin_15)_(MultiDim_z_pT_Bin_Y_bin_phi_t)[0m (Histo Num 39902)
[91mSkipping: (MultiDim_3D_Histo)_(Bayesian)_(SMEAR=Smear)_(Q2_y_Bin_6)_(z_pT_Bin_16)_(MultiDim_z_pT_Bin_Y_bin_phi_t)[0m (Histo Num 39903)
[91mSkipping: (MultiDim_3D_Histo)_(Bayesian)_(SMEAR=Smear)_(Q2_y_Bin_6)_(z_pT_Bin_17)_(MultiDim_z_pT_Bin_Y_bin_phi_t)[0m (Histo Num 39904)
[91mSkipping: (MultiDim_3D_Histo)_(Bayesian)_(SMEAR=Smear)_(Q2_y_Bin_6)_(z_pT_Bin_19)_(MultiDim_z_pT_Bin_Y_bin_phi_t)[0m (Histo Num 39905)
[91mSkipping: (MultiDim_3D_Histo)_(Bayesian)_(SMEAR=Smear)_(Q2_y_Bin_6)_(z_pT_Bin_20)_(MultiDim_z_pT_Bin_Y_bin_phi_t)[0m (Histo Num 39906)
[91mSkipping: (MultiDim_3D_Histo)_(Bayesian)_(SMEAR=Smear)_(Q2_y_Bin_6)_(z_pT_Bin_21)_(MultiDim_z_pT_Bin_Y_bin_phi_t)[0m (Histo Num 39907)
[91mSkipping: (MultiDim_3D_Histo)_(Bayesian)_(SMEAR=Smear)_(Q2_y_Bin_6)_(z_pT_Bin_22)_(MultiDim_z_pT_Bin_Y_bin_phi_t)[0m (Histo Num 39908)
[91mSkipping: (MultiDim_3D_Histo)_(Bayesian)_(SMEAR=Smear)_(Q2_y_Bin_6)_(z_pT_Bin_23)_(MultiDim_z_pT_Bin_Y_bin_phi_t)[0m (Histo Num 39909)
[91mSkipping: (MultiDim_3D_Histo)_(Bayesian)_(SMEAR=Smear)_(Q2_y_Bin_6)_(z_pT_Bin_25)_(MultiDim_z_pT_Bin_Y_bin_phi_t)[0m (Histo Num 39910)
[91mSkipping: (MultiDim_3D_Histo)_(Bayesian)_(SMEAR=Smear)_(Q2_y_Bin_6)_(z_pT_Bin_26)_(MultiDim_z_pT_Bin_Y_bin_phi_t)[0m (Histo Num 39911)
[91mSkipping: (MultiDim_3D_Histo)_(Bayesian)_(SMEAR=Smear)_(Q2_y_Bin_6)_(z_pT_Bin_27)_(MultiDim_z_pT_Bin_Y_bin_phi_t)[0m (Histo Num 39912)
[91mSkipping: (MultiDim_3D_Histo)_(Bayesian)_(SMEAR=Smear)_(Q2_y_Bin_6)_(z_pT_Bin_28)_(MultiDim_z_pT_Bin_Y_bin_phi_t)[0m (Histo Num 39913)
[91mSkipping: (MultiDim_3D_Histo)_(Bayesian)_(SMEAR=Smear)_(Q2_y_Bin_14)_(z_pT_Bin_1)_(MultiDim_z_pT_Bin_Y_bin_phi_t)[0m (Histo Num 39949)
[91mSkipping: (MultiDim_3D_Histo)_(Bayesian)_(SMEAR=Smear)_(Q2_y_Bin_14)_(z_pT_Bin_2)_(MultiDim_z_pT_Bin_Y_bin_phi_t)[0m (Histo Num 39950)
[91mSkipping: (MultiDim_3D_Histo)_(Bayesian)_(SMEAR=Smear)_(Q2_y_Bin_14)_(z_pT_Bin_3)_(MultiDim_z_pT_Bin_Y_bin_phi_t)[0m (Histo Num 39951)
[91mSkipping: (MultiDim_3D_Histo)_(Bayesian)_(SMEAR=Smear)_(Q2_y_Bin_14)_(z_pT_Bin_4)_(MultiDim_z_pT_Bin_Y_bin_phi_t)[0m (Histo Num 39952)
[91mSkipping: (MultiDim_3D_Histo)_(Bayesian)_(SMEAR=Smear)_(Q2_y_Bin_14)_(z_pT_Bin_5)_(MultiDim_z_pT_Bin_Y_bin_phi_t)[0m (Histo Num 39953)
[91mSkipping: (MultiDim_3D_Histo)_(Bayesian)_(SMEAR=Smear)_(Q2_y_Bin_14)_(z_pT_Bin_7)_(MultiDim_z_pT_Bin_Y_bin_phi_t)[0m (Histo Num 39954)
[91mSkipping: (MultiDim_3D_Histo)_(Bayesian)_(SMEAR=Smear)_(Q2_y_Bin_14)_(z_pT_Bin_8)_(MultiDim_z_pT_Bin_Y_bin_phi_t)[0m (Histo Num 39955)
[91mSkipping: (MultiDim_3D_Histo)_(Bayesian)_(SMEAR=Smear)_(Q2_y_Bin_14)_(z_pT_Bin_9)_(MultiDim_z_pT_Bin_Y_bin_phi_t)[0m (Histo Num 39956)
[91mSkipping: (MultiDim_3D_Histo)_(Bayesian)_(SMEAR=Smear)_(Q2_y_Bin_14)_(z_pT_Bin_10)_(MultiDim_z_pT_Bin_Y_bin_phi_t)[0m (Histo Num 39957)
[91mSkipping: (MultiDim_3D_Histo)_(Bayesian)_(SMEAR=Smear)_(Q2_y_Bin_14)_(z_pT_Bin_11)_(MultiDim_z_pT_Bin_Y_bin_phi_t)[0m (Histo Num 39958)
[91mSkipping: (MultiDim_3D_Histo)_(Bayesian)_(SMEAR=Smear)_(Q2_y_Bin_14)_(z_pT_Bin_12)_(MultiDim_z_pT_Bin_Y_bin_phi_t)[0m (Histo Num 39959)
[91mSkipping: (MultiDim_3D_Histo)_(Bayesian)_(SMEAR=Smear)_(Q2_y_Bin_14)_(z_pT_Bin_13)_(MultiDim_z_pT_Bin_Y_bin_phi_t)[0m (Histo Num 39960)
[91mSkipping: (MultiDim_3D_Histo)_(Bayesian)_(SMEAR=Smear)_(Q2_y_Bin_14)_(z_pT_Bin_14)_(MultiDim_z_pT_Bin_Y_bin_phi_t)[0m (Histo Num 39961)
[91mSkipping: (MultiDim_3D_Histo)_(Bayesian)_(SMEAR=Smear)_(Q2_y_Bin_14)_(z_pT_Bin_15)_(MultiDim_z_pT_Bin_Y_bin_phi_t)[0m (Histo Num 39962)
[91mSkipping: (MultiDim_3D_Histo)_(Bayesian)_(SMEAR=Smear)_(Q2_y_Bin_14)_(z_pT_Bin_16)_(MultiDim_z_pT_Bin_Y_bin_phi_t)[0m (Histo Num 39963)
[91mSkipping: (MultiDim_3D_Histo)_(Bayesian)_(SMEAR=Smear)_(Q2_y_Bin_14)_(z_pT_Bin_17)_(MultiDim_z_pT_Bin_Y_bin_phi_t)[0m (Histo Num 39964)
[91mSkipping: (MultiDim_3D_Histo)_(Bayesian)_(SMEAR=Smear)_(Q2_y_Bin_14)_(z_pT_Bin_18)_(MultiDim_z_pT_Bin_Y_bin_phi_t)[0m (Histo Num 39965)
[91mSkipping: (MultiDim_3D_Histo)_(Bayesian)_(SMEAR=Smear)_(Q2_y_Bin_14)_(z_pT_Bin_19)_(MultiDim_z_pT_Bin_Y_bin_phi_t)[0m (Histo Num 39966)
[91mSkipping: (MultiDim_3D_Histo)_(Bayesian)_(SMEAR=Smear)_(Q2_y_Bin_14)_(z_pT_Bin_20)_(MultiDim_z_pT_Bin_Y_bin_phi_t)[0m (Histo Num 39967)
[91mSkipping: (MultiDim_3D_Histo)_(Bayesian)_(SMEAR=Smear)_(Q2_y_Bin_14)_(z_pT_Bin_21)_(MultiDim_z_pT_Bin_Y_bin_phi_t)[0m (Histo Num 39968)
[91mSkipping: (MultiDim_3D_Histo)_(Bayesian)_(SMEAR=Smear)_(Q2_y_Bin_14)_(z_pT_Bin_22)_(MultiDim_z_pT_Bin_Y_bin_phi_t)[0m (Histo Num 39969)
[91mSkipping: (MultiDim_3D_Histo)_(Bayesian)_(SMEAR=Smear)_(Q2_y_Bin_14)_(z_pT_Bin_23)_(MultiDim_z_pT_Bin_Y_bin_phi_t)[0m (Histo Num 39970)
[91mSkipping: (MultiDim_3D_Histo)_(Bayesian)_(SMEAR=Smear)_(Q2_y_Bin_14)_(z_pT_Bin_25)_(MultiDim_z_pT_Bin_Y_bin_phi_t)[0m (Histo Num 39971)
[91mSkipping: (MultiDim_3D_Histo)_(Bayesian)_(SMEAR=Smear)_(Q2_y_Bin_14)_(z_pT_Bin_26)_(MultiDim_z_pT_Bin_Y_bin_phi_t)[0m (Histo Num 39972)
[91mSkipping: (MultiDim_3D_Histo)_(Bayesian)_(SMEAR=Smear)_(Q2_y_Bin_14)_(z_pT_Bin_27)_(MultiDim_z_pT_Bin_Y_bin_phi_t)[0m (Histo Num 39973)
[91mSkipping: (MultiDim_3D_Histo)_(Bayesian)_(SMEAR=Smear)_(Q2_y_Bin_14)_(z_pT_Bin_28)_(MultiDim_z_pT_Bin_Y_bin_phi_t)[0m (Histo Num 39974)
[91mSkipping: (MultiDim_3D_Histo)_(Bayesian)_(SMEAR=Smear)_(Q2_y_Bin_14)_(z_pT_Bin_29)_(MultiDim_z_pT_Bin_Y_bin_phi_t)[0m (Histo Num 39975)
[91mSkipping: (MultiDim_3D_Histo)_(Bayesian)_(SMEAR=Smear)_(Q2_y_Bin_14)_(z_pT_Bin_31)_(MultiDim_z_pT_Bin_Y_bin_phi_t)[0m (Histo Num 39976)
[91mSkipping: (MultiDim_3D_Histo)_(Bayesian)_(SMEAR=Smear)_(Q2_y_Bin_14)_(z_pT_Bin_32)_(MultiDim_z_pT_Bin_Y_bin_phi_t)[0m (Histo Num 39977)
[91mSkipping: (MultiDim_3D_Histo)_(Bayesian)_(SMEAR=Smear)_(Q2_y_Bin_14)_(z_pT_Bin_33)_(MultiDim_z_pT_Bin_Y_bin_phi_t)[0m (Histo Num 39978)
[91mSkipping: (MultiDim_3D_Histo)_(Bayesian)_(SMEAR=Smear)_(Q2_y_Bin_14)_(z_pT_Bin_34)_(MultiDim_z_pT_Bin_Y_bin_phi_t)[0m (Histo Num 39979)
[91mSkipping: (MultiDim_3D_Histo)_(Bayesian)_(SMEAR=Smear)_(Q2_y_Bin_17)_(z_pT_Bin_1)_(MultiDim_z_pT_Bin_Y_bin_phi_t)[0m (Histo Num 40010)
[91mSkipping: (MultiDim_3D_Histo)_(Bayesian)_(SMEAR=Smear)_(Q2_y_Bin_17)_(z_pT_Bin_2)_(MultiDim_z_pT_Bin_Y_bin_phi_t)[0m (Histo Num 40011)
[91mSkipping: (MultiDim_3D_Histo)_(Bayesian)_(SMEAR=Smear)_(Q2_y_Bin_17)_(z_pT_Bin_3)_(MultiDim_z_pT_Bin_Y_bin_phi_t)[0m (Histo Num 40012)
[91mSkipping: (MultiDim_3D_Histo)_(Bayesian)_(SMEAR=Smear)_(Q2_y_Bin_17)_(z_pT_Bin_4)_(MultiDim_z_pT_Bin_Y_bin_phi_t)[0m (Histo Num 40013)
[91mSkipping: (MultiDim_3D_Histo)_(Bayesian)_(SMEAR=Smear)_(Q2_y_Bin_17)_(z_pT_Bin_5)_(MultiDim_z_pT_Bin_Y_bin_phi_t)[0m (Histo Num 40014)
[91mSkipping: (MultiDim_3D_Histo)_(Bayesian)_(SMEAR=Smear)_(Q2_y_Bin_17)_(z_pT_Bin_7)_(MultiDim_z_pT_Bin_Y_bin_phi_t)[0m (Histo Num 40015)
[91mSkipping: (MultiDim_3D_Histo)_(Bayesian)_(SMEAR=Smear)_(Q2_y_Bin_17)_(z_pT_Bin_8)_(MultiDim_z_pT_Bin_Y_bin_phi_t)[0m (Histo Num 40016)
[91mSkipping: (MultiDim_3D_Histo)_(Bayesian)_(SMEAR=Smear)_(Q2_y_Bin_17)_(z_pT_Bin_9)_(MultiDim_z_pT_Bin_Y_bin_phi_t)[0m (Histo Num 40017)
[91mSkipping: (MultiDim_3D_Histo)_(Bayesian)_(SMEAR=Smear)_(Q2_y_Bin_17)_(z_pT_Bin_10)_(MultiDim_z_pT_Bin_Y_bin_phi_t)[0m (Histo Num 40018)
[91mSkipping: (MultiDim_3D_Histo)_(Bayesian)_(SMEAR=Smear)_(Q2_y_Bin_17)_(z_pT_Bin_11)_(MultiDim_z_pT_Bin_Y_bin_phi_t)[0m (Histo Num 40019)
[91mSkipping: (MultiDim_3D_Histo)_(Bayesian)_(SMEAR=Smear)_(Q2_y_Bin_17)_(z_pT_Bin_12)_(MultiDim_z_pT_Bin_Y_bin_phi_t)[0m (Histo Num 40020)
[91mSkipping: (MultiDim_3D_Histo)_(Bayesian)_(SMEAR=Smear)_(Q2_y_Bin_17)_(z_pT_Bin_13)_(MultiDim_z_pT_Bin_Y_bin_phi_t)[0m (Histo Num 40021)
[91mSkipping: (MultiDim_3D_Histo)_(Bayesian)_(SMEAR=Smear)_(Q2_y_Bin_17)_(z_pT_Bin_14)_(MultiDim_z_pT_Bin_Y_bin_phi_t)[0m (Histo Num 40022)
[91mSkipping: (MultiDim_3D_Histo)_(Bayesian)_(SMEAR=Smear)_(Q2_y_Bin_17)_(z_pT_Bin_15)_(MultiDim_z_pT_Bin_Y_bin_phi_t)[0m (Histo Num 40023)
[91mSkipping: (MultiDim_3D_Histo)_(Bayesian)_(SMEAR=Smear)_(Q2_y_Bin_17)_(z_pT_Bin_16)_(MultiDim_z_pT_Bin_Y_bin_phi_t)[0m (Histo Num 40024)
[91mSkipping: (MultiDim_3D_Histo)_(Bayesian)_(SMEAR=Smear)_(Q2_y_Bin_17)_(z_pT_Bin_17)_(MultiDim_z_pT_Bin_Y_bin_phi_t)[0m (Histo Num 40025)
[91mSkipping: (MultiDim_3D_Histo)_(Bayesian)_(SMEAR=Smear)_(Q2_y_Bin_17)_(z_pT_Bin_18)_(MultiDim_z_pT_Bin_Y_bin_phi_t)[0m (Histo Num 40026)
[91mSkipping: (MultiDim_3D_Histo)_(Bayesian)_(SMEAR=Smear)_(Q2_y_Bin_17)_(z_pT_Bin_19)_(MultiDim_z_pT_Bin_Y_bin_phi_t)[0m (Histo Num 40027)
[91mSkipping: (MultiDim_3D_Histo)_(Bayesian)_(SMEAR=Smear)_(Q2_y_Bin_17)_(z_pT_Bin_20)_(MultiDim_z_pT_Bin_Y_bin_phi_t)[0m (Histo Num 40028)
[91mSkipping: (MultiDim_3D_Histo)_(Bayesian)_(SMEAR=Smear)_(Q2_y_Bin_17)_(z_pT_Bin_21)_(MultiDim_z_pT_Bin_Y_bin_phi_t)[0m (Histo Num 40029)
[91mSkipping: (MultiDim_3D_Histo)_(Bayesian)_(SMEAR=Smear)_(Q2_y_Bin_17)_(z_pT_Bin_22)_(MultiDim_z_pT_Bin_Y_bin_phi_t)[0m (Histo Num 40030)
[91mSkipping: (MultiDim_3D_Histo)_(Bayesian)_(SMEAR=Smear)_(Q2_y_Bin_17)_(z_pT_Bin_23)_(MultiDim_z_pT_Bin_Y_bin_phi_t)[0m (Histo Num 40031)
[91mSkipping: (MultiDim_3D_Histo)_(Bayesian)_(SMEAR=Smear)_(Q2_y_Bin_17)_(z_pT_Bin_25)_(MultiDim_z_pT_Bin_Y_bin_phi_t)[0m (Histo Num 40032)
[91mSkipping: (MultiDim_3D_Histo)_(Bayesian)_(SMEAR=Smear)_(Q2_y_Bin_17)_(z_pT_Bin_26)_(MultiDim_z_pT_Bin_Y_bin_phi_t)[0m (Histo Num 40033)
[91mSkipping: (MultiDim_3D_Histo)_(Bayesian)_(SMEAR=Smear)_(Q2_y_Bin_17)_(z_pT_Bin_27)_(MultiDim_z_pT_Bin_Y_bin_phi_t)[0m (Histo Num 40034)
[91mSkipping: (MultiDim_3D_Histo)_(Bayesian)_(SMEAR=Smear)_(Q2_y_Bin_17)_(z_pT_Bin_28)_(MultiDim_z_pT_Bin_Y_bin_phi_t)[0m (Histo Num 40035)
[91mSkipping: (MultiDim_3D_Histo)_(Bayesian)_(SMEAR=Smear)_(Q2_y_Bin_13)_(z_pT_Bin_1)_(MultiDim_z_pT_Bin_Y_bin_phi_t)[0m (Histo Num 40066)
[91mSkipping: (MultiDim_3D_Histo)_(Bayesian)_(SMEAR=Smear)_(Q2_y_Bin_13)_(z_pT_Bin_2)_(MultiDim_z_pT_Bin_Y_bin_phi_t)[0m (Histo Num 40067)
[91mSkipping: (MultiDim_3D_Histo)_(Bayesian)_(SMEAR=Smear)_(Q2_y_Bin_13)_(z_pT_Bin_3)_(MultiDim_z_pT_Bin_Y_bin_phi_t)[0m (Histo Num 40068)
[91mSkipping: (MultiDim_3D_Histo)_(Bayesian)_(SMEAR=Smear)_(Q2_y_Bin_13)_(z_pT_Bin_4)_(MultiDim_z_pT_Bin_Y_bin_phi_t)[0m (Histo Num 40069)
[91mSkipping: (MultiDim_3D_Histo)_(Bayesian)_(SMEAR=Smear)_(Q2_y_Bin_13)_(z_pT_Bin_5)_(MultiDim_z_pT_Bin_Y_bin_phi_t)[0m (Histo Num 40070)
[91mSkipping: (MultiDim_3D_Histo)_(Bayesian)_(SMEAR=Smear)_(Q2_y_Bin_13)_(z_pT_Bin_6)_(MultiDim_z_pT_Bin_Y_bin_phi_t)[0m (Histo Num 40071)
[91mSkipping: (MultiDim_3D_Histo)_(Bayesian)_(SMEAR=Smear)_(Q2_y_Bin_13)_(z_pT_Bin_7)_(MultiDim_z_pT_Bin_Y_bin_phi_t)[0m (Histo Num 40072)
[91mSkipping: (MultiDim_3D_Histo)_(Bayesian)_(SMEAR=Smear)_(Q2_y_Bin_13)_(z_pT_Bin_8)_(MultiDim_z_pT_Bin_Y_bin_phi_t)[0m (Histo Num 40073)
[91mSkipping: (MultiDim_3D_Histo)_(Bayesian)_(SMEAR=Smear)_(Q2_y_Bin_13)_(z_pT_Bin_9)_(MultiDim_z_pT_Bin_Y_bin_phi_t)[0m (Histo Num 40074)
[91mSkipping: (MultiDim_3D_Histo)_(Bayesian)_(SMEAR=Smear)_(Q2_y_Bin_13)_(z_pT_Bin_10)_(MultiDim_z_pT_Bin_Y_bin_phi_t)[0m (Histo Num 40075)
[91mSkipping: (MultiDim_3D_Histo)_(Bayesian)_(SMEAR=Smear)_(Q2_y_Bin_13)_(z_pT_Bin_11)_(MultiDim_z_pT_Bin_Y_bin_phi_t)[0m (Histo Num 40076)
[91mSkipping: (MultiDim_3D_Histo)_(Bayesian)_(SMEAR=Smear)_(Q2_y_Bin_13)_(z_pT_Bin_12)_(MultiDim_z_pT_Bin_Y_bin_phi_t)[0m (Histo Num 40077)
[91mSkipping: (MultiDim_3D_Histo)_(Bayesian)_(SMEAR=Smear)_(Q2_y_Bin_13)_(z_pT_Bin_13)_(MultiDim_z_pT_Bin_Y_bin_phi_t)[0m (Histo Num 40078)
[91mSkipping: (MultiDim_3D_Histo)_(Bayesian)_(SMEAR=Smear)_(Q2_y_Bin_13)_(z_pT_Bin_14)_(MultiDim_z_pT_Bin_Y_bin_phi_t)[0m (Histo Num 40079)
[91mSkipping: (MultiDim_3D_Histo)_(Bayesian)_(SMEAR=Smear)_(Q2_y_Bin_13)_(z_pT_Bin_15)_(MultiDim_z_pT_Bin_Y_bin_phi_t)[0m (Histo Num 40080)
[91mSkipping: (MultiDim_3D_Histo)_(Bayesian)_(SMEAR=Smear)_(Q2_y_Bin_13)_(z_pT_Bin_16)_(MultiDim_z_pT_Bin_Y_bin_phi_t)[0m (Histo Num 40081)
[91mSkipping: (MultiDim_3D_Histo)_(Bayesian)_(SMEAR=Smear)_(Q2_y_Bin_13)_(z_pT_Bin_17)_(MultiDim_z_pT_Bin_Y_bin_phi_t)[0m (Histo Num 40082)
[91mSkipping: (MultiDim_3D_Histo)_(Bayesian)_(SMEAR=Smear)_(Q2_y_Bin_13)_(z_pT_Bin_18)_(MultiDim_z_pT_Bin_Y_bin_phi_t)[0m (Histo Num 40083)
[91mSkipping: (MultiDim_3D_Histo)_(Bayesian)_(SMEAR=Smear)_(Q2_y_Bin_13)_(z_pT_Bin_19)_(MultiDim_z_pT_Bin_Y_bin_phi_t)[0m (Histo Num 40084)
[91mSkipping: (MultiDim_3D_Histo)_(Bayesian)_(SMEAR=Smear)_(Q2_y_Bin_13)_(z_pT_Bin_21)_(MultiDim_z_pT_Bin_Y_bin_phi_t)[0m (Histo Num 40085)
[91mSkipping: (MultiDim_3D_Histo)_(Bayesian)_(SMEAR=Smear)_(Q2_y_Bin_13)_(z_pT_Bin_22)_(MultiDim_z_pT_Bin_Y_bin_phi_t)[0m (Histo Num 40086)
[91mSkipping: (MultiDim_3D_Histo)_(Bayesian)_(SMEAR=Smear)_(Q2_y_Bin_13)_(z_pT_Bin_23)_(MultiDim_z_pT_Bin_Y_bin_phi_t)[0m (Histo Num 40087)
[91mSkipping: (MultiDim_3D_Histo)_(Bayesian)_(SMEAR=Smear)_(Q2_y_Bin_13)_(z_pT_Bin_24)_(MultiDim_z_pT_Bin_Y_bin_phi_t)[0m (Histo Num 40088)
[91mSkipping: (MultiDim_3D_Histo)_(Bayesian)_(SMEAR=Smear)_(Q2_y_Bin_13)_(z_pT_Bin_26)_(MultiDim_z_pT_Bin_Y_bin_phi_t)[0m (Histo Num 40089)
[91mSkipping: (MultiDim_3D_Histo)_(Bayesian)_(SMEAR=Smear)_(Q2_y_Bin_13)_(z_pT_Bin_27)_(MultiDim_z_pT_Bin_Y_bin_phi_t)[0m (Histo Num 40090)
[91mSkipping: (MultiDim_3D_Histo)_(Bayesian)_(SMEAR=Smear)_(Q2_y_Bin_13)_(z_pT_Bin_28)_(MultiDim_z_pT_Bin_Y_bin_phi_t)[0m (Histo Num 40091)
[91mSkipping: (MultiDim_3D_Histo)_(Bayesian)_(SMEAR=Smear)_(Q2_y_Bin_4)_(z_pT_Bin_7)_(MultiDim_z_pT_Bin_Y_bin_phi_t)[0m (Histo Num 40120)
[91mSkipping: (MultiDim_3D_Histo)_(Bayesian)_(SMEAR=Smear)_(Q2_y_Bin_4)_(z_pT_Bin_8)_(MultiDim_z_pT_Bin_Y_bin_phi_t)[0m (Histo Num 40121)
[91mSkipping: (MultiDim_3D_Histo)_(Bayesian)_(SMEAR=Smear)_(Q2_y_Bin_4)_(z_pT_Bin_9)_(MultiDim_z_pT_Bin_Y_bin_phi_t)[0m (Histo Num 40122)
[91mSkipping: (MultiDim_3D_Histo)_(Bayesian)_(SMEAR=Smear)_(Q2_y_Bin_4)_(z_pT_Bin_10)_(MultiDim_z_pT_Bin_Y_bin_phi_t)[0m (Histo Num 40123)
[91mSkipping: (MultiDim_3D_Histo)_(Bayesian)_(SMEAR=Smear)_(Q2_y_Bin_4)_(z_pT_Bin_11)_(MultiDim_z_pT_Bin_Y_bin_phi_t)[0m (Histo Num 40124)
[91mSkipping: (MultiDim_3D_Histo)_(Bayesian)_(SMEAR=Smear)_(Q2_y_Bin_4)_(z_pT_Bin_13)_(MultiDim_z_pT_Bin_Y_bin_phi_t)[0m (Histo Num 40125)
[91mSkipping: (MultiDim_3D_Histo)_(Bayesian)_(SMEAR=Smear)_(Q2_y_Bin_4)_(z_pT_Bin_14)_(MultiDim_z_pT_Bin_Y_bin_phi_t)[0m (Histo Num 40126)
[91mSkipping: (MultiDim_3D_Histo)_(Bayesian)_(SMEAR=Smear)_(Q2_y_Bin_4)_(z_pT_Bin_15)_(MultiDim_z_pT_Bin_Y_bin_phi_t)[0m (Histo Num 40127)
[91mSkipping: (MultiDim_3D_Histo)_(Bayesian)_(SMEAR=Smear)_(Q2_y_Bin_4)_(z_pT_Bin_16)_(MultiDim_z_pT_Bin_Y_bin_phi_t)[0m (Histo Num 40128)
[91mSkipping: (MultiDim_3D_Histo)_(Bayesian)_(SMEAR=Smear)_(Q2_y_Bin_4)_(z_pT_Bin_17)_(MultiDim_z_pT_Bin_Y_bin_phi_t)[0m (Histo Num 40129)
[91mSkipping: (MultiDim_3D_Histo)_(Bayesian)_(SMEAR=Smear)_(Q2_y_Bin_4)_(z_pT_Bin_19)_(MultiDim_z_pT_Bin_Y_bin_phi_t)[0m (Histo Num 40130)
[91mSkipping: (MultiDim_3D_Histo)_(Bayesian)_(SMEAR=Smear)_(Q2_y_Bin_4)_(z_pT_Bin_20)_(MultiDim_z_pT_Bin_Y_bin_phi_t)[0m (Histo Num 40131)
[91mSkipping: (MultiDim_3D_Histo)_(Bayesian)_(SMEAR=Smear)_(Q2_y_Bin_4)_(z_pT_Bin_21)_(MultiDim_z_pT_Bin_Y_bin_phi_t)[0m (Histo Num 40132)
[91mSkipping: (MultiDim_3D_Histo)_(Bayesian)_(SMEAR=Smear)_(Q2_y_Bin_4)_(z_pT_Bin_22)_(MultiDim_z_pT_Bin_Y_bin_phi_t)[0m (Histo Num 40133)
[91mSkipping: (MultiDim_3D_Histo)_(Bayesian)_(SMEAR=Smear)_(Q2_y_Bin_4)_(z_pT_Bin_23)_(MultiDim_z_pT_Bin_Y_bin_phi_t)[0m (Histo Num 40134)
[91mSkipping: (MultiDim_3D_Histo)_(Bayesian)_(SMEAR=Smear)_(Q2_y_Bin_4)_(z_pT_Bin_25)_(MultiDim_z_pT_Bin_Y_bin_phi_t)[0m (Histo Num 40135)
[91mSkipping: (MultiDim_3D_Histo)_(Bayesian)_(SMEAR=Smear)_(Q2_y_Bin_4)_(z_pT_Bin_26)_(MultiDim_z_pT_Bin_Y_bin_phi_t)[0m (Histo Num 40136)
[91mSkipping: (MultiDim_3D_Histo)_(Bayesian)_(SMEAR=Smear)_(Q2_y_Bin_4)_(z_pT_Bin_27)_(MultiDim_z_pT_Bin_Y_bin_phi_t)[0m (Histo Num 40137)
[91mSkipping: (MultiDim_3D_Histo)_(Bayesian)_(SMEAR=Smear)_(Q2_y_Bin_4)_(z_pT_Bin_28)_(MultiDim_z_pT_Bin_Y_bin_phi_t)[0m (Histo Num 40138)
[91mSkipping: (MultiDim_3D_Histo)_(Bayesian)_(SMEAR=Smear)_(Q2_y_Bin_4)_(z_pT_Bin_29)_(MultiDim_z_pT_Bin_Y_bin_phi_t)[0m (Histo Num 40139)
[91mSkipping: (MultiDim_3D_Histo)_(Bayesian)_(SMEAR=Smear)_(Q2_y_Bin_4)_(z_pT_Bin_31)_(MultiDim_z_pT_Bin_Y_bin_phi_t)[0m (Histo Num 40140)
[91mSkipping: (MultiDim_3D_Histo)_(Bayesian)_(SMEAR=Smear)_(Q2_y_Bin_4)_(z_pT_Bin_32)_(MultiDim_z_pT_Bin_Y_bin_phi_t)[0m (Histo Num 40141)
[91mSkipping: (MultiDim_3D_Histo)_(Bayesian)_(SMEAR=Smear)_(Q2_y_Bin_4)_(z_pT_Bin_33)_(MultiDim_z_pT_Bin_Y_bin_phi_t)[0m (Histo Num 40142)
[91mSkipping: (MultiDim_3D_Histo)_(Bayesian)_(SMEAR=Smear)_(Q2_y_Bin_4)_(z_pT_Bin_34)_(MultiDim_z_pT_Bin_Y_bin_phi_t)[0m (Histo Num 40143)
[91mSkipping: (MultiDim_3D_Histo)_(Bayesian)_(SMEAR=Smear)_(Q2_y_Bin_9)_(z_pT_Bin_1)_(MultiDim_z_pT_Bin_Y_bin_phi_t)[0m (Histo Num 40177)
[91mSkipping: (MultiDim_3D_Histo)_(Bayesian)_(SMEAR=Smear)_(Q2_y_Bin_9)_(z_pT_Bin_2)_(MultiDim_z_pT_Bin_Y_bin_phi_t)[0m (Histo Num 40178)
[91mSkipping: (MultiDim_3D_Histo)_(Bayesian)_(SMEAR=Smear)_(Q2_y_Bin_9)_(z_pT_Bin_3)_(MultiDim_z_pT_Bin_Y_bin_phi_t)[0m (Histo Num 40179)
[91mSkipping: (MultiDim_3D_Histo)_(Bayesian)_(SMEAR=Smear)_(Q2_y_Bin_9)_(z_pT_Bin_4)_(MultiDim_z_pT_Bin_Y_bin_phi_t)[0m (Histo Num 40180)
[91mSkipping: (MultiDim_3D_Histo)_(Bayesian)_(SMEAR=Smear)_(Q2_y_Bin_9)_(z_pT_Bin_5)_(MultiDim_z_pT_Bin_Y_bin_phi_t)[0m (Histo Num 40181)
[91mSkipping: (MultiDim_3D_Histo)_(Bayesian)_(SMEAR=Smear)_(Q2_y_Bin_9)_(z_pT_Bin_6)_(MultiDim_z_pT_Bin_Y_bin_phi_t)[0m (Histo Num 40182)
[91mSkipping: (MultiDim_3D_Histo)_(Bayesian)_(SMEAR=Smear)_(Q2_y_Bin_9)_(z_pT_Bin_7)_(MultiDim_z_pT_Bin_Y_bin_phi_t)[0m (Histo Num 40183)
[91mSkipping: (MultiDim_3D_Histo)_(Bayesian)_(SMEAR=Smear)_(Q2_y_Bin_9)_(z_pT_Bin_8)_(MultiDim_z_pT_Bin_Y_bin_phi_t)[0m (Histo Num 40184)
[91mSkipping: (MultiDim_3D_Histo)_(Bayesian)_(SMEAR=Smear)_(Q2_y_Bin_9)_(z_pT_Bin_9)_(MultiDim_z_pT_Bin_Y_bin_phi_t)[0m (Histo Num 40185)
[91mSkipping: (MultiDim_3D_Histo)_(Bayesian)_(SMEAR=Smear)_(Q2_y_Bin_9)_(z_pT_Bin_10)_(MultiDim_z_pT_Bin_Y_bin_phi_t)[0m (Histo Num 40186)
[91mSkipping: (MultiDim_3D_Histo)_(Bayesian)_(SMEAR=Smear)_(Q2_y_Bin_9)_(z_pT_Bin_11)_(MultiDim_z_pT_Bin_Y_bin_phi_t)[0m (Histo Num 40187)
[91mSkipping: (MultiDim_3D_Histo)_(Bayesian)_(SMEAR=Smear)_(Q2_y_Bin_9)_(z_pT_Bin_12)_(MultiDim_z_pT_Bin_Y_bin_phi_t)[0m (Histo Num 40188)
[91mSkipping: (MultiDim_3D_Histo)_(Bayesian)_(SMEAR=Smear)_(Q2_y_Bin_9)_(z_pT_Bin_13)_(MultiDim_z_pT_Bin_Y_bin_phi_t)[0m (Histo Num 40189)
[91mSkipping: (MultiDim_3D_Histo)_(Bayesian)_(SMEAR=Smear)_(Q2_y_Bin_9)_(z_pT_Bin_14)_(MultiDim_z_pT_Bin_Y_bin_phi_t)[0m (Histo Num 40190)
[91mSkipping: (MultiDim_3D_Histo)_(Bayesian)_(SMEAR=Smear)_(Q2_y_Bin_9)_(z_pT_Bin_15)_(MultiDim_z_pT_Bin_Y_bin_phi_t)[0m (Histo Num 40191)
[91mSkipping: (MultiDim_3D_Histo)_(Bayesian)_(SMEAR=Smear)_(Q2_y_Bin_9)_(z_pT_Bin_16)_(MultiDim_z_pT_Bin_Y_bin_phi_t)[0m (Histo Num 40192)
[91mSkipping: (MultiDim_3D_Histo)_(Bayesian)_(SMEAR=Smear)_(Q2_y_Bin_9)_(z_pT_Bin_17)_(MultiDim_z_pT_Bin_Y_bin_phi_t)[0m (Histo Num 40193)
[91mSkipping: (MultiDim_3D_Histo)_(Bayesian)_(SMEAR=Smear)_(Q2_y_Bin_9)_(z_pT_Bin_18)_(MultiDim_z_pT_Bin_Y_bin_phi_t)[0m (Histo Num 40194)
[91mSkipping: (MultiDim_3D_Histo)_(Bayesian)_(SMEAR=Smear)_(Q2_y_Bin_9)_(z_pT_Bin_19)_(MultiDim_z_pT_Bin_Y_bin_phi_t)[0m (Histo Num 40195)
[91mSkipping: (MultiDim_3D_Histo)_(Bayesian)_(SMEAR=Smear)_(Q2_y_Bin_9)_(z_pT_Bin_20)_(MultiDim_z_pT_Bin_Y_bin_phi_t)[0m (Histo Num 40196)
[91mSkipping: (MultiDim_3D_Histo)_(Bayesian)_(SMEAR=Smear)_(Q2_y_Bin_9)_(z_pT_Bin_22)_(MultiDim_z_pT_Bin_Y_bin_phi_t)[0m (Histo Num 40197)
[91mSkipping: (MultiDim_3D_Histo)_(Bayesian)_(SMEAR=Smear)_(Q2_y_Bin_9)_(z_pT_Bin_23)_(MultiDim_z_pT_Bin_Y_bin_phi_t)[0m (Histo Num 40198)
[91mSkipping: (MultiDim_3D_Histo)_(Bayesian)_(SMEAR=Smear)_(Q2_y_Bin_9)_(z_pT_Bin_24)_(MultiDim_z_pT_Bin_Y_bin_phi_t)[0m (Histo Num 40199)
[91mSkipping: (MultiDim_3D_Histo)_(Bayesian)_(SMEAR=Smear)_(Q2_y_Bin_9)_(z_pT_Bin_25)_(MultiDim_z_pT_Bin_Y_bin_phi_t)[0m (Histo Num 40200)
[91mSkipping: (MultiDim_3D_Histo)_(Bayesian)_(SMEAR=Smear)_(Q2_y_Bin_9)_(z_pT_Bin_26)_(MultiDim_z_pT_Bin_Y_bin_phi_t)[0m (Histo Num 40201)
[91mSkipping: (MultiDim_3D_Histo)_(Bayesian)_(SMEAR=Smear)_(Q2_y_Bin_9)_(z_pT_Bin_29)_(MultiDim_z_pT_Bin_Y_bin_phi_t)[0m (Histo Num 40202)
[91mSkipping: (MultiDim_3D_Histo)_(Bayesian)_(SMEAR=Smear)_(Q2_y_Bin_9)_(z_pT_Bin_30)_(MultiDim_z_pT_Bin_Y_bin_phi_t)[0m (Histo Num 40203)
[91mSkipping: (MultiDim_3D_Histo)_(Bayesian)_(SMEAR=Smear)_(Q2_y_Bin_9)_(z_pT_Bin_31)_(MultiDim_z_pT_Bin_Y_bin_phi_t)[0m (Histo Num 40204)
[91mSkipping: (MultiDim_3D_Histo)_(Bayesian)_(SMEAR=Smear)_(Q2_y_Bin_9)_(z_pT_Bin_32)_(MultiDim_z_pT_Bin_Y_bin_phi_t)[0m (Histo Num 40205)
[91mSkipping: (MultiDim_3D_Histo)_(Bayesian)_(SMEAR=Smear)_(Q2_y_Bin_2)_(z_pT_Bin_1)_(MultiDim_z_pT_Bin_Y_bin_phi_t)[0m (Histo Num 40242)
[91mSkipping: (MultiDim_3D_Histo)_(Bayesian)_(SMEAR=Smear)_(Q2_y_Bin_2)_(z_pT_Bin_2)_(MultiDim_z_pT_Bin_Y_bin_phi_t)[0m (Histo Num 40243)
[91mSkipping: (MultiDim_3D_Histo)_(Bayesian)_(SMEAR=Smear)_(Q2_y_Bin_2)_(z_pT_Bin_3)_(MultiDim_z_pT_Bin_Y_bin_phi_t)[0m (Histo Num 40244)
[91mSkipping: (MultiDim_3D_Histo)_(Bayesian)_(SMEAR=Smear)_(Q2_y_Bin_2)_(z_pT_Bin_4)_(MultiDim_z_pT_Bin_Y_bin_phi_t)[0m (Histo Num 40245)
[91mSkipping: (MultiDim_3D_Histo)_(Bayesian)_(SMEAR=Smear)_(Q2_y_Bin_2)_(z_pT_Bin_5)_(MultiDim_z_pT_Bin_Y_bin_phi_t)[0m (Histo Num 40246)
[91mSkipping: (MultiDim_3D_Histo)_(Bayesian)_(SMEAR=Smear)_(Q2_y_Bin_2)_(z_pT_Bin_6)_(MultiDim_z_pT_Bin_Y_bin_phi_t)[0m (Histo Num 40247)
[91mSkipping: (MultiDim_3D_Histo)_(Bayesian)_(SMEAR=Smear)_(Q2_y_Bin_2)_(z_pT_Bin_7)_(MultiDim_z_pT_Bin_Y_bin_phi_t)[0m (Histo Num 40248)
[91mSkipping: (MultiDim_3D_Histo)_(Bayesian)_(SMEAR=Smear)_(Q2_y_Bin_2)_(z_pT_Bin_8)_(MultiDim_z_pT_Bin_Y_bin_phi_t)[0m (Histo Num 40249)
[91mSkipping: (MultiDim_3D_Histo)_(Bayesian)_(SMEAR=Smear)_(Q2_y_Bin_2)_(z_pT_Bin_9)_(MultiDim_z_pT_Bin_Y_bin_phi_t)[0m (Histo Num 40250)
[91mSkipping: (MultiDim_3D_Histo)_(Bayesian)_(SMEAR=Smear)_(Q2_y_Bin_2)_(z_pT_Bin_10)_(MultiDim_z_pT_Bin_Y_bin_phi_t)[0m (Histo Num 40251)
[91mSkipping: (MultiDim_3D_Histo)_(Bayesian)_(SMEAR=Smear)_(Q2_y_Bin_2)_(z_pT_Bin_11)_(MultiDim_z_pT_Bin_Y_bin_phi_t)[0m (Histo Num 40252)
[91mSkipping: (MultiDim_3D_Histo)_(Bayesian)_(SMEAR=Smear)_(Q2_y_Bin_2)_(z_pT_Bin_12)_(MultiDim_z_pT_Bin_Y_bin_phi_t)[0m (Histo Num 40253)
[91mSkipping: (MultiDim_3D_Histo)_(Bayesian)_(SMEAR=Smear)_(Q2_y_Bin_2)_(z_pT_Bin_13)_(MultiDim_z_pT_Bin_Y_bin_phi_t)[0m (Histo Num 40254)
[91mSkipping: (MultiDim_3D_Histo)_(Bayesian)_(SMEAR=Smear)_(Q2_y_Bin_2)_(z_pT_Bin_14)_(MultiDim_z_pT_Bin_Y_bin_phi_t)[0m (Histo Num 40255)
[91mSkipping: (MultiDim_3D_Histo)_(Bayesian)_(SMEAR=Smear)_(Q2_y_Bin_2)_(z_pT_Bin_15)_(MultiDim_z_pT_Bin_Y_bin_phi_t)[0m (Histo Num 40256)
[91mSkipping: (MultiDim_3D_Histo)_(Bayesian)_(SMEAR=Smear)_(Q2_y_Bin_2)_(z_pT_Bin_16)_(MultiDim_z_pT_Bin_Y_bin_phi_t)[0m (Histo Num 40257)
[91mSkipping: (MultiDim_3D_Histo)_(Bayesian)_(SMEAR=Smear)_(Q2_y_Bin_2)_(z_pT_Bin_17)_(MultiDim_z_pT_Bin_Y_bin_phi_t)[0m (Histo Num 40258)
[91mSkipping: (MultiDim_3D_Histo)_(Bayesian)_(SMEAR=Smear)_(Q2_y_Bin_2)_(z_pT_Bin_18)_(MultiDim_z_pT_Bin_Y_bin_phi_t)[0m (Histo Num 40259)
[91mSkipping: (MultiDim_3D_Histo)_(Bayesian)_(SMEAR=Smear)_(Q2_y_Bin_2)_(z_pT_Bin_19)_(MultiDim_z_pT_Bin_Y_bin_phi_t)[0m (Histo Num 40260)
[91mSkipping: (MultiDim_3D_Histo)_(Bayesian)_(SMEAR=Smear)_(Q2_y_Bin_2)_(z_pT_Bin_20)_(MultiDim_z_pT_Bin_Y_bin_phi_t)[0m (Histo Num 40261)
[91mSkipping: (MultiDim_3D_Histo)_(Bayesian)_(SMEAR=Smear)_(Q2_y_Bin_2)_(z_pT_Bin_21)_(MultiDim_z_pT_Bin_Y_bin_phi_t)[0m (Histo Num 40262)
[91mSkipping: (MultiDim_3D_Histo)_(Bayesian)_(SMEAR=Smear)_(Q2_y_Bin_2)_(z_pT_Bin_22)_(MultiDim_z_pT_Bin_Y_bin_phi_t)[0m (Histo Num 40263)
[91mSkipping: (MultiDim_3D_Histo)_(Bayesian)_(SMEAR=Smear)_(Q2_y_Bin_2)_(z_pT_Bin_23)_(MultiDim_z_pT_Bin_Y_bin_phi_t)[0m (Histo Num 40264)
[91mSkipping: (MultiDim_3D_Histo)_(Bayesian)_(SMEAR=Smear)_(Q2_y_Bin_2)_(z_pT_Bin_25)_(MultiDim_z_pT_Bin_Y_bin_phi_t)[0m (Histo Num 40265)
[91mSkipping: (MultiDim_3D_Histo)_(Bayesian)_(SMEAR=Smear)_(Q2_y_Bin_2)_(z_pT_Bin_26)_(MultiDim_z_pT_Bin_Y_bin_phi_t)[0m (Histo Num 40266)
[91mSkipping: (MultiDim_3D_Histo)_(Bayesian)_(SMEAR=Smear)_(Q2_y_Bin_2)_(z_pT_Bin_27)_(MultiDim_z_pT_Bin_Y_bin_phi_t)[0m (Histo Num 40267)
[91mSkipping: (MultiDim_3D_Histo)_(Bayesian)_(SMEAR=Smear)_(Q2_y_Bin_2)_(z_pT_Bin_28)_(MultiDim_z_pT_Bin_Y_bin_phi_t)[0m (Histo Num 40268)
[91mSkipping: (MultiDim_3D_Histo)_(Bayesian)_(SMEAR=Smear)_(Q2_y_Bin_2)_(z_pT_Bin_29)_(MultiDim_z_pT_Bin_Y_bin_phi_t)[0m (Histo Num 40269)
[91mSkipping: (MultiDim_3D_Histo)_(Bayesian)_(SMEAR=Smear)_(Q2_y_Bin_2)_(z_pT_Bin_31)_(MultiDim_z_pT_Bin_Y_bin_phi_t)[0m (Histo Num 40270)
[91mSkipping: (MultiDim_3D_Histo)_(Bayesian)_(SMEAR=Smear)_(Q2_y_Bin_2)_(z_pT_Bin_32)_(MultiDim_z_pT_Bin_Y_bin_phi_t)[0m (Histo Num 40271)
[91mSkipping: (MultiDim_3D_Histo)_(Bayesian)_(SMEAR=Smear)_(Q2_y_Bin_2)_(z_pT_Bin_33)_(MultiDim_z_pT_Bin_Y_bin_phi_t)[0m (Histo Num 40272)
[91mSkipping: (MultiDim_3D_Histo)_(Bayesian)_(SMEAR=Smear)_(Q2_y_Bin_2)_(z_pT_Bin_34)_(MultiDim_z_pT_Bin_Y_bin_phi_t)[0m (Histo Num 40273)
[91mSkipping: (MultiDim_3D_Histo)_(Bayesian)_(SMEAR=Smear)_(Q2_y_Bin_3)_(z_pT_Bin_1)_(MultiDim_z_pT_Bin_Y_bin_phi_t)[0m (Histo Num 40306)
[91mSkipping: (MultiDim_3D_Histo)_(Bayesian)_(SMEAR=Smear)_(Q2_y_Bin_3)_(z_pT_Bin_2)_(MultiDim_z_pT_Bin_Y_bin_phi_t)[0m (Histo Num 40307)
[91mSkipping: (MultiDim_3D_Histo)_(Bayesian)_(SMEAR=Smear)_(Q2_y_Bin_3)_(z_pT_Bin_3)_(MultiDim_z_pT_Bin_Y_bin_phi_t)[0m (Histo Num 40308)
[91mSkipping: (MultiDim_3D_Histo)_(Bayesian)_(SMEAR=Smear)_(Q2_y_Bin_3)_(z_pT_Bin_4)_(MultiDim_z_pT_Bin_Y_bin_phi_t)[0m (Histo Num 40309)
[91mSkipping: (MultiDim_3D_Histo)_(Bayesian)_(SMEAR=Smear)_(Q2_y_Bin_3)_(z_pT_Bin_5)_(MultiDim_z_pT_Bin_Y_bin_phi_t)[0m (Histo Num 40310)
[91mSkipping: (MultiDim_3D_Histo)_(Bayesian)_(SMEAR=Smear)_(Q2_y_Bin_3)_(z_pT_Bin_7)_(MultiDim_z_pT_Bin_Y_bin_phi_t)[0m (Histo Num 40311)
[91mSkipping: (MultiDim_3D_Histo)_(Bayesian)_(SMEAR=Smear)_(Q2_y_Bin_3)_(z_pT_Bin_8)_(MultiDim_z_pT_Bin_Y_bin_phi_t)[0m (Histo Num 40312)
[91mSkipping: (MultiDim_3D_Histo)_(Bayesian)_(SMEAR=Smear)_(Q2_y_Bin_3)_(z_pT_Bin_9)_(MultiDim_z_pT_Bin_Y_bin_phi_t)[0m (Histo Num 40313)
[91mSkipping: (MultiDim_3D_Histo)_(Bayesian)_(SMEAR=Smear)_(Q2_y_Bin_3)_(z_pT_Bin_10)_(MultiDim_z_pT_Bin_Y_bin_phi_t)[0m (Histo Num 40314)
[91mSkipping: (MultiDim_3D_Histo)_(Bayesian)_(SMEAR=Smear)_(Q2_y_Bin_3)_(z_pT_Bin_11)_(MultiDim_z_pT_Bin_Y_bin_phi_t)[0m (Histo Num 40315)
[91mSkipping: (MultiDim_3D_Histo)_(Bayesian)_(SMEAR=Smear)_(Q2_y_Bin_3)_(z_pT_Bin_12)_(MultiDim_z_pT_Bin_Y_bin_phi_t)[0m (Histo Num 40316)
[91mSkipping: (MultiDim_3D_Histo)_(Bayesian)_(SMEAR=Smear)_(Q2_y_Bin_3)_(z_pT_Bin_13)_(MultiDim_z_pT_Bin_Y_bin_phi_t)[0m (Histo Num 40317)
[91mSkipping: (MultiDim_3D_Histo)_(Bayesian)_(SMEAR=Smear)_(Q2_y_Bin_3)_(z_pT_Bin_14)_(MultiDim_z_pT_Bin_Y_bin_phi_t)[0m (Histo Num 40318)
[91mSkipping: (MultiDim_3D_Histo)_(Bayesian)_(SMEAR=Smear)_(Q2_y_Bin_3)_(z_pT_Bin_15)_(MultiDim_z_pT_Bin_Y_bin_phi_t)[0m (Histo Num 40319)
[91mSkipping: (MultiDim_3D_Histo)_(Bayesian)_(SMEAR=Smear)_(Q2_y_Bin_3)_(z_pT_Bin_16)_(MultiDim_z_pT_Bin_Y_bin_phi_t)[0m (Histo Num 40320)
[91mSkipping: (MultiDim_3D_Histo)_(Bayesian)_(SMEAR=Smear)_(Q2_y_Bin_3)_(z_pT_Bin_17)_(MultiDim_z_pT_Bin_Y_bin_phi_t)[0m (Histo Num 40321)
[91mSkipping: (MultiDim_3D_Histo)_(Bayesian)_(SMEAR=Smear)_(Q2_y_Bin_3)_(z_pT_Bin_18)_(MultiDim_z_pT_Bin_Y_bin_phi_t)[0m (Histo Num 40322)
[91mSkipping: (MultiDim_3D_Histo)_(Bayesian)_(SMEAR=Smear)_(Q2_y_Bin_3)_(z_pT_Bin_19)_(MultiDim_z_pT_Bin_Y_bin_phi_t)[0m (Histo Num 40323)
[91mSkipping: (MultiDim_3D_Histo)_(Bayesian)_(SMEAR=Smear)_(Q2_y_Bin_3)_(z_pT_Bin_20)_(MultiDim_z_pT_Bin_Y_bin_phi_t)[0m (Histo Num 40324)
[91mSkipping: (MultiDim_3D_Histo)_(Bayesian)_(SMEAR=Smear)_(Q2_y_Bin_3)_(z_pT_Bin_21)_(MultiDim_z_pT_Bin_Y_bin_phi_t)[0m (Histo Num 40325)
[91mSkipping: (MultiDim_3D_Histo)_(Bayesian)_(SMEAR=Smear)_(Q2_y_Bin_3)_(z_pT_Bin_22)_(MultiDim_z_pT_Bin_Y_bin_phi_t)[0m (Histo Num 40326)
[91mSkipping: (MultiDim_3D_Histo)_(Bayesian)_(SMEAR=Smear)_(Q2_y_Bin_3)_(z_pT_Bin_23)_(MultiDim_z_pT_Bin_Y_bin_phi_t)[0m (Histo Num 40327)
[91mSkipping: (MultiDim_3D_Histo)_(Bayesian)_(SMEAR=Smear)_(Q2_y_Bin_3)_(z_pT_Bin_24)_(MultiDim_z_pT_Bin_Y_bin_phi_t)[0m (Histo Num 40328)
[91mSkipping: (MultiDim_3D_Histo)_(Bayesian)_(SMEAR=Smear)_(Q2_y_Bin_3)_(z_pT_Bin_25)_(MultiDim_z_pT_Bin_Y_bin_phi_t)[0m (Histo Num 40329)
[91mSkipping: (MultiDim_3D_Histo)_(Bayesian)_(SMEAR=Smear)_(Q2_y_Bin_3)_(z_pT_Bin_26)_(MultiDim_z_pT_Bin_Y_bin_phi_t)[0m (Histo Num 40330)
[91mSkipping: (MultiDim_3D_Histo)_(Bayesian)_(SMEAR=Smear)_(Q2_y_Bin_3)_(z_pT_Bin_27)_(MultiDim_z_pT_Bin_Y_bin_phi_t)[0m (Histo Num 40331)
[91mSkipping: (MultiDim_3D_Histo)_(Bayesian)_(SMEAR=Smear)_(Q2_y_Bin_3)_(z_pT_Bin_28)_(MultiDim_z_pT_Bin_Y_bin_phi_t)[0m (Histo Num 40332)
[91mSkipping: (MultiDim_3D_Histo)_(Bayesian)_(SMEAR=Smear)_(Q2_y_Bin_3)_(z_pT_Bin_29)_(MultiDim_z_pT_Bin_Y_bin_phi_t)[0m (Histo Num 40333)
[91mSkipping: (MultiDim_3D_Histo)_(Bayesian)_(SMEAR=Smear)_(Q2_y_Bin_8)_(z_pT_Bin_6)_(MultiDim_z_pT_Bin_Y_bin_phi_t)[0m (Histo Num 40367)
[91mSkipping: (MultiDim_3D_Histo)_(Bayesian)_(SMEAR=Smear)_(Q2_y_Bin_8)_(z_pT_Bin_7)_(MultiDim_z_pT_Bin_Y_bin_phi_t)[0m (Histo Num 40368)
[91mSkipping: (MultiDim_3D_Histo)_(Bayesian)_(SMEAR=Smear)_(Q2_y_Bin_8)_(z_pT_Bin_8)_(MultiDim_z_pT_Bin_Y_bin_phi_t)[0m (Histo Num 40369)
[91mSkipping: (MultiDim_3D_Histo)_(Bayesian)_(SMEAR=Smear)_(Q2_y_Bin_8)_(z_pT_Bin_9)_(MultiDim_z_pT_Bin_Y_bin_phi_t)[0m (Histo Num 40370)
[91mSkipping: (MultiDim_3D_Histo)_(Bayesian)_(SMEAR=Smear)_(Q2_y_Bin_8)_(z_pT_Bin_10)_(MultiDim_z_pT_Bin_Y_bin_phi_t)[0m (Histo Num 40371)
[91mSkipping: (MultiDim_3D_Histo)_(Bayesian)_(SMEAR=Smear)_(Q2_y_Bin_8)_(z_pT_Bin_11)_(MultiDim_z_pT_Bin_Y_bin_phi_t)[0m (Histo Num 40372)
[91mSkipping: (MultiDim_3D_Histo)_(Bayesian)_(SMEAR=Smear)_(Q2_y_Bin_8)_(z_pT_Bin_12)_(MultiDim_z_pT_Bin_Y_bin_phi_t)[0m (Histo Num 40373)
[91mSkipping: (MultiDim_3D_Histo)_(Bayesian)_(SMEAR=Smear)_(Q2_y_Bin_8)_(z_pT_Bin_13)_(MultiDim_z_pT_Bin_Y_bin_phi_t)[0m (Histo Num 40374)
[91mSkipping: (MultiDim_3D_Histo)_(Bayesian)_(SMEAR=Smear)_(Q2_y_Bin_8)_(z_pT_Bin_14)_(MultiDim_z_pT_Bin_Y_bin_phi_t)[0m (Histo Num 40375)
[91mSkipping: (MultiDim_3D_Histo)_(Bayesian)_(SMEAR=Smear)_(Q2_y_Bin_8)_(z_pT_Bin_15)_(MultiDim_z_pT_Bin_Y_bin_phi_t)[0m (Histo Num 40376)
[91mSkipping: (MultiDim_3D_Histo)_(Bayesian)_(SMEAR=Smear)_(Q2_y_Bin_8)_(z_pT_Bin_16)_(MultiDim_z_pT_Bin_Y_bin_phi_t)[0m (Histo Num 40377)
[91mSkipping: (MultiDim_3D_Histo)_(Bayesian)_(SMEAR=Smear)_(Q2_y_Bin_8)_(z_pT_Bin_17)_(MultiDim_z_pT_Bin_Y_bin_phi_t)[0m (Histo Num 40378)
[91mSkipping: (MultiDim_3D_Histo)_(Bayesian)_(SMEAR=Smear)_(Q2_y_Bin_8)_(z_pT_Bin_18)_(MultiDim_z_pT_Bin_Y_bin_phi_t)[0m (Histo Num 40379)
[91mSkipping: (MultiDim_3D_Histo)_(Bayesian)_(SMEAR=Smear)_(Q2_y_Bin_8)_(z_pT_Bin_19)_(MultiDim_z_pT_Bin_Y_bin_phi_t)[0m (Histo Num 40380)
[91mSkipping: (MultiDim_3D_Histo)_(Bayesian)_(SMEAR=Smear)_(Q2_y_Bin_8)_(z_pT_Bin_20)_(MultiDim_z_pT_Bin_Y_bin_phi_t)[0m (Histo Num 40381)
[91mSkipping: (MultiDim_3D_Histo)_(Bayesian)_(SMEAR=Smear)_(Q2_y_Bin_8)_(z_pT_Bin_21)_(MultiDim_z_pT_Bin_Y_bin_phi_t)[0m (Histo Num 40382)
[91mSkipping: (MultiDim_3D_Histo)_(Bayesian)_(SMEAR=Smear)_(Q2_y_Bin_8)_(z_pT_Bin_22)_(MultiDim_z_pT_Bin_Y_bin_phi_t)[0m (Histo Num 40383)
[91mSkipping: (MultiDim_3D_Histo)_(Bayesian)_(SMEAR=Smear)_(Q2_y_Bin_8)_(z_pT_Bin_23)_(MultiDim_z_pT_Bin_Y_bin_phi_t)[0m (Histo Num 40384)
[91mSkipping: (MultiDim_3D_Histo)_(Bayesian)_(SMEAR=Smear)_(Q2_y_Bin_8)_(z_pT_Bin_24)_(MultiDim_z_pT_Bin_Y_bin_phi_t)[0m (Histo Num 40385)
[91mSkipping: (MultiDim_3D_Histo)_(Bayesian)_(SMEAR=Smear)_(Q2_y_Bin_8)_(z_pT_Bin_25)_(MultiDim_z_pT_Bin_Y_bin_phi_t)[0m (Histo Num 40386)
[91mSkipping: (MultiDim_3D_Histo)_(Bayesian)_(SMEAR=Smear)_(Q2_y_Bin_8)_(z_pT_Bin_26)_(MultiDim_z_pT_Bin_Y_bin_phi_t)[0m (Histo Num 40387)
[91mSkipping: (MultiDim_3D_Histo)_(Bayesian)_(SMEAR=Smear)_(Q2_y_Bin_8)_(z_pT_Bin_27)_(MultiDim_z_pT_Bin_Y_bin_phi_t)[0m (Histo Num 40388)
[91mSkipping: (MultiDim_3D_Histo)_(Bayesian)_(SMEAR=Smear)_(Q2_y_Bin_8)_(z_pT_Bin_28)_(MultiDim_z_pT_Bin_Y_bin_phi_t)[0m (Histo Num 40389)
[91mSkipping: (MultiDim_3D_Histo)_(Bayesian)_(SMEAR=Smear)_(Q2_y_Bin_8)_(z_pT_Bin_29)_(MultiDim_z_pT_Bin_Y_bin_phi_t)[0m (Histo Num 40390)
[91mSkipping: (MultiDim_3D_Histo)_(Bayesian)_(SMEAR=Smear)_(Q2_y_Bin_8)_(z_pT_Bin_30)_(MultiDim_z_pT_Bin_Y_bin_phi_t)[0m (Histo Num 40391)
[91mSkipping: (MultiDim_3D_Histo)_(Bayesian)_(SMEAR=Smear)_(Q2_y_Bin_8)_(z_pT_Bin_31)_(MultiDim_z_pT_Bin_Y_bin_phi_t)[0m (Histo Num 40392)
[91mSkipping: (MultiDim_3D_Histo)_(Bayesian)_(SMEAR=Smear)_(Q2_y_Bin_8)_(z_pT_Bin_32)_(MultiDim_z_pT_Bin_Y_bin_phi_t)[0m (Histo Num 40393)
[91mSkipping: (MultiDim_3D_Histo)_(Bayesian)_(SMEAR=Smear)_(Q2_y_Bin_8)_(z_pT_Bin_33)_(MultiDim_z_pT_Bin_Y_bin_phi_t)[0m (Histo Num 40394)
[91mSkipping: (MultiDim_3D_Histo)_(Bayesian)_(SMEAR=Smear)_(Q2_y_Bin_8)_(z_pT_Bin_34)_(MultiDim_z_pT_Bin_Y_bin_phi_t)[0m (Histo Num 40395)
[91mSkipping: (MultiDim_3D_Histo)_(Bayesian)_(SMEAR=Smear)_(Q2_y_Bin_1)_(z_pT_Bin_1)_(MultiDim_z_pT_Bin_Y_bin_phi_t)[0m (Histo Num 40429)
[91mSkipping: (MultiDim_3D_Histo)_(Bayesian)_(SMEAR=Smear)_(Q2_y_Bin_1)_(z_pT_Bin_2)_(MultiDim_z_pT_Bin_Y_bin_phi_t)[0m (Histo Num 40430)
[91mSkipping: (MultiDim_3D_Histo)_(Bayesian)_(SMEAR=Smear)_(Q2_y_Bin_1)_(z_pT_Bin_3)_(MultiDim_z_pT_Bin_Y_bin_phi_t)[0m (Histo Num 40431)
[91mSkipping: (MultiDim_3D_Histo)_(Bayesian)_(SMEAR=Smear)_(Q2_y_Bin_1)_(z_pT_Bin_4)_(MultiDim_z_pT_Bin_Y_bin_phi_t)[0m (Histo Num 40432)
[91mSkipping: (MultiDim_3D_Histo)_(Bayesian)_(SMEAR=Smear)_(Q2_y_Bin_1)_(z_pT_Bin_5)_(MultiDim_z_pT_Bin_Y_bin_phi_t)[0m (Histo Num 40433)
[91mSkipping: (MultiDim_3D_Histo)_(Bayesian)_(SMEAR=Smear)_(Q2_y_Bin_1)_(z_pT_Bin_6)_(MultiDim_z_pT_Bin_Y_bin_phi_t)[0m (Histo Num 40434)
[91mSkipping: (MultiDim_3D_Histo)_(Bayesian)_(SMEAR=Smear)_(Q2_y_Bin_1)_(z_pT_Bin_7)_(MultiDim_z_pT_Bin_Y_bin_phi_t)[0m (Histo Num 40435)
[91mSkipping: (MultiDim_3D_Histo)_(Bayesian)_(SMEAR=Smear)_(Q2_y_Bin_1)_(z_pT_Bin_8)_(MultiDim_z_pT_Bin_Y_bin_phi_t)[0m (Histo Num 40436)
[91mSkipping: (MultiDim_3D_Histo)_(Bayesian)_(SMEAR=Smear)_(Q2_y_Bin_1)_(z_pT_Bin_9)_(MultiDim_z_pT_Bin_Y_bin_phi_t)[0m (Histo Num 40437)
[91mSkipping: (MultiDim_3D_Histo)_(Bayesian)_(SMEAR=Smear)_(Q2_y_Bin_1)_(z_pT_Bin_10)_(MultiDim_z_pT_Bin_Y_bin_phi_t)[0m (Histo Num 40438)
[91mSkipping: (MultiDim_3D_Histo)_(Bayesian)_(SMEAR=Smear)_(Q2_y_Bin_1)_(z_pT_Bin_11)_(MultiDim_z_pT_Bin_Y_bin_phi_t)[0m (Histo Num 40439)
[91mSkipping: (MultiDim_3D_Histo)_(Bayesian)_(SMEAR=Smear)_(Q2_y_Bin_1)_(z_pT_Bin_12)_(MultiDim_z_pT_Bin_Y_bin_phi_t)[0m (Histo Num 40440)
[91mSkipping: (MultiDim_3D_Histo)_(Bayesian)_(SMEAR=Smear)_(Q2_y_Bin_1)_(z_pT_Bin_13)_(MultiDim_z_pT_Bin_Y_bin_phi_t)[0m (Histo Num 40441)
[91mSkipping: (MultiDim_3D_Histo)_(Bayesian)_(SMEAR=Smear)_(Q2_y_Bin_1)_(z_pT_Bin_14)_(MultiDim_z_pT_Bin_Y_bin_phi_t)[0m (Histo Num 40442)
[91mSkipping: (MultiDim_3D_Histo)_(Bayesian)_(SMEAR=Smear)_(Q2_y_Bin_1)_(z_pT_Bin_15)_(MultiDim_z_pT_Bin_Y_bin_phi_t)[0m (Histo Num 40443)
[91mSkipping: (MultiDim_3D_Histo)_(Bayesian)_(SMEAR=Smear)_(Q2_y_Bin_1)_(z_pT_Bin_16)_(MultiDim_z_pT_Bin_Y_bin_phi_t)[0m (Histo Num 40444)
[91mSkipping: (MultiDim_3D_Histo)_(Bayesian)_(SMEAR=Smear)_(Q2_y_Bin_1)_(z_pT_Bin_17)_(MultiDim_z_pT_Bin_Y_bin_phi_t)[0m (Histo Num 40445)
[91mSkipping: (MultiDim_3D_Histo)_(Bayesian)_(SMEAR=Smear)_(Q2_y_Bin_1)_(z_pT_Bin_18)_(MultiDim_z_pT_Bin_Y_bin_phi_t)[0m (Histo Num 40446)
[91mSkipping: (MultiDim_3D_Histo)_(Bayesian)_(SMEAR=Smear)_(Q2_y_Bin_1)_(z_pT_Bin_19)_(MultiDim_z_pT_Bin_Y_bin_phi_t)[0m (Histo Num 40447)
[91mSkipping: (MultiDim_3D_Histo)_(Bayesian)_(SMEAR=Smear)_(Q2_y_Bin_1)_(z_pT_Bin_20)_(MultiDim_z_pT_Bin_Y_bin_phi_t)[0m (Histo Num 40448)
[91mSkipping: (MultiDim_3D_Histo)_(Bayesian)_(SMEAR=Smear)_(Q2_y_Bin_1)_(z_pT_Bin_22)_(MultiDim_z_pT_Bin_Y_bin_phi_t)[0m (Histo Num 40449)
[91mSkipping: (MultiDim_3D_Histo)_(Bayesian)_(SMEAR=Smear)_(Q2_y_Bin_1)_(z_pT_Bin_23)_(MultiDim_z_pT_Bin_Y_bin_phi_t)[0m (Histo Num 40450)
[91mSkipping: (MultiDim_3D_Histo)_(Bayesian)_(SMEAR=Smear)_(Q2_y_Bin_1)_(z_pT_Bin_24)_(MultiDim_z_pT_Bin_Y_bin_phi_t)[0m (Histo Num 40451)
[91mSkipping: (MultiDim_3D_Histo)_(Bayesian)_(SMEAR=Smear)_(Q2_y_Bin_1)_(z_pT_Bin_25)_(MultiDim_z_pT_Bin_Y_bin_phi_t)[0m (Histo Num 40452)
[91mSkipping: (MultiDim_3D_Histo)_(Bayesian)_(SMEAR=Smear)_(Q2_y_Bin_1)_(z_pT_Bin_26)_(MultiDim_z_pT_Bin_Y_bin_phi_t)[0m (Histo Num 40453)
[91mSkipping: (MultiDim_3D_Histo)_(Bayesian)_(SMEAR=Smear)_(Q2_y_Bin_1)_(z_pT_Bin_29)_(MultiDim_z_pT_Bin_Y_bin_phi_t)[0m (Histo Num 40454)
[91mSkipping: (MultiDim_3D_Histo)_(Bayesian)_(SMEAR=Smear)_(Q2_y_Bin_1)_(z_pT_Bin_30)_(MultiDim_z_pT_Bin_Y_bin_phi_t)[0m (Histo Num 40455)
[91mSkipping: (MultiDim_3D_Histo)_(Bayesian)_(SMEAR=Smear)_(Q2_y_Bin_1)_(z_pT_Bin_31)_(MultiDim_z_pT_Bin_Y_bin_phi_t)[0m (Histo Num 40456)
[91mSkipping: (MultiDim_3D_Histo)_(Bayesian)_(SMEAR=Smear)_(Q2_y_Bin_1)_(z_pT_Bin_32)_(MultiDim_z_pT_Bin_Y_bin_phi_t)[0m (Histo Num 40457)
[91mSkipping: (MultiDim_3D_Histo)_(Bayesian)_(SMEAR=Smear)_(Q2_y_Bin_5)_(z_pT_Bin_1)_(MultiDim_z_pT_Bin_Y_bin_phi_t)[0m (Histo Num 40494)
[91mSkipping: (MultiDim_3D_Histo)_(Bayesian)_(SMEAR=Smear)_(Q2_y_Bin_5)_(z_pT_Bin_2)_(MultiDim_z_pT_Bin_Y_bin_phi_t)[0m (Histo Num 40495)
[91mSkipping: (MultiDim_3D_Histo)_(Bayesian)_(SMEAR=Smear)_(Q2_y_Bin_5)_(z_pT_Bin_3)_(MultiDim_z_pT_Bin_Y_bin_phi_t)[0m (Histo Num 40496)
[91mSkipping: (MultiDim_3D_Histo)_(Bayesian)_(SMEAR=Smear)_(Q2_y_Bin_5)_(z_pT_Bin_4)_(MultiDim_z_pT_Bin_Y_bin_phi_t)[0m (Histo Num 40497)
[91mSkipping: (MultiDim_3D_Histo)_(Bayesian)_(SMEAR=Smear)_(Q2_y_Bin_5)_(z_pT_Bin_5)_(MultiDim_z_pT_Bin_Y_bin_phi_t)[0m (Histo Num 40498)
[91mSkipping: (MultiDim_3D_Histo)_(Bayesian)_(SMEAR=Smear)_(Q2_y_Bin_5)_(z_pT_Bin_6)_(MultiDim_z_pT_Bin_Y_bin_phi_t)[0m (Histo Num 40499)
[91mSkipping: (MultiDim_3D_Histo)_(Bayesian)_(SMEAR=Smear)_(Q2_y_Bin_5)_(z_pT_Bin_7)_(MultiDim_z_pT_Bin_Y_bin_phi_t)[0m (Histo Num 40500)
[91mSkipping: (MultiDim_3D_Histo)_(Bayesian)_(SMEAR=Smear)_(Q2_y_Bin_5)_(z_pT_Bin_8)_(MultiDim_z_pT_Bin_Y_bin_phi_t)[0m (Histo Num 40501)
[91mSkipping: (MultiDim_3D_Histo)_(Bayesian)_(SMEAR=Smear)_(Q2_y_Bin_5)_(z_pT_Bin_9)_(MultiDim_z_pT_Bin_Y_bin_phi_t)[0m (Histo Num 40502)
[91mSkipping: (MultiDim_3D_Histo)_(Bayesian)_(SMEAR=Smear)_(Q2_y_Bin_5)_(z_pT_Bin_10)_(MultiDim_z_pT_Bin_Y_bin_phi_t)[0m (Histo Num 40503)
[91mSkipping: (MultiDim_3D_Histo)_(Bayesian)_(SMEAR=Smear)_(Q2_y_Bin_5)_(z_pT_Bin_11)_(MultiDim_z_pT_Bin_Y_bin_phi_t)[0m (Histo Num 40504)
[91mSkipping: (MultiDim_3D_Histo)_(Bayesian)_(SMEAR=Smear)_(Q2_y_Bin_5)_(z_pT_Bin_12)_(MultiDim_z_pT_Bin_Y_bin_phi_t)[0m (Histo Num 40505)
[91mSkipping: (MultiDim_3D_Histo)_(Bayesian)_(SMEAR=Smear)_(Q2_y_Bin_5)_(z_pT_Bin_13)_(MultiDim_z_pT_Bin_Y_bin_phi_t)[0m (Histo Num 40506)
[91mSkipping: (MultiDim_3D_Histo)_(Bayesian)_(SMEAR=Smear)_(Q2_y_Bin_5)_(z_pT_Bin_14)_(MultiDim_z_pT_Bin_Y_bin_phi_t)[0m (Histo Num 40507)
[91mSkipping: (MultiDim_3D_Histo)_(Bayesian)_(SMEAR=Smear)_(Q2_y_Bin_5)_(z_pT_Bin_15)_(MultiDim_z_pT_Bin_Y_bin_phi_t)[0m (Histo Num 40508)
[91mSkipping: (MultiDim_3D_Histo)_(Bayesian)_(SMEAR=Smear)_(Q2_y_Bin_5)_(z_pT_Bin_16)_(MultiDim_z_pT_Bin_Y_bin_phi_t)[0m (Histo Num 40509)
[91mSkipping: (MultiDim_3D_Histo)_(Bayesian)_(SMEAR=Smear)_(Q2_y_Bin_5)_(z_pT_Bin_17)_(MultiDim_z_pT_Bin_Y_bin_phi_t)[0m (Histo Num 40510)
[91mSkipping: (MultiDim_3D_Histo)_(Bayesian)_(SMEAR=Smear)_(Q2_y_Bin_5)_(z_pT_Bin_18)_(MultiDim_z_pT_Bin_Y_bin_phi_t)[0m (Histo Num 40511)
[91mSkipping: (MultiDim_3D_Histo)_(Bayesian)_(SMEAR=Smear)_(Q2_y_Bin_5)_(z_pT_Bin_19)_(MultiDim_z_pT_Bin_Y_bin_phi_t)[0m (Histo Num 40512)
[91mSkipping: (MultiDim_3D_Histo)_(Bayesian)_(SMEAR=Smear)_(Q2_y_Bin_5)_(z_pT_Bin_20)_(MultiDim_z_pT_Bin_Y_bin_phi_t)[0m (Histo Num 40513)
[91mSkipping: (MultiDim_3D_Histo)_(Bayesian)_(SMEAR=Smear)_(Q2_y_Bin_5)_(z_pT_Bin_21)_(MultiDim_z_pT_Bin_Y_bin_phi_t)[0m (Histo Num 40514)
[91mSkipping: (MultiDim_3D_Histo)_(Bayesian)_(SMEAR=Smear)_(Q2_y_Bin_5)_(z_pT_Bin_22)_(MultiDim_z_pT_Bin_Y_bin_phi_t)[0m (Histo Num 40515)
[91mSkipping: (MultiDim_3D_Histo)_(Bayesian)_(SMEAR=Smear)_(Q2_y_Bin_5)_(z_pT_Bin_23)_(MultiDim_z_pT_Bin_Y_bin_phi_t)[0m (Histo Num 40516)
[91mSkipping: (MultiDim_3D_Histo)_(Bayesian)_(SMEAR=Smear)_(Q2_y_Bin_5)_(z_pT_Bin_25)_(MultiDim_z_pT_Bin_Y_bin_phi_t)[0m (Histo Num 40517)
[91mSkipping: (MultiDim_3D_Histo)_(Bayesian)_(SMEAR=Smear)_(Q2_y_Bin_5)_(z_pT_Bin_26)_(MultiDim_z_pT_Bin_Y_bin_phi_t)[0m (Histo Num 40518)
[91mSkipping: (MultiDim_3D_Histo)_(Bayesian)_(SMEAR=Smear)_(Q2_y_Bin_5)_(z_pT_Bin_27)_(MultiDim_z_pT_Bin_Y_bin_phi_t)[0m (Histo Num 40519)
[91mSkipping: (MultiDim_3D_Histo)_(Bayesian)_(SMEAR=Smear)_(Q2_y_Bin_5)_(z_pT_Bin_28)_(MultiDim_z_pT_Bin_Y_bin_phi_t)[0m (Histo Num 40520)
[91mSkipping: (MultiDim_3D_Histo)_(Bayesian)_(SMEAR=Smear)_(Q2_y_Bin_5)_(z_pT_Bin_29)_(MultiDim_z_pT_Bin_Y_bin_phi_t)[0m (Histo Num 40521)
[91mSkipping: (MultiDim_3D_Histo)_(Bayesian)_(SMEAR=Smear)_(Q2_y_Bin_5)_(z_pT_Bin_31)_(MultiDim_z_pT_Bin_Y_bin_phi_t)[0m (Histo Num 40522)
[91mSkipping: (MultiDim_3D_Histo)_(Bayesian)_(SMEAR=Smear)_(Q2_y_Bin_5)_(z_pT_Bin_32)_(MultiDim_z_pT_Bin_Y_bin_phi_t)[0m (Histo Num 40523)
[91mSkipping: (MultiDim_3D_Histo)_(Bayesian)_(SMEAR=Smear)_(Q2_y_Bin_5)_(z_pT_Bin_33)_(MultiDim_z_pT_Bin_Y_bin_phi_t)[0m (Histo Num 40524)
[91mSkipping: (MultiDim_3D_Histo)_(Bayesian)_(SMEAR=Smear)_(Q2_y_Bin_5)_(z_pT_Bin_34)_(MultiDim_z_pT_Bin_Y_bin_phi_t)[0m (Histo Num 40525)
[91mSkipping: (MultiDim_3D_Histo)_(Bayesian)_(SMEAR=Smear)_(Q2_y_Bin_10)_(z_pT_Bin_1)_(MultiDim_z_pT_Bin_Y_bin_phi_t)[0m (Histo Num 40562)
[91mSkipping: (MultiDim_3D_Histo)_(Bayesian)_(SMEAR=Smear)_(Q2_y_Bin_10)_(z_pT_Bin_2)_(MultiDim_z_pT_Bin_Y_bin_phi_t)[0m (Histo Num 40563)
[91mSkipping: (MultiDim_3D_Histo)_(Bayesian)_(SMEAR=Smear)_(Q2_y_Bin_10)_(z_pT_Bin_3)_(MultiDim_z_pT_Bin_Y_bin_phi_t)[0m (Histo Num 40564)
[91mSkipping: (MultiDim_3D_Histo)_(Bayesian)_(SMEAR=Smear)_(Q2_y_Bin_10)_(z_pT_Bin_4)_(MultiDim_z_pT_Bin_Y_bin_phi_t)[0m (Histo Num 40565)
[91mSkipping: (MultiDim_3D_Histo)_(Bayesian)_(SMEAR=Smear)_(Q2_y_Bin_10)_(z_pT_Bin_5)_(MultiDim_z_pT_Bin_Y_bin_phi_t)[0m (Histo Num 40566)
[91mSkipping: (MultiDim_3D_Histo)_(Bayesian)_(SMEAR=Smear)_(Q2_y_Bin_10)_(z_pT_Bin_6)_(MultiDim_z_pT_Bin_Y_bin_phi_t)[0m (Histo Num 40567)
[91mSkipping: (MultiDim_3D_Histo)_(Bayesian)_(SMEAR=Smear)_(Q2_y_Bin_10)_(z_pT_Bin_7)_(MultiDim_z_pT_Bin_Y_bin_phi_t)[0m (Histo Num 40568)
[91mSkipping: (MultiDim_3D_Histo)_(Bayesian)_(SMEAR=Smear)_(Q2_y_Bin_10)_(z_pT_Bin_8)_(MultiDim_z_pT_Bin_Y_bin_phi_t)[0m (Histo Num 40569)
[91mSkipping: (MultiDim_3D_Histo)_(Bayesian)_(SMEAR=Smear)_(Q2_y_Bin_10)_(z_pT_Bin_9)_(MultiDim_z_pT_Bin_Y_bin_phi_t)[0m (Histo Num 40570)
[91mSkipping: (MultiDim_3D_Histo)_(Bayesian)_(SMEAR=Smear)_(Q2_y_Bin_10)_(z_pT_Bin_10)_(MultiDim_z_pT_Bin_Y_bin_phi_t)[0m (Histo Num 40571)
[91mSkipping: (MultiDim_3D_Histo)_(Bayesian)_(SMEAR=Smear)_(Q2_y_Bin_10)_(z_pT_Bin_11)_(MultiDim_z_pT_Bin_Y_bin_phi_t)[0m (Histo Num 40572)
[91mSkipping: (MultiDim_3D_Histo)_(Bayesian)_(SMEAR=Smear)_(Q2_y_Bin_10)_(z_pT_Bin_12)_(MultiDim_z_pT_Bin_Y_bin_phi_t)[0m (Histo Num 40573)
[91mSkipping: (MultiDim_3D_Histo)_(Bayesian)_(SMEAR=Smear)_(Q2_y_Bin_10)_(z_pT_Bin_13)_(MultiDim_z_pT_Bin_Y_bin_phi_t)[0m (Histo Num 40574)
[91mSkipping: (MultiDim_3D_Histo)_(Bayesian)_(SMEAR=Smear)_(Q2_y_Bin_10)_(z_pT_Bin_14)_(MultiDim_z_pT_Bin_Y_bin_phi_t)[0m (Histo Num 40575)
[91mSkipping: (MultiDim_3D_Histo)_(Bayesian)_(SMEAR=Smear)_(Q2_y_Bin_10)_(z_pT_Bin_15)_(MultiDim_z_pT_Bin_Y_bin_phi_t)[0m (Histo Num 40576)
[91mSkipping: (MultiDim_3D_Histo)_(Bayesian)_(SMEAR=Smear)_(Q2_y_Bin_10)_(z_pT_Bin_16)_(MultiDim_z_pT_Bin_Y_bin_phi_t)[0m (Histo Num 40577)
[91mSkipping: (MultiDim_3D_Histo)_(Bayesian)_(SMEAR=Smear)_(Q2_y_Bin_10)_(z_pT_Bin_17)_(MultiDim_z_pT_Bin_Y_bin_phi_t)[0m (Histo Num 40578)
[91mSkipping: (MultiDim_3D_Histo)_(Bayesian)_(SMEAR=Smear)_(Q2_y_Bin_10)_(z_pT_Bin_18)_(MultiDim_z_pT_Bin_Y_bin_phi_t)[0m (Histo Num 40579)
[91mSkipping: (MultiDim_3D_Histo)_(Bayesian)_(SMEAR=Smear)_(Q2_y_Bin_10)_(z_pT_Bin_19)_(MultiDim_z_pT_Bin_Y_bin_phi_t)[0m (Histo Num 40580)
[91mSkipping: (MultiDim_3D_Histo)_(Bayesian)_(SMEAR=Smear)_(Q2_y_Bin_10)_(z_pT_Bin_20)_(MultiDim_z_pT_Bin_Y_bin_phi_t)[0m (Histo Num 40581)
[91mSkipping: (MultiDim_3D_Histo)_(Bayesian)_(SMEAR=Smear)_(Q2_y_Bin_10)_(z_pT_Bin_21)_(MultiDim_z_pT_Bin_Y_bin_phi_t)[0m (Histo Num 40582)
[91mSkipping: (MultiDim_3D_Histo)_(Bayesian)_(SMEAR=Smear)_(Q2_y_Bin_10)_(z_pT_Bin_22)_(MultiDim_z_pT_Bin_Y_bin_phi_t)[0m (Histo Num 40583)
[91mSkipping: (MultiDim_3D_Histo)_(Bayesian)_(SMEAR=Smear)_(Q2_y_Bin_10)_(z_pT_Bin_23)_(MultiDim_z_pT_Bin_Y_bin_phi_t)[0m (Histo Num 40584)
[91mSkipping: (MultiDim_3D_Histo)_(Bayesian)_(SMEAR=Smear)_(Q2_y_Bin_10)_(z_pT_Bin_25)_(MultiDim_z_pT_Bin_Y_bin_phi_t)[0m (Histo Num 40585)
[91mSkipping: (MultiDim_3D_Histo)_(Bayesian)_(SMEAR=Smear)_(Q2_y_Bin_10)_(z_pT_Bin_26)_(MultiDim_z_pT_Bin_Y_bin_phi_t)[0m (Histo Num 40586)
[91mSkipping: (MultiDim_3D_Histo)_(Bayesian)_(SMEAR=Smear)_(Q2_y_Bin_10)_(z_pT_Bin_27)_(MultiDim_z_pT_Bin_Y_bin_phi_t)[0m (Histo Num 40587)
[91mSkipping: (MultiDim_3D_Histo)_(Bayesian)_(SMEAR=Smear)_(Q2_y_Bin_10)_(z_pT_Bin_28)_(MultiDim_z_pT_Bin_Y_bin_phi_t)[0m (Histo Num 40588)
[91mSkipping: (MultiDim_3D_Histo)_(Bayesian)_(SMEAR=Smear)_(Q2_y_Bin_10)_(z_pT_Bin_29)_(MultiDim_z_pT_Bin_Y_bin_phi_t)[0m (Histo Num 40589)
[91mSkipping: (MultiDim_3D_Histo)_(Bayesian)_(SMEAR=Smear)_(Q2_y_Bin_10)_(z_pT_Bin_31)_(MultiDim_z_pT_Bin_Y_bin_phi_t)[0m (Histo Num 40590)
[91mSkipping: (MultiDim_3D_Histo)_(Bayesian)_(SMEAR=Smear)_(Q2_y_Bin_10)_(z_pT_Bin_32)_(MultiDim_z_pT_Bin_Y_bin_phi_t)[0m (Histo Num 40591)
[91mSkipping: (MultiDim_3D_Histo)_(Bayesian)_(SMEAR=Smear)_(Q2_y_Bin_10)_(z_pT_Bin_33)_(MultiDim_z_pT_Bin_Y_bin_phi_t)[0m (Histo Num 40592)
[91mSkipping: (MultiDim_3D_Histo)_(Bayesian)_(SMEAR=Smear)_(Q2_y_Bin_10)_(z_pT_Bin_34)_(MultiDim_z_pT_Bin_Y_bin_phi_t)[0m (Histo Num 40593)
[91mSkipping: (MultiDim_3D_Histo)_(Bayesian)_(SMEAR=Smear)_(Q2_y_Bin_7)_(z_pT_Bin_1)_(MultiDim_z_pT_Bin_Y_bin_phi_t)[0m (Histo Num 40631)
[91mSkipping: (MultiDim_3D_Histo)_(Bayesian)_(SMEAR=Smear)_(Q2_y_Bin_7)_(z_pT_Bin_2)_(MultiDim_z_pT_Bin_Y_bin_phi_t)[0m (Histo Num 40632)
[91mSkipping: (MultiDim_3D_Histo)_(Bayesian)_(SMEAR=Smear)_(Q2_y_Bin_7)_(z_pT_Bin_3)_(MultiDim_z_pT_Bin_Y_bin_phi_t)[0m (Histo Num 40633)
[91mSkipping: (MultiDim_3D_Histo)_(Bayesian)_(SMEAR=Smear)_(Q2_y_Bin_7)_(z_pT_Bin_4)_(MultiDim_z_pT_Bin_Y_bin_phi_t)[0m (Histo Num 40634)
[91mSkipping: (MultiDim_3D_Histo)_(Bayesian)_(SMEAR=Smear)_(Q2_y_Bin_7)_(z_pT_Bin_5)_(MultiDim_z_pT_Bin_Y_bin_phi_t)[0m (Histo Num 40635)
[91mSkipping: (MultiDim_3D_Histo)_(Bayesian)_(SMEAR=Smear)_(Q2_y_Bin_7)_(z_pT_Bin_7)_(MultiDim_z_pT_Bin_Y_bin_phi_t)[0m (Histo Num 40636)
[91mSkipping: (MultiDim_3D_Histo)_(Bayesian)_(SMEAR=Smear)_(Q2_y_Bin_7)_(z_pT_Bin_8)_(MultiDim_z_pT_Bin_Y_bin_phi_t)[0m (Histo Num 40637)
[91mSkipping: (MultiDim_3D_Histo)_(Bayesian)_(SMEAR=Smear)_(Q2_y_Bin_7)_(z_pT_Bin_9)_(MultiDim_z_pT_Bin_Y_bin_phi_t)[0m (Histo Num 40638)
[91mSkipping: (MultiDim_3D_Histo)_(Bayesian)_(SMEAR=Smear)_(Q2_y_Bin_7)_(z_pT_Bin_10)_(MultiDim_z_pT_Bin_Y_bin_phi_t)[0m (Histo Num 40639)
[91mSkipping: (MultiDim_3D_Histo)_(Bayesian)_(SMEAR=Smear)_(Q2_y_Bin_7)_(z_pT_Bin_11)_(MultiDim_z_pT_Bin_Y_bin_phi_t)[0m (Histo Num 40640)
[91mSkipping: (MultiDim_3D_Histo)_(Bayesian)_(SMEAR=Smear)_(Q2_y_Bin_7)_(z_pT_Bin_12)_(MultiDim_z_pT_Bin_Y_bin_phi_t)[0m (Histo Num 40641)
[91mSkipping: (MultiDim_3D_Histo)_(Bayesian)_(SMEAR=Smear)_(Q2_y_Bin_7)_(z_pT_Bin_13)_(MultiDim_z_pT_Bin_Y_bin_phi_t)[0m (Histo Num 40642)
[91mSkipping: (MultiDim_3D_Histo)_(Bayesian)_(SMEAR=Smear)_(Q2_y_Bin_7)_(z_pT_Bin_14)_(MultiDim_z_pT_Bin_Y_bin_phi_t)[0m (Histo Num 40643)
[91mSkipping: (MultiDim_3D_Histo)_(Bayesian)_(SMEAR=Smear)_(Q2_y_Bin_7)_(z_pT_Bin_15)_(MultiDim_z_pT_Bin_Y_bin_phi_t)[0m (Histo Num 40644)
[91mSkipping: (MultiDim_3D_Histo)_(Bayesian)_(SMEAR=Smear)_(Q2_y_Bin_7)_(z_pT_Bin_16)_(MultiDim_z_pT_Bin_Y_bin_phi_t)[0m (Histo Num 40645)
[91mSkipping: (MultiDim_3D_Histo)_(Bayesian)_(SMEAR=Smear)_(Q2_y_Bin_7)_(z_pT_Bin_17)_(MultiDim_z_pT_Bin_Y_bin_phi_t)[0m (Histo Num 40646)
[91mSkipping: (MultiDim_3D_Histo)_(Bayesian)_(SMEAR=Smear)_(Q2_y_Bin_7)_(z_pT_Bin_18)_(MultiDim_z_pT_Bin_Y_bin_phi_t)[0m (Histo Num 40647)
[91mSkipping: (MultiDim_3D_Histo)_(Bayesian)_(SMEAR=Smear)_(Q2_y_Bin_7)_(z_pT_Bin_19)_(MultiDim_z_pT_Bin_Y_bin_phi_t)[0m (Histo Num 40648)
[91mSkipping: (MultiDim_3D_Histo)_(Bayesian)_(SMEAR=Smear)_(Q2_y_Bin_7)_(z_pT_Bin_20)_(MultiDim_z_pT_Bin_Y_bin_phi_t)[0m (Histo Num 40649)
[91mSkipping: (MultiDim_3D_Histo)_(Bayesian)_(SMEAR=Smear)_(Q2_y_Bin_7)_(z_pT_Bin_21)_(MultiDim_z_pT_Bin_Y_bin_phi_t)[0m (Histo Num 40650)
[91mSkipping: (MultiDim_3D_Histo)_(Bayesian)_(SMEAR=Smear)_(Q2_y_Bin_7)_(z_pT_Bin_22)_(MultiDim_z_pT_Bin_Y_bin_phi_t)[0m (Histo Num 40651)
[91mSkipping: (MultiDim_3D_Histo)_(Bayesian)_(SMEAR=Smear)_(Q2_y_Bin_7)_(z_pT_Bin_23)_(MultiDim_z_pT_Bin_Y_bin_phi_t)[0m (Histo Num 40652)
[91mSkipping: (MultiDim_3D_Histo)_(Bayesian)_(SMEAR=Smear)_(Q2_y_Bin_7)_(z_pT_Bin_24)_(MultiDim_z_pT_Bin_Y_bin_phi_t)[0m (Histo Num 40653)
[91mSkipping: (MultiDim_3D_Histo)_(Bayesian)_(SMEAR=Smear)_(Q2_y_Bin_7)_(z_pT_Bin_25)_(MultiDim_z_pT_Bin_Y_bin_phi_t)[0m (Histo Num 40654)
[91mSkipping: (MultiDim_3D_Histo)_(Bayesian)_(SMEAR=Smear)_(Q2_y_Bin_7)_(z_pT_Bin_26)_(MultiDim_z_pT_Bin_Y_bin_phi_t)[0m (Histo Num 40655)
[91mSkipping: (MultiDim_3D_Histo)_(Bayesian)_(SMEAR=Smear)_(Q2_y_Bin_7)_(z_pT_Bin_27)_(MultiDim_z_pT_Bin_Y_bin_phi_t)[0m (Histo Num 40656)
[91mSkipping: (MultiDim_3D_Histo)_(Bayesian)_(SMEAR=Smear)_(Q2_y_Bin_7)_(z_pT_Bin_28)_(MultiDim_z_pT_Bin_Y_bin_phi_t)[0m (Histo Num 40657)
[91mSkipping: (MultiDim_3D_Histo)_(Bayesian)_(SMEAR=Smear)_(Q2_y_Bin_7)_(z_pT_Bin_29)_(MultiDim_z_pT_Bin_Y_bin_phi_t)[0m (Histo Num 40658)
[91mSkipping: (MultiDim_3D_Histo)_(Bayesian)_(SMEAR=Smear)_(Q2_y_Bin_7)_(z_pT_Bin_31)_(MultiDim_z_pT_Bin_Y_bin_phi_t)[0m (Histo Num 40659)
[91mSkipping: (MultiDim_3D_Histo)_(Bayesian)_(SMEAR=Smear)_(Q2_y_Bin_7)_(z_pT_Bin_32)_(MultiDim_z_pT_Bin_Y_bin_phi_t)[0m (Histo Num 40660)
[91mSkipping: (MultiDim_3D_Histo)_(Bayesian)_(SMEAR=Smear)_(Q2_y_Bin_7)_(z_pT_Bin_33)_(MultiDim_z_pT_Bin_Y_bin_phi_t)[0m (Histo Num 40661)
[91mSkipping: (MultiDim_3D_Histo)_(Bayesian)_(SMEAR=Smear)_(Q2_y_Bin_7)_(z_pT_Bin_34)_(MultiDim_z_pT_Bin_Y_bin_phi_t)[0m (Histo Num 40662)
[91mSkipping: (MultiDim_3D_Histo)_(Bayesian)_(SMEAR=Smear)_(Q2_y_Bin_7)_(z_pT_Bin_35)_(MultiDim_z_pT_Bin_Y_bin_phi_t)[0m (Histo Num 40663)
[91mSkipping: (MultiDim_3D_Histo)_(RC_Bayesian)_(SMEAR=Smear)_(Q2_y_Bin_1)_(z_pT_Bin_1)_(MultiDim_z_pT_Bin_Y_bin_phi_t)[0m (Histo Num 43083)
[91mSkipping: (MultiDim_3D_Histo)_(RC_Bayesian)_(SMEAR=Smear)_(Q2_y_Bin_1)_(z_pT_Bin_2)_(MultiDim_z_pT_Bin_Y_bin_phi_t)[0m (Histo Num 43084)
[91mSkipping: (MultiDim_3D_Histo)_(RC_Bayesian)_(SMEAR=Smear)_(Q2_y_Bin_1)_(z_pT_Bin_3)_(MultiDim_z_pT_Bin_Y_bin_phi_t)[0m (Histo Num 43085)
[91mSkipping: (MultiDim_3D_Histo)_(RC_Bayesian)_(SMEAR=Smear)_(Q2_y_Bin_1)_(z_pT_Bin_4)_(MultiDim_z_pT_Bin_Y_bin_phi_t)[0m (Histo Num 43086)
[91mSkipping: (MultiDim_3D_Histo)_(RC_Bayesian)_(SMEAR=Smear)_(Q2_y_Bin_1)_(z_pT_Bin_5)_(MultiDim_z_pT_Bin_Y_bin_phi_t)[0m (Histo Num 43087)
[91mSkipping: (MultiDim_3D_Histo)_(RC_Bayesian)_(SMEAR=Smear)_(Q2_y_Bin_1)_(z_pT_Bin_6)_(MultiDim_z_pT_Bin_Y_bin_phi_t)[0m (Histo Num 43088)
[91mSkipping: (MultiDim_3D_Histo)_(RC_Bayesian)_(SMEAR=Smear)_(Q2_y_Bin_1)_(z_pT_Bin_7)_(MultiDim_z_pT_Bin_Y_bin_phi_t)[0m (Histo Num 43089)
[91mSkipping: (MultiDim_3D_Histo)_(RC_Bayesian)_(SMEAR=Smear)_(Q2_y_Bin_1)_(z_pT_Bin_8)_(MultiDim_z_pT_Bin_Y_bin_phi_t)[0m (Histo Num 43090)
[91mSkipping: (MultiDim_3D_Histo)_(RC_Bayesian)_(SMEAR=Smear)_(Q2_y_Bin_1)_(z_pT_Bin_9)_(MultiDim_z_pT_Bin_Y_bin_phi_t)[0m (Histo Num 43091)
[91mSkipping: (MultiDim_3D_Histo)_(RC_Bayesian)_(SMEAR=Smear)_(Q2_y_Bin_1)_(z_pT_Bin_10)_(MultiDim_z_pT_Bin_Y_bin_phi_t)[0m (Histo Num 43092)
[91mSkipping: (MultiDim_3D_Histo)_(RC_Bayesian)_(SMEAR=Smear)_(Q2_y_Bin_1)_(z_pT_Bin_11)_(MultiDim_z_pT_Bin_Y_bin_phi_t)[0m (Histo Num 43093)
[91mSkipping: (MultiDim_3D_Histo)_(RC_Bayesian)_(SMEAR=Smear)_(Q2_y_Bin_1)_(z_pT_Bin_12)_(MultiDim_z_pT_Bin_Y_bin_phi_t)[0m (Histo Num 43094)
[91mSkipping: (MultiDim_3D_Histo)_(RC_Bayesian)_(SMEAR=Smear)_(Q2_y_Bin_1)_(z_pT_Bin_13)_(MultiDim_z_pT_Bin_Y_bin_phi_t)[0m (Histo Num 43095)
[91mSkipping: (MultiDim_3D_Histo)_(RC_Bayesian)_(SMEAR=Smear)_(Q2_y_Bin_1)_(z_pT_Bin_14)_(MultiDim_z_pT_Bin_Y_bin_phi_t)[0m (Histo Num 43096)
[91mSkipping: (MultiDim_3D_Histo)_(RC_Bayesian)_(SMEAR=Smear)_(Q2_y_Bin_1)_(z_pT_Bin_15)_(MultiDim_z_pT_Bin_Y_bin_phi_t)[0m (Histo Num 43097)
[91mSkipping: (MultiDim_3D_Histo)_(RC_Bayesian)_(SMEAR=Smear)_(Q2_y_Bin_1)_(z_pT_Bin_16)_(MultiDim_z_pT_Bin_Y_bin_phi_t)[0m (Histo Num 43098)
[91mSkipping: (MultiDim_3D_Histo)_(RC_Bayesian)_(SMEAR=Smear)_(Q2_y_Bin_1)_(z_pT_Bin_17)_(MultiDim_z_pT_Bin_Y_bin_phi_t)[0m (Histo Num 43099)
[91mSkipping: (MultiDim_3D_Histo)_(RC_Bayesian)_(SMEAR=Smear)_(Q2_y_Bin_1)_(z_pT_Bin_18)_(MultiDim_z_pT_Bin_Y_bin_phi_t)[0m (Histo Num 43100)
[91mSkipping: (MultiDim_3D_Histo)_(RC_Bayesian)_(SMEAR=Smear)_(Q2_y_Bin_1)_(z_pT_Bin_19)_(MultiDim_z_pT_Bin_Y_bin_phi_t)[0m (Histo Num 43101)
[91mSkipping: (MultiDim_3D_Histo)_(RC_Bayesian)_(SMEAR=Smear)_(Q2_y_Bin_1)_(z_pT_Bin_20)_(MultiDim_z_pT_Bin_Y_bin_phi_t)[0m (Histo Num 43102)
[91mSkipping: (MultiDim_3D_Histo)_(RC_Bayesian)_(SMEAR=Smear)_(Q2_y_Bin_1)_(z_pT_Bin_22)_(MultiDim_z_pT_Bin_Y_bin_phi_t)[0m (Histo Num 43103)
[91mSkipping: (MultiDim_3D_Histo)_(RC_Bayesian)_(SMEAR=Smear)_(Q2_y_Bin_1)_(z_pT_Bin_23)_(MultiDim_z_pT_Bin_Y_bin_phi_t)[0m (Histo Num 43104)
[91mSkipping: (MultiDim_3D_Histo)_(RC_Bayesian)_(SMEAR=Smear)_(Q2_y_Bin_1)_(z_pT_Bin_24)_(MultiDim_z_pT_Bin_Y_bin_phi_t)[0m (Histo Num 43105)
[91mSkipping: (MultiDim_3D_Histo)_(RC_Bayesian)_(SMEAR=Smear)_(Q2_y_Bin_1)_(z_pT_Bin_25)_(MultiDim_z_pT_Bin_Y_bin_phi_t)[0m (Histo Num 43106)
[91mSkipping: (MultiDim_3D_Histo)_(RC_Bayesian)_(SMEAR=Smear)_(Q2_y_Bin_1)_(z_pT_Bin_26)_(MultiDim_z_pT_Bin_Y_bin_phi_t)[0m (Histo Num 43107)
[91mSkipping: (MultiDim_3D_Histo)_(RC_Bayesian)_(SMEAR=Smear)_(Q2_y_Bin_1)_(z_pT_Bin_29)_(MultiDim_z_pT_Bin_Y_bin_phi_t)[0m (Histo Num 43108)
[91mSkipping: (MultiDim_3D_Histo)_(RC_Bayesian)_(SMEAR=Smear)_(Q2_y_Bin_1)_(z_pT_Bin_30)_(MultiDim_z_pT_Bin_Y_bin_phi_t)[0m (Histo Num 43109)
[91mSkipping: (MultiDim_3D_Histo)_(RC_Bayesian)_(SMEAR=Smear)_(Q2_y_Bin_1)_(z_pT_Bin_31)_(MultiDim_z_pT_Bin_Y_bin_phi_t)[0m (Histo Num 43110)
[91mSkipping: (MultiDim_3D_Histo)_(RC_Bayesian)_(SMEAR=Smear)_(Q2_y_Bin_1)_(z_pT_Bin_32)_(MultiDim_z_pT_Bin_Y_bin_phi_t)[0m (Histo Num 43111)
[91mSkipping: (MultiDim_3D_Histo)_(RC_Bayesian)_(SMEAR=Smear)_(Q2_y_Bin_2)_(z_pT_Bin_1)_(MultiDim_z_pT_Bin_Y_bin_phi_t)[0m (Histo Num 43113)
[91mSkipping: (MultiDim_3D_Histo)_(RC_Bayesian)_(SMEAR=Smear)_(Q2_y_Bin_2)_(z_pT_Bin_2)_(MultiDim_z_pT_Bin_Y_bin_phi_t)[0m (Histo Num 43114)
[91mSkipping: (MultiDim_3D_Histo)_(RC_Bayesian)_(SMEAR=Smear)_(Q2_y_Bin_2)_(z_pT_Bin_3)_(MultiDim_z_pT_Bin_Y_bin_phi_t)[0m (Histo Num 43115)
[91mSkipping: (MultiDim_3D_Histo)_(RC_Bayesian)_(SMEAR=Smear)_(Q2_y_Bin_2)_(z_pT_Bin_4)_(MultiDim_z_pT_Bin_Y_bin_phi_t)[0m (Histo Num 43116)
[91mSkipping: (MultiDim_3D_Histo)_(RC_Bayesian)_(SMEAR=Smear)_(Q2_y_Bin_2)_(z_pT_Bin_5)_(MultiDim_z_pT_Bin_Y_bin_phi_t)[0m (Histo Num 43117)
[91mSkipping: (MultiDim_3D_Histo)_(RC_Bayesian)_(SMEAR=Smear)_(Q2_y_Bin_2)_(z_pT_Bin_6)_(MultiDim_z_pT_Bin_Y_bin_phi_t)[0m (Histo Num 43118)
[91mSkipping: (MultiDim_3D_Histo)_(RC_Bayesian)_(SMEAR=Smear)_(Q2_y_Bin_2)_(z_pT_Bin_7)_(MultiDim_z_pT_Bin_Y_bin_phi_t)[0m (Histo Num 43119)
[91mSkipping: (MultiDim_3D_Histo)_(RC_Bayesian)_(SMEAR=Smear)_(Q2_y_Bin_2)_(z_pT_Bin_8)_(MultiDim_z_pT_Bin_Y_bin_phi_t)[0m (Histo Num 43120)
[91mSkipping: (MultiDim_3D_Histo)_(RC_Bayesian)_(SMEAR=Smear)_(Q2_y_Bin_2)_(z_pT_Bin_9)_(MultiDim_z_pT_Bin_Y_bin_phi_t)[0m (Histo Num 43121)
[91mSkipping: (MultiDim_3D_Histo)_(RC_Bayesian)_(SMEAR=Smear)_(Q2_y_Bin_2)_(z_pT_Bin_10)_(MultiDim_z_pT_Bin_Y_bin_phi_t)[0m (Histo Num 43122)
[91mSkipping: (MultiDim_3D_Histo)_(RC_Bayesian)_(SMEAR=Smear)_(Q2_y_Bin_2)_(z_pT_Bin_11)_(MultiDim_z_pT_Bin_Y_bin_phi_t)[0m (Histo Num 43123)
[91mSkipping: (MultiDim_3D_Histo)_(RC_Bayesian)_(SMEAR=Smear)_(Q2_y_Bin_2)_(z_pT_Bin_12)_(MultiDim_z_pT_Bin_Y_bin_phi_t)[0m (Histo Num 43124)
[91mSkipping: (MultiDim_3D_Histo)_(RC_Bayesian)_(SMEAR=Smear)_(Q2_y_Bin_2)_(z_pT_Bin_13)_(MultiDim_z_pT_Bin_Y_bin_phi_t)[0m (Histo Num 43125)
[91mSkipping: (MultiDim_3D_Histo)_(RC_Bayesian)_(SMEAR=Smear)_(Q2_y_Bin_2)_(z_pT_Bin_14)_(MultiDim_z_pT_Bin_Y_bin_phi_t)[0m (Histo Num 43126)
[91mSkipping: (MultiDim_3D_Histo)_(RC_Bayesian)_(SMEAR=Smear)_(Q2_y_Bin_2)_(z_pT_Bin_15)_(MultiDim_z_pT_Bin_Y_bin_phi_t)[0m (Histo Num 43127)
[91mSkipping: (MultiDim_3D_Histo)_(RC_Bayesian)_(SMEAR=Smear)_(Q2_y_Bin_2)_(z_pT_Bin_16)_(MultiDim_z_pT_Bin_Y_bin_phi_t)[0m (Histo Num 43128)
[91mSkipping: (MultiDim_3D_Histo)_(RC_Bayesian)_(SMEAR=Smear)_(Q2_y_Bin_2)_(z_pT_Bin_17)_(MultiDim_z_pT_Bin_Y_bin_phi_t)[0m (Histo Num 43129)
[91mSkipping: (MultiDim_3D_Histo)_(RC_Bayesian)_(SMEAR=Smear)_(Q2_y_Bin_2)_(z_pT_Bin_18)_(MultiDim_z_pT_Bin_Y_bin_phi_t)[0m (Histo Num 43130)
[91mSkipping: (MultiDim_3D_Histo)_(RC_Bayesian)_(SMEAR=Smear)_(Q2_y_Bin_2)_(z_pT_Bin_19)_(MultiDim_z_pT_Bin_Y_bin_phi_t)[0m (Histo Num 43131)
[91mSkipping: (MultiDim_3D_Histo)_(RC_Bayesian)_(SMEAR=Smear)_(Q2_y_Bin_2)_(z_pT_Bin_20)_(MultiDim_z_pT_Bin_Y_bin_phi_t)[0m (Histo Num 43132)
[91mSkipping: (MultiDim_3D_Histo)_(RC_Bayesian)_(SMEAR=Smear)_(Q2_y_Bin_2)_(z_pT_Bin_21)_(MultiDim_z_pT_Bin_Y_bin_phi_t)[0m (Histo Num 43133)
[91mSkipping: (MultiDim_3D_Histo)_(RC_Bayesian)_(SMEAR=Smear)_(Q2_y_Bin_2)_(z_pT_Bin_22)_(MultiDim_z_pT_Bin_Y_bin_phi_t)[0m (Histo Num 43134)
[91mSkipping: (MultiDim_3D_Histo)_(RC_Bayesian)_(SMEAR=Smear)_(Q2_y_Bin_2)_(z_pT_Bin_23)_(MultiDim_z_pT_Bin_Y_bin_phi_t)[0m (Histo Num 43135)
[91mSkipping: (MultiDim_3D_Histo)_(RC_Bayesian)_(SMEAR=Smear)_(Q2_y_Bin_2)_(z_pT_Bin_25)_(MultiDim_z_pT_Bin_Y_bin_phi_t)[0m (Histo Num 43136)
[91mSkipping: (MultiDim_3D_Histo)_(RC_Bayesian)_(SMEAR=Smear)_(Q2_y_Bin_2)_(z_pT_Bin_26)_(MultiDim_z_pT_Bin_Y_bin_phi_t)[0m (Histo Num 43137)
[91mSkipping: (MultiDim_3D_Histo)_(RC_Bayesian)_(SMEAR=Smear)_(Q2_y_Bin_2)_(z_pT_Bin_27)_(MultiDim_z_pT_Bin_Y_bin_phi_t)[0m (Histo Num 43138)
[91mSkipping: (MultiDim_3D_Histo)_(RC_Bayesian)_(SMEAR=Smear)_(Q2_y_Bin_2)_(z_pT_Bin_28)_(MultiDim_z_pT_Bin_Y_bin_phi_t)[0m (Histo Num 43139)
[91mSkipping: (MultiDim_3D_Histo)_(RC_Bayesian)_(SMEAR=Smear)_(Q2_y_Bin_2)_(z_pT_Bin_29)_(MultiDim_z_pT_Bin_Y_bin_phi_t)[0m (Histo Num 43140)
[91mSkipping: (MultiDim_3D_Histo)_(RC_Bayesian)_(SMEAR=Smear)_(Q2_y_Bin_2)_(z_pT_Bin_31)_(MultiDim_z_pT_Bin_Y_bin_phi_t)[0m (Histo Num 43141)
[91mSkipping: (MultiDim_3D_Histo)_(RC_Bayesian)_(SMEAR=Smear)_(Q2_y_Bin_2)_(z_pT_Bin_32)_(MultiDim_z_pT_Bin_Y_bin_phi_t)[0m (Histo Num 43142)
[91mSkipping: (MultiDim_3D_Histo)_(RC_Bayesian)_(SMEAR=Smear)_(Q2_y_Bin_2)_(z_pT_Bin_33)_(MultiDim_z_pT_Bin_Y_bin_phi_t)[0m (Histo Num 43143)
[91mSkipping: (MultiDim_3D_Histo)_(RC_Bayesian)_(SMEAR=Smear)_(Q2_y_Bin_2)_(z_pT_Bin_34)_(MultiDim_z_pT_Bin_Y_bin_phi_t)[0m (Histo Num 43144)
[91mSkipping: (MultiDim_3D_Histo)_(RC_Bayesian)_(SMEAR=Smear)_(Q2_y_Bin_3)_(z_pT_Bin_1)_(MultiDim_z_pT_Bin_Y_bin_phi_t)[0m (Histo Num 43146)
[91mSkipping: (MultiDim_3D_Histo)_(RC_Bayesian)_(SMEAR=Smear)_(Q2_y_Bin_3)_(z_pT_Bin_2)_(MultiDim_z_pT_Bin_Y_bin_phi_t)[0m (Histo Num 43147)
[91mSkipping: (MultiDim_3D_Histo)_(RC_Bayesian)_(SMEAR=Smear)_(Q2_y_Bin_3)_(z_pT_Bin_3)_(MultiDim_z_pT_Bin_Y_bin_phi_t)[0m (Histo Num 43148)
[91mSkipping: (MultiDim_3D_Histo)_(RC_Bayesian)_(SMEAR=Smear)_(Q2_y_Bin_3)_(z_pT_Bin_4)_(MultiDim_z_pT_Bin_Y_bin_phi_t)[0m (Histo Num 43149)
[91mSkipping: (MultiDim_3D_Histo)_(RC_Bayesian)_(SMEAR=Smear)_(Q2_y_Bin_3)_(z_pT_Bin_5)_(MultiDim_z_pT_Bin_Y_bin_phi_t)[0m (Histo Num 43150)
[91mSkipping: (MultiDim_3D_Histo)_(RC_Bayesian)_(SMEAR=Smear)_(Q2_y_Bin_3)_(z_pT_Bin_7)_(MultiDim_z_pT_Bin_Y_bin_phi_t)[0m (Histo Num 43151)
[91mSkipping: (MultiDim_3D_Histo)_(RC_Bayesian)_(SMEAR=Smear)_(Q2_y_Bin_3)_(z_pT_Bin_8)_(MultiDim_z_pT_Bin_Y_bin_phi_t)[0m (Histo Num 43152)
[91mSkipping: (MultiDim_3D_Histo)_(RC_Bayesian)_(SMEAR=Smear)_(Q2_y_Bin_3)_(z_pT_Bin_9)_(MultiDim_z_pT_Bin_Y_bin_phi_t)[0m (Histo Num 43153)
[91mSkipping: (MultiDim_3D_Histo)_(RC_Bayesian)_(SMEAR=Smear)_(Q2_y_Bin_3)_(z_pT_Bin_10)_(MultiDim_z_pT_Bin_Y_bin_phi_t)[0m (Histo Num 43154)
[91mSkipping: (MultiDim_3D_Histo)_(RC_Bayesian)_(SMEAR=Smear)_(Q2_y_Bin_3)_(z_pT_Bin_11)_(MultiDim_z_pT_Bin_Y_bin_phi_t)[0m (Histo Num 43155)
[91mSkipping: (MultiDim_3D_Histo)_(RC_Bayesian)_(SMEAR=Smear)_(Q2_y_Bin_3)_(z_pT_Bin_12)_(MultiDim_z_pT_Bin_Y_bin_phi_t)[0m (Histo Num 43156)
[91mSkipping: (MultiDim_3D_Histo)_(RC_Bayesian)_(SMEAR=Smear)_(Q2_y_Bin_3)_(z_pT_Bin_13)_(MultiDim_z_pT_Bin_Y_bin_phi_t)[0m (Histo Num 43157)
[91mSkipping: (MultiDim_3D_Histo)_(RC_Bayesian)_(SMEAR=Smear)_(Q2_y_Bin_3)_(z_pT_Bin_14)_(MultiDim_z_pT_Bin_Y_bin_phi_t)[0m (Histo Num 43158)
[91mSkipping: (MultiDim_3D_Histo)_(RC_Bayesian)_(SMEAR=Smear)_(Q2_y_Bin_3)_(z_pT_Bin_15)_(MultiDim_z_pT_Bin_Y_bin_phi_t)[0m (Histo Num 43159)
[91mSkipping: (MultiDim_3D_Histo)_(RC_Bayesian)_(SMEAR=Smear)_(Q2_y_Bin_3)_(z_pT_Bin_16)_(MultiDim_z_pT_Bin_Y_bin_phi_t)[0m (Histo Num 43160)
[91mSkipping: (MultiDim_3D_Histo)_(RC_Bayesian)_(SMEAR=Smear)_(Q2_y_Bin_3)_(z_pT_Bin_17)_(MultiDim_z_pT_Bin_Y_bin_phi_t)[0m (Histo Num 43161)
[91mSkipping: (MultiDim_3D_Histo)_(RC_Bayesian)_(SMEAR=Smear)_(Q2_y_Bin_3)_(z_pT_Bin_18)_(MultiDim_z_pT_Bin_Y_bin_phi_t)[0m (Histo Num 43162)
[91mSkipping: (MultiDim_3D_Histo)_(RC_Bayesian)_(SMEAR=Smear)_(Q2_y_Bin_3)_(z_pT_Bin_19)_(MultiDim_z_pT_Bin_Y_bin_phi_t)[0m (Histo Num 43163)
[91mSkipping: (MultiDim_3D_Histo)_(RC_Bayesian)_(SMEAR=Smear)_(Q2_y_Bin_3)_(z_pT_Bin_20)_(MultiDim_z_pT_Bin_Y_bin_phi_t)[0m (Histo Num 43164)
[91mSkipping: (MultiDim_3D_Histo)_(RC_Bayesian)_(SMEAR=Smear)_(Q2_y_Bin_3)_(z_pT_Bin_21)_(MultiDim_z_pT_Bin_Y_bin_phi_t)[0m (Histo Num 43165)
[91mSkipping: (MultiDim_3D_Histo)_(RC_Bayesian)_(SMEAR=Smear)_(Q2_y_Bin_3)_(z_pT_Bin_22)_(MultiDim_z_pT_Bin_Y_bin_phi_t)[0m (Histo Num 43166)
[91mSkipping: (MultiDim_3D_Histo)_(RC_Bayesian)_(SMEAR=Smear)_(Q2_y_Bin_3)_(z_pT_Bin_23)_(MultiDim_z_pT_Bin_Y_bin_phi_t)[0m (Histo Num 43167)
[91mSkipping: (MultiDim_3D_Histo)_(RC_Bayesian)_(SMEAR=Smear)_(Q2_y_Bin_3)_(z_pT_Bin_24)_(MultiDim_z_pT_Bin_Y_bin_phi_t)[0m (Histo Num 43168)
[91mSkipping: (MultiDim_3D_Histo)_(RC_Bayesian)_(SMEAR=Smear)_(Q2_y_Bin_3)_(z_pT_Bin_25)_(MultiDim_z_pT_Bin_Y_bin_phi_t)[0m (Histo Num 43169)
[91mSkipping: (MultiDim_3D_Histo)_(RC_Bayesian)_(SMEAR=Smear)_(Q2_y_Bin_3)_(z_pT_Bin_26)_(MultiDim_z_pT_Bin_Y_bin_phi_t)[0m (Histo Num 43170)
[91mSkipping: (MultiDim_3D_Histo)_(RC_Bayesian)_(SMEAR=Smear)_(Q2_y_Bin_3)_(z_pT_Bin_27)_(MultiDim_z_pT_Bin_Y_bin_phi_t)[0m (Histo Num 43171)
[91mSkipping: (MultiDim_3D_Histo)_(RC_Bayesian)_(SMEAR=Smear)_(Q2_y_Bin_3)_(z_pT_Bin_28)_(MultiDim_z_pT_Bin_Y_bin_phi_t)[0m (Histo Num 43172)
[91mSkipping: (MultiDim_3D_Histo)_(RC_Bayesian)_(SMEAR=Smear)_(Q2_y_Bin_3)_(z_pT_Bin_29)_(MultiDim_z_pT_Bin_Y_bin_phi_t)[0m (Histo Num 43173)
[91mSkipping: (MultiDim_3D_Histo)_(RC_Bayesian)_(SMEAR=Smear)_(Q2_y_Bin_4)_(z_pT_Bin_7)_(MultiDim_z_pT_Bin_Y_bin_phi_t)[0m (Histo Num 43175)
[91mSkipping: (MultiDim_3D_Histo)_(RC_Bayesian)_(SMEAR=Smear)_(Q2_y_Bin_4)_(z_pT_Bin_8)_(MultiDim_z_pT_Bin_Y_bin_phi_t)[0m (Histo Num 43176)
[91mSkipping: (MultiDim_3D_Histo)_(RC_Bayesian)_(SMEAR=Smear)_(Q2_y_Bin_4)_(z_pT_Bin_9)_(MultiDim_z_pT_Bin_Y_bin_phi_t)[0m (Histo Num 43177)
[91mSkipping: (MultiDim_3D_Histo)_(RC_Bayesian)_(SMEAR=Smear)_(Q2_y_Bin_4)_(z_pT_Bin_10)_(MultiDim_z_pT_Bin_Y_bin_phi_t)[0m (Histo Num 43178)
[91mSkipping: (MultiDim_3D_Histo)_(RC_Bayesian)_(SMEAR=Smear)_(Q2_y_Bin_4)_(z_pT_Bin_11)_(MultiDim_z_pT_Bin_Y_bin_phi_t)[0m (Histo Num 43179)
[91mSkipping: (MultiDim_3D_Histo)_(RC_Bayesian)_(SMEAR=Smear)_(Q2_y_Bin_4)_(z_pT_Bin_13)_(MultiDim_z_pT_Bin_Y_bin_phi_t)[0m (Histo Num 43180)
[91mSkipping: (MultiDim_3D_Histo)_(RC_Bayesian)_(SMEAR=Smear)_(Q2_y_Bin_4)_(z_pT_Bin_14)_(MultiDim_z_pT_Bin_Y_bin_phi_t)[0m (Histo Num 43181)
[91mSkipping: (MultiDim_3D_Histo)_(RC_Bayesian)_(SMEAR=Smear)_(Q2_y_Bin_4)_(z_pT_Bin_15)_(MultiDim_z_pT_Bin_Y_bin_phi_t)[0m (Histo Num 43182)
[91mSkipping: (MultiDim_3D_Histo)_(RC_Bayesian)_(SMEAR=Smear)_(Q2_y_Bin_4)_(z_pT_Bin_16)_(MultiDim_z_pT_Bin_Y_bin_phi_t)[0m (Histo Num 43183)
[91mSkipping: (MultiDim_3D_Histo)_(RC_Bayesian)_(SMEAR=Smear)_(Q2_y_Bin_4)_(z_pT_Bin_17)_(MultiDim_z_pT_Bin_Y_bin_phi_t)[0m (Histo Num 43184)
[91mSkipping: (MultiDim_3D_Histo)_(RC_Bayesian)_(SMEAR=Smear)_(Q2_y_Bin_4)_(z_pT_Bin_19)_(MultiDim_z_pT_Bin_Y_bin_phi_t)[0m (Histo Num 43185)
[91mSkipping: (MultiDim_3D_Histo)_(RC_Bayesian)_(SMEAR=Smear)_(Q2_y_Bin_4)_(z_pT_Bin_20)_(MultiDim_z_pT_Bin_Y_bin_phi_t)[0m (Histo Num 43186)
[91mSkipping: (MultiDim_3D_Histo)_(RC_Bayesian)_(SMEAR=Smear)_(Q2_y_Bin_4)_(z_pT_Bin_21)_(MultiDim_z_pT_Bin_Y_bin_phi_t)[0m (Histo Num 43187)
[91mSkipping: (MultiDim_3D_Histo)_(RC_Bayesian)_(SMEAR=Smear)_(Q2_y_Bin_4)_(z_pT_Bin_22)_(MultiDim_z_pT_Bin_Y_bin_phi_t)[0m (Histo Num 43188)
[91mSkipping: (MultiDim_3D_Histo)_(RC_Bayesian)_(SMEAR=Smear)_(Q2_y_Bin_4)_(z_pT_Bin_23)_(MultiDim_z_pT_Bin_Y_bin_phi_t)[0m (Histo Num 43189)
[91mSkipping: (MultiDim_3D_Histo)_(RC_Bayesian)_(SMEAR=Smear)_(Q2_y_Bin_4)_(z_pT_Bin_25)_(MultiDim_z_pT_Bin_Y_bin_phi_t)[0m (Histo Num 43190)
[91mSkipping: (MultiDim_3D_Histo)_(RC_Bayesian)_(SMEAR=Smear)_(Q2_y_Bin_4)_(z_pT_Bin_26)_(MultiDim_z_pT_Bin_Y_bin_phi_t)[0m (Histo Num 43191)
[91mSkipping: (MultiDim_3D_Histo)_(RC_Bayesian)_(SMEAR=Smear)_(Q2_y_Bin_4)_(z_pT_Bin_27)_(MultiDim_z_pT_Bin_Y_bin_phi_t)[0m (Histo Num 43192)
[91mSkipping: (MultiDim_3D_Histo)_(RC_Bayesian)_(SMEAR=Smear)_(Q2_y_Bin_4)_(z_pT_Bin_28)_(MultiDim_z_pT_Bin_Y_bin_phi_t)[0m (Histo Num 43193)
[91mSkipping: (MultiDim_3D_Histo)_(RC_Bayesian)_(SMEAR=Smear)_(Q2_y_Bin_4)_(z_pT_Bin_29)_(MultiDim_z_pT_Bin_Y_bin_phi_t)[0m (Histo Num 43194)
[91mSkipping: (MultiDim_3D_Histo)_(RC_Bayesian)_(SMEAR=Smear)_(Q2_y_Bin_4)_(z_pT_Bin_31)_(MultiDim_z_pT_Bin_Y_bin_phi_t)[0m (Histo Num 43195)
[91mSkipping: (MultiDim_3D_Histo)_(RC_Bayesian)_(SMEAR=Smear)_(Q2_y_Bin_4)_(z_pT_Bin_32)_(MultiDim_z_pT_Bin_Y_bin_phi_t)[0m (Histo Num 43196)
[91mSkipping: (MultiDim_3D_Histo)_(RC_Bayesian)_(SMEAR=Smear)_(Q2_y_Bin_4)_(z_pT_Bin_33)_(MultiDim_z_pT_Bin_Y_bin_phi_t)[0m (Histo Num 43197)
[91mSkipping: (MultiDim_3D_Histo)_(RC_Bayesian)_(SMEAR=Smear)_(Q2_y_Bin_4)_(z_pT_Bin_34)_(MultiDim_z_pT_Bin_Y_bin_phi_t)[0m (Histo Num 43198)
[91mSkipping: (MultiDim_3D_Histo)_(RC_Bayesian)_(SMEAR=Smear)_(Q2_y_Bin_5)_(z_pT_Bin_1)_(MultiDim_z_pT_Bin_Y_bin_phi_t)[0m (Histo Num 43200)
[91mSkipping: (MultiDim_3D_Histo)_(RC_Bayesian)_(SMEAR=Smear)_(Q2_y_Bin_5)_(z_pT_Bin_2)_(MultiDim_z_pT_Bin_Y_bin_phi_t)[0m (Histo Num 43201)
[91mSkipping: (MultiDim_3D_Histo)_(RC_Bayesian)_(SMEAR=Smear)_(Q2_y_Bin_5)_(z_pT_Bin_3)_(MultiDim_z_pT_Bin_Y_bin_phi_t)[0m (Histo Num 43202)
[91mSkipping: (MultiDim_3D_Histo)_(RC_Bayesian)_(SMEAR=Smear)_(Q2_y_Bin_5)_(z_pT_Bin_4)_(MultiDim_z_pT_Bin_Y_bin_phi_t)[0m (Histo Num 43203)
[91mSkipping: (MultiDim_3D_Histo)_(RC_Bayesian)_(SMEAR=Smear)_(Q2_y_Bin_5)_(z_pT_Bin_5)_(MultiDim_z_pT_Bin_Y_bin_phi_t)[0m (Histo Num 43204)
[91mSkipping: (MultiDim_3D_Histo)_(RC_Bayesian)_(SMEAR=Smear)_(Q2_y_Bin_5)_(z_pT_Bin_6)_(MultiDim_z_pT_Bin_Y_bin_phi_t)[0m (Histo Num 43205)
[91mSkipping: (MultiDim_3D_Histo)_(RC_Bayesian)_(SMEAR=Smear)_(Q2_y_Bin_5)_(z_pT_Bin_7)_(MultiDim_z_pT_Bin_Y_bin_phi_t)[0m (Histo Num 43206)
[91mSkipping: (MultiDim_3D_Histo)_(RC_Bayesian)_(SMEAR=Smear)_(Q2_y_Bin_5)_(z_pT_Bin_8)_(MultiDim_z_pT_Bin_Y_bin_phi_t)[0m (Histo Num 43207)
[91mSkipping: (MultiDim_3D_Histo)_(RC_Bayesian)_(SMEAR=Smear)_(Q2_y_Bin_5)_(z_pT_Bin_9)_(MultiDim_z_pT_Bin_Y_bin_phi_t)[0m (Histo Num 43208)
[91mSkipping: (MultiDim_3D_Histo)_(RC_Bayesian)_(SMEAR=Smear)_(Q2_y_Bin_5)_(z_pT_Bin_10)_(MultiDim_z_pT_Bin_Y_bin_phi_t)[0m (Histo Num 43209)
[91mSkipping: (MultiDim_3D_Histo)_(RC_Bayesian)_(SMEAR=Smear)_(Q2_y_Bin_5)_(z_pT_Bin_11)_(MultiDim_z_pT_Bin_Y_bin_phi_t)[0m (Histo Num 43210)
[91mSkipping: (MultiDim_3D_Histo)_(RC_Bayesian)_(SMEAR=Smear)_(Q2_y_Bin_5)_(z_pT_Bin_12)_(MultiDim_z_pT_Bin_Y_bin_phi_t)[0m (Histo Num 43211)
[91mSkipping: (MultiDim_3D_Histo)_(RC_Bayesian)_(SMEAR=Smear)_(Q2_y_Bin_5)_(z_pT_Bin_13)_(MultiDim_z_pT_Bin_Y_bin_phi_t)[0m (Histo Num 43212)
[91mSkipping: (MultiDim_3D_Histo)_(RC_Bayesian)_(SMEAR=Smear)_(Q2_y_Bin_5)_(z_pT_Bin_14)_(MultiDim_z_pT_Bin_Y_bin_phi_t)[0m (Histo Num 43213)
[91mSkipping: (MultiDim_3D_Histo)_(RC_Bayesian)_(SMEAR=Smear)_(Q2_y_Bin_5)_(z_pT_Bin_15)_(MultiDim_z_pT_Bin_Y_bin_phi_t)[0m (Histo Num 43214)
[91mSkipping: (MultiDim_3D_Histo)_(RC_Bayesian)_(SMEAR=Smear)_(Q2_y_Bin_5)_(z_pT_Bin_16)_(MultiDim_z_pT_Bin_Y_bin_phi_t)[0m (Histo Num 43215)
[91mSkipping: (MultiDim_3D_Histo)_(RC_Bayesian)_(SMEAR=Smear)_(Q2_y_Bin_5)_(z_pT_Bin_17)_(MultiDim_z_pT_Bin_Y_bin_phi_t)[0m (Histo Num 43216)
[91mSkipping: (MultiDim_3D_Histo)_(RC_Bayesian)_(SMEAR=Smear)_(Q2_y_Bin_5)_(z_pT_Bin_18)_(MultiDim_z_pT_Bin_Y_bin_phi_t)[0m (Histo Num 43217)
[91mSkipping: (MultiDim_3D_Histo)_(RC_Bayesian)_(SMEAR=Smear)_(Q2_y_Bin_5)_(z_pT_Bin_19)_(MultiDim_z_pT_Bin_Y_bin_phi_t)[0m (Histo Num 43218)
[91mSkipping: (MultiDim_3D_Histo)_(RC_Bayesian)_(SMEAR=Smear)_(Q2_y_Bin_5)_(z_pT_Bin_20)_(MultiDim_z_pT_Bin_Y_bin_phi_t)[0m (Histo Num 43219)
[91mSkipping: (MultiDim_3D_Histo)_(RC_Bayesian)_(SMEAR=Smear)_(Q2_y_Bin_5)_(z_pT_Bin_21)_(MultiDim_z_pT_Bin_Y_bin_phi_t)[0m (Histo Num 43220)
[91mSkipping: (MultiDim_3D_Histo)_(RC_Bayesian)_(SMEAR=Smear)_(Q2_y_Bin_5)_(z_pT_Bin_22)_(MultiDim_z_pT_Bin_Y_bin_phi_t)[0m (Histo Num 43221)
[91mSkipping: (MultiDim_3D_Histo)_(RC_Bayesian)_(SMEAR=Smear)_(Q2_y_Bin_5)_(z_pT_Bin_23)_(MultiDim_z_pT_Bin_Y_bin_phi_t)[0m (Histo Num 43222)
[91mSkipping: (MultiDim_3D_Histo)_(RC_Bayesian)_(SMEAR=Smear)_(Q2_y_Bin_5)_(z_pT_Bin_25)_(MultiDim_z_pT_Bin_Y_bin_phi_t)[0m (Histo Num 43223)
[91mSkipping: (MultiDim_3D_Histo)_(RC_Bayesian)_(SMEAR=Smear)_(Q2_y_Bin_5)_(z_pT_Bin_26)_(MultiDim_z_pT_Bin_Y_bin_phi_t)[0m (Histo Num 43224)
[91mSkipping: (MultiDim_3D_Histo)_(RC_Bayesian)_(SMEAR=Smear)_(Q2_y_Bin_5)_(z_pT_Bin_27)_(MultiDim_z_pT_Bin_Y_bin_phi_t)[0m (Histo Num 43225)
[91mSkipping: (MultiDim_3D_Histo)_(RC_Bayesian)_(SMEAR=Smear)_(Q2_y_Bin_5)_(z_pT_Bin_28)_(MultiDim_z_pT_Bin_Y_bin_phi_t)[0m (Histo Num 43226)
[91mSkipping: (MultiDim_3D_Histo)_(RC_Bayesian)_(SMEAR=Smear)_(Q2_y_Bin_5)_(z_pT_Bin_29)_(MultiDim_z_pT_Bin_Y_bin_phi_t)[0m (Histo Num 43227)
[91mSkipping: (MultiDim_3D_Histo)_(RC_Bayesian)_(SMEAR=Smear)_(Q2_y_Bin_5)_(z_pT_Bin_31)_(MultiDim_z_pT_Bin_Y_bin_phi_t)[0m (Histo Num 43228)
[91mSkipping: (MultiDim_3D_Histo)_(RC_Bayesian)_(SMEAR=Smear)_(Q2_y_Bin_5)_(z_pT_Bin_32)_(MultiDim_z_pT_Bin_Y_bin_phi_t)[0m (Histo Num 43229)
[91mSkipping: (MultiDim_3D_Histo)_(RC_Bayesian)_(SMEAR=Smear)_(Q2_y_Bin_5)_(z_pT_Bin_33)_(MultiDim_z_pT_Bin_Y_bin_phi_t)[0m (Histo Num 43230)
[91mSkipping: (MultiDim_3D_Histo)_(RC_Bayesian)_(SMEAR=Smear)_(Q2_y_Bin_5)_(z_pT_Bin_34)_(MultiDim_z_pT_Bin_Y_bin_phi_t)[0m (Histo Num 43231)
[91mSkipping: (MultiDim_3D_Histo)_(RC_Bayesian)_(SMEAR=Smear)_(Q2_y_Bin_6)_(z_pT_Bin_1)_(MultiDim_z_pT_Bin_Y_bin_phi_t)[0m (Histo Num 43233)
[91mSkipping: (MultiDim_3D_Histo)_(RC_Bayesian)_(SMEAR=Smear)_(Q2_y_Bin_6)_(z_pT_Bin_2)_(MultiDim_z_pT_Bin_Y_bin_phi_t)[0m (Histo Num 43234)
[91mSkipping: (MultiDim_3D_Histo)_(RC_Bayesian)_(SMEAR=Smear)_(Q2_y_Bin_6)_(z_pT_Bin_3)_(MultiDim_z_pT_Bin_Y_bin_phi_t)[0m (Histo Num 43235)
[91mSkipping: (MultiDim_3D_Histo)_(RC_Bayesian)_(SMEAR=Smear)_(Q2_y_Bin_6)_(z_pT_Bin_4)_(MultiDim_z_pT_Bin_Y_bin_phi_t)[0m (Histo Num 43236)
[91mSkipping: (MultiDim_3D_Histo)_(RC_Bayesian)_(SMEAR=Smear)_(Q2_y_Bin_6)_(z_pT_Bin_5)_(MultiDim_z_pT_Bin_Y_bin_phi_t)[0m (Histo Num 43237)
[91mSkipping: (MultiDim_3D_Histo)_(RC_Bayesian)_(SMEAR=Smear)_(Q2_y_Bin_6)_(z_pT_Bin_6)_(MultiDim_z_pT_Bin_Y_bin_phi_t)[0m (Histo Num 43238)
[91mSkipping: (MultiDim_3D_Histo)_(RC_Bayesian)_(SMEAR=Smear)_(Q2_y_Bin_6)_(z_pT_Bin_7)_(MultiDim_z_pT_Bin_Y_bin_phi_t)[0m (Histo Num 43239)
[91mSkipping: (MultiDim_3D_Histo)_(RC_Bayesian)_(SMEAR=Smear)_(Q2_y_Bin_6)_(z_pT_Bin_8)_(MultiDim_z_pT_Bin_Y_bin_phi_t)[0m (Histo Num 43240)
[91mSkipping: (MultiDim_3D_Histo)_(RC_Bayesian)_(SMEAR=Smear)_(Q2_y_Bin_6)_(z_pT_Bin_9)_(MultiDim_z_pT_Bin_Y_bin_phi_t)[0m (Histo Num 43241)
[91mSkipping: (MultiDim_3D_Histo)_(RC_Bayesian)_(SMEAR=Smear)_(Q2_y_Bin_6)_(z_pT_Bin_10)_(MultiDim_z_pT_Bin_Y_bin_phi_t)[0m (Histo Num 43242)
[91mSkipping: (MultiDim_3D_Histo)_(RC_Bayesian)_(SMEAR=Smear)_(Q2_y_Bin_6)_(z_pT_Bin_11)_(MultiDim_z_pT_Bin_Y_bin_phi_t)[0m (Histo Num 43243)
[91mSkipping: (MultiDim_3D_Histo)_(RC_Bayesian)_(SMEAR=Smear)_(Q2_y_Bin_6)_(z_pT_Bin_12)_(MultiDim_z_pT_Bin_Y_bin_phi_t)[0m (Histo Num 43244)
[91mSkipping: (MultiDim_3D_Histo)_(RC_Bayesian)_(SMEAR=Smear)_(Q2_y_Bin_6)_(z_pT_Bin_13)_(MultiDim_z_pT_Bin_Y_bin_phi_t)[0m (Histo Num 43245)
[91mSkipping: (MultiDim_3D_Histo)_(RC_Bayesian)_(SMEAR=Smear)_(Q2_y_Bin_6)_(z_pT_Bin_14)_(MultiDim_z_pT_Bin_Y_bin_phi_t)[0m (Histo Num 43246)
[91mSkipping: (MultiDim_3D_Histo)_(RC_Bayesian)_(SMEAR=Smear)_(Q2_y_Bin_6)_(z_pT_Bin_15)_(MultiDim_z_pT_Bin_Y_bin_phi_t)[0m (Histo Num 43247)
[91mSkipping: (MultiDim_3D_Histo)_(RC_Bayesian)_(SMEAR=Smear)_(Q2_y_Bin_6)_(z_pT_Bin_16)_(MultiDim_z_pT_Bin_Y_bin_phi_t)[0m (Histo Num 43248)
[91mSkipping: (MultiDim_3D_Histo)_(RC_Bayesian)_(SMEAR=Smear)_(Q2_y_Bin_6)_(z_pT_Bin_17)_(MultiDim_z_pT_Bin_Y_bin_phi_t)[0m (Histo Num 43249)
[91mSkipping: (MultiDim_3D_Histo)_(RC_Bayesian)_(SMEAR=Smear)_(Q2_y_Bin_6)_(z_pT_Bin_19)_(MultiDim_z_pT_Bin_Y_bin_phi_t)[0m (Histo Num 43250)
[91mSkipping: (MultiDim_3D_Histo)_(RC_Bayesian)_(SMEAR=Smear)_(Q2_y_Bin_6)_(z_pT_Bin_20)_(MultiDim_z_pT_Bin_Y_bin_phi_t)[0m (Histo Num 43251)
[91mSkipping: (MultiDim_3D_Histo)_(RC_Bayesian)_(SMEAR=Smear)_(Q2_y_Bin_6)_(z_pT_Bin_21)_(MultiDim_z_pT_Bin_Y_bin_phi_t)[0m (Histo Num 43252)
[91mSkipping: (MultiDim_3D_Histo)_(RC_Bayesian)_(SMEAR=Smear)_(Q2_y_Bin_6)_(z_pT_Bin_22)_(MultiDim_z_pT_Bin_Y_bin_phi_t)[0m (Histo Num 43253)
[91mSkipping: (MultiDim_3D_Histo)_(RC_Bayesian)_(SMEAR=Smear)_(Q2_y_Bin_6)_(z_pT_Bin_23)_(MultiDim_z_pT_Bin_Y_bin_phi_t)[0m (Histo Num 43254)
[91mSkipping: (MultiDim_3D_Histo)_(RC_Bayesian)_(SMEAR=Smear)_(Q2_y_Bin_6)_(z_pT_Bin_25)_(MultiDim_z_pT_Bin_Y_bin_phi_t)[0m (Histo Num 43255)
[91mSkipping: (MultiDim_3D_Histo)_(RC_Bayesian)_(SMEAR=Smear)_(Q2_y_Bin_6)_(z_pT_Bin_26)_(MultiDim_z_pT_Bin_Y_bin_phi_t)[0m (Histo Num 43256)
[91mSkipping: (MultiDim_3D_Histo)_(RC_Bayesian)_(SMEAR=Smear)_(Q2_y_Bin_6)_(z_pT_Bin_27)_(MultiDim_z_pT_Bin_Y_bin_phi_t)[0m (Histo Num 43257)
[91mSkipping: (MultiDim_3D_Histo)_(RC_Bayesian)_(SMEAR=Smear)_(Q2_y_Bin_6)_(z_pT_Bin_28)_(MultiDim_z_pT_Bin_Y_bin_phi_t)[0m (Histo Num 43258)
[91mSkipping: (MultiDim_3D_Histo)_(RC_Bayesian)_(SMEAR=Smear)_(Q2_y_Bin_7)_(z_pT_Bin_1)_(MultiDim_z_pT_Bin_Y_bin_phi_t)[0m (Histo Num 43260)
[91mSkipping: (MultiDim_3D_Histo)_(RC_Bayesian)_(SMEAR=Smear)_(Q2_y_Bin_7)_(z_pT_Bin_2)_(MultiDim_z_pT_Bin_Y_bin_phi_t)[0m (Histo Num 43261)
[91mSkipping: (MultiDim_3D_Histo)_(RC_Bayesian)_(SMEAR=Smear)_(Q2_y_Bin_7)_(z_pT_Bin_3)_(MultiDim_z_pT_Bin_Y_bin_phi_t)[0m (Histo Num 43262)
[91mSkipping: (MultiDim_3D_Histo)_(RC_Bayesian)_(SMEAR=Smear)_(Q2_y_Bin_7)_(z_pT_Bin_4)_(MultiDim_z_pT_Bin_Y_bin_phi_t)[0m (Histo Num 43263)
[91mSkipping: (MultiDim_3D_Histo)_(RC_Bayesian)_(SMEAR=Smear)_(Q2_y_Bin_7)_(z_pT_Bin_5)_(MultiDim_z_pT_Bin_Y_bin_phi_t)[0m (Histo Num 43264)
[91mSkipping: (MultiDim_3D_Histo)_(RC_Bayesian)_(SMEAR=Smear)_(Q2_y_Bin_7)_(z_pT_Bin_7)_(MultiDim_z_pT_Bin_Y_bin_phi_t)[0m (Histo Num 43265)
[91mSkipping: (MultiDim_3D_Histo)_(RC_Bayesian)_(SMEAR=Smear)_(Q2_y_Bin_7)_(z_pT_Bin_8)_(MultiDim_z_pT_Bin_Y_bin_phi_t)[0m (Histo Num 43266)
[91mSkipping: (MultiDim_3D_Histo)_(RC_Bayesian)_(SMEAR=Smear)_(Q2_y_Bin_7)_(z_pT_Bin_9)_(MultiDim_z_pT_Bin_Y_bin_phi_t)[0m (Histo Num 43267)
[91mSkipping: (MultiDim_3D_Histo)_(RC_Bayesian)_(SMEAR=Smear)_(Q2_y_Bin_7)_(z_pT_Bin_10)_(MultiDim_z_pT_Bin_Y_bin_phi_t)[0m (Histo Num 43268)
[91mSkipping: (MultiDim_3D_Histo)_(RC_Bayesian)_(SMEAR=Smear)_(Q2_y_Bin_7)_(z_pT_Bin_11)_(MultiDim_z_pT_Bin_Y_bin_phi_t)[0m (Histo Num 43269)
[91mSkipping: (MultiDim_3D_Histo)_(RC_Bayesian)_(SMEAR=Smear)_(Q2_y_Bin_7)_(z_pT_Bin_12)_(MultiDim_z_pT_Bin_Y_bin_phi_t)[0m (Histo Num 43270)
[91mSkipping: (MultiDim_3D_Histo)_(RC_Bayesian)_(SMEAR=Smear)_(Q2_y_Bin_7)_(z_pT_Bin_13)_(MultiDim_z_pT_Bin_Y_bin_phi_t)[0m (Histo Num 43271)
[91mSkipping: (MultiDim_3D_Histo)_(RC_Bayesian)_(SMEAR=Smear)_(Q2_y_Bin_7)_(z_pT_Bin_14)_(MultiDim_z_pT_Bin_Y_bin_phi_t)[0m (Histo Num 43272)
[91mSkipping: (MultiDim_3D_Histo)_(RC_Bayesian)_(SMEAR=Smear)_(Q2_y_Bin_7)_(z_pT_Bin_15)_(MultiDim_z_pT_Bin_Y_bin_phi_t)[0m (Histo Num 43273)
[91mSkipping: (MultiDim_3D_Histo)_(RC_Bayesian)_(SMEAR=Smear)_(Q2_y_Bin_7)_(z_pT_Bin_16)_(MultiDim_z_pT_Bin_Y_bin_phi_t)[0m (Histo Num 43274)
[91mSkipping: (MultiDim_3D_Histo)_(RC_Bayesian)_(SMEAR=Smear)_(Q2_y_Bin_7)_(z_pT_Bin_17)_(MultiDim_z_pT_Bin_Y_bin_phi_t)[0m (Histo Num 43275)
[91mSkipping: (MultiDim_3D_Histo)_(RC_Bayesian)_(SMEAR=Smear)_(Q2_y_Bin_7)_(z_pT_Bin_18)_(MultiDim_z_pT_Bin_Y_bin_phi_t)[0m (Histo Num 43276)
[91mSkipping: (MultiDim_3D_Histo)_(RC_Bayesian)_(SMEAR=Smear)_(Q2_y_Bin_7)_(z_pT_Bin_19)_(MultiDim_z_pT_Bin_Y_bin_phi_t)[0m (Histo Num 43277)
[91mSkipping: (MultiDim_3D_Histo)_(RC_Bayesian)_(SMEAR=Smear)_(Q2_y_Bin_7)_(z_pT_Bin_20)_(MultiDim_z_pT_Bin_Y_bin_phi_t)[0m (Histo Num 43278)
[91mSkipping: (MultiDim_3D_Histo)_(RC_Bayesian)_(SMEAR=Smear)_(Q2_y_Bin_7)_(z_pT_Bin_21)_(MultiDim_z_pT_Bin_Y_bin_phi_t)[0m (Histo Num 43279)
[91mSkipping: (MultiDim_3D_Histo)_(RC_Bayesian)_(SMEAR=Smear)_(Q2_y_Bin_7)_(z_pT_Bin_22)_(MultiDim_z_pT_Bin_Y_bin_phi_t)[0m (Histo Num 43280)
[91mSkipping: (MultiDim_3D_Histo)_(RC_Bayesian)_(SMEAR=Smear)_(Q2_y_Bin_7)_(z_pT_Bin_23)_(MultiDim_z_pT_Bin_Y_bin_phi_t)[0m (Histo Num 43281)
[91mSkipping: (MultiDim_3D_Histo)_(RC_Bayesian)_(SMEAR=Smear)_(Q2_y_Bin_7)_(z_pT_Bin_24)_(MultiDim_z_pT_Bin_Y_bin_phi_t)[0m (Histo Num 43282)
[91mSkipping: (MultiDim_3D_Histo)_(RC_Bayesian)_(SMEAR=Smear)_(Q2_y_Bin_7)_(z_pT_Bin_25)_(MultiDim_z_pT_Bin_Y_bin_phi_t)[0m (Histo Num 43283)
[91mSkipping: (MultiDim_3D_Histo)_(RC_Bayesian)_(SMEAR=Smear)_(Q2_y_Bin_7)_(z_pT_Bin_26)_(MultiDim_z_pT_Bin_Y_bin_phi_t)[0m (Histo Num 43284)
[91mSkipping: (MultiDim_3D_Histo)_(RC_Bayesian)_(SMEAR=Smear)_(Q2_y_Bin_7)_(z_pT_Bin_27)_(MultiDim_z_pT_Bin_Y_bin_phi_t)[0m (Histo Num 43285)
[91mSkipping: (MultiDim_3D_Histo)_(RC_Bayesian)_(SMEAR=Smear)_(Q2_y_Bin_7)_(z_pT_Bin_28)_(MultiDim_z_pT_Bin_Y_bin_phi_t)[0m (Histo Num 43286)
[91mSkipping: (MultiDim_3D_Histo)_(RC_Bayesian)_(SMEAR=Smear)_(Q2_y_Bin_7)_(z_pT_Bin_29)_(MultiDim_z_pT_Bin_Y_bin_phi_t)[0m (Histo Num 43287)
[91mSkipping: (MultiDim_3D_Histo)_(RC_Bayesian)_(SMEAR=Smear)_(Q2_y_Bin_7)_(z_pT_Bin_31)_(MultiDim_z_pT_Bin_Y_bin_phi_t)[0m (Histo Num 43288)
[91mSkipping: (MultiDim_3D_Histo)_(RC_Bayesian)_(SMEAR=Smear)_(Q2_y_Bin_7)_(z_pT_Bin_32)_(MultiDim_z_pT_Bin_Y_bin_phi_t)[0m (Histo Num 43289)
[91mSkipping: (MultiDim_3D_Histo)_(RC_Bayesian)_(SMEAR=Smear)_(Q2_y_Bin_7)_(z_pT_Bin_33)_(MultiDim_z_pT_Bin_Y_bin_phi_t)[0m (Histo Num 43290)
[91mSkipping: (MultiDim_3D_Histo)_(RC_Bayesian)_(SMEAR=Smear)_(Q2_y_Bin_7)_(z_pT_Bin_34)_(MultiDim_z_pT_Bin_Y_bin_phi_t)[0m (Histo Num 43291)
[91mSkipping: (MultiDim_3D_Histo)_(RC_Bayesian)_(SMEAR=Smear)_(Q2_y_Bin_7)_(z_pT_Bin_35)_(MultiDim_z_pT_Bin_Y_bin_phi_t)[0m (Histo Num 43292)
[91mSkipping: (MultiDim_3D_Histo)_(RC_Bayesian)_(SMEAR=Smear)_(Q2_y_Bin_8)_(z_pT_Bin_6)_(MultiDim_z_pT_Bin_Y_bin_phi_t)[0m (Histo Num 43294)
[91mSkipping: (MultiDim_3D_Histo)_(RC_Bayesian)_(SMEAR=Smear)_(Q2_y_Bin_8)_(z_pT_Bin_7)_(MultiDim_z_pT_Bin_Y_bin_phi_t)[0m (Histo Num 43295)
[91mSkipping: (MultiDim_3D_Histo)_(RC_Bayesian)_(SMEAR=Smear)_(Q2_y_Bin_8)_(z_pT_Bin_8)_(MultiDim_z_pT_Bin_Y_bin_phi_t)[0m (Histo Num 43296)
[91mSkipping: (MultiDim_3D_Histo)_(RC_Bayesian)_(SMEAR=Smear)_(Q2_y_Bin_8)_(z_pT_Bin_9)_(MultiDim_z_pT_Bin_Y_bin_phi_t)[0m (Histo Num 43297)
[91mSkipping: (MultiDim_3D_Histo)_(RC_Bayesian)_(SMEAR=Smear)_(Q2_y_Bin_8)_(z_pT_Bin_10)_(MultiDim_z_pT_Bin_Y_bin_phi_t)[0m (Histo Num 43298)
[91mSkipping: (MultiDim_3D_Histo)_(RC_Bayesian)_(SMEAR=Smear)_(Q2_y_Bin_8)_(z_pT_Bin_11)_(MultiDim_z_pT_Bin_Y_bin_phi_t)[0m (Histo Num 43299)
[91mSkipping: (MultiDim_3D_Histo)_(RC_Bayesian)_(SMEAR=Smear)_(Q2_y_Bin_8)_(z_pT_Bin_12)_(MultiDim_z_pT_Bin_Y_bin_phi_t)[0m (Histo Num 43300)
[91mSkipping: (MultiDim_3D_Histo)_(RC_Bayesian)_(SMEAR=Smear)_(Q2_y_Bin_8)_(z_pT_Bin_13)_(MultiDim_z_pT_Bin_Y_bin_phi_t)[0m (Histo Num 43301)
[91mSkipping: (MultiDim_3D_Histo)_(RC_Bayesian)_(SMEAR=Smear)_(Q2_y_Bin_8)_(z_pT_Bin_14)_(MultiDim_z_pT_Bin_Y_bin_phi_t)[0m (Histo Num 43302)
[91mSkipping: (MultiDim_3D_Histo)_(RC_Bayesian)_(SMEAR=Smear)_(Q2_y_Bin_8)_(z_pT_Bin_15)_(MultiDim_z_pT_Bin_Y_bin_phi_t)[0m (Histo Num 43303)
[91mSkipping: (MultiDim_3D_Histo)_(RC_Bayesian)_(SMEAR=Smear)_(Q2_y_Bin_8)_(z_pT_Bin_16)_(MultiDim_z_pT_Bin_Y_bin_phi_t)[0m (Histo Num 43304)
[91mSkipping: (MultiDim_3D_Histo)_(RC_Bayesian)_(SMEAR=Smear)_(Q2_y_Bin_8)_(z_pT_Bin_17)_(MultiDim_z_pT_Bin_Y_bin_phi_t)[0m (Histo Num 43305)
[91mSkipping: (MultiDim_3D_Histo)_(RC_Bayesian)_(SMEAR=Smear)_(Q2_y_Bin_8)_(z_pT_Bin_18)_(MultiDim_z_pT_Bin_Y_bin_phi_t)[0m (Histo Num 43306)
[91mSkipping: (MultiDim_3D_Histo)_(RC_Bayesian)_(SMEAR=Smear)_(Q2_y_Bin_8)_(z_pT_Bin_19)_(MultiDim_z_pT_Bin_Y_bin_phi_t)[0m (Histo Num 43307)
[91mSkipping: (MultiDim_3D_Histo)_(RC_Bayesian)_(SMEAR=Smear)_(Q2_y_Bin_8)_(z_pT_Bin_20)_(MultiDim_z_pT_Bin_Y_bin_phi_t)[0m (Histo Num 43308)
[91mSkipping: (MultiDim_3D_Histo)_(RC_Bayesian)_(SMEAR=Smear)_(Q2_y_Bin_8)_(z_pT_Bin_21)_(MultiDim_z_pT_Bin_Y_bin_phi_t)[0m (Histo Num 43309)
[91mSkipping: (MultiDim_3D_Histo)_(RC_Bayesian)_(SMEAR=Smear)_(Q2_y_Bin_8)_(z_pT_Bin_22)_(MultiDim_z_pT_Bin_Y_bin_phi_t)[0m (Histo Num 43310)
[91mSkipping: (MultiDim_3D_Histo)_(RC_Bayesian)_(SMEAR=Smear)_(Q2_y_Bin_8)_(z_pT_Bin_23)_(MultiDim_z_pT_Bin_Y_bin_phi_t)[0m (Histo Num 43311)
[91mSkipping: (MultiDim_3D_Histo)_(RC_Bayesian)_(SMEAR=Smear)_(Q2_y_Bin_8)_(z_pT_Bin_24)_(MultiDim_z_pT_Bin_Y_bin_phi_t)[0m (Histo Num 43312)
[91mSkipping: (MultiDim_3D_Histo)_(RC_Bayesian)_(SMEAR=Smear)_(Q2_y_Bin_8)_(z_pT_Bin_25)_(MultiDim_z_pT_Bin_Y_bin_phi_t)[0m (Histo Num 43313)
[91mSkipping: (MultiDim_3D_Histo)_(RC_Bayesian)_(SMEAR=Smear)_(Q2_y_Bin_8)_(z_pT_Bin_26)_(MultiDim_z_pT_Bin_Y_bin_phi_t)[0m (Histo Num 43314)
[91mSkipping: (MultiDim_3D_Histo)_(RC_Bayesian)_(SMEAR=Smear)_(Q2_y_Bin_8)_(z_pT_Bin_27)_(MultiDim_z_pT_Bin_Y_bin_phi_t)[0m (Histo Num 43315)
[91mSkipping: (MultiDim_3D_Histo)_(RC_Bayesian)_(SMEAR=Smear)_(Q2_y_Bin_8)_(z_pT_Bin_28)_(MultiDim_z_pT_Bin_Y_bin_phi_t)[0m (Histo Num 43316)
[91mSkipping: (MultiDim_3D_Histo)_(RC_Bayesian)_(SMEAR=Smear)_(Q2_y_Bin_8)_(z_pT_Bin_29)_(MultiDim_z_pT_Bin_Y_bin_phi_t)[0m (Histo Num 43317)
[91mSkipping: (MultiDim_3D_Histo)_(RC_Bayesian)_(SMEAR=Smear)_(Q2_y_Bin_8)_(z_pT_Bin_30)_(MultiDim_z_pT_Bin_Y_bin_phi_t)[0m (Histo Num 43318)
[91mSkipping: (MultiDim_3D_Histo)_(RC_Bayesian)_(SMEAR=Smear)_(Q2_y_Bin_8)_(z_pT_Bin_31)_(MultiDim_z_pT_Bin_Y_bin_phi_t)[0m (Histo Num 43319)
[91mSkipping: (MultiDim_3D_Histo)_(RC_Bayesian)_(SMEAR=Smear)_(Q2_y_Bin_8)_(z_pT_Bin_32)_(MultiDim_z_pT_Bin_Y_bin_phi_t)[0m (Histo Num 43320)
[91mSkipping: (MultiDim_3D_Histo)_(RC_Bayesian)_(SMEAR=Smear)_(Q2_y_Bin_8)_(z_pT_Bin_33)_(MultiDim_z_pT_Bin_Y_bin_phi_t)[0m (Histo Num 43321)
[91mSkipping: (MultiDim_3D_Histo)_(RC_Bayesian)_(SMEAR=Smear)_(Q2_y_Bin_8)_(z_pT_Bin_34)_(MultiDim_z_pT_Bin_Y_bin_phi_t)[0m (Histo Num 43322)
[91mSkipping: (MultiDim_3D_Histo)_(RC_Bayesian)_(SMEAR=Smear)_(Q2_y_Bin_9)_(z_pT_Bin_1)_(MultiDim_z_pT_Bin_Y_bin_phi_t)[0m (Histo Num 43324)
[91mSkipping: (MultiDim_3D_Histo)_(RC_Bayesian)_(SMEAR=Smear)_(Q2_y_Bin_9)_(z_pT_Bin_2)_(MultiDim_z_pT_Bin_Y_bin_phi_t)[0m (Histo Num 43325)
[91mSkipping: (MultiDim_3D_Histo)_(RC_Bayesian)_(SMEAR=Smear)_(Q2_y_Bin_9)_(z_pT_Bin_3)_(MultiDim_z_pT_Bin_Y_bin_phi_t)[0m (Histo Num 43326)
[91mSkipping: (MultiDim_3D_Histo)_(RC_Bayesian)_(SMEAR=Smear)_(Q2_y_Bin_9)_(z_pT_Bin_4)_(MultiDim_z_pT_Bin_Y_bin_phi_t)[0m (Histo Num 43327)
[91mSkipping: (MultiDim_3D_Histo)_(RC_Bayesian)_(SMEAR=Smear)_(Q2_y_Bin_9)_(z_pT_Bin_5)_(MultiDim_z_pT_Bin_Y_bin_phi_t)[0m (Histo Num 43328)
[91mSkipping: (MultiDim_3D_Histo)_(RC_Bayesian)_(SMEAR=Smear)_(Q2_y_Bin_9)_(z_pT_Bin_6)_(MultiDim_z_pT_Bin_Y_bin_phi_t)[0m (Histo Num 43329)
[91mSkipping: (MultiDim_3D_Histo)_(RC_Bayesian)_(SMEAR=Smear)_(Q2_y_Bin_9)_(z_pT_Bin_7)_(MultiDim_z_pT_Bin_Y_bin_phi_t)[0m (Histo Num 43330)
[91mSkipping: (MultiDim_3D_Histo)_(RC_Bayesian)_(SMEAR=Smear)_(Q2_y_Bin_9)_(z_pT_Bin_8)_(MultiDim_z_pT_Bin_Y_bin_phi_t)[0m (Histo Num 43331)
[91mSkipping: (MultiDim_3D_Histo)_(RC_Bayesian)_(SMEAR=Smear)_(Q2_y_Bin_9)_(z_pT_Bin_9)_(MultiDim_z_pT_Bin_Y_bin_phi_t)[0m (Histo Num 43332)
[91mSkipping: (MultiDim_3D_Histo)_(RC_Bayesian)_(SMEAR=Smear)_(Q2_y_Bin_9)_(z_pT_Bin_10)_(MultiDim_z_pT_Bin_Y_bin_phi_t)[0m (Histo Num 43333)
[91mSkipping: (MultiDim_3D_Histo)_(RC_Bayesian)_(SMEAR=Smear)_(Q2_y_Bin_9)_(z_pT_Bin_11)_(MultiDim_z_pT_Bin_Y_bin_phi_t)[0m (Histo Num 43334)
[91mSkipping: (MultiDim_3D_Histo)_(RC_Bayesian)_(SMEAR=Smear)_(Q2_y_Bin_9)_(z_pT_Bin_12)_(MultiDim_z_pT_Bin_Y_bin_phi_t)[0m (Histo Num 43335)
[91mSkipping: (MultiDim_3D_Histo)_(RC_Bayesian)_(SMEAR=Smear)_(Q2_y_Bin_9)_(z_pT_Bin_13)_(MultiDim_z_pT_Bin_Y_bin_phi_t)[0m (Histo Num 43336)
[91mSkipping: (MultiDim_3D_Histo)_(RC_Bayesian)_(SMEAR=Smear)_(Q2_y_Bin_9)_(z_pT_Bin_14)_(MultiDim_z_pT_Bin_Y_bin_phi_t)[0m (Histo Num 43337)
[91mSkipping: (MultiDim_3D_Histo)_(RC_Bayesian)_(SMEAR=Smear)_(Q2_y_Bin_9)_(z_pT_Bin_15)_(MultiDim_z_pT_Bin_Y_bin_phi_t)[0m (Histo Num 43338)
[91mSkipping: (MultiDim_3D_Histo)_(RC_Bayesian)_(SMEAR=Smear)_(Q2_y_Bin_9)_(z_pT_Bin_16)_(MultiDim_z_pT_Bin_Y_bin_phi_t)[0m (Histo Num 43339)
[91mSkipping: (MultiDim_3D_Histo)_(RC_Bayesian)_(SMEAR=Smear)_(Q2_y_Bin_9)_(z_pT_Bin_17)_(MultiDim_z_pT_Bin_Y_bin_phi_t)[0m (Histo Num 43340)
[91mSkipping: (MultiDim_3D_Histo)_(RC_Bayesian)_(SMEAR=Smear)_(Q2_y_Bin_9)_(z_pT_Bin_18)_(MultiDim_z_pT_Bin_Y_bin_phi_t)[0m (Histo Num 43341)
[91mSkipping: (MultiDim_3D_Histo)_(RC_Bayesian)_(SMEAR=Smear)_(Q2_y_Bin_9)_(z_pT_Bin_19)_(MultiDim_z_pT_Bin_Y_bin_phi_t)[0m (Histo Num 43342)
[91mSkipping: (MultiDim_3D_Histo)_(RC_Bayesian)_(SMEAR=Smear)_(Q2_y_Bin_9)_(z_pT_Bin_20)_(MultiDim_z_pT_Bin_Y_bin_phi_t)[0m (Histo Num 43343)
[91mSkipping: (MultiDim_3D_Histo)_(RC_Bayesian)_(SMEAR=Smear)_(Q2_y_Bin_9)_(z_pT_Bin_22)_(MultiDim_z_pT_Bin_Y_bin_phi_t)[0m (Histo Num 43344)
[91mSkipping: (MultiDim_3D_Histo)_(RC_Bayesian)_(SMEAR=Smear)_(Q2_y_Bin_9)_(z_pT_Bin_23)_(MultiDim_z_pT_Bin_Y_bin_phi_t)[0m (Histo Num 43345)
[91mSkipping: (MultiDim_3D_Histo)_(RC_Bayesian)_(SMEAR=Smear)_(Q2_y_Bin_9)_(z_pT_Bin_24)_(MultiDim_z_pT_Bin_Y_bin_phi_t)[0m (Histo Num 43346)
[91mSkipping: (MultiDim_3D_Histo)_(RC_Bayesian)_(SMEAR=Smear)_(Q2_y_Bin_9)_(z_pT_Bin_25)_(MultiDim_z_pT_Bin_Y_bin_phi_t)[0m (Histo Num 43347)
[91mSkipping: (MultiDim_3D_Histo)_(RC_Bayesian)_(SMEAR=Smear)_(Q2_y_Bin_9)_(z_pT_Bin_26)_(MultiDim_z_pT_Bin_Y_bin_phi_t)[0m (Histo Num 43348)
[91mSkipping: (MultiDim_3D_Histo)_(RC_Bayesian)_(SMEAR=Smear)_(Q2_y_Bin_9)_(z_pT_Bin_29)_(MultiDim_z_pT_Bin_Y_bin_phi_t)[0m (Histo Num 43349)
[91mSkipping: (MultiDim_3D_Histo)_(RC_Bayesian)_(SMEAR=Smear)_(Q2_y_Bin_9)_(z_pT_Bin_30)_(MultiDim_z_pT_Bin_Y_bin_phi_t)[0m (Histo Num 43350)
[91mSkipping: (MultiDim_3D_Histo)_(RC_Bayesian)_(SMEAR=Smear)_(Q2_y_Bin_9)_(z_pT_Bin_31)_(MultiDim_z_pT_Bin_Y_bin_phi_t)[0m (Histo Num 43351)
[91mSkipping: (MultiDim_3D_Histo)_(RC_Bayesian)_(SMEAR=Smear)_(Q2_y_Bin_9)_(z_pT_Bin_32)_(MultiDim_z_pT_Bin_Y_bin_phi_t)[0m (Histo Num 43352)
[91mSkipping: (MultiDim_3D_Histo)_(RC_Bayesian)_(SMEAR=Smear)_(Q2_y_Bin_10)_(z_pT_Bin_1)_(MultiDim_z_pT_Bin_Y_bin_phi_t)[0m (Histo Num 43354)
[91mSkipping: (MultiDim_3D_Histo)_(RC_Bayesian)_(SMEAR=Smear)_(Q2_y_Bin_10)_(z_pT_Bin_2)_(MultiDim_z_pT_Bin_Y_bin_phi_t)[0m (Histo Num 43355)
[91mSkipping: (MultiDim_3D_Histo)_(RC_Bayesian)_(SMEAR=Smear)_(Q2_y_Bin_10)_(z_pT_Bin_3)_(MultiDim_z_pT_Bin_Y_bin_phi_t)[0m (Histo Num 43356)
[91mSkipping: (MultiDim_3D_Histo)_(RC_Bayesian)_(SMEAR=Smear)_(Q2_y_Bin_10)_(z_pT_Bin_4)_(MultiDim_z_pT_Bin_Y_bin_phi_t)[0m (Histo Num 43357)
[91mSkipping: (MultiDim_3D_Histo)_(RC_Bayesian)_(SMEAR=Smear)_(Q2_y_Bin_10)_(z_pT_Bin_5)_(MultiDim_z_pT_Bin_Y_bin_phi_t)[0m (Histo Num 43358)
[91mSkipping: (MultiDim_3D_Histo)_(RC_Bayesian)_(SMEAR=Smear)_(Q2_y_Bin_10)_(z_pT_Bin_6)_(MultiDim_z_pT_Bin_Y_bin_phi_t)[0m (Histo Num 43359)
[91mSkipping: (MultiDim_3D_Histo)_(RC_Bayesian)_(SMEAR=Smear)_(Q2_y_Bin_10)_(z_pT_Bin_7)_(MultiDim_z_pT_Bin_Y_bin_phi_t)[0m (Histo Num 43360)
[91mSkipping: (MultiDim_3D_Histo)_(RC_Bayesian)_(SMEAR=Smear)_(Q2_y_Bin_10)_(z_pT_Bin_8)_(MultiDim_z_pT_Bin_Y_bin_phi_t)[0m (Histo Num 43361)
[91mSkipping: (MultiDim_3D_Histo)_(RC_Bayesian)_(SMEAR=Smear)_(Q2_y_Bin_10)_(z_pT_Bin_9)_(MultiDim_z_pT_Bin_Y_bin_phi_t)[0m (Histo Num 43362)
[91mSkipping: (MultiDim_3D_Histo)_(RC_Bayesian)_(SMEAR=Smear)_(Q2_y_Bin_10)_(z_pT_Bin_10)_(MultiDim_z_pT_Bin_Y_bin_phi_t)[0m (Histo Num 43363)
[91mSkipping: (MultiDim_3D_Histo)_(RC_Bayesian)_(SMEAR=Smear)_(Q2_y_Bin_10)_(z_pT_Bin_11)_(MultiDim_z_pT_Bin_Y_bin_phi_t)[0m (Histo Num 43364)
[91mSkipping: (MultiDim_3D_Histo)_(RC_Bayesian)_(SMEAR=Smear)_(Q2_y_Bin_10)_(z_pT_Bin_12)_(MultiDim_z_pT_Bin_Y_bin_phi_t)[0m (Histo Num 43365)
[91mSkipping: (MultiDim_3D_Histo)_(RC_Bayesian)_(SMEAR=Smear)_(Q2_y_Bin_10)_(z_pT_Bin_13)_(MultiDim_z_pT_Bin_Y_bin_phi_t)[0m (Histo Num 43366)
[91mSkipping: (MultiDim_3D_Histo)_(RC_Bayesian)_(SMEAR=Smear)_(Q2_y_Bin_10)_(z_pT_Bin_14)_(MultiDim_z_pT_Bin_Y_bin_phi_t)[0m (Histo Num 43367)
[91mSkipping: (MultiDim_3D_Histo)_(RC_Bayesian)_(SMEAR=Smear)_(Q2_y_Bin_10)_(z_pT_Bin_15)_(MultiDim_z_pT_Bin_Y_bin_phi_t)[0m (Histo Num 43368)
[91mSkipping: (MultiDim_3D_Histo)_(RC_Bayesian)_(SMEAR=Smear)_(Q2_y_Bin_10)_(z_pT_Bin_16)_(MultiDim_z_pT_Bin_Y_bin_phi_t)[0m (Histo Num 43369)
[91mSkipping: (MultiDim_3D_Histo)_(RC_Bayesian)_(SMEAR=Smear)_(Q2_y_Bin_10)_(z_pT_Bin_17)_(MultiDim_z_pT_Bin_Y_bin_phi_t)[0m (Histo Num 43370)
[91mSkipping: (MultiDim_3D_Histo)_(RC_Bayesian)_(SMEAR=Smear)_(Q2_y_Bin_10)_(z_pT_Bin_18)_(MultiDim_z_pT_Bin_Y_bin_phi_t)[0m (Histo Num 43371)
[91mSkipping: (MultiDim_3D_Histo)_(RC_Bayesian)_(SMEAR=Smear)_(Q2_y_Bin_10)_(z_pT_Bin_19)_(MultiDim_z_pT_Bin_Y_bin_phi_t)[0m (Histo Num 43372)
[91mSkipping: (MultiDim_3D_Histo)_(RC_Bayesian)_(SMEAR=Smear)_(Q2_y_Bin_10)_(z_pT_Bin_20)_(MultiDim_z_pT_Bin_Y_bin_phi_t)[0m (Histo Num 43373)
[91mSkipping: (MultiDim_3D_Histo)_(RC_Bayesian)_(SMEAR=Smear)_(Q2_y_Bin_10)_(z_pT_Bin_21)_(MultiDim_z_pT_Bin_Y_bin_phi_t)[0m (Histo Num 43374)
[91mSkipping: (MultiDim_3D_Histo)_(RC_Bayesian)_(SMEAR=Smear)_(Q2_y_Bin_10)_(z_pT_Bin_22)_(MultiDim_z_pT_Bin_Y_bin_phi_t)[0m (Histo Num 43375)
[91mSkipping: (MultiDim_3D_Histo)_(RC_Bayesian)_(SMEAR=Smear)_(Q2_y_Bin_10)_(z_pT_Bin_23)_(MultiDim_z_pT_Bin_Y_bin_phi_t)[0m (Histo Num 43376)
[91mSkipping: (MultiDim_3D_Histo)_(RC_Bayesian)_(SMEAR=Smear)_(Q2_y_Bin_10)_(z_pT_Bin_25)_(MultiDim_z_pT_Bin_Y_bin_phi_t)[0m (Histo Num 43377)
[91mSkipping: (MultiDim_3D_Histo)_(RC_Bayesian)_(SMEAR=Smear)_(Q2_y_Bin_10)_(z_pT_Bin_26)_(MultiDim_z_pT_Bin_Y_bin_phi_t)[0m (Histo Num 43378)
[91mSkipping: (MultiDim_3D_Histo)_(RC_Bayesian)_(SMEAR=Smear)_(Q2_y_Bin_10)_(z_pT_Bin_27)_(MultiDim_z_pT_Bin_Y_bin_phi_t)[0m (Histo Num 43379)
[91mSkipping: (MultiDim_3D_Histo)_(RC_Bayesian)_(SMEAR=Smear)_(Q2_y_Bin_10)_(z_pT_Bin_28)_(MultiDim_z_pT_Bin_Y_bin_phi_t)[0m (Histo Num 43380)
[91mSkipping: (MultiDim_3D_Histo)_(RC_Bayesian)_(SMEAR=Smear)_(Q2_y_Bin_10)_(z_pT_Bin_29)_(MultiDim_z_pT_Bin_Y_bin_phi_t)[0m (Histo Num 43381)
[91mSkipping: (MultiDim_3D_Histo)_(RC_Bayesian)_(SMEAR=Smear)_(Q2_y_Bin_10)_(z_pT_Bin_31)_(MultiDim_z_pT_Bin_Y_bin_phi_t)[0m (Histo Num 43382)
[91mSkipping: (MultiDim_3D_Histo)_(RC_Bayesian)_(SMEAR=Smear)_(Q2_y_Bin_10)_(z_pT_Bin_32)_(MultiDim_z_pT_Bin_Y_bin_phi_t)[0m (Histo Num 43383)
[91mSkipping: (MultiDim_3D_Histo)_(RC_Bayesian)_(SMEAR=Smear)_(Q2_y_Bin_10)_(z_pT_Bin_33)_(MultiDim_z_pT_Bin_Y_bin_phi_t)[0m (Histo Num 43384)
[91mSkipping: (MultiDim_3D_Histo)_(RC_Bayesian)_(SMEAR=Smear)_(Q2_y_Bin_10)_(z_pT_Bin_34)_(MultiDim_z_pT_Bin_Y_bin_phi_t)[0m (Histo Num 43385)
[91mSkipping: (MultiDim_3D_Histo)_(RC_Bayesian)_(SMEAR=Smear)_(Q2_y_Bin_11)_(z_pT_Bin_1)_(MultiDim_z_pT_Bin_Y_bin_phi_t)[0m (Histo Num 43387)
[91mSkipping: (MultiDim_3D_Histo)_(RC_Bayesian)_(SMEAR=Smear)_(Q2_y_Bin_11)_(z_pT_Bin_2)_(MultiDim_z_pT_Bin_Y_bin_phi_t)[0m (Histo Num 43388)
[91mSkipping: (MultiDim_3D_Histo)_(RC_Bayesian)_(SMEAR=Smear)_(Q2_y_Bin_11)_(z_pT_Bin_3)_(MultiDim_z_pT_Bin_Y_bin_phi_t)[0m (Histo Num 43389)
[91mSkipping: (MultiDim_3D_Histo)_(RC_Bayesian)_(SMEAR=Smear)_(Q2_y_Bin_11)_(z_pT_Bin_4)_(MultiDim_z_pT_Bin_Y_bin_phi_t)[0m (Histo Num 43390)
[91mSkipping: (MultiDim_3D_Histo)_(RC_Bayesian)_(SMEAR=Smear)_(Q2_y_Bin_11)_(z_pT_Bin_6)_(MultiDim_z_pT_Bin_Y_bin_phi_t)[0m (Histo Num 43391)
[91mSkipping: (MultiDim_3D_Histo)_(RC_Bayesian)_(SMEAR=Smear)_(Q2_y_Bin_11)_(z_pT_Bin_7)_(MultiDim_z_pT_Bin_Y_bin_phi_t)[0m (Histo Num 43392)
[91mSkipping: (MultiDim_3D_Histo)_(RC_Bayesian)_(SMEAR=Smear)_(Q2_y_Bin_11)_(z_pT_Bin_8)_(MultiDim_z_pT_Bin_Y_bin_phi_t)[0m (Histo Num 43393)
[91mSkipping: (MultiDim_3D_Histo)_(RC_Bayesian)_(SMEAR=Smear)_(Q2_y_Bin_11)_(z_pT_Bin_9)_(MultiDim_z_pT_Bin_Y_bin_phi_t)[0m (Histo Num 43394)
[91mSkipping: (MultiDim_3D_Histo)_(RC_Bayesian)_(SMEAR=Smear)_(Q2_y_Bin_11)_(z_pT_Bin_10)_(MultiDim_z_pT_Bin_Y_bin_phi_t)[0m (Histo Num 43395)
[91mSkipping: (MultiDim_3D_Histo)_(RC_Bayesian)_(SMEAR=Smear)_(Q2_y_Bin_11)_(z_pT_Bin_11)_(MultiDim_z_pT_Bin_Y_bin_phi_t)[0m (Histo Num 43396)
[91mSkipping: (MultiDim_3D_Histo)_(RC_Bayesian)_(SMEAR=Smear)_(Q2_y_Bin_11)_(z_pT_Bin_12)_(MultiDim_z_pT_Bin_Y_bin_phi_t)[0m (Histo Num 43397)
[91mSkipping: (MultiDim_3D_Histo)_(RC_Bayesian)_(SMEAR=Smear)_(Q2_y_Bin_11)_(z_pT_Bin_13)_(MultiDim_z_pT_Bin_Y_bin_phi_t)[0m (Histo Num 43398)
[91mSkipping: (MultiDim_3D_Histo)_(RC_Bayesian)_(SMEAR=Smear)_(Q2_y_Bin_11)_(z_pT_Bin_14)_(MultiDim_z_pT_Bin_Y_bin_phi_t)[0m (Histo Num 43399)
[91mSkipping: (MultiDim_3D_Histo)_(RC_Bayesian)_(SMEAR=Smear)_(Q2_y_Bin_11)_(z_pT_Bin_15)_(MultiDim_z_pT_Bin_Y_bin_phi_t)[0m (Histo Num 43400)
[91mSkipping: (MultiDim_3D_Histo)_(RC_Bayesian)_(SMEAR=Smear)_(Q2_y_Bin_11)_(z_pT_Bin_16)_(MultiDim_z_pT_Bin_Y_bin_phi_t)[0m (Histo Num 43401)
[91mSkipping: (MultiDim_3D_Histo)_(RC_Bayesian)_(SMEAR=Smear)_(Q2_y_Bin_11)_(z_pT_Bin_17)_(MultiDim_z_pT_Bin_Y_bin_phi_t)[0m (Histo Num 43402)
[91mSkipping: (MultiDim_3D_Histo)_(RC_Bayesian)_(SMEAR=Smear)_(Q2_y_Bin_11)_(z_pT_Bin_18)_(MultiDim_z_pT_Bin_Y_bin_phi_t)[0m (Histo Num 43403)
[91mSkipping: (MultiDim_3D_Histo)_(RC_Bayesian)_(SMEAR=Smear)_(Q2_y_Bin_11)_(z_pT_Bin_19)_(MultiDim_z_pT_Bin_Y_bin_phi_t)[0m (Histo Num 43404)
[91mSkipping: (MultiDim_3D_Histo)_(RC_Bayesian)_(SMEAR=Smear)_(Q2_y_Bin_11)_(z_pT_Bin_20)_(MultiDim_z_pT_Bin_Y_bin_phi_t)[0m (Histo Num 43405)
[91mSkipping: (MultiDim_3D_Histo)_(RC_Bayesian)_(SMEAR=Smear)_(Q2_y_Bin_11)_(z_pT_Bin_21)_(MultiDim_z_pT_Bin_Y_bin_phi_t)[0m (Histo Num 43406)
[91mSkipping: (MultiDim_3D_Histo)_(RC_Bayesian)_(SMEAR=Smear)_(Q2_y_Bin_11)_(z_pT_Bin_22)_(MultiDim_z_pT_Bin_Y_bin_phi_t)[0m (Histo Num 43407)
[91mSkipping: (MultiDim_3D_Histo)_(RC_Bayesian)_(SMEAR=Smear)_(Q2_y_Bin_11)_(z_pT_Bin_23)_(MultiDim_z_pT_Bin_Y_bin_phi_t)[0m (Histo Num 43408)
[91mSkipping: (MultiDim_3D_Histo)_(RC_Bayesian)_(SMEAR=Smear)_(Q2_y_Bin_11)_(z_pT_Bin_24)_(MultiDim_z_pT_Bin_Y_bin_phi_t)[0m (Histo Num 43409)
[91mSkipping: (MultiDim_3D_Histo)_(RC_Bayesian)_(SMEAR=Smear)_(Q2_y_Bin_12)_(z_pT_Bin_6)_(MultiDim_z_pT_Bin_Y_bin_phi_t)[0m (Histo Num 43411)
[91mSkipping: (MultiDim_3D_Histo)_(RC_Bayesian)_(SMEAR=Smear)_(Q2_y_Bin_12)_(z_pT_Bin_7)_(MultiDim_z_pT_Bin_Y_bin_phi_t)[0m (Histo Num 43412)
[91mSkipping: (MultiDim_3D_Histo)_(RC_Bayesian)_(SMEAR=Smear)_(Q2_y_Bin_12)_(z_pT_Bin_8)_(MultiDim_z_pT_Bin_Y_bin_phi_t)[0m (Histo Num 43413)
[91mSkipping: (MultiDim_3D_Histo)_(RC_Bayesian)_(SMEAR=Smear)_(Q2_y_Bin_12)_(z_pT_Bin_9)_(MultiDim_z_pT_Bin_Y_bin_phi_t)[0m (Histo Num 43414)
[91mSkipping: (MultiDim_3D_Histo)_(RC_Bayesian)_(SMEAR=Smear)_(Q2_y_Bin_12)_(z_pT_Bin_10)_(MultiDim_z_pT_Bin_Y_bin_phi_t)[0m (Histo Num 43415)
[91mSkipping: (MultiDim_3D_Histo)_(RC_Bayesian)_(SMEAR=Smear)_(Q2_y_Bin_12)_(z_pT_Bin_11)_(MultiDim_z_pT_Bin_Y_bin_phi_t)[0m (Histo Num 43416)
[91mSkipping: (MultiDim_3D_Histo)_(RC_Bayesian)_(SMEAR=Smear)_(Q2_y_Bin_12)_(z_pT_Bin_12)_(MultiDim_z_pT_Bin_Y_bin_phi_t)[0m (Histo Num 43417)
[91mSkipping: (MultiDim_3D_Histo)_(RC_Bayesian)_(SMEAR=Smear)_(Q2_y_Bin_12)_(z_pT_Bin_13)_(MultiDim_z_pT_Bin_Y_bin_phi_t)[0m (Histo Num 43418)
[91mSkipping: (MultiDim_3D_Histo)_(RC_Bayesian)_(SMEAR=Smear)_(Q2_y_Bin_12)_(z_pT_Bin_14)_(MultiDim_z_pT_Bin_Y_bin_phi_t)[0m (Histo Num 43419)
[91mSkipping: (MultiDim_3D_Histo)_(RC_Bayesian)_(SMEAR=Smear)_(Q2_y_Bin_12)_(z_pT_Bin_15)_(MultiDim_z_pT_Bin_Y_bin_phi_t)[0m (Histo Num 43420)
[91mSkipping: (MultiDim_3D_Histo)_(RC_Bayesian)_(SMEAR=Smear)_(Q2_y_Bin_12)_(z_pT_Bin_16)_(MultiDim_z_pT_Bin_Y_bin_phi_t)[0m (Histo Num 43421)
[91mSkipping: (MultiDim_3D_Histo)_(RC_Bayesian)_(SMEAR=Smear)_(Q2_y_Bin_12)_(z_pT_Bin_17)_(MultiDim_z_pT_Bin_Y_bin_phi_t)[0m (Histo Num 43422)
[91mSkipping: (MultiDim_3D_Histo)_(RC_Bayesian)_(SMEAR=Smear)_(Q2_y_Bin_12)_(z_pT_Bin_18)_(MultiDim_z_pT_Bin_Y_bin_phi_t)[0m (Histo Num 43423)
[91mSkipping: (MultiDim_3D_Histo)_(RC_Bayesian)_(SMEAR=Smear)_(Q2_y_Bin_12)_(z_pT_Bin_19)_(MultiDim_z_pT_Bin_Y_bin_phi_t)[0m (Histo Num 43424)
[91mSkipping: (MultiDim_3D_Histo)_(RC_Bayesian)_(SMEAR=Smear)_(Q2_y_Bin_12)_(z_pT_Bin_20)_(MultiDim_z_pT_Bin_Y_bin_phi_t)[0m (Histo Num 43425)
[91mSkipping: (MultiDim_3D_Histo)_(RC_Bayesian)_(SMEAR=Smear)_(Q2_y_Bin_12)_(z_pT_Bin_21)_(MultiDim_z_pT_Bin_Y_bin_phi_t)[0m (Histo Num 43426)
[91mSkipping: (MultiDim_3D_Histo)_(RC_Bayesian)_(SMEAR=Smear)_(Q2_y_Bin_12)_(z_pT_Bin_22)_(MultiDim_z_pT_Bin_Y_bin_phi_t)[0m (Histo Num 43427)
[91mSkipping: (MultiDim_3D_Histo)_(RC_Bayesian)_(SMEAR=Smear)_(Q2_y_Bin_12)_(z_pT_Bin_23)_(MultiDim_z_pT_Bin_Y_bin_phi_t)[0m (Histo Num 43428)
[91mSkipping: (MultiDim_3D_Histo)_(RC_Bayesian)_(SMEAR=Smear)_(Q2_y_Bin_12)_(z_pT_Bin_24)_(MultiDim_z_pT_Bin_Y_bin_phi_t)[0m (Histo Num 43429)
[91mSkipping: (MultiDim_3D_Histo)_(RC_Bayesian)_(SMEAR=Smear)_(Q2_y_Bin_13)_(z_pT_Bin_1)_(MultiDim_z_pT_Bin_Y_bin_phi_t)[0m (Histo Num 43431)
[91mSkipping: (MultiDim_3D_Histo)_(RC_Bayesian)_(SMEAR=Smear)_(Q2_y_Bin_13)_(z_pT_Bin_2)_(MultiDim_z_pT_Bin_Y_bin_phi_t)[0m (Histo Num 43432)
[91mSkipping: (MultiDim_3D_Histo)_(RC_Bayesian)_(SMEAR=Smear)_(Q2_y_Bin_13)_(z_pT_Bin_3)_(MultiDim_z_pT_Bin_Y_bin_phi_t)[0m (Histo Num 43433)
[91mSkipping: (MultiDim_3D_Histo)_(RC_Bayesian)_(SMEAR=Smear)_(Q2_y_Bin_13)_(z_pT_Bin_4)_(MultiDim_z_pT_Bin_Y_bin_phi_t)[0m (Histo Num 43434)
[91mSkipping: (MultiDim_3D_Histo)_(RC_Bayesian)_(SMEAR=Smear)_(Q2_y_Bin_13)_(z_pT_Bin_5)_(MultiDim_z_pT_Bin_Y_bin_phi_t)[0m (Histo Num 43435)
[91mSkipping: (MultiDim_3D_Histo)_(RC_Bayesian)_(SMEAR=Smear)_(Q2_y_Bin_13)_(z_pT_Bin_6)_(MultiDim_z_pT_Bin_Y_bin_phi_t)[0m (Histo Num 43436)
[91mSkipping: (MultiDim_3D_Histo)_(RC_Bayesian)_(SMEAR=Smear)_(Q2_y_Bin_13)_(z_pT_Bin_7)_(MultiDim_z_pT_Bin_Y_bin_phi_t)[0m (Histo Num 43437)
[91mSkipping: (MultiDim_3D_Histo)_(RC_Bayesian)_(SMEAR=Smear)_(Q2_y_Bin_13)_(z_pT_Bin_8)_(MultiDim_z_pT_Bin_Y_bin_phi_t)[0m (Histo Num 43438)
[91mSkipping: (MultiDim_3D_Histo)_(RC_Bayesian)_(SMEAR=Smear)_(Q2_y_Bin_13)_(z_pT_Bin_9)_(MultiDim_z_pT_Bin_Y_bin_phi_t)[0m (Histo Num 43439)
[91mSkipping: (MultiDim_3D_Histo)_(RC_Bayesian)_(SMEAR=Smear)_(Q2_y_Bin_13)_(z_pT_Bin_10)_(MultiDim_z_pT_Bin_Y_bin_phi_t)[0m (Histo Num 43440)
[91mSkipping: (MultiDim_3D_Histo)_(RC_Bayesian)_(SMEAR=Smear)_(Q2_y_Bin_13)_(z_pT_Bin_11)_(MultiDim_z_pT_Bin_Y_bin_phi_t)[0m (Histo Num 43441)
[91mSkipping: (MultiDim_3D_Histo)_(RC_Bayesian)_(SMEAR=Smear)_(Q2_y_Bin_13)_(z_pT_Bin_12)_(MultiDim_z_pT_Bin_Y_bin_phi_t)[0m (Histo Num 43442)
[91mSkipping: (MultiDim_3D_Histo)_(RC_Bayesian)_(SMEAR=Smear)_(Q2_y_Bin_13)_(z_pT_Bin_13)_(MultiDim_z_pT_Bin_Y_bin_phi_t)[0m (Histo Num 43443)
[91mSkipping: (MultiDim_3D_Histo)_(RC_Bayesian)_(SMEAR=Smear)_(Q2_y_Bin_13)_(z_pT_Bin_14)_(MultiDim_z_pT_Bin_Y_bin_phi_t)[0m (Histo Num 43444)
[91mSkipping: (MultiDim_3D_Histo)_(RC_Bayesian)_(SMEAR=Smear)_(Q2_y_Bin_13)_(z_pT_Bin_15)_(MultiDim_z_pT_Bin_Y_bin_phi_t)[0m (Histo Num 43445)
[91mSkipping: (MultiDim_3D_Histo)_(RC_Bayesian)_(SMEAR=Smear)_(Q2_y_Bin_13)_(z_pT_Bin_16)_(MultiDim_z_pT_Bin_Y_bin_phi_t)[0m (Histo Num 43446)
[91mSkipping: (MultiDim_3D_Histo)_(RC_Bayesian)_(SMEAR=Smear)_(Q2_y_Bin_13)_(z_pT_Bin_17)_(MultiDim_z_pT_Bin_Y_bin_phi_t)[0m (Histo Num 43447)
[91mSkipping: (MultiDim_3D_Histo)_(RC_Bayesian)_(SMEAR=Smear)_(Q2_y_Bin_13)_(z_pT_Bin_18)_(MultiDim_z_pT_Bin_Y_bin_phi_t)[0m (Histo Num 43448)
[91mSkipping: (MultiDim_3D_Histo)_(RC_Bayesian)_(SMEAR=Smear)_(Q2_y_Bin_13)_(z_pT_Bin_19)_(MultiDim_z_pT_Bin_Y_bin_phi_t)[0m (Histo Num 43449)
[91mSkipping: (MultiDim_3D_Histo)_(RC_Bayesian)_(SMEAR=Smear)_(Q2_y_Bin_13)_(z_pT_Bin_21)_(MultiDim_z_pT_Bin_Y_bin_phi_t)[0m (Histo Num 43450)
[91mSkipping: (MultiDim_3D_Histo)_(RC_Bayesian)_(SMEAR=Smear)_(Q2_y_Bin_13)_(z_pT_Bin_22)_(MultiDim_z_pT_Bin_Y_bin_phi_t)[0m (Histo Num 43451)
[91mSkipping: (MultiDim_3D_Histo)_(RC_Bayesian)_(SMEAR=Smear)_(Q2_y_Bin_13)_(z_pT_Bin_23)_(MultiDim_z_pT_Bin_Y_bin_phi_t)[0m (Histo Num 43452)
[91mSkipping: (MultiDim_3D_Histo)_(RC_Bayesian)_(SMEAR=Smear)_(Q2_y_Bin_13)_(z_pT_Bin_24)_(MultiDim_z_pT_Bin_Y_bin_phi_t)[0m (Histo Num 43453)
[91mSkipping: (MultiDim_3D_Histo)_(RC_Bayesian)_(SMEAR=Smear)_(Q2_y_Bin_13)_(z_pT_Bin_26)_(MultiDim_z_pT_Bin_Y_bin_phi_t)[0m (Histo Num 43454)
[91mSkipping: (MultiDim_3D_Histo)_(RC_Bayesian)_(SMEAR=Smear)_(Q2_y_Bin_13)_(z_pT_Bin_27)_(MultiDim_z_pT_Bin_Y_bin_phi_t)[0m (Histo Num 43455)
[91mSkipping: (MultiDim_3D_Histo)_(RC_Bayesian)_(SMEAR=Smear)_(Q2_y_Bin_13)_(z_pT_Bin_28)_(MultiDim_z_pT_Bin_Y_bin_phi_t)[0m (Histo Num 43456)
[91mSkipping: (MultiDim_3D_Histo)_(RC_Bayesian)_(SMEAR=Smear)_(Q2_y_Bin_14)_(z_pT_Bin_1)_(MultiDim_z_pT_Bin_Y_bin_phi_t)[0m (Histo Num 43458)
[91mSkipping: (MultiDim_3D_Histo)_(RC_Bayesian)_(SMEAR=Smear)_(Q2_y_Bin_14)_(z_pT_Bin_2)_(MultiDim_z_pT_Bin_Y_bin_phi_t)[0m (Histo Num 43459)
[91mSkipping: (MultiDim_3D_Histo)_(RC_Bayesian)_(SMEAR=Smear)_(Q2_y_Bin_14)_(z_pT_Bin_3)_(MultiDim_z_pT_Bin_Y_bin_phi_t)[0m (Histo Num 43460)
[91mSkipping: (MultiDim_3D_Histo)_(RC_Bayesian)_(SMEAR=Smear)_(Q2_y_Bin_14)_(z_pT_Bin_4)_(MultiDim_z_pT_Bin_Y_bin_phi_t)[0m (Histo Num 43461)
[91mSkipping: (MultiDim_3D_Histo)_(RC_Bayesian)_(SMEAR=Smear)_(Q2_y_Bin_14)_(z_pT_Bin_5)_(MultiDim_z_pT_Bin_Y_bin_phi_t)[0m (Histo Num 43462)
[91mSkipping: (MultiDim_3D_Histo)_(RC_Bayesian)_(SMEAR=Smear)_(Q2_y_Bin_14)_(z_pT_Bin_7)_(MultiDim_z_pT_Bin_Y_bin_phi_t)[0m (Histo Num 43463)
[91mSkipping: (MultiDim_3D_Histo)_(RC_Bayesian)_(SMEAR=Smear)_(Q2_y_Bin_14)_(z_pT_Bin_8)_(MultiDim_z_pT_Bin_Y_bin_phi_t)[0m (Histo Num 43464)
[91mSkipping: (MultiDim_3D_Histo)_(RC_Bayesian)_(SMEAR=Smear)_(Q2_y_Bin_14)_(z_pT_Bin_9)_(MultiDim_z_pT_Bin_Y_bin_phi_t)[0m (Histo Num 43465)
[91mSkipping: (MultiDim_3D_Histo)_(RC_Bayesian)_(SMEAR=Smear)_(Q2_y_Bin_14)_(z_pT_Bin_10)_(MultiDim_z_pT_Bin_Y_bin_phi_t)[0m (Histo Num 43466)
[91mSkipping: (MultiDim_3D_Histo)_(RC_Bayesian)_(SMEAR=Smear)_(Q2_y_Bin_14)_(z_pT_Bin_11)_(MultiDim_z_pT_Bin_Y_bin_phi_t)[0m (Histo Num 43467)
[91mSkipping: (MultiDim_3D_Histo)_(RC_Bayesian)_(SMEAR=Smear)_(Q2_y_Bin_14)_(z_pT_Bin_12)_(MultiDim_z_pT_Bin_Y_bin_phi_t)[0m (Histo Num 43468)
[91mSkipping: (MultiDim_3D_Histo)_(RC_Bayesian)_(SMEAR=Smear)_(Q2_y_Bin_14)_(z_pT_Bin_13)_(MultiDim_z_pT_Bin_Y_bin_phi_t)[0m (Histo Num 43469)
[91mSkipping: (MultiDim_3D_Histo)_(RC_Bayesian)_(SMEAR=Smear)_(Q2_y_Bin_14)_(z_pT_Bin_14)_(MultiDim_z_pT_Bin_Y_bin_phi_t)[0m (Histo Num 43470)
[91mSkipping: (MultiDim_3D_Histo)_(RC_Bayesian)_(SMEAR=Smear)_(Q2_y_Bin_14)_(z_pT_Bin_15)_(MultiDim_z_pT_Bin_Y_bin_phi_t)[0m (Histo Num 43471)
[91mSkipping: (MultiDim_3D_Histo)_(RC_Bayesian)_(SMEAR=Smear)_(Q2_y_Bin_14)_(z_pT_Bin_16)_(MultiDim_z_pT_Bin_Y_bin_phi_t)[0m (Histo Num 43472)
[91mSkipping: (MultiDim_3D_Histo)_(RC_Bayesian)_(SMEAR=Smear)_(Q2_y_Bin_14)_(z_pT_Bin_17)_(MultiDim_z_pT_Bin_Y_bin_phi_t)[0m (Histo Num 43473)
[91mSkipping: (MultiDim_3D_Histo)_(RC_Bayesian)_(SMEAR=Smear)_(Q2_y_Bin_14)_(z_pT_Bin_18)_(MultiDim_z_pT_Bin_Y_bin_phi_t)[0m (Histo Num 43474)
[91mSkipping: (MultiDim_3D_Histo)_(RC_Bayesian)_(SMEAR=Smear)_(Q2_y_Bin_14)_(z_pT_Bin_19)_(MultiDim_z_pT_Bin_Y_bin_phi_t)[0m (Histo Num 43475)
[91mSkipping: (MultiDim_3D_Histo)_(RC_Bayesian)_(SMEAR=Smear)_(Q2_y_Bin_14)_(z_pT_Bin_20)_(MultiDim_z_pT_Bin_Y_bin_phi_t)[0m (Histo Num 43476)
[91mSkipping: (MultiDim_3D_Histo)_(RC_Bayesian)_(SMEAR=Smear)_(Q2_y_Bin_14)_(z_pT_Bin_21)_(MultiDim_z_pT_Bin_Y_bin_phi_t)[0m (Histo Num 43477)
[91mSkipping: (MultiDim_3D_Histo)_(RC_Bayesian)_(SMEAR=Smear)_(Q2_y_Bin_14)_(z_pT_Bin_22)_(MultiDim_z_pT_Bin_Y_bin_phi_t)[0m (Histo Num 43478)
[91mSkipping: (MultiDim_3D_Histo)_(RC_Bayesian)_(SMEAR=Smear)_(Q2_y_Bin_14)_(z_pT_Bin_23)_(MultiDim_z_pT_Bin_Y_bin_phi_t)[0m (Histo Num 43479)
[91mSkipping: (MultiDim_3D_Histo)_(RC_Bayesian)_(SMEAR=Smear)_(Q2_y_Bin_14)_(z_pT_Bin_25)_(MultiDim_z_pT_Bin_Y_bin_phi_t)[0m (Histo Num 43480)
[91mSkipping: (MultiDim_3D_Histo)_(RC_Bayesian)_(SMEAR=Smear)_(Q2_y_Bin_14)_(z_pT_Bin_26)_(MultiDim_z_pT_Bin_Y_bin_phi_t)[0m (Histo Num 43481)
[91mSkipping: (MultiDim_3D_Histo)_(RC_Bayesian)_(SMEAR=Smear)_(Q2_y_Bin_14)_(z_pT_Bin_27)_(MultiDim_z_pT_Bin_Y_bin_phi_t)[0m (Histo Num 43482)
[91mSkipping: (MultiDim_3D_Histo)_(RC_Bayesian)_(SMEAR=Smear)_(Q2_y_Bin_14)_(z_pT_Bin_28)_(MultiDim_z_pT_Bin_Y_bin_phi_t)[0m (Histo Num 43483)
[91mSkipping: (MultiDim_3D_Histo)_(RC_Bayesian)_(SMEAR=Smear)_(Q2_y_Bin_14)_(z_pT_Bin_29)_(MultiDim_z_pT_Bin_Y_bin_phi_t)[0m (Histo Num 43484)
[91mSkipping: (MultiDim_3D_Histo)_(RC_Bayesian)_(SMEAR=Smear)_(Q2_y_Bin_14)_(z_pT_Bin_31)_(MultiDim_z_pT_Bin_Y_bin_phi_t)[0m (Histo Num 43485)
[91mSkipping: (MultiDim_3D_Histo)_(RC_Bayesian)_(SMEAR=Smear)_(Q2_y_Bin_14)_(z_pT_Bin_32)_(MultiDim_z_pT_Bin_Y_bin_phi_t)[0m (Histo Num 43486)
[91mSkipping: (MultiDim_3D_Histo)_(RC_Bayesian)_(SMEAR=Smear)_(Q2_y_Bin_14)_(z_pT_Bin_33)_(MultiDim_z_pT_Bin_Y_bin_phi_t)[0m (Histo Num 43487)
[91mSkipping: (MultiDim_3D_Histo)_(RC_Bayesian)_(SMEAR=Smear)_(Q2_y_Bin_14)_(z_pT_Bin_34)_(MultiDim_z_pT_Bin_Y_bin_phi_t)[0m (Histo Num 43488)
[91mSkipping: (MultiDim_3D_Histo)_(RC_Bayesian)_(SMEAR=Smear)_(Q2_y_Bin_15)_(z_pT_Bin_1)_(MultiDim_z_pT_Bin_Y_bin_phi_t)[0m (Histo Num 43490)
[91mSkipping: (MultiDim_3D_Histo)_(RC_Bayesian)_(SMEAR=Smear)_(Q2_y_Bin_15)_(z_pT_Bin_2)_(MultiDim_z_pT_Bin_Y_bin_phi_t)[0m (Histo Num 43491)
[91mSkipping: (MultiDim_3D_Histo)_(RC_Bayesian)_(SMEAR=Smear)_(Q2_y_Bin_15)_(z_pT_Bin_3)_(MultiDim_z_pT_Bin_Y_bin_phi_t)[0m (Histo Num 43492)
[91mSkipping: (MultiDim_3D_Histo)_(RC_Bayesian)_(SMEAR=Smear)_(Q2_y_Bin_15)_(z_pT_Bin_4)_(MultiDim_z_pT_Bin_Y_bin_phi_t)[0m (Histo Num 43493)
[91mSkipping: (MultiDim_3D_Histo)_(RC_Bayesian)_(SMEAR=Smear)_(Q2_y_Bin_15)_(z_pT_Bin_6)_(MultiDim_z_pT_Bin_Y_bin_phi_t)[0m (Histo Num 43494)
[91mSkipping: (MultiDim_3D_Histo)_(RC_Bayesian)_(SMEAR=Smear)_(Q2_y_Bin_15)_(z_pT_Bin_7)_(MultiDim_z_pT_Bin_Y_bin_phi_t)[0m (Histo Num 43495)
[91mSkipping: (MultiDim_3D_Histo)_(RC_Bayesian)_(SMEAR=Smear)_(Q2_y_Bin_15)_(z_pT_Bin_8)_(MultiDim_z_pT_Bin_Y_bin_phi_t)[0m (Histo Num 43496)
[91mSkipping: (MultiDim_3D_Histo)_(RC_Bayesian)_(SMEAR=Smear)_(Q2_y_Bin_15)_(z_pT_Bin_9)_(MultiDim_z_pT_Bin_Y_bin_phi_t)[0m (Histo Num 43497)
[91mSkipping: (MultiDim_3D_Histo)_(RC_Bayesian)_(SMEAR=Smear)_(Q2_y_Bin_15)_(z_pT_Bin_10)_(MultiDim_z_pT_Bin_Y_bin_phi_t)[0m (Histo Num 43498)
[91mSkipping: (MultiDim_3D_Histo)_(RC_Bayesian)_(SMEAR=Smear)_(Q2_y_Bin_15)_(z_pT_Bin_11)_(MultiDim_z_pT_Bin_Y_bin_phi_t)[0m (Histo Num 43499)
[91mSkipping: (MultiDim_3D_Histo)_(RC_Bayesian)_(SMEAR=Smear)_(Q2_y_Bin_15)_(z_pT_Bin_12)_(MultiDim_z_pT_Bin_Y_bin_phi_t)[0m (Histo Num 43500)
[91mSkipping: (MultiDim_3D_Histo)_(RC_Bayesian)_(SMEAR=Smear)_(Q2_y_Bin_15)_(z_pT_Bin_13)_(MultiDim_z_pT_Bin_Y_bin_phi_t)[0m (Histo Num 43501)
[91mSkipping: (MultiDim_3D_Histo)_(RC_Bayesian)_(SMEAR=Smear)_(Q2_y_Bin_15)_(z_pT_Bin_14)_(MultiDim_z_pT_Bin_Y_bin_phi_t)[0m (Histo Num 43502)
[91mSkipping: (MultiDim_3D_Histo)_(RC_Bayesian)_(SMEAR=Smear)_(Q2_y_Bin_15)_(z_pT_Bin_15)_(MultiDim_z_pT_Bin_Y_bin_phi_t)[0m (Histo Num 43503)
[91mSkipping: (MultiDim_3D_Histo)_(RC_Bayesian)_(SMEAR=Smear)_(Q2_y_Bin_15)_(z_pT_Bin_16)_(MultiDim_z_pT_Bin_Y_bin_phi_t)[0m (Histo Num 43504)
[91mSkipping: (MultiDim_3D_Histo)_(RC_Bayesian)_(SMEAR=Smear)_(Q2_y_Bin_15)_(z_pT_Bin_17)_(MultiDim_z_pT_Bin_Y_bin_phi_t)[0m (Histo Num 43505)
[91mSkipping: (MultiDim_3D_Histo)_(RC_Bayesian)_(SMEAR=Smear)_(Q2_y_Bin_15)_(z_pT_Bin_18)_(MultiDim_z_pT_Bin_Y_bin_phi_t)[0m (Histo Num 43506)
[91mSkipping: (MultiDim_3D_Histo)_(RC_Bayesian)_(SMEAR=Smear)_(Q2_y_Bin_15)_(z_pT_Bin_19)_(MultiDim_z_pT_Bin_Y_bin_phi_t)[0m (Histo Num 43507)
[91mSkipping: (MultiDim_3D_Histo)_(RC_Bayesian)_(SMEAR=Smear)_(Q2_y_Bin_15)_(z_pT_Bin_21)_(MultiDim_z_pT_Bin_Y_bin_phi_t)[0m (Histo Num 43508)
[91mSkipping: (MultiDim_3D_Histo)_(RC_Bayesian)_(SMEAR=Smear)_(Q2_y_Bin_15)_(z_pT_Bin_22)_(MultiDim_z_pT_Bin_Y_bin_phi_t)[0m (Histo Num 43509)
[91mSkipping: (MultiDim_3D_Histo)_(RC_Bayesian)_(SMEAR=Smear)_(Q2_y_Bin_15)_(z_pT_Bin_23)_(MultiDim_z_pT_Bin_Y_bin_phi_t)[0m (Histo Num 43510)
[91mSkipping: (MultiDim_3D_Histo)_(RC_Bayesian)_(SMEAR=Smear)_(Q2_y_Bin_15)_(z_pT_Bin_24)_(MultiDim_z_pT_Bin_Y_bin_phi_t)[0m (Histo Num 43511)
[91mSkipping: (MultiDim_3D_Histo)_(RC_Bayesian)_(SMEAR=Smear)_(Q2_y_Bin_16)_(z_pT_Bin_1)_(MultiDim_z_pT_Bin_Y_bin_phi_t)[0m (Histo Num 43513)
[91mSkipping: (MultiDim_3D_Histo)_(RC_Bayesian)_(SMEAR=Smear)_(Q2_y_Bin_16)_(z_pT_Bin_2)_(MultiDim_z_pT_Bin_Y_bin_phi_t)[0m (Histo Num 43514)
[91mSkipping: (MultiDim_3D_Histo)_(RC_Bayesian)_(SMEAR=Smear)_(Q2_y_Bin_16)_(z_pT_Bin_3)_(MultiDim_z_pT_Bin_Y_bin_phi_t)[0m (Histo Num 43515)
[91mSkipping: (MultiDim_3D_Histo)_(RC_Bayesian)_(SMEAR=Smear)_(Q2_y_Bin_16)_(z_pT_Bin_4)_(MultiDim_z_pT_Bin_Y_bin_phi_t)[0m (Histo Num 43516)
[91mSkipping: (MultiDim_3D_Histo)_(RC_Bayesian)_(SMEAR=Smear)_(Q2_y_Bin_16)_(z_pT_Bin_5)_(MultiDim_z_pT_Bin_Y_bin_phi_t)[0m (Histo Num 43517)
[91mSkipping: (MultiDim_3D_Histo)_(RC_Bayesian)_(SMEAR=Smear)_(Q2_y_Bin_16)_(z_pT_Bin_6)_(MultiDim_z_pT_Bin_Y_bin_phi_t)[0m (Histo Num 43518)
[91mSkipping: (MultiDim_3D_Histo)_(RC_Bayesian)_(SMEAR=Smear)_(Q2_y_Bin_16)_(z_pT_Bin_7)_(MultiDim_z_pT_Bin_Y_bin_phi_t)[0m (Histo Num 43519)
[91mSkipping: (MultiDim_3D_Histo)_(RC_Bayesian)_(SMEAR=Smear)_(Q2_y_Bin_16)_(z_pT_Bin_8)_(MultiDim_z_pT_Bin_Y_bin_phi_t)[0m (Histo Num 43520)
[91mSkipping: (MultiDim_3D_Histo)_(RC_Bayesian)_(SMEAR=Smear)_(Q2_y_Bin_16)_(z_pT_Bin_9)_(MultiDim_z_pT_Bin_Y_bin_phi_t)[0m (Histo Num 43521)
[91mSkipping: (MultiDim_3D_Histo)_(RC_Bayesian)_(SMEAR=Smear)_(Q2_y_Bin_16)_(z_pT_Bin_10)_(MultiDim_z_pT_Bin_Y_bin_phi_t)[0m (Histo Num 43522)
[91mSkipping: (MultiDim_3D_Histo)_(RC_Bayesian)_(SMEAR=Smear)_(Q2_y_Bin_16)_(z_pT_Bin_11)_(MultiDim_z_pT_Bin_Y_bin_phi_t)[0m (Histo Num 43523)
[91mSkipping: (MultiDim_3D_Histo)_(RC_Bayesian)_(SMEAR=Smear)_(Q2_y_Bin_16)_(z_pT_Bin_12)_(MultiDim_z_pT_Bin_Y_bin_phi_t)[0m (Histo Num 43524)
[91mSkipping: (MultiDim_3D_Histo)_(RC_Bayesian)_(SMEAR=Smear)_(Q2_y_Bin_16)_(z_pT_Bin_13)_(MultiDim_z_pT_Bin_Y_bin_phi_t)[0m (Histo Num 43525)
[91mSkipping: (MultiDim_3D_Histo)_(RC_Bayesian)_(SMEAR=Smear)_(Q2_y_Bin_16)_(z_pT_Bin_14)_(MultiDim_z_pT_Bin_Y_bin_phi_t)[0m (Histo Num 43526)
[91mSkipping: (MultiDim_3D_Histo)_(RC_Bayesian)_(SMEAR=Smear)_(Q2_y_Bin_16)_(z_pT_Bin_15)_(MultiDim_z_pT_Bin_Y_bin_phi_t)[0m (Histo Num 43527)
[91mSkipping: (MultiDim_3D_Histo)_(RC_Bayesian)_(SMEAR=Smear)_(Q2_y_Bin_16)_(z_pT_Bin_16)_(MultiDim_z_pT_Bin_Y_bin_phi_t)[0m (Histo Num 43528)
[91mSkipping: (MultiDim_3D_Histo)_(RC_Bayesian)_(SMEAR=Smear)_(Q2_y_Bin_16)_(z_pT_Bin_17)_(MultiDim_z_pT_Bin_Y_bin_phi_t)[0m (Histo Num 43529)
[91mSkipping: (MultiDim_3D_Histo)_(RC_Bayesian)_(SMEAR=Smear)_(Q2_y_Bin_16)_(z_pT_Bin_19)_(MultiDim_z_pT_Bin_Y_bin_phi_t)[0m (Histo Num 43530)
[91mSkipping: (MultiDim_3D_Histo)_(RC_Bayesian)_(SMEAR=Smear)_(Q2_y_Bin_16)_(z_pT_Bin_20)_(MultiDim_z_pT_Bin_Y_bin_phi_t)[0m (Histo Num 43531)
[91mSkipping: (MultiDim_3D_Histo)_(RC_Bayesian)_(SMEAR=Smear)_(Q2_y_Bin_16)_(z_pT_Bin_21)_(MultiDim_z_pT_Bin_Y_bin_phi_t)[0m (Histo Num 43532)
[91mSkipping: (MultiDim_3D_Histo)_(RC_Bayesian)_(SMEAR=Smear)_(Q2_y_Bin_16)_(z_pT_Bin_22)_(MultiDim_z_pT_Bin_Y_bin_phi_t)[0m (Histo Num 43533)
[91mSkipping: (MultiDim_3D_Histo)_(RC_Bayesian)_(SMEAR=Smear)_(Q2_y_Bin_16)_(z_pT_Bin_25)_(MultiDim_z_pT_Bin_Y_bin_phi_t)[0m (Histo Num 43534)
[91mSkipping: (MultiDim_3D_Histo)_(RC_Bayesian)_(SMEAR=Smear)_(Q2_y_Bin_16)_(z_pT_Bin_26)_(MultiDim_z_pT_Bin_Y_bin_phi_t)[0m (Histo Num 43535)
[91mSkipping: (MultiDim_3D_Histo)_(RC_Bayesian)_(SMEAR=Smear)_(Q2_y_Bin_16)_(z_pT_Bin_27)_(MultiDim_z_pT_Bin_Y_bin_phi_t)[0m (Histo Num 43536)
[91mSkipping: (MultiDim_3D_Histo)_(RC_Bayesian)_(SMEAR=Smear)_(Q2_y_Bin_17)_(z_pT_Bin_1)_(MultiDim_z_pT_Bin_Y_bin_phi_t)[0m (Histo Num 43538)
[91mSkipping: (MultiDim_3D_Histo)_(RC_Bayesian)_(SMEAR=Smear)_(Q2_y_Bin_17)_(z_pT_Bin_2)_(MultiDim_z_pT_Bin_Y_bin_phi_t)[0m (Histo Num 43539)
[91mSkipping: (MultiDim_3D_Histo)_(RC_Bayesian)_(SMEAR=Smear)_(Q2_y_Bin_17)_(z_pT_Bin_3)_(MultiDim_z_pT_Bin_Y_bin_phi_t)[0m (Histo Num 43540)
[91mSkipping: (MultiDim_3D_Histo)_(RC_Bayesian)_(SMEAR=Smear)_(Q2_y_Bin_17)_(z_pT_Bin_4)_(MultiDim_z_pT_Bin_Y_bin_phi_t)[0m (Histo Num 43541)
[91mSkipping: (MultiDim_3D_Histo)_(RC_Bayesian)_(SMEAR=Smear)_(Q2_y_Bin_17)_(z_pT_Bin_5)_(MultiDim_z_pT_Bin_Y_bin_phi_t)[0m (Histo Num 43542)
[91mSkipping: (MultiDim_3D_Histo)_(RC_Bayesian)_(SMEAR=Smear)_(Q2_y_Bin_17)_(z_pT_Bin_7)_(MultiDim_z_pT_Bin_Y_bin_phi_t)[0m (Histo Num 43543)
[91mSkipping: (MultiDim_3D_Histo)_(RC_Bayesian)_(SMEAR=Smear)_(Q2_y_Bin_17)_(z_pT_Bin_8)_(MultiDim_z_pT_Bin_Y_bin_phi_t)[0m (Histo Num 43544)
[91mSkipping: (MultiDim_3D_Histo)_(RC_Bayesian)_(SMEAR=Smear)_(Q2_y_Bin_17)_(z_pT_Bin_9)_(MultiDim_z_pT_Bin_Y_bin_phi_t)[0m (Histo Num 43545)
[91mSkipping: (MultiDim_3D_Histo)_(RC_Bayesian)_(SMEAR=Smear)_(Q2_y_Bin_17)_(z_pT_Bin_10)_(MultiDim_z_pT_Bin_Y_bin_phi_t)[0m (Histo Num 43546)
[91mSkipping: (MultiDim_3D_Histo)_(RC_Bayesian)_(SMEAR=Smear)_(Q2_y_Bin_17)_(z_pT_Bin_11)_(MultiDim_z_pT_Bin_Y_bin_phi_t)[0m (Histo Num 43547)
[91mSkipping: (MultiDim_3D_Histo)_(RC_Bayesian)_(SMEAR=Smear)_(Q2_y_Bin_17)_(z_pT_Bin_12)_(MultiDim_z_pT_Bin_Y_bin_phi_t)[0m (Histo Num 43548)
[91mSkipping: (MultiDim_3D_Histo)_(RC_Bayesian)_(SMEAR=Smear)_(Q2_y_Bin_17)_(z_pT_Bin_13)_(MultiDim_z_pT_Bin_Y_bin_phi_t)[0m (Histo Num 43549)
[91mSkipping: (MultiDim_3D_Histo)_(RC_Bayesian)_(SMEAR=Smear)_(Q2_y_Bin_17)_(z_pT_Bin_14)_(MultiDim_z_pT_Bin_Y_bin_phi_t)[0m (Histo Num 43550)
[91mSkipping: (MultiDim_3D_Histo)_(RC_Bayesian)_(SMEAR=Smear)_(Q2_y_Bin_17)_(z_pT_Bin_15)_(MultiDim_z_pT_Bin_Y_bin_phi_t)[0m (Histo Num 43551)
[91mSkipping: (MultiDim_3D_Histo)_(RC_Bayesian)_(SMEAR=Smear)_(Q2_y_Bin_17)_(z_pT_Bin_16)_(MultiDim_z_pT_Bin_Y_bin_phi_t)[0m (Histo Num 43552)
[91mSkipping: (MultiDim_3D_Histo)_(RC_Bayesian)_(SMEAR=Smear)_(Q2_y_Bin_17)_(z_pT_Bin_17)_(MultiDim_z_pT_Bin_Y_bin_phi_t)[0m (Histo Num 43553)
[91mSkipping: (MultiDim_3D_Histo)_(RC_Bayesian)_(SMEAR=Smear)_(Q2_y_Bin_17)_(z_pT_Bin_18)_(MultiDim_z_pT_Bin_Y_bin_phi_t)[0m (Histo Num 43554)
[91mSkipping: (MultiDim_3D_Histo)_(RC_Bayesian)_(SMEAR=Smear)_(Q2_y_Bin_17)_(z_pT_Bin_19)_(MultiDim_z_pT_Bin_Y_bin_phi_t)[0m (Histo Num 43555)
[91mSkipping: (MultiDim_3D_Histo)_(RC_Bayesian)_(SMEAR=Smear)_(Q2_y_Bin_17)_(z_pT_Bin_20)_(MultiDim_z_pT_Bin_Y_bin_phi_t)[0m (Histo Num 43556)
[91mSkipping: (MultiDim_3D_Histo)_(RC_Bayesian)_(SMEAR=Smear)_(Q2_y_Bin_17)_(z_pT_Bin_21)_(MultiDim_z_pT_Bin_Y_bin_phi_t)[0m (Histo Num 43557)
[91mSkipping: (MultiDim_3D_Histo)_(RC_Bayesian)_(SMEAR=Smear)_(Q2_y_Bin_17)_(z_pT_Bin_22)_(MultiDim_z_pT_Bin_Y_bin_phi_t)[0m (Histo Num 43558)
[91mSkipping: (MultiDim_3D_Histo)_(RC_Bayesian)_(SMEAR=Smear)_(Q2_y_Bin_17)_(z_pT_Bin_23)_(MultiDim_z_pT_Bin_Y_bin_phi_t)[0m (Histo Num 43559)
[91mSkipping: (MultiDim_3D_Histo)_(RC_Bayesian)_(SMEAR=Smear)_(Q2_y_Bin_17)_(z_pT_Bin_25)_(MultiDim_z_pT_Bin_Y_bin_phi_t)[0m (Histo Num 43560)
[91mSkipping: (MultiDim_3D_Histo)_(RC_Bayesian)_(SMEAR=Smear)_(Q2_y_Bin_17)_(z_pT_Bin_26)_(MultiDim_z_pT_Bin_Y_bin_phi_t)[0m (Histo Num 43561)
[91mSkipping: (MultiDim_3D_Histo)_(RC_Bayesian)_(SMEAR=Smear)_(Q2_y_Bin_17)_(z_pT_Bin_27)_(MultiDim_z_pT_Bin_Y_bin_phi_t)[0m (Histo Num 43562)
[91mSkipping: (MultiDim_3D_Histo)_(RC_Bayesian)_(SMEAR=Smear)_(Q2_y_Bin_17)_(z_pT_Bin_28)_(MultiDim_z_pT_Bin_Y_bin_phi_t)[0m (Histo Num 43563)
[91mSkipping: (MultiDim_3D_Histo)_(BC_RC_Bayesian)_(SMEAR=Smear)_(Q2_y_Bin_1)_(z_pT_Bin_1)_(MultiDim_z_pT_Bin_Y_bin_phi_t)[0m (Histo Num 43564)
[91mSkipping: (MultiDim_3D_Histo)_(BC_RC_Bayesian)_(SMEAR=Smear)_(Q2_y_Bin_1)_(z_pT_Bin_2)_(MultiDim_z_pT_Bin_Y_bin_phi_t)[0m (Histo Num 43565)
[91mSkipping: (MultiDim_3D_Histo)_(BC_RC_Bayesian)_(SMEAR=Smear)_(Q2_y_Bin_1)_(z_pT_Bin_3)_(MultiDim_z_pT_Bin_Y_bin_phi_t)[0m (Histo Num 43566)
[91mSkipping: (MultiDim_3D_Histo)_(BC_RC_Bayesian)_(SMEAR=Smear)_(Q2_y_Bin_1)_(z_pT_Bin_4)_(MultiDim_z_pT_Bin_Y_bin_phi_t)[0m (Histo Num 43567)
[91mSkipping: (MultiDim_3D_Histo)_(BC_RC_Bayesian)_(SMEAR=Smear)_(Q2_y_Bin_1)_(z_pT_Bin_5)_(MultiDim_z_pT_Bin_Y_bin_phi_t)[0m (Histo Num 43568)
[91mSkipping: (MultiDim_3D_Histo)_(BC_RC_Bayesian)_(SMEAR=Smear)_(Q2_y_Bin_1)_(z_pT_Bin_6)_(MultiDim_z_pT_Bin_Y_bin_phi_t)[0m (Histo Num 43569)
[91mSkipping: (MultiDim_3D_Histo)_(BC_RC_Bayesian)_(SMEAR=Smear)_(Q2_y_Bin_1)_(z_pT_Bin_7)_(MultiDim_z_pT_Bin_Y_bin_phi_t)[0m (Histo Num 43570)
[91mSkipping: (MultiDim_3D_Histo)_(BC_RC_Bayesian)_(SMEAR=Smear)_(Q2_y_Bin_1)_(z_pT_Bin_8)_(MultiDim_z_pT_Bin_Y_bin_phi_t)[0m (Histo Num 43571)
[91mSkipping: (MultiDim_3D_Histo)_(BC_RC_Bayesian)_(SMEAR=Smear)_(Q2_y_Bin_1)_(z_pT_Bin_9)_(MultiDim_z_pT_Bin_Y_bin_phi_t)[0m (Histo Num 43572)
[91mSkipping: (MultiDim_3D_Histo)_(BC_RC_Bayesian)_(SMEAR=Smear)_(Q2_y_Bin_1)_(z_pT_Bin_10)_(MultiDim_z_pT_Bin_Y_bin_phi_t)[0m (Histo Num 43573)
[91mSkipping: (MultiDim_3D_Histo)_(BC_RC_Bayesian)_(SMEAR=Smear)_(Q2_y_Bin_1)_(z_pT_Bin_11)_(MultiDim_z_pT_Bin_Y_bin_phi_t)[0m (Histo Num 43574)
[91mSkipping: (MultiDim_3D_Histo)_(BC_RC_Bayesian)_(SMEAR=Smear)_(Q2_y_Bin_1)_(z_pT_Bin_12)_(MultiDim_z_pT_Bin_Y_bin_phi_t)[0m (Histo Num 43575)
[91mSkipping: (MultiDim_3D_Histo)_(BC_RC_Bayesian)_(SMEAR=Smear)_(Q2_y_Bin_1)_(z_pT_Bin_13)_(MultiDim_z_pT_Bin_Y_bin_phi_t)[0m (Histo Num 43576)
[91mSkipping: (MultiDim_3D_Histo)_(BC_RC_Bayesian)_(SMEAR=Smear)_(Q2_y_Bin_1)_(z_pT_Bin_14)_(MultiDim_z_pT_Bin_Y_bin_phi_t)[0m (Histo Num 43577)
[91mSkipping: (MultiDim_3D_Histo)_(BC_RC_Bayesian)_(SMEAR=Smear)_(Q2_y_Bin_1)_(z_pT_Bin_15)_(MultiDim_z_pT_Bin_Y_bin_phi_t)[0m (Histo Num 43578)
[91mSkipping: (MultiDim_3D_Histo)_(BC_RC_Bayesian)_(SMEAR=Smear)_(Q2_y_Bin_1)_(z_pT_Bin_16)_(MultiDim_z_pT_Bin_Y_bin_phi_t)[0m (Histo Num 43579)
[91mSkipping: (MultiDim_3D_Histo)_(BC_RC_Bayesian)_(SMEAR=Smear)_(Q2_y_Bin_1)_(z_pT_Bin_17)_(MultiDim_z_pT_Bin_Y_bin_phi_t)[0m (Histo Num 43580)
[91mSkipping: (MultiDim_3D_Histo)_(BC_RC_Bayesian)_(SMEAR=Smear)_(Q2_y_Bin_1)_(z_pT_Bin_18)_(MultiDim_z_pT_Bin_Y_bin_phi_t)[0m (Histo Num 43581)
[91mSkipping: (MultiDim_3D_Histo)_(BC_RC_Bayesian)_(SMEAR=Smear)_(Q2_y_Bin_1)_(z_pT_Bin_19)_(MultiDim_z_pT_Bin_Y_bin_phi_t)[0m (Histo Num 43582)
[91mSkipping: (MultiDim_3D_Histo)_(BC_RC_Bayesian)_(SMEAR=Smear)_(Q2_y_Bin_1)_(z_pT_Bin_20)_(MultiDim_z_pT_Bin_Y_bin_phi_t)[0m (Histo Num 43583)
[91mSkipping: (MultiDim_3D_Histo)_(BC_RC_Bayesian)_(SMEAR=Smear)_(Q2_y_Bin_1)_(z_pT_Bin_22)_(MultiDim_z_pT_Bin_Y_bin_phi_t)[0m (Histo Num 43584)
[91mSkipping: (MultiDim_3D_Histo)_(BC_RC_Bayesian)_(SMEAR=Smear)_(Q2_y_Bin_1)_(z_pT_Bin_23)_(MultiDim_z_pT_Bin_Y_bin_phi_t)[0m (Histo Num 43585)
[91mSkipping: (MultiDim_3D_Histo)_(BC_RC_Bayesian)_(SMEAR=Smear)_(Q2_y_Bin_1)_(z_pT_Bin_24)_(MultiDim_z_pT_Bin_Y_bin_phi_t)[0m (Histo Num 43586)
[91mSkipping: (MultiDim_3D_Histo)_(BC_RC_Bayesian)_(SMEAR=Smear)_(Q2_y_Bin_1)_(z_pT_Bin_25)_(MultiDim_z_pT_Bin_Y_bin_phi_t)[0m (Histo Num 43587)
[91mSkipping: (MultiDim_3D_Histo)_(BC_RC_Bayesian)_(SMEAR=Smear)_(Q2_y_Bin_1)_(z_pT_Bin_26)_(MultiDim_z_pT_Bin_Y_bin_phi_t)[0m (Histo Num 43588)
[91mSkipping: (MultiDim_3D_Histo)_(BC_RC_Bayesian)_(SMEAR=Smear)_(Q2_y_Bin_1)_(z_pT_Bin_29)_(MultiDim_z_pT_Bin_Y_bin_phi_t)[0m (Histo Num 43589)
[91mSkipping: (MultiDim_3D_Histo)_(BC_RC_Bayesian)_(SMEAR=Smear)_(Q2_y_Bin_1)_(z_pT_Bin_30)_(MultiDim_z_pT_Bin_Y_bin_phi_t)[0m (Histo Num 43590)
[91mSkipping: (MultiDim_3D_Histo)_(BC_RC_Bayesian)_(SMEAR=Smear)_(Q2_y_Bin_1)_(z_pT_Bin_31)_(MultiDim_z_pT_Bin_Y_bin_phi_t)[0m (Histo Num 43591)
[91mSkipping: (MultiDim_3D_Histo)_(BC_RC_Bayesian)_(SMEAR=Smear)_(Q2_y_Bin_1)_(z_pT_Bin_32)_(MultiDim_z_pT_Bin_Y_bin_phi_t)[0m (Histo Num 43592)
[91mSkipping: (MultiDim_3D_Histo)_(BC_RC_Bayesian)_(SMEAR=Smear)_(Q2_y_Bin_2)_(z_pT_Bin_1)_(MultiDim_z_pT_Bin_Y_bin_phi_t)[0m (Histo Num 43593)
[91mSkipping: (MultiDim_3D_Histo)_(BC_RC_Bayesian)_(SMEAR=Smear)_(Q2_y_Bin_2)_(z_pT_Bin_2)_(MultiDim_z_pT_Bin_Y_bin_phi_t)[0m (Histo Num 43594)
[91mSkipping: (MultiDim_3D_Histo)_(BC_RC_Bayesian)_(SMEAR=Smear)_(Q2_y_Bin_2)_(z_pT_Bin_3)_(MultiDim_z_pT_Bin_Y_bin_phi_t)[0m (Histo Num 43595)
[91mSkipping: (MultiDim_3D_Histo)_(BC_RC_Bayesian)_(SMEAR=Smear)_(Q2_y_Bin_2)_(z_pT_Bin_4)_(MultiDim_z_pT_Bin_Y_bin_phi_t)[0m (Histo Num 43596)
[91mSkipping: (MultiDim_3D_Histo)_(BC_RC_Bayesian)_(SMEAR=Smear)_(Q2_y_Bin_2)_(z_pT_Bin_5)_(MultiDim_z_pT_Bin_Y_bin_phi_t)[0m (Histo Num 43597)
[91mSkipping: (MultiDim_3D_Histo)_(BC_RC_Bayesian)_(SMEAR=Smear)_(Q2_y_Bin_2)_(z_pT_Bin_6)_(MultiDim_z_pT_Bin_Y_bin_phi_t)[0m (Histo Num 43598)
[91mSkipping: (MultiDim_3D_Histo)_(BC_RC_Bayesian)_(SMEAR=Smear)_(Q2_y_Bin_2)_(z_pT_Bin_7)_(MultiDim_z_pT_Bin_Y_bin_phi_t)[0m (Histo Num 43599)
[91mSkipping: (MultiDim_3D_Histo)_(BC_RC_Bayesian)_(SMEAR=Smear)_(Q2_y_Bin_2)_(z_pT_Bin_8)_(MultiDim_z_pT_Bin_Y_bin_phi_t)[0m (Histo Num 43600)
[91mSkipping: (MultiDim_3D_Histo)_(BC_RC_Bayesian)_(SMEAR=Smear)_(Q2_y_Bin_2)_(z_pT_Bin_9)_(MultiDim_z_pT_Bin_Y_bin_phi_t)[0m (Histo Num 43601)
[91mSkipping: (MultiDim_3D_Histo)_(BC_RC_Bayesian)_(SMEAR=Smear)_(Q2_y_Bin_2)_(z_pT_Bin_10)_(MultiDim_z_pT_Bin_Y_bin_phi_t)[0m (Histo Num 43602)
[91mSkipping: (MultiDim_3D_Histo)_(BC_RC_Bayesian)_(SMEAR=Smear)_(Q2_y_Bin_2)_(z_pT_Bin_11)_(MultiDim_z_pT_Bin_Y_bin_phi_t)[0m (Histo Num 43603)
[91mSkipping: (MultiDim_3D_Histo)_(BC_RC_Bayesian)_(SMEAR=Smear)_(Q2_y_Bin_2)_(z_pT_Bin_12)_(MultiDim_z_pT_Bin_Y_bin_phi_t)[0m (Histo Num 43604)
[91mSkipping: (MultiDim_3D_Histo)_(BC_RC_Bayesian)_(SMEAR=Smear)_(Q2_y_Bin_2)_(z_pT_Bin_13)_(MultiDim_z_pT_Bin_Y_bin_phi_t)[0m (Histo Num 43605)
[91mSkipping: (MultiDim_3D_Histo)_(BC_RC_Bayesian)_(SMEAR=Smear)_(Q2_y_Bin_2)_(z_pT_Bin_14)_(MultiDim_z_pT_Bin_Y_bin_phi_t)[0m (Histo Num 43606)
[91mSkipping: (MultiDim_3D_Histo)_(BC_RC_Bayesian)_(SMEAR=Smear)_(Q2_y_Bin_2)_(z_pT_Bin_15)_(MultiDim_z_pT_Bin_Y_bin_phi_t)[0m (Histo Num 43607)
[91mSkipping: (MultiDim_3D_Histo)_(BC_RC_Bayesian)_(SMEAR=Smear)_(Q2_y_Bin_2)_(z_pT_Bin_16)_(MultiDim_z_pT_Bin_Y_bin_phi_t)[0m (Histo Num 43608)
[91mSkipping: (MultiDim_3D_Histo)_(BC_RC_Bayesian)_(SMEAR=Smear)_(Q2_y_Bin_2)_(z_pT_Bin_17)_(MultiDim_z_pT_Bin_Y_bin_phi_t)[0m (Histo Num 43609)
[91mSkipping: (MultiDim_3D_Histo)_(BC_RC_Bayesian)_(SMEAR=Smear)_(Q2_y_Bin_2)_(z_pT_Bin_18)_(MultiDim_z_pT_Bin_Y_bin_phi_t)[0m (Histo Num 43610)
[91mSkipping: (MultiDim_3D_Histo)_(BC_RC_Bayesian)_(SMEAR=Smear)_(Q2_y_Bin_2)_(z_pT_Bin_19)_(MultiDim_z_pT_Bin_Y_bin_phi_t)[0m (Histo Num 43611)
[91mSkipping: (MultiDim_3D_Histo)_(BC_RC_Bayesian)_(SMEAR=Smear)_(Q2_y_Bin_2)_(z_pT_Bin_20)_(MultiDim_z_pT_Bin_Y_bin_phi_t)[0m (Histo Num 43612)
[91mSkipping: (MultiDim_3D_Histo)_(BC_RC_Bayesian)_(SMEAR=Smear)_(Q2_y_Bin_2)_(z_pT_Bin_21)_(MultiDim_z_pT_Bin_Y_bin_phi_t)[0m (Histo Num 43613)
[91mSkipping: (MultiDim_3D_Histo)_(BC_RC_Bayesian)_(SMEAR=Smear)_(Q2_y_Bin_2)_(z_pT_Bin_22)_(MultiDim_z_pT_Bin_Y_bin_phi_t)[0m (Histo Num 43614)
[91mSkipping: (MultiDim_3D_Histo)_(BC_RC_Bayesian)_(SMEAR=Smear)_(Q2_y_Bin_2)_(z_pT_Bin_23)_(MultiDim_z_pT_Bin_Y_bin_phi_t)[0m (Histo Num 43615)
[91mSkipping: (MultiDim_3D_Histo)_(BC_RC_Bayesian)_(SMEAR=Smear)_(Q2_y_Bin_2)_(z_pT_Bin_25)_(MultiDim_z_pT_Bin_Y_bin_phi_t)[0m (Histo Num 43616)
[91mSkipping: (MultiDim_3D_Histo)_(BC_RC_Bayesian)_(SMEAR=Smear)_(Q2_y_Bin_2)_(z_pT_Bin_26)_(MultiDim_z_pT_Bin_Y_bin_phi_t)[0m (Histo Num 43617)
[91mSkipping: (MultiDim_3D_Histo)_(BC_RC_Bayesian)_(SMEAR=Smear)_(Q2_y_Bin_2)_(z_pT_Bin_27)_(MultiDim_z_pT_Bin_Y_bin_phi_t)[0m (Histo Num 43618)
[91mSkipping: (MultiDim_3D_Histo)_(BC_RC_Bayesian)_(SMEAR=Smear)_(Q2_y_Bin_2)_(z_pT_Bin_28)_(MultiDim_z_pT_Bin_Y_bin_phi_t)[0m (Histo Num 43619)
[91mSkipping: (MultiDim_3D_Histo)_(BC_RC_Bayesian)_(SMEAR=Smear)_(Q2_y_Bin_2)_(z_pT_Bin_29)_(MultiDim_z_pT_Bin_Y_bin_phi_t)[0m (Histo Num 43620)
[91mSkipping: (MultiDim_3D_Histo)_(BC_RC_Bayesian)_(SMEAR=Smear)_(Q2_y_Bin_2)_(z_pT_Bin_31)_(MultiDim_z_pT_Bin_Y_bin_phi_t)[0m (Histo Num 43621)
[91mSkipping: (MultiDim_3D_Histo)_(BC_RC_Bayesian)_(SMEAR=Smear)_(Q2_y_Bin_2)_(z_pT_Bin_32)_(MultiDim_z_pT_Bin_Y_bin_phi_t)[0m (Histo Num 43622)
[91mSkipping: (MultiDim_3D_Histo)_(BC_RC_Bayesian)_(SMEAR=Smear)_(Q2_y_Bin_2)_(z_pT_Bin_33)_(MultiDim_z_pT_Bin_Y_bin_phi_t)[0m (Histo Num 43623)
[91mSkipping: (MultiDim_3D_Histo)_(BC_RC_Bayesian)_(SMEAR=Smear)_(Q2_y_Bin_2)_(z_pT_Bin_34)_(MultiDim_z_pT_Bin_Y_bin_phi_t)[0m (Histo Num 43624)
[91mSkipping: (MultiDim_3D_Histo)_(BC_RC_Bayesian)_(SMEAR=Smear)_(Q2_y_Bin_3)_(z_pT_Bin_1)_(MultiDim_z_pT_Bin_Y_bin_phi_t)[0m (Histo Num 43625)
[91mSkipping: (MultiDim_3D_Histo)_(BC_RC_Bayesian)_(SMEAR=Smear)_(Q2_y_Bin_3)_(z_pT_Bin_2)_(MultiDim_z_pT_Bin_Y_bin_phi_t)[0m (Histo Num 43626)
[91mSkipping: (MultiDim_3D_Histo)_(BC_RC_Bayesian)_(SMEAR=Smear)_(Q2_y_Bin_3)_(z_pT_Bin_3)_(MultiDim_z_pT_Bin_Y_bin_phi_t)[0m (Histo Num 43627)
[91mSkipping: (MultiDim_3D_Histo)_(BC_RC_Bayesian)_(SMEAR=Smear)_(Q2_y_Bin_3)_(z_pT_Bin_4)_(MultiDim_z_pT_Bin_Y_bin_phi_t)[0m (Histo Num 43628)
[91mSkipping: (MultiDim_3D_Histo)_(BC_RC_Bayesian)_(SMEAR=Smear)_(Q2_y_Bin_3)_(z_pT_Bin_5)_(MultiDim_z_pT_Bin_Y_bin_phi_t)[0m (Histo Num 43629)
[91mSkipping: (MultiDim_3D_Histo)_(BC_RC_Bayesian)_(SMEAR=Smear)_(Q2_y_Bin_3)_(z_pT_Bin_7)_(MultiDim_z_pT_Bin_Y_bin_phi_t)[0m (Histo Num 43630)
[91mSkipping: (MultiDim_3D_Histo)_(BC_RC_Bayesian)_(SMEAR=Smear)_(Q2_y_Bin_3)_(z_pT_Bin_8)_(MultiDim_z_pT_Bin_Y_bin_phi_t)[0m (Histo Num 43631)
[91mSkipping: (MultiDim_3D_Histo)_(BC_RC_Bayesian)_(SMEAR=Smear)_(Q2_y_Bin_3)_(z_pT_Bin_9)_(MultiDim_z_pT_Bin_Y_bin_phi_t)[0m (Histo Num 43632)
[91mSkipping: (MultiDim_3D_Histo)_(BC_RC_Bayesian)_(SMEAR=Smear)_(Q2_y_Bin_3)_(z_pT_Bin_10)_(MultiDim_z_pT_Bin_Y_bin_phi_t)[0m (Histo Num 43633)
[91mSkipping: (MultiDim_3D_Histo)_(BC_RC_Bayesian)_(SMEAR=Smear)_(Q2_y_Bin_3)_(z_pT_Bin_11)_(MultiDim_z_pT_Bin_Y_bin_phi_t)[0m (Histo Num 43634)
[91mSkipping: (MultiDim_3D_Histo)_(BC_RC_Bayesian)_(SMEAR=Smear)_(Q2_y_Bin_3)_(z_pT_Bin_12)_(MultiDim_z_pT_Bin_Y_bin_phi_t)[0m (Histo Num 43635)
[91mSkipping: (MultiDim_3D_Histo)_(BC_RC_Bayesian)_(SMEAR=Smear)_(Q2_y_Bin_3)_(z_pT_Bin_13)_(MultiDim_z_pT_Bin_Y_bin_phi_t)[0m (Histo Num 43636)
[91mSkipping: (MultiDim_3D_Histo)_(BC_RC_Bayesian)_(SMEAR=Smear)_(Q2_y_Bin_3)_(z_pT_Bin_14)_(MultiDim_z_pT_Bin_Y_bin_phi_t)[0m (Histo Num 43637)
[91mSkipping: (MultiDim_3D_Histo)_(BC_RC_Bayesian)_(SMEAR=Smear)_(Q2_y_Bin_3)_(z_pT_Bin_15)_(MultiDim_z_pT_Bin_Y_bin_phi_t)[0m (Histo Num 43638)
[91mSkipping: (MultiDim_3D_Histo)_(BC_RC_Bayesian)_(SMEAR=Smear)_(Q2_y_Bin_3)_(z_pT_Bin_16)_(MultiDim_z_pT_Bin_Y_bin_phi_t)[0m (Histo Num 43639)
[91mSkipping: (MultiDim_3D_Histo)_(BC_RC_Bayesian)_(SMEAR=Smear)_(Q2_y_Bin_3)_(z_pT_Bin_17)_(MultiDim_z_pT_Bin_Y_bin_phi_t)[0m (Histo Num 43640)
[91mSkipping: (MultiDim_3D_Histo)_(BC_RC_Bayesian)_(SMEAR=Smear)_(Q2_y_Bin_3)_(z_pT_Bin_18)_(MultiDim_z_pT_Bin_Y_bin_phi_t)[0m (Histo Num 43641)
[91mSkipping: (MultiDim_3D_Histo)_(BC_RC_Bayesian)_(SMEAR=Smear)_(Q2_y_Bin_3)_(z_pT_Bin_19)_(MultiDim_z_pT_Bin_Y_bin_phi_t)[0m (Histo Num 43642)
[91mSkipping: (MultiDim_3D_Histo)_(BC_RC_Bayesian)_(SMEAR=Smear)_(Q2_y_Bin_3)_(z_pT_Bin_20)_(MultiDim_z_pT_Bin_Y_bin_phi_t)[0m (Histo Num 43643)
[91mSkipping: (MultiDim_3D_Histo)_(BC_RC_Bayesian)_(SMEAR=Smear)_(Q2_y_Bin_3)_(z_pT_Bin_21)_(MultiDim_z_pT_Bin_Y_bin_phi_t)[0m (Histo Num 43644)
[91mSkipping: (MultiDim_3D_Histo)_(BC_RC_Bayesian)_(SMEAR=Smear)_(Q2_y_Bin_3)_(z_pT_Bin_22)_(MultiDim_z_pT_Bin_Y_bin_phi_t)[0m (Histo Num 43645)
[91mSkipping: (MultiDim_3D_Histo)_(BC_RC_Bayesian)_(SMEAR=Smear)_(Q2_y_Bin_3)_(z_pT_Bin_23)_(MultiDim_z_pT_Bin_Y_bin_phi_t)[0m (Histo Num 43646)
[91mSkipping: (MultiDim_3D_Histo)_(BC_RC_Bayesian)_(SMEAR=Smear)_(Q2_y_Bin_3)_(z_pT_Bin_24)_(MultiDim_z_pT_Bin_Y_bin_phi_t)[0m (Histo Num 43647)
[91mSkipping: (MultiDim_3D_Histo)_(BC_RC_Bayesian)_(SMEAR=Smear)_(Q2_y_Bin_3)_(z_pT_Bin_25)_(MultiDim_z_pT_Bin_Y_bin_phi_t)[0m (Histo Num 43648)
[91mSkipping: (MultiDim_3D_Histo)_(BC_RC_Bayesian)_(SMEAR=Smear)_(Q2_y_Bin_3)_(z_pT_Bin_26)_(MultiDim_z_pT_Bin_Y_bin_phi_t)[0m (Histo Num 43649)
[91mSkipping: (MultiDim_3D_Histo)_(BC_RC_Bayesian)_(SMEAR=Smear)_(Q2_y_Bin_3)_(z_pT_Bin_27)_(MultiDim_z_pT_Bin_Y_bin_phi_t)[0m (Histo Num 43650)
[91mSkipping: (MultiDim_3D_Histo)_(BC_RC_Bayesian)_(SMEAR=Smear)_(Q2_y_Bin_3)_(z_pT_Bin_28)_(MultiDim_z_pT_Bin_Y_bin_phi_t)[0m (Histo Num 43651)
[91mSkipping: (MultiDim_3D_Histo)_(BC_RC_Bayesian)_(SMEAR=Smear)_(Q2_y_Bin_3)_(z_pT_Bin_29)_(MultiDim_z_pT_Bin_Y_bin_phi_t)[0m (Histo Num 43652)
[91mSkipping: (MultiDim_3D_Histo)_(BC_RC_Bayesian)_(SMEAR=Smear)_(Q2_y_Bin_4)_(z_pT_Bin_7)_(MultiDim_z_pT_Bin_Y_bin_phi_t)[0m (Histo Num 43653)
[91mSkipping: (MultiDim_3D_Histo)_(BC_RC_Bayesian)_(SMEAR=Smear)_(Q2_y_Bin_4)_(z_pT_Bin_8)_(MultiDim_z_pT_Bin_Y_bin_phi_t)[0m (Histo Num 43654)
[91mSkipping: (MultiDim_3D_Histo)_(BC_RC_Bayesian)_(SMEAR=Smear)_(Q2_y_Bin_4)_(z_pT_Bin_9)_(MultiDim_z_pT_Bin_Y_bin_phi_t)[0m (Histo Num 43655)
[91mSkipping: (MultiDim_3D_Histo)_(BC_RC_Bayesian)_(SMEAR=Smear)_(Q2_y_Bin_4)_(z_pT_Bin_10)_(MultiDim_z_pT_Bin_Y_bin_phi_t)[0m (Histo Num 43656)
[91mSkipping: (MultiDim_3D_Histo)_(BC_RC_Bayesian)_(SMEAR=Smear)_(Q2_y_Bin_4)_(z_pT_Bin_11)_(MultiDim_z_pT_Bin_Y_bin_phi_t)[0m (Histo Num 43657)
[91mSkipping: (MultiDim_3D_Histo)_(BC_RC_Bayesian)_(SMEAR=Smear)_(Q2_y_Bin_4)_(z_pT_Bin_13)_(MultiDim_z_pT_Bin_Y_bin_phi_t)[0m (Histo Num 43658)
[91mSkipping: (MultiDim_3D_Histo)_(BC_RC_Bayesian)_(SMEAR=Smear)_(Q2_y_Bin_4)_(z_pT_Bin_14)_(MultiDim_z_pT_Bin_Y_bin_phi_t)[0m (Histo Num 43659)
[91mSkipping: (MultiDim_3D_Histo)_(BC_RC_Bayesian)_(SMEAR=Smear)_(Q2_y_Bin_4)_(z_pT_Bin_15)_(MultiDim_z_pT_Bin_Y_bin_phi_t)[0m (Histo Num 43660)
[91mSkipping: (MultiDim_3D_Histo)_(BC_RC_Bayesian)_(SMEAR=Smear)_(Q2_y_Bin_4)_(z_pT_Bin_16)_(MultiDim_z_pT_Bin_Y_bin_phi_t)[0m (Histo Num 43661)
[91mSkipping: (MultiDim_3D_Histo)_(BC_RC_Bayesian)_(SMEAR=Smear)_(Q2_y_Bin_4)_(z_pT_Bin_17)_(MultiDim_z_pT_Bin_Y_bin_phi_t)[0m (Histo Num 43662)
[91mSkipping: (MultiDim_3D_Histo)_(BC_RC_Bayesian)_(SMEAR=Smear)_(Q2_y_Bin_4)_(z_pT_Bin_19)_(MultiDim_z_pT_Bin_Y_bin_phi_t)[0m (Histo Num 43663)
[91mSkipping: (MultiDim_3D_Histo)_(BC_RC_Bayesian)_(SMEAR=Smear)_(Q2_y_Bin_4)_(z_pT_Bin_20)_(MultiDim_z_pT_Bin_Y_bin_phi_t)[0m (Histo Num 43664)
[91mSkipping: (MultiDim_3D_Histo)_(BC_RC_Bayesian)_(SMEAR=Smear)_(Q2_y_Bin_4)_(z_pT_Bin_21)_(MultiDim_z_pT_Bin_Y_bin_phi_t)[0m (Histo Num 43665)
[91mSkipping: (MultiDim_3D_Histo)_(BC_RC_Bayesian)_(SMEAR=Smear)_(Q2_y_Bin_4)_(z_pT_Bin_22)_(MultiDim_z_pT_Bin_Y_bin_phi_t)[0m (Histo Num 43666)
[91mSkipping: (MultiDim_3D_Histo)_(BC_RC_Bayesian)_(SMEAR=Smear)_(Q2_y_Bin_4)_(z_pT_Bin_23)_(MultiDim_z_pT_Bin_Y_bin_phi_t)[0m (Histo Num 43667)
[91mSkipping: (MultiDim_3D_Histo)_(BC_RC_Bayesian)_(SMEAR=Smear)_(Q2_y_Bin_4)_(z_pT_Bin_25)_(MultiDim_z_pT_Bin_Y_bin_phi_t)[0m (Histo Num 43668)
[91mSkipping: (MultiDim_3D_Histo)_(BC_RC_Bayesian)_(SMEAR=Smear)_(Q2_y_Bin_4)_(z_pT_Bin_26)_(MultiDim_z_pT_Bin_Y_bin_phi_t)[0m (Histo Num 43669)
[91mSkipping: (MultiDim_3D_Histo)_(BC_RC_Bayesian)_(SMEAR=Smear)_(Q2_y_Bin_4)_(z_pT_Bin_27)_(MultiDim_z_pT_Bin_Y_bin_phi_t)[0m (Histo Num 43670)
[91mSkipping: (MultiDim_3D_Histo)_(BC_RC_Bayesian)_(SMEAR=Smear)_(Q2_y_Bin_4)_(z_pT_Bin_28)_(MultiDim_z_pT_Bin_Y_bin_phi_t)[0m (Histo Num 43671)
[91mSkipping: (MultiDim_3D_Histo)_(BC_RC_Bayesian)_(SMEAR=Smear)_(Q2_y_Bin_4)_(z_pT_Bin_29)_(MultiDim_z_pT_Bin_Y_bin_phi_t)[0m (Histo Num 43672)
[91mSkipping: (MultiDim_3D_Histo)_(BC_RC_Bayesian)_(SMEAR=Smear)_(Q2_y_Bin_4)_(z_pT_Bin_31)_(MultiDim_z_pT_Bin_Y_bin_phi_t)[0m (Histo Num 43673)
[91mSkipping: (MultiDim_3D_Histo)_(BC_RC_Bayesian)_(SMEAR=Smear)_(Q2_y_Bin_4)_(z_pT_Bin_32)_(MultiDim_z_pT_Bin_Y_bin_phi_t)[0m (Histo Num 43674)
[91mSkipping: (MultiDim_3D_Histo)_(BC_RC_Bayesian)_(SMEAR=Smear)_(Q2_y_Bin_4)_(z_pT_Bin_33)_(MultiDim_z_pT_Bin_Y_bin_phi_t)[0m (Histo Num 43675)
[91mSkipping: (MultiDim_3D_Histo)_(BC_RC_Bayesian)_(SMEAR=Smear)_(Q2_y_Bin_4)_(z_pT_Bin_34)_(MultiDim_z_pT_Bin_Y_bin_phi_t)[0m (Histo Num 43676)
[91mSkipping: (MultiDim_3D_Histo)_(BC_RC_Bayesian)_(SMEAR=Smear)_(Q2_y_Bin_5)_(z_pT_Bin_1)_(MultiDim_z_pT_Bin_Y_bin_phi_t)[0m (Histo Num 43677)
[91mSkipping: (MultiDim_3D_Histo)_(BC_RC_Bayesian)_(SMEAR=Smear)_(Q2_y_Bin_5)_(z_pT_Bin_2)_(MultiDim_z_pT_Bin_Y_bin_phi_t)[0m (Histo Num 43678)
[91mSkipping: (MultiDim_3D_Histo)_(BC_RC_Bayesian)_(SMEAR=Smear)_(Q2_y_Bin_5)_(z_pT_Bin_3)_(MultiDim_z_pT_Bin_Y_bin_phi_t)[0m (Histo Num 43679)
[91mSkipping: (MultiDim_3D_Histo)_(BC_RC_Bayesian)_(SMEAR=Smear)_(Q2_y_Bin_5)_(z_pT_Bin_4)_(MultiDim_z_pT_Bin_Y_bin_phi_t)[0m (Histo Num 43680)
[91mSkipping: (MultiDim_3D_Histo)_(BC_RC_Bayesian)_(SMEAR=Smear)_(Q2_y_Bin_5)_(z_pT_Bin_5)_(MultiDim_z_pT_Bin_Y_bin_phi_t)[0m (Histo Num 43681)
[91mSkipping: (MultiDim_3D_Histo)_(BC_RC_Bayesian)_(SMEAR=Smear)_(Q2_y_Bin_5)_(z_pT_Bin_6)_(MultiDim_z_pT_Bin_Y_bin_phi_t)[0m (Histo Num 43682)
[91mSkipping: (MultiDim_3D_Histo)_(BC_RC_Bayesian)_(SMEAR=Smear)_(Q2_y_Bin_5)_(z_pT_Bin_7)_(MultiDim_z_pT_Bin_Y_bin_phi_t)[0m (Histo Num 43683)
[91mSkipping: (MultiDim_3D_Histo)_(BC_RC_Bayesian)_(SMEAR=Smear)_(Q2_y_Bin_5)_(z_pT_Bin_8)_(MultiDim_z_pT_Bin_Y_bin_phi_t)[0m (Histo Num 43684)
[91mSkipping: (MultiDim_3D_Histo)_(BC_RC_Bayesian)_(SMEAR=Smear)_(Q2_y_Bin_5)_(z_pT_Bin_9)_(MultiDim_z_pT_Bin_Y_bin_phi_t)[0m (Histo Num 43685)
[91mSkipping: (MultiDim_3D_Histo)_(BC_RC_Bayesian)_(SMEAR=Smear)_(Q2_y_Bin_5)_(z_pT_Bin_10)_(MultiDim_z_pT_Bin_Y_bin_phi_t)[0m (Histo Num 43686)
[91mSkipping: (MultiDim_3D_Histo)_(BC_RC_Bayesian)_(SMEAR=Smear)_(Q2_y_Bin_5)_(z_pT_Bin_11)_(MultiDim_z_pT_Bin_Y_bin_phi_t)[0m (Histo Num 43687)
[91mSkipping: (MultiDim_3D_Histo)_(BC_RC_Bayesian)_(SMEAR=Smear)_(Q2_y_Bin_5)_(z_pT_Bin_12)_(MultiDim_z_pT_Bin_Y_bin_phi_t)[0m (Histo Num 43688)
[91mSkipping: (MultiDim_3D_Histo)_(BC_RC_Bayesian)_(SMEAR=Smear)_(Q2_y_Bin_5)_(z_pT_Bin_13)_(MultiDim_z_pT_Bin_Y_bin_phi_t)[0m (Histo Num 43689)
[91mSkipping: (MultiDim_3D_Histo)_(BC_RC_Bayesian)_(SMEAR=Smear)_(Q2_y_Bin_5)_(z_pT_Bin_14)_(MultiDim_z_pT_Bin_Y_bin_phi_t)[0m (Histo Num 43690)
[91mSkipping: (MultiDim_3D_Histo)_(BC_RC_Bayesian)_(SMEAR=Smear)_(Q2_y_Bin_5)_(z_pT_Bin_15)_(MultiDim_z_pT_Bin_Y_bin_phi_t)[0m (Histo Num 43691)
[91mSkipping: (MultiDim_3D_Histo)_(BC_RC_Bayesian)_(SMEAR=Smear)_(Q2_y_Bin_5)_(z_pT_Bin_16)_(MultiDim_z_pT_Bin_Y_bin_phi_t)[0m (Histo Num 43692)
[91mSkipping: (MultiDim_3D_Histo)_(BC_RC_Bayesian)_(SMEAR=Smear)_(Q2_y_Bin_5)_(z_pT_Bin_17)_(MultiDim_z_pT_Bin_Y_bin_phi_t)[0m (Histo Num 43693)
[91mSkipping: (MultiDim_3D_Histo)_(BC_RC_Bayesian)_(SMEAR=Smear)_(Q2_y_Bin_5)_(z_pT_Bin_18)_(MultiDim_z_pT_Bin_Y_bin_phi_t)[0m (Histo Num 43694)
[91mSkipping: (MultiDim_3D_Histo)_(BC_RC_Bayesian)_(SMEAR=Smear)_(Q2_y_Bin_5)_(z_pT_Bin_19)_(MultiDim_z_pT_Bin_Y_bin_phi_t)[0m (Histo Num 43695)
[91mSkipping: (MultiDim_3D_Histo)_(BC_RC_Bayesian)_(SMEAR=Smear)_(Q2_y_Bin_5)_(z_pT_Bin_20)_(MultiDim_z_pT_Bin_Y_bin_phi_t)[0m (Histo Num 43696)
[91mSkipping: (MultiDim_3D_Histo)_(BC_RC_Bayesian)_(SMEAR=Smear)_(Q2_y_Bin_5)_(z_pT_Bin_21)_(MultiDim_z_pT_Bin_Y_bin_phi_t)[0m (Histo Num 43697)
[91mSkipping: (MultiDim_3D_Histo)_(BC_RC_Bayesian)_(SMEAR=Smear)_(Q2_y_Bin_5)_(z_pT_Bin_22)_(MultiDim_z_pT_Bin_Y_bin_phi_t)[0m (Histo Num 43698)
[91mSkipping: (MultiDim_3D_Histo)_(BC_RC_Bayesian)_(SMEAR=Smear)_(Q2_y_Bin_5)_(z_pT_Bin_23)_(MultiDim_z_pT_Bin_Y_bin_phi_t)[0m (Histo Num 43699)
[91mSkipping: (MultiDim_3D_Histo)_(BC_RC_Bayesian)_(SMEAR=Smear)_(Q2_y_Bin_5)_(z_pT_Bin_25)_(MultiDim_z_pT_Bin_Y_bin_phi_t)[0m (Histo Num 43700)
[91mSkipping: (MultiDim_3D_Histo)_(BC_RC_Bayesian)_(SMEAR=Smear)_(Q2_y_Bin_5)_(z_pT_Bin_26)_(MultiDim_z_pT_Bin_Y_bin_phi_t)[0m (Histo Num 43701)
[91mSkipping: (MultiDim_3D_Histo)_(BC_RC_Bayesian)_(SMEAR=Smear)_(Q2_y_Bin_5)_(z_pT_Bin_27)_(MultiDim_z_pT_Bin_Y_bin_phi_t)[0m (Histo Num 43702)
[91mSkipping: (MultiDim_3D_Histo)_(BC_RC_Bayesian)_(SMEAR=Smear)_(Q2_y_Bin_5)_(z_pT_Bin_28)_(MultiDim_z_pT_Bin_Y_bin_phi_t)[0m (Histo Num 43703)
[91mSkipping: (MultiDim_3D_Histo)_(BC_RC_Bayesian)_(SMEAR=Smear)_(Q2_y_Bin_5)_(z_pT_Bin_29)_(MultiDim_z_pT_Bin_Y_bin_phi_t)[0m (Histo Num 43704)
[91mSkipping: (MultiDim_3D_Histo)_(BC_RC_Bayesian)_(SMEAR=Smear)_(Q2_y_Bin_5)_(z_pT_Bin_31)_(MultiDim_z_pT_Bin_Y_bin_phi_t)[0m (Histo Num 43705)
[91mSkipping: (MultiDim_3D_Histo)_(BC_RC_Bayesian)_(SMEAR=Smear)_(Q2_y_Bin_5)_(z_pT_Bin_32)_(MultiDim_z_pT_Bin_Y_bin_phi_t)[0m (Histo Num 43706)
[91mSkipping: (MultiDim_3D_Histo)_(BC_RC_Bayesian)_(SMEAR=Smear)_(Q2_y_Bin_5)_(z_pT_Bin_33)_(MultiDim_z_pT_Bin_Y_bin_phi_t)[0m (Histo Num 43707)
[91mSkipping: (MultiDim_3D_Histo)_(BC_RC_Bayesian)_(SMEAR=Smear)_(Q2_y_Bin_5)_(z_pT_Bin_34)_(MultiDim_z_pT_Bin_Y_bin_phi_t)[0m (Histo Num 43708)
[91mSkipping: (MultiDim_3D_Histo)_(BC_RC_Bayesian)_(SMEAR=Smear)_(Q2_y_Bin_6)_(z_pT_Bin_1)_(MultiDim_z_pT_Bin_Y_bin_phi_t)[0m (Histo Num 43709)
[91mSkipping: (MultiDim_3D_Histo)_(BC_RC_Bayesian)_(SMEAR=Smear)_(Q2_y_Bin_6)_(z_pT_Bin_2)_(MultiDim_z_pT_Bin_Y_bin_phi_t)[0m (Histo Num 43710)
[91mSkipping: (MultiDim_3D_Histo)_(BC_RC_Bayesian)_(SMEAR=Smear)_(Q2_y_Bin_6)_(z_pT_Bin_3)_(MultiDim_z_pT_Bin_Y_bin_phi_t)[0m (Histo Num 43711)
[91mSkipping: (MultiDim_3D_Histo)_(BC_RC_Bayesian)_(SMEAR=Smear)_(Q2_y_Bin_6)_(z_pT_Bin_4)_(MultiDim_z_pT_Bin_Y_bin_phi_t)[0m (Histo Num 43712)
[91mSkipping: (MultiDim_3D_Histo)_(BC_RC_Bayesian)_(SMEAR=Smear)_(Q2_y_Bin_6)_(z_pT_Bin_5)_(MultiDim_z_pT_Bin_Y_bin_phi_t)[0m (Histo Num 43713)
[91mSkipping: (MultiDim_3D_Histo)_(BC_RC_Bayesian)_(SMEAR=Smear)_(Q2_y_Bin_6)_(z_pT_Bin_6)_(MultiDim_z_pT_Bin_Y_bin_phi_t)[0m (Histo Num 43714)
[91mSkipping: (MultiDim_3D_Histo)_(BC_RC_Bayesian)_(SMEAR=Smear)_(Q2_y_Bin_6)_(z_pT_Bin_7)_(MultiDim_z_pT_Bin_Y_bin_phi_t)[0m (Histo Num 43715)
[91mSkipping: (MultiDim_3D_Histo)_(BC_RC_Bayesian)_(SMEAR=Smear)_(Q2_y_Bin_6)_(z_pT_Bin_8)_(MultiDim_z_pT_Bin_Y_bin_phi_t)[0m (Histo Num 43716)
[91mSkipping: (MultiDim_3D_Histo)_(BC_RC_Bayesian)_(SMEAR=Smear)_(Q2_y_Bin_6)_(z_pT_Bin_9)_(MultiDim_z_pT_Bin_Y_bin_phi_t)[0m (Histo Num 43717)
[91mSkipping: (MultiDim_3D_Histo)_(BC_RC_Bayesian)_(SMEAR=Smear)_(Q2_y_Bin_6)_(z_pT_Bin_10)_(MultiDim_z_pT_Bin_Y_bin_phi_t)[0m (Histo Num 43718)
[91mSkipping: (MultiDim_3D_Histo)_(BC_RC_Bayesian)_(SMEAR=Smear)_(Q2_y_Bin_6)_(z_pT_Bin_11)_(MultiDim_z_pT_Bin_Y_bin_phi_t)[0m (Histo Num 43719)
[91mSkipping: (MultiDim_3D_Histo)_(BC_RC_Bayesian)_(SMEAR=Smear)_(Q2_y_Bin_6)_(z_pT_Bin_12)_(MultiDim_z_pT_Bin_Y_bin_phi_t)[0m (Histo Num 43720)
[91mSkipping: (MultiDim_3D_Histo)_(BC_RC_Bayesian)_(SMEAR=Smear)_(Q2_y_Bin_6)_(z_pT_Bin_13)_(MultiDim_z_pT_Bin_Y_bin_phi_t)[0m (Histo Num 43721)
[91mSkipping: (MultiDim_3D_Histo)_(BC_RC_Bayesian)_(SMEAR=Smear)_(Q2_y_Bin_6)_(z_pT_Bin_14)_(MultiDim_z_pT_Bin_Y_bin_phi_t)[0m (Histo Num 43722)
[91mSkipping: (MultiDim_3D_Histo)_(BC_RC_Bayesian)_(SMEAR=Smear)_(Q2_y_Bin_6)_(z_pT_Bin_15)_(MultiDim_z_pT_Bin_Y_bin_phi_t)[0m (Histo Num 43723)
[91mSkipping: (MultiDim_3D_Histo)_(BC_RC_Bayesian)_(SMEAR=Smear)_(Q2_y_Bin_6)_(z_pT_Bin_16)_(MultiDim_z_pT_Bin_Y_bin_phi_t)[0m (Histo Num 43724)
[91mSkipping: (MultiDim_3D_Histo)_(BC_RC_Bayesian)_(SMEAR=Smear)_(Q2_y_Bin_6)_(z_pT_Bin_17)_(MultiDim_z_pT_Bin_Y_bin_phi_t)[0m (Histo Num 43725)
[91mSkipping: (MultiDim_3D_Histo)_(BC_RC_Bayesian)_(SMEAR=Smear)_(Q2_y_Bin_6)_(z_pT_Bin_19)_(MultiDim_z_pT_Bin_Y_bin_phi_t)[0m (Histo Num 43726)
[91mSkipping: (MultiDim_3D_Histo)_(BC_RC_Bayesian)_(SMEAR=Smear)_(Q2_y_Bin_6)_(z_pT_Bin_20)_(MultiDim_z_pT_Bin_Y_bin_phi_t)[0m (Histo Num 43727)
[91mSkipping: (MultiDim_3D_Histo)_(BC_RC_Bayesian)_(SMEAR=Smear)_(Q2_y_Bin_6)_(z_pT_Bin_21)_(MultiDim_z_pT_Bin_Y_bin_phi_t)[0m (Histo Num 43728)
[91mSkipping: (MultiDim_3D_Histo)_(BC_RC_Bayesian)_(SMEAR=Smear)_(Q2_y_Bin_6)_(z_pT_Bin_22)_(MultiDim_z_pT_Bin_Y_bin_phi_t)[0m (Histo Num 43729)
[91mSkipping: (MultiDim_3D_Histo)_(BC_RC_Bayesian)_(SMEAR=Smear)_(Q2_y_Bin_6)_(z_pT_Bin_23)_(MultiDim_z_pT_Bin_Y_bin_phi_t)[0m (Histo Num 43730)
[91mSkipping: (MultiDim_3D_Histo)_(BC_RC_Bayesian)_(SMEAR=Smear)_(Q2_y_Bin_6)_(z_pT_Bin_25)_(MultiDim_z_pT_Bin_Y_bin_phi_t)[0m (Histo Num 43731)
[91mSkipping: (MultiDim_3D_Histo)_(BC_RC_Bayesian)_(SMEAR=Smear)_(Q2_y_Bin_6)_(z_pT_Bin_26)_(MultiDim_z_pT_Bin_Y_bin_phi_t)[0m (Histo Num 43732)
[91mSkipping: (MultiDim_3D_Histo)_(BC_RC_Bayesian)_(SMEAR=Smear)_(Q2_y_Bin_6)_(z_pT_Bin_27)_(MultiDim_z_pT_Bin_Y_bin_phi_t)[0m (Histo Num 43733)
[91mSkipping: (MultiDim_3D_Histo)_(BC_RC_Bayesian)_(SMEAR=Smear)_(Q2_y_Bin_6)_(z_pT_Bin_28)_(MultiDim_z_pT_Bin_Y_bin_phi_t)[0m (Histo Num 43734)
[91mSkipping: (MultiDim_3D_Histo)_(BC_RC_Bayesian)_(SMEAR=Smear)_(Q2_y_Bin_7)_(z_pT_Bin_1)_(MultiDim_z_pT_Bin_Y_bin_phi_t)[0m (Histo Num 43735)
[91mSkipping: (MultiDim_3D_Histo)_(BC_RC_Bayesian)_(SMEAR=Smear)_(Q2_y_Bin_7)_(z_pT_Bin_2)_(MultiDim_z_pT_Bin_Y_bin_phi_t)[0m (Histo Num 43736)
[91mSkipping: (MultiDim_3D_Histo)_(BC_RC_Bayesian)_(SMEAR=Smear)_(Q2_y_Bin_7)_(z_pT_Bin_3)_(MultiDim_z_pT_Bin_Y_bin_phi_t)[0m (Histo Num 43737)
[91mSkipping: (MultiDim_3D_Histo)_(BC_RC_Bayesian)_(SMEAR=Smear)_(Q2_y_Bin_7)_(z_pT_Bin_4)_(MultiDim_z_pT_Bin_Y_bin_phi_t)[0m (Histo Num 43738)
[91mSkipping: (MultiDim_3D_Histo)_(BC_RC_Bayesian)_(SMEAR=Smear)_(Q2_y_Bin_7)_(z_pT_Bin_5)_(MultiDim_z_pT_Bin_Y_bin_phi_t)[0m (Histo Num 43739)
[91mSkipping: (MultiDim_3D_Histo)_(BC_RC_Bayesian)_(SMEAR=Smear)_(Q2_y_Bin_7)_(z_pT_Bin_7)_(MultiDim_z_pT_Bin_Y_bin_phi_t)[0m (Histo Num 43740)
[91mSkipping: (MultiDim_3D_Histo)_(BC_RC_Bayesian)_(SMEAR=Smear)_(Q2_y_Bin_7)_(z_pT_Bin_8)_(MultiDim_z_pT_Bin_Y_bin_phi_t)[0m (Histo Num 43741)
[91mSkipping: (MultiDim_3D_Histo)_(BC_RC_Bayesian)_(SMEAR=Smear)_(Q2_y_Bin_7)_(z_pT_Bin_9)_(MultiDim_z_pT_Bin_Y_bin_phi_t)[0m (Histo Num 43742)
[91mSkipping: (MultiDim_3D_Histo)_(BC_RC_Bayesian)_(SMEAR=Smear)_(Q2_y_Bin_7)_(z_pT_Bin_10)_(MultiDim_z_pT_Bin_Y_bin_phi_t)[0m (Histo Num 43743)
[91mSkipping: (MultiDim_3D_Histo)_(BC_RC_Bayesian)_(SMEAR=Smear)_(Q2_y_Bin_7)_(z_pT_Bin_11)_(MultiDim_z_pT_Bin_Y_bin_phi_t)[0m (Histo Num 43744)
[91mSkipping: (MultiDim_3D_Histo)_(BC_RC_Bayesian)_(SMEAR=Smear)_(Q2_y_Bin_7)_(z_pT_Bin_12)_(MultiDim_z_pT_Bin_Y_bin_phi_t)[0m (Histo Num 43745)
[91mSkipping: (MultiDim_3D_Histo)_(BC_RC_Bayesian)_(SMEAR=Smear)_(Q2_y_Bin_7)_(z_pT_Bin_13)_(MultiDim_z_pT_Bin_Y_bin_phi_t)[0m (Histo Num 43746)
[91mSkipping: (MultiDim_3D_Histo)_(BC_RC_Bayesian)_(SMEAR=Smear)_(Q2_y_Bin_7)_(z_pT_Bin_14)_(MultiDim_z_pT_Bin_Y_bin_phi_t)[0m (Histo Num 43747)
[91mSkipping: (MultiDim_3D_Histo)_(BC_RC_Bayesian)_(SMEAR=Smear)_(Q2_y_Bin_7)_(z_pT_Bin_15)_(MultiDim_z_pT_Bin_Y_bin_phi_t)[0m (Histo Num 43748)
[91mSkipping: (MultiDim_3D_Histo)_(BC_RC_Bayesian)_(SMEAR=Smear)_(Q2_y_Bin_7)_(z_pT_Bin_16)_(MultiDim_z_pT_Bin_Y_bin_phi_t)[0m (Histo Num 43749)
[91mSkipping: (MultiDim_3D_Histo)_(BC_RC_Bayesian)_(SMEAR=Smear)_(Q2_y_Bin_7)_(z_pT_Bin_17)_(MultiDim_z_pT_Bin_Y_bin_phi_t)[0m (Histo Num 43750)
[91mSkipping: (MultiDim_3D_Histo)_(BC_RC_Bayesian)_(SMEAR=Smear)_(Q2_y_Bin_7)_(z_pT_Bin_18)_(MultiDim_z_pT_Bin_Y_bin_phi_t)[0m (Histo Num 43751)
[91mSkipping: (MultiDim_3D_Histo)_(BC_RC_Bayesian)_(SMEAR=Smear)_(Q2_y_Bin_7)_(z_pT_Bin_19)_(MultiDim_z_pT_Bin_Y_bin_phi_t)[0m (Histo Num 43752)
[91mSkipping: (MultiDim_3D_Histo)_(BC_RC_Bayesian)_(SMEAR=Smear)_(Q2_y_Bin_7)_(z_pT_Bin_20)_(MultiDim_z_pT_Bin_Y_bin_phi_t)[0m (Histo Num 43753)
[91mSkipping: (MultiDim_3D_Histo)_(BC_RC_Bayesian)_(SMEAR=Smear)_(Q2_y_Bin_7)_(z_pT_Bin_21)_(MultiDim_z_pT_Bin_Y_bin_phi_t)[0m (Histo Num 43754)
[91mSkipping: (MultiDim_3D_Histo)_(BC_RC_Bayesian)_(SMEAR=Smear)_(Q2_y_Bin_7)_(z_pT_Bin_22)_(MultiDim_z_pT_Bin_Y_bin_phi_t)[0m (Histo Num 43755)
[91mSkipping: (MultiDim_3D_Histo)_(BC_RC_Bayesian)_(SMEAR=Smear)_(Q2_y_Bin_7)_(z_pT_Bin_23)_(MultiDim_z_pT_Bin_Y_bin_phi_t)[0m (Histo Num 43756)
[91mSkipping: (MultiDim_3D_Histo)_(BC_RC_Bayesian)_(SMEAR=Smear)_(Q2_y_Bin_7)_(z_pT_Bin_24)_(MultiDim_z_pT_Bin_Y_bin_phi_t)[0m (Histo Num 43757)
[91mSkipping: (MultiDim_3D_Histo)_(BC_RC_Bayesian)_(SMEAR=Smear)_(Q2_y_Bin_7)_(z_pT_Bin_25)_(MultiDim_z_pT_Bin_Y_bin_phi_t)[0m (Histo Num 43758)
[91mSkipping: (MultiDim_3D_Histo)_(BC_RC_Bayesian)_(SMEAR=Smear)_(Q2_y_Bin_7)_(z_pT_Bin_26)_(MultiDim_z_pT_Bin_Y_bin_phi_t)[0m (Histo Num 43759)
[91mSkipping: (MultiDim_3D_Histo)_(BC_RC_Bayesian)_(SMEAR=Smear)_(Q2_y_Bin_7)_(z_pT_Bin_27)_(MultiDim_z_pT_Bin_Y_bin_phi_t)[0m (Histo Num 43760)
[91mSkipping: (MultiDim_3D_Histo)_(BC_RC_Bayesian)_(SMEAR=Smear)_(Q2_y_Bin_7)_(z_pT_Bin_28)_(MultiDim_z_pT_Bin_Y_bin_phi_t)[0m (Histo Num 43761)
[91mSkipping: (MultiDim_3D_Histo)_(BC_RC_Bayesian)_(SMEAR=Smear)_(Q2_y_Bin_7)_(z_pT_Bin_29)_(MultiDim_z_pT_Bin_Y_bin_phi_t)[0m (Histo Num 43762)
[91mSkipping: (MultiDim_3D_Histo)_(BC_RC_Bayesian)_(SMEAR=Smear)_(Q2_y_Bin_7)_(z_pT_Bin_31)_(MultiDim_z_pT_Bin_Y_bin_phi_t)[0m (Histo Num 43763)
[91mSkipping: (MultiDim_3D_Histo)_(BC_RC_Bayesian)_(SMEAR=Smear)_(Q2_y_Bin_7)_(z_pT_Bin_32)_(MultiDim_z_pT_Bin_Y_bin_phi_t)[0m (Histo Num 43764)
[91mSkipping: (MultiDim_3D_Histo)_(BC_RC_Bayesian)_(SMEAR=Smear)_(Q2_y_Bin_7)_(z_pT_Bin_33)_(MultiDim_z_pT_Bin_Y_bin_phi_t)[0m (Histo Num 43765)
[91mSkipping: (MultiDim_3D_Histo)_(BC_RC_Bayesian)_(SMEAR=Smear)_(Q2_y_Bin_7)_(z_pT_Bin_34)_(MultiDim_z_pT_Bin_Y_bin_phi_t)[0m (Histo Num 43766)
[91mSkipping: (MultiDim_3D_Histo)_(BC_RC_Bayesian)_(SMEAR=Smear)_(Q2_y_Bin_7)_(z_pT_Bin_35)_(MultiDim_z_pT_Bin_Y_bin_phi_t)[0m (Histo Num 43767)
[91mSkipping: (MultiDim_3D_Histo)_(BC_RC_Bayesian)_(SMEAR=Smear)_(Q2_y_Bin_8)_(z_pT_Bin_6)_(MultiDim_z_pT_Bin_Y_bin_phi_t)[0m (Histo Num 43768)
[91mSkipping: (MultiDim_3D_Histo)_(BC_RC_Bayesian)_(SMEAR=Smear)_(Q2_y_Bin_8)_(z_pT_Bin_7)_(MultiDim_z_pT_Bin_Y_bin_phi_t)[0m (Histo Num 43769)
[91mSkipping: (MultiDim_3D_Histo)_(BC_RC_Bayesian)_(SMEAR=Smear)_(Q2_y_Bin_8)_(z_pT_Bin_8)_(MultiDim_z_pT_Bin_Y_bin_phi_t)[0m (Histo Num 43770)
[91mSkipping: (MultiDim_3D_Histo)_(BC_RC_Bayesian)_(SMEAR=Smear)_(Q2_y_Bin_8)_(z_pT_Bin_9)_(MultiDim_z_pT_Bin_Y_bin_phi_t)[0m (Histo Num 43771)
[91mSkipping: (MultiDim_3D_Histo)_(BC_RC_Bayesian)_(SMEAR=Smear)_(Q2_y_Bin_8)_(z_pT_Bin_10)_(MultiDim_z_pT_Bin_Y_bin_phi_t)[0m (Histo Num 43772)
[91mSkipping: (MultiDim_3D_Histo)_(BC_RC_Bayesian)_(SMEAR=Smear)_(Q2_y_Bin_8)_(z_pT_Bin_11)_(MultiDim_z_pT_Bin_Y_bin_phi_t)[0m (Histo Num 43773)
[91mSkipping: (MultiDim_3D_Histo)_(BC_RC_Bayesian)_(SMEAR=Smear)_(Q2_y_Bin_8)_(z_pT_Bin_12)_(MultiDim_z_pT_Bin_Y_bin_phi_t)[0m (Histo Num 43774)
[91mSkipping: (MultiDim_3D_Histo)_(BC_RC_Bayesian)_(SMEAR=Smear)_(Q2_y_Bin_8)_(z_pT_Bin_13)_(MultiDim_z_pT_Bin_Y_bin_phi_t)[0m (Histo Num 43775)
[91mSkipping: (MultiDim_3D_Histo)_(BC_RC_Bayesian)_(SMEAR=Smear)_(Q2_y_Bin_8)_(z_pT_Bin_14)_(MultiDim_z_pT_Bin_Y_bin_phi_t)[0m (Histo Num 43776)
[91mSkipping: (MultiDim_3D_Histo)_(BC_RC_Bayesian)_(SMEAR=Smear)_(Q2_y_Bin_8)_(z_pT_Bin_15)_(MultiDim_z_pT_Bin_Y_bin_phi_t)[0m (Histo Num 43777)
[91mSkipping: (MultiDim_3D_Histo)_(BC_RC_Bayesian)_(SMEAR=Smear)_(Q2_y_Bin_8)_(z_pT_Bin_16)_(MultiDim_z_pT_Bin_Y_bin_phi_t)[0m (Histo Num 43778)
[91mSkipping: (MultiDim_3D_Histo)_(BC_RC_Bayesian)_(SMEAR=Smear)_(Q2_y_Bin_8)_(z_pT_Bin_17)_(MultiDim_z_pT_Bin_Y_bin_phi_t)[0m (Histo Num 43779)
[91mSkipping: (MultiDim_3D_Histo)_(BC_RC_Bayesian)_(SMEAR=Smear)_(Q2_y_Bin_8)_(z_pT_Bin_18)_(MultiDim_z_pT_Bin_Y_bin_phi_t)[0m (Histo Num 43780)
[91mSkipping: (MultiDim_3D_Histo)_(BC_RC_Bayesian)_(SMEAR=Smear)_(Q2_y_Bin_8)_(z_pT_Bin_19)_(MultiDim_z_pT_Bin_Y_bin_phi_t)[0m (Histo Num 43781)
[91mSkipping: (MultiDim_3D_Histo)_(BC_RC_Bayesian)_(SMEAR=Smear)_(Q2_y_Bin_8)_(z_pT_Bin_20)_(MultiDim_z_pT_Bin_Y_bin_phi_t)[0m (Histo Num 43782)
[91mSkipping: (MultiDim_3D_Histo)_(BC_RC_Bayesian)_(SMEAR=Smear)_(Q2_y_Bin_8)_(z_pT_Bin_21)_(MultiDim_z_pT_Bin_Y_bin_phi_t)[0m (Histo Num 43783)
[91mSkipping: (MultiDim_3D_Histo)_(BC_RC_Bayesian)_(SMEAR=Smear)_(Q2_y_Bin_8)_(z_pT_Bin_22)_(MultiDim_z_pT_Bin_Y_bin_phi_t)[0m (Histo Num 43784)
[91mSkipping: (MultiDim_3D_Histo)_(BC_RC_Bayesian)_(SMEAR=Smear)_(Q2_y_Bin_8)_(z_pT_Bin_23)_(MultiDim_z_pT_Bin_Y_bin_phi_t)[0m (Histo Num 43785)
[91mSkipping: (MultiDim_3D_Histo)_(BC_RC_Bayesian)_(SMEAR=Smear)_(Q2_y_Bin_8)_(z_pT_Bin_24)_(MultiDim_z_pT_Bin_Y_bin_phi_t)[0m (Histo Num 43786)
[91mSkipping: (MultiDim_3D_Histo)_(BC_RC_Bayesian)_(SMEAR=Smear)_(Q2_y_Bin_8)_(z_pT_Bin_25)_(MultiDim_z_pT_Bin_Y_bin_phi_t)[0m (Histo Num 43787)
[91mSkipping: (MultiDim_3D_Histo)_(BC_RC_Bayesian)_(SMEAR=Smear)_(Q2_y_Bin_8)_(z_pT_Bin_26)_(MultiDim_z_pT_Bin_Y_bin_phi_t)[0m (Histo Num 43788)
[91mSkipping: (MultiDim_3D_Histo)_(BC_RC_Bayesian)_(SMEAR=Smear)_(Q2_y_Bin_8)_(z_pT_Bin_27)_(MultiDim_z_pT_Bin_Y_bin_phi_t)[0m (Histo Num 43789)
[91mSkipping: (MultiDim_3D_Histo)_(BC_RC_Bayesian)_(SMEAR=Smear)_(Q2_y_Bin_8)_(z_pT_Bin_28)_(MultiDim_z_pT_Bin_Y_bin_phi_t)[0m (Histo Num 43790)
[91mSkipping: (MultiDim_3D_Histo)_(BC_RC_Bayesian)_(SMEAR=Smear)_(Q2_y_Bin_8)_(z_pT_Bin_29)_(MultiDim_z_pT_Bin_Y_bin_phi_t)[0m (Histo Num 43791)
[91mSkipping: (MultiDim_3D_Histo)_(BC_RC_Bayesian)_(SMEAR=Smear)_(Q2_y_Bin_8)_(z_pT_Bin_30)_(MultiDim_z_pT_Bin_Y_bin_phi_t)[0m (Histo Num 43792)
[91mSkipping: (MultiDim_3D_Histo)_(BC_RC_Bayesian)_(SMEAR=Smear)_(Q2_y_Bin_8)_(z_pT_Bin_31)_(MultiDim_z_pT_Bin_Y_bin_phi_t)[0m (Histo Num 43793)
[91mSkipping: (MultiDim_3D_Histo)_(BC_RC_Bayesian)_(SMEAR=Smear)_(Q2_y_Bin_8)_(z_pT_Bin_32)_(MultiDim_z_pT_Bin_Y_bin_phi_t)[0m (Histo Num 43794)
[91mSkipping: (MultiDim_3D_Histo)_(BC_RC_Bayesian)_(SMEAR=Smear)_(Q2_y_Bin_8)_(z_pT_Bin_33)_(MultiDim_z_pT_Bin_Y_bin_phi_t)[0m (Histo Num 43795)
[91mSkipping: (MultiDim_3D_Histo)_(BC_RC_Bayesian)_(SMEAR=Smear)_(Q2_y_Bin_8)_(z_pT_Bin_34)_(MultiDim_z_pT_Bin_Y_bin_phi_t)[0m (Histo Num 43796)
[91mSkipping: (MultiDim_3D_Histo)_(BC_RC_Bayesian)_(SMEAR=Smear)_(Q2_y_Bin_9)_(z_pT_Bin_1)_(MultiDim_z_pT_Bin_Y_bin_phi_t)[0m (Histo Num 43797)
[91mSkipping: (MultiDim_3D_Histo)_(BC_RC_Bayesian)_(SMEAR=Smear)_(Q2_y_Bin_9)_(z_pT_Bin_2)_(MultiDim_z_pT_Bin_Y_bin_phi_t)[0m (Histo Num 43798)
[91mSkipping: (MultiDim_3D_Histo)_(BC_RC_Bayesian)_(SMEAR=Smear)_(Q2_y_Bin_9)_(z_pT_Bin_3)_(MultiDim_z_pT_Bin_Y_bin_phi_t)[0m (Histo Num 43799)
[91mSkipping: (MultiDim_3D_Histo)_(BC_RC_Bayesian)_(SMEAR=Smear)_(Q2_y_Bin_9)_(z_pT_Bin_4)_(MultiDim_z_pT_Bin_Y_bin_phi_t)[0m (Histo Num 43800)
[91mSkipping: (MultiDim_3D_Histo)_(BC_RC_Bayesian)_(SMEAR=Smear)_(Q2_y_Bin_9)_(z_pT_Bin_5)_(MultiDim_z_pT_Bin_Y_bin_phi_t)[0m (Histo Num 43801)
[91mSkipping: (MultiDim_3D_Histo)_(BC_RC_Bayesian)_(SMEAR=Smear)_(Q2_y_Bin_9)_(z_pT_Bin_6)_(MultiDim_z_pT_Bin_Y_bin_phi_t)[0m (Histo Num 43802)
[91mSkipping: (MultiDim_3D_Histo)_(BC_RC_Bayesian)_(SMEAR=Smear)_(Q2_y_Bin_9)_(z_pT_Bin_7)_(MultiDim_z_pT_Bin_Y_bin_phi_t)[0m (Histo Num 43803)
[91mSkipping: (MultiDim_3D_Histo)_(BC_RC_Bayesian)_(SMEAR=Smear)_(Q2_y_Bin_9)_(z_pT_Bin_8)_(MultiDim_z_pT_Bin_Y_bin_phi_t)[0m (Histo Num 43804)
[91mSkipping: (MultiDim_3D_Histo)_(BC_RC_Bayesian)_(SMEAR=Smear)_(Q2_y_Bin_9)_(z_pT_Bin_9)_(MultiDim_z_pT_Bin_Y_bin_phi_t)[0m (Histo Num 43805)
[91mSkipping: (MultiDim_3D_Histo)_(BC_RC_Bayesian)_(SMEAR=Smear)_(Q2_y_Bin_9)_(z_pT_Bin_10)_(MultiDim_z_pT_Bin_Y_bin_phi_t)[0m (Histo Num 43806)
[91mSkipping: (MultiDim_3D_Histo)_(BC_RC_Bayesian)_(SMEAR=Smear)_(Q2_y_Bin_9)_(z_pT_Bin_11)_(MultiDim_z_pT_Bin_Y_bin_phi_t)[0m (Histo Num 43807)
[91mSkipping: (MultiDim_3D_Histo)_(BC_RC_Bayesian)_(SMEAR=Smear)_(Q2_y_Bin_9)_(z_pT_Bin_12)_(MultiDim_z_pT_Bin_Y_bin_phi_t)[0m (Histo Num 43808)
[91mSkipping: (MultiDim_3D_Histo)_(BC_RC_Bayesian)_(SMEAR=Smear)_(Q2_y_Bin_9)_(z_pT_Bin_13)_(MultiDim_z_pT_Bin_Y_bin_phi_t)[0m (Histo Num 43809)
[91mSkipping: (MultiDim_3D_Histo)_(BC_RC_Bayesian)_(SMEAR=Smear)_(Q2_y_Bin_9)_(z_pT_Bin_14)_(MultiDim_z_pT_Bin_Y_bin_phi_t)[0m (Histo Num 43810)
[91mSkipping: (MultiDim_3D_Histo)_(BC_RC_Bayesian)_(SMEAR=Smear)_(Q2_y_Bin_9)_(z_pT_Bin_15)_(MultiDim_z_pT_Bin_Y_bin_phi_t)[0m (Histo Num 43811)
[91mSkipping: (MultiDim_3D_Histo)_(BC_RC_Bayesian)_(SMEAR=Smear)_(Q2_y_Bin_9)_(z_pT_Bin_16)_(MultiDim_z_pT_Bin_Y_bin_phi_t)[0m (Histo Num 43812)
[91mSkipping: (MultiDim_3D_Histo)_(BC_RC_Bayesian)_(SMEAR=Smear)_(Q2_y_Bin_9)_(z_pT_Bin_17)_(MultiDim_z_pT_Bin_Y_bin_phi_t)[0m (Histo Num 43813)
[91mSkipping: (MultiDim_3D_Histo)_(BC_RC_Bayesian)_(SMEAR=Smear)_(Q2_y_Bin_9)_(z_pT_Bin_18)_(MultiDim_z_pT_Bin_Y_bin_phi_t)[0m (Histo Num 43814)
[91mSkipping: (MultiDim_3D_Histo)_(BC_RC_Bayesian)_(SMEAR=Smear)_(Q2_y_Bin_9)_(z_pT_Bin_19)_(MultiDim_z_pT_Bin_Y_bin_phi_t)[0m (Histo Num 43815)
[91mSkipping: (MultiDim_3D_Histo)_(BC_RC_Bayesian)_(SMEAR=Smear)_(Q2_y_Bin_9)_(z_pT_Bin_20)_(MultiDim_z_pT_Bin_Y_bin_phi_t)[0m (Histo Num 43816)
[91mSkipping: (MultiDim_3D_Histo)_(BC_RC_Bayesian)_(SMEAR=Smear)_(Q2_y_Bin_9)_(z_pT_Bin_22)_(MultiDim_z_pT_Bin_Y_bin_phi_t)[0m (Histo Num 43817)
[91mSkipping: (MultiDim_3D_Histo)_(BC_RC_Bayesian)_(SMEAR=Smear)_(Q2_y_Bin_9)_(z_pT_Bin_23)_(MultiDim_z_pT_Bin_Y_bin_phi_t)[0m (Histo Num 43818)
[91mSkipping: (MultiDim_3D_Histo)_(BC_RC_Bayesian)_(SMEAR=Smear)_(Q2_y_Bin_9)_(z_pT_Bin_24)_(MultiDim_z_pT_Bin_Y_bin_phi_t)[0m (Histo Num 43819)
[91mSkipping: (MultiDim_3D_Histo)_(BC_RC_Bayesian)_(SMEAR=Smear)_(Q2_y_Bin_9)_(z_pT_Bin_25)_(MultiDim_z_pT_Bin_Y_bin_phi_t)[0m (Histo Num 43820)
[91mSkipping: (MultiDim_3D_Histo)_(BC_RC_Bayesian)_(SMEAR=Smear)_(Q2_y_Bin_9)_(z_pT_Bin_26)_(MultiDim_z_pT_Bin_Y_bin_phi_t)[0m (Histo Num 43821)
[91mSkipping: (MultiDim_3D_Histo)_(BC_RC_Bayesian)_(SMEAR=Smear)_(Q2_y_Bin_9)_(z_pT_Bin_29)_(MultiDim_z_pT_Bin_Y_bin_phi_t)[0m (Histo Num 43822)
[91mSkipping: (MultiDim_3D_Histo)_(BC_RC_Bayesian)_(SMEAR=Smear)_(Q2_y_Bin_9)_(z_pT_Bin_30)_(MultiDim_z_pT_Bin_Y_bin_phi_t)[0m (Histo Num 43823)
[91mSkipping: (MultiDim_3D_Histo)_(BC_RC_Bayesian)_(SMEAR=Smear)_(Q2_y_Bin_9)_(z_pT_Bin_31)_(MultiDim_z_pT_Bin_Y_bin_phi_t)[0m (Histo Num 43824)
[91mSkipping: (MultiDim_3D_Histo)_(BC_RC_Bayesian)_(SMEAR=Smear)_(Q2_y_Bin_9)_(z_pT_Bin_32)_(MultiDim_z_pT_Bin_Y_bin_phi_t)[0m (Histo Num 43825)
[91mSkipping: (MultiDim_3D_Histo)_(BC_RC_Bayesian)_(SMEAR=Smear)_(Q2_y_Bin_10)_(z_pT_Bin_1)_(MultiDim_z_pT_Bin_Y_bin_phi_t)[0m (Histo Num 43826)
[91mSkipping: (MultiDim_3D_Histo)_(BC_RC_Bayesian)_(SMEAR=Smear)_(Q2_y_Bin_10)_(z_pT_Bin_2)_(MultiDim_z_pT_Bin_Y_bin_phi_t)[0m (Histo Num 43827)
[91mSkipping: (MultiDim_3D_Histo)_(BC_RC_Bayesian)_(SMEAR=Smear)_(Q2_y_Bin_10)_(z_pT_Bin_3)_(MultiDim_z_pT_Bin_Y_bin_phi_t)[0m (Histo Num 43828)
[91mSkipping: (MultiDim_3D_Histo)_(BC_RC_Bayesian)_(SMEAR=Smear)_(Q2_y_Bin_10)_(z_pT_Bin_4)_(MultiDim_z_pT_Bin_Y_bin_phi_t)[0m (Histo Num 43829)
[91mSkipping: (MultiDim_3D_Histo)_(BC_RC_Bayesian)_(SMEAR=Smear)_(Q2_y_Bin_10)_(z_pT_Bin_5)_(MultiDim_z_pT_Bin_Y_bin_phi_t)[0m (Histo Num 43830)
[91mSkipping: (MultiDim_3D_Histo)_(BC_RC_Bayesian)_(SMEAR=Smear)_(Q2_y_Bin_10)_(z_pT_Bin_6)_(MultiDim_z_pT_Bin_Y_bin_phi_t)[0m (Histo Num 43831)
[91mSkipping: (MultiDim_3D_Histo)_(BC_RC_Bayesian)_(SMEAR=Smear)_(Q2_y_Bin_10)_(z_pT_Bin_7)_(MultiDim_z_pT_Bin_Y_bin_phi_t)[0m (Histo Num 43832)
[91mSkipping: (MultiDim_3D_Histo)_(BC_RC_Bayesian)_(SMEAR=Smear)_(Q2_y_Bin_10)_(z_pT_Bin_8)_(MultiDim_z_pT_Bin_Y_bin_phi_t)[0m (Histo Num 43833)
[91mSkipping: (MultiDim_3D_Histo)_(BC_RC_Bayesian)_(SMEAR=Smear)_(Q2_y_Bin_10)_(z_pT_Bin_9)_(MultiDim_z_pT_Bin_Y_bin_phi_t)[0m (Histo Num 43834)
[91mSkipping: (MultiDim_3D_Histo)_(BC_RC_Bayesian)_(SMEAR=Smear)_(Q2_y_Bin_10)_(z_pT_Bin_10)_(MultiDim_z_pT_Bin_Y_bin_phi_t)[0m (Histo Num 43835)
[91mSkipping: (MultiDim_3D_Histo)_(BC_RC_Bayesian)_(SMEAR=Smear)_(Q2_y_Bin_10)_(z_pT_Bin_11)_(MultiDim_z_pT_Bin_Y_bin_phi_t)[0m (Histo Num 43836)
[91mSkipping: (MultiDim_3D_Histo)_(BC_RC_Bayesian)_(SMEAR=Smear)_(Q2_y_Bin_10)_(z_pT_Bin_12)_(MultiDim_z_pT_Bin_Y_bin_phi_t)[0m (Histo Num 43837)
[91mSkipping: (MultiDim_3D_Histo)_(BC_RC_Bayesian)_(SMEAR=Smear)_(Q2_y_Bin_10)_(z_pT_Bin_13)_(MultiDim_z_pT_Bin_Y_bin_phi_t)[0m (Histo Num 43838)
[91mSkipping: (MultiDim_3D_Histo)_(BC_RC_Bayesian)_(SMEAR=Smear)_(Q2_y_Bin_10)_(z_pT_Bin_14)_(MultiDim_z_pT_Bin_Y_bin_phi_t)[0m (Histo Num 43839)
[91mSkipping: (MultiDim_3D_Histo)_(BC_RC_Bayesian)_(SMEAR=Smear)_(Q2_y_Bin_10)_(z_pT_Bin_15)_(MultiDim_z_pT_Bin_Y_bin_phi_t)[0m (Histo Num 43840)
[91mSkipping: (MultiDim_3D_Histo)_(BC_RC_Bayesian)_(SMEAR=Smear)_(Q2_y_Bin_10)_(z_pT_Bin_16)_(MultiDim_z_pT_Bin_Y_bin_phi_t)[0m (Histo Num 43841)
[91mSkipping: (MultiDim_3D_Histo)_(BC_RC_Bayesian)_(SMEAR=Smear)_(Q2_y_Bin_10)_(z_pT_Bin_17)_(MultiDim_z_pT_Bin_Y_bin_phi_t)[0m (Histo Num 43842)
[91mSkipping: (MultiDim_3D_Histo)_(BC_RC_Bayesian)_(SMEAR=Smear)_(Q2_y_Bin_10)_(z_pT_Bin_18)_(MultiDim_z_pT_Bin_Y_bin_phi_t)[0m (Histo Num 43843)
[91mSkipping: (MultiDim_3D_Histo)_(BC_RC_Bayesian)_(SMEAR=Smear)_(Q2_y_Bin_10)_(z_pT_Bin_19)_(MultiDim_z_pT_Bin_Y_bin_phi_t)[0m (Histo Num 43844)
[91mSkipping: (MultiDim_3D_Histo)_(BC_RC_Bayesian)_(SMEAR=Smear)_(Q2_y_Bin_10)_(z_pT_Bin_20)_(MultiDim_z_pT_Bin_Y_bin_phi_t)[0m (Histo Num 43845)
[91mSkipping: (MultiDim_3D_Histo)_(BC_RC_Bayesian)_(SMEAR=Smear)_(Q2_y_Bin_10)_(z_pT_Bin_21)_(MultiDim_z_pT_Bin_Y_bin_phi_t)[0m (Histo Num 43846)
[91mSkipping: (MultiDim_3D_Histo)_(BC_RC_Bayesian)_(SMEAR=Smear)_(Q2_y_Bin_10)_(z_pT_Bin_22)_(MultiDim_z_pT_Bin_Y_bin_phi_t)[0m (Histo Num 43847)
[91mSkipping: (MultiDim_3D_Histo)_(BC_RC_Bayesian)_(SMEAR=Smear)_(Q2_y_Bin_10)_(z_pT_Bin_23)_(MultiDim_z_pT_Bin_Y_bin_phi_t)[0m (Histo Num 43848)
[91mSkipping: (MultiDim_3D_Histo)_(BC_RC_Bayesian)_(SMEAR=Smear)_(Q2_y_Bin_10)_(z_pT_Bin_25)_(MultiDim_z_pT_Bin_Y_bin_phi_t)[0m (Histo Num 43849)
[91mSkipping: (MultiDim_3D_Histo)_(BC_RC_Bayesian)_(SMEAR=Smear)_(Q2_y_Bin_10)_(z_pT_Bin_26)_(MultiDim_z_pT_Bin_Y_bin_phi_t)[0m (Histo Num 43850)
[91mSkipping: (MultiDim_3D_Histo)_(BC_RC_Bayesian)_(SMEAR=Smear)_(Q2_y_Bin_10)_(z_pT_Bin_27)_(MultiDim_z_pT_Bin_Y_bin_phi_t)[0m (Histo Num 43851)
[91mSkipping: (MultiDim_3D_Histo)_(BC_RC_Bayesian)_(SMEAR=Smear)_(Q2_y_Bin_10)_(z_pT_Bin_28)_(MultiDim_z_pT_Bin_Y_bin_phi_t)[0m (Histo Num 43852)
[91mSkipping: (MultiDim_3D_Histo)_(BC_RC_Bayesian)_(SMEAR=Smear)_(Q2_y_Bin_10)_(z_pT_Bin_29)_(MultiDim_z_pT_Bin_Y_bin_phi_t)[0m (Histo Num 43853)
[91mSkipping: (MultiDim_3D_Histo)_(BC_RC_Bayesian)_(SMEAR=Smear)_(Q2_y_Bin_10)_(z_pT_Bin_31)_(MultiDim_z_pT_Bin_Y_bin_phi_t)[0m (Histo Num 43854)
[91mSkipping: (MultiDim_3D_Histo)_(BC_RC_Bayesian)_(SMEAR=Smear)_(Q2_y_Bin_10)_(z_pT_Bin_32)_(MultiDim_z_pT_Bin_Y_bin_phi_t)[0m (Histo Num 43855)
[91mSkipping: (MultiDim_3D_Histo)_(BC_RC_Bayesian)_(SMEAR=Smear)_(Q2_y_Bin_10)_(z_pT_Bin_33)_(MultiDim_z_pT_Bin_Y_bin_phi_t)[0m (Histo Num 43856)
[91mSkipping: (MultiDim_3D_Histo)_(BC_RC_Bayesian)_(SMEAR=Smear)_(Q2_y_Bin_10)_(z_pT_Bin_34)_(MultiDim_z_pT_Bin_Y_bin_phi_t)[0m (Histo Num 43857)
[91mSkipping: (MultiDim_3D_Histo)_(BC_RC_Bayesian)_(SMEAR=Smear)_(Q2_y_Bin_11)_(z_pT_Bin_1)_(MultiDim_z_pT_Bin_Y_bin_phi_t)[0m (Histo Num 43858)
[91mSkipping: (MultiDim_3D_Histo)_(BC_RC_Bayesian)_(SMEAR=Smear)_(Q2_y_Bin_11)_(z_pT_Bin_2)_(MultiDim_z_pT_Bin_Y_bin_phi_t)[0m (Histo Num 43859)
[91mSkipping: (MultiDim_3D_Histo)_(BC_RC_Bayesian)_(SMEAR=Smear)_(Q2_y_Bin_11)_(z_pT_Bin_3)_(MultiDim_z_pT_Bin_Y_bin_phi_t)[0m (Histo Num 43860)
[91mSkipping: (MultiDim_3D_Histo)_(BC_RC_Bayesian)_(SMEAR=Smear)_(Q2_y_Bin_11)_(z_pT_Bin_4)_(MultiDim_z_pT_Bin_Y_bin_phi_t)[0m (Histo Num 43861)
[91mSkipping: (MultiDim_3D_Histo)_(BC_RC_Bayesian)_(SMEAR=Smear)_(Q2_y_Bin_11)_(z_pT_Bin_6)_(MultiDim_z_pT_Bin_Y_bin_phi_t)[0m (Histo Num 43862)
[91mSkipping: (MultiDim_3D_Histo)_(BC_RC_Bayesian)_(SMEAR=Smear)_(Q2_y_Bin_11)_(z_pT_Bin_7)_(MultiDim_z_pT_Bin_Y_bin_phi_t)[0m (Histo Num 43863)
[91mSkipping: (MultiDim_3D_Histo)_(BC_RC_Bayesian)_(SMEAR=Smear)_(Q2_y_Bin_11)_(z_pT_Bin_8)_(MultiDim_z_pT_Bin_Y_bin_phi_t)[0m (Histo Num 43864)
[91mSkipping: (MultiDim_3D_Histo)_(BC_RC_Bayesian)_(SMEAR=Smear)_(Q2_y_Bin_11)_(z_pT_Bin_9)_(MultiDim_z_pT_Bin_Y_bin_phi_t)[0m (Histo Num 43865)
[91mSkipping: (MultiDim_3D_Histo)_(BC_RC_Bayesian)_(SMEAR=Smear)_(Q2_y_Bin_11)_(z_pT_Bin_10)_(MultiDim_z_pT_Bin_Y_bin_phi_t)[0m (Histo Num 43866)
[91mSkipping: (MultiDim_3D_Histo)_(BC_RC_Bayesian)_(SMEAR=Smear)_(Q2_y_Bin_11)_(z_pT_Bin_11)_(MultiDim_z_pT_Bin_Y_bin_phi_t)[0m (Histo Num 43867)
[91mSkipping: (MultiDim_3D_Histo)_(BC_RC_Bayesian)_(SMEAR=Smear)_(Q2_y_Bin_11)_(z_pT_Bin_12)_(MultiDim_z_pT_Bin_Y_bin_phi_t)[0m (Histo Num 43868)
[91mSkipping: (MultiDim_3D_Histo)_(BC_RC_Bayesian)_(SMEAR=Smear)_(Q2_y_Bin_11)_(z_pT_Bin_13)_(MultiDim_z_pT_Bin_Y_bin_phi_t)[0m (Histo Num 43869)
[91mSkipping: (MultiDim_3D_Histo)_(BC_RC_Bayesian)_(SMEAR=Smear)_(Q2_y_Bin_11)_(z_pT_Bin_14)_(MultiDim_z_pT_Bin_Y_bin_phi_t)[0m (Histo Num 43870)
[91mSkipping: (MultiDim_3D_Histo)_(BC_RC_Bayesian)_(SMEAR=Smear)_(Q2_y_Bin_11)_(z_pT_Bin_15)_(MultiDim_z_pT_Bin_Y_bin_phi_t)[0m (Histo Num 43871)
[91mSkipping: (MultiDim_3D_Histo)_(BC_RC_Bayesian)_(SMEAR=Smear)_(Q2_y_Bin_11)_(z_pT_Bin_16)_(MultiDim_z_pT_Bin_Y_bin_phi_t)[0m (Histo Num 43872)
[91mSkipping: (MultiDim_3D_Histo)_(BC_RC_Bayesian)_(SMEAR=Smear)_(Q2_y_Bin_11)_(z_pT_Bin_17)_(MultiDim_z_pT_Bin_Y_bin_phi_t)[0m (Histo Num 43873)
[91mSkipping: (MultiDim_3D_Histo)_(BC_RC_Bayesian)_(SMEAR=Smear)_(Q2_y_Bin_11)_(z_pT_Bin_18)_(MultiDim_z_pT_Bin_Y_bin_phi_t)[0m (Histo Num 43874)
[91mSkipping: (MultiDim_3D_Histo)_(BC_RC_Bayesian)_(SMEAR=Smear)_(Q2_y_Bin_11)_(z_pT_Bin_19)_(MultiDim_z_pT_Bin_Y_bin_phi_t)[0m (Histo Num 43875)
[91mSkipping: (MultiDim_3D_Histo)_(BC_RC_Bayesian)_(SMEAR=Smear)_(Q2_y_Bin_11)_(z_pT_Bin_20)_(MultiDim_z_pT_Bin_Y_bin_phi_t)[0m (Histo Num 43876)
[91mSkipping: (MultiDim_3D_Histo)_(BC_RC_Bayesian)_(SMEAR=Smear)_(Q2_y_Bin_11)_(z_pT_Bin_21)_(MultiDim_z_pT_Bin_Y_bin_phi_t)[0m (Histo Num 43877)
[91mSkipping: (MultiDim_3D_Histo)_(BC_RC_Bayesian)_(SMEAR=Smear)_(Q2_y_Bin_11)_(z_pT_Bin_22)_(MultiDim_z_pT_Bin_Y_bin_phi_t)[0m (Histo Num 43878)
[91mSkipping: (MultiDim_3D_Histo)_(BC_RC_Bayesian)_(SMEAR=Smear)_(Q2_y_Bin_11)_(z_pT_Bin_23)_(MultiDim_z_pT_Bin_Y_bin_phi_t)[0m (Histo Num 43879)
[91mSkipping: (MultiDim_3D_Histo)_(BC_RC_Bayesian)_(SMEAR=Smear)_(Q2_y_Bin_11)_(z_pT_Bin_24)_(MultiDim_z_pT_Bin_Y_bin_phi_t)[0m (Histo Num 43880)
[91mSkipping: (MultiDim_3D_Histo)_(BC_RC_Bayesian)_(SMEAR=Smear)_(Q2_y_Bin_12)_(z_pT_Bin_6)_(MultiDim_z_pT_Bin_Y_bin_phi_t)[0m (Histo Num 43881)
[91mSkipping: (MultiDim_3D_Histo)_(BC_RC_Bayesian)_(SMEAR=Smear)_(Q2_y_Bin_12)_(z_pT_Bin_7)_(MultiDim_z_pT_Bin_Y_bin_phi_t)[0m (Histo Num 43882)
[91mSkipping: (MultiDim_3D_Histo)_(BC_RC_Bayesian)_(SMEAR=Smear)_(Q2_y_Bin_12)_(z_pT_Bin_8)_(MultiDim_z_pT_Bin_Y_bin_phi_t)[0m (Histo Num 43883)
[91mSkipping: (MultiDim_3D_Histo)_(BC_RC_Bayesian)_(SMEAR=Smear)_(Q2_y_Bin_12)_(z_pT_Bin_9)_(MultiDim_z_pT_Bin_Y_bin_phi_t)[0m (Histo Num 43884)
[91mSkipping: (MultiDim_3D_Histo)_(BC_RC_Bayesian)_(SMEAR=Smear)_(Q2_y_Bin_12)_(z_pT_Bin_10)_(MultiDim_z_pT_Bin_Y_bin_phi_t)[0m (Histo Num 43885)
[91mSkipping: (MultiDim_3D_Histo)_(BC_RC_Bayesian)_(SMEAR=Smear)_(Q2_y_Bin_12)_(z_pT_Bin_11)_(MultiDim_z_pT_Bin_Y_bin_phi_t)[0m (Histo Num 43886)
[91mSkipping: (MultiDim_3D_Histo)_(BC_RC_Bayesian)_(SMEAR=Smear)_(Q2_y_Bin_12)_(z_pT_Bin_12)_(MultiDim_z_pT_Bin_Y_bin_phi_t)[0m (Histo Num 43887)
[91mSkipping: (MultiDim_3D_Histo)_(BC_RC_Bayesian)_(SMEAR=Smear)_(Q2_y_Bin_12)_(z_pT_Bin_13)_(MultiDim_z_pT_Bin_Y_bin_phi_t)[0m (Histo Num 43888)
[91mSkipping: (MultiDim_3D_Histo)_(BC_RC_Bayesian)_(SMEAR=Smear)_(Q2_y_Bin_12)_(z_pT_Bin_14)_(MultiDim_z_pT_Bin_Y_bin_phi_t)[0m (Histo Num 43889)
[91mSkipping: (MultiDim_3D_Histo)_(BC_RC_Bayesian)_(SMEAR=Smear)_(Q2_y_Bin_12)_(z_pT_Bin_15)_(MultiDim_z_pT_Bin_Y_bin_phi_t)[0m (Histo Num 43890)
[91mSkipping: (MultiDim_3D_Histo)_(BC_RC_Bayesian)_(SMEAR=Smear)_(Q2_y_Bin_12)_(z_pT_Bin_16)_(MultiDim_z_pT_Bin_Y_bin_phi_t)[0m (Histo Num 43891)
[91mSkipping: (MultiDim_3D_Histo)_(BC_RC_Bayesian)_(SMEAR=Smear)_(Q2_y_Bin_12)_(z_pT_Bin_17)_(MultiDim_z_pT_Bin_Y_bin_phi_t)[0m (Histo Num 43892)
[91mSkipping: (MultiDim_3D_Histo)_(BC_RC_Bayesian)_(SMEAR=Smear)_(Q2_y_Bin_12)_(z_pT_Bin_18)_(MultiDim_z_pT_Bin_Y_bin_phi_t)[0m (Histo Num 43893)
[91mSkipping: (MultiDim_3D_Histo)_(BC_RC_Bayesian)_(SMEAR=Smear)_(Q2_y_Bin_12)_(z_pT_Bin_19)_(MultiDim_z_pT_Bin_Y_bin_phi_t)[0m (Histo Num 43894)
[91mSkipping: (MultiDim_3D_Histo)_(BC_RC_Bayesian)_(SMEAR=Smear)_(Q2_y_Bin_12)_(z_pT_Bin_20)_(MultiDim_z_pT_Bin_Y_bin_phi_t)[0m (Histo Num 43895)
[91mSkipping: (MultiDim_3D_Histo)_(BC_RC_Bayesian)_(SMEAR=Smear)_(Q2_y_Bin_12)_(z_pT_Bin_21)_(MultiDim_z_pT_Bin_Y_bin_phi_t)[0m (Histo Num 43896)
[91mSkipping: (MultiDim_3D_Histo)_(BC_RC_Bayesian)_(SMEAR=Smear)_(Q2_y_Bin_12)_(z_pT_Bin_22)_(MultiDim_z_pT_Bin_Y_bin_phi_t)[0m (Histo Num 43897)
[91mSkipping: (MultiDim_3D_Histo)_(BC_RC_Bayesian)_(SMEAR=Smear)_(Q2_y_Bin_12)_(z_pT_Bin_23)_(MultiDim_z_pT_Bin_Y_bin_phi_t)[0m (Histo Num 43898)
[91mSkipping: (MultiDim_3D_Histo)_(BC_RC_Bayesian)_(SMEAR=Smear)_(Q2_y_Bin_12)_(z_pT_Bin_24)_(MultiDim_z_pT_Bin_Y_bin_phi_t)[0m (Histo Num 43899)
[91mSkipping: (MultiDim_3D_Histo)_(BC_RC_Bayesian)_(SMEAR=Smear)_(Q2_y_Bin_13)_(z_pT_Bin_1)_(MultiDim_z_pT_Bin_Y_bin_phi_t)[0m (Histo Num 43900)
[91mSkipping: (MultiDim_3D_Histo)_(BC_RC_Bayesian)_(SMEAR=Smear)_(Q2_y_Bin_13)_(z_pT_Bin_2)_(MultiDim_z_pT_Bin_Y_bin_phi_t)[0m (Histo Num 43901)
[91mSkipping: (MultiDim_3D_Histo)_(BC_RC_Bayesian)_(SMEAR=Smear)_(Q2_y_Bin_13)_(z_pT_Bin_3)_(MultiDim_z_pT_Bin_Y_bin_phi_t)[0m (Histo Num 43902)
[91mSkipping: (MultiDim_3D_Histo)_(BC_RC_Bayesian)_(SMEAR=Smear)_(Q2_y_Bin_13)_(z_pT_Bin_4)_(MultiDim_z_pT_Bin_Y_bin_phi_t)[0m (Histo Num 43903)
[91mSkipping: (MultiDim_3D_Histo)_(BC_RC_Bayesian)_(SMEAR=Smear)_(Q2_y_Bin_13)_(z_pT_Bin_5)_(MultiDim_z_pT_Bin_Y_bin_phi_t)[0m (Histo Num 43904)
[91mSkipping: (MultiDim_3D_Histo)_(BC_RC_Bayesian)_(SMEAR=Smear)_(Q2_y_Bin_13)_(z_pT_Bin_6)_(MultiDim_z_pT_Bin_Y_bin_phi_t)[0m (Histo Num 43905)
[91mSkipping: (MultiDim_3D_Histo)_(BC_RC_Bayesian)_(SMEAR=Smear)_(Q2_y_Bin_13)_(z_pT_Bin_7)_(MultiDim_z_pT_Bin_Y_bin_phi_t)[0m (Histo Num 43906)
[91mSkipping: (MultiDim_3D_Histo)_(BC_RC_Bayesian)_(SMEAR=Smear)_(Q2_y_Bin_13)_(z_pT_Bin_8)_(MultiDim_z_pT_Bin_Y_bin_phi_t)[0m (Histo Num 43907)
[91mSkipping: (MultiDim_3D_Histo)_(BC_RC_Bayesian)_(SMEAR=Smear)_(Q2_y_Bin_13)_(z_pT_Bin_9)_(MultiDim_z_pT_Bin_Y_bin_phi_t)[0m (Histo Num 43908)
[91mSkipping: (MultiDim_3D_Histo)_(BC_RC_Bayesian)_(SMEAR=Smear)_(Q2_y_Bin_13)_(z_pT_Bin_10)_(MultiDim_z_pT_Bin_Y_bin_phi_t)[0m (Histo Num 43909)
[91mSkipping: (MultiDim_3D_Histo)_(BC_RC_Bayesian)_(SMEAR=Smear)_(Q2_y_Bin_13)_(z_pT_Bin_11)_(MultiDim_z_pT_Bin_Y_bin_phi_t)[0m (Histo Num 43910)
[91mSkipping: (MultiDim_3D_Histo)_(BC_RC_Bayesian)_(SMEAR=Smear)_(Q2_y_Bin_13)_(z_pT_Bin_12)_(MultiDim_z_pT_Bin_Y_bin_phi_t)[0m (Histo Num 43911)
[91mSkipping: (MultiDim_3D_Histo)_(BC_RC_Bayesian)_(SMEAR=Smear)_(Q2_y_Bin_13)_(z_pT_Bin_13)_(MultiDim_z_pT_Bin_Y_bin_phi_t)[0m (Histo Num 43912)
[91mSkipping: (MultiDim_3D_Histo)_(BC_RC_Bayesian)_(SMEAR=Smear)_(Q2_y_Bin_13)_(z_pT_Bin_14)_(MultiDim_z_pT_Bin_Y_bin_phi_t)[0m (Histo Num 43913)
[91mSkipping: (MultiDim_3D_Histo)_(BC_RC_Bayesian)_(SMEAR=Smear)_(Q2_y_Bin_13)_(z_pT_Bin_15)_(MultiDim_z_pT_Bin_Y_bin_phi_t)[0m (Histo Num 43914)
[91mSkipping: (MultiDim_3D_Histo)_(BC_RC_Bayesian)_(SMEAR=Smear)_(Q2_y_Bin_13)_(z_pT_Bin_16)_(MultiDim_z_pT_Bin_Y_bin_phi_t)[0m (Histo Num 43915)
[91mSkipping: (MultiDim_3D_Histo)_(BC_RC_Bayesian)_(SMEAR=Smear)_(Q2_y_Bin_13)_(z_pT_Bin_17)_(MultiDim_z_pT_Bin_Y_bin_phi_t)[0m (Histo Num 43916)
[91mSkipping: (MultiDim_3D_Histo)_(BC_RC_Bayesian)_(SMEAR=Smear)_(Q2_y_Bin_13)_(z_pT_Bin_18)_(MultiDim_z_pT_Bin_Y_bin_phi_t)[0m (Histo Num 43917)
[91mSkipping: (MultiDim_3D_Histo)_(BC_RC_Bayesian)_(SMEAR=Smear)_(Q2_y_Bin_13)_(z_pT_Bin_19)_(MultiDim_z_pT_Bin_Y_bin_phi_t)[0m (Histo Num 43918)
[91mSkipping: (MultiDim_3D_Histo)_(BC_RC_Bayesian)_(SMEAR=Smear)_(Q2_y_Bin_13)_(z_pT_Bin_21)_(MultiDim_z_pT_Bin_Y_bin_phi_t)[0m (Histo Num 43919)
[91mSkipping: (MultiDim_3D_Histo)_(BC_RC_Bayesian)_(SMEAR=Smear)_(Q2_y_Bin_13)_(z_pT_Bin_22)_(MultiDim_z_pT_Bin_Y_bin_phi_t)[0m (Histo Num 43920)
[91mSkipping: (MultiDim_3D_Histo)_(BC_RC_Bayesian)_(SMEAR=Smear)_(Q2_y_Bin_13)_(z_pT_Bin_23)_(MultiDim_z_pT_Bin_Y_bin_phi_t)[0m (Histo Num 43921)
[91mSkipping: (MultiDim_3D_Histo)_(BC_RC_Bayesian)_(SMEAR=Smear)_(Q2_y_Bin_13)_(z_pT_Bin_24)_(MultiDim_z_pT_Bin_Y_bin_phi_t)[0m (Histo Num 43922)
[91mSkipping: (MultiDim_3D_Histo)_(BC_RC_Bayesian)_(SMEAR=Smear)_(Q2_y_Bin_13)_(z_pT_Bin_26)_(MultiDim_z_pT_Bin_Y_bin_phi_t)[0m (Histo Num 43923)
[91mSkipping: (MultiDim_3D_Histo)_(BC_RC_Bayesian)_(SMEAR=Smear)_(Q2_y_Bin_13)_(z_pT_Bin_27)_(MultiDim_z_pT_Bin_Y_bin_phi_t)[0m (Histo Num 43924)
[91mSkipping: (MultiDim_3D_Histo)_(BC_RC_Bayesian)_(SMEAR=Smear)_(Q2_y_Bin_13)_(z_pT_Bin_28)_(MultiDim_z_pT_Bin_Y_bin_phi_t)[0m (Histo Num 43925)
[91mSkipping: (MultiDim_3D_Histo)_(BC_RC_Bayesian)_(SMEAR=Smear)_(Q2_y_Bin_14)_(z_pT_Bin_1)_(MultiDim_z_pT_Bin_Y_bin_phi_t)[0m (Histo Num 43926)
[91mSkipping: (MultiDim_3D_Histo)_(BC_RC_Bayesian)_(SMEAR=Smear)_(Q2_y_Bin_14)_(z_pT_Bin_2)_(MultiDim_z_pT_Bin_Y_bin_phi_t)[0m (Histo Num 43927)
[91mSkipping: (MultiDim_3D_Histo)_(BC_RC_Bayesian)_(SMEAR=Smear)_(Q2_y_Bin_14)_(z_pT_Bin_3)_(MultiDim_z_pT_Bin_Y_bin_phi_t)[0m (Histo Num 43928)
[91mSkipping: (MultiDim_3D_Histo)_(BC_RC_Bayesian)_(SMEAR=Smear)_(Q2_y_Bin_14)_(z_pT_Bin_4)_(MultiDim_z_pT_Bin_Y_bin_phi_t)[0m (Histo Num 43929)
[91mSkipping: (MultiDim_3D_Histo)_(BC_RC_Bayesian)_(SMEAR=Smear)_(Q2_y_Bin_14)_(z_pT_Bin_5)_(MultiDim_z_pT_Bin_Y_bin_phi_t)[0m (Histo Num 43930)
[91mSkipping: (MultiDim_3D_Histo)_(BC_RC_Bayesian)_(SMEAR=Smear)_(Q2_y_Bin_14)_(z_pT_Bin_7)_(MultiDim_z_pT_Bin_Y_bin_phi_t)[0m (Histo Num 43931)
[91mSkipping: (MultiDim_3D_Histo)_(BC_RC_Bayesian)_(SMEAR=Smear)_(Q2_y_Bin_14)_(z_pT_Bin_8)_(MultiDim_z_pT_Bin_Y_bin_phi_t)[0m (Histo Num 43932)
[91mSkipping: (MultiDim_3D_Histo)_(BC_RC_Bayesian)_(SMEAR=Smear)_(Q2_y_Bin_14)_(z_pT_Bin_9)_(MultiDim_z_pT_Bin_Y_bin_phi_t)[0m (Histo Num 43933)
[91mSkipping: (MultiDim_3D_Histo)_(BC_RC_Bayesian)_(SMEAR=Smear)_(Q2_y_Bin_14)_(z_pT_Bin_10)_(MultiDim_z_pT_Bin_Y_bin_phi_t)[0m (Histo Num 43934)
[91mSkipping: (MultiDim_3D_Histo)_(BC_RC_Bayesian)_(SMEAR=Smear)_(Q2_y_Bin_14)_(z_pT_Bin_11)_(MultiDim_z_pT_Bin_Y_bin_phi_t)[0m (Histo Num 43935)
[91mSkipping: (MultiDim_3D_Histo)_(BC_RC_Bayesian)_(SMEAR=Smear)_(Q2_y_Bin_14)_(z_pT_Bin_12)_(MultiDim_z_pT_Bin_Y_bin_phi_t)[0m (Histo Num 43936)
[91mSkipping: (MultiDim_3D_Histo)_(BC_RC_Bayesian)_(SMEAR=Smear)_(Q2_y_Bin_14)_(z_pT_Bin_13)_(MultiDim_z_pT_Bin_Y_bin_phi_t)[0m (Histo Num 43937)
[91mSkipping: (MultiDim_3D_Histo)_(BC_RC_Bayesian)_(SMEAR=Smear)_(Q2_y_Bin_14)_(z_pT_Bin_14)_(MultiDim_z_pT_Bin_Y_bin_phi_t)[0m (Histo Num 43938)
[91mSkipping: (MultiDim_3D_Histo)_(BC_RC_Bayesian)_(SMEAR=Smear)_(Q2_y_Bin_14)_(z_pT_Bin_15)_(MultiDim_z_pT_Bin_Y_bin_phi_t)[0m (Histo Num 43939)
[91mSkipping: (MultiDim_3D_Histo)_(BC_RC_Bayesian)_(SMEAR=Smear)_(Q2_y_Bin_14)_(z_pT_Bin_16)_(MultiDim_z_pT_Bin_Y_bin_phi_t)[0m (Histo Num 43940)
[91mSkipping: (MultiDim_3D_Histo)_(BC_RC_Bayesian)_(SMEAR=Smear)_(Q2_y_Bin_14)_(z_pT_Bin_17)_(MultiDim_z_pT_Bin_Y_bin_phi_t)[0m (Histo Num 43941)
[91mSkipping: (MultiDim_3D_Histo)_(BC_RC_Bayesian)_(SMEAR=Smear)_(Q2_y_Bin_14)_(z_pT_Bin_18)_(MultiDim_z_pT_Bin_Y_bin_phi_t)[0m (Histo Num 43942)
[91mSkipping: (MultiDim_3D_Histo)_(BC_RC_Bayesian)_(SMEAR=Smear)_(Q2_y_Bin_14)_(z_pT_Bin_19)_(MultiDim_z_pT_Bin_Y_bin_phi_t)[0m (Histo Num 43943)
[91mSkipping: (MultiDim_3D_Histo)_(BC_RC_Bayesian)_(SMEAR=Smear)_(Q2_y_Bin_14)_(z_pT_Bin_20)_(MultiDim_z_pT_Bin_Y_bin_phi_t)[0m (Histo Num 43944)
[91mSkipping: (MultiDim_3D_Histo)_(BC_RC_Bayesian)_(SMEAR=Smear)_(Q2_y_Bin_14)_(z_pT_Bin_21)_(MultiDim_z_pT_Bin_Y_bin_phi_t)[0m (Histo Num 43945)
[91mSkipping: (MultiDim_3D_Histo)_(BC_RC_Bayesian)_(SMEAR=Smear)_(Q2_y_Bin_14)_(z_pT_Bin_22)_(MultiDim_z_pT_Bin_Y_bin_phi_t)[0m (Histo Num 43946)
[91mSkipping: (MultiDim_3D_Histo)_(BC_RC_Bayesian)_(SMEAR=Smear)_(Q2_y_Bin_14)_(z_pT_Bin_23)_(MultiDim_z_pT_Bin_Y_bin_phi_t)[0m (Histo Num 43947)
[91mSkipping: (MultiDim_3D_Histo)_(BC_RC_Bayesian)_(SMEAR=Smear)_(Q2_y_Bin_14)_(z_pT_Bin_25)_(MultiDim_z_pT_Bin_Y_bin_phi_t)[0m (Histo Num 43948)
[91mSkipping: (MultiDim_3D_Histo)_(BC_RC_Bayesian)_(SMEAR=Smear)_(Q2_y_Bin_14)_(z_pT_Bin_26)_(MultiDim_z_pT_Bin_Y_bin_phi_t)[0m (Histo Num 43949)
[91mSkipping: (MultiDim_3D_Histo)_(BC_RC_Bayesian)_(SMEAR=Smear)_(Q2_y_Bin_14)_(z_pT_Bin_27)_(MultiDim_z_pT_Bin_Y_bin_phi_t)[0m (Histo Num 43950)
[91mSkipping: (MultiDim_3D_Histo)_(BC_RC_Bayesian)_(SMEAR=Smear)_(Q2_y_Bin_14)_(z_pT_Bin_28)_(MultiDim_z_pT_Bin_Y_bin_phi_t)[0m (Histo Num 43951)
[91mSkipping: (MultiDim_3D_Histo)_(BC_RC_Bayesian)_(SMEAR=Smear)_(Q2_y_Bin_14)_(z_pT_Bin_29)_(MultiDim_z_pT_Bin_Y_bin_phi_t)[0m (Histo Num 43952)
[91mSkipping: (MultiDim_3D_Histo)_(BC_RC_Bayesian)_(SMEAR=Smear)_(Q2_y_Bin_14)_(z_pT_Bin_31)_(MultiDim_z_pT_Bin_Y_bin_phi_t)[0m (Histo Num 43953)
[91mSkipping: (MultiDim_3D_Histo)_(BC_RC_Bayesian)_(SMEAR=Smear)_(Q2_y_Bin_14)_(z_pT_Bin_32)_(MultiDim_z_pT_Bin_Y_bin_phi_t)[0m (Histo Num 43954)
[91mSkipping: (MultiDim_3D_Histo)_(BC_RC_Bayesian)_(SMEAR=Smear)_(Q2_y_Bin_14)_(z_pT_Bin_33)_(MultiDim_z_pT_Bin_Y_bin_phi_t)[0m (Histo Num 43955)
[91mSkipping: (MultiDim_3D_Histo)_(BC_RC_Bayesian)_(SMEAR=Smear)_(Q2_y_Bin_14)_(z_pT_Bin_34)_(MultiDim_z_pT_Bin_Y_bin_phi_t)[0m (Histo Num 43956)
[91mSkipping: (MultiDim_3D_Histo)_(BC_RC_Bayesian)_(SMEAR=Smear)_(Q2_y_Bin_15)_(z_pT_Bin_1)_(MultiDim_z_pT_Bin_Y_bin_phi_t)[0m (Histo Num 43957)
[91mSkipping: (MultiDim_3D_Histo)_(BC_RC_Bayesian)_(SMEAR=Smear)_(Q2_y_Bin_15)_(z_pT_Bin_2)_(MultiDim_z_pT_Bin_Y_bin_phi_t)[0m (Histo Num 43958)
[91mSkipping: (MultiDim_3D_Histo)_(BC_RC_Bayesian)_(SMEAR=Smear)_(Q2_y_Bin_15)_(z_pT_Bin_3)_(MultiDim_z_pT_Bin_Y_bin_phi_t)[0m (Histo Num 43959)
[91mSkipping: (MultiDim_3D_Histo)_(BC_RC_Bayesian)_(SMEAR=Smear)_(Q2_y_Bin_15)_(z_pT_Bin_4)_(MultiDim_z_pT_Bin_Y_bin_phi_t)[0m (Histo Num 43960)
[91mSkipping: (MultiDim_3D_Histo)_(BC_RC_Bayesian)_(SMEAR=Smear)_(Q2_y_Bin_15)_(z_pT_Bin_6)_(MultiDim_z_pT_Bin_Y_bin_phi_t)[0m (Histo Num 43961)
[91mSkipping: (MultiDim_3D_Histo)_(BC_RC_Bayesian)_(SMEAR=Smear)_(Q2_y_Bin_15)_(z_pT_Bin_7)_(MultiDim_z_pT_Bin_Y_bin_phi_t)[0m (Histo Num 43962)
[91mSkipping: (MultiDim_3D_Histo)_(BC_RC_Bayesian)_(SMEAR=Smear)_(Q2_y_Bin_15)_(z_pT_Bin_8)_(MultiDim_z_pT_Bin_Y_bin_phi_t)[0m (Histo Num 43963)
[91mSkipping: (MultiDim_3D_Histo)_(BC_RC_Bayesian)_(SMEAR=Smear)_(Q2_y_Bin_15)_(z_pT_Bin_9)_(MultiDim_z_pT_Bin_Y_bin_phi_t)[0m (Histo Num 43964)
[91mSkipping: (MultiDim_3D_Histo)_(BC_RC_Bayesian)_(SMEAR=Smear)_(Q2_y_Bin_15)_(z_pT_Bin_10)_(MultiDim_z_pT_Bin_Y_bin_phi_t)[0m (Histo Num 43965)
[91mSkipping: (MultiDim_3D_Histo)_(BC_RC_Bayesian)_(SMEAR=Smear)_(Q2_y_Bin_15)_(z_pT_Bin_11)_(MultiDim_z_pT_Bin_Y_bin_phi_t)[0m (Histo Num 43966)
[91mSkipping: (MultiDim_3D_Histo)_(BC_RC_Bayesian)_(SMEAR=Smear)_(Q2_y_Bin_15)_(z_pT_Bin_12)_(MultiDim_z_pT_Bin_Y_bin_phi_t)[0m (Histo Num 43967)
[91mSkipping: (MultiDim_3D_Histo)_(BC_RC_Bayesian)_(SMEAR=Smear)_(Q2_y_Bin_15)_(z_pT_Bin_13)_(MultiDim_z_pT_Bin_Y_bin_phi_t)[0m (Histo Num 43968)
[91mSkipping: (MultiDim_3D_Histo)_(BC_RC_Bayesian)_(SMEAR=Smear)_(Q2_y_Bin_15)_(z_pT_Bin_14)_(MultiDim_z_pT_Bin_Y_bin_phi_t)[0m (Histo Num 43969)
[91mSkipping: (MultiDim_3D_Histo)_(BC_RC_Bayesian)_(SMEAR=Smear)_(Q2_y_Bin_15)_(z_pT_Bin_15)_(MultiDim_z_pT_Bin_Y_bin_phi_t)[0m (Histo Num 43970)
[91mSkipping: (MultiDim_3D_Histo)_(BC_RC_Bayesian)_(SMEAR=Smear)_(Q2_y_Bin_15)_(z_pT_Bin_16)_(MultiDim_z_pT_Bin_Y_bin_phi_t)[0m (Histo Num 43971)
[91mSkipping: (MultiDim_3D_Histo)_(BC_RC_Bayesian)_(SMEAR=Smear)_(Q2_y_Bin_15)_(z_pT_Bin_17)_(MultiDim_z_pT_Bin_Y_bin_phi_t)[0m (Histo Num 43972)
[91mSkipping: (MultiDim_3D_Histo)_(BC_RC_Bayesian)_(SMEAR=Smear)_(Q2_y_Bin_15)_(z_pT_Bin_18)_(MultiDim_z_pT_Bin_Y_bin_phi_t)[0m (Histo Num 43973)
[91mSkipping: (MultiDim_3D_Histo)_(BC_RC_Bayesian)_(SMEAR=Smear)_(Q2_y_Bin_15)_(z_pT_Bin_19)_(MultiDim_z_pT_Bin_Y_bin_phi_t)[0m (Histo Num 43974)
[91mSkipping: (MultiDim_3D_Histo)_(BC_RC_Bayesian)_(SMEAR=Smear)_(Q2_y_Bin_15)_(z_pT_Bin_21)_(MultiDim_z_pT_Bin_Y_bin_phi_t)[0m (Histo Num 43975)
[91mSkipping: (MultiDim_3D_Histo)_(BC_RC_Bayesian)_(SMEAR=Smear)_(Q2_y_Bin_15)_(z_pT_Bin_22)_(MultiDim_z_pT_Bin_Y_bin_phi_t)[0m (Histo Num 43976)
[91mSkipping: (MultiDim_3D_Histo)_(BC_RC_Bayesian)_(SMEAR=Smear)_(Q2_y_Bin_15)_(z_pT_Bin_23)_(MultiDim_z_pT_Bin_Y_bin_phi_t)[0m (Histo Num 43977)
[91mSkipping: (MultiDim_3D_Histo)_(BC_RC_Bayesian)_(SMEAR=Smear)_(Q2_y_Bin_15)_(z_pT_Bin_24)_(MultiDim_z_pT_Bin_Y_bin_phi_t)[0m (Histo Num 43978)
[91mSkipping: (MultiDim_3D_Histo)_(BC_RC_Bayesian)_(SMEAR=Smear)_(Q2_y_Bin_16)_(z_pT_Bin_1)_(MultiDim_z_pT_Bin_Y_bin_phi_t)[0m (Histo Num 43979)
[91mSkipping: (MultiDim_3D_Histo)_(BC_RC_Bayesian)_(SMEAR=Smear)_(Q2_y_Bin_16)_(z_pT_Bin_2)_(MultiDim_z_pT_Bin_Y_bin_phi_t)[0m (Histo Num 43980)
[91mSkipping: (MultiDim_3D_Histo)_(BC_RC_Bayesian)_(SMEAR=Smear)_(Q2_y_Bin_16)_(z_pT_Bin_3)_(MultiDim_z_pT_Bin_Y_bin_phi_t)[0m (Histo Num 43981)
[91mSkipping: (MultiDim_3D_Histo)_(BC_RC_Bayesian)_(SMEAR=Smear)_(Q2_y_Bin_16)_(z_pT_Bin_4)_(MultiDim_z_pT_Bin_Y_bin_phi_t)[0m (Histo Num 43982)
[91mSkipping: (MultiDim_3D_Histo)_(BC_RC_Bayesian)_(SMEAR=Smear)_(Q2_y_Bin_16)_(z_pT_Bin_5)_(MultiDim_z_pT_Bin_Y_bin_phi_t)[0m (Histo Num 43983)
[91mSkipping: (MultiDim_3D_Histo)_(BC_RC_Bayesian)_(SMEAR=Smear)_(Q2_y_Bin_16)_(z_pT_Bin_6)_(MultiDim_z_pT_Bin_Y_bin_phi_t)[0m (Histo Num 43984)
[91mSkipping: (MultiDim_3D_Histo)_(BC_RC_Bayesian)_(SMEAR=Smear)_(Q2_y_Bin_16)_(z_pT_Bin_7)_(MultiDim_z_pT_Bin_Y_bin_phi_t)[0m (Histo Num 43985)
[91mSkipping: (MultiDim_3D_Histo)_(BC_RC_Bayesian)_(SMEAR=Smear)_(Q2_y_Bin_16)_(z_pT_Bin_8)_(MultiDim_z_pT_Bin_Y_bin_phi_t)[0m (Histo Num 43986)
[91mSkipping: (MultiDim_3D_Histo)_(BC_RC_Bayesian)_(SMEAR=Smear)_(Q2_y_Bin_16)_(z_pT_Bin_9)_(MultiDim_z_pT_Bin_Y_bin_phi_t)[0m (Histo Num 43987)
[91mSkipping: (MultiDim_3D_Histo)_(BC_RC_Bayesian)_(SMEAR=Smear)_(Q2_y_Bin_16)_(z_pT_Bin_10)_(MultiDim_z_pT_Bin_Y_bin_phi_t)[0m (Histo Num 43988)
[91mSkipping: (MultiDim_3D_Histo)_(BC_RC_Bayesian)_(SMEAR=Smear)_(Q2_y_Bin_16)_(z_pT_Bin_11)_(MultiDim_z_pT_Bin_Y_bin_phi_t)[0m (Histo Num 43989)
[91mSkipping: (MultiDim_3D_Histo)_(BC_RC_Bayesian)_(SMEAR=Smear)_(Q2_y_Bin_16)_(z_pT_Bin_12)_(MultiDim_z_pT_Bin_Y_bin_phi_t)[0m (Histo Num 43990)
[91mSkipping: (MultiDim_3D_Histo)_(BC_RC_Bayesian)_(SMEAR=Smear)_(Q2_y_Bin_16)_(z_pT_Bin_13)_(MultiDim_z_pT_Bin_Y_bin_phi_t)[0m (Histo Num 43991)
[91mSkipping: (MultiDim_3D_Histo)_(BC_RC_Bayesian)_(SMEAR=Smear)_(Q2_y_Bin_16)_(z_pT_Bin_14)_(MultiDim_z_pT_Bin_Y_bin_phi_t)[0m (Histo Num 43992)
[91mSkipping: (MultiDim_3D_Histo)_(BC_RC_Bayesian)_(SMEAR=Smear)_(Q2_y_Bin_16)_(z_pT_Bin_15)_(MultiDim_z_pT_Bin_Y_bin_phi_t)[0m (Histo Num 43993)
[91mSkipping: (MultiDim_3D_Histo)_(BC_RC_Bayesian)_(SMEAR=Smear)_(Q2_y_Bin_16)_(z_pT_Bin_16)_(MultiDim_z_pT_Bin_Y_bin_phi_t)[0m (Histo Num 43994)
[91mSkipping: (MultiDim_3D_Histo)_(BC_RC_Bayesian)_(SMEAR=Smear)_(Q2_y_Bin_16)_(z_pT_Bin_17)_(MultiDim_z_pT_Bin_Y_bin_phi_t)[0m (Histo Num 43995)
[91mSkipping: (MultiDim_3D_Histo)_(BC_RC_Bayesian)_(SMEAR=Smear)_(Q2_y_Bin_16)_(z_pT_Bin_19)_(MultiDim_z_pT_Bin_Y_bin_phi_t)[0m (Histo Num 43996)
[91mSkipping: (MultiDim_3D_Histo)_(BC_RC_Bayesian)_(SMEAR=Smear)_(Q2_y_Bin_16)_(z_pT_Bin_20)_(MultiDim_z_pT_Bin_Y_bin_phi_t)[0m (Histo Num 43997)
[91mSkipping: (MultiDim_3D_Histo)_(BC_RC_Bayesian)_(SMEAR=Smear)_(Q2_y_Bin_16)_(z_pT_Bin_21)_(MultiDim_z_pT_Bin_Y_bin_phi_t)[0m (Histo Num 43998)
[91mSkipping: (MultiDim_3D_Histo)_(BC_RC_Bayesian)_(SMEAR=Smear)_(Q2_y_Bin_16)_(z_pT_Bin_22)_(MultiDim_z_pT_Bin_Y_bin_phi_t)[0m (Histo Num 43999)
[91mSkipping: (MultiDim_3D_Histo)_(BC_RC_Bayesian)_(SMEAR=Smear)_(Q2_y_Bin_16)_(z_pT_Bin_25)_(MultiDim_z_pT_Bin_Y_bin_phi_t)[0m (Histo Num 44000)
[91mSkipping: (MultiDim_3D_Histo)_(BC_RC_Bayesian)_(SMEAR=Smear)_(Q2_y_Bin_16)_(z_pT_Bin_26)_(MultiDim_z_pT_Bin_Y_bin_phi_t)[0m (Histo Num 44001)Info in <TCanvas::MakeDefCanvas>:  created default TCanvas with name c1

[91mSkipping: (MultiDim_3D_Histo)_(BC_RC_Bayesian)_(SMEAR=Smear)_(Q2_y_Bin_16)_(z_pT_Bin_27)_(MultiDim_z_pT_Bin_Y_bin_phi_t)[0m (Histo Num 44002)
[91mSkipping: (MultiDim_3D_Histo)_(BC_RC_Bayesian)_(SMEAR=Smear)_(Q2_y_Bin_17)_(z_pT_Bin_1)_(MultiDim_z_pT_Bin_Y_bin_phi_t)[0m (Histo Num 44003)
[91mSkipping: (MultiDim_3D_Histo)_(BC_RC_Bayesian)_(SMEAR=Smear)_(Q2_y_Bin_17)_(z_pT_Bin_2)_(MultiDim_z_pT_Bin_Y_bin_phi_t)[0m (Histo Num 44004)
[91mSkipping: (MultiDim_3D_Histo)_(BC_RC_Bayesian)_(SMEAR=Smear)_(Q2_y_Bin_17)_(z_pT_Bin_3)_(MultiDim_z_pT_Bin_Y_bin_phi_t)[0m (Histo Num 44005)
[91mSkipping: (MultiDim_3D_Histo)_(BC_RC_Bayesian)_(SMEAR=Smear)_(Q2_y_Bin_17)_(z_pT_Bin_4)_(MultiDim_z_pT_Bin_Y_bin_phi_t)[0m (Histo Num 44006)
[91mSkipping: (MultiDim_3D_Histo)_(BC_RC_Bayesian)_(SMEAR=Smear)_(Q2_y_Bin_17)_(z_pT_Bin_5)_(MultiDim_z_pT_Bin_Y_bin_phi_t)[0m (Histo Num 44007)
[91mSkipping: (MultiDim_3D_Histo)_(BC_RC_Bayesian)_(SMEAR=Smear)_(Q2_y_Bin_17)_(z_pT_Bin_7)_(MultiDim_z_pT_Bin_Y_bin_phi_t)[0m (Histo Num 44008)
[91mSkipping: (MultiDim_3D_Histo)_(BC_RC_Bayesian)_(SMEAR=Smear)_(Q2_y_Bin_17)_(z_pT_Bin_8)_(MultiDim_z_pT_Bin_Y_bin_phi_t)[0m (Histo Num 44009)
[91mSkipping: (MultiDim_3D_Histo)_(BC_RC_Bayesian)_(SMEAR=Smear)_(Q2_y_Bin_17)_(z_pT_Bin_9)_(MultiDim_z_pT_Bin_Y_bin_phi_t)[0m (Histo Num 44010)
[91mSkipping: (MultiDim_3D_Histo)_(BC_RC_Bayesian)_(SMEAR=Smear)_(Q2_y_Bin_17)_(z_pT_Bin_10)_(MultiDim_z_pT_Bin_Y_bin_phi_t)[0m (Histo Num 44011)
[91mSkipping: (MultiDim_3D_Histo)_(BC_RC_Bayesian)_(SMEAR=Smear)_(Q2_y_Bin_17)_(z_pT_Bin_11)_(MultiDim_z_pT_Bin_Y_bin_phi_t)[0m (Histo Num 44012)
[91mSkipping: (MultiDim_3D_Histo)_(BC_RC_Bayesian)_(SMEAR=Smear)_(Q2_y_Bin_17)_(z_pT_Bin_12)_(MultiDim_z_pT_Bin_Y_bin_phi_t)[0m (Histo Num 44013)
[91mSkipping: (MultiDim_3D_Histo)_(BC_RC_Bayesian)_(SMEAR=Smear)_(Q2_y_Bin_17)_(z_pT_Bin_13)_(MultiDim_z_pT_Bin_Y_bin_phi_t)[0m (Histo Num 44014)
[91mSkipping: (MultiDim_3D_Histo)_(BC_RC_Bayesian)_(SMEAR=Smear)_(Q2_y_Bin_17)_(z_pT_Bin_14)_(MultiDim_z_pT_Bin_Y_bin_phi_t)[0m (Histo Num 44015)
[91mSkipping: (MultiDim_3D_Histo)_(BC_RC_Bayesian)_(SMEAR=Smear)_(Q2_y_Bin_17)_(z_pT_Bin_15)_(MultiDim_z_pT_Bin_Y_bin_phi_t)[0m (Histo Num 44016)
[91mSkipping: (MultiDim_3D_Histo)_(BC_RC_Bayesian)_(SMEAR=Smear)_(Q2_y_Bin_17)_(z_pT_Bin_16)_(MultiDim_z_pT_Bin_Y_bin_phi_t)[0m (Histo Num 44017)
[91mSkipping: (MultiDim_3D_Histo)_(BC_RC_Bayesian)_(SMEAR=Smear)_(Q2_y_Bin_17)_(z_pT_Bin_17)_(MultiDim_z_pT_Bin_Y_bin_phi_t)[0m (Histo Num 44018)
[91mSkipping: (MultiDim_3D_Histo)_(BC_RC_Bayesian)_(SMEAR=Smear)_(Q2_y_Bin_17)_(z_pT_Bin_18)_(MultiDim_z_pT_Bin_Y_bin_phi_t)[0m (Histo Num 44019)
[91mSkipping: (MultiDim_3D_Histo)_(BC_RC_Bayesian)_(SMEAR=Smear)_(Q2_y_Bin_17)_(z_pT_Bin_19)_(MultiDim_z_pT_Bin_Y_bin_phi_t)[0m (Histo Num 44020)
[91mSkipping: (MultiDim_3D_Histo)_(BC_RC_Bayesian)_(SMEAR=Smear)_(Q2_y_Bin_17)_(z_pT_Bin_20)_(MultiDim_z_pT_Bin_Y_bin_phi_t)[0m (Histo Num 44021)
[91mSkipping: (MultiDim_3D_Histo)_(BC_RC_Bayesian)_(SMEAR=Smear)_(Q2_y_Bin_17)_(z_pT_Bin_21)_(MultiDim_z_pT_Bin_Y_bin_phi_t)[0m (Histo Num 44022)
[91mSkipping: (MultiDim_3D_Histo)_(BC_RC_Bayesian)_(SMEAR=Smear)_(Q2_y_Bin_17)_(z_pT_Bin_22)_(MultiDim_z_pT_Bin_Y_bin_phi_t)[0m (Histo Num 44023)
[91mSkipping: (MultiDim_3D_Histo)_(BC_RC_Bayesian)_(SMEAR=Smear)_(Q2_y_Bin_17)_(z_pT_Bin_23)_(MultiDim_z_pT_Bin_Y_bin_phi_t)[0m (Histo Num 44024)
[91mSkipping: (MultiDim_3D_Histo)_(BC_RC_Bayesian)_(SMEAR=Smear)_(Q2_y_Bin_17)_(z_pT_Bin_25)_(MultiDim_z_pT_Bin_Y_bin_phi_t)[0m (Histo Num 44025)
[91mSkipping: (MultiDim_3D_Histo)_(BC_RC_Bayesian)_(SMEAR=Smear)_(Q2_y_Bin_17)_(z_pT_Bin_26)_(MultiDim_z_pT_Bin_Y_bin_phi_t)[0m (Histo Num 44026)
[91mSkipping: (MultiDim_3D_Histo)_(BC_RC_Bayesian)_(SMEAR=Smear)_(Q2_y_Bin_17)_(z_pT_Bin_27)_(MultiDim_z_pT_Bin_Y_bin_phi_t)[0m (Histo Num 44027)
[91mSkipping: (MultiDim_3D_Histo)_(BC_RC_Bayesian)_(SMEAR=Smear)_(Q2_y_Bin_17)_(z_pT_Bin_28)_(MultiDim_z_pT_Bin_Y_bin_phi_t)[0m (Histo Num 44028)
Fitting for: [1m(MultiDim_5D_Histo)_(Bayesian)_(SMEAR=Smear)_(Q2_y_Bin_1)_(z_pT_Bin_1)_(MultiDim_Q2_y_z_pT_phi_h)[0m (Histo Num 46882)
[92mLoaded special_fit_parameters_set from Prepare_Next_Iteration/Phi_h_Fit_Parameters_from_Spline.py[0m
Fitting for: [1m(MultiDim_5D_Histo)_(Bayesian)_(SMEAR=Smear)_(Q2_y_Bin_1)_(z_pT_Bin_2)_(MultiDim_Q2_y_z_pT_phi_h)[0m (Histo Num 46883)
Fitting for: [1m(MultiDim_5D_Histo)_(Bayesian)_(SMEAR=Smear)_(Q2_y_Bin_1)_(z_pT_Bin_3)_(MultiDim_Q2_y_z_pT_phi_h)[0m (Histo Num 46884)
Fitting for: [1m(MultiDim_5D_Histo)_(Bayesian)_(SMEAR=Smear)_(Q2_y_Bin_1)_(z_pT_Bin_4)_(MultiDim_Q2_y_z_pT_phi_h)[0m (Histo Num 46885)
Fitting for: [1m(MultiDim_5D_Histo)_(Bayesian)_(SMEAR=Smear)_(Q2_y_Bin_1)_(z_pT_Bin_5)_(MultiDim_Q2_y_z_pT_phi_h)[0m (Histo Num 46886)
Fitting for: [1m(MultiDim_5D_Histo)_(Bayesian)_(SMEAR=Smear)_(Q2_y_Bin_1)_(z_pT_Bin_6)_(MultiDim_Q2_y_z_pT_phi_h)[0m (Histo Num 46887)
Fitting for: [1m(MultiDim_5D_Histo)_(Bayesian)_(SMEAR=Smear)_(Q2_y_Bin_1)_(z_pT_Bin_7)_(MultiDim_Q2_y_z_pT_phi_h)[0m (Histo Num 46888)
Fitting for: [1m(MultiDim_5D_Histo)_(Bayesian)_(SMEAR=Smear)_(Q2_y_Bin_1)_(z_pT_Bin_8)_(MultiDim_Q2_y_z_pT_phi_h)[0m (Histo Num 46889)
Fitting for: [1m(MultiDim_5D_Histo)_(Bayesian)_(SMEAR=Smear)_(Q2_y_Bin_1)_(z_pT_Bin_9)_(MultiDim_Q2_y_z_pT_phi_h)[0m (Histo Num 46890)
Fitting for: [1m(MultiDim_5D_Histo)_(Bayesian)_(SMEAR=Smear)_(Q2_y_Bin_1)_(z_pT_Bin_10)_(MultiDim_Q2_y_z_pT_phi_h)[0m (Histo Num 46891)
Fitting for: [1m(MultiDim_5D_Histo)_(Bayesian)_(SMEAR=Smear)_(Q2_y_Bin_1)_(z_pT_Bin_11)_(MultiDim_Q2_y_z_pT_phi_h)[0m (Histo Num 46892)
Fitting for: [1m(MultiDim_5D_Histo)_(Bayesian)_(SMEAR=Smear)_(Q2_y_Bin_1)_(z_pT_Bin_12)_(MultiDim_Q2_y_z_pT_phi_h)[0m (Histo Num 46893)
Fitting for: [1m(MultiDim_5D_Histo)_(Bayesian)_(SMEAR=Smear)_(Q2_y_Bin_1)_(z_pT_Bin_13)_(MultiDim_Q2_y_z_pT_phi_h)[0m (Histo Num 46894)
Fitting for: [1m(MultiDim_5D_Histo)_(Bayesian)_(SMEAR=Smear)_(Q2_y_Bin_1)_(z_pT_Bin_14)_(MultiDim_Q2_y_z_pT_phi_h)[0m (Histo Num 46895)
Fitting for: [1m(MultiDim_5D_Histo)_(Bayesian)_(SMEAR=Smear)_(Q2_y_Bin_1)_(z_pT_Bin_15)_(MultiDim_Q2_y_z_pT_phi_h)[0m (Histo Num 46896)
Fitting for: [1m(MultiDim_5D_Histo)_(Bayesian)_(SMEAR=Smear)_(Q2_y_Bin_1)_(z_pT_Bin_16)_(MultiDim_Q2_y_z_pT_phi_h)[0m (Histo Num 46897)
Fitting for: [1m(MultiDim_5D_Histo)_(Bayesian)_(SMEAR=Smear)_(Q2_y_Bin_1)_(z_pT_Bin_17)_(MultiDim_Q2_y_z_pT_phi_h)[0m (Histo Num 46898)
Fitting for: [1m(MultiDim_5D_Histo)_(Bayesian)_(SMEAR=Smear)_(Q2_y_Bin_1)_(z_pT_Bin_18)_(MultiDim_Q2_y_z_pT_phi_h)[0m (Histo Num 46899)
Fitting for: [1m(MultiDim_5D_Histo)_(Bayesian)_(SMEAR=Smear)_(Q2_y_Bin_1)_(z_pT_Bin_19)_(MultiDim_Q2_y_z_pT_phi_h)[0m (Histo Num 46900)
Fitting for: [1m(MultiDim_5D_Histo)_(Bayesian)_(SMEAR=Smear)_(Q2_y_Bin_1)_(z_pT_Bin_20)_(MultiDim_Q2_y_z_pT_phi_h)[0m (Histo Num 46901)
Fitting for: [1m(MultiDim_5D_Histo)_(Bayesian)_(SMEAR=Smear)_(Q2_y_Bin_1)_(z_pT_Bin_22)_(MultiDim_Q2_y_z_pT_phi_h)[0m (Histo Num 46902)
Fitting for: [1m(MultiDim_5D_Histo)_(Bayesian)_(SMEAR=Smear)_(Q2_y_Bin_1)_(z_pT_Bin_23)_(MultiDim_Q2_y_z_pT_phi_h)[0m (Histo Num 46903)
Fitting for: [1m(MultiDim_5D_Histo)_(Bayesian)_(SMEAR=Smear)_(Q2_y_Bin_1)_(z_pT_Bin_24)_(MultiDim_Q2_y_z_pT_phi_h)[0m (Histo Num 46904)
Fitting for: [1m(MultiDim_5D_Histo)_(Bayesian)_(SMEAR=Smear)_(Q2_y_Bin_1)_(z_pT_Bin_25)_(MultiDim_Q2_y_z_pT_phi_h)[0m (Histo Num 46905)
Fitting for: [1m(MultiDim_5D_Histo)_(Bayesian)_(SMEAR=Smear)_(Q2_y_Bin_1)_(z_pT_Bin_26)_(MultiDim_Q2_y_z_pT_phi_h)[0m (Histo Num 46906)
Fitting for: [1m(MultiDim_5D_Histo)_(Bayesian)_(SMEAR=Smear)_(Q2_y_Bin_1)_(z_pT_Bin_29)_(MultiDim_Q2_y_z_pT_phi_h)[0m (Histo Num 46907)
Fitting for: [1m(MultiDim_5D_Histo)_(Bayesian)_(SMEAR=Smear)_(Q2_y_Bin_1)_(z_pT_Bin_30)_(MultiDim_Q2_y_z_pT_phi_h)[0m (Histo Num 46908)
Fitting for: [1m(MultiDim_5D_Histo)_(Bayesian)_(SMEAR=Smear)_(Q2_y_Bin_1)_(z_pT_Bin_31)_(MultiDim_Q2_y_z_pT_phi_h)[0m (Histo Num 46909)
Fitting for: [1m(MultiDim_5D_Histo)_(Bayesian)_(SMEAR=Smear)_(Q2_y_Bin_1)_(z_pT_Bin_32)_(MultiDim_Q2_y_z_pT_phi_h)[0m (Histo Num 46910)
Fitting for: [1m(MultiDim_5D_Histo)_(Bayesian)_(SMEAR=Smear)_(Q2_y_Bin_2)_(z_pT_Bin_1)_(MultiDim_Q2_y_z_pT_phi_h)[0m (Histo Num 46912)
Fitting for: [1m(MultiDim_5D_Histo)_(Bayesian)_(SMEAR=Smear)_(Q2_y_Bin_2)_(z_pT_Bin_2)_(MultiDim_Q2_y_z_pT_phi_h)[0m (Histo Num 46913)
Fitting for: [1m(MultiDim_5D_Histo)_(Bayesian)_(SMEAR=Smear)_(Q2_y_Bin_2)_(z_pT_Bin_3)_(MultiDim_Q2_y_z_pT_phi_h)[0m (Histo Num 46914)
Fitting for: [1m(MultiDim_5D_Histo)_(Bayesian)_(SMEAR=Smear)_(Q2_y_Bin_2)_(z_pT_Bin_4)_(MultiDim_Q2_y_z_pT_phi_h)[0m (Histo Num 46915)
Fitting for: [1m(MultiDim_5D_Histo)_(Bayesian)_(SMEAR=Smear)_(Q2_y_Bin_2)_(z_pT_Bin_5)_(MultiDim_Q2_y_z_pT_phi_h)[0m (Histo Num 46916)
Fitting for: [1m(MultiDim_5D_Histo)_(Bayesian)_(SMEAR=Smear)_(Q2_y_Bin_2)_(z_pT_Bin_6)_(MultiDim_Q2_y_z_pT_phi_h)[0m (Histo Num 46917)
Fitting for: [1m(MultiDim_5D_Histo)_(Bayesian)_(SMEAR=Smear)_(Q2_y_Bin_2)_(z_pT_Bin_7)_(MultiDim_Q2_y_z_pT_phi_h)[0m (Histo Num 46918)
Fitting for: [1m(MultiDim_5D_Histo)_(Bayesian)_(SMEAR=Smear)_(Q2_y_Bin_2)_(z_pT_Bin_8)_(MultiDim_Q2_y_z_pT_phi_h)[0m (Histo Num 46919)
Fitting for: [1m(MultiDim_5D_Histo)_(Bayesian)_(SMEAR=Smear)_(Q2_y_Bin_2)_(z_pT_Bin_9)_(MultiDim_Q2_y_z_pT_phi_h)[0m (Histo Num 46920)
Fitting for: [1m(MultiDim_5D_Histo)_(Bayesian)_(SMEAR=Smear)_(Q2_y_Bin_2)_(z_pT_Bin_10)_(MultiDim_Q2_y_z_pT_phi_h)[0m (Histo Num 46921)
Fitting for: [1m(MultiDim_5D_Histo)_(Bayesian)_(SMEAR=Smear)_(Q2_y_Bin_2)_(z_pT_Bin_11)_(MultiDim_Q2_y_z_pT_phi_h)[0m (Histo Num 46922)
Fitting for: [1m(MultiDim_5D_Histo)_(Bayesian)_(SMEAR=Smear)_(Q2_y_Bin_2)_(z_pT_Bin_12)_(MultiDim_Q2_y_z_pT_phi_h)[0m (Histo Num 46923)
Fitting for: [1m(MultiDim_5D_Histo)_(Bayesian)_(SMEAR=Smear)_(Q2_y_Bin_2)_(z_pT_Bin_13)_(MultiDim_Q2_y_z_pT_phi_h)[0m (Histo Num 46924)
Fitting for: [1m(MultiDim_5D_Histo)_(Bayesian)_(SMEAR=Smear)_(Q2_y_Bin_2)_(z_pT_Bin_14)_(MultiDim_Q2_y_z_pT_phi_h)[0m (Histo Num 46925)
Fitting for: [1m(MultiDim_5D_Histo)_(Bayesian)_(SMEAR=Smear)_(Q2_y_Bin_2)_(z_pT_Bin_15)_(MultiDim_Q2_y_z_pT_phi_h)[0m (Histo Num 46926)
Fitting for: [1m(MultiDim_5D_Histo)_(Bayesian)_(SMEAR=Smear)_(Q2_y_Bin_2)_(z_pT_Bin_16)_(MultiDim_Q2_y_z_pT_phi_h)[0m (Histo Num 46927)
Fitting for: [1m(MultiDim_5D_Histo)_(Bayesian)_(SMEAR=Smear)_(Q2_y_Bin_2)_(z_pT_Bin_17)_(MultiDim_Q2_y_z_pT_phi_h)[0m (Histo Num 46928)
Fitting for: [1m(MultiDim_5D_Histo)_(Bayesian)_(SMEAR=Smear)_(Q2_y_Bin_2)_(z_pT_Bin_18)_(MultiDim_Q2_y_z_pT_phi_h)[0m (Histo Num 46929)
Fitting for: [1m(MultiDim_5D_Histo)_(Bayesian)_(SMEAR=Smear)_(Q2_y_Bin_2)_(z_pT_Bin_19)_(MultiDim_Q2_y_z_pT_phi_h)[0m (Histo Num 46930)
Fitting for: [1m(MultiDim_5D_Histo)_(Bayesian)_(SMEAR=Smear)_(Q2_y_Bin_2)_(z_pT_Bin_20)_(MultiDim_Q2_y_z_pT_phi_h)[0m (Histo Num 46931)
Fitting for: [1m(MultiDim_5D_Histo)_(Bayesian)_(SMEAR=Smear)_(Q2_y_Bin_2)_(z_pT_Bin_21)_(MultiDim_Q2_y_z_pT_phi_h)[0m (Histo Num 46932)
Fitting for: [1m(MultiDim_5D_Histo)_(Bayesian)_(SMEAR=Smear)_(Q2_y_Bin_2)_(z_pT_Bin_22)_(MultiDim_Q2_y_z_pT_phi_h)[0m (Histo Num 46933)
Fitting for: [1m(MultiDim_5D_Histo)_(Bayesian)_(SMEAR=Smear)_(Q2_y_Bin_2)_(z_pT_Bin_23)_(MultiDim_Q2_y_z_pT_phi_h)[0m (Histo Num 46934)
Fitting for: [1m(MultiDim_5D_Histo)_(Bayesian)_(SMEAR=Smear)_(Q2_y_Bin_2)_(z_pT_Bin_25)_(MultiDim_Q2_y_z_pT_phi_h)[0m (Histo Num 46935)
Fitting for: [1m(MultiDim_5D_Histo)_(Bayesian)_(SMEAR=Smear)_(Q2_y_Bin_2)_(z_pT_Bin_26)_(MultiDim_Q2_y_z_pT_phi_h)[0m (Histo Num 46936)
Fitting for: [1m(MultiDim_5D_Histo)_(Bayesian)_(SMEAR=Smear)_(Q2_y_Bin_2)_(z_pT_Bin_27)_(MultiDim_Q2_y_z_pT_phi_h)[0m (Histo Num 46937)
Fitting for: [1m(MultiDim_5D_Histo)_(Bayesian)_(SMEAR=Smear)_(Q2_y_Bin_2)_(z_pT_Bin_28)_(MultiDim_Q2_y_z_pT_phi_h)[0m (Histo Num 46938)
Fitting for: [1m(MultiDim_5D_Histo)_(Bayesian)_(SMEAR=Smear)_(Q2_y_Bin_2)_(z_pT_Bin_29)_(MultiDim_Q2_y_z_pT_phi_h)[0m (Histo Num 46939)
Fitting for: [1m(MultiDim_5D_Histo)_(Bayesian)_(SMEAR=Smear)_(Q2_y_Bin_2)_(z_pT_Bin_31)_(MultiDim_Q2_y_z_pT_phi_h)[0m (Histo Num 46940)
Fitting for: [1m(MultiDim_5D_Histo)_(Bayesian)_(SMEAR=Smear)_(Q2_y_Bin_2)_(z_pT_Bin_32)_(MultiDim_Q2_y_z_pT_phi_h)[0m (Histo Num 46941)
Fitting for: [1m(MultiDim_5D_Histo)_(Bayesian)_(SMEAR=Smear)_(Q2_y_Bin_2)_(z_pT_Bin_33)_(MultiDim_Q2_y_z_pT_phi_h)[0m (Histo Num 46942)
Fitting for: [1m(MultiDim_5D_Histo)_(Bayesian)_(SMEAR=Smear)_(Q2_y_Bin_2)_(z_pT_Bin_34)_(MultiDim_Q2_y_z_pT_phi_h)[0m (Histo Num 46943)
Fitting for: [1m(MultiDim_5D_Histo)_(Bayesian)_(SMEAR=Smear)_(Q2_y_Bin_3)_(z_pT_Bin_1)_(MultiDim_Q2_y_z_pT_phi_h)[0m (Histo Num 46945)
Fitting for: [1m(MultiDim_5D_Histo)_(Bayesian)_(SMEAR=Smear)_(Q2_y_Bin_3)_(z_pT_Bin_2)_(MultiDim_Q2_y_z_pT_phi_h)[0m (Histo Num 46946)
Fitting for: [1m(MultiDim_5D_Histo)_(Bayesian)_(SMEAR=Smear)_(Q2_y_Bin_3)_(z_pT_Bin_3)_(MultiDim_Q2_y_z_pT_phi_h)[0m (Histo Num 46947)
Fitting for: [1m(MultiDim_5D_Histo)_(Bayesian)_(SMEAR=Smear)_(Q2_y_Bin_3)_(z_pT_Bin_4)_(MultiDim_Q2_y_z_pT_phi_h)[0m (Histo Num 46948)
Fitting for: [1m(MultiDim_5D_Histo)_(Bayesian)_(SMEAR=Smear)_(Q2_y_Bin_3)_(z_pT_Bin_5)_(MultiDim_Q2_y_z_pT_phi_h)[0m (Histo Num 46949)
Fitting for: [1m(MultiDim_5D_Histo)_(Bayesian)_(SMEAR=Smear)_(Q2_y_Bin_3)_(z_pT_Bin_6)_(MultiDim_Q2_y_z_pT_phi_h)[0m (Histo Num 46950)
Fitting for: [1m(MultiDim_5D_Histo)_(Bayesian)_(SMEAR=Smear)_(Q2_y_Bin_3)_(z_pT_Bin_7)_(MultiDim_Q2_y_z_pT_phi_h)[0m (Histo Num 46951)
Fitting for: [1m(MultiDim_5D_Histo)_(Bayesian)_(SMEAR=Smear)_(Q2_y_Bin_3)_(z_pT_Bin_8)_(MultiDim_Q2_y_z_pT_phi_h)[0m (Histo Num 46952)
Fitting for: [1m(MultiDim_5D_Histo)_(Bayesian)_(SMEAR=Smear)_(Q2_y_Bin_3)_(z_pT_Bin_9)_(MultiDim_Q2_y_z_pT_phi_h)[0m (Histo Num 46953)
Fitting for: [1m(MultiDim_5D_Histo)_(Bayesian)_(SMEAR=Smear)_(Q2_y_Bin_3)_(z_pT_Bin_10)_(MultiDim_Q2_y_z_pT_phi_h)[0m (Histo Num 46954)
Fitting for: [1m(MultiDim_5D_Histo)_(Bayesian)_(SMEAR=Smear)_(Q2_y_Bin_3)_(z_pT_Bin_11)_(MultiDim_Q2_y_z_pT_phi_h)[0m (Histo Num 46955)
Fitting for: [1m(MultiDim_5D_Histo)_(Bayesian)_(SMEAR=Smear)_(Q2_y_Bin_3)_(z_pT_Bin_12)_(MultiDim_Q2_y_z_pT_phi_h)[0m (Histo Num 46956)
Fitting for: [1m(MultiDim_5D_Histo)_(Bayesian)_(SMEAR=Smear)_(Q2_y_Bin_3)_(z_pT_Bin_13)_(MultiDim_Q2_y_z_pT_phi_h)[0m (Histo Num 46957)
Fitting for: [1m(MultiDim_5D_Histo)_(Bayesian)_(SMEAR=Smear)_(Q2_y_Bin_3)_(z_pT_Bin_14)_(MultiDim_Q2_y_z_pT_phi_h)[0m (Histo Num 46958)
Fitting for: [1m(MultiDim_5D_Histo)_(Bayesian)_(SMEAR=Smear)_(Q2_y_Bin_3)_(z_pT_Bin_15)_(MultiDim_Q2_y_z_pT_phi_h)[0m (Histo Num 46959)
Fitting for: [1m(MultiDim_5D_Histo)_(Bayesian)_(SMEAR=Smear)_(Q2_y_Bin_3)_(z_pT_Bin_16)_(MultiDim_Q2_y_z_pT_phi_h)[0m (Histo Num 46960)
Fitting for: [1m(MultiDim_5D_Histo)_(Bayesian)_(SMEAR=Smear)_(Q2_y_Bin_3)_(z_pT_Bin_17)_(MultiDim_Q2_y_z_pT_phi_h)[0m (Histo Num 46961)
Fitting for: [1m(MultiDim_5D_Histo)_(Bayesian)_(SMEAR=Smear)_(Q2_y_Bin_3)_(z_pT_Bin_18)_(MultiDim_Q2_y_z_pT_phi_h)[0m (Histo Num 46962)
Fitting for: [1m(MultiDim_5D_Histo)_(Bayesian)_(SMEAR=Smear)_(Q2_y_Bin_3)_(z_pT_Bin_19)_(MultiDim_Q2_y_z_pT_phi_h)[0m (Histo Num 46963)
Fitting for: [1m(MultiDim_5D_Histo)_(Bayesian)_(SMEAR=Smear)_(Q2_y_Bin_3)_(z_pT_Bin_20)_(MultiDim_Q2_y_z_pT_phi_h)[0m (Histo Num 46964)
Fitting for: [1m(MultiDim_5D_Histo)_(Bayesian)_(SMEAR=Smear)_(Q2_y_Bin_3)_(z_pT_Bin_21)_(MultiDim_Q2_y_z_pT_phi_h)[0m (Histo Num 46965)
Fitting for: [1m(MultiDim_5D_Histo)_(Bayesian)_(SMEAR=Smear)_(Q2_y_Bin_3)_(z_pT_Bin_22)_(MultiDim_Q2_y_z_pT_phi_h)[0m (Histo Num 46966)
Fitting for: [1m(MultiDim_5D_Histo)_(Bayesian)_(SMEAR=Smear)_(Q2_y_Bin_3)_(z_pT_Bin_23)_(MultiDim_Q2_y_z_pT_phi_h)[0m (Histo Num 46967)
Fitting for: [1m(MultiDim_5D_Histo)_(Bayesian)_(SMEAR=Smear)_(Q2_y_Bin_3)_(z_pT_Bin_24)_(MultiDim_Q2_y_z_pT_phi_h)[0m (Histo Num 46968)
Fitting for: [1m(MultiDim_5D_Histo)_(Bayesian)_(SMEAR=Smear)_(Q2_y_Bin_3)_(z_pT_Bin_25)_(MultiDim_Q2_y_z_pT_phi_h)[0m (Histo Num 46969)
Fitting for: [1m(MultiDim_5D_Histo)_(Bayesian)_(SMEAR=Smear)_(Q2_y_Bin_3)_(z_pT_Bin_26)_(MultiDim_Q2_y_z_pT_phi_h)[0m (Histo Num 46970)
Fitting for: [1m(MultiDim_5D_Histo)_(Bayesian)_(SMEAR=Smear)_(Q2_y_Bin_3)_(z_pT_Bin_27)_(MultiDim_Q2_y_z_pT_phi_h)[0m (Histo Num 46971)
Fitting for: [1m(MultiDim_5D_Histo)_(Bayesian)_(SMEAR=Smear)_(Q2_y_Bin_3)_(z_pT_Bin_28)_(MultiDim_Q2_y_z_pT_phi_h)[0m (Histo Num 46972)
Fitting for: [1m(MultiDim_5D_Histo)_(Bayesian)_(SMEAR=Smear)_(Q2_y_Bin_3)_(z_pT_Bin_29)_(MultiDim_Q2_y_z_pT_phi_h)[0m (Histo Num 46973)
Fitting for: [1m(MultiDim_5D_Histo)_(Bayesian)_(SMEAR=Smear)_(Q2_y_Bin_4)_(z_pT_Bin_7)_(MultiDim_Q2_y_z_pT_phi_h)[0m (Histo Num 46975)
Fitting for: [1m(MultiDim_5D_Histo)_(Bayesian)_(SMEAR=Smear)_(Q2_y_Bin_4)_(z_pT_Bin_8)_(MultiDim_Q2_y_z_pT_phi_h)[0m (Histo Num 46976)
Fitting for: [1m(MultiDim_5D_Histo)_(Bayesian)_(SMEAR=Smear)_(Q2_y_Bin_4)_(z_pT_Bin_9)_(MultiDim_Q2_y_z_pT_phi_h)[0m (Histo Num 46977)
Fitting for: [1m(MultiDim_5D_Histo)_(Bayesian)_(SMEAR=Smear)_(Q2_y_Bin_4)_(z_pT_Bin_10)_(MultiDim_Q2_y_z_pT_phi_h)[0m (Histo Num 46978)
Fitting for: [1m(MultiDim_5D_Histo)_(Bayesian)_(SMEAR=Smear)_(Q2_y_Bin_4)_(z_pT_Bin_11)_(MultiDim_Q2_y_z_pT_phi_h)[0m (Histo Num 46979)
Fitting for: [1m(MultiDim_5D_Histo)_(Bayesian)_(SMEAR=Smear)_(Q2_y_Bin_4)_(z_pT_Bin_13)_(MultiDim_Q2_y_z_pT_phi_h)[0m (Histo Num 46980)
Fitting for: [1m(MultiDim_5D_Histo)_(Bayesian)_(SMEAR=Smear)_(Q2_y_Bin_4)_(z_pT_Bin_14)_(MultiDim_Q2_y_z_pT_phi_h)[0m (Histo Num 46981)
Fitting for: [1m(MultiDim_5D_Histo)_(Bayesian)_(SMEAR=Smear)_(Q2_y_Bin_4)_(z_pT_Bin_15)_(MultiDim_Q2_y_z_pT_phi_h)[0m (Histo Num 46982)
Fitting for: [1m(MultiDim_5D_Histo)_(Bayesian)_(SMEAR=Smear)_(Q2_y_Bin_4)_(z_pT_Bin_16)_(MultiDim_Q2_y_z_pT_phi_h)[0m (Histo Num 46983)
Fitting for: [1m(MultiDim_5D_Histo)_(Bayesian)_(SMEAR=Smear)_(Q2_y_Bin_4)_(z_pT_Bin_17)_(MultiDim_Q2_y_z_pT_phi_h)[0m (Histo Num 46984)
Fitting for: [1m(MultiDim_5D_Histo)_(Bayesian)_(SMEAR=Smear)_(Q2_y_Bin_4)_(z_pT_Bin_19)_(MultiDim_Q2_y_z_pT_phi_h)[0m (Histo Num 46985)
Fitting for: [1m(MultiDim_5D_Histo)_(Bayesian)_(SMEAR=Smear)_(Q2_y_Bin_4)_(z_pT_Bin_20)_(MultiDim_Q2_y_z_pT_phi_h)[0m (Histo Num 46986)
Fitting for: [1m(MultiDim_5D_Histo)_(Bayesian)_(SMEAR=Smear)_(Q2_y_Bin_4)_(z_pT_Bin_21)_(MultiDim_Q2_y_z_pT_phi_h)[0m (Histo Num 46987)
Fitting for: [1m(MultiDim_5D_Histo)_(Bayesian)_(SMEAR=Smear)_(Q2_y_Bin_4)_(z_pT_Bin_22)_(MultiDim_Q2_y_z_pT_phi_h)[0m (Histo Num 46988)
Fitting for: [1m(MultiDim_5D_Histo)_(Bayesian)_(SMEAR=Smear)_(Q2_y_Bin_4)_(z_pT_Bin_23)_(MultiDim_Q2_y_z_pT_phi_h)[0m (Histo Num 46989)
Fitting for: [1m(MultiDim_5D_Histo)_(Bayesian)_(SMEAR=Smear)_(Q2_y_Bin_4)_(z_pT_Bin_25)_(MultiDim_Q2_y_z_pT_phi_h)[0m (Histo Num 46990)
Fitting for: [1m(MultiDim_5D_Histo)_(Bayesian)_(SMEAR=Smear)_(Q2_y_Bin_4)_(z_pT_Bin_26)_(MultiDim_Q2_y_z_pT_phi_h)[0m (Histo Num 46991)
Fitting for: [1m(MultiDim_5D_Histo)_(Bayesian)_(SMEAR=Smear)_(Q2_y_Bin_4)_(z_pT_Bin_27)_(MultiDim_Q2_y_z_pT_phi_h)[0m (Histo Num 46992)
Fitting for: [1m(MultiDim_5D_Histo)_(Bayesian)_(SMEAR=Smear)_(Q2_y_Bin_4)_(z_pT_Bin_28)_(MultiDim_Q2_y_z_pT_phi_h)[0m (Histo Num 46993)
Fitting for: [1m(MultiDim_5D_Histo)_(Bayesian)_(SMEAR=Smear)_(Q2_y_Bin_4)_(z_pT_Bin_29)_(MultiDim_Q2_y_z_pT_phi_h)[0m (Histo Num 46994)
Fitting for: [1m(MultiDim_5D_Histo)_(Bayesian)_(SMEAR=Smear)_(Q2_y_Bin_4)_(z_pT_Bin_31)_(MultiDim_Q2_y_z_pT_phi_h)[0m (Histo Num 46995)
Fitting for: [1m(MultiDim_5D_Histo)_(Bayesian)_(SMEAR=Smear)_(Q2_y_Bin_4)_(z_pT_Bin_32)_(MultiDim_Q2_y_z_pT_phi_h)[0m (Histo Num 46996)
Fitting for: [1m(MultiDim_5D_Histo)_(Bayesian)_(SMEAR=Smear)_(Q2_y_Bin_4)_(z_pT_Bin_33)_(MultiDim_Q2_y_z_pT_phi_h)[0m (Histo Num 46997)
Fitting for: [1m(MultiDim_5D_Histo)_(Bayesian)_(SMEAR=Smear)_(Q2_y_Bin_4)_(z_pT_Bin_34)_(MultiDim_Q2_y_z_pT_phi_h)[0m (Histo Num 46998)
Fitting for: [1m(MultiDim_5D_Histo)_(Bayesian)_(SMEAR=Smear)_(Q2_y_Bin_5)_(z_pT_Bin_1)_(MultiDim_Q2_y_z_pT_phi_h)[0m (Histo Num 47000)
Fitting for: [1m(MultiDim_5D_Histo)_(Bayesian)_(SMEAR=Smear)_(Q2_y_Bin_5)_(z_pT_Bin_2)_(MultiDim_Q2_y_z_pT_phi_h)[0m (Histo Num 47001)
Fitting for: [1m(MultiDim_5D_Histo)_(Bayesian)_(SMEAR=Smear)_(Q2_y_Bin_5)_(z_pT_Bin_3)_(MultiDim_Q2_y_z_pT_phi_h)[0m (Histo Num 47002)
Fitting for: [1m(MultiDim_5D_Histo)_(Bayesian)_(SMEAR=Smear)_(Q2_y_Bin_5)_(z_pT_Bin_4)_(MultiDim_Q2_y_z_pT_phi_h)[0m (Histo Num 47003)
Fitting for: [1m(MultiDim_5D_Histo)_(Bayesian)_(SMEAR=Smear)_(Q2_y_Bin_5)_(z_pT_Bin_5)_(MultiDim_Q2_y_z_pT_phi_h)[0m (Histo Num 47004)
Fitting for: [1m(MultiDim_5D_Histo)_(Bayesian)_(SMEAR=Smear)_(Q2_y_Bin_5)_(z_pT_Bin_6)_(MultiDim_Q2_y_z_pT_phi_h)[0m (Histo Num 47005)
Fitting for: [1m(MultiDim_5D_Histo)_(Bayesian)_(SMEAR=Smear)_(Q2_y_Bin_5)_(z_pT_Bin_7)_(MultiDim_Q2_y_z_pT_phi_h)[0m (Histo Num 47006)
Fitting for: [1m(MultiDim_5D_Histo)_(Bayesian)_(SMEAR=Smear)_(Q2_y_Bin_5)_(z_pT_Bin_8)_(MultiDim_Q2_y_z_pT_phi_h)[0m (Histo Num 47007)
Fitting for: [1m(MultiDim_5D_Histo)_(Bayesian)_(SMEAR=Smear)_(Q2_y_Bin_5)_(z_pT_Bin_9)_(MultiDim_Q2_y_z_pT_phi_h)[0m (Histo Num 47008)
Fitting for: [1m(MultiDim_5D_Histo)_(Bayesian)_(SMEAR=Smear)_(Q2_y_Bin_5)_(z_pT_Bin_10)_(MultiDim_Q2_y_z_pT_phi_h)[0m (Histo Num 47009)
Fitting for: [1m(MultiDim_5D_Histo)_(Bayesian)_(SMEAR=Smear)_(Q2_y_Bin_5)_(z_pT_Bin_11)_(MultiDim_Q2_y_z_pT_phi_h)[0m (Histo Num 47010)
Fitting for: [1m(MultiDim_5D_Histo)_(Bayesian)_(SMEAR=Smear)_(Q2_y_Bin_5)_(z_pT_Bin_12)_(MultiDim_Q2_y_z_pT_phi_h)[0m (Histo Num 47011)
Fitting for: [1m(MultiDim_5D_Histo)_(Bayesian)_(SMEAR=Smear)_(Q2_y_Bin_5)_(z_pT_Bin_13)_(MultiDim_Q2_y_z_pT_phi_h)[0m (Histo Num 47012)
Fitting for: [1m(MultiDim_5D_Histo)_(Bayesian)_(SMEAR=Smear)_(Q2_y_Bin_5)_(z_pT_Bin_14)_(MultiDim_Q2_y_z_pT_phi_h)[0m (Histo Num 47013)
Fitting for: [1m(MultiDim_5D_Histo)_(Bayesian)_(SMEAR=Smear)_(Q2_y_Bin_5)_(z_pT_Bin_15)_(MultiDim_Q2_y_z_pT_phi_h)[0m (Histo Num 47014)
Fitting for: [1m(MultiDim_5D_Histo)_(Bayesian)_(SMEAR=Smear)_(Q2_y_Bin_5)_(z_pT_Bin_16)_(MultiDim_Q2_y_z_pT_phi_h)[0m (Histo Num 47015)
Fitting for: [1m(MultiDim_5D_Histo)_(Bayesian)_(SMEAR=Smear)_(Q2_y_Bin_5)_(z_pT_Bin_17)_(MultiDim_Q2_y_z_pT_phi_h)[0m (Histo Num 47016)
Fitting for: [1m(MultiDim_5D_Histo)_(Bayesian)_(SMEAR=Smear)_(Q2_y_Bin_5)_(z_pT_Bin_18)_(MultiDim_Q2_y_z_pT_phi_h)[0m (Histo Num 47017)
Fitting for: [1m(MultiDim_5D_Histo)_(Bayesian)_(SMEAR=Smear)_(Q2_y_Bin_5)_(z_pT_Bin_19)_(MultiDim_Q2_y_z_pT_phi_h)[0m (Histo Num 47018)
Fitting for: [1m(MultiDim_5D_Histo)_(Bayesian)_(SMEAR=Smear)_(Q2_y_Bin_5)_(z_pT_Bin_20)_(MultiDim_Q2_y_z_pT_phi_h)[0m (Histo Num 47019)
Fitting for: [1m(MultiDim_5D_Histo)_(Bayesian)_(SMEAR=Smear)_(Q2_y_Bin_5)_(z_pT_Bin_21)_(MultiDim_Q2_y_z_pT_phi_h)[0m (Histo Num 47020)
Fitting for: [1m(MultiDim_5D_Histo)_(Bayesian)_(SMEAR=Smear)_(Q2_y_Bin_5)_(z_pT_Bin_22)_(MultiDim_Q2_y_z_pT_phi_h)[0m (Histo Num 47021)
Fitting for: [1m(MultiDim_5D_Histo)_(Bayesian)_(SMEAR=Smear)_(Q2_y_Bin_5)_(z_pT_Bin_23)_(MultiDim_Q2_y_z_pT_phi_h)[0m (Histo Num 47022)
Fitting for: [1m(MultiDim_5D_Histo)_(Bayesian)_(SMEAR=Smear)_(Q2_y_Bin_5)_(z_pT_Bin_25)_(MultiDim_Q2_y_z_pT_phi_h)[0m (Histo Num 47023)
Fitting for: [1m(MultiDim_5D_Histo)_(Bayesian)_(SMEAR=Smear)_(Q2_y_Bin_5)_(z_pT_Bin_26)_(MultiDim_Q2_y_z_pT_phi_h)[0m (Histo Num 47024)
Fitting for: [1m(MultiDim_5D_Histo)_(Bayesian)_(SMEAR=Smear)_(Q2_y_Bin_5)_(z_pT_Bin_27)_(MultiDim_Q2_y_z_pT_phi_h)[0m (Histo Num 47025)
Fitting for: [1m(MultiDim_5D_Histo)_(Bayesian)_(SMEAR=Smear)_(Q2_y_Bin_5)_(z_pT_Bin_28)_(MultiDim_Q2_y_z_pT_phi_h)[0m (Histo Num 47026)
Fitting for: [1m(MultiDim_5D_Histo)_(Bayesian)_(SMEAR=Smear)_(Q2_y_Bin_5)_(z_pT_Bin_29)_(MultiDim_Q2_y_z_pT_phi_h)[0m (Histo Num 47027)
Fitting for: [1m(MultiDim_5D_Histo)_(Bayesian)_(SMEAR=Smear)_(Q2_y_Bin_5)_(z_pT_Bin_31)_(MultiDim_Q2_y_z_pT_phi_h)[0m (Histo Num 47028)
Fitting for: [1m(MultiDim_5D_Histo)_(Bayesian)_(SMEAR=Smear)_(Q2_y_Bin_5)_(z_pT_Bin_32)_(MultiDim_Q2_y_z_pT_phi_h)[0m (Histo Num 47029)
Fitting for: [1m(MultiDim_5D_Histo)_(Bayesian)_(SMEAR=Smear)_(Q2_y_Bin_5)_(z_pT_Bin_33)_(MultiDim_Q2_y_z_pT_phi_h)[0m (Histo Num 47030)
Fitting for: [1m(MultiDim_5D_Histo)_(Bayesian)_(SMEAR=Smear)_(Q2_y_Bin_5)_(z_pT_Bin_34)_(MultiDim_Q2_y_z_pT_phi_h)[0m (Histo Num 47031)
Fitting for: [1m(MultiDim_5D_Histo)_(Bayesian)_(SMEAR=Smear)_(Q2_y_Bin_6)_(z_pT_Bin_1)_(MultiDim_Q2_y_z_pT_phi_h)[0m (Histo Num 47033)
Fitting for: [1m(MultiDim_5D_Histo)_(Bayesian)_(SMEAR=Smear)_(Q2_y_Bin_6)_(z_pT_Bin_2)_(MultiDim_Q2_y_z_pT_phi_h)[0m (Histo Num 47034)
Fitting for: [1m(MultiDim_5D_Histo)_(Bayesian)_(SMEAR=Smear)_(Q2_y_Bin_6)_(z_pT_Bin_3)_(MultiDim_Q2_y_z_pT_phi_h)[0m (Histo Num 47035)
Fitting for: [1m(MultiDim_5D_Histo)_(Bayesian)_(SMEAR=Smear)_(Q2_y_Bin_6)_(z_pT_Bin_4)_(MultiDim_Q2_y_z_pT_phi_h)[0m (Histo Num 47036)
Fitting for: [1m(MultiDim_5D_Histo)_(Bayesian)_(SMEAR=Smear)_(Q2_y_Bin_6)_(z_pT_Bin_5)_(MultiDim_Q2_y_z_pT_phi_h)[0m (Histo Num 47037)
Fitting for: [1m(MultiDim_5D_Histo)_(Bayesian)_(SMEAR=Smear)_(Q2_y_Bin_6)_(z_pT_Bin_6)_(MultiDim_Q2_y_z_pT_phi_h)[0m (Histo Num 47038)
Fitting for: [1m(MultiDim_5D_Histo)_(Bayesian)_(SMEAR=Smear)_(Q2_y_Bin_6)_(z_pT_Bin_7)_(MultiDim_Q2_y_z_pT_phi_h)[0m (Histo Num 47039)
Fitting for: [1m(MultiDim_5D_Histo)_(Bayesian)_(SMEAR=Smear)_(Q2_y_Bin_6)_(z_pT_Bin_8)_(MultiDim_Q2_y_z_pT_phi_h)[0m (Histo Num 47040)
Fitting for: [1m(MultiDim_5D_Histo)_(Bayesian)_(SMEAR=Smear)_(Q2_y_Bin_6)_(z_pT_Bin_9)_(MultiDim_Q2_y_z_pT_phi_h)[0m (Histo Num 47041)
Fitting for: [1m(MultiDim_5D_Histo)_(Bayesian)_(SMEAR=Smear)_(Q2_y_Bin_6)_(z_pT_Bin_10)_(MultiDim_Q2_y_z_pT_phi_h)[0m (Histo Num 47042)
Fitting for: [1m(MultiDim_5D_Histo)_(Bayesian)_(SMEAR=Smear)_(Q2_y_Bin_6)_(z_pT_Bin_11)_(MultiDim_Q2_y_z_pT_phi_h)[0m (Histo Num 47043)
Fitting for: [1m(MultiDim_5D_Histo)_(Bayesian)_(SMEAR=Smear)_(Q2_y_Bin_6)_(z_pT_Bin_12)_(MultiDim_Q2_y_z_pT_phi_h)[0m (Histo Num 47044)
Fitting for: [1m(MultiDim_5D_Histo)_(Bayesian)_(SMEAR=Smear)_(Q2_y_Bin_6)_(z_pT_Bin_13)_(MultiDim_Q2_y_z_pT_phi_h)[0m (Histo Num 47045)
Fitting for: [1m(MultiDim_5D_Histo)_(Bayesian)_(SMEAR=Smear)_(Q2_y_Bin_6)_(z_pT_Bin_14)_(MultiDim_Q2_y_z_pT_phi_h)[0m (Histo Num 47046)
Fitting for: [1m(MultiDim_5D_Histo)_(Bayesian)_(SMEAR=Smear)_(Q2_y_Bin_6)_(z_pT_Bin_15)_(MultiDim_Q2_y_z_pT_phi_h)[0m (Histo Num 47047)
Fitting for: [1m(MultiDim_5D_Histo)_(Bayesian)_(SMEAR=Smear)_(Q2_y_Bin_6)_(z_pT_Bin_16)_(MultiDim_Q2_y_z_pT_phi_h)[0m (Histo Num 47048)
Fitting for: [1m(MultiDim_5D_Histo)_(Bayesian)_(SMEAR=Smear)_(Q2_y_Bin_6)_(z_pT_Bin_17)_(MultiDim_Q2_y_z_pT_phi_h)[0m (Histo Num 47049)
Fitting for: [1m(MultiDim_5D_Histo)_(Bayesian)_(SMEAR=Smear)_(Q2_y_Bin_6)_(z_pT_Bin_19)_(MultiDim_Q2_y_z_pT_phi_h)[0m (Histo Num 47050)
Fitting for: [1m(MultiDim_5D_Histo)_(Bayesian)_(SMEAR=Smear)_(Q2_y_Bin_6)_(z_pT_Bin_20)_(MultiDim_Q2_y_z_pT_phi_h)[0m (Histo Num 47051)
Fitting for: [1m(MultiDim_5D_Histo)_(Bayesian)_(SMEAR=Smear)_(Q2_y_Bin_6)_(z_pT_Bin_21)_(MultiDim_Q2_y_z_pT_phi_h)[0m (Histo Num 47052)
Fitting for: [1m(MultiDim_5D_Histo)_(Bayesian)_(SMEAR=Smear)_(Q2_y_Bin_6)_(z_pT_Bin_22)_(MultiDim_Q2_y_z_pT_phi_h)[0m (Histo Num 47053)
Fitting for: [1m(MultiDim_5D_Histo)_(Bayesian)_(SMEAR=Smear)_(Q2_y_Bin_6)_(z_pT_Bin_23)_(MultiDim_Q2_y_z_pT_phi_h)[0m (Histo Num 47054)
Fitting for: [1m(MultiDim_5D_Histo)_(Bayesian)_(SMEAR=Smear)_(Q2_y_Bin_6)_(z_pT_Bin_25)_(MultiDim_Q2_y_z_pT_phi_h)[0m (Histo Num 47055)
Fitting for: [1m(MultiDim_5D_Histo)_(Bayesian)_(SMEAR=Smear)_(Q2_y_Bin_6)_(z_pT_Bin_26)_(MultiDim_Q2_y_z_pT_phi_h)[0m (Histo Num 47056)
Fitting for: [1m(MultiDim_5D_Histo)_(Bayesian)_(SMEAR=Smear)_(Q2_y_Bin_6)_(z_pT_Bin_27)_(MultiDim_Q2_y_z_pT_phi_h)[0m (Histo Num 47057)
Fitting for: [1m(MultiDim_5D_Histo)_(Bayesian)_(SMEAR=Smear)_(Q2_y_Bin_6)_(z_pT_Bin_28)_(MultiDim_Q2_y_z_pT_phi_h)[0m (Histo Num 47058)
Fitting for: [1m(MultiDim_5D_Histo)_(Bayesian)_(SMEAR=Smear)_(Q2_y_Bin_7)_(z_pT_Bin_1)_(MultiDim_Q2_y_z_pT_phi_h)[0m (Histo Num 47060)
Fitting for: [1m(MultiDim_5D_Histo)_(Bayesian)_(SMEAR=Smear)_(Q2_y_Bin_7)_(z_pT_Bin_2)_(MultiDim_Q2_y_z_pT_phi_h)[0m (Histo Num 47061)
Fitting for: [1m(MultiDim_5D_Histo)_(Bayesian)_(SMEAR=Smear)_(Q2_y_Bin_7)_(z_pT_Bin_3)_(MultiDim_Q2_y_z_pT_phi_h)[0m (Histo Num 47062)
Fitting for: [1m(MultiDim_5D_Histo)_(Bayesian)_(SMEAR=Smear)_(Q2_y_Bin_7)_(z_pT_Bin_4)_(MultiDim_Q2_y_z_pT_phi_h)[0m (Histo Num 47063)
Fitting for: [1m(MultiDim_5D_Histo)_(Bayesian)_(SMEAR=Smear)_(Q2_y_Bin_7)_(z_pT_Bin_5)_(MultiDim_Q2_y_z_pT_phi_h)[0m (Histo Num 47064)
Fitting for: [1m(MultiDim_5D_Histo)_(Bayesian)_(SMEAR=Smear)_(Q2_y_Bin_7)_(z_pT_Bin_7)_(MultiDim_Q2_y_z_pT_phi_h)[0m (Histo Num 47065)
Fitting for: [1m(MultiDim_5D_Histo)_(Bayesian)_(SMEAR=Smear)_(Q2_y_Bin_7)_(z_pT_Bin_8)_(MultiDim_Q2_y_z_pT_phi_h)[0m (Histo Num 47066)
Fitting for: [1m(MultiDim_5D_Histo)_(Bayesian)_(SMEAR=Smear)_(Q2_y_Bin_7)_(z_pT_Bin_9)_(MultiDim_Q2_y_z_pT_phi_h)[0m (Histo Num 47067)
Fitting for: [1m(MultiDim_5D_Histo)_(Bayesian)_(SMEAR=Smear)_(Q2_y_Bin_7)_(z_pT_Bin_10)_(MultiDim_Q2_y_z_pT_phi_h)[0m (Histo Num 47068)
Fitting for: [1m(MultiDim_5D_Histo)_(Bayesian)_(SMEAR=Smear)_(Q2_y_Bin_7)_(z_pT_Bin_11)_(MultiDim_Q2_y_z_pT_phi_h)[0m (Histo Num 47069)
Fitting for: [1m(MultiDim_5D_Histo)_(Bayesian)_(SMEAR=Smear)_(Q2_y_Bin_7)_(z_pT_Bin_12)_(MultiDim_Q2_y_z_pT_phi_h)[0m (Histo Num 47070)
Fitting for: [1m(MultiDim_5D_Histo)_(Bayesian)_(SMEAR=Smear)_(Q2_y_Bin_7)_(z_pT_Bin_13)_(MultiDim_Q2_y_z_pT_phi_h)[0m (Histo Num 47071)
Fitting for: [1m(MultiDim_5D_Histo)_(Bayesian)_(SMEAR=Smear)_(Q2_y_Bin_7)_(z_pT_Bin_14)_(MultiDim_Q2_y_z_pT_phi_h)[0m (Histo Num 47072)
Fitting for: [1m(MultiDim_5D_Histo)_(Bayesian)_(SMEAR=Smear)_(Q2_y_Bin_7)_(z_pT_Bin_15)_(MultiDim_Q2_y_z_pT_phi_h)[0m (Histo Num 47073)
Fitting for: [1m(MultiDim_5D_Histo)_(Bayesian)_(SMEAR=Smear)_(Q2_y_Bin_7)_(z_pT_Bin_16)_(MultiDim_Q2_y_z_pT_phi_h)[0m (Histo Num 47074)
Fitting for: [1m(MultiDim_5D_Histo)_(Bayesian)_(SMEAR=Smear)_(Q2_y_Bin_7)_(z_pT_Bin_17)_(MultiDim_Q2_y_z_pT_phi_h)[0m (Histo Num 47075)
Fitting for: [1m(MultiDim_5D_Histo)_(Bayesian)_(SMEAR=Smear)_(Q2_y_Bin_7)_(z_pT_Bin_18)_(MultiDim_Q2_y_z_pT_phi_h)[0m (Histo Num 47076)
Fitting for: [1m(MultiDim_5D_Histo)_(Bayesian)_(SMEAR=Smear)_(Q2_y_Bin_7)_(z_pT_Bin_19)_(MultiDim_Q2_y_z_pT_phi_h)[0m (Histo Num 47077)
Fitting for: [1m(MultiDim_5D_Histo)_(Bayesian)_(SMEAR=Smear)_(Q2_y_Bin_7)_(z_pT_Bin_20)_(MultiDim_Q2_y_z_pT_phi_h)[0m (Histo Num 47078)
Fitting for: [1m(MultiDim_5D_Histo)_(Bayesian)_(SMEAR=Smear)_(Q2_y_Bin_7)_(z_pT_Bin_21)_(MultiDim_Q2_y_z_pT_phi_h)[0m (Histo Num 47079)
Fitting for: [1m(MultiDim_5D_Histo)_(Bayesian)_(SMEAR=Smear)_(Q2_y_Bin_7)_(z_pT_Bin_22)_(MultiDim_Q2_y_z_pT_phi_h)[0m (Histo Num 47080)
Fitting for: [1m(MultiDim_5D_Histo)_(Bayesian)_(SMEAR=Smear)_(Q2_y_Bin_7)_(z_pT_Bin_23)_(MultiDim_Q2_y_z_pT_phi_h)[0m (Histo Num 47081)
Fitting for: [1m(MultiDim_5D_Histo)_(Bayesian)_(SMEAR=Smear)_(Q2_y_Bin_7)_(z_pT_Bin_24)_(MultiDim_Q2_y_z_pT_phi_h)[0m (Histo Num 47082)
Fitting for: [1m(MultiDim_5D_Histo)_(Bayesian)_(SMEAR=Smear)_(Q2_y_Bin_7)_(z_pT_Bin_25)_(MultiDim_Q2_y_z_pT_phi_h)[0m (Histo Num 47083)
Fitting for: [1m(MultiDim_5D_Histo)_(Bayesian)_(SMEAR=Smear)_(Q2_y_Bin_7)_(z_pT_Bin_26)_(MultiDim_Q2_y_z_pT_phi_h)[0m (Histo Num 47084)
Fitting for: [1m(MultiDim_5D_Histo)_(Bayesian)_(SMEAR=Smear)_(Q2_y_Bin_7)_(z_pT_Bin_27)_(MultiDim_Q2_y_z_pT_phi_h)[0m (Histo Num 47085)
Fitting for: [1m(MultiDim_5D_Histo)_(Bayesian)_(SMEAR=Smear)_(Q2_y_Bin_7)_(z_pT_Bin_28)_(MultiDim_Q2_y_z_pT_phi_h)[0m (Histo Num 47086)
Fitting for: [1m(MultiDim_5D_Histo)_(Bayesian)_(SMEAR=Smear)_(Q2_y_Bin_7)_(z_pT_Bin_29)_(MultiDim_Q2_y_z_pT_phi_h)[0m (Histo Num 47087)
Fitting for: [1m(MultiDim_5D_Histo)_(Bayesian)_(SMEAR=Smear)_(Q2_y_Bin_7)_(z_pT_Bin_31)_(MultiDim_Q2_y_z_pT_phi_h)[0m (Histo Num 47088)
Fitting for: [1m(MultiDim_5D_Histo)_(Bayesian)_(SMEAR=Smear)_(Q2_y_Bin_7)_(z_pT_Bin_32)_(MultiDim_Q2_y_z_pT_phi_h)[0m (Histo Num 47089)
Fitting for: [1m(MultiDim_5D_Histo)_(Bayesian)_(SMEAR=Smear)_(Q2_y_Bin_7)_(z_pT_Bin_33)_(MultiDim_Q2_y_z_pT_phi_h)[0m (Histo Num 47090)
Fitting for: [1m(MultiDim_5D_Histo)_(Bayesian)_(SMEAR=Smear)_(Q2_y_Bin_7)_(z_pT_Bin_34)_(MultiDim_Q2_y_z_pT_phi_h)[0m (Histo Num 47091)
Fitting for: [1m(MultiDim_5D_Histo)_(Bayesian)_(SMEAR=Smear)_(Q2_y_Bin_7)_(z_pT_Bin_35)_(MultiDim_Q2_y_z_pT_phi_h)[0m (Histo Num 47092)
Fitting for: [1m(MultiDim_5D_Histo)_(Bayesian)_(SMEAR=Smear)_(Q2_y_Bin_8)_(z_pT_Bin_6)_(MultiDim_Q2_y_z_pT_phi_h)[0m (Histo Num 47094)
Fitting for: [1m(MultiDim_5D_Histo)_(Bayesian)_(SMEAR=Smear)_(Q2_y_Bin_8)_(z_pT_Bin_7)_(MultiDim_Q2_y_z_pT_phi_h)[0m (Histo Num 47095)
Fitting for: [1m(MultiDim_5D_Histo)_(Bayesian)_(SMEAR=Smear)_(Q2_y_Bin_8)_(z_pT_Bin_8)_(MultiDim_Q2_y_z_pT_phi_h)[0m (Histo Num 47096)
Fitting for: [1m(MultiDim_5D_Histo)_(Bayesian)_(SMEAR=Smear)_(Q2_y_Bin_8)_(z_pT_Bin_9)_(MultiDim_Q2_y_z_pT_phi_h)[0m (Histo Num 47097)
Fitting for: [1m(MultiDim_5D_Histo)_(Bayesian)_(SMEAR=Smear)_(Q2_y_Bin_8)_(z_pT_Bin_10)_(MultiDim_Q2_y_z_pT_phi_h)[0m (Histo Num 47098)
Fitting for: [1m(MultiDim_5D_Histo)_(Bayesian)_(SMEAR=Smear)_(Q2_y_Bin_8)_(z_pT_Bin_11)_(MultiDim_Q2_y_z_pT_phi_h)[0m (Histo Num 47099)
Fitting for: [1m(MultiDim_5D_Histo)_(Bayesian)_(SMEAR=Smear)_(Q2_y_Bin_8)_(z_pT_Bin_12)_(MultiDim_Q2_y_z_pT_phi_h)[0m (Histo Num 47100)
Fitting for: [1m(MultiDim_5D_Histo)_(Bayesian)_(SMEAR=Smear)_(Q2_y_Bin_8)_(z_pT_Bin_13)_(MultiDim_Q2_y_z_pT_phi_h)[0m (Histo Num 47101)
Fitting for: [1m(MultiDim_5D_Histo)_(Bayesian)_(SMEAR=Smear)_(Q2_y_Bin_8)_(z_pT_Bin_14)_(MultiDim_Q2_y_z_pT_phi_h)[0m (Histo Num 47102)
Fitting for: [1m(MultiDim_5D_Histo)_(Bayesian)_(SMEAR=Smear)_(Q2_y_Bin_8)_(z_pT_Bin_15)_(MultiDim_Q2_y_z_pT_phi_h)[0m (Histo Num 47103)
Fitting for: [1m(MultiDim_5D_Histo)_(Bayesian)_(SMEAR=Smear)_(Q2_y_Bin_8)_(z_pT_Bin_16)_(MultiDim_Q2_y_z_pT_phi_h)[0m (Histo Num 47104)
Fitting for: [1m(MultiDim_5D_Histo)_(Bayesian)_(SMEAR=Smear)_(Q2_y_Bin_8)_(z_pT_Bin_17)_(MultiDim_Q2_y_z_pT_phi_h)[0m (Histo Num 47105)
Fitting for: [1m(MultiDim_5D_Histo)_(Bayesian)_(SMEAR=Smear)_(Q2_y_Bin_8)_(z_pT_Bin_18)_(MultiDim_Q2_y_z_pT_phi_h)[0m (Histo Num 47106)
Fitting for: [1m(MultiDim_5D_Histo)_(Bayesian)_(SMEAR=Smear)_(Q2_y_Bin_8)_(z_pT_Bin_19)_(MultiDim_Q2_y_z_pT_phi_h)[0m (Histo Num 47107)
Fitting for: [1m(MultiDim_5D_Histo)_(Bayesian)_(SMEAR=Smear)_(Q2_y_Bin_8)_(z_pT_Bin_20)_(MultiDim_Q2_y_z_pT_phi_h)[0m (Histo Num 47108)
Fitting for: [1m(MultiDim_5D_Histo)_(Bayesian)_(SMEAR=Smear)_(Q2_y_Bin_8)_(z_pT_Bin_21)_(MultiDim_Q2_y_z_pT_phi_h)[0m (Histo Num 47109)
Fitting for: [1m(MultiDim_5D_Histo)_(Bayesian)_(SMEAR=Smear)_(Q2_y_Bin_8)_(z_pT_Bin_22)_(MultiDim_Q2_y_z_pT_phi_h)[0m (Histo Num 47110)
Fitting for: [1m(MultiDim_5D_Histo)_(Bayesian)_(SMEAR=Smear)_(Q2_y_Bin_8)_(z_pT_Bin_23)_(MultiDim_Q2_y_z_pT_phi_h)[0m (Histo Num 47111)
Fitting for: [1m(MultiDim_5D_Histo)_(Bayesian)_(SMEAR=Smear)_(Q2_y_Bin_8)_(z_pT_Bin_24)_(MultiDim_Q2_y_z_pT_phi_h)[0m (Histo Num 47112)
Fitting for: [1m(MultiDim_5D_Histo)_(Bayesian)_(SMEAR=Smear)_(Q2_y_Bin_8)_(z_pT_Bin_25)_(MultiDim_Q2_y_z_pT_phi_h)[0m (Histo Num 47113)
Fitting for: [1m(MultiDim_5D_Histo)_(Bayesian)_(SMEAR=Smear)_(Q2_y_Bin_8)_(z_pT_Bin_26)_(MultiDim_Q2_y_z_pT_phi_h)[0m (Histo Num 47114)
Fitting for: [1m(MultiDim_5D_Histo)_(Bayesian)_(SMEAR=Smear)_(Q2_y_Bin_8)_(z_pT_Bin_27)_(MultiDim_Q2_y_z_pT_phi_h)[0m (Histo Num 47115)
Fitting for: [1m(MultiDim_5D_Histo)_(Bayesian)_(SMEAR=Smear)_(Q2_y_Bin_8)_(z_pT_Bin_28)_(MultiDim_Q2_y_z_pT_phi_h)[0m (Histo Num 47116)
Fitting for: [1m(MultiDim_5D_Histo)_(Bayesian)_(SMEAR=Smear)_(Q2_y_Bin_8)_(z_pT_Bin_29)_(MultiDim_Q2_y_z_pT_phi_h)[0m (Histo Num 47117)
Fitting for: [1m(MultiDim_5D_Histo)_(Bayesian)_(SMEAR=Smear)_(Q2_y_Bin_8)_(z_pT_Bin_30)_(MultiDim_Q2_y_z_pT_phi_h)[0m (Histo Num 47118)
Fitting for: [1m(MultiDim_5D_Histo)_(Bayesian)_(SMEAR=Smear)_(Q2_y_Bin_8)_(z_pT_Bin_31)_(MultiDim_Q2_y_z_pT_phi_h)[0m (Histo Num 47119)
Fitting for: [1m(MultiDim_5D_Histo)_(Bayesian)_(SMEAR=Smear)_(Q2_y_Bin_8)_(z_pT_Bin_32)_(MultiDim_Q2_y_z_pT_phi_h)[0m (Histo Num 47120)
Fitting for: [1m(MultiDim_5D_Histo)_(Bayesian)_(SMEAR=Smear)_(Q2_y_Bin_8)_(z_pT_Bin_33)_(MultiDim_Q2_y_z_pT_phi_h)[0m (Histo Num 47121)
Fitting for: [1m(MultiDim_5D_Histo)_(Bayesian)_(SMEAR=Smear)_(Q2_y_Bin_8)_(z_pT_Bin_34)_(MultiDim_Q2_y_z_pT_phi_h)[0m (Histo Num 47122)
Fitting for: [1m(MultiDim_5D_Histo)_(Bayesian)_(SMEAR=Smear)_(Q2_y_Bin_9)_(z_pT_Bin_1)_(MultiDim_Q2_y_z_pT_phi_h)[0m (Histo Num 47124)
Fitting for: [1m(MultiDim_5D_Histo)_(Bayesian)_(SMEAR=Smear)_(Q2_y_Bin_9)_(z_pT_Bin_2)_(MultiDim_Q2_y_z_pT_phi_h)[0m (Histo Num 47125)
Fitting for: [1m(MultiDim_5D_Histo)_(Bayesian)_(SMEAR=Smear)_(Q2_y_Bin_9)_(z_pT_Bin_3)_(MultiDim_Q2_y_z_pT_phi_h)[0m (Histo Num 47126)
Fitting for: [1m(MultiDim_5D_Histo)_(Bayesian)_(SMEAR=Smear)_(Q2_y_Bin_9)_(z_pT_Bin_4)_(MultiDim_Q2_y_z_pT_phi_h)[0m (Histo Num 47127)
Fitting for: [1m(MultiDim_5D_Histo)_(Bayesian)_(SMEAR=Smear)_(Q2_y_Bin_9)_(z_pT_Bin_5)_(MultiDim_Q2_y_z_pT_phi_h)[0m (Histo Num 47128)
Fitting for: [1m(MultiDim_5D_Histo)_(Bayesian)_(SMEAR=Smear)_(Q2_y_Bin_9)_(z_pT_Bin_6)_(MultiDim_Q2_y_z_pT_phi_h)[0m (Histo Num 47129)
Fitting for: [1m(MultiDim_5D_Histo)_(Bayesian)_(SMEAR=Smear)_(Q2_y_Bin_9)_(z_pT_Bin_7)_(MultiDim_Q2_y_z_pT_phi_h)[0m (Histo Num 47130)
Fitting for: [1m(MultiDim_5D_Histo)_(Bayesian)_(SMEAR=Smear)_(Q2_y_Bin_9)_(z_pT_Bin_8)_(MultiDim_Q2_y_z_pT_phi_h)[0m (Histo Num 47131)
Fitting for: [1m(MultiDim_5D_Histo)_(Bayesian)_(SMEAR=Smear)_(Q2_y_Bin_9)_(z_pT_Bin_9)_(MultiDim_Q2_y_z_pT_phi_h)[0m (Histo Num 47132)
Fitting for: [1m(MultiDim_5D_Histo)_(Bayesian)_(SMEAR=Smear)_(Q2_y_Bin_9)_(z_pT_Bin_10)_(MultiDim_Q2_y_z_pT_phi_h)[0m (Histo Num 47133)
Fitting for: [1m(MultiDim_5D_Histo)_(Bayesian)_(SMEAR=Smear)_(Q2_y_Bin_9)_(z_pT_Bin_11)_(MultiDim_Q2_y_z_pT_phi_h)[0m (Histo Num 47134)
Fitting for: [1m(MultiDim_5D_Histo)_(Bayesian)_(SMEAR=Smear)_(Q2_y_Bin_9)_(z_pT_Bin_12)_(MultiDim_Q2_y_z_pT_phi_h)[0m (Histo Num 47135)
Fitting for: [1m(MultiDim_5D_Histo)_(Bayesian)_(SMEAR=Smear)_(Q2_y_Bin_9)_(z_pT_Bin_13)_(MultiDim_Q2_y_z_pT_phi_h)[0m (Histo Num 47136)
Fitting for: [1m(MultiDim_5D_Histo)_(Bayesian)_(SMEAR=Smear)_(Q2_y_Bin_9)_(z_pT_Bin_14)_(MultiDim_Q2_y_z_pT_phi_h)[0m (Histo Num 47137)
Fitting for: [1m(MultiDim_5D_Histo)_(Bayesian)_(SMEAR=Smear)_(Q2_y_Bin_9)_(z_pT_Bin_15)_(MultiDim_Q2_y_z_pT_phi_h)[0m (Histo Num 47138)
Fitting for: [1m(MultiDim_5D_Histo)_(Bayesian)_(SMEAR=Smear)_(Q2_y_Bin_9)_(z_pT_Bin_16)_(MultiDim_Q2_y_z_pT_phi_h)[0m (Histo Num 47139)
Fitting for: [1m(MultiDim_5D_Histo)_(Bayesian)_(SMEAR=Smear)_(Q2_y_Bin_9)_(z_pT_Bin_17)_(MultiDim_Q2_y_z_pT_phi_h)[0m (Histo Num 47140)
Fitting for: [1m(MultiDim_5D_Histo)_(Bayesian)_(SMEAR=Smear)_(Q2_y_Bin_9)_(z_pT_Bin_18)_(MultiDim_Q2_y_z_pT_phi_h)[0m (Histo Num 47141)
Fitting for: [1m(MultiDim_5D_Histo)_(Bayesian)_(SMEAR=Smear)_(Q2_y_Bin_9)_(z_pT_Bin_19)_(MultiDim_Q2_y_z_pT_phi_h)[0m (Histo Num 47142)
Fitting for: [1m(MultiDim_5D_Histo)_(Bayesian)_(SMEAR=Smear)_(Q2_y_Bin_9)_(z_pT_Bin_20)_(MultiDim_Q2_y_z_pT_phi_h)[0m (Histo Num 47143)
Fitting for: [1m(MultiDim_5D_Histo)_(Bayesian)_(SMEAR=Smear)_(Q2_y_Bin_9)_(z_pT_Bin_22)_(MultiDim_Q2_y_z_pT_phi_h)[0m (Histo Num 47144)
Fitting for: [1m(MultiDim_5D_Histo)_(Bayesian)_(SMEAR=Smear)_(Q2_y_Bin_9)_(z_pT_Bin_23)_(MultiDim_Q2_y_z_pT_phi_h)[0m (Histo Num 47145)
Fitting for: [1m(MultiDim_5D_Histo)_(Bayesian)_(SMEAR=Smear)_(Q2_y_Bin_9)_(z_pT_Bin_24)_(MultiDim_Q2_y_z_pT_phi_h)[0m (Histo Num 47146)
Fitting for: [1m(MultiDim_5D_Histo)_(Bayesian)_(SMEAR=Smear)_(Q2_y_Bin_9)_(z_pT_Bin_25)_(MultiDim_Q2_y_z_pT_phi_h)[0m (Histo Num 47147)
Fitting for: [1m(MultiDim_5D_Histo)_(Bayesian)_(SMEAR=Smear)_(Q2_y_Bin_9)_(z_pT_Bin_26)_(MultiDim_Q2_y_z_pT_phi_h)[0m (Histo Num 47148)
Fitting for: [1m(MultiDim_5D_Histo)_(Bayesian)_(SMEAR=Smear)_(Q2_y_Bin_9)_(z_pT_Bin_29)_(MultiDim_Q2_y_z_pT_phi_h)[0m (Histo Num 47149)
Fitting for: [1m(MultiDim_5D_Histo)_(Bayesian)_(SMEAR=Smear)_(Q2_y_Bin_9)_(z_pT_Bin_30)_(MultiDim_Q2_y_z_pT_phi_h)[0m (Histo Num 47150)
Fitting for: [1m(MultiDim_5D_Histo)_(Bayesian)_(SMEAR=Smear)_(Q2_y_Bin_9)_(z_pT_Bin_31)_(MultiDim_Q2_y_z_pT_phi_h)[0m (Histo Num 47151)
Fitting for: [1m(MultiDim_5D_Histo)_(Bayesian)_(SMEAR=Smear)_(Q2_y_Bin_9)_(z_pT_Bin_32)_(MultiDim_Q2_y_z_pT_phi_h)[0m (Histo Num 47152)
Fitting for: [1m(MultiDim_5D_Histo)_(Bayesian)_(SMEAR=Smear)_(Q2_y_Bin_10)_(z_pT_Bin_1)_(MultiDim_Q2_y_z_pT_phi_h)[0m (Histo Num 47154)
Fitting for: [1m(MultiDim_5D_Histo)_(Bayesian)_(SMEAR=Smear)_(Q2_y_Bin_10)_(z_pT_Bin_2)_(MultiDim_Q2_y_z_pT_phi_h)[0m (Histo Num 47155)
Fitting for: [1m(MultiDim_5D_Histo)_(Bayesian)_(SMEAR=Smear)_(Q2_y_Bin_10)_(z_pT_Bin_3)_(MultiDim_Q2_y_z_pT_phi_h)[0m (Histo Num 47156)
Fitting for: [1m(MultiDim_5D_Histo)_(Bayesian)_(SMEAR=Smear)_(Q2_y_Bin_10)_(z_pT_Bin_4)_(MultiDim_Q2_y_z_pT_phi_h)[0m (Histo Num 47157)
Fitting for: [1m(MultiDim_5D_Histo)_(Bayesian)_(SMEAR=Smear)_(Q2_y_Bin_10)_(z_pT_Bin_5)_(MultiDim_Q2_y_z_pT_phi_h)[0m (Histo Num 47158)
Fitting for: [1m(MultiDim_5D_Histo)_(Bayesian)_(SMEAR=Smear)_(Q2_y_Bin_10)_(z_pT_Bin_6)_(MultiDim_Q2_y_z_pT_phi_h)[0m (Histo Num 47159)
Fitting for: [1m(MultiDim_5D_Histo)_(Bayesian)_(SMEAR=Smear)_(Q2_y_Bin_10)_(z_pT_Bin_7)_(MultiDim_Q2_y_z_pT_phi_h)[0m (Histo Num 47160)
Fitting for: [1m(MultiDim_5D_Histo)_(Bayesian)_(SMEAR=Smear)_(Q2_y_Bin_10)_(z_pT_Bin_8)_(MultiDim_Q2_y_z_pT_phi_h)[0m (Histo Num 47161)
Fitting for: [1m(MultiDim_5D_Histo)_(Bayesian)_(SMEAR=Smear)_(Q2_y_Bin_10)_(z_pT_Bin_9)_(MultiDim_Q2_y_z_pT_phi_h)[0m (Histo Num 47162)
Fitting for: [1m(MultiDim_5D_Histo)_(Bayesian)_(SMEAR=Smear)_(Q2_y_Bin_10)_(z_pT_Bin_10)_(MultiDim_Q2_y_z_pT_phi_h)[0m (Histo Num 47163)
Fitting for: [1m(MultiDim_5D_Histo)_(Bayesian)_(SMEAR=Smear)_(Q2_y_Bin_10)_(z_pT_Bin_11)_(MultiDim_Q2_y_z_pT_phi_h)[0m (Histo Num 47164)
Fitting for: [1m(MultiDim_5D_Histo)_(Bayesian)_(SMEAR=Smear)_(Q2_y_Bin_10)_(z_pT_Bin_12)_(MultiDim_Q2_y_z_pT_phi_h)[0m (Histo Num 47165)
Fitting for: [1m(MultiDim_5D_Histo)_(Bayesian)_(SMEAR=Smear)_(Q2_y_Bin_10)_(z_pT_Bin_13)_(MultiDim_Q2_y_z_pT_phi_h)[0m (Histo Num 47166)
Fitting for: [1m(MultiDim_5D_Histo)_(Bayesian)_(SMEAR=Smear)_(Q2_y_Bin_10)_(z_pT_Bin_14)_(MultiDim_Q2_y_z_pT_phi_h)[0m (Histo Num 47167)
Fitting for: [1m(MultiDim_5D_Histo)_(Bayesian)_(SMEAR=Smear)_(Q2_y_Bin_10)_(z_pT_Bin_15)_(MultiDim_Q2_y_z_pT_phi_h)[0m (Histo Num 47168)
Fitting for: [1m(MultiDim_5D_Histo)_(Bayesian)_(SMEAR=Smear)_(Q2_y_Bin_10)_(z_pT_Bin_16)_(MultiDim_Q2_y_z_pT_phi_h)[0m (Histo Num 47169)
Fitting for: [1m(MultiDim_5D_Histo)_(Bayesian)_(SMEAR=Smear)_(Q2_y_Bin_10)_(z_pT_Bin_17)_(MultiDim_Q2_y_z_pT_phi_h)[0m (Histo Num 47170)
Fitting for: [1m(MultiDim_5D_Histo)_(Bayesian)_(SMEAR=Smear)_(Q2_y_Bin_10)_(z_pT_Bin_18)_(MultiDim_Q2_y_z_pT_phi_h)[0m (Histo Num 47171)
Fitting for: [1m(MultiDim_5D_Histo)_(Bayesian)_(SMEAR=Smear)_(Q2_y_Bin_10)_(z_pT_Bin_19)_(MultiDim_Q2_y_z_pT_phi_h)[0m (Histo Num 47172)
Fitting for: [1m(MultiDim_5D_Histo)_(Bayesian)_(SMEAR=Smear)_(Q2_y_Bin_10)_(z_pT_Bin_20)_(MultiDim_Q2_y_z_pT_phi_h)[0m (Histo Num 47173)
Fitting for: [1m(MultiDim_5D_Histo)_(Bayesian)_(SMEAR=Smear)_(Q2_y_Bin_10)_(z_pT_Bin_21)_(MultiDim_Q2_y_z_pT_phi_h)[0m (Histo Num 47174)
Fitting for: [1m(MultiDim_5D_Histo)_(Bayesian)_(SMEAR=Smear)_(Q2_y_Bin_10)_(z_pT_Bin_22)_(MultiDim_Q2_y_z_pT_phi_h)[0m (Histo Num 47175)
Fitting for: [1m(MultiDim_5D_Histo)_(Bayesian)_(SMEAR=Smear)_(Q2_y_Bin_10)_(z_pT_Bin_23)_(MultiDim_Q2_y_z_pT_phi_h)[0m (Histo Num 47176)
Fitting for: [1m(MultiDim_5D_Histo)_(Bayesian)_(SMEAR=Smear)_(Q2_y_Bin_10)_(z_pT_Bin_25)_(MultiDim_Q2_y_z_pT_phi_h)[0m (Histo Num 47177)
Fitting for: [1m(MultiDim_5D_Histo)_(Bayesian)_(SMEAR=Smear)_(Q2_y_Bin_10)_(z_pT_Bin_26)_(MultiDim_Q2_y_z_pT_phi_h)[0m (Histo Num 47178)
Fitting for: [1m(MultiDim_5D_Histo)_(Bayesian)_(SMEAR=Smear)_(Q2_y_Bin_10)_(z_pT_Bin_27)_(MultiDim_Q2_y_z_pT_phi_h)[0m (Histo Num 47179)
Fitting for: [1m(MultiDim_5D_Histo)_(Bayesian)_(SMEAR=Smear)_(Q2_y_Bin_10)_(z_pT_Bin_28)_(MultiDim_Q2_y_z_pT_phi_h)[0m (Histo Num 47180)
Fitting for: [1m(MultiDim_5D_Histo)_(Bayesian)_(SMEAR=Smear)_(Q2_y_Bin_10)_(z_pT_Bin_29)_(MultiDim_Q2_y_z_pT_phi_h)[0m (Histo Num 47181)
Fitting for: [1m(MultiDim_5D_Histo)_(Bayesian)_(SMEAR=Smear)_(Q2_y_Bin_10)_(z_pT_Bin_31)_(MultiDim_Q2_y_z_pT_phi_h)[0m (Histo Num 47182)
Fitting for: [1m(MultiDim_5D_Histo)_(Bayesian)_(SMEAR=Smear)_(Q2_y_Bin_10)_(z_pT_Bin_32)_(MultiDim_Q2_y_z_pT_phi_h)[0m (Histo Num 47183)
Fitting for: [1m(MultiDim_5D_Histo)_(Bayesian)_(SMEAR=Smear)_(Q2_y_Bin_10)_(z_pT_Bin_33)_(MultiDim_Q2_y_z_pT_phi_h)[0m (Histo Num 47184)
Fitting for: [1m(MultiDim_5D_Histo)_(Bayesian)_(SMEAR=Smear)_(Q2_y_Bin_10)_(z_pT_Bin_34)_(MultiDim_Q2_y_z_pT_phi_h)[0m (Histo Num 47185)
Fitting for: [1m(MultiDim_5D_Histo)_(Bayesian)_(SMEAR=Smear)_(Q2_y_Bin_11)_(z_pT_Bin_1)_(MultiDim_Q2_y_z_pT_phi_h)[0m (Histo Num 47187)
Fitting for: [1m(MultiDim_5D_Histo)_(Bayesian)_(SMEAR=Smear)_(Q2_y_Bin_11)_(z_pT_Bin_2)_(MultiDim_Q2_y_z_pT_phi_h)[0m (Histo Num 47188)
Fitting for: [1m(MultiDim_5D_Histo)_(Bayesian)_(SMEAR=Smear)_(Q2_y_Bin_11)_(z_pT_Bin_3)_(MultiDim_Q2_y_z_pT_phi_h)[0m (Histo Num 47189)
Fitting for: [1m(MultiDim_5D_Histo)_(Bayesian)_(SMEAR=Smear)_(Q2_y_Bin_11)_(z_pT_Bin_4)_(MultiDim_Q2_y_z_pT_phi_h)[0m (Histo Num 47190)
Fitting for: [1m(MultiDim_5D_Histo)_(Bayesian)_(SMEAR=Smear)_(Q2_y_Bin_11)_(z_pT_Bin_5)_(MultiDim_Q2_y_z_pT_phi_h)[0m (Histo Num 47191)
Fitting for: [1m(MultiDim_5D_Histo)_(Bayesian)_(SMEAR=Smear)_(Q2_y_Bin_11)_(z_pT_Bin_6)_(MultiDim_Q2_y_z_pT_phi_h)[0m (Histo Num 47192)
Fitting for: [1m(MultiDim_5D_Histo)_(Bayesian)_(SMEAR=Smear)_(Q2_y_Bin_11)_(z_pT_Bin_7)_(MultiDim_Q2_y_z_pT_phi_h)[0m (Histo Num 47193)
Fitting for: [1m(MultiDim_5D_Histo)_(Bayesian)_(SMEAR=Smear)_(Q2_y_Bin_11)_(z_pT_Bin_8)_(MultiDim_Q2_y_z_pT_phi_h)[0m (Histo Num 47194)
Fitting for: [1m(MultiDim_5D_Histo)_(Bayesian)_(SMEAR=Smear)_(Q2_y_Bin_11)_(z_pT_Bin_9)_(MultiDim_Q2_y_z_pT_phi_h)[0m (Histo Num 47195)
Fitting for: [1m(MultiDim_5D_Histo)_(Bayesian)_(SMEAR=Smear)_(Q2_y_Bin_11)_(z_pT_Bin_10)_(MultiDim_Q2_y_z_pT_phi_h)[0m (Histo Num 47196)
Fitting for: [1m(MultiDim_5D_Histo)_(Bayesian)_(SMEAR=Smear)_(Q2_y_Bin_11)_(z_pT_Bin_11)_(MultiDim_Q2_y_z_pT_phi_h)[0m (Histo Num 47197)
Fitting for: [1m(MultiDim_5D_Histo)_(Bayesian)_(SMEAR=Smear)_(Q2_y_Bin_11)_(z_pT_Bin_12)_(MultiDim_Q2_y_z_pT_phi_h)[0m (Histo Num 47198)
Fitting for: [1m(MultiDim_5D_Histo)_(Bayesian)_(SMEAR=Smear)_(Q2_y_Bin_11)_(z_pT_Bin_13)_(MultiDim_Q2_y_z_pT_phi_h)[0m (Histo Num 47199)
Fitting for: [1m(MultiDim_5D_Histo)_(Bayesian)_(SMEAR=Smear)_(Q2_y_Bin_11)_(z_pT_Bin_14)_(MultiDim_Q2_y_z_pT_phi_h)[0m (Histo Num 47200)
Fitting for: [1m(MultiDim_5D_Histo)_(Bayesian)_(SMEAR=Smear)_(Q2_y_Bin_11)_(z_pT_Bin_15)_(MultiDim_Q2_y_z_pT_phi_h)[0m (Histo Num 47201)
Fitting for: [1m(MultiDim_5D_Histo)_(Bayesian)_(SMEAR=Smear)_(Q2_y_Bin_11)_(z_pT_Bin_16)_(MultiDim_Q2_y_z_pT_phi_h)[0m (Histo Num 47202)
Fitting for: [1m(MultiDim_5D_Histo)_(Bayesian)_(SMEAR=Smear)_(Q2_y_Bin_11)_(z_pT_Bin_17)_(MultiDim_Q2_y_z_pT_phi_h)[0m (Histo Num 47203)
Fitting for: [1m(MultiDim_5D_Histo)_(Bayesian)_(SMEAR=Smear)_(Q2_y_Bin_11)_(z_pT_Bin_18)_(MultiDim_Q2_y_z_pT_phi_h)[0m (Histo Num 47204)
Fitting for: [1m(MultiDim_5D_Histo)_(Bayesian)_(SMEAR=Smear)_(Q2_y_Bin_11)_(z_pT_Bin_19)_(MultiDim_Q2_y_z_pT_phi_h)[0m (Histo Num 47205)
Fitting for: [1m(MultiDim_5D_Histo)_(Bayesian)_(SMEAR=Smear)_(Q2_y_Bin_11)_(z_pT_Bin_20)_(MultiDim_Q2_y_z_pT_phi_h)[0m (Histo Num 47206)
Fitting for: [1m(MultiDim_5D_Histo)_(Bayesian)_(SMEAR=Smear)_(Q2_y_Bin_11)_(z_pT_Bin_21)_(MultiDim_Q2_y_z_pT_phi_h)[0m (Histo Num 47207)
Fitting for: [1m(MultiDim_5D_Histo)_(Bayesian)_(SMEAR=Smear)_(Q2_y_Bin_11)_(z_pT_Bin_22)_(MultiDim_Q2_y_z_pT_phi_h)[0m (Histo Num 47208)
Fitting for: [1m(MultiDim_5D_Histo)_(Bayesian)_(SMEAR=Smear)_(Q2_y_Bin_11)_(z_pT_Bin_23)_(MultiDim_Q2_y_z_pT_phi_h)[0m (Histo Num 47209)
Fitting for: [1m(MultiDim_5D_Histo)_(Bayesian)_(SMEAR=Smear)_(Q2_y_Bin_11)_(z_pT_Bin_24)_(MultiDim_Q2_y_z_pT_phi_h)[0m (Histo Num 47210)
Fitting for: [1m(MultiDim_5D_Histo)_(Bayesian)_(SMEAR=Smear)_(Q2_y_Bin_12)_(z_pT_Bin_6)_(MultiDim_Q2_y_z_pT_phi_h)[0m (Histo Num 47212)
Fitting for: [1m(MultiDim_5D_Histo)_(Bayesian)_(SMEAR=Smear)_(Q2_y_Bin_12)_(z_pT_Bin_7)_(MultiDim_Q2_y_z_pT_phi_h)[0m (Histo Num 47213)
Fitting for: [1m(MultiDim_5D_Histo)_(Bayesian)_(SMEAR=Smear)_(Q2_y_Bin_12)_(z_pT_Bin_8)_(MultiDim_Q2_y_z_pT_phi_h)[0m (Histo Num 47214)
Fitting for: [1m(MultiDim_5D_Histo)_(Bayesian)_(SMEAR=Smear)_(Q2_y_Bin_12)_(z_pT_Bin_9)_(MultiDim_Q2_y_z_pT_phi_h)[0m (Histo Num 47215)
Fitting for: [1m(MultiDim_5D_Histo)_(Bayesian)_(SMEAR=Smear)_(Q2_y_Bin_12)_(z_pT_Bin_10)_(MultiDim_Q2_y_z_pT_phi_h)[0m (Histo Num 47216)
Fitting for: [1m(MultiDim_5D_Histo)_(Bayesian)_(SMEAR=Smear)_(Q2_y_Bin_12)_(z_pT_Bin_11)_(MultiDim_Q2_y_z_pT_phi_h)[0m (Histo Num 47217)
Fitting for: [1m(MultiDim_5D_Histo)_(Bayesian)_(SMEAR=Smear)_(Q2_y_Bin_12)_(z_pT_Bin_12)_(MultiDim_Q2_y_z_pT_phi_h)[0m (Histo Num 47218)
Fitting for: [1m(MultiDim_5D_Histo)_(Bayesian)_(SMEAR=Smear)_(Q2_y_Bin_12)_(z_pT_Bin_13)_(MultiDim_Q2_y_z_pT_phi_h)[0m (Histo Num 47219)
Fitting for: [1m(MultiDim_5D_Histo)_(Bayesian)_(SMEAR=Smear)_(Q2_y_Bin_12)_(z_pT_Bin_14)_(MultiDim_Q2_y_z_pT_phi_h)[0m (Histo Num 47220)
Fitting for: [1m(MultiDim_5D_Histo)_(Bayesian)_(SMEAR=Smear)_(Q2_y_Bin_12)_(z_pT_Bin_15)_(MultiDim_Q2_y_z_pT_phi_h)[0m (Histo Num 47221)
Fitting for: [1m(MultiDim_5D_Histo)_(Bayesian)_(SMEAR=Smear)_(Q2_y_Bin_12)_(z_pT_Bin_16)_(MultiDim_Q2_y_z_pT_phi_h)[0m (Histo Num 47222)
Fitting for: [1m(MultiDim_5D_Histo)_(Bayesian)_(SMEAR=Smear)_(Q2_y_Bin_12)_(z_pT_Bin_17)_(MultiDim_Q2_y_z_pT_phi_h)[0m (Histo Num 47223)
Fitting for: [1m(MultiDim_5D_Histo)_(Bayesian)_(SMEAR=Smear)_(Q2_y_Bin_12)_(z_pT_Bin_18)_(MultiDim_Q2_y_z_pT_phi_h)[0m (Histo Num 47224)
Fitting for: [1m(MultiDim_5D_Histo)_(Bayesian)_(SMEAR=Smear)_(Q2_y_Bin_12)_(z_pT_Bin_19)_(MultiDim_Q2_y_z_pT_phi_h)[0m (Histo Num 47225)
Fitting for: [1m(MultiDim_5D_Histo)_(Bayesian)_(SMEAR=Smear)_(Q2_y_Bin_12)_(z_pT_Bin_20)_(MultiDim_Q2_y_z_pT_phi_h)[0m (Histo Num 47226)
Fitting for: [1m(MultiDim_5D_Histo)_(Bayesian)_(SMEAR=Smear)_(Q2_y_Bin_12)_(z_pT_Bin_21)_(MultiDim_Q2_y_z_pT_phi_h)[0m (Histo Num 47227)
Fitting for: [1m(MultiDim_5D_Histo)_(Bayesian)_(SMEAR=Smear)_(Q2_y_Bin_12)_(z_pT_Bin_22)_(MultiDim_Q2_y_z_pT_phi_h)[0m (Histo Num 47228)
Fitting for: [1m(MultiDim_5D_Histo)_(Bayesian)_(SMEAR=Smear)_(Q2_y_Bin_12)_(z_pT_Bin_23)_(MultiDim_Q2_y_z_pT_phi_h)[0m (Histo Num 47229)
Fitting for: [1m(MultiDim_5D_Histo)_(Bayesian)_(SMEAR=Smear)_(Q2_y_Bin_12)_(z_pT_Bin_24)_(MultiDim_Q2_y_z_pT_phi_h)[0m (Histo Num 47230)
Fitting for: [1m(MultiDim_5D_Histo)_(Bayesian)_(SMEAR=Smear)_(Q2_y_Bin_13)_(z_pT_Bin_1)_(MultiDim_Q2_y_z_pT_phi_h)[0m (Histo Num 47232)
Fitting for: [1m(MultiDim_5D_Histo)_(Bayesian)_(SMEAR=Smear)_(Q2_y_Bin_13)_(z_pT_Bin_2)_(MultiDim_Q2_y_z_pT_phi_h)[0m (Histo Num 47233)
Fitting for: [1m(MultiDim_5D_Histo)_(Bayesian)_(SMEAR=Smear)_(Q2_y_Bin_13)_(z_pT_Bin_3)_(MultiDim_Q2_y_z_pT_phi_h)[0m (Histo Num 47234)
Fitting for: [1m(MultiDim_5D_Histo)_(Bayesian)_(SMEAR=Smear)_(Q2_y_Bin_13)_(z_pT_Bin_4)_(MultiDim_Q2_y_z_pT_phi_h)[0m (Histo Num 47235)
Fitting for: [1m(MultiDim_5D_Histo)_(Bayesian)_(SMEAR=Smear)_(Q2_y_Bin_13)_(z_pT_Bin_5)_(MultiDim_Q2_y_z_pT_phi_h)[0m (Histo Num 47236)
Fitting for: [1m(MultiDim_5D_Histo)_(Bayesian)_(SMEAR=Smear)_(Q2_y_Bin_13)_(z_pT_Bin_6)_(MultiDim_Q2_y_z_pT_phi_h)[0m (Histo Num 47237)
Fitting for: [1m(MultiDim_5D_Histo)_(Bayesian)_(SMEAR=Smear)_(Q2_y_Bin_13)_(z_pT_Bin_7)_(MultiDim_Q2_y_z_pT_phi_h)[0m (Histo Num 47238)
Fitting for: [1m(MultiDim_5D_Histo)_(Bayesian)_(SMEAR=Smear)_(Q2_y_Bin_13)_(z_pT_Bin_8)_(MultiDim_Q2_y_z_pT_phi_h)[0m (Histo Num 47239)
Fitting for: [1m(MultiDim_5D_Histo)_(Bayesian)_(SMEAR=Smear)_(Q2_y_Bin_13)_(z_pT_Bin_9)_(MultiDim_Q2_y_z_pT_phi_h)[0m (Histo Num 47240)
Fitting for: [1m(MultiDim_5D_Histo)_(Bayesian)_(SMEAR=Smear)_(Q2_y_Bin_13)_(z_pT_Bin_10)_(MultiDim_Q2_y_z_pT_phi_h)[0m (Histo Num 47241)
Fitting for: [1m(MultiDim_5D_Histo)_(Bayesian)_(SMEAR=Smear)_(Q2_y_Bin_13)_(z_pT_Bin_11)_(MultiDim_Q2_y_z_pT_phi_h)[0m (Histo Num 47242)
Fitting for: [1m(MultiDim_5D_Histo)_(Bayesian)_(SMEAR=Smear)_(Q2_y_Bin_13)_(z_pT_Bin_12)_(MultiDim_Q2_y_z_pT_phi_h)[0m (Histo Num 47243)
Fitting for: [1m(MultiDim_5D_Histo)_(Bayesian)_(SMEAR=Smear)_(Q2_y_Bin_13)_(z_pT_Bin_13)_(MultiDim_Q2_y_z_pT_phi_h)[0m (Histo Num 47244)
Fitting for: [1m(MultiDim_5D_Histo)_(Bayesian)_(SMEAR=Smear)_(Q2_y_Bin_13)_(z_pT_Bin_14)_(MultiDim_Q2_y_z_pT_phi_h)[0m (Histo Num 47245)
Fitting for: [1m(MultiDim_5D_Histo)_(Bayesian)_(SMEAR=Smear)_(Q2_y_Bin_13)_(z_pT_Bin_15)_(MultiDim_Q2_y_z_pT_phi_h)[0m (Histo Num 47246)
Fitting for: [1m(MultiDim_5D_Histo)_(Bayesian)_(SMEAR=Smear)_(Q2_y_Bin_13)_(z_pT_Bin_16)_(MultiDim_Q2_y_z_pT_phi_h)[0m (Histo Num 47247)
Fitting for: [1m(MultiDim_5D_Histo)_(Bayesian)_(SMEAR=Smear)_(Q2_y_Bin_13)_(z_pT_Bin_17)_(MultiDim_Q2_y_z_pT_phi_h)[0m (Histo Num 47248)
Fitting for: [1m(MultiDim_5D_Histo)_(Bayesian)_(SMEAR=Smear)_(Q2_y_Bin_13)_(z_pT_Bin_18)_(MultiDim_Q2_y_z_pT_phi_h)[0m (Histo Num 47249)
Fitting for: [1m(MultiDim_5D_Histo)_(Bayesian)_(SMEAR=Smear)_(Q2_y_Bin_13)_(z_pT_Bin_19)_(MultiDim_Q2_y_z_pT_phi_h)[0m (Histo Num 47250)
Fitting for: [1m(MultiDim_5D_Histo)_(Bayesian)_(SMEAR=Smear)_(Q2_y_Bin_13)_(z_pT_Bin_21)_(MultiDim_Q2_y_z_pT_phi_h)[0m (Histo Num 47251)
Fitting for: [1m(MultiDim_5D_Histo)_(Bayesian)_(SMEAR=Smear)_(Q2_y_Bin_13)_(z_pT_Bin_22)_(MultiDim_Q2_y_z_pT_phi_h)[0m (Histo Num 47252)
Fitting for: [1m(MultiDim_5D_Histo)_(Bayesian)_(SMEAR=Smear)_(Q2_y_Bin_13)_(z_pT_Bin_23)_(MultiDim_Q2_y_z_pT_phi_h)[0m (Histo Num 47253)
Fitting for: [1m(MultiDim_5D_Histo)_(Bayesian)_(SMEAR=Smear)_(Q2_y_Bin_13)_(z_pT_Bin_24)_(MultiDim_Q2_y_z_pT_phi_h)[0m (Histo Num 47254)
Fitting for: [1m(MultiDim_5D_Histo)_(Bayesian)_(SMEAR=Smear)_(Q2_y_Bin_13)_(z_pT_Bin_26)_(MultiDim_Q2_y_z_pT_phi_h)[0m (Histo Num 47255)
Fitting for: [1m(MultiDim_5D_Histo)_(Bayesian)_(SMEAR=Smear)_(Q2_y_Bin_13)_(z_pT_Bin_27)_(MultiDim_Q2_y_z_pT_phi_h)[0m (Histo Num 47256)
Fitting for: [1m(MultiDim_5D_Histo)_(Bayesian)_(SMEAR=Smear)_(Q2_y_Bin_13)_(z_pT_Bin_28)_(MultiDim_Q2_y_z_pT_phi_h)[0m (Histo Num 47257)
Fitting for: [1m(MultiDim_5D_Histo)_(Bayesian)_(SMEAR=Smear)_(Q2_y_Bin_14)_(z_pT_Bin_1)_(MultiDim_Q2_y_z_pT_phi_h)[0m (Histo Num 47259)
Fitting for: [1m(MultiDim_5D_Histo)_(Bayesian)_(SMEAR=Smear)_(Q2_y_Bin_14)_(z_pT_Bin_2)_(MultiDim_Q2_y_z_pT_phi_h)[0m (Histo Num 47260)
Fitting for: [1m(MultiDim_5D_Histo)_(Bayesian)_(SMEAR=Smear)_(Q2_y_Bin_14)_(z_pT_Bin_3)_(MultiDim_Q2_y_z_pT_phi_h)[0m (Histo Num 47261)
Fitting for: [1m(MultiDim_5D_Histo)_(Bayesian)_(SMEAR=Smear)_(Q2_y_Bin_14)_(z_pT_Bin_4)_(MultiDim_Q2_y_z_pT_phi_h)[0m (Histo Num 47262)
Fitting for: [1m(MultiDim_5D_Histo)_(Bayesian)_(SMEAR=Smear)_(Q2_y_Bin_14)_(z_pT_Bin_5)_(MultiDim_Q2_y_z_pT_phi_h)[0m (Histo Num 47263)
Fitting for: [1m(MultiDim_5D_Histo)_(Bayesian)_(SMEAR=Smear)_(Q2_y_Bin_14)_(z_pT_Bin_6)_(MultiDim_Q2_y_z_pT_phi_h)[0m (Histo Num 47264)
Fitting for: [1m(MultiDim_5D_Histo)_(Bayesian)_(SMEAR=Smear)_(Q2_y_Bin_14)_(z_pT_Bin_7)_(MultiDim_Q2_y_z_pT_phi_h)[0m (Histo Num 47265)
Fitting for: [1m(MultiDim_5D_Histo)_(Bayesian)_(SMEAR=Smear)_(Q2_y_Bin_14)_(z_pT_Bin_8)_(MultiDim_Q2_y_z_pT_phi_h)[0m (Histo Num 47266)
Fitting for: [1m(MultiDim_5D_Histo)_(Bayesian)_(SMEAR=Smear)_(Q2_y_Bin_14)_(z_pT_Bin_9)_(MultiDim_Q2_y_z_pT_phi_h)[0m (Histo Num 47267)
Fitting for: [1m(MultiDim_5D_Histo)_(Bayesian)_(SMEAR=Smear)_(Q2_y_Bin_14)_(z_pT_Bin_10)_(MultiDim_Q2_y_z_pT_phi_h)[0m (Histo Num 47268)
Fitting for: [1m(MultiDim_5D_Histo)_(Bayesian)_(SMEAR=Smear)_(Q2_y_Bin_14)_(z_pT_Bin_11)_(MultiDim_Q2_y_z_pT_phi_h)[0m (Histo Num 47269)
Fitting for: [1m(MultiDim_5D_Histo)_(Bayesian)_(SMEAR=Smear)_(Q2_y_Bin_14)_(z_pT_Bin_12)_(MultiDim_Q2_y_z_pT_phi_h)[0m (Histo Num 47270)
Fitting for: [1m(MultiDim_5D_Histo)_(Bayesian)_(SMEAR=Smear)_(Q2_y_Bin_14)_(z_pT_Bin_13)_(MultiDim_Q2_y_z_pT_phi_h)[0m (Histo Num 47271)
Fitting for: [1m(MultiDim_5D_Histo)_(Bayesian)_(SMEAR=Smear)_(Q2_y_Bin_14)_(z_pT_Bin_14)_(MultiDim_Q2_y_z_pT_phi_h)[0m (Histo Num 47272)
Fitting for: [1m(MultiDim_5D_Histo)_(Bayesian)_(SMEAR=Smear)_(Q2_y_Bin_14)_(z_pT_Bin_15)_(MultiDim_Q2_y_z_pT_phi_h)[0m (Histo Num 47273)
Fitting for: [1m(MultiDim_5D_Histo)_(Bayesian)_(SMEAR=Smear)_(Q2_y_Bin_14)_(z_pT_Bin_16)_(MultiDim_Q2_y_z_pT_phi_h)[0m (Histo Num 47274)
Fitting for: [1m(MultiDim_5D_Histo)_(Bayesian)_(SMEAR=Smear)_(Q2_y_Bin_14)_(z_pT_Bin_17)_(MultiDim_Q2_y_z_pT_phi_h)[0m (Histo Num 47275)
Fitting for: [1m(MultiDim_5D_Histo)_(Bayesian)_(SMEAR=Smear)_(Q2_y_Bin_14)_(z_pT_Bin_18)_(MultiDim_Q2_y_z_pT_phi_h)[0m (Histo Num 47276)
Fitting for: [1m(MultiDim_5D_Histo)_(Bayesian)_(SMEAR=Smear)_(Q2_y_Bin_14)_(z_pT_Bin_19)_(MultiDim_Q2_y_z_pT_phi_h)[0m (Histo Num 47277)
Fitting for: [1m(MultiDim_5D_Histo)_(Bayesian)_(SMEAR=Smear)_(Q2_y_Bin_14)_(z_pT_Bin_20)_(MultiDim_Q2_y_z_pT_phi_h)[0m (Histo Num 47278)
Fitting for: [1m(MultiDim_5D_Histo)_(Bayesian)_(SMEAR=Smear)_(Q2_y_Bin_14)_(z_pT_Bin_21)_(MultiDim_Q2_y_z_pT_phi_h)[0m (Histo Num 47279)
Fitting for: [1m(MultiDim_5D_Histo)_(Bayesian)_(SMEAR=Smear)_(Q2_y_Bin_14)_(z_pT_Bin_22)_(MultiDim_Q2_y_z_pT_phi_h)[0m (Histo Num 47280)
Fitting for: [1m(MultiDim_5D_Histo)_(Bayesian)_(SMEAR=Smear)_(Q2_y_Bin_14)_(z_pT_Bin_23)_(MultiDim_Q2_y_z_pT_phi_h)[0m (Histo Num 47281)
Fitting for: [1m(MultiDim_5D_Histo)_(Bayesian)_(SMEAR=Smear)_(Q2_y_Bin_14)_(z_pT_Bin_25)_(MultiDim_Q2_y_z_pT_phi_h)[0m (Histo Num 47282)
Fitting for: [1m(MultiDim_5D_Histo)_(Bayesian)_(SMEAR=Smear)_(Q2_y_Bin_14)_(z_pT_Bin_26)_(MultiDim_Q2_y_z_pT_phi_h)[0m (Histo Num 47283)
Fitting for: [1m(MultiDim_5D_Histo)_(Bayesian)_(SMEAR=Smear)_(Q2_y_Bin_14)_(z_pT_Bin_27)_(MultiDim_Q2_y_z_pT_phi_h)[0m (Histo Num 47284)
Fitting for: [1m(MultiDim_5D_Histo)_(Bayesian)_(SMEAR=Smear)_(Q2_y_Bin_14)_(z_pT_Bin_28)_(MultiDim_Q2_y_z_pT_phi_h)[0m (Histo Num 47285)
Fitting for: [1m(MultiDim_5D_Histo)_(Bayesian)_(SMEAR=Smear)_(Q2_y_Bin_14)_(z_pT_Bin_29)_(MultiDim_Q2_y_z_pT_phi_h)[0m (Histo Num 47286)
Fitting for: [1m(MultiDim_5D_Histo)_(Bayesian)_(SMEAR=Smear)_(Q2_y_Bin_14)_(z_pT_Bin_31)_(MultiDim_Q2_y_z_pT_phi_h)[0m (Histo Num 47287)
Fitting for: [1m(MultiDim_5D_Histo)_(Bayesian)_(SMEAR=Smear)_(Q2_y_Bin_14)_(z_pT_Bin_32)_(MultiDim_Q2_y_z_pT_phi_h)[0m (Histo Num 47288)
Fitting for: [1m(MultiDim_5D_Histo)_(Bayesian)_(SMEAR=Smear)_(Q2_y_Bin_14)_(z_pT_Bin_33)_(MultiDim_Q2_y_z_pT_phi_h)[0m (Histo Num 47289)
Fitting for: [1m(MultiDim_5D_Histo)_(Bayesian)_(SMEAR=Smear)_(Q2_y_Bin_14)_(z_pT_Bin_34)_(MultiDim_Q2_y_z_pT_phi_h)[0m (Histo Num 47290)
Fitting for: [1m(MultiDim_5D_Histo)_(Bayesian)_(SMEAR=Smear)_(Q2_y_Bin_15)_(z_pT_Bin_1)_(MultiDim_Q2_y_z_pT_phi_h)[0m (Histo Num 47292)
Fitting for: [1m(MultiDim_5D_Histo)_(Bayesian)_(SMEAR=Smear)_(Q2_y_Bin_15)_(z_pT_Bin_2)_(MultiDim_Q2_y_z_pT_phi_h)[0m (Histo Num 47293)
Fitting for: [1m(MultiDim_5D_Histo)_(Bayesian)_(SMEAR=Smear)_(Q2_y_Bin_15)_(z_pT_Bin_3)_(MultiDim_Q2_y_z_pT_phi_h)[0m (Histo Num 47294)
Fitting for: [1m(MultiDim_5D_Histo)_(Bayesian)_(SMEAR=Smear)_(Q2_y_Bin_15)_(z_pT_Bin_4)_(MultiDim_Q2_y_z_pT_phi_h)[0m (Histo Num 47295)
Fitting for: [1m(MultiDim_5D_Histo)_(Bayesian)_(SMEAR=Smear)_(Q2_y_Bin_15)_(z_pT_Bin_6)_(MultiDim_Q2_y_z_pT_phi_h)[0m (Histo Num 47296)
Fitting for: [1m(MultiDim_5D_Histo)_(Bayesian)_(SMEAR=Smear)_(Q2_y_Bin_15)_(z_pT_Bin_7)_(MultiDim_Q2_y_z_pT_phi_h)[0m (Histo Num 47297)
Fitting for: [1m(MultiDim_5D_Histo)_(Bayesian)_(SMEAR=Smear)_(Q2_y_Bin_15)_(z_pT_Bin_8)_(MultiDim_Q2_y_z_pT_phi_h)[0m (Histo Num 47298)
Fitting for: [1m(MultiDim_5D_Histo)_(Bayesian)_(SMEAR=Smear)_(Q2_y_Bin_15)_(z_pT_Bin_9)_(MultiDim_Q2_y_z_pT_phi_h)[0m (Histo Num 47299)
Fitting for: [1m(MultiDim_5D_Histo)_(Bayesian)_(SMEAR=Smear)_(Q2_y_Bin_15)_(z_pT_Bin_10)_(MultiDim_Q2_y_z_pT_phi_h)[0m (Histo Num 47300)
Fitting for: [1m(MultiDim_5D_Histo)_(Bayesian)_(SMEAR=Smear)_(Q2_y_Bin_15)_(z_pT_Bin_11)_(MultiDim_Q2_y_z_pT_phi_h)[0m (Histo Num 47301)
Fitting for: [1m(MultiDim_5D_Histo)_(Bayesian)_(SMEAR=Smear)_(Q2_y_Bin_15)_(z_pT_Bin_12)_(MultiDim_Q2_y_z_pT_phi_h)[0m (Histo Num 47302)
Fitting for: [1m(MultiDim_5D_Histo)_(Bayesian)_(SMEAR=Smear)_(Q2_y_Bin_15)_(z_pT_Bin_13)_(MultiDim_Q2_y_z_pT_phi_h)[0m (Histo Num 47303)
Fitting for: [1m(MultiDim_5D_Histo)_(Bayesian)_(SMEAR=Smear)_(Q2_y_Bin_15)_(z_pT_Bin_14)_(MultiDim_Q2_y_z_pT_phi_h)[0m (Histo Num 47304)
Fitting for: [1m(MultiDim_5D_Histo)_(Bayesian)_(SMEAR=Smear)_(Q2_y_Bin_15)_(z_pT_Bin_15)_(MultiDim_Q2_y_z_pT_phi_h)[0m (Histo Num 47305)
Fitting for: [1m(MultiDim_5D_Histo)_(Bayesian)_(SMEAR=Smear)_(Q2_y_Bin_15)_(z_pT_Bin_16)_(MultiDim_Q2_y_z_pT_phi_h)[0m (Histo Num 47306)
Fitting for: [1m(MultiDim_5D_Histo)_(Bayesian)_(SMEAR=Smear)_(Q2_y_Bin_15)_(z_pT_Bin_17)_(MultiDim_Q2_y_z_pT_phi_h)[0m (Histo Num 47307)
Fitting for: [1m(MultiDim_5D_Histo)_(Bayesian)_(SMEAR=Smear)_(Q2_y_Bin_15)_(z_pT_Bin_18)_(MultiDim_Q2_y_z_pT_phi_h)[0m (Histo Num 47308)
Fitting for: [1m(MultiDim_5D_Histo)_(Bayesian)_(SMEAR=Smear)_(Q2_y_Bin_15)_(z_pT_Bin_19)_(MultiDim_Q2_y_z_pT_phi_h)[0m (Histo Num 47309)
Fitting for: [1m(MultiDim_5D_Histo)_(Bayesian)_(SMEAR=Smear)_(Q2_y_Bin_15)_(z_pT_Bin_21)_(MultiDim_Q2_y_z_pT_phi_h)[0m (Histo Num 47310)
Fitting for: [1m(MultiDim_5D_Histo)_(Bayesian)_(SMEAR=Smear)_(Q2_y_Bin_15)_(z_pT_Bin_22)_(MultiDim_Q2_y_z_pT_phi_h)[0m (Histo Num 47311)
Fitting for: [1m(MultiDim_5D_Histo)_(Bayesian)_(SMEAR=Smear)_(Q2_y_Bin_15)_(z_pT_Bin_23)_(MultiDim_Q2_y_z_pT_phi_h)[0m (Histo Num 47312)
Fitting for: [1m(MultiDim_5D_Histo)_(Bayesian)_(SMEAR=Smear)_(Q2_y_Bin_15)_(z_pT_Bin_24)_(MultiDim_Q2_y_z_pT_phi_h)[0m (Histo Num 47313)
Fitting for: [1m(MultiDim_5D_Histo)_(Bayesian)_(SMEAR=Smear)_(Q2_y_Bin_16)_(z_pT_Bin_1)_(MultiDim_Q2_y_z_pT_phi_h)[0m (Histo Num 47315)
Fitting for: [1m(MultiDim_5D_Histo)_(Bayesian)_(SMEAR=Smear)_(Q2_y_Bin_16)_(z_pT_Bin_2)_(MultiDim_Q2_y_z_pT_phi_h)[0m (Histo Num 47316)
Fitting for: [1m(MultiDim_5D_Histo)_(Bayesian)_(SMEAR=Smear)_(Q2_y_Bin_16)_(z_pT_Bin_3)_(MultiDim_Q2_y_z_pT_phi_h)[0m (Histo Num 47317)
Fitting for: [1m(MultiDim_5D_Histo)_(Bayesian)_(SMEAR=Smear)_(Q2_y_Bin_16)_(z_pT_Bin_4)_(MultiDim_Q2_y_z_pT_phi_h)[0m (Histo Num 47318)
Fitting for: [1m(MultiDim_5D_Histo)_(Bayesian)_(SMEAR=Smear)_(Q2_y_Bin_16)_(z_pT_Bin_5)_(MultiDim_Q2_y_z_pT_phi_h)[0m (Histo Num 47319)
Fitting for: [1m(MultiDim_5D_Histo)_(Bayesian)_(SMEAR=Smear)_(Q2_y_Bin_16)_(z_pT_Bin_6)_(MultiDim_Q2_y_z_pT_phi_h)[0m (Histo Num 47320)
Fitting for: [1m(MultiDim_5D_Histo)_(Bayesian)_(SMEAR=Smear)_(Q2_y_Bin_16)_(z_pT_Bin_7)_(MultiDim_Q2_y_z_pT_phi_h)[0m (Histo Num 47321)
Fitting for: [1m(MultiDim_5D_Histo)_(Bayesian)_(SMEAR=Smear)_(Q2_y_Bin_16)_(z_pT_Bin_8)_(MultiDim_Q2_y_z_pT_phi_h)[0m (Histo Num 47322)
Fitting for: [1m(MultiDim_5D_Histo)_(Bayesian)_(SMEAR=Smear)_(Q2_y_Bin_16)_(z_pT_Bin_9)_(MultiDim_Q2_y_z_pT_phi_h)[0m (Histo Num 47323)
Fitting for: [1m(MultiDim_5D_Histo)_(Bayesian)_(SMEAR=Smear)_(Q2_y_Bin_16)_(z_pT_Bin_10)_(MultiDim_Q2_y_z_pT_phi_h)[0m (Histo Num 47324)
Fitting for: [1m(MultiDim_5D_Histo)_(Bayesian)_(SMEAR=Smear)_(Q2_y_Bin_16)_(z_pT_Bin_11)_(MultiDim_Q2_y_z_pT_phi_h)[0m (Histo Num 47325)
Fitting for: [1m(MultiDim_5D_Histo)_(Bayesian)_(SMEAR=Smear)_(Q2_y_Bin_16)_(z_pT_Bin_12)_(MultiDim_Q2_y_z_pT_phi_h)[0m (Histo Num 47326)
Fitting for: [1m(MultiDim_5D_Histo)_(Bayesian)_(SMEAR=Smear)_(Q2_y_Bin_16)_(z_pT_Bin_13)_(MultiDim_Q2_y_z_pT_phi_h)[0m (Histo Num 47327)
Fitting for: [1m(MultiDim_5D_Histo)_(Bayesian)_(SMEAR=Smear)_(Q2_y_Bin_16)_(z_pT_Bin_14)_(MultiDim_Q2_y_z_pT_phi_h)[0m (Histo Num 47328)
Fitting for: [1m(MultiDim_5D_Histo)_(Bayesian)_(SMEAR=Smear)_(Q2_y_Bin_16)_(z_pT_Bin_15)_(MultiDim_Q2_y_z_pT_phi_h)[0m (Histo Num 47329)
Fitting for: [1m(MultiDim_5D_Histo)_(Bayesian)_(SMEAR=Smear)_(Q2_y_Bin_16)_(z_pT_Bin_16)_(MultiDim_Q2_y_z_pT_phi_h)[0m (Histo Num 47330)
Fitting for: [1m(MultiDim_5D_Histo)_(Bayesian)_(SMEAR=Smear)_(Q2_y_Bin_16)_(z_pT_Bin_17)_(MultiDim_Q2_y_z_pT_phi_h)[0m (Histo Num 47331)
Fitting for: [1m(MultiDim_5D_Histo)_(Bayesian)_(SMEAR=Smear)_(Q2_y_Bin_16)_(z_pT_Bin_19)_(MultiDim_Q2_y_z_pT_phi_h)[0m (Histo Num 47332)
Fitting for: [1m(MultiDim_5D_Histo)_(Bayesian)_(SMEAR=Smear)_(Q2_y_Bin_16)_(z_pT_Bin_20)_(MultiDim_Q2_y_z_pT_phi_h)[0m (Histo Num 47333)
Fitting for: [1m(MultiDim_5D_Histo)_(Bayesian)_(SMEAR=Smear)_(Q2_y_Bin_16)_(z_pT_Bin_21)_(MultiDim_Q2_y_z_pT_phi_h)[0m (Histo Num 47334)
Fitting for: [1m(MultiDim_5D_Histo)_(Bayesian)_(SMEAR=Smear)_(Q2_y_Bin_16)_(z_pT_Bin_22)_(MultiDim_Q2_y_z_pT_phi_h)[0m (Histo Num 47335)
Fitting for: [1m(MultiDim_5D_Histo)_(Bayesian)_(SMEAR=Smear)_(Q2_y_Bin_16)_(z_pT_Bin_25)_(MultiDim_Q2_y_z_pT_phi_h)[0m (Histo Num 47336)
Fitting for: [1m(MultiDim_5D_Histo)_(Bayesian)_(SMEAR=Smear)_(Q2_y_Bin_16)_(z_pT_Bin_26)_(MultiDim_Q2_y_z_pT_phi_h)[0m (Histo Num 47337)
Fitting for: [1m(MultiDim_5D_Histo)_(Bayesian)_(SMEAR=Smear)_(Q2_y_Bin_16)_(z_pT_Bin_27)_(MultiDim_Q2_y_z_pT_phi_h)[0m (Histo Num 47338)
Fitting for: [1m(MultiDim_5D_Histo)_(Bayesian)_(SMEAR=Smear)_(Q2_y_Bin_17)_(z_pT_Bin_1)_(MultiDim_Q2_y_z_pT_phi_h)[0m (Histo Num 47340)
Fitting for: [1m(MultiDim_5D_Histo)_(Bayesian)_(SMEAR=Smear)_(Q2_y_Bin_17)_(z_pT_Bin_2)_(MultiDim_Q2_y_z_pT_phi_h)[0m (Histo Num 47341)
Fitting for: [1m(MultiDim_5D_Histo)_(Bayesian)_(SMEAR=Smear)_(Q2_y_Bin_17)_(z_pT_Bin_3)_(MultiDim_Q2_y_z_pT_phi_h)[0m (Histo Num 47342)
Fitting for: [1m(MultiDim_5D_Histo)_(Bayesian)_(SMEAR=Smear)_(Q2_y_Bin_17)_(z_pT_Bin_4)_(MultiDim_Q2_y_z_pT_phi_h)[0m (Histo Num 47343)
Fitting for: [1m(MultiDim_5D_Histo)_(Bayesian)_(SMEAR=Smear)_(Q2_y_Bin_17)_(z_pT_Bin_5)_(MultiDim_Q2_y_z_pT_phi_h)[0m (Histo Num 47344)
Fitting for: [1m(MultiDim_5D_Histo)_(Bayesian)_(SMEAR=Smear)_(Q2_y_Bin_17)_(z_pT_Bin_6)_(MultiDim_Q2_y_z_pT_phi_h)[0m (Histo Num 47345)
Fitting for: [1m(MultiDim_5D_Histo)_(Bayesian)_(SMEAR=Smear)_(Q2_y_Bin_17)_(z_pT_Bin_7)_(MultiDim_Q2_y_z_pT_phi_h)[0m (Histo Num 47346)
Fitting for: [1m(MultiDim_5D_Histo)_(Bayesian)_(SMEAR=Smear)_(Q2_y_Bin_17)_(z_pT_Bin_8)_(MultiDim_Q2_y_z_pT_phi_h)[0m (Histo Num 47347)Fit:0: RuntimeWarning: Fit data is empty 
Fit:0: RuntimeWarning: Fit data is empty 
Fit:0: RuntimeWarning: Fit data is empty 
Fit:0: RuntimeWarning: Fit data is empty 
Fit:0: RuntimeWarning: Fit data is empty 
Fit:0: RuntimeWarning: Fit data is empty 
Fit:0: RuntimeWarning: Fit data is empty 
Fit:0: RuntimeWarning: Fit data is empty 

Fitting for: [1m(MultiDim_5D_Histo)_(Bayesian)_(SMEAR=Smear)_(Q2_y_Bin_17)_(z_pT_Bin_9)_(MultiDim_Q2_y_z_pT_phi_h)[0m (Histo Num 47348)
Fitting for: [1m(MultiDim_5D_Histo)_(Bayesian)_(SMEAR=Smear)_(Q2_y_Bin_17)_(z_pT_Bin_10)_(MultiDim_Q2_y_z_pT_phi_h)[0m (Histo Num 47349)
Fitting for: [1m(MultiDim_5D_Histo)_(Bayesian)_(SMEAR=Smear)_(Q2_y_Bin_17)_(z_pT_Bin_11)_(MultiDim_Q2_y_z_pT_phi_h)[0m (Histo Num 47350)
Fitting for: [1m(MultiDim_5D_Histo)_(Bayesian)_(SMEAR=Smear)_(Q2_y_Bin_17)_(z_pT_Bin_12)_(MultiDim_Q2_y_z_pT_phi_h)[0m (Histo Num 47351)
Fitting for: [1m(MultiDim_5D_Histo)_(Bayesian)_(SMEAR=Smear)_(Q2_y_Bin_17)_(z_pT_Bin_13)_(MultiDim_Q2_y_z_pT_phi_h)[0m (Histo Num 47352)
Fitting for: [1m(MultiDim_5D_Histo)_(Bayesian)_(SMEAR=Smear)_(Q2_y_Bin_17)_(z_pT_Bin_14)_(MultiDim_Q2_y_z_pT_phi_h)[0m (Histo Num 47353)
Fitting for: [1m(MultiDim_5D_Histo)_(Bayesian)_(SMEAR=Smear)_(Q2_y_Bin_17)_(z_pT_Bin_15)_(MultiDim_Q2_y_z_pT_phi_h)[0m (Histo Num 47354)
Fitting for: [1m(MultiDim_5D_Histo)_(Bayesian)_(SMEAR=Smear)_(Q2_y_Bin_17)_(z_pT_Bin_16)_(MultiDim_Q2_y_z_pT_phi_h)[0m (Histo Num 47355)
Fitting for: [1m(MultiDim_5D_Histo)_(Bayesian)_(SMEAR=Smear)_(Q2_y_Bin_17)_(z_pT_Bin_17)_(MultiDim_Q2_y_z_pT_phi_h)[0m (Histo Num 47356)
Fitting for: [1m(MultiDim_5D_Histo)_(Bayesian)_(SMEAR=Smear)_(Q2_y_Bin_17)_(z_pT_Bin_18)_(MultiDim_Q2_y_z_pT_phi_h)[0m (Histo Num 47357)
Fitting for: [1m(MultiDim_5D_Histo)_(Bayesian)_(SMEAR=Smear)_(Q2_y_Bin_17)_(z_pT_Bin_19)_(MultiDim_Q2_y_z_pT_phi_h)[0m (Histo Num 47358)
Fitting for: [1m(MultiDim_5D_Histo)_(Bayesian)_(SMEAR=Smear)_(Q2_y_Bin_17)_(z_pT_Bin_20)_(MultiDim_Q2_y_z_pT_phi_h)[0m (Histo Num 47359)
Fitting for: [1m(MultiDim_5D_Histo)_(Bayesian)_(SMEAR=Smear)_(Q2_y_Bin_17)_(z_pT_Bin_21)_(MultiDim_Q2_y_z_pT_phi_h)[0m (Histo Num 47360)
Fitting for: [1m(MultiDim_5D_Histo)_(Bayesian)_(SMEAR=Smear)_(Q2_y_Bin_17)_(z_pT_Bin_22)_(MultiDim_Q2_y_z_pT_phi_h)[0m (Histo Num 47361)
Fitting for: [1m(MultiDim_5D_Histo)_(Bayesian)_(SMEAR=Smear)_(Q2_y_Bin_17)_(z_pT_Bin_23)_(MultiDim_Q2_y_z_pT_phi_h)[0m (Histo Num 47362)
Fitting for: [1m(MultiDim_5D_Histo)_(Bayesian)_(SMEAR=Smear)_(Q2_y_Bin_17)_(z_pT_Bin_25)_(MultiDim_Q2_y_z_pT_phi_h)[0m (Histo Num 47363)
Fitting for: [1m(MultiDim_5D_Histo)_(Bayesian)_(SMEAR=Smear)_(Q2_y_Bin_17)_(z_pT_Bin_26)_(MultiDim_Q2_y_z_pT_phi_h)[0m (Histo Num 47364)
Fitting for: [1m(MultiDim_5D_Histo)_(Bayesian)_(SMEAR=Smear)_(Q2_y_Bin_17)_(z_pT_Bin_27)_(MultiDim_Q2_y_z_pT_phi_h)[0m (Histo Num 47365)
Fitting for: [1m(MultiDim_5D_Histo)_(Bayesian)_(SMEAR=Smear)_(Q2_y_Bin_17)_(z_pT_Bin_28)_(MultiDim_Q2_y_z_pT_phi_h)[0m (Histo Num 47366)
Fitting for: [1m(MultiDim_5D_Histo)_(RC_Bayesian)_(SMEAR=Smear)_(Q2_y_Bin_1)_(z_pT_Bin_1)_(MultiDim_Q2_y_z_pT_phi_h)[0m (Histo Num 47371)
Fitting for: [1m(MultiDim_5D_Histo)_(RC_Bayesian)_(SMEAR=Smear)_(Q2_y_Bin_1)_(z_pT_Bin_2)_(MultiDim_Q2_y_z_pT_phi_h)[0m (Histo Num 47372)
Fitting for: [1m(MultiDim_5D_Histo)_(RC_Bayesian)_(SMEAR=Smear)_(Q2_y_Bin_1)_(z_pT_Bin_3)_(MultiDim_Q2_y_z_pT_phi_h)[0m (Histo Num 47373)
Fitting for: [1m(MultiDim_5D_Histo)_(RC_Bayesian)_(SMEAR=Smear)_(Q2_y_Bin_1)_(z_pT_Bin_4)_(MultiDim_Q2_y_z_pT_phi_h)[0m (Histo Num 47374)
Fitting for: [1m(MultiDim_5D_Histo)_(RC_Bayesian)_(SMEAR=Smear)_(Q2_y_Bin_1)_(z_pT_Bin_5)_(MultiDim_Q2_y_z_pT_phi_h)[0m (Histo Num 47375)
Fitting for: [1m(MultiDim_5D_Histo)_(RC_Bayesian)_(SMEAR=Smear)_(Q2_y_Bin_1)_(z_pT_Bin_6)_(MultiDim_Q2_y_z_pT_phi_h)[0m (Histo Num 47376)
Fitting for: [1m(MultiDim_5D_Histo)_(RC_Bayesian)_(SMEAR=Smear)_(Q2_y_Bin_1)_(z_pT_Bin_7)_(MultiDim_Q2_y_z_pT_phi_h)[0m (Histo Num 47377)
Fitting for: [1m(MultiDim_5D_Histo)_(RC_Bayesian)_(SMEAR=Smear)_(Q2_y_Bin_1)_(z_pT_Bin_8)_(MultiDim_Q2_y_z_pT_phi_h)[0m (Histo Num 47378)
Fitting for: [1m(MultiDim_5D_Histo)_(RC_Bayesian)_(SMEAR=Smear)_(Q2_y_Bin_1)_(z_pT_Bin_9)_(MultiDim_Q2_y_z_pT_phi_h)[0m (Histo Num 47379)
Fitting for: [1m(MultiDim_5D_Histo)_(RC_Bayesian)_(SMEAR=Smear)_(Q2_y_Bin_1)_(z_pT_Bin_10)_(MultiDim_Q2_y_z_pT_phi_h)[0m (Histo Num 47380)
Fitting for: [1m(MultiDim_5D_Histo)_(RC_Bayesian)_(SMEAR=Smear)_(Q2_y_Bin_1)_(z_pT_Bin_11)_(MultiDim_Q2_y_z_pT_phi_h)[0m (Histo Num 47381)
Fitting for: [1m(MultiDim_5D_Histo)_(RC_Bayesian)_(SMEAR=Smear)_(Q2_y_Bin_1)_(z_pT_Bin_12)_(MultiDim_Q2_y_z_pT_phi_h)[0m (Histo Num 47382)
Fitting for: [1m(MultiDim_5D_Histo)_(RC_Bayesian)_(SMEAR=Smear)_(Q2_y_Bin_1)_(z_pT_Bin_13)_(MultiDim_Q2_y_z_pT_phi_h)[0m (Histo Num 47383)
Fitting for: [1m(MultiDim_5D_Histo)_(RC_Bayesian)_(SMEAR=Smear)_(Q2_y_Bin_1)_(z_pT_Bin_14)_(MultiDim_Q2_y_z_pT_phi_h)[0m (Histo Num 47384)
Fitting for: [1m(MultiDim_5D_Histo)_(RC_Bayesian)_(SMEAR=Smear)_(Q2_y_Bin_1)_(z_pT_Bin_15)_(MultiDim_Q2_y_z_pT_phi_h)[0m (Histo Num 47385)
Fitting for: [1m(MultiDim_5D_Histo)_(RC_Bayesian)_(SMEAR=Smear)_(Q2_y_Bin_1)_(z_pT_Bin_16)_(MultiDim_Q2_y_z_pT_phi_h)[0m (Histo Num 47386)
Fitting for: [1m(MultiDim_5D_Histo)_(RC_Bayesian)_(SMEAR=Smear)_(Q2_y_Bin_1)_(z_pT_Bin_17)_(MultiDim_Q2_y_z_pT_phi_h)[0m (Histo Num 47387)
Fitting for: [1m(MultiDim_5D_Histo)_(RC_Bayesian)_(SMEAR=Smear)_(Q2_y_Bin_1)_(z_pT_Bin_18)_(MultiDim_Q2_y_z_pT_phi_h)[0m (Histo Num 47388)
Fitting for: [1m(MultiDim_5D_Histo)_(RC_Bayesian)_(SMEAR=Smear)_(Q2_y_Bin_1)_(z_pT_Bin_19)_(MultiDim_Q2_y_z_pT_phi_h)[0m (Histo Num 47389)
Fitting for: [1m(MultiDim_5D_Histo)_(RC_Bayesian)_(SMEAR=Smear)_(Q2_y_Bin_1)_(z_pT_Bin_20)_(MultiDim_Q2_y_z_pT_phi_h)[0m (Histo Num 47390)
Fitting for: [1m(MultiDim_5D_Histo)_(RC_Bayesian)_(SMEAR=Smear)_(Q2_y_Bin_1)_(z_pT_Bin_22)_(MultiDim_Q2_y_z_pT_phi_h)[0m (Histo Num 47391)
Fitting for: [1m(MultiDim_5D_Histo)_(RC_Bayesian)_(SMEAR=Smear)_(Q2_y_Bin_1)_(z_pT_Bin_23)_(MultiDim_Q2_y_z_pT_phi_h)[0m (Histo Num 47392)
Fitting for: [1m(MultiDim_5D_Histo)_(RC_Bayesian)_(SMEAR=Smear)_(Q2_y_Bin_1)_(z_pT_Bin_24)_(MultiDim_Q2_y_z_pT_phi_h)[0m (Histo Num 47393)
Fitting for: [1m(MultiDim_5D_Histo)_(RC_Bayesian)_(SMEAR=Smear)_(Q2_y_Bin_1)_(z_pT_Bin_25)_(MultiDim_Q2_y_z_pT_phi_h)[0m (Histo Num 47394)
Fitting for: [1m(MultiDim_5D_Histo)_(RC_Bayesian)_(SMEAR=Smear)_(Q2_y_Bin_1)_(z_pT_Bin_26)_(MultiDim_Q2_y_z_pT_phi_h)[0m (Histo Num 47395)
Fitting for: [1m(MultiDim_5D_Histo)_(RC_Bayesian)_(SMEAR=Smear)_(Q2_y_Bin_1)_(z_pT_Bin_29)_(MultiDim_Q2_y_z_pT_phi_h)[0m (Histo Num 47396)
Fitting for: [1m(MultiDim_5D_Histo)_(RC_Bayesian)_(SMEAR=Smear)_(Q2_y_Bin_1)_(z_pT_Bin_30)_(MultiDim_Q2_y_z_pT_phi_h)[0m (Histo Num 47397)
Fitting for: [1m(MultiDim_5D_Histo)_(RC_Bayesian)_(SMEAR=Smear)_(Q2_y_Bin_1)_(z_pT_Bin_31)_(MultiDim_Q2_y_z_pT_phi_h)[0m (Histo Num 47398)
Fitting for: [1m(MultiDim_5D_Histo)_(RC_Bayesian)_(SMEAR=Smear)_(Q2_y_Bin_1)_(z_pT_Bin_32)_(MultiDim_Q2_y_z_pT_phi_h)[0m (Histo Num 47399)
Fitting for: [1m(MultiDim_5D_Histo)_(RC_Bayesian)_(SMEAR=Smear)_(Q2_y_Bin_2)_(z_pT_Bin_1)_(MultiDim_Q2_y_z_pT_phi_h)[0m (Histo Num 47401)
Fitting for: [1m(MultiDim_5D_Histo)_(RC_Bayesian)_(SMEAR=Smear)_(Q2_y_Bin_2)_(z_pT_Bin_2)_(MultiDim_Q2_y_z_pT_phi_h)[0m (Histo Num 47402)
Fitting for: [1m(MultiDim_5D_Histo)_(RC_Bayesian)_(SMEAR=Smear)_(Q2_y_Bin_2)_(z_pT_Bin_3)_(MultiDim_Q2_y_z_pT_phi_h)[0m (Histo Num 47403)
Fitting for: [1m(MultiDim_5D_Histo)_(RC_Bayesian)_(SMEAR=Smear)_(Q2_y_Bin_2)_(z_pT_Bin_4)_(MultiDim_Q2_y_z_pT_phi_h)[0m (Histo Num 47404)
Fitting for: [1m(MultiDim_5D_Histo)_(RC_Bayesian)_(SMEAR=Smear)_(Q2_y_Bin_2)_(z_pT_Bin_5)_(MultiDim_Q2_y_z_pT_phi_h)[0m (Histo Num 47405)
Fitting for: [1m(MultiDim_5D_Histo)_(RC_Bayesian)_(SMEAR=Smear)_(Q2_y_Bin_2)_(z_pT_Bin_6)_(MultiDim_Q2_y_z_pT_phi_h)[0m (Histo Num 47406)
Fitting for: [1m(MultiDim_5D_Histo)_(RC_Bayesian)_(SMEAR=Smear)_(Q2_y_Bin_2)_(z_pT_Bin_7)_(MultiDim_Q2_y_z_pT_phi_h)[0m (Histo Num 47407)
Fitting for: [1m(MultiDim_5D_Histo)_(RC_Bayesian)_(SMEAR=Smear)_(Q2_y_Bin_2)_(z_pT_Bin_8)_(MultiDim_Q2_y_z_pT_phi_h)[0m (Histo Num 47408)
Fitting for: [1m(MultiDim_5D_Histo)_(RC_Bayesian)_(SMEAR=Smear)_(Q2_y_Bin_2)_(z_pT_Bin_9)_(MultiDim_Q2_y_z_pT_phi_h)[0m (Histo Num 47409)
Fitting for: [1m(MultiDim_5D_Histo)_(RC_Bayesian)_(SMEAR=Smear)_(Q2_y_Bin_2)_(z_pT_Bin_10)_(MultiDim_Q2_y_z_pT_phi_h)[0m (Histo Num 47410)
Fitting for: [1m(MultiDim_5D_Histo)_(RC_Bayesian)_(SMEAR=Smear)_(Q2_y_Bin_2)_(z_pT_Bin_11)_(MultiDim_Q2_y_z_pT_phi_h)[0m (Histo Num 47411)
Fitting for: [1m(MultiDim_5D_Histo)_(RC_Bayesian)_(SMEAR=Smear)_(Q2_y_Bin_2)_(z_pT_Bin_12)_(MultiDim_Q2_y_z_pT_phi_h)[0m (Histo Num 47412)
Fitting for: [1m(MultiDim_5D_Histo)_(RC_Bayesian)_(SMEAR=Smear)_(Q2_y_Bin_2)_(z_pT_Bin_13)_(MultiDim_Q2_y_z_pT_phi_h)[0m (Histo Num 47413)
Fitting for: [1m(MultiDim_5D_Histo)_(RC_Bayesian)_(SMEAR=Smear)_(Q2_y_Bin_2)_(z_pT_Bin_14)_(MultiDim_Q2_y_z_pT_phi_h)[0m (Histo Num 47414)
Fitting for: [1m(MultiDim_5D_Histo)_(RC_Bayesian)_(SMEAR=Smear)_(Q2_y_Bin_2)_(z_pT_Bin_15)_(MultiDim_Q2_y_z_pT_phi_h)[0m (Histo Num 47415)
Fitting for: [1m(MultiDim_5D_Histo)_(RC_Bayesian)_(SMEAR=Smear)_(Q2_y_Bin_2)_(z_pT_Bin_16)_(MultiDim_Q2_y_z_pT_phi_h)[0m (Histo Num 47416)
Fitting for: [1m(MultiDim_5D_Histo)_(RC_Bayesian)_(SMEAR=Smear)_(Q2_y_Bin_2)_(z_pT_Bin_17)_(MultiDim_Q2_y_z_pT_phi_h)[0m (Histo Num 47417)
Fitting for: [1m(MultiDim_5D_Histo)_(RC_Bayesian)_(SMEAR=Smear)_(Q2_y_Bin_2)_(z_pT_Bin_18)_(MultiDim_Q2_y_z_pT_phi_h)[0m (Histo Num 47418)
Fitting for: [1m(MultiDim_5D_Histo)_(RC_Bayesian)_(SMEAR=Smear)_(Q2_y_Bin_2)_(z_pT_Bin_19)_(MultiDim_Q2_y_z_pT_phi_h)[0m (Histo Num 47419)
Fitting for: [1m(MultiDim_5D_Histo)_(RC_Bayesian)_(SMEAR=Smear)_(Q2_y_Bin_2)_(z_pT_Bin_20)_(MultiDim_Q2_y_z_pT_phi_h)[0m (Histo Num 47420)
Fitting for: [1m(MultiDim_5D_Histo)_(RC_Bayesian)_(SMEAR=Smear)_(Q2_y_Bin_2)_(z_pT_Bin_21)_(MultiDim_Q2_y_z_pT_phi_h)[0m (Histo Num 47421)
Fitting for: [1m(MultiDim_5D_Histo)_(RC_Bayesian)_(SMEAR=Smear)_(Q2_y_Bin_2)_(z_pT_Bin_22)_(MultiDim_Q2_y_z_pT_phi_h)[0m (Histo Num 47422)
Fitting for: [1m(MultiDim_5D_Histo)_(RC_Bayesian)_(SMEAR=Smear)_(Q2_y_Bin_2)_(z_pT_Bin_23)_(MultiDim_Q2_y_z_pT_phi_h)[0m (Histo Num 47423)
Fitting for: [1m(MultiDim_5D_Histo)_(RC_Bayesian)_(SMEAR=Smear)_(Q2_y_Bin_2)_(z_pT_Bin_25)_(MultiDim_Q2_y_z_pT_phi_h)[0m (Histo Num 47424)
Fitting for: [1m(MultiDim_5D_Histo)_(RC_Bayesian)_(SMEAR=Smear)_(Q2_y_Bin_2)_(z_pT_Bin_26)_(MultiDim_Q2_y_z_pT_phi_h)[0m (Histo Num 47425)
Fitting for: [1m(MultiDim_5D_Histo)_(RC_Bayesian)_(SMEAR=Smear)_(Q2_y_Bin_2)_(z_pT_Bin_27)_(MultiDim_Q2_y_z_pT_phi_h)[0m (Histo Num 47426)
Fitting for: [1m(MultiDim_5D_Histo)_(RC_Bayesian)_(SMEAR=Smear)_(Q2_y_Bin_2)_(z_pT_Bin_28)_(MultiDim_Q2_y_z_pT_phi_h)[0m (Histo Num 47427)
Fitting for: [1m(MultiDim_5D_Histo)_(RC_Bayesian)_(SMEAR=Smear)_(Q2_y_Bin_2)_(z_pT_Bin_29)_(MultiDim_Q2_y_z_pT_phi_h)[0m (Histo Num 47428)
Fitting for: [1m(MultiDim_5D_Histo)_(RC_Bayesian)_(SMEAR=Smear)_(Q2_y_Bin_2)_(z_pT_Bin_31)_(MultiDim_Q2_y_z_pT_phi_h)[0m (Histo Num 47429)
Fitting for: [1m(MultiDim_5D_Histo)_(RC_Bayesian)_(SMEAR=Smear)_(Q2_y_Bin_2)_(z_pT_Bin_32)_(MultiDim_Q2_y_z_pT_phi_h)[0m (Histo Num 47430)
Fitting for: [1m(MultiDim_5D_Histo)_(RC_Bayesian)_(SMEAR=Smear)_(Q2_y_Bin_2)_(z_pT_Bin_33)_(MultiDim_Q2_y_z_pT_phi_h)[0m (Histo Num 47431)
Fitting for: [1m(MultiDim_5D_Histo)_(RC_Bayesian)_(SMEAR=Smear)_(Q2_y_Bin_2)_(z_pT_Bin_34)_(MultiDim_Q2_y_z_pT_phi_h)[0m (Histo Num 47432)
Fitting for: [1m(MultiDim_5D_Histo)_(RC_Bayesian)_(SMEAR=Smear)_(Q2_y_Bin_3)_(z_pT_Bin_1)_(MultiDim_Q2_y_z_pT_phi_h)[0m (Histo Num 47434)
Fitting for: [1m(MultiDim_5D_Histo)_(RC_Bayesian)_(SMEAR=Smear)_(Q2_y_Bin_3)_(z_pT_Bin_2)_(MultiDim_Q2_y_z_pT_phi_h)[0m (Histo Num 47435)
Fitting for: [1m(MultiDim_5D_Histo)_(RC_Bayesian)_(SMEAR=Smear)_(Q2_y_Bin_3)_(z_pT_Bin_3)_(MultiDim_Q2_y_z_pT_phi_h)[0m (Histo Num 47436)
Fitting for: [1m(MultiDim_5D_Histo)_(RC_Bayesian)_(SMEAR=Smear)_(Q2_y_Bin_3)_(z_pT_Bin_4)_(MultiDim_Q2_y_z_pT_phi_h)[0m (Histo Num 47437)
Fitting for: [1m(MultiDim_5D_Histo)_(RC_Bayesian)_(SMEAR=Smear)_(Q2_y_Bin_3)_(z_pT_Bin_5)_(MultiDim_Q2_y_z_pT_phi_h)[0m (Histo Num 47438)
Fitting for: [1m(MultiDim_5D_Histo)_(RC_Bayesian)_(SMEAR=Smear)_(Q2_y_Bin_3)_(z_pT_Bin_7)_(MultiDim_Q2_y_z_pT_phi_h)[0m (Histo Num 47439)
Fitting for: [1m(MultiDim_5D_Histo)_(RC_Bayesian)_(SMEAR=Smear)_(Q2_y_Bin_3)_(z_pT_Bin_8)_(MultiDim_Q2_y_z_pT_phi_h)[0m (Histo Num 47440)
Fitting for: [1m(MultiDim_5D_Histo)_(RC_Bayesian)_(SMEAR=Smear)_(Q2_y_Bin_3)_(z_pT_Bin_9)_(MultiDim_Q2_y_z_pT_phi_h)[0m (Histo Num 47441)
Fitting for: [1m(MultiDim_5D_Histo)_(RC_Bayesian)_(SMEAR=Smear)_(Q2_y_Bin_3)_(z_pT_Bin_10)_(MultiDim_Q2_y_z_pT_phi_h)[0m (Histo Num 47442)
Fitting for: [1m(MultiDim_5D_Histo)_(RC_Bayesian)_(SMEAR=Smear)_(Q2_y_Bin_3)_(z_pT_Bin_11)_(MultiDim_Q2_y_z_pT_phi_h)[0m (Histo Num 47443)
Fitting for: [1m(MultiDim_5D_Histo)_(RC_Bayesian)_(SMEAR=Smear)_(Q2_y_Bin_3)_(z_pT_Bin_12)_(MultiDim_Q2_y_z_pT_phi_h)[0m (Histo Num 47444)
Fitting for: [1m(MultiDim_5D_Histo)_(RC_Bayesian)_(SMEAR=Smear)_(Q2_y_Bin_3)_(z_pT_Bin_13)_(MultiDim_Q2_y_z_pT_phi_h)[0m (Histo Num 47445)
Fitting for: [1m(MultiDim_5D_Histo)_(RC_Bayesian)_(SMEAR=Smear)_(Q2_y_Bin_3)_(z_pT_Bin_14)_(MultiDim_Q2_y_z_pT_phi_h)[0m (Histo Num 47446)
Fitting for: [1m(MultiDim_5D_Histo)_(RC_Bayesian)_(SMEAR=Smear)_(Q2_y_Bin_3)_(z_pT_Bin_15)_(MultiDim_Q2_y_z_pT_phi_h)[0m (Histo Num 47447)
Fitting for: [1m(MultiDim_5D_Histo)_(RC_Bayesian)_(SMEAR=Smear)_(Q2_y_Bin_3)_(z_pT_Bin_16)_(MultiDim_Q2_y_z_pT_phi_h)[0m (Histo Num 47448)
Fitting for: [1m(MultiDim_5D_Histo)_(RC_Bayesian)_(SMEAR=Smear)_(Q2_y_Bin_3)_(z_pT_Bin_17)_(MultiDim_Q2_y_z_pT_phi_h)[0m (Histo Num 47449)
Fitting for: [1m(MultiDim_5D_Histo)_(RC_Bayesian)_(SMEAR=Smear)_(Q2_y_Bin_3)_(z_pT_Bin_18)_(MultiDim_Q2_y_z_pT_phi_h)[0m (Histo Num 47450)
Fitting for: [1m(MultiDim_5D_Histo)_(RC_Bayesian)_(SMEAR=Smear)_(Q2_y_Bin_3)_(z_pT_Bin_19)_(MultiDim_Q2_y_z_pT_phi_h)[0m (Histo Num 47451)
Fitting for: [1m(MultiDim_5D_Histo)_(RC_Bayesian)_(SMEAR=Smear)_(Q2_y_Bin_3)_(z_pT_Bin_20)_(MultiDim_Q2_y_z_pT_phi_h)[0m (Histo Num 47452)
Fitting for: [1m(MultiDim_5D_Histo)_(RC_Bayesian)_(SMEAR=Smear)_(Q2_y_Bin_3)_(z_pT_Bin_21)_(MultiDim_Q2_y_z_pT_phi_h)[0m (Histo Num 47453)
Fitting for: [1m(MultiDim_5D_Histo)_(RC_Bayesian)_(SMEAR=Smear)_(Q2_y_Bin_3)_(z_pT_Bin_22)_(MultiDim_Q2_y_z_pT_phi_h)[0m (Histo Num 47454)
Fitting for: [1m(MultiDim_5D_Histo)_(RC_Bayesian)_(SMEAR=Smear)_(Q2_y_Bin_3)_(z_pT_Bin_23)_(MultiDim_Q2_y_z_pT_phi_h)[0m (Histo Num 47455)
Fitting for: [1m(MultiDim_5D_Histo)_(RC_Bayesian)_(SMEAR=Smear)_(Q2_y_Bin_3)_(z_pT_Bin_24)_(MultiDim_Q2_y_z_pT_phi_h)[0m (Histo Num 47456)
Fitting for: [1m(MultiDim_5D_Histo)_(RC_Bayesian)_(SMEAR=Smear)_(Q2_y_Bin_3)_(z_pT_Bin_25)_(MultiDim_Q2_y_z_pT_phi_h)[0m (Histo Num 47457)
Fitting for: [1m(MultiDim_5D_Histo)_(RC_Bayesian)_(SMEAR=Smear)_(Q2_y_Bin_3)_(z_pT_Bin_26)_(MultiDim_Q2_y_z_pT_phi_h)[0m (Histo Num 47458)
Fitting for: [1m(MultiDim_5D_Histo)_(RC_Bayesian)_(SMEAR=Smear)_(Q2_y_Bin_3)_(z_pT_Bin_27)_(MultiDim_Q2_y_z_pT_phi_h)[0m (Histo Num 47459)
Fitting for: [1m(MultiDim_5D_Histo)_(RC_Bayesian)_(SMEAR=Smear)_(Q2_y_Bin_3)_(z_pT_Bin_28)_(MultiDim_Q2_y_z_pT_phi_h)[0m (Histo Num 47460)
Fitting for: [1m(MultiDim_5D_Histo)_(RC_Bayesian)_(SMEAR=Smear)_(Q2_y_Bin_3)_(z_pT_Bin_29)_(MultiDim_Q2_y_z_pT_phi_h)[0m (Histo Num 47461)
Fitting for: [1m(MultiDim_5D_Histo)_(RC_Bayesian)_(SMEAR=Smear)_(Q2_y_Bin_4)_(z_pT_Bin_7)_(MultiDim_Q2_y_z_pT_phi_h)[0m (Histo Num 47463)
Fitting for: [1m(MultiDim_5D_Histo)_(RC_Bayesian)_(SMEAR=Smear)_(Q2_y_Bin_4)_(z_pT_Bin_8)_(MultiDim_Q2_y_z_pT_phi_h)[0m (Histo Num 47464)
Fitting for: [1m(MultiDim_5D_Histo)_(RC_Bayesian)_(SMEAR=Smear)_(Q2_y_Bin_4)_(z_pT_Bin_9)_(MultiDim_Q2_y_z_pT_phi_h)[0m (Histo Num 47465)
Fitting for: [1m(MultiDim_5D_Histo)_(RC_Bayesian)_(SMEAR=Smear)_(Q2_y_Bin_4)_(z_pT_Bin_10)_(MultiDim_Q2_y_z_pT_phi_h)[0m (Histo Num 47466)
Fitting for: [1m(MultiDim_5D_Histo)_(RC_Bayesian)_(SMEAR=Smear)_(Q2_y_Bin_4)_(z_pT_Bin_11)_(MultiDim_Q2_y_z_pT_phi_h)[0m (Histo Num 47467)
Fitting for: [1m(MultiDim_5D_Histo)_(RC_Bayesian)_(SMEAR=Smear)_(Q2_y_Bin_4)_(z_pT_Bin_13)_(MultiDim_Q2_y_z_pT_phi_h)[0m (Histo Num 47468)
Fitting for: [1m(MultiDim_5D_Histo)_(RC_Bayesian)_(SMEAR=Smear)_(Q2_y_Bin_4)_(z_pT_Bin_14)_(MultiDim_Q2_y_z_pT_phi_h)[0m (Histo Num 47469)
Fitting for: [1m(MultiDim_5D_Histo)_(RC_Bayesian)_(SMEAR=Smear)_(Q2_y_Bin_4)_(z_pT_Bin_15)_(MultiDim_Q2_y_z_pT_phi_h)[0m (Histo Num 47470)
Fitting for: [1m(MultiDim_5D_Histo)_(RC_Bayesian)_(SMEAR=Smear)_(Q2_y_Bin_4)_(z_pT_Bin_16)_(MultiDim_Q2_y_z_pT_phi_h)[0m (Histo Num 47471)
Fitting for: [1m(MultiDim_5D_Histo)_(RC_Bayesian)_(SMEAR=Smear)_(Q2_y_Bin_4)_(z_pT_Bin_17)_(MultiDim_Q2_y_z_pT_phi_h)[0m (Histo Num 47472)
Fitting for: [1m(MultiDim_5D_Histo)_(RC_Bayesian)_(SMEAR=Smear)_(Q2_y_Bin_4)_(z_pT_Bin_19)_(MultiDim_Q2_y_z_pT_phi_h)[0m (Histo Num 47473)
Fitting for: [1m(MultiDim_5D_Histo)_(RC_Bayesian)_(SMEAR=Smear)_(Q2_y_Bin_4)_(z_pT_Bin_20)_(MultiDim_Q2_y_z_pT_phi_h)[0m (Histo Num 47474)
Fitting for: [1m(MultiDim_5D_Histo)_(RC_Bayesian)_(SMEAR=Smear)_(Q2_y_Bin_4)_(z_pT_Bin_21)_(MultiDim_Q2_y_z_pT_phi_h)[0m (Histo Num 47475)
Fitting for: [1m(MultiDim_5D_Histo)_(RC_Bayesian)_(SMEAR=Smear)_(Q2_y_Bin_4)_(z_pT_Bin_22)_(MultiDim_Q2_y_z_pT_phi_h)[0m (Histo Num 47476)
Fitting for: [1m(MultiDim_5D_Histo)_(RC_Bayesian)_(SMEAR=Smear)_(Q2_y_Bin_4)_(z_pT_Bin_23)_(MultiDim_Q2_y_z_pT_phi_h)[0m (Histo Num 47477)
Fitting for: [1m(MultiDim_5D_Histo)_(RC_Bayesian)_(SMEAR=Smear)_(Q2_y_Bin_4)_(z_pT_Bin_25)_(MultiDim_Q2_y_z_pT_phi_h)[0m (Histo Num 47478)
Fitting for: [1m(MultiDim_5D_Histo)_(RC_Bayesian)_(SMEAR=Smear)_(Q2_y_Bin_4)_(z_pT_Bin_26)_(MultiDim_Q2_y_z_pT_phi_h)[0m (Histo Num 47479)
Fitting for: [1m(MultiDim_5D_Histo)_(RC_Bayesian)_(SMEAR=Smear)_(Q2_y_Bin_4)_(z_pT_Bin_27)_(MultiDim_Q2_y_z_pT_phi_h)[0m (Histo Num 47480)
Fitting for: [1m(MultiDim_5D_Histo)_(RC_Bayesian)_(SMEAR=Smear)_(Q2_y_Bin_4)_(z_pT_Bin_28)_(MultiDim_Q2_y_z_pT_phi_h)[0m (Histo Num 47481)
Fitting for: [1m(MultiDim_5D_Histo)_(RC_Bayesian)_(SMEAR=Smear)_(Q2_y_Bin_4)_(z_pT_Bin_29)_(MultiDim_Q2_y_z_pT_phi_h)[0m (Histo Num 47482)
Fitting for: [1m(MultiDim_5D_Histo)_(RC_Bayesian)_(SMEAR=Smear)_(Q2_y_Bin_4)_(z_pT_Bin_31)_(MultiDim_Q2_y_z_pT_phi_h)[0m (Histo Num 47483)
Fitting for: [1m(MultiDim_5D_Histo)_(RC_Bayesian)_(SMEAR=Smear)_(Q2_y_Bin_4)_(z_pT_Bin_32)_(MultiDim_Q2_y_z_pT_phi_h)[0m (Histo Num 47484)
Fitting for: [1m(MultiDim_5D_Histo)_(RC_Bayesian)_(SMEAR=Smear)_(Q2_y_Bin_4)_(z_pT_Bin_33)_(MultiDim_Q2_y_z_pT_phi_h)[0m (Histo Num 47485)
Fitting for: [1m(MultiDim_5D_Histo)_(RC_Bayesian)_(SMEAR=Smear)_(Q2_y_Bin_4)_(z_pT_Bin_34)_(MultiDim_Q2_y_z_pT_phi_h)[0m (Histo Num 47486)
Fitting for: [1m(MultiDim_5D_Histo)_(RC_Bayesian)_(SMEAR=Smear)_(Q2_y_Bin_5)_(z_pT_Bin_1)_(MultiDim_Q2_y_z_pT_phi_h)[0m (Histo Num 47488)
Fitting for: [1m(MultiDim_5D_Histo)_(RC_Bayesian)_(SMEAR=Smear)_(Q2_y_Bin_5)_(z_pT_Bin_2)_(MultiDim_Q2_y_z_pT_phi_h)[0m (Histo Num 47489)
Fitting for: [1m(MultiDim_5D_Histo)_(RC_Bayesian)_(SMEAR=Smear)_(Q2_y_Bin_5)_(z_pT_Bin_3)_(MultiDim_Q2_y_z_pT_phi_h)[0m (Histo Num 47490)
Fitting for: [1m(MultiDim_5D_Histo)_(RC_Bayesian)_(SMEAR=Smear)_(Q2_y_Bin_5)_(z_pT_Bin_4)_(MultiDim_Q2_y_z_pT_phi_h)[0m (Histo Num 47491)
Fitting for: [1m(MultiDim_5D_Histo)_(RC_Bayesian)_(SMEAR=Smear)_(Q2_y_Bin_5)_(z_pT_Bin_5)_(MultiDim_Q2_y_z_pT_phi_h)[0m (Histo Num 47492)
Fitting for: [1m(MultiDim_5D_Histo)_(RC_Bayesian)_(SMEAR=Smear)_(Q2_y_Bin_5)_(z_pT_Bin_6)_(MultiDim_Q2_y_z_pT_phi_h)[0m (Histo Num 47493)
Fitting for: [1m(MultiDim_5D_Histo)_(RC_Bayesian)_(SMEAR=Smear)_(Q2_y_Bin_5)_(z_pT_Bin_7)_(MultiDim_Q2_y_z_pT_phi_h)[0m (Histo Num 47494)
Fitting for: [1m(MultiDim_5D_Histo)_(RC_Bayesian)_(SMEAR=Smear)_(Q2_y_Bin_5)_(z_pT_Bin_8)_(MultiDim_Q2_y_z_pT_phi_h)[0m (Histo Num 47495)
Fitting for: [1m(MultiDim_5D_Histo)_(RC_Bayesian)_(SMEAR=Smear)_(Q2_y_Bin_5)_(z_pT_Bin_9)_(MultiDim_Q2_y_z_pT_phi_h)[0m (Histo Num 47496)
Fitting for: [1m(MultiDim_5D_Histo)_(RC_Bayesian)_(SMEAR=Smear)_(Q2_y_Bin_5)_(z_pT_Bin_10)_(MultiDim_Q2_y_z_pT_phi_h)[0m (Histo Num 47497)
Fitting for: [1m(MultiDim_5D_Histo)_(RC_Bayesian)_(SMEAR=Smear)_(Q2_y_Bin_5)_(z_pT_Bin_11)_(MultiDim_Q2_y_z_pT_phi_h)[0m (Histo Num 47498)
Fitting for: [1m(MultiDim_5D_Histo)_(RC_Bayesian)_(SMEAR=Smear)_(Q2_y_Bin_5)_(z_pT_Bin_12)_(MultiDim_Q2_y_z_pT_phi_h)[0m (Histo Num 47499)
Fitting for: [1m(MultiDim_5D_Histo)_(RC_Bayesian)_(SMEAR=Smear)_(Q2_y_Bin_5)_(z_pT_Bin_13)_(MultiDim_Q2_y_z_pT_phi_h)[0m (Histo Num 47500)
Fitting for: [1m(MultiDim_5D_Histo)_(RC_Bayesian)_(SMEAR=Smear)_(Q2_y_Bin_5)_(z_pT_Bin_14)_(MultiDim_Q2_y_z_pT_phi_h)[0m (Histo Num 47501)
Fitting for: [1m(MultiDim_5D_Histo)_(RC_Bayesian)_(SMEAR=Smear)_(Q2_y_Bin_5)_(z_pT_Bin_15)_(MultiDim_Q2_y_z_pT_phi_h)[0m (Histo Num 47502)
Fitting for: [1m(MultiDim_5D_Histo)_(RC_Bayesian)_(SMEAR=Smear)_(Q2_y_Bin_5)_(z_pT_Bin_16)_(MultiDim_Q2_y_z_pT_phi_h)[0m (Histo Num 47503)
Fitting for: [1m(MultiDim_5D_Histo)_(RC_Bayesian)_(SMEAR=Smear)_(Q2_y_Bin_5)_(z_pT_Bin_17)_(MultiDim_Q2_y_z_pT_phi_h)[0m (Histo Num 47504)
Fitting for: [1m(MultiDim_5D_Histo)_(RC_Bayesian)_(SMEAR=Smear)_(Q2_y_Bin_5)_(z_pT_Bin_18)_(MultiDim_Q2_y_z_pT_phi_h)[0m (Histo Num 47505)
Fitting for: [1m(MultiDim_5D_Histo)_(RC_Bayesian)_(SMEAR=Smear)_(Q2_y_Bin_5)_(z_pT_Bin_19)_(MultiDim_Q2_y_z_pT_phi_h)[0m (Histo Num 47506)
Fitting for: [1m(MultiDim_5D_Histo)_(RC_Bayesian)_(SMEAR=Smear)_(Q2_y_Bin_5)_(z_pT_Bin_20)_(MultiDim_Q2_y_z_pT_phi_h)[0m (Histo Num 47507)
Fitting for: [1m(MultiDim_5D_Histo)_(RC_Bayesian)_(SMEAR=Smear)_(Q2_y_Bin_5)_(z_pT_Bin_21)_(MultiDim_Q2_y_z_pT_phi_h)[0m (Histo Num 47508)
Fitting for: [1m(MultiDim_5D_Histo)_(RC_Bayesian)_(SMEAR=Smear)_(Q2_y_Bin_5)_(z_pT_Bin_22)_(MultiDim_Q2_y_z_pT_phi_h)[0m (Histo Num 47509)
Fitting for: [1m(MultiDim_5D_Histo)_(RC_Bayesian)_(SMEAR=Smear)_(Q2_y_Bin_5)_(z_pT_Bin_23)_(MultiDim_Q2_y_z_pT_phi_h)[0m (Histo Num 47510)
Fitting for: [1m(MultiDim_5D_Histo)_(RC_Bayesian)_(SMEAR=Smear)_(Q2_y_Bin_5)_(z_pT_Bin_25)_(MultiDim_Q2_y_z_pT_phi_h)[0m (Histo Num 47511)
Fitting for: [1m(MultiDim_5D_Histo)_(RC_Bayesian)_(SMEAR=Smear)_(Q2_y_Bin_5)_(z_pT_Bin_26)_(MultiDim_Q2_y_z_pT_phi_h)[0m (Histo Num 47512)
Fitting for: [1m(MultiDim_5D_Histo)_(RC_Bayesian)_(SMEAR=Smear)_(Q2_y_Bin_5)_(z_pT_Bin_27)_(MultiDim_Q2_y_z_pT_phi_h)[0m (Histo Num 47513)
Fitting for: [1m(MultiDim_5D_Histo)_(RC_Bayesian)_(SMEAR=Smear)_(Q2_y_Bin_5)_(z_pT_Bin_28)_(MultiDim_Q2_y_z_pT_phi_h)[0m (Histo Num 47514)
Fitting for: [1m(MultiDim_5D_Histo)_(RC_Bayesian)_(SMEAR=Smear)_(Q2_y_Bin_5)_(z_pT_Bin_29)_(MultiDim_Q2_y_z_pT_phi_h)[0m (Histo Num 47515)
Fitting for: [1m(MultiDim_5D_Histo)_(RC_Bayesian)_(SMEAR=Smear)_(Q2_y_Bin_5)_(z_pT_Bin_31)_(MultiDim_Q2_y_z_pT_phi_h)[0m (Histo Num 47516)
Fitting for: [1m(MultiDim_5D_Histo)_(RC_Bayesian)_(SMEAR=Smear)_(Q2_y_Bin_5)_(z_pT_Bin_32)_(MultiDim_Q2_y_z_pT_phi_h)[0m (Histo Num 47517)
Fitting for: [1m(MultiDim_5D_Histo)_(RC_Bayesian)_(SMEAR=Smear)_(Q2_y_Bin_5)_(z_pT_Bin_33)_(MultiDim_Q2_y_z_pT_phi_h)[0m (Histo Num 47518)
Fitting for: [1m(MultiDim_5D_Histo)_(RC_Bayesian)_(SMEAR=Smear)_(Q2_y_Bin_5)_(z_pT_Bin_34)_(MultiDim_Q2_y_z_pT_phi_h)[0m (Histo Num 47519)
Fitting for: [1m(MultiDim_5D_Histo)_(RC_Bayesian)_(SMEAR=Smear)_(Q2_y_Bin_6)_(z_pT_Bin_1)_(MultiDim_Q2_y_z_pT_phi_h)[0m (Histo Num 47521)
Fitting for: [1m(MultiDim_5D_Histo)_(RC_Bayesian)_(SMEAR=Smear)_(Q2_y_Bin_6)_(z_pT_Bin_2)_(MultiDim_Q2_y_z_pT_phi_h)[0m (Histo Num 47522)
Fitting for: [1m(MultiDim_5D_Histo)_(RC_Bayesian)_(SMEAR=Smear)_(Q2_y_Bin_6)_(z_pT_Bin_3)_(MultiDim_Q2_y_z_pT_phi_h)[0m (Histo Num 47523)
Fitting for: [1m(MultiDim_5D_Histo)_(RC_Bayesian)_(SMEAR=Smear)_(Q2_y_Bin_6)_(z_pT_Bin_4)_(MultiDim_Q2_y_z_pT_phi_h)[0m (Histo Num 47524)
Fitting for: [1m(MultiDim_5D_Histo)_(RC_Bayesian)_(SMEAR=Smear)_(Q2_y_Bin_6)_(z_pT_Bin_5)_(MultiDim_Q2_y_z_pT_phi_h)[0m (Histo Num 47525)
Fitting for: [1m(MultiDim_5D_Histo)_(RC_Bayesian)_(SMEAR=Smear)_(Q2_y_Bin_6)_(z_pT_Bin_6)_(MultiDim_Q2_y_z_pT_phi_h)[0m (Histo Num 47526)
Fitting for: [1m(MultiDim_5D_Histo)_(RC_Bayesian)_(SMEAR=Smear)_(Q2_y_Bin_6)_(z_pT_Bin_7)_(MultiDim_Q2_y_z_pT_phi_h)[0m (Histo Num 47527)
Fitting for: [1m(MultiDim_5D_Histo)_(RC_Bayesian)_(SMEAR=Smear)_(Q2_y_Bin_6)_(z_pT_Bin_8)_(MultiDim_Q2_y_z_pT_phi_h)[0m (Histo Num 47528)
Fitting for: [1m(MultiDim_5D_Histo)_(RC_Bayesian)_(SMEAR=Smear)_(Q2_y_Bin_6)_(z_pT_Bin_9)_(MultiDim_Q2_y_z_pT_phi_h)[0m (Histo Num 47529)
Fitting for: [1m(MultiDim_5D_Histo)_(RC_Bayesian)_(SMEAR=Smear)_(Q2_y_Bin_6)_(z_pT_Bin_10)_(MultiDim_Q2_y_z_pT_phi_h)[0m (Histo Num 47530)
Fitting for: [1m(MultiDim_5D_Histo)_(RC_Bayesian)_(SMEAR=Smear)_(Q2_y_Bin_6)_(z_pT_Bin_11)_(MultiDim_Q2_y_z_pT_phi_h)[0m (Histo Num 47531)
Fitting for: [1m(MultiDim_5D_Histo)_(RC_Bayesian)_(SMEAR=Smear)_(Q2_y_Bin_6)_(z_pT_Bin_12)_(MultiDim_Q2_y_z_pT_phi_h)[0m (Histo Num 47532)
Fitting for: [1m(MultiDim_5D_Histo)_(RC_Bayesian)_(SMEAR=Smear)_(Q2_y_Bin_6)_(z_pT_Bin_13)_(MultiDim_Q2_y_z_pT_phi_h)[0m (Histo Num 47533)
Fitting for: [1m(MultiDim_5D_Histo)_(RC_Bayesian)_(SMEAR=Smear)_(Q2_y_Bin_6)_(z_pT_Bin_14)_(MultiDim_Q2_y_z_pT_phi_h)[0m (Histo Num 47534)
Fitting for: [1m(MultiDim_5D_Histo)_(RC_Bayesian)_(SMEAR=Smear)_(Q2_y_Bin_6)_(z_pT_Bin_15)_(MultiDim_Q2_y_z_pT_phi_h)[0m (Histo Num 47535)
Fitting for: [1m(MultiDim_5D_Histo)_(RC_Bayesian)_(SMEAR=Smear)_(Q2_y_Bin_6)_(z_pT_Bin_16)_(MultiDim_Q2_y_z_pT_phi_h)[0m (Histo Num 47536)
Fitting for: [1m(MultiDim_5D_Histo)_(RC_Bayesian)_(SMEAR=Smear)_(Q2_y_Bin_6)_(z_pT_Bin_17)_(MultiDim_Q2_y_z_pT_phi_h)[0m (Histo Num 47537)
Fitting for: [1m(MultiDim_5D_Histo)_(RC_Bayesian)_(SMEAR=Smear)_(Q2_y_Bin_6)_(z_pT_Bin_19)_(MultiDim_Q2_y_z_pT_phi_h)[0m (Histo Num 47538)
Fitting for: [1m(MultiDim_5D_Histo)_(RC_Bayesian)_(SMEAR=Smear)_(Q2_y_Bin_6)_(z_pT_Bin_20)_(MultiDim_Q2_y_z_pT_phi_h)[0m (Histo Num 47539)
Fitting for: [1m(MultiDim_5D_Histo)_(RC_Bayesian)_(SMEAR=Smear)_(Q2_y_Bin_6)_(z_pT_Bin_21)_(MultiDim_Q2_y_z_pT_phi_h)[0m (Histo Num 47540)
Fitting for: [1m(MultiDim_5D_Histo)_(RC_Bayesian)_(SMEAR=Smear)_(Q2_y_Bin_6)_(z_pT_Bin_22)_(MultiDim_Q2_y_z_pT_phi_h)[0m (Histo Num 47541)
Fitting for: [1m(MultiDim_5D_Histo)_(RC_Bayesian)_(SMEAR=Smear)_(Q2_y_Bin_6)_(z_pT_Bin_23)_(MultiDim_Q2_y_z_pT_phi_h)[0m (Histo Num 47542)
Fitting for: [1m(MultiDim_5D_Histo)_(RC_Bayesian)_(SMEAR=Smear)_(Q2_y_Bin_6)_(z_pT_Bin_25)_(MultiDim_Q2_y_z_pT_phi_h)[0m (Histo Num 47543)
Fitting for: [1m(MultiDim_5D_Histo)_(RC_Bayesian)_(SMEAR=Smear)_(Q2_y_Bin_6)_(z_pT_Bin_26)_(MultiDim_Q2_y_z_pT_phi_h)[0m (Histo Num 47544)
Fitting for: [1m(MultiDim_5D_Histo)_(RC_Bayesian)_(SMEAR=Smear)_(Q2_y_Bin_6)_(z_pT_Bin_27)_(MultiDim_Q2_y_z_pT_phi_h)[0m (Histo Num 47545)
Fitting for: [1m(MultiDim_5D_Histo)_(RC_Bayesian)_(SMEAR=Smear)_(Q2_y_Bin_6)_(z_pT_Bin_28)_(MultiDim_Q2_y_z_pT_phi_h)[0m (Histo Num 47546)
Fitting for: [1m(MultiDim_5D_Histo)_(RC_Bayesian)_(SMEAR=Smear)_(Q2_y_Bin_7)_(z_pT_Bin_1)_(MultiDim_Q2_y_z_pT_phi_h)[0m (Histo Num 47548)
Fitting for: [1m(MultiDim_5D_Histo)_(RC_Bayesian)_(SMEAR=Smear)_(Q2_y_Bin_7)_(z_pT_Bin_2)_(MultiDim_Q2_y_z_pT_phi_h)[0m (Histo Num 47549)
Fitting for: [1m(MultiDim_5D_Histo)_(RC_Bayesian)_(SMEAR=Smear)_(Q2_y_Bin_7)_(z_pT_Bin_3)_(MultiDim_Q2_y_z_pT_phi_h)[0m (Histo Num 47550)
Fitting for: [1m(MultiDim_5D_Histo)_(RC_Bayesian)_(SMEAR=Smear)_(Q2_y_Bin_7)_(z_pT_Bin_4)_(MultiDim_Q2_y_z_pT_phi_h)[0m (Histo Num 47551)
Fitting for: [1m(MultiDim_5D_Histo)_(RC_Bayesian)_(SMEAR=Smear)_(Q2_y_Bin_7)_(z_pT_Bin_5)_(MultiDim_Q2_y_z_pT_phi_h)[0m (Histo Num 47552)
Fitting for: [1m(MultiDim_5D_Histo)_(RC_Bayesian)_(SMEAR=Smear)_(Q2_y_Bin_7)_(z_pT_Bin_7)_(MultiDim_Q2_y_z_pT_phi_h)[0m (Histo Num 47553)
Fitting for: [1m(MultiDim_5D_Histo)_(RC_Bayesian)_(SMEAR=Smear)_(Q2_y_Bin_7)_(z_pT_Bin_8)_(MultiDim_Q2_y_z_pT_phi_h)[0m (Histo Num 47554)
Fitting for: [1m(MultiDim_5D_Histo)_(RC_Bayesian)_(SMEAR=Smear)_(Q2_y_Bin_7)_(z_pT_Bin_9)_(MultiDim_Q2_y_z_pT_phi_h)[0m (Histo Num 47555)
Fitting for: [1m(MultiDim_5D_Histo)_(RC_Bayesian)_(SMEAR=Smear)_(Q2_y_Bin_7)_(z_pT_Bin_10)_(MultiDim_Q2_y_z_pT_phi_h)[0m (Histo Num 47556)
Fitting for: [1m(MultiDim_5D_Histo)_(RC_Bayesian)_(SMEAR=Smear)_(Q2_y_Bin_7)_(z_pT_Bin_11)_(MultiDim_Q2_y_z_pT_phi_h)[0m (Histo Num 47557)
Fitting for: [1m(MultiDim_5D_Histo)_(RC_Bayesian)_(SMEAR=Smear)_(Q2_y_Bin_7)_(z_pT_Bin_12)_(MultiDim_Q2_y_z_pT_phi_h)[0m (Histo Num 47558)
Fitting for: [1m(MultiDim_5D_Histo)_(RC_Bayesian)_(SMEAR=Smear)_(Q2_y_Bin_7)_(z_pT_Bin_13)_(MultiDim_Q2_y_z_pT_phi_h)[0m (Histo Num 47559)
Fitting for: [1m(MultiDim_5D_Histo)_(RC_Bayesian)_(SMEAR=Smear)_(Q2_y_Bin_7)_(z_pT_Bin_14)_(MultiDim_Q2_y_z_pT_phi_h)[0m (Histo Num 47560)
Fitting for: [1m(MultiDim_5D_Histo)_(RC_Bayesian)_(SMEAR=Smear)_(Q2_y_Bin_7)_(z_pT_Bin_15)_(MultiDim_Q2_y_z_pT_phi_h)[0m (Histo Num 47561)
Fitting for: [1m(MultiDim_5D_Histo)_(RC_Bayesian)_(SMEAR=Smear)_(Q2_y_Bin_7)_(z_pT_Bin_16)_(MultiDim_Q2_y_z_pT_phi_h)[0m (Histo Num 47562)
Fitting for: [1m(MultiDim_5D_Histo)_(RC_Bayesian)_(SMEAR=Smear)_(Q2_y_Bin_7)_(z_pT_Bin_17)_(MultiDim_Q2_y_z_pT_phi_h)[0m (Histo Num 47563)
Fitting for: [1m(MultiDim_5D_Histo)_(RC_Bayesian)_(SMEAR=Smear)_(Q2_y_Bin_7)_(z_pT_Bin_18)_(MultiDim_Q2_y_z_pT_phi_h)[0m (Histo Num 47564)
Fitting for: [1m(MultiDim_5D_Histo)_(RC_Bayesian)_(SMEAR=Smear)_(Q2_y_Bin_7)_(z_pT_Bin_19)_(MultiDim_Q2_y_z_pT_phi_h)[0m (Histo Num 47565)
Fitting for: [1m(MultiDim_5D_Histo)_(RC_Bayesian)_(SMEAR=Smear)_(Q2_y_Bin_7)_(z_pT_Bin_20)_(MultiDim_Q2_y_z_pT_phi_h)[0m (Histo Num 47566)
Fitting for: [1m(MultiDim_5D_Histo)_(RC_Bayesian)_(SMEAR=Smear)_(Q2_y_Bin_7)_(z_pT_Bin_21)_(MultiDim_Q2_y_z_pT_phi_h)[0m (Histo Num 47567)
Fitting for: [1m(MultiDim_5D_Histo)_(RC_Bayesian)_(SMEAR=Smear)_(Q2_y_Bin_7)_(z_pT_Bin_22)_(MultiDim_Q2_y_z_pT_phi_h)[0m (Histo Num 47568)
Fitting for: [1m(MultiDim_5D_Histo)_(RC_Bayesian)_(SMEAR=Smear)_(Q2_y_Bin_7)_(z_pT_Bin_23)_(MultiDim_Q2_y_z_pT_phi_h)[0m (Histo Num 47569)
Fitting for: [1m(MultiDim_5D_Histo)_(RC_Bayesian)_(SMEAR=Smear)_(Q2_y_Bin_7)_(z_pT_Bin_24)_(MultiDim_Q2_y_z_pT_phi_h)[0m (Histo Num 47570)
Fitting for: [1m(MultiDim_5D_Histo)_(RC_Bayesian)_(SMEAR=Smear)_(Q2_y_Bin_7)_(z_pT_Bin_25)_(MultiDim_Q2_y_z_pT_phi_h)[0m (Histo Num 47571)
Fitting for: [1m(MultiDim_5D_Histo)_(RC_Bayesian)_(SMEAR=Smear)_(Q2_y_Bin_7)_(z_pT_Bin_26)_(MultiDim_Q2_y_z_pT_phi_h)[0m (Histo Num 47572)
Fitting for: [1m(MultiDim_5D_Histo)_(RC_Bayesian)_(SMEAR=Smear)_(Q2_y_Bin_7)_(z_pT_Bin_27)_(MultiDim_Q2_y_z_pT_phi_h)[0m (Histo Num 47573)
Fitting for: [1m(MultiDim_5D_Histo)_(RC_Bayesian)_(SMEAR=Smear)_(Q2_y_Bin_7)_(z_pT_Bin_28)_(MultiDim_Q2_y_z_pT_phi_h)[0m (Histo Num 47574)
Fitting for: [1m(MultiDim_5D_Histo)_(RC_Bayesian)_(SMEAR=Smear)_(Q2_y_Bin_7)_(z_pT_Bin_29)_(MultiDim_Q2_y_z_pT_phi_h)[0m (Histo Num 47575)
Fitting for: [1m(MultiDim_5D_Histo)_(RC_Bayesian)_(SMEAR=Smear)_(Q2_y_Bin_7)_(z_pT_Bin_31)_(MultiDim_Q2_y_z_pT_phi_h)[0m (Histo Num 47576)
Fitting for: [1m(MultiDim_5D_Histo)_(RC_Bayesian)_(SMEAR=Smear)_(Q2_y_Bin_7)_(z_pT_Bin_32)_(MultiDim_Q2_y_z_pT_phi_h)[0m (Histo Num 47577)
Fitting for: [1m(MultiDim_5D_Histo)_(RC_Bayesian)_(SMEAR=Smear)_(Q2_y_Bin_7)_(z_pT_Bin_33)_(MultiDim_Q2_y_z_pT_phi_h)[0m (Histo Num 47578)
Fitting for: [1m(MultiDim_5D_Histo)_(RC_Bayesian)_(SMEAR=Smear)_(Q2_y_Bin_7)_(z_pT_Bin_34)_(MultiDim_Q2_y_z_pT_phi_h)[0m (Histo Num 47579)
Fitting for: [1m(MultiDim_5D_Histo)_(RC_Bayesian)_(SMEAR=Smear)_(Q2_y_Bin_7)_(z_pT_Bin_35)_(MultiDim_Q2_y_z_pT_phi_h)[0m (Histo Num 47580)
Fitting for: [1m(MultiDim_5D_Histo)_(RC_Bayesian)_(SMEAR=Smear)_(Q2_y_Bin_8)_(z_pT_Bin_6)_(MultiDim_Q2_y_z_pT_phi_h)[0m (Histo Num 47582)
Fitting for: [1m(MultiDim_5D_Histo)_(RC_Bayesian)_(SMEAR=Smear)_(Q2_y_Bin_8)_(z_pT_Bin_7)_(MultiDim_Q2_y_z_pT_phi_h)[0m (Histo Num 47583)
Fitting for: [1m(MultiDim_5D_Histo)_(RC_Bayesian)_(SMEAR=Smear)_(Q2_y_Bin_8)_(z_pT_Bin_8)_(MultiDim_Q2_y_z_pT_phi_h)[0m (Histo Num 47584)
Fitting for: [1m(MultiDim_5D_Histo)_(RC_Bayesian)_(SMEAR=Smear)_(Q2_y_Bin_8)_(z_pT_Bin_9)_(MultiDim_Q2_y_z_pT_phi_h)[0m (Histo Num 47585)
Fitting for: [1m(MultiDim_5D_Histo)_(RC_Bayesian)_(SMEAR=Smear)_(Q2_y_Bin_8)_(z_pT_Bin_10)_(MultiDim_Q2_y_z_pT_phi_h)[0m (Histo Num 47586)
Fitting for: [1m(MultiDim_5D_Histo)_(RC_Bayesian)_(SMEAR=Smear)_(Q2_y_Bin_8)_(z_pT_Bin_11)_(MultiDim_Q2_y_z_pT_phi_h)[0m (Histo Num 47587)
Fitting for: [1m(MultiDim_5D_Histo)_(RC_Bayesian)_(SMEAR=Smear)_(Q2_y_Bin_8)_(z_pT_Bin_12)_(MultiDim_Q2_y_z_pT_phi_h)[0m (Histo Num 47588)
Fitting for: [1m(MultiDim_5D_Histo)_(RC_Bayesian)_(SMEAR=Smear)_(Q2_y_Bin_8)_(z_pT_Bin_13)_(MultiDim_Q2_y_z_pT_phi_h)[0m (Histo Num 47589)
Fitting for: [1m(MultiDim_5D_Histo)_(RC_Bayesian)_(SMEAR=Smear)_(Q2_y_Bin_8)_(z_pT_Bin_14)_(MultiDim_Q2_y_z_pT_phi_h)[0m (Histo Num 47590)
Fitting for: [1m(MultiDim_5D_Histo)_(RC_Bayesian)_(SMEAR=Smear)_(Q2_y_Bin_8)_(z_pT_Bin_15)_(MultiDim_Q2_y_z_pT_phi_h)[0m (Histo Num 47591)
Fitting for: [1m(MultiDim_5D_Histo)_(RC_Bayesian)_(SMEAR=Smear)_(Q2_y_Bin_8)_(z_pT_Bin_16)_(MultiDim_Q2_y_z_pT_phi_h)[0m (Histo Num 47592)
Fitting for: [1m(MultiDim_5D_Histo)_(RC_Bayesian)_(SMEAR=Smear)_(Q2_y_Bin_8)_(z_pT_Bin_17)_(MultiDim_Q2_y_z_pT_phi_h)[0m (Histo Num 47593)
Fitting for: [1m(MultiDim_5D_Histo)_(RC_Bayesian)_(SMEAR=Smear)_(Q2_y_Bin_8)_(z_pT_Bin_18)_(MultiDim_Q2_y_z_pT_phi_h)[0m (Histo Num 47594)
Fitting for: [1m(MultiDim_5D_Histo)_(RC_Bayesian)_(SMEAR=Smear)_(Q2_y_Bin_8)_(z_pT_Bin_19)_(MultiDim_Q2_y_z_pT_phi_h)[0m (Histo Num 47595)
Fitting for: [1m(MultiDim_5D_Histo)_(RC_Bayesian)_(SMEAR=Smear)_(Q2_y_Bin_8)_(z_pT_Bin_20)_(MultiDim_Q2_y_z_pT_phi_h)[0m (Histo Num 47596)
Fitting for: [1m(MultiDim_5D_Histo)_(RC_Bayesian)_(SMEAR=Smear)_(Q2_y_Bin_8)_(z_pT_Bin_21)_(MultiDim_Q2_y_z_pT_phi_h)[0m (Histo Num 47597)
Fitting for: [1m(MultiDim_5D_Histo)_(RC_Bayesian)_(SMEAR=Smear)_(Q2_y_Bin_8)_(z_pT_Bin_22)_(MultiDim_Q2_y_z_pT_phi_h)[0m (Histo Num 47598)
Fitting for: [1m(MultiDim_5D_Histo)_(RC_Bayesian)_(SMEAR=Smear)_(Q2_y_Bin_8)_(z_pT_Bin_23)_(MultiDim_Q2_y_z_pT_phi_h)[0m (Histo Num 47599)
Fitting for: [1m(MultiDim_5D_Histo)_(RC_Bayesian)_(SMEAR=Smear)_(Q2_y_Bin_8)_(z_pT_Bin_24)_(MultiDim_Q2_y_z_pT_phi_h)[0m (Histo Num 47600)
Fitting for: [1m(MultiDim_5D_Histo)_(RC_Bayesian)_(SMEAR=Smear)_(Q2_y_Bin_8)_(z_pT_Bin_25)_(MultiDim_Q2_y_z_pT_phi_h)[0m (Histo Num 47601)
Fitting for: [1m(MultiDim_5D_Histo)_(RC_Bayesian)_(SMEAR=Smear)_(Q2_y_Bin_8)_(z_pT_Bin_26)_(MultiDim_Q2_y_z_pT_phi_h)[0m (Histo Num 47602)
Fitting for: [1m(MultiDim_5D_Histo)_(RC_Bayesian)_(SMEAR=Smear)_(Q2_y_Bin_8)_(z_pT_Bin_27)_(MultiDim_Q2_y_z_pT_phi_h)[0m (Histo Num 47603)
Fitting for: [1m(MultiDim_5D_Histo)_(RC_Bayesian)_(SMEAR=Smear)_(Q2_y_Bin_8)_(z_pT_Bin_28)_(MultiDim_Q2_y_z_pT_phi_h)[0m (Histo Num 47604)
Fitting for: [1m(MultiDim_5D_Histo)_(RC_Bayesian)_(SMEAR=Smear)_(Q2_y_Bin_8)_(z_pT_Bin_29)_(MultiDim_Q2_y_z_pT_phi_h)[0m (Histo Num 47605)
Fitting for: [1m(MultiDim_5D_Histo)_(RC_Bayesian)_(SMEAR=Smear)_(Q2_y_Bin_8)_(z_pT_Bin_30)_(MultiDim_Q2_y_z_pT_phi_h)[0m (Histo Num 47606)
Fitting for: [1m(MultiDim_5D_Histo)_(RC_Bayesian)_(SMEAR=Smear)_(Q2_y_Bin_8)_(z_pT_Bin_31)_(MultiDim_Q2_y_z_pT_phi_h)[0m (Histo Num 47607)
Fitting for: [1m(MultiDim_5D_Histo)_(RC_Bayesian)_(SMEAR=Smear)_(Q2_y_Bin_8)_(z_pT_Bin_32)_(MultiDim_Q2_y_z_pT_phi_h)[0m (Histo Num 47608)
Fitting for: [1m(MultiDim_5D_Histo)_(RC_Bayesian)_(SMEAR=Smear)_(Q2_y_Bin_8)_(z_pT_Bin_33)_(MultiDim_Q2_y_z_pT_phi_h)[0m (Histo Num 47609)
Fitting for: [1m(MultiDim_5D_Histo)_(RC_Bayesian)_(SMEAR=Smear)_(Q2_y_Bin_8)_(z_pT_Bin_34)_(MultiDim_Q2_y_z_pT_phi_h)[0m (Histo Num 47610)
Fitting for: [1m(MultiDim_5D_Histo)_(RC_Bayesian)_(SMEAR=Smear)_(Q2_y_Bin_9)_(z_pT_Bin_1)_(MultiDim_Q2_y_z_pT_phi_h)[0m (Histo Num 47612)
Fitting for: [1m(MultiDim_5D_Histo)_(RC_Bayesian)_(SMEAR=Smear)_(Q2_y_Bin_9)_(z_pT_Bin_2)_(MultiDim_Q2_y_z_pT_phi_h)[0m (Histo Num 47613)
Fitting for: [1m(MultiDim_5D_Histo)_(RC_Bayesian)_(SMEAR=Smear)_(Q2_y_Bin_9)_(z_pT_Bin_3)_(MultiDim_Q2_y_z_pT_phi_h)[0m (Histo Num 47614)
Fitting for: [1m(MultiDim_5D_Histo)_(RC_Bayesian)_(SMEAR=Smear)_(Q2_y_Bin_9)_(z_pT_Bin_4)_(MultiDim_Q2_y_z_pT_phi_h)[0m (Histo Num 47615)
Fitting for: [1m(MultiDim_5D_Histo)_(RC_Bayesian)_(SMEAR=Smear)_(Q2_y_Bin_9)_(z_pT_Bin_5)_(MultiDim_Q2_y_z_pT_phi_h)[0m (Histo Num 47616)
Fitting for: [1m(MultiDim_5D_Histo)_(RC_Bayesian)_(SMEAR=Smear)_(Q2_y_Bin_9)_(z_pT_Bin_6)_(MultiDim_Q2_y_z_pT_phi_h)[0m (Histo Num 47617)
Fitting for: [1m(MultiDim_5D_Histo)_(RC_Bayesian)_(SMEAR=Smear)_(Q2_y_Bin_9)_(z_pT_Bin_7)_(MultiDim_Q2_y_z_pT_phi_h)[0m (Histo Num 47618)
Fitting for: [1m(MultiDim_5D_Histo)_(RC_Bayesian)_(SMEAR=Smear)_(Q2_y_Bin_9)_(z_pT_Bin_8)_(MultiDim_Q2_y_z_pT_phi_h)[0m (Histo Num 47619)
Fitting for: [1m(MultiDim_5D_Histo)_(RC_Bayesian)_(SMEAR=Smear)_(Q2_y_Bin_9)_(z_pT_Bin_9)_(MultiDim_Q2_y_z_pT_phi_h)[0m (Histo Num 47620)
Fitting for: [1m(MultiDim_5D_Histo)_(RC_Bayesian)_(SMEAR=Smear)_(Q2_y_Bin_9)_(z_pT_Bin_10)_(MultiDim_Q2_y_z_pT_phi_h)[0m (Histo Num 47621)
Fitting for: [1m(MultiDim_5D_Histo)_(RC_Bayesian)_(SMEAR=Smear)_(Q2_y_Bin_9)_(z_pT_Bin_11)_(MultiDim_Q2_y_z_pT_phi_h)[0m (Histo Num 47622)
Fitting for: [1m(MultiDim_5D_Histo)_(RC_Bayesian)_(SMEAR=Smear)_(Q2_y_Bin_9)_(z_pT_Bin_12)_(MultiDim_Q2_y_z_pT_phi_h)[0m (Histo Num 47623)
Fitting for: [1m(MultiDim_5D_Histo)_(RC_Bayesian)_(SMEAR=Smear)_(Q2_y_Bin_9)_(z_pT_Bin_13)_(MultiDim_Q2_y_z_pT_phi_h)[0m (Histo Num 47624)
Fitting for: [1m(MultiDim_5D_Histo)_(RC_Bayesian)_(SMEAR=Smear)_(Q2_y_Bin_9)_(z_pT_Bin_14)_(MultiDim_Q2_y_z_pT_phi_h)[0m (Histo Num 47625)
Fitting for: [1m(MultiDim_5D_Histo)_(RC_Bayesian)_(SMEAR=Smear)_(Q2_y_Bin_9)_(z_pT_Bin_15)_(MultiDim_Q2_y_z_pT_phi_h)[0m (Histo Num 47626)
Fitting for: [1m(MultiDim_5D_Histo)_(RC_Bayesian)_(SMEAR=Smear)_(Q2_y_Bin_9)_(z_pT_Bin_16)_(MultiDim_Q2_y_z_pT_phi_h)[0m (Histo Num 47627)
Fitting for: [1m(MultiDim_5D_Histo)_(RC_Bayesian)_(SMEAR=Smear)_(Q2_y_Bin_9)_(z_pT_Bin_17)_(MultiDim_Q2_y_z_pT_phi_h)[0m (Histo Num 47628)
Fitting for: [1m(MultiDim_5D_Histo)_(RC_Bayesian)_(SMEAR=Smear)_(Q2_y_Bin_9)_(z_pT_Bin_18)_(MultiDim_Q2_y_z_pT_phi_h)[0m (Histo Num 47629)
Fitting for: [1m(MultiDim_5D_Histo)_(RC_Bayesian)_(SMEAR=Smear)_(Q2_y_Bin_9)_(z_pT_Bin_19)_(MultiDim_Q2_y_z_pT_phi_h)[0m (Histo Num 47630)
Fitting for: [1m(MultiDim_5D_Histo)_(RC_Bayesian)_(SMEAR=Smear)_(Q2_y_Bin_9)_(z_pT_Bin_20)_(MultiDim_Q2_y_z_pT_phi_h)[0m (Histo Num 47631)
Fitting for: [1m(MultiDim_5D_Histo)_(RC_Bayesian)_(SMEAR=Smear)_(Q2_y_Bin_9)_(z_pT_Bin_22)_(MultiDim_Q2_y_z_pT_phi_h)[0m (Histo Num 47632)
Fitting for: [1m(MultiDim_5D_Histo)_(RC_Bayesian)_(SMEAR=Smear)_(Q2_y_Bin_9)_(z_pT_Bin_23)_(MultiDim_Q2_y_z_pT_phi_h)[0m (Histo Num 47633)
Fitting for: [1m(MultiDim_5D_Histo)_(RC_Bayesian)_(SMEAR=Smear)_(Q2_y_Bin_9)_(z_pT_Bin_24)_(MultiDim_Q2_y_z_pT_phi_h)[0m (Histo Num 47634)
Fitting for: [1m(MultiDim_5D_Histo)_(RC_Bayesian)_(SMEAR=Smear)_(Q2_y_Bin_9)_(z_pT_Bin_25)_(MultiDim_Q2_y_z_pT_phi_h)[0m (Histo Num 47635)
Fitting for: [1m(MultiDim_5D_Histo)_(RC_Bayesian)_(SMEAR=Smear)_(Q2_y_Bin_9)_(z_pT_Bin_26)_(MultiDim_Q2_y_z_pT_phi_h)[0m (Histo Num 47636)
Fitting for: [1m(MultiDim_5D_Histo)_(RC_Bayesian)_(SMEAR=Smear)_(Q2_y_Bin_9)_(z_pT_Bin_29)_(MultiDim_Q2_y_z_pT_phi_h)[0m (Histo Num 47637)
Fitting for: [1m(MultiDim_5D_Histo)_(RC_Bayesian)_(SMEAR=Smear)_(Q2_y_Bin_9)_(z_pT_Bin_30)_(MultiDim_Q2_y_z_pT_phi_h)[0m (Histo Num 47638)
Fitting for: [1m(MultiDim_5D_Histo)_(RC_Bayesian)_(SMEAR=Smear)_(Q2_y_Bin_9)_(z_pT_Bin_31)_(MultiDim_Q2_y_z_pT_phi_h)[0m (Histo Num 47639)
Fitting for: [1m(MultiDim_5D_Histo)_(RC_Bayesian)_(SMEAR=Smear)_(Q2_y_Bin_9)_(z_pT_Bin_32)_(MultiDim_Q2_y_z_pT_phi_h)[0m (Histo Num 47640)
Fitting for: [1m(MultiDim_5D_Histo)_(RC_Bayesian)_(SMEAR=Smear)_(Q2_y_Bin_10)_(z_pT_Bin_1)_(MultiDim_Q2_y_z_pT_phi_h)[0m (Histo Num 47642)
Fitting for: [1m(MultiDim_5D_Histo)_(RC_Bayesian)_(SMEAR=Smear)_(Q2_y_Bin_10)_(z_pT_Bin_2)_(MultiDim_Q2_y_z_pT_phi_h)[0m (Histo Num 47643)
Fitting for: [1m(MultiDim_5D_Histo)_(RC_Bayesian)_(SMEAR=Smear)_(Q2_y_Bin_10)_(z_pT_Bin_3)_(MultiDim_Q2_y_z_pT_phi_h)[0m (Histo Num 47644)
Fitting for: [1m(MultiDim_5D_Histo)_(RC_Bayesian)_(SMEAR=Smear)_(Q2_y_Bin_10)_(z_pT_Bin_4)_(MultiDim_Q2_y_z_pT_phi_h)[0m (Histo Num 47645)
Fitting for: [1m(MultiDim_5D_Histo)_(RC_Bayesian)_(SMEAR=Smear)_(Q2_y_Bin_10)_(z_pT_Bin_5)_(MultiDim_Q2_y_z_pT_phi_h)[0m (Histo Num 47646)
Fitting for: [1m(MultiDim_5D_Histo)_(RC_Bayesian)_(SMEAR=Smear)_(Q2_y_Bin_10)_(z_pT_Bin_6)_(MultiDim_Q2_y_z_pT_phi_h)[0m (Histo Num 47647)
Fitting for: [1m(MultiDim_5D_Histo)_(RC_Bayesian)_(SMEAR=Smear)_(Q2_y_Bin_10)_(z_pT_Bin_7)_(MultiDim_Q2_y_z_pT_phi_h)[0m (Histo Num 47648)
Fitting for: [1m(MultiDim_5D_Histo)_(RC_Bayesian)_(SMEAR=Smear)_(Q2_y_Bin_10)_(z_pT_Bin_8)_(MultiDim_Q2_y_z_pT_phi_h)[0m (Histo Num 47649)
Fitting for: [1m(MultiDim_5D_Histo)_(RC_Bayesian)_(SMEAR=Smear)_(Q2_y_Bin_10)_(z_pT_Bin_9)_(MultiDim_Q2_y_z_pT_phi_h)[0m (Histo Num 47650)
Fitting for: [1m(MultiDim_5D_Histo)_(RC_Bayesian)_(SMEAR=Smear)_(Q2_y_Bin_10)_(z_pT_Bin_10)_(MultiDim_Q2_y_z_pT_phi_h)[0m (Histo Num 47651)
Fitting for: [1m(MultiDim_5D_Histo)_(RC_Bayesian)_(SMEAR=Smear)_(Q2_y_Bin_10)_(z_pT_Bin_11)_(MultiDim_Q2_y_z_pT_phi_h)[0m (Histo Num 47652)
Fitting for: [1m(MultiDim_5D_Histo)_(RC_Bayesian)_(SMEAR=Smear)_(Q2_y_Bin_10)_(z_pT_Bin_12)_(MultiDim_Q2_y_z_pT_phi_h)[0m (Histo Num 47653)
Fitting for: [1m(MultiDim_5D_Histo)_(RC_Bayesian)_(SMEAR=Smear)_(Q2_y_Bin_10)_(z_pT_Bin_13)_(MultiDim_Q2_y_z_pT_phi_h)[0m (Histo Num 47654)
Fitting for: [1m(MultiDim_5D_Histo)_(RC_Bayesian)_(SMEAR=Smear)_(Q2_y_Bin_10)_(z_pT_Bin_14)_(MultiDim_Q2_y_z_pT_phi_h)[0m (Histo Num 47655)
Fitting for: [1m(MultiDim_5D_Histo)_(RC_Bayesian)_(SMEAR=Smear)_(Q2_y_Bin_10)_(z_pT_Bin_15)_(MultiDim_Q2_y_z_pT_phi_h)[0m (Histo Num 47656)
Fitting for: [1m(MultiDim_5D_Histo)_(RC_Bayesian)_(SMEAR=Smear)_(Q2_y_Bin_10)_(z_pT_Bin_16)_(MultiDim_Q2_y_z_pT_phi_h)[0m (Histo Num 47657)
Fitting for: [1m(MultiDim_5D_Histo)_(RC_Bayesian)_(SMEAR=Smear)_(Q2_y_Bin_10)_(z_pT_Bin_17)_(MultiDim_Q2_y_z_pT_phi_h)[0m (Histo Num 47658)
Fitting for: [1m(MultiDim_5D_Histo)_(RC_Bayesian)_(SMEAR=Smear)_(Q2_y_Bin_10)_(z_pT_Bin_18)_(MultiDim_Q2_y_z_pT_phi_h)[0m (Histo Num 47659)
Fitting for: [1m(MultiDim_5D_Histo)_(RC_Bayesian)_(SMEAR=Smear)_(Q2_y_Bin_10)_(z_pT_Bin_19)_(MultiDim_Q2_y_z_pT_phi_h)[0m (Histo Num 47660)
Fitting for: [1m(MultiDim_5D_Histo)_(RC_Bayesian)_(SMEAR=Smear)_(Q2_y_Bin_10)_(z_pT_Bin_20)_(MultiDim_Q2_y_z_pT_phi_h)[0m (Histo Num 47661)
Fitting for: [1m(MultiDim_5D_Histo)_(RC_Bayesian)_(SMEAR=Smear)_(Q2_y_Bin_10)_(z_pT_Bin_21)_(MultiDim_Q2_y_z_pT_phi_h)[0m (Histo Num 47662)
Fitting for: [1m(MultiDim_5D_Histo)_(RC_Bayesian)_(SMEAR=Smear)_(Q2_y_Bin_10)_(z_pT_Bin_22)_(MultiDim_Q2_y_z_pT_phi_h)[0m (Histo Num 47663)
Fitting for: [1m(MultiDim_5D_Histo)_(RC_Bayesian)_(SMEAR=Smear)_(Q2_y_Bin_10)_(z_pT_Bin_23)_(MultiDim_Q2_y_z_pT_phi_h)[0m (Histo Num 47664)
Fitting for: [1m(MultiDim_5D_Histo)_(RC_Bayesian)_(SMEAR=Smear)_(Q2_y_Bin_10)_(z_pT_Bin_25)_(MultiDim_Q2_y_z_pT_phi_h)[0m (Histo Num 47665)
Fitting for: [1m(MultiDim_5D_Histo)_(RC_Bayesian)_(SMEAR=Smear)_(Q2_y_Bin_10)_(z_pT_Bin_26)_(MultiDim_Q2_y_z_pT_phi_h)[0m (Histo Num 47666)
Fitting for: [1m(MultiDim_5D_Histo)_(RC_Bayesian)_(SMEAR=Smear)_(Q2_y_Bin_10)_(z_pT_Bin_27)_(MultiDim_Q2_y_z_pT_phi_h)[0m (Histo Num 47667)
Fitting for: [1m(MultiDim_5D_Histo)_(RC_Bayesian)_(SMEAR=Smear)_(Q2_y_Bin_10)_(z_pT_Bin_28)_(MultiDim_Q2_y_z_pT_phi_h)[0m (Histo Num 47668)
Fitting for: [1m(MultiDim_5D_Histo)_(RC_Bayesian)_(SMEAR=Smear)_(Q2_y_Bin_10)_(z_pT_Bin_29)_(MultiDim_Q2_y_z_pT_phi_h)[0m (Histo Num 47669)
Fitting for: [1m(MultiDim_5D_Histo)_(RC_Bayesian)_(SMEAR=Smear)_(Q2_y_Bin_10)_(z_pT_Bin_31)_(MultiDim_Q2_y_z_pT_phi_h)[0m (Histo Num 47670)
Fitting for: [1m(MultiDim_5D_Histo)_(RC_Bayesian)_(SMEAR=Smear)_(Q2_y_Bin_10)_(z_pT_Bin_32)_(MultiDim_Q2_y_z_pT_phi_h)[0m (Histo Num 47671)
Fitting for: [1m(MultiDim_5D_Histo)_(RC_Bayesian)_(SMEAR=Smear)_(Q2_y_Bin_10)_(z_pT_Bin_33)_(MultiDim_Q2_y_z_pT_phi_h)[0m (Histo Num 47672)
Fitting for: [1m(MultiDim_5D_Histo)_(RC_Bayesian)_(SMEAR=Smear)_(Q2_y_Bin_10)_(z_pT_Bin_34)_(MultiDim_Q2_y_z_pT_phi_h)[0m (Histo Num 47673)
Fitting for: [1m(MultiDim_5D_Histo)_(RC_Bayesian)_(SMEAR=Smear)_(Q2_y_Bin_11)_(z_pT_Bin_1)_(MultiDim_Q2_y_z_pT_phi_h)[0m (Histo Num 47675)
Fitting for: [1m(MultiDim_5D_Histo)_(RC_Bayesian)_(SMEAR=Smear)_(Q2_y_Bin_11)_(z_pT_Bin_2)_(MultiDim_Q2_y_z_pT_phi_h)[0m (Histo Num 47676)
Fitting for: [1m(MultiDim_5D_Histo)_(RC_Bayesian)_(SMEAR=Smear)_(Q2_y_Bin_11)_(z_pT_Bin_3)_(MultiDim_Q2_y_z_pT_phi_h)[0m (Histo Num 47677)
Fitting for: [1m(MultiDim_5D_Histo)_(RC_Bayesian)_(SMEAR=Smear)_(Q2_y_Bin_11)_(z_pT_Bin_4)_(MultiDim_Q2_y_z_pT_phi_h)[0m (Histo Num 47678)
Fitting for: [1m(MultiDim_5D_Histo)_(RC_Bayesian)_(SMEAR=Smear)_(Q2_y_Bin_11)_(z_pT_Bin_6)_(MultiDim_Q2_y_z_pT_phi_h)[0m (Histo Num 47679)
Fitting for: [1m(MultiDim_5D_Histo)_(RC_Bayesian)_(SMEAR=Smear)_(Q2_y_Bin_11)_(z_pT_Bin_7)_(MultiDim_Q2_y_z_pT_phi_h)[0m (Histo Num 47680)
Fitting for: [1m(MultiDim_5D_Histo)_(RC_Bayesian)_(SMEAR=Smear)_(Q2_y_Bin_11)_(z_pT_Bin_8)_(MultiDim_Q2_y_z_pT_phi_h)[0m (Histo Num 47681)
Fitting for: [1m(MultiDim_5D_Histo)_(RC_Bayesian)_(SMEAR=Smear)_(Q2_y_Bin_11)_(z_pT_Bin_9)_(MultiDim_Q2_y_z_pT_phi_h)[0m (Histo Num 47682)
Fitting for: [1m(MultiDim_5D_Histo)_(RC_Bayesian)_(SMEAR=Smear)_(Q2_y_Bin_11)_(z_pT_Bin_10)_(MultiDim_Q2_y_z_pT_phi_h)[0m (Histo Num 47683)
Fitting for: [1m(MultiDim_5D_Histo)_(RC_Bayesian)_(SMEAR=Smear)_(Q2_y_Bin_11)_(z_pT_Bin_11)_(MultiDim_Q2_y_z_pT_phi_h)[0m (Histo Num 47684)
Fitting for: [1m(MultiDim_5D_Histo)_(RC_Bayesian)_(SMEAR=Smear)_(Q2_y_Bin_11)_(z_pT_Bin_12)_(MultiDim_Q2_y_z_pT_phi_h)[0m (Histo Num 47685)
Fitting for: [1m(MultiDim_5D_Histo)_(RC_Bayesian)_(SMEAR=Smear)_(Q2_y_Bin_11)_(z_pT_Bin_13)_(MultiDim_Q2_y_z_pT_phi_h)[0m (Histo Num 47686)
Fitting for: [1m(MultiDim_5D_Histo)_(RC_Bayesian)_(SMEAR=Smear)_(Q2_y_Bin_11)_(z_pT_Bin_14)_(MultiDim_Q2_y_z_pT_phi_h)[0m (Histo Num 47687)
Fitting for: [1m(MultiDim_5D_Histo)_(RC_Bayesian)_(SMEAR=Smear)_(Q2_y_Bin_11)_(z_pT_Bin_15)_(MultiDim_Q2_y_z_pT_phi_h)[0m (Histo Num 47688)
Fitting for: [1m(MultiDim_5D_Histo)_(RC_Bayesian)_(SMEAR=Smear)_(Q2_y_Bin_11)_(z_pT_Bin_16)_(MultiDim_Q2_y_z_pT_phi_h)[0m (Histo Num 47689)
Fitting for: [1m(MultiDim_5D_Histo)_(RC_Bayesian)_(SMEAR=Smear)_(Q2_y_Bin_11)_(z_pT_Bin_17)_(MultiDim_Q2_y_z_pT_phi_h)[0m (Histo Num 47690)
Fitting for: [1m(MultiDim_5D_Histo)_(RC_Bayesian)_(SMEAR=Smear)_(Q2_y_Bin_11)_(z_pT_Bin_18)_(MultiDim_Q2_y_z_pT_phi_h)[0m (Histo Num 47691)
Fitting for: [1m(MultiDim_5D_Histo)_(RC_Bayesian)_(SMEAR=Smear)_(Q2_y_Bin_11)_(z_pT_Bin_19)_(MultiDim_Q2_y_z_pT_phi_h)[0m (Histo Num 47692)
Fitting for: [1m(MultiDim_5D_Histo)_(RC_Bayesian)_(SMEAR=Smear)_(Q2_y_Bin_11)_(z_pT_Bin_20)_(MultiDim_Q2_y_z_pT_phi_h)[0m (Histo Num 47693)
Fitting for: [1m(MultiDim_5D_Histo)_(RC_Bayesian)_(SMEAR=Smear)_(Q2_y_Bin_11)_(z_pT_Bin_21)_(MultiDim_Q2_y_z_pT_phi_h)[0m (Histo Num 47694)
Fitting for: [1m(MultiDim_5D_Histo)_(RC_Bayesian)_(SMEAR=Smear)_(Q2_y_Bin_11)_(z_pT_Bin_22)_(MultiDim_Q2_y_z_pT_phi_h)[0m (Histo Num 47695)
Fitting for: [1m(MultiDim_5D_Histo)_(RC_Bayesian)_(SMEAR=Smear)_(Q2_y_Bin_11)_(z_pT_Bin_23)_(MultiDim_Q2_y_z_pT_phi_h)[0m (Histo Num 47696)
Fitting for: [1m(MultiDim_5D_Histo)_(RC_Bayesian)_(SMEAR=Smear)_(Q2_y_Bin_11)_(z_pT_Bin_24)_(MultiDim_Q2_y_z_pT_phi_h)[0m (Histo Num 47697)
Fitting for: [1m(MultiDim_5D_Histo)_(RC_Bayesian)_(SMEAR=Smear)_(Q2_y_Bin_12)_(z_pT_Bin_6)_(MultiDim_Q2_y_z_pT_phi_h)[0m (Histo Num 47699)
Fitting for: [1m(MultiDim_5D_Histo)_(RC_Bayesian)_(SMEAR=Smear)_(Q2_y_Bin_12)_(z_pT_Bin_7)_(MultiDim_Q2_y_z_pT_phi_h)[0m (Histo Num 47700)
Fitting for: [1m(MultiDim_5D_Histo)_(RC_Bayesian)_(SMEAR=Smear)_(Q2_y_Bin_12)_(z_pT_Bin_8)_(MultiDim_Q2_y_z_pT_phi_h)[0m (Histo Num 47701)
Fitting for: [1m(MultiDim_5D_Histo)_(RC_Bayesian)_(SMEAR=Smear)_(Q2_y_Bin_12)_(z_pT_Bin_9)_(MultiDim_Q2_y_z_pT_phi_h)[0m (Histo Num 47702)
Fitting for: [1m(MultiDim_5D_Histo)_(RC_Bayesian)_(SMEAR=Smear)_(Q2_y_Bin_12)_(z_pT_Bin_10)_(MultiDim_Q2_y_z_pT_phi_h)[0m (Histo Num 47703)
Fitting for: [1m(MultiDim_5D_Histo)_(RC_Bayesian)_(SMEAR=Smear)_(Q2_y_Bin_12)_(z_pT_Bin_11)_(MultiDim_Q2_y_z_pT_phi_h)[0m (Histo Num 47704)
Fitting for: [1m(MultiDim_5D_Histo)_(RC_Bayesian)_(SMEAR=Smear)_(Q2_y_Bin_12)_(z_pT_Bin_12)_(MultiDim_Q2_y_z_pT_phi_h)[0m (Histo Num 47705)
Fitting for: [1m(MultiDim_5D_Histo)_(RC_Bayesian)_(SMEAR=Smear)_(Q2_y_Bin_12)_(z_pT_Bin_13)_(MultiDim_Q2_y_z_pT_phi_h)[0m (Histo Num 47706)
Fitting for: [1m(MultiDim_5D_Histo)_(RC_Bayesian)_(SMEAR=Smear)_(Q2_y_Bin_12)_(z_pT_Bin_14)_(MultiDim_Q2_y_z_pT_phi_h)[0m (Histo Num 47707)
Fitting for: [1m(MultiDim_5D_Histo)_(RC_Bayesian)_(SMEAR=Smear)_(Q2_y_Bin_12)_(z_pT_Bin_15)_(MultiDim_Q2_y_z_pT_phi_h)[0m (Histo Num 47708)
Fitting for: [1m(MultiDim_5D_Histo)_(RC_Bayesian)_(SMEAR=Smear)_(Q2_y_Bin_12)_(z_pT_Bin_16)_(MultiDim_Q2_y_z_pT_phi_h)[0m (Histo Num 47709)
Fitting for: [1m(MultiDim_5D_Histo)_(RC_Bayesian)_(SMEAR=Smear)_(Q2_y_Bin_12)_(z_pT_Bin_17)_(MultiDim_Q2_y_z_pT_phi_h)[0m (Histo Num 47710)
Fitting for: [1m(MultiDim_5D_Histo)_(RC_Bayesian)_(SMEAR=Smear)_(Q2_y_Bin_12)_(z_pT_Bin_18)_(MultiDim_Q2_y_z_pT_phi_h)[0m (Histo Num 47711)
Fitting for: [1m(MultiDim_5D_Histo)_(RC_Bayesian)_(SMEAR=Smear)_(Q2_y_Bin_12)_(z_pT_Bin_19)_(MultiDim_Q2_y_z_pT_phi_h)[0m (Histo Num 47712)
Fitting for: [1m(MultiDim_5D_Histo)_(RC_Bayesian)_(SMEAR=Smear)_(Q2_y_Bin_12)_(z_pT_Bin_20)_(MultiDim_Q2_y_z_pT_phi_h)[0m (Histo Num 47713)
Fitting for: [1m(MultiDim_5D_Histo)_(RC_Bayesian)_(SMEAR=Smear)_(Q2_y_Bin_12)_(z_pT_Bin_21)_(MultiDim_Q2_y_z_pT_phi_h)[0m (Histo Num 47714)
Fitting for: [1m(MultiDim_5D_Histo)_(RC_Bayesian)_(SMEAR=Smear)_(Q2_y_Bin_12)_(z_pT_Bin_22)_(MultiDim_Q2_y_z_pT_phi_h)[0m (Histo Num 47715)
Fitting for: [1m(MultiDim_5D_Histo)_(RC_Bayesian)_(SMEAR=Smear)_(Q2_y_Bin_12)_(z_pT_Bin_23)_(MultiDim_Q2_y_z_pT_phi_h)[0m (Histo Num 47716)
Fitting for: [1m(MultiDim_5D_Histo)_(RC_Bayesian)_(SMEAR=Smear)_(Q2_y_Bin_12)_(z_pT_Bin_24)_(MultiDim_Q2_y_z_pT_phi_h)[0m (Histo Num 47717)
Fitting for: [1m(MultiDim_5D_Histo)_(RC_Bayesian)_(SMEAR=Smear)_(Q2_y_Bin_13)_(z_pT_Bin_1)_(MultiDim_Q2_y_z_pT_phi_h)[0m (Histo Num 47719)
Fitting for: [1m(MultiDim_5D_Histo)_(RC_Bayesian)_(SMEAR=Smear)_(Q2_y_Bin_13)_(z_pT_Bin_2)_(MultiDim_Q2_y_z_pT_phi_h)[0m (Histo Num 47720)
Fitting for: [1m(MultiDim_5D_Histo)_(RC_Bayesian)_(SMEAR=Smear)_(Q2_y_Bin_13)_(z_pT_Bin_3)_(MultiDim_Q2_y_z_pT_phi_h)[0m (Histo Num 47721)
Fitting for: [1m(MultiDim_5D_Histo)_(RC_Bayesian)_(SMEAR=Smear)_(Q2_y_Bin_13)_(z_pT_Bin_4)_(MultiDim_Q2_y_z_pT_phi_h)[0m (Histo Num 47722)
Fitting for: [1m(MultiDim_5D_Histo)_(RC_Bayesian)_(SMEAR=Smear)_(Q2_y_Bin_13)_(z_pT_Bin_5)_(MultiDim_Q2_y_z_pT_phi_h)[0m (Histo Num 47723)
Fitting for: [1m(MultiDim_5D_Histo)_(RC_Bayesian)_(SMEAR=Smear)_(Q2_y_Bin_13)_(z_pT_Bin_6)_(MultiDim_Q2_y_z_pT_phi_h)[0m (Histo Num 47724)
Fitting for: [1m(MultiDim_5D_Histo)_(RC_Bayesian)_(SMEAR=Smear)_(Q2_y_Bin_13)_(z_pT_Bin_7)_(MultiDim_Q2_y_z_pT_phi_h)[0m (Histo Num 47725)
Fitting for: [1m(MultiDim_5D_Histo)_(RC_Bayesian)_(SMEAR=Smear)_(Q2_y_Bin_13)_(z_pT_Bin_8)_(MultiDim_Q2_y_z_pT_phi_h)[0m (Histo Num 47726)
Fitting for: [1m(MultiDim_5D_Histo)_(RC_Bayesian)_(SMEAR=Smear)_(Q2_y_Bin_13)_(z_pT_Bin_9)_(MultiDim_Q2_y_z_pT_phi_h)[0m (Histo Num 47727)
Fitting for: [1m(MultiDim_5D_Histo)_(RC_Bayesian)_(SMEAR=Smear)_(Q2_y_Bin_13)_(z_pT_Bin_10)_(MultiDim_Q2_y_z_pT_phi_h)[0m (Histo Num 47728)
Fitting for: [1m(MultiDim_5D_Histo)_(RC_Bayesian)_(SMEAR=Smear)_(Q2_y_Bin_13)_(z_pT_Bin_11)_(MultiDim_Q2_y_z_pT_phi_h)[0m (Histo Num 47729)
Fitting for: [1m(MultiDim_5D_Histo)_(RC_Bayesian)_(SMEAR=Smear)_(Q2_y_Bin_13)_(z_pT_Bin_12)_(MultiDim_Q2_y_z_pT_phi_h)[0m (Histo Num 47730)
Fitting for: [1m(MultiDim_5D_Histo)_(RC_Bayesian)_(SMEAR=Smear)_(Q2_y_Bin_13)_(z_pT_Bin_13)_(MultiDim_Q2_y_z_pT_phi_h)[0m (Histo Num 47731)
Fitting for: [1m(MultiDim_5D_Histo)_(RC_Bayesian)_(SMEAR=Smear)_(Q2_y_Bin_13)_(z_pT_Bin_14)_(MultiDim_Q2_y_z_pT_phi_h)[0m (Histo Num 47732)
Fitting for: [1m(MultiDim_5D_Histo)_(RC_Bayesian)_(SMEAR=Smear)_(Q2_y_Bin_13)_(z_pT_Bin_15)_(MultiDim_Q2_y_z_pT_phi_h)[0m (Histo Num 47733)
Fitting for: [1m(MultiDim_5D_Histo)_(RC_Bayesian)_(SMEAR=Smear)_(Q2_y_Bin_13)_(z_pT_Bin_16)_(MultiDim_Q2_y_z_pT_phi_h)[0m (Histo Num 47734)
Fitting for: [1m(MultiDim_5D_Histo)_(RC_Bayesian)_(SMEAR=Smear)_(Q2_y_Bin_13)_(z_pT_Bin_17)_(MultiDim_Q2_y_z_pT_phi_h)[0m (Histo Num 47735)
Fitting for: [1m(MultiDim_5D_Histo)_(RC_Bayesian)_(SMEAR=Smear)_(Q2_y_Bin_13)_(z_pT_Bin_18)_(MultiDim_Q2_y_z_pT_phi_h)[0m (Histo Num 47736)
Fitting for: [1m(MultiDim_5D_Histo)_(RC_Bayesian)_(SMEAR=Smear)_(Q2_y_Bin_13)_(z_pT_Bin_19)_(MultiDim_Q2_y_z_pT_phi_h)[0m (Histo Num 47737)
Fitting for: [1m(MultiDim_5D_Histo)_(RC_Bayesian)_(SMEAR=Smear)_(Q2_y_Bin_13)_(z_pT_Bin_21)_(MultiDim_Q2_y_z_pT_phi_h)[0m (Histo Num 47738)
Fitting for: [1m(MultiDim_5D_Histo)_(RC_Bayesian)_(SMEAR=Smear)_(Q2_y_Bin_13)_(z_pT_Bin_22)_(MultiDim_Q2_y_z_pT_phi_h)[0m (Histo Num 47739)
Fitting for: [1m(MultiDim_5D_Histo)_(RC_Bayesian)_(SMEAR=Smear)_(Q2_y_Bin_13)_(z_pT_Bin_23)_(MultiDim_Q2_y_z_pT_phi_h)[0m (Histo Num 47740)
Fitting for: [1m(MultiDim_5D_Histo)_(RC_Bayesian)_(SMEAR=Smear)_(Q2_y_Bin_13)_(z_pT_Bin_24)_(MultiDim_Q2_y_z_pT_phi_h)[0m (Histo Num 47741)
Fitting for: [1m(MultiDim_5D_Histo)_(RC_Bayesian)_(SMEAR=Smear)_(Q2_y_Bin_13)_(z_pT_Bin_26)_(MultiDim_Q2_y_z_pT_phi_h)[0m (Histo Num 47742)
Fitting for: [1m(MultiDim_5D_Histo)_(RC_Bayesian)_(SMEAR=Smear)_(Q2_y_Bin_13)_(z_pT_Bin_27)_(MultiDim_Q2_y_z_pT_phi_h)[0m (Histo Num 47743)
Fitting for: [1m(MultiDim_5D_Histo)_(RC_Bayesian)_(SMEAR=Smear)_(Q2_y_Bin_13)_(z_pT_Bin_28)_(MultiDim_Q2_y_z_pT_phi_h)[0m (Histo Num 47744)
Fitting for: [1m(MultiDim_5D_Histo)_(RC_Bayesian)_(SMEAR=Smear)_(Q2_y_Bin_14)_(z_pT_Bin_1)_(MultiDim_Q2_y_z_pT_phi_h)[0m (Histo Num 47746)
Fitting for: [1m(MultiDim_5D_Histo)_(RC_Bayesian)_(SMEAR=Smear)_(Q2_y_Bin_14)_(z_pT_Bin_2)_(MultiDim_Q2_y_z_pT_phi_h)[0m (Histo Num 47747)
Fitting for: [1m(MultiDim_5D_Histo)_(RC_Bayesian)_(SMEAR=Smear)_(Q2_y_Bin_14)_(z_pT_Bin_3)_(MultiDim_Q2_y_z_pT_phi_h)[0m (Histo Num 47748)
Fitting for: [1m(MultiDim_5D_Histo)_(RC_Bayesian)_(SMEAR=Smear)_(Q2_y_Bin_14)_(z_pT_Bin_4)_(MultiDim_Q2_y_z_pT_phi_h)[0m (Histo Num 47749)
Fitting for: [1m(MultiDim_5D_Histo)_(RC_Bayesian)_(SMEAR=Smear)_(Q2_y_Bin_14)_(z_pT_Bin_5)_(MultiDim_Q2_y_z_pT_phi_h)[0m (Histo Num 47750)
Fitting for: [1m(MultiDim_5D_Histo)_(RC_Bayesian)_(SMEAR=Smear)_(Q2_y_Bin_14)_(z_pT_Bin_7)_(MultiDim_Q2_y_z_pT_phi_h)[0m (Histo Num 47751)
Fitting for: [1m(MultiDim_5D_Histo)_(RC_Bayesian)_(SMEAR=Smear)_(Q2_y_Bin_14)_(z_pT_Bin_8)_(MultiDim_Q2_y_z_pT_phi_h)[0m (Histo Num 47752)
Fitting for: [1m(MultiDim_5D_Histo)_(RC_Bayesian)_(SMEAR=Smear)_(Q2_y_Bin_14)_(z_pT_Bin_9)_(MultiDim_Q2_y_z_pT_phi_h)[0m (Histo Num 47753)
Fitting for: [1m(MultiDim_5D_Histo)_(RC_Bayesian)_(SMEAR=Smear)_(Q2_y_Bin_14)_(z_pT_Bin_10)_(MultiDim_Q2_y_z_pT_phi_h)[0m (Histo Num 47754)
Fitting for: [1m(MultiDim_5D_Histo)_(RC_Bayesian)_(SMEAR=Smear)_(Q2_y_Bin_14)_(z_pT_Bin_11)_(MultiDim_Q2_y_z_pT_phi_h)[0m (Histo Num 47755)
Fitting for: [1m(MultiDim_5D_Histo)_(RC_Bayesian)_(SMEAR=Smear)_(Q2_y_Bin_14)_(z_pT_Bin_12)_(MultiDim_Q2_y_z_pT_phi_h)[0m (Histo Num 47756)
Fitting for: [1m(MultiDim_5D_Histo)_(RC_Bayesian)_(SMEAR=Smear)_(Q2_y_Bin_14)_(z_pT_Bin_13)_(MultiDim_Q2_y_z_pT_phi_h)[0m (Histo Num 47757)
Fitting for: [1m(MultiDim_5D_Histo)_(RC_Bayesian)_(SMEAR=Smear)_(Q2_y_Bin_14)_(z_pT_Bin_14)_(MultiDim_Q2_y_z_pT_phi_h)[0m (Histo Num 47758)
Fitting for: [1m(MultiDim_5D_Histo)_(RC_Bayesian)_(SMEAR=Smear)_(Q2_y_Bin_14)_(z_pT_Bin_15)_(MultiDim_Q2_y_z_pT_phi_h)[0m (Histo Num 47759)
Fitting for: [1m(MultiDim_5D_Histo)_(RC_Bayesian)_(SMEAR=Smear)_(Q2_y_Bin_14)_(z_pT_Bin_16)_(MultiDim_Q2_y_z_pT_phi_h)[0m (Histo Num 47760)
Fitting for: [1m(MultiDim_5D_Histo)_(RC_Bayesian)_(SMEAR=Smear)_(Q2_y_Bin_14)_(z_pT_Bin_17)_(MultiDim_Q2_y_z_pT_phi_h)[0m (Histo Num 47761)
Fitting for: [1m(MultiDim_5D_Histo)_(RC_Bayesian)_(SMEAR=Smear)_(Q2_y_Bin_14)_(z_pT_Bin_18)_(MultiDim_Q2_y_z_pT_phi_h)[0m (Histo Num 47762)
Fitting for: [1m(MultiDim_5D_Histo)_(RC_Bayesian)_(SMEAR=Smear)_(Q2_y_Bin_14)_(z_pT_Bin_19)_(MultiDim_Q2_y_z_pT_phi_h)[0m (Histo Num 47763)
Fitting for: [1m(MultiDim_5D_Histo)_(RC_Bayesian)_(SMEAR=Smear)_(Q2_y_Bin_14)_(z_pT_Bin_20)_(MultiDim_Q2_y_z_pT_phi_h)[0m (Histo Num 47764)
Fitting for: [1m(MultiDim_5D_Histo)_(RC_Bayesian)_(SMEAR=Smear)_(Q2_y_Bin_14)_(z_pT_Bin_21)_(MultiDim_Q2_y_z_pT_phi_h)[0m (Histo Num 47765)
Fitting for: [1m(MultiDim_5D_Histo)_(RC_Bayesian)_(SMEAR=Smear)_(Q2_y_Bin_14)_(z_pT_Bin_22)_(MultiDim_Q2_y_z_pT_phi_h)[0m (Histo Num 47766)
Fitting for: [1m(MultiDim_5D_Histo)_(RC_Bayesian)_(SMEAR=Smear)_(Q2_y_Bin_14)_(z_pT_Bin_23)_(MultiDim_Q2_y_z_pT_phi_h)[0m (Histo Num 47767)
Fitting for: [1m(MultiDim_5D_Histo)_(RC_Bayesian)_(SMEAR=Smear)_(Q2_y_Bin_14)_(z_pT_Bin_25)_(MultiDim_Q2_y_z_pT_phi_h)[0m (Histo Num 47768)
Fitting for: [1m(MultiDim_5D_Histo)_(RC_Bayesian)_(SMEAR=Smear)_(Q2_y_Bin_14)_(z_pT_Bin_26)_(MultiDim_Q2_y_z_pT_phi_h)[0m (Histo Num 47769)
Fitting for: [1m(MultiDim_5D_Histo)_(RC_Bayesian)_(SMEAR=Smear)_(Q2_y_Bin_14)_(z_pT_Bin_27)_(MultiDim_Q2_y_z_pT_phi_h)[0m (Histo Num 47770)
Fitting for: [1m(MultiDim_5D_Histo)_(RC_Bayesian)_(SMEAR=Smear)_(Q2_y_Bin_14)_(z_pT_Bin_28)_(MultiDim_Q2_y_z_pT_phi_h)[0m (Histo Num 47771)
Fitting for: [1m(MultiDim_5D_Histo)_(RC_Bayesian)_(SMEAR=Smear)_(Q2_y_Bin_14)_(z_pT_Bin_29)_(MultiDim_Q2_y_z_pT_phi_h)[0m (Histo Num 47772)
Fitting for: [1m(MultiDim_5D_Histo)_(RC_Bayesian)_(SMEAR=Smear)_(Q2_y_Bin_14)_(z_pT_Bin_31)_(MultiDim_Q2_y_z_pT_phi_h)[0m (Histo Num 47773)
Fitting for: [1m(MultiDim_5D_Histo)_(RC_Bayesian)_(SMEAR=Smear)_(Q2_y_Bin_14)_(z_pT_Bin_32)_(MultiDim_Q2_y_z_pT_phi_h)[0m (Histo Num 47774)
Fitting for: [1m(MultiDim_5D_Histo)_(RC_Bayesian)_(SMEAR=Smear)_(Q2_y_Bin_14)_(z_pT_Bin_33)_(MultiDim_Q2_y_z_pT_phi_h)[0m (Histo Num 47775)
Fitting for: [1m(MultiDim_5D_Histo)_(RC_Bayesian)_(SMEAR=Smear)_(Q2_y_Bin_14)_(z_pT_Bin_34)_(MultiDim_Q2_y_z_pT_phi_h)[0m (Histo Num 47776)
Fitting for: [1m(MultiDim_5D_Histo)_(RC_Bayesian)_(SMEAR=Smear)_(Q2_y_Bin_15)_(z_pT_Bin_1)_(MultiDim_Q2_y_z_pT_phi_h)[0m (Histo Num 47778)
Fitting for: [1m(MultiDim_5D_Histo)_(RC_Bayesian)_(SMEAR=Smear)_(Q2_y_Bin_15)_(z_pT_Bin_2)_(MultiDim_Q2_y_z_pT_phi_h)[0m (Histo Num 47779)
Fitting for: [1m(MultiDim_5D_Histo)_(RC_Bayesian)_(SMEAR=Smear)_(Q2_y_Bin_15)_(z_pT_Bin_3)_(MultiDim_Q2_y_z_pT_phi_h)[0m (Histo Num 47780)
Fitting for: [1m(MultiDim_5D_Histo)_(RC_Bayesian)_(SMEAR=Smear)_(Q2_y_Bin_15)_(z_pT_Bin_4)_(MultiDim_Q2_y_z_pT_phi_h)[0m (Histo Num 47781)
Fitting for: [1m(MultiDim_5D_Histo)_(RC_Bayesian)_(SMEAR=Smear)_(Q2_y_Bin_15)_(z_pT_Bin_6)_(MultiDim_Q2_y_z_pT_phi_h)[0m (Histo Num 47782)
Fitting for: [1m(MultiDim_5D_Histo)_(RC_Bayesian)_(SMEAR=Smear)_(Q2_y_Bin_15)_(z_pT_Bin_7)_(MultiDim_Q2_y_z_pT_phi_h)[0m (Histo Num 47783)
Fitting for: [1m(MultiDim_5D_Histo)_(RC_Bayesian)_(SMEAR=Smear)_(Q2_y_Bin_15)_(z_pT_Bin_8)_(MultiDim_Q2_y_z_pT_phi_h)[0m (Histo Num 47784)
Fitting for: [1m(MultiDim_5D_Histo)_(RC_Bayesian)_(SMEAR=Smear)_(Q2_y_Bin_15)_(z_pT_Bin_9)_(MultiDim_Q2_y_z_pT_phi_h)[0m (Histo Num 47785)
Fitting for: [1m(MultiDim_5D_Histo)_(RC_Bayesian)_(SMEAR=Smear)_(Q2_y_Bin_15)_(z_pT_Bin_10)_(MultiDim_Q2_y_z_pT_phi_h)[0m (Histo Num 47786)
Fitting for: [1m(MultiDim_5D_Histo)_(RC_Bayesian)_(SMEAR=Smear)_(Q2_y_Bin_15)_(z_pT_Bin_11)_(MultiDim_Q2_y_z_pT_phi_h)[0m (Histo Num 47787)
Fitting for: [1m(MultiDim_5D_Histo)_(RC_Bayesian)_(SMEAR=Smear)_(Q2_y_Bin_15)_(z_pT_Bin_12)_(MultiDim_Q2_y_z_pT_phi_h)[0m (Histo Num 47788)
Fitting for: [1m(MultiDim_5D_Histo)_(RC_Bayesian)_(SMEAR=Smear)_(Q2_y_Bin_15)_(z_pT_Bin_13)_(MultiDim_Q2_y_z_pT_phi_h)[0m (Histo Num 47789)
Fitting for: [1m(MultiDim_5D_Histo)_(RC_Bayesian)_(SMEAR=Smear)_(Q2_y_Bin_15)_(z_pT_Bin_14)_(MultiDim_Q2_y_z_pT_phi_h)[0m (Histo Num 47790)
Fitting for: [1m(MultiDim_5D_Histo)_(RC_Bayesian)_(SMEAR=Smear)_(Q2_y_Bin_15)_(z_pT_Bin_15)_(MultiDim_Q2_y_z_pT_phi_h)[0m (Histo Num 47791)
Fitting for: [1m(MultiDim_5D_Histo)_(RC_Bayesian)_(SMEAR=Smear)_(Q2_y_Bin_15)_(z_pT_Bin_16)_(MultiDim_Q2_y_z_pT_phi_h)[0m (Histo Num 47792)
Fitting for: [1m(MultiDim_5D_Histo)_(RC_Bayesian)_(SMEAR=Smear)_(Q2_y_Bin_15)_(z_pT_Bin_17)_(MultiDim_Q2_y_z_pT_phi_h)[0m (Histo Num 47793)
Fitting for: [1m(MultiDim_5D_Histo)_(RC_Bayesian)_(SMEAR=Smear)_(Q2_y_Bin_15)_(z_pT_Bin_18)_(MultiDim_Q2_y_z_pT_phi_h)[0m (Histo Num 47794)
Fitting for: [1m(MultiDim_5D_Histo)_(RC_Bayesian)_(SMEAR=Smear)_(Q2_y_Bin_15)_(z_pT_Bin_19)_(MultiDim_Q2_y_z_pT_phi_h)[0m (Histo Num 47795)
Fitting for: [1m(MultiDim_5D_Histo)_(RC_Bayesian)_(SMEAR=Smear)_(Q2_y_Bin_15)_(z_pT_Bin_21)_(MultiDim_Q2_y_z_pT_phi_h)[0m (Histo Num 47796)
Fitting for: [1m(MultiDim_5D_Histo)_(RC_Bayesian)_(SMEAR=Smear)_(Q2_y_Bin_15)_(z_pT_Bin_22)_(MultiDim_Q2_y_z_pT_phi_h)[0m (Histo Num 47797)
Fitting for: [1m(MultiDim_5D_Histo)_(RC_Bayesian)_(SMEAR=Smear)_(Q2_y_Bin_15)_(z_pT_Bin_23)_(MultiDim_Q2_y_z_pT_phi_h)[0m (Histo Num 47798)
Fitting for: [1m(MultiDim_5D_Histo)_(RC_Bayesian)_(SMEAR=Smear)_(Q2_y_Bin_15)_(z_pT_Bin_24)_(MultiDim_Q2_y_z_pT_phi_h)[0m (Histo Num 47799)
Fitting for: [1m(MultiDim_5D_Histo)_(RC_Bayesian)_(SMEAR=Smear)_(Q2_y_Bin_16)_(z_pT_Bin_1)_(MultiDim_Q2_y_z_pT_phi_h)[0m (Histo Num 47801)
Fitting for: [1m(MultiDim_5D_Histo)_(RC_Bayesian)_(SMEAR=Smear)_(Q2_y_Bin_16)_(z_pT_Bin_2)_(MultiDim_Q2_y_z_pT_phi_h)[0m (Histo Num 47802)
Fitting for: [1m(MultiDim_5D_Histo)_(RC_Bayesian)_(SMEAR=Smear)_(Q2_y_Bin_16)_(z_pT_Bin_3)_(MultiDim_Q2_y_z_pT_phi_h)[0m (Histo Num 47803)
Fitting for: [1m(MultiDim_5D_Histo)_(RC_Bayesian)_(SMEAR=Smear)_(Q2_y_Bin_16)_(z_pT_Bin_4)_(MultiDim_Q2_y_z_pT_phi_h)[0m (Histo Num 47804)
Fitting for: [1m(MultiDim_5D_Histo)_(RC_Bayesian)_(SMEAR=Smear)_(Q2_y_Bin_16)_(z_pT_Bin_5)_(MultiDim_Q2_y_z_pT_phi_h)[0m (Histo Num 47805)
Fitting for: [1m(MultiDim_5D_Histo)_(RC_Bayesian)_(SMEAR=Smear)_(Q2_y_Bin_16)_(z_pT_Bin_6)_(MultiDim_Q2_y_z_pT_phi_h)[0m (Histo Num 47806)
Fitting for: [1m(MultiDim_5D_Histo)_(RC_Bayesian)_(SMEAR=Smear)_(Q2_y_Bin_16)_(z_pT_Bin_7)_(MultiDim_Q2_y_z_pT_phi_h)[0m (Histo Num 47807)
Fitting for: [1m(MultiDim_5D_Histo)_(RC_Bayesian)_(SMEAR=Smear)_(Q2_y_Bin_16)_(z_pT_Bin_8)_(MultiDim_Q2_y_z_pT_phi_h)[0m (Histo Num 47808)
Fitting for: [1m(MultiDim_5D_Histo)_(RC_Bayesian)_(SMEAR=Smear)_(Q2_y_Bin_16)_(z_pT_Bin_9)_(MultiDim_Q2_y_z_pT_phi_h)[0m (Histo Num 47809)
Fitting for: [1m(MultiDim_5D_Histo)_(RC_Bayesian)_(SMEAR=Smear)_(Q2_y_Bin_16)_(z_pT_Bin_10)_(MultiDim_Q2_y_z_pT_phi_h)[0m (Histo Num 47810)
Fitting for: [1m(MultiDim_5D_Histo)_(RC_Bayesian)_(SMEAR=Smear)_(Q2_y_Bin_16)_(z_pT_Bin_11)_(MultiDim_Q2_y_z_pT_phi_h)[0m (Histo Num 47811)
Fitting for: [1m(MultiDim_5D_Histo)_(RC_Bayesian)_(SMEAR=Smear)_(Q2_y_Bin_16)_(z_pT_Bin_12)_(MultiDim_Q2_y_z_pT_phi_h)[0m (Histo Num 47812)
Fitting for: [1m(MultiDim_5D_Histo)_(RC_Bayesian)_(SMEAR=Smear)_(Q2_y_Bin_16)_(z_pT_Bin_13)_(MultiDim_Q2_y_z_pT_phi_h)[0m (Histo Num 47813)
Fitting for: [1m(MultiDim_5D_Histo)_(RC_Bayesian)_(SMEAR=Smear)_(Q2_y_Bin_16)_(z_pT_Bin_14)_(MultiDim_Q2_y_z_pT_phi_h)[0m (Histo Num 47814)
Fitting for: [1m(MultiDim_5D_Histo)_(RC_Bayesian)_(SMEAR=Smear)_(Q2_y_Bin_16)_(z_pT_Bin_15)_(MultiDim_Q2_y_z_pT_phi_h)[0m (Histo Num 47815)
Fitting for: [1m(MultiDim_5D_Histo)_(RC_Bayesian)_(SMEAR=Smear)_(Q2_y_Bin_16)_(z_pT_Bin_16)_(MultiDim_Q2_y_z_pT_phi_h)[0m (Histo Num 47816)
Fitting for: [1m(MultiDim_5D_Histo)_(RC_Bayesian)_(SMEAR=Smear)_(Q2_y_Bin_16)_(z_pT_Bin_17)_(MultiDim_Q2_y_z_pT_phi_h)[0m (Histo Num 47817)
Fitting for: [1m(MultiDim_5D_Histo)_(RC_Bayesian)_(SMEAR=Smear)_(Q2_y_Bin_16)_(z_pT_Bin_19)_(MultiDim_Q2_y_z_pT_phi_h)[0m (Histo Num 47818)
Fitting for: [1m(MultiDim_5D_Histo)_(RC_Bayesian)_(SMEAR=Smear)_(Q2_y_Bin_16)_(z_pT_Bin_20)_(MultiDim_Q2_y_z_pT_phi_h)[0m (Histo Num 47819)
Fitting for: [1m(MultiDim_5D_Histo)_(RC_Bayesian)_(SMEAR=Smear)_(Q2_y_Bin_16)_(z_pT_Bin_21)_(MultiDim_Q2_y_z_pT_phi_h)[0m (Histo Num 47820)
Fitting for: [1m(MultiDim_5D_Histo)_(RC_Bayesian)_(SMEAR=Smear)_(Q2_y_Bin_16)_(z_pT_Bin_22)_(MultiDim_Q2_y_z_pT_phi_h)[0m (Histo Num 47821)
Fitting for: [1m(MultiDim_5D_Histo)_(RC_Bayesian)_(SMEAR=Smear)_(Q2_y_Bin_16)_(z_pT_Bin_25)_(MultiDim_Q2_y_z_pT_phi_h)[0m (Histo Num 47822)
Fitting for: [1m(MultiDim_5D_Histo)_(RC_Bayesian)_(SMEAR=Smear)_(Q2_y_Bin_16)_(z_pT_Bin_26)_(MultiDim_Q2_y_z_pT_phi_h)[0m (Histo Num 47823)
Fitting for: [1m(MultiDim_5D_Histo)_(RC_Bayesian)_(SMEAR=Smear)_(Q2_y_Bin_16)_(z_pT_Bin_27)_(MultiDim_Q2_y_z_pT_phi_h)[0m (Histo Num 47824)
Fitting for: [1m(MultiDim_5D_Histo)_(RC_Bayesian)_(SMEAR=Smear)_(Q2_y_Bin_17)_(z_pT_Bin_1)_(MultiDim_Q2_y_z_pT_phi_h)[0m (Histo Num 47826)
Fitting for: [1m(MultiDim_5D_Histo)_(RC_Bayesian)_(SMEAR=Smear)_(Q2_y_Bin_17)_(z_pT_Bin_2)_(MultiDim_Q2_y_z_pT_phi_h)[0m (Histo Num 47827)
Fitting for: [1m(MultiDim_5D_Histo)_(RC_Bayesian)_(SMEAR=Smear)_(Q2_y_Bin_17)_(z_pT_Bin_3)_(MultiDim_Q2_y_z_pT_phi_h)[0m (Histo Num 47828)
Fitting for: [1m(MultiDim_5D_Histo)_(RC_Bayesian)_(SMEAR=Smear)_(Q2_y_Bin_17)_(z_pT_Bin_4)_(MultiDim_Q2_y_z_pT_phi_h)[0m (Histo Num 47829)
Fitting for: [1m(MultiDim_5D_Histo)_(RC_Bayesian)_(SMEAR=Smear)_(Q2_y_Bin_17)_(z_pT_Bin_5)_(MultiDim_Q2_y_z_pT_phi_h)[0m (Histo Num 47830)
Fitting for: [1m(MultiDim_5D_Histo)_(RC_Bayesian)_(SMEAR=Smear)_(Q2_y_Bin_17)_(z_pT_Bin_7)_(MultiDim_Q2_y_z_pT_phi_h)[0m (Histo Num 47831)
Fitting for: [1m(MultiDim_5D_Histo)_(RC_Bayesian)_(SMEAR=Smear)_(Q2_y_Bin_17)_(z_pT_Bin_8)_(MultiDim_Q2_y_z_pT_phi_h)[0m (Histo Num 47832)
Fitting for: [1m(MultiDim_5D_Histo)_(RC_Bayesian)_(SMEAR=Smear)_(Q2_y_Bin_17)_(z_pT_Bin_9)_(MultiDim_Q2_y_z_pT_phi_h)[0m (Histo Num 47833)
Fitting for: [1m(MultiDim_5D_Histo)_(RC_Bayesian)_(SMEAR=Smear)_(Q2_y_Bin_17)_(z_pT_Bin_10)_(MultiDim_Q2_y_z_pT_phi_h)[0m (Histo Num 47834)
Fitting for: [1m(MultiDim_5D_Histo)_(RC_Bayesian)_(SMEAR=Smear)_(Q2_y_Bin_17)_(z_pT_Bin_11)_(MultiDim_Q2_y_z_pT_phi_h)[0m (Histo Num 47835)
Fitting for: [1m(MultiDim_5D_Histo)_(RC_Bayesian)_(SMEAR=Smear)_(Q2_y_Bin_17)_(z_pT_Bin_12)_(MultiDim_Q2_y_z_pT_phi_h)[0m (Histo Num 47836)Fit:0: RuntimeWarning: Fit data is empty 
Fit:0: RuntimeWarning: Fit data is empty 
Fit:0: RuntimeWarning: Fit data is empty 
Fit:0: RuntimeWarning: Fit data is empty 
Fit:0: RuntimeWarning: Fit data is empty 
Fit:0: RuntimeWarning: Fit data is empty 
Fit:0: RuntimeWarning: Fit data is empty 
Fit:0: RuntimeWarning: Fit data is empty 

Fitting for: [1m(MultiDim_5D_Histo)_(RC_Bayesian)_(SMEAR=Smear)_(Q2_y_Bin_17)_(z_pT_Bin_13)_(MultiDim_Q2_y_z_pT_phi_h)[0m (Histo Num 47837)
Fitting for: [1m(MultiDim_5D_Histo)_(RC_Bayesian)_(SMEAR=Smear)_(Q2_y_Bin_17)_(z_pT_Bin_14)_(MultiDim_Q2_y_z_pT_phi_h)[0m (Histo Num 47838)
Fitting for: [1m(MultiDim_5D_Histo)_(RC_Bayesian)_(SMEAR=Smear)_(Q2_y_Bin_17)_(z_pT_Bin_15)_(MultiDim_Q2_y_z_pT_phi_h)[0m (Histo Num 47839)
Fitting for: [1m(MultiDim_5D_Histo)_(RC_Bayesian)_(SMEAR=Smear)_(Q2_y_Bin_17)_(z_pT_Bin_16)_(MultiDim_Q2_y_z_pT_phi_h)[0m (Histo Num 47840)
Fitting for: [1m(MultiDim_5D_Histo)_(RC_Bayesian)_(SMEAR=Smear)_(Q2_y_Bin_17)_(z_pT_Bin_17)_(MultiDim_Q2_y_z_pT_phi_h)[0m (Histo Num 47841)
Fitting for: [1m(MultiDim_5D_Histo)_(RC_Bayesian)_(SMEAR=Smear)_(Q2_y_Bin_17)_(z_pT_Bin_18)_(MultiDim_Q2_y_z_pT_phi_h)[0m (Histo Num 47842)
Fitting for: [1m(MultiDim_5D_Histo)_(RC_Bayesian)_(SMEAR=Smear)_(Q2_y_Bin_17)_(z_pT_Bin_19)_(MultiDim_Q2_y_z_pT_phi_h)[0m (Histo Num 47843)
Fitting for: [1m(MultiDim_5D_Histo)_(RC_Bayesian)_(SMEAR=Smear)_(Q2_y_Bin_17)_(z_pT_Bin_20)_(MultiDim_Q2_y_z_pT_phi_h)[0m (Histo Num 47844)
Fitting for: [1m(MultiDim_5D_Histo)_(RC_Bayesian)_(SMEAR=Smear)_(Q2_y_Bin_17)_(z_pT_Bin_21)_(MultiDim_Q2_y_z_pT_phi_h)[0m (Histo Num 47845)
Fitting for: [1m(MultiDim_5D_Histo)_(RC_Bayesian)_(SMEAR=Smear)_(Q2_y_Bin_17)_(z_pT_Bin_22)_(MultiDim_Q2_y_z_pT_phi_h)[0m (Histo Num 47846)
Fitting for: [1m(MultiDim_5D_Histo)_(RC_Bayesian)_(SMEAR=Smear)_(Q2_y_Bin_17)_(z_pT_Bin_23)_(MultiDim_Q2_y_z_pT_phi_h)[0m (Histo Num 47847)
Fitting for: [1m(MultiDim_5D_Histo)_(RC_Bayesian)_(SMEAR=Smear)_(Q2_y_Bin_17)_(z_pT_Bin_25)_(MultiDim_Q2_y_z_pT_phi_h)[0m (Histo Num 47848)
Fitting for: [1m(MultiDim_5D_Histo)_(RC_Bayesian)_(SMEAR=Smear)_(Q2_y_Bin_17)_(z_pT_Bin_26)_(MultiDim_Q2_y_z_pT_phi_h)[0m (Histo Num 47849)
Fitting for: [1m(MultiDim_5D_Histo)_(RC_Bayesian)_(SMEAR=Smear)_(Q2_y_Bin_17)_(z_pT_Bin_27)_(MultiDim_Q2_y_z_pT_phi_h)[0m (Histo Num 47850)
Fitting for: [1m(MultiDim_5D_Histo)_(RC_Bayesian)_(SMEAR=Smear)_(Q2_y_Bin_17)_(z_pT_Bin_28)_(MultiDim_Q2_y_z_pT_phi_h)[0m (Histo Num 47851)
Fitting for: [1m(MultiDim_5D_Histo)_(BC_RC_Bayesian)_(SMEAR=Smear)_(Q2_y_Bin_1)_(z_pT_Bin_1)_(MultiDim_Q2_y_z_pT_phi_h)[0m (Histo Num 47852)
Fitting for: [1m(MultiDim_5D_Histo)_(BC_RC_Bayesian)_(SMEAR=Smear)_(Q2_y_Bin_1)_(z_pT_Bin_2)_(MultiDim_Q2_y_z_pT_phi_h)[0m (Histo Num 47853)
Fitting for: [1m(MultiDim_5D_Histo)_(BC_RC_Bayesian)_(SMEAR=Smear)_(Q2_y_Bin_1)_(z_pT_Bin_3)_(MultiDim_Q2_y_z_pT_phi_h)[0m (Histo Num 47854)
Fitting for: [1m(MultiDim_5D_Histo)_(BC_RC_Bayesian)_(SMEAR=Smear)_(Q2_y_Bin_1)_(z_pT_Bin_4)_(MultiDim_Q2_y_z_pT_phi_h)[0m (Histo Num 47855)
Fitting for: [1m(MultiDim_5D_Histo)_(BC_RC_Bayesian)_(SMEAR=Smear)_(Q2_y_Bin_1)_(z_pT_Bin_5)_(MultiDim_Q2_y_z_pT_phi_h)[0m (Histo Num 47856)
Fitting for: [1m(MultiDim_5D_Histo)_(BC_RC_Bayesian)_(SMEAR=Smear)_(Q2_y_Bin_1)_(z_pT_Bin_6)_(MultiDim_Q2_y_z_pT_phi_h)[0m (Histo Num 47857)
Fitting for: [1m(MultiDim_5D_Histo)_(BC_RC_Bayesian)_(SMEAR=Smear)_(Q2_y_Bin_1)_(z_pT_Bin_7)_(MultiDim_Q2_y_z_pT_phi_h)[0m (Histo Num 47858)
Fitting for: [1m(MultiDim_5D_Histo)_(BC_RC_Bayesian)_(SMEAR=Smear)_(Q2_y_Bin_1)_(z_pT_Bin_8)_(MultiDim_Q2_y_z_pT_phi_h)[0m (Histo Num 47859)
Fitting for: [1m(MultiDim_5D_Histo)_(BC_RC_Bayesian)_(SMEAR=Smear)_(Q2_y_Bin_1)_(z_pT_Bin_9)_(MultiDim_Q2_y_z_pT_phi_h)[0m (Histo Num 47860)
Fitting for: [1m(MultiDim_5D_Histo)_(BC_RC_Bayesian)_(SMEAR=Smear)_(Q2_y_Bin_1)_(z_pT_Bin_10)_(MultiDim_Q2_y_z_pT_phi_h)[0m (Histo Num 47861)
Fitting for: [1m(MultiDim_5D_Histo)_(BC_RC_Bayesian)_(SMEAR=Smear)_(Q2_y_Bin_1)_(z_pT_Bin_11)_(MultiDim_Q2_y_z_pT_phi_h)[0m (Histo Num 47862)
Fitting for: [1m(MultiDim_5D_Histo)_(BC_RC_Bayesian)_(SMEAR=Smear)_(Q2_y_Bin_1)_(z_pT_Bin_12)_(MultiDim_Q2_y_z_pT_phi_h)[0m (Histo Num 47863)
Fitting for: [1m(MultiDim_5D_Histo)_(BC_RC_Bayesian)_(SMEAR=Smear)_(Q2_y_Bin_1)_(z_pT_Bin_13)_(MultiDim_Q2_y_z_pT_phi_h)[0m (Histo Num 47864)
Fitting for: [1m(MultiDim_5D_Histo)_(BC_RC_Bayesian)_(SMEAR=Smear)_(Q2_y_Bin_1)_(z_pT_Bin_14)_(MultiDim_Q2_y_z_pT_phi_h)[0m (Histo Num 47865)
Fitting for: [1m(MultiDim_5D_Histo)_(BC_RC_Bayesian)_(SMEAR=Smear)_(Q2_y_Bin_1)_(z_pT_Bin_15)_(MultiDim_Q2_y_z_pT_phi_h)[0m (Histo Num 47866)
Fitting for: [1m(MultiDim_5D_Histo)_(BC_RC_Bayesian)_(SMEAR=Smear)_(Q2_y_Bin_1)_(z_pT_Bin_16)_(MultiDim_Q2_y_z_pT_phi_h)[0m (Histo Num 47867)
Fitting for: [1m(MultiDim_5D_Histo)_(BC_RC_Bayesian)_(SMEAR=Smear)_(Q2_y_Bin_1)_(z_pT_Bin_17)_(MultiDim_Q2_y_z_pT_phi_h)[0m (Histo Num 47868)
Fitting for: [1m(MultiDim_5D_Histo)_(BC_RC_Bayesian)_(SMEAR=Smear)_(Q2_y_Bin_1)_(z_pT_Bin_18)_(MultiDim_Q2_y_z_pT_phi_h)[0m (Histo Num 47869)
Fitting for: [1m(MultiDim_5D_Histo)_(BC_RC_Bayesian)_(SMEAR=Smear)_(Q2_y_Bin_1)_(z_pT_Bin_19)_(MultiDim_Q2_y_z_pT_phi_h)[0m (Histo Num 47870)
Fitting for: [1m(MultiDim_5D_Histo)_(BC_RC_Bayesian)_(SMEAR=Smear)_(Q2_y_Bin_1)_(z_pT_Bin_20)_(MultiDim_Q2_y_z_pT_phi_h)[0m (Histo Num 47871)
Fitting for: [1m(MultiDim_5D_Histo)_(BC_RC_Bayesian)_(SMEAR=Smear)_(Q2_y_Bin_1)_(z_pT_Bin_22)_(MultiDim_Q2_y_z_pT_phi_h)[0m (Histo Num 47872)
Fitting for: [1m(MultiDim_5D_Histo)_(BC_RC_Bayesian)_(SMEAR=Smear)_(Q2_y_Bin_1)_(z_pT_Bin_23)_(MultiDim_Q2_y_z_pT_phi_h)[0m (Histo Num 47873)
Fitting for: [1m(MultiDim_5D_Histo)_(BC_RC_Bayesian)_(SMEAR=Smear)_(Q2_y_Bin_1)_(z_pT_Bin_24)_(MultiDim_Q2_y_z_pT_phi_h)[0m (Histo Num 47874)
Fitting for: [1m(MultiDim_5D_Histo)_(BC_RC_Bayesian)_(SMEAR=Smear)_(Q2_y_Bin_1)_(z_pT_Bin_25)_(MultiDim_Q2_y_z_pT_phi_h)[0m (Histo Num 47875)
Fitting for: [1m(MultiDim_5D_Histo)_(BC_RC_Bayesian)_(SMEAR=Smear)_(Q2_y_Bin_1)_(z_pT_Bin_26)_(MultiDim_Q2_y_z_pT_phi_h)[0m (Histo Num 47876)
Fitting for: [1m(MultiDim_5D_Histo)_(BC_RC_Bayesian)_(SMEAR=Smear)_(Q2_y_Bin_1)_(z_pT_Bin_29)_(MultiDim_Q2_y_z_pT_phi_h)[0m (Histo Num 47877)
Fitting for: [1m(MultiDim_5D_Histo)_(BC_RC_Bayesian)_(SMEAR=Smear)_(Q2_y_Bin_1)_(z_pT_Bin_30)_(MultiDim_Q2_y_z_pT_phi_h)[0m (Histo Num 47878)
Fitting for: [1m(MultiDim_5D_Histo)_(BC_RC_Bayesian)_(SMEAR=Smear)_(Q2_y_Bin_1)_(z_pT_Bin_31)_(MultiDim_Q2_y_z_pT_phi_h)[0m (Histo Num 47879)
Fitting for: [1m(MultiDim_5D_Histo)_(BC_RC_Bayesian)_(SMEAR=Smear)_(Q2_y_Bin_1)_(z_pT_Bin_32)_(MultiDim_Q2_y_z_pT_phi_h)[0m (Histo Num 47880)
Fitting for: [1m(MultiDim_5D_Histo)_(BC_RC_Bayesian)_(SMEAR=Smear)_(Q2_y_Bin_2)_(z_pT_Bin_1)_(MultiDim_Q2_y_z_pT_phi_h)[0m (Histo Num 47881)
Fitting for: [1m(MultiDim_5D_Histo)_(BC_RC_Bayesian)_(SMEAR=Smear)_(Q2_y_Bin_2)_(z_pT_Bin_2)_(MultiDim_Q2_y_z_pT_phi_h)[0m (Histo Num 47882)
Fitting for: [1m(MultiDim_5D_Histo)_(BC_RC_Bayesian)_(SMEAR=Smear)_(Q2_y_Bin_2)_(z_pT_Bin_3)_(MultiDim_Q2_y_z_pT_phi_h)[0m (Histo Num 47883)
Fitting for: [1m(MultiDim_5D_Histo)_(BC_RC_Bayesian)_(SMEAR=Smear)_(Q2_y_Bin_2)_(z_pT_Bin_4)_(MultiDim_Q2_y_z_pT_phi_h)[0m (Histo Num 47884)
Fitting for: [1m(MultiDim_5D_Histo)_(BC_RC_Bayesian)_(SMEAR=Smear)_(Q2_y_Bin_2)_(z_pT_Bin_5)_(MultiDim_Q2_y_z_pT_phi_h)[0m (Histo Num 47885)
Fitting for: [1m(MultiDim_5D_Histo)_(BC_RC_Bayesian)_(SMEAR=Smear)_(Q2_y_Bin_2)_(z_pT_Bin_6)_(MultiDim_Q2_y_z_pT_phi_h)[0m (Histo Num 47886)
Fitting for: [1m(MultiDim_5D_Histo)_(BC_RC_Bayesian)_(SMEAR=Smear)_(Q2_y_Bin_2)_(z_pT_Bin_7)_(MultiDim_Q2_y_z_pT_phi_h)[0m (Histo Num 47887)
Fitting for: [1m(MultiDim_5D_Histo)_(BC_RC_Bayesian)_(SMEAR=Smear)_(Q2_y_Bin_2)_(z_pT_Bin_8)_(MultiDim_Q2_y_z_pT_phi_h)[0m (Histo Num 47888)
Fitting for: [1m(MultiDim_5D_Histo)_(BC_RC_Bayesian)_(SMEAR=Smear)_(Q2_y_Bin_2)_(z_pT_Bin_9)_(MultiDim_Q2_y_z_pT_phi_h)[0m (Histo Num 47889)
Fitting for: [1m(MultiDim_5D_Histo)_(BC_RC_Bayesian)_(SMEAR=Smear)_(Q2_y_Bin_2)_(z_pT_Bin_10)_(MultiDim_Q2_y_z_pT_phi_h)[0m (Histo Num 47890)
Fitting for: [1m(MultiDim_5D_Histo)_(BC_RC_Bayesian)_(SMEAR=Smear)_(Q2_y_Bin_2)_(z_pT_Bin_11)_(MultiDim_Q2_y_z_pT_phi_h)[0m (Histo Num 47891)
Fitting for: [1m(MultiDim_5D_Histo)_(BC_RC_Bayesian)_(SMEAR=Smear)_(Q2_y_Bin_2)_(z_pT_Bin_12)_(MultiDim_Q2_y_z_pT_phi_h)[0m (Histo Num 47892)
Fitting for: [1m(MultiDim_5D_Histo)_(BC_RC_Bayesian)_(SMEAR=Smear)_(Q2_y_Bin_2)_(z_pT_Bin_13)_(MultiDim_Q2_y_z_pT_phi_h)[0m (Histo Num 47893)
Fitting for: [1m(MultiDim_5D_Histo)_(BC_RC_Bayesian)_(SMEAR=Smear)_(Q2_y_Bin_2)_(z_pT_Bin_14)_(MultiDim_Q2_y_z_pT_phi_h)[0m (Histo Num 47894)
Fitting for: [1m(MultiDim_5D_Histo)_(BC_RC_Bayesian)_(SMEAR=Smear)_(Q2_y_Bin_2)_(z_pT_Bin_15)_(MultiDim_Q2_y_z_pT_phi_h)[0m (Histo Num 47895)
Fitting for: [1m(MultiDim_5D_Histo)_(BC_RC_Bayesian)_(SMEAR=Smear)_(Q2_y_Bin_2)_(z_pT_Bin_16)_(MultiDim_Q2_y_z_pT_phi_h)[0m (Histo Num 47896)
Fitting for: [1m(MultiDim_5D_Histo)_(BC_RC_Bayesian)_(SMEAR=Smear)_(Q2_y_Bin_2)_(z_pT_Bin_17)_(MultiDim_Q2_y_z_pT_phi_h)[0m (Histo Num 47897)
Fitting for: [1m(MultiDim_5D_Histo)_(BC_RC_Bayesian)_(SMEAR=Smear)_(Q2_y_Bin_2)_(z_pT_Bin_18)_(MultiDim_Q2_y_z_pT_phi_h)[0m (Histo Num 47898)
Fitting for: [1m(MultiDim_5D_Histo)_(BC_RC_Bayesian)_(SMEAR=Smear)_(Q2_y_Bin_2)_(z_pT_Bin_19)_(MultiDim_Q2_y_z_pT_phi_h)[0m (Histo Num 47899)
Fitting for: [1m(MultiDim_5D_Histo)_(BC_RC_Bayesian)_(SMEAR=Smear)_(Q2_y_Bin_2)_(z_pT_Bin_20)_(MultiDim_Q2_y_z_pT_phi_h)[0m (Histo Num 47900)
Fitting for: [1m(MultiDim_5D_Histo)_(BC_RC_Bayesian)_(SMEAR=Smear)_(Q2_y_Bin_2)_(z_pT_Bin_21)_(MultiDim_Q2_y_z_pT_phi_h)[0m (Histo Num 47901)
Fitting for: [1m(MultiDim_5D_Histo)_(BC_RC_Bayesian)_(SMEAR=Smear)_(Q2_y_Bin_2)_(z_pT_Bin_22)_(MultiDim_Q2_y_z_pT_phi_h)[0m (Histo Num 47902)
Fitting for: [1m(MultiDim_5D_Histo)_(BC_RC_Bayesian)_(SMEAR=Smear)_(Q2_y_Bin_2)_(z_pT_Bin_23)_(MultiDim_Q2_y_z_pT_phi_h)[0m (Histo Num 47903)
Fitting for: [1m(MultiDim_5D_Histo)_(BC_RC_Bayesian)_(SMEAR=Smear)_(Q2_y_Bin_2)_(z_pT_Bin_25)_(MultiDim_Q2_y_z_pT_phi_h)[0m (Histo Num 47904)
Fitting for: [1m(MultiDim_5D_Histo)_(BC_RC_Bayesian)_(SMEAR=Smear)_(Q2_y_Bin_2)_(z_pT_Bin_26)_(MultiDim_Q2_y_z_pT_phi_h)[0m (Histo Num 47905)
Fitting for: [1m(MultiDim_5D_Histo)_(BC_RC_Bayesian)_(SMEAR=Smear)_(Q2_y_Bin_2)_(z_pT_Bin_27)_(MultiDim_Q2_y_z_pT_phi_h)[0m (Histo Num 47906)
Fitting for: [1m(MultiDim_5D_Histo)_(BC_RC_Bayesian)_(SMEAR=Smear)_(Q2_y_Bin_2)_(z_pT_Bin_28)_(MultiDim_Q2_y_z_pT_phi_h)[0m (Histo Num 47907)
Fitting for: [1m(MultiDim_5D_Histo)_(BC_RC_Bayesian)_(SMEAR=Smear)_(Q2_y_Bin_2)_(z_pT_Bin_29)_(MultiDim_Q2_y_z_pT_phi_h)[0m (Histo Num 47908)
Fitting for: [1m(MultiDim_5D_Histo)_(BC_RC_Bayesian)_(SMEAR=Smear)_(Q2_y_Bin_2)_(z_pT_Bin_31)_(MultiDim_Q2_y_z_pT_phi_h)[0m (Histo Num 47909)
Fitting for: [1m(MultiDim_5D_Histo)_(BC_RC_Bayesian)_(SMEAR=Smear)_(Q2_y_Bin_2)_(z_pT_Bin_32)_(MultiDim_Q2_y_z_pT_phi_h)[0m (Histo Num 47910)
Fitting for: [1m(MultiDim_5D_Histo)_(BC_RC_Bayesian)_(SMEAR=Smear)_(Q2_y_Bin_2)_(z_pT_Bin_33)_(MultiDim_Q2_y_z_pT_phi_h)[0m (Histo Num 47911)
Fitting for: [1m(MultiDim_5D_Histo)_(BC_RC_Bayesian)_(SMEAR=Smear)_(Q2_y_Bin_2)_(z_pT_Bin_34)_(MultiDim_Q2_y_z_pT_phi_h)[0m (Histo Num 47912)
Fitting for: [1m(MultiDim_5D_Histo)_(BC_RC_Bayesian)_(SMEAR=Smear)_(Q2_y_Bin_3)_(z_pT_Bin_1)_(MultiDim_Q2_y_z_pT_phi_h)[0m (Histo Num 47913)
Fitting for: [1m(MultiDim_5D_Histo)_(BC_RC_Bayesian)_(SMEAR=Smear)_(Q2_y_Bin_3)_(z_pT_Bin_2)_(MultiDim_Q2_y_z_pT_phi_h)[0m (Histo Num 47914)
Fitting for: [1m(MultiDim_5D_Histo)_(BC_RC_Bayesian)_(SMEAR=Smear)_(Q2_y_Bin_3)_(z_pT_Bin_3)_(MultiDim_Q2_y_z_pT_phi_h)[0m (Histo Num 47915)
Fitting for: [1m(MultiDim_5D_Histo)_(BC_RC_Bayesian)_(SMEAR=Smear)_(Q2_y_Bin_3)_(z_pT_Bin_4)_(MultiDim_Q2_y_z_pT_phi_h)[0m (Histo Num 47916)
Fitting for: [1m(MultiDim_5D_Histo)_(BC_RC_Bayesian)_(SMEAR=Smear)_(Q2_y_Bin_3)_(z_pT_Bin_5)_(MultiDim_Q2_y_z_pT_phi_h)[0m (Histo Num 47917)
Fitting for: [1m(MultiDim_5D_Histo)_(BC_RC_Bayesian)_(SMEAR=Smear)_(Q2_y_Bin_3)_(z_pT_Bin_7)_(MultiDim_Q2_y_z_pT_phi_h)[0m (Histo Num 47918)
Fitting for: [1m(MultiDim_5D_Histo)_(BC_RC_Bayesian)_(SMEAR=Smear)_(Q2_y_Bin_3)_(z_pT_Bin_8)_(MultiDim_Q2_y_z_pT_phi_h)[0m (Histo Num 47919)
Fitting for: [1m(MultiDim_5D_Histo)_(BC_RC_Bayesian)_(SMEAR=Smear)_(Q2_y_Bin_3)_(z_pT_Bin_9)_(MultiDim_Q2_y_z_pT_phi_h)[0m (Histo Num 47920)
Fitting for: [1m(MultiDim_5D_Histo)_(BC_RC_Bayesian)_(SMEAR=Smear)_(Q2_y_Bin_3)_(z_pT_Bin_10)_(MultiDim_Q2_y_z_pT_phi_h)[0m (Histo Num 47921)
Fitting for: [1m(MultiDim_5D_Histo)_(BC_RC_Bayesian)_(SMEAR=Smear)_(Q2_y_Bin_3)_(z_pT_Bin_11)_(MultiDim_Q2_y_z_pT_phi_h)[0m (Histo Num 47922)
Fitting for: [1m(MultiDim_5D_Histo)_(BC_RC_Bayesian)_(SMEAR=Smear)_(Q2_y_Bin_3)_(z_pT_Bin_12)_(MultiDim_Q2_y_z_pT_phi_h)[0m (Histo Num 47923)
Fitting for: [1m(MultiDim_5D_Histo)_(BC_RC_Bayesian)_(SMEAR=Smear)_(Q2_y_Bin_3)_(z_pT_Bin_13)_(MultiDim_Q2_y_z_pT_phi_h)[0m (Histo Num 47924)
Fitting for: [1m(MultiDim_5D_Histo)_(BC_RC_Bayesian)_(SMEAR=Smear)_(Q2_y_Bin_3)_(z_pT_Bin_14)_(MultiDim_Q2_y_z_pT_phi_h)[0m (Histo Num 47925)
Fitting for: [1m(MultiDim_5D_Histo)_(BC_RC_Bayesian)_(SMEAR=Smear)_(Q2_y_Bin_3)_(z_pT_Bin_15)_(MultiDim_Q2_y_z_pT_phi_h)[0m (Histo Num 47926)
Fitting for: [1m(MultiDim_5D_Histo)_(BC_RC_Bayesian)_(SMEAR=Smear)_(Q2_y_Bin_3)_(z_pT_Bin_16)_(MultiDim_Q2_y_z_pT_phi_h)[0m (Histo Num 47927)
Fitting for: [1m(MultiDim_5D_Histo)_(BC_RC_Bayesian)_(SMEAR=Smear)_(Q2_y_Bin_3)_(z_pT_Bin_17)_(MultiDim_Q2_y_z_pT_phi_h)[0m (Histo Num 47928)
Fitting for: [1m(MultiDim_5D_Histo)_(BC_RC_Bayesian)_(SMEAR=Smear)_(Q2_y_Bin_3)_(z_pT_Bin_18)_(MultiDim_Q2_y_z_pT_phi_h)[0m (Histo Num 47929)
Fitting for: [1m(MultiDim_5D_Histo)_(BC_RC_Bayesian)_(SMEAR=Smear)_(Q2_y_Bin_3)_(z_pT_Bin_19)_(MultiDim_Q2_y_z_pT_phi_h)[0m (Histo Num 47930)
Fitting for: [1m(MultiDim_5D_Histo)_(BC_RC_Bayesian)_(SMEAR=Smear)_(Q2_y_Bin_3)_(z_pT_Bin_20)_(MultiDim_Q2_y_z_pT_phi_h)[0m (Histo Num 47931)
Fitting for: [1m(MultiDim_5D_Histo)_(BC_RC_Bayesian)_(SMEAR=Smear)_(Q2_y_Bin_3)_(z_pT_Bin_21)_(MultiDim_Q2_y_z_pT_phi_h)[0m (Histo Num 47932)
Fitting for: [1m(MultiDim_5D_Histo)_(BC_RC_Bayesian)_(SMEAR=Smear)_(Q2_y_Bin_3)_(z_pT_Bin_22)_(MultiDim_Q2_y_z_pT_phi_h)[0m (Histo Num 47933)
Fitting for: [1m(MultiDim_5D_Histo)_(BC_RC_Bayesian)_(SMEAR=Smear)_(Q2_y_Bin_3)_(z_pT_Bin_23)_(MultiDim_Q2_y_z_pT_phi_h)[0m (Histo Num 47934)
Fitting for: [1m(MultiDim_5D_Histo)_(BC_RC_Bayesian)_(SMEAR=Smear)_(Q2_y_Bin_3)_(z_pT_Bin_24)_(MultiDim_Q2_y_z_pT_phi_h)[0m (Histo Num 47935)
Fitting for: [1m(MultiDim_5D_Histo)_(BC_RC_Bayesian)_(SMEAR=Smear)_(Q2_y_Bin_3)_(z_pT_Bin_25)_(MultiDim_Q2_y_z_pT_phi_h)[0m (Histo Num 47936)
Fitting for: [1m(MultiDim_5D_Histo)_(BC_RC_Bayesian)_(SMEAR=Smear)_(Q2_y_Bin_3)_(z_pT_Bin_26)_(MultiDim_Q2_y_z_pT_phi_h)[0m (Histo Num 47937)
Fitting for: [1m(MultiDim_5D_Histo)_(BC_RC_Bayesian)_(SMEAR=Smear)_(Q2_y_Bin_3)_(z_pT_Bin_27)_(MultiDim_Q2_y_z_pT_phi_h)[0m (Histo Num 47938)
Fitting for: [1m(MultiDim_5D_Histo)_(BC_RC_Bayesian)_(SMEAR=Smear)_(Q2_y_Bin_3)_(z_pT_Bin_28)_(MultiDim_Q2_y_z_pT_phi_h)[0m (Histo Num 47939)
Fitting for: [1m(MultiDim_5D_Histo)_(BC_RC_Bayesian)_(SMEAR=Smear)_(Q2_y_Bin_3)_(z_pT_Bin_29)_(MultiDim_Q2_y_z_pT_phi_h)[0m (Histo Num 47940)
Fitting for: [1m(MultiDim_5D_Histo)_(BC_RC_Bayesian)_(SMEAR=Smear)_(Q2_y_Bin_4)_(z_pT_Bin_7)_(MultiDim_Q2_y_z_pT_phi_h)[0m (Histo Num 47941)
Fitting for: [1m(MultiDim_5D_Histo)_(BC_RC_Bayesian)_(SMEAR=Smear)_(Q2_y_Bin_4)_(z_pT_Bin_8)_(MultiDim_Q2_y_z_pT_phi_h)[0m (Histo Num 47942)
Fitting for: [1m(MultiDim_5D_Histo)_(BC_RC_Bayesian)_(SMEAR=Smear)_(Q2_y_Bin_4)_(z_pT_Bin_9)_(MultiDim_Q2_y_z_pT_phi_h)[0m (Histo Num 47943)
Fitting for: [1m(MultiDim_5D_Histo)_(BC_RC_Bayesian)_(SMEAR=Smear)_(Q2_y_Bin_4)_(z_pT_Bin_10)_(MultiDim_Q2_y_z_pT_phi_h)[0m (Histo Num 47944)
Fitting for: [1m(MultiDim_5D_Histo)_(BC_RC_Bayesian)_(SMEAR=Smear)_(Q2_y_Bin_4)_(z_pT_Bin_11)_(MultiDim_Q2_y_z_pT_phi_h)[0m (Histo Num 47945)
Fitting for: [1m(MultiDim_5D_Histo)_(BC_RC_Bayesian)_(SMEAR=Smear)_(Q2_y_Bin_4)_(z_pT_Bin_13)_(MultiDim_Q2_y_z_pT_phi_h)[0m (Histo Num 47946)
Fitting for: [1m(MultiDim_5D_Histo)_(BC_RC_Bayesian)_(SMEAR=Smear)_(Q2_y_Bin_4)_(z_pT_Bin_14)_(MultiDim_Q2_y_z_pT_phi_h)[0m (Histo Num 47947)
Fitting for: [1m(MultiDim_5D_Histo)_(BC_RC_Bayesian)_(SMEAR=Smear)_(Q2_y_Bin_4)_(z_pT_Bin_15)_(MultiDim_Q2_y_z_pT_phi_h)[0m (Histo Num 47948)
Fitting for: [1m(MultiDim_5D_Histo)_(BC_RC_Bayesian)_(SMEAR=Smear)_(Q2_y_Bin_4)_(z_pT_Bin_16)_(MultiDim_Q2_y_z_pT_phi_h)[0m (Histo Num 47949)
Fitting for: [1m(MultiDim_5D_Histo)_(BC_RC_Bayesian)_(SMEAR=Smear)_(Q2_y_Bin_4)_(z_pT_Bin_17)_(MultiDim_Q2_y_z_pT_phi_h)[0m (Histo Num 47950)
Fitting for: [1m(MultiDim_5D_Histo)_(BC_RC_Bayesian)_(SMEAR=Smear)_(Q2_y_Bin_4)_(z_pT_Bin_19)_(MultiDim_Q2_y_z_pT_phi_h)[0m (Histo Num 47951)
Fitting for: [1m(MultiDim_5D_Histo)_(BC_RC_Bayesian)_(SMEAR=Smear)_(Q2_y_Bin_4)_(z_pT_Bin_20)_(MultiDim_Q2_y_z_pT_phi_h)[0m (Histo Num 47952)
Fitting for: [1m(MultiDim_5D_Histo)_(BC_RC_Bayesian)_(SMEAR=Smear)_(Q2_y_Bin_4)_(z_pT_Bin_21)_(MultiDim_Q2_y_z_pT_phi_h)[0m (Histo Num 47953)
Fitting for: [1m(MultiDim_5D_Histo)_(BC_RC_Bayesian)_(SMEAR=Smear)_(Q2_y_Bin_4)_(z_pT_Bin_22)_(MultiDim_Q2_y_z_pT_phi_h)[0m (Histo Num 47954)
Fitting for: [1m(MultiDim_5D_Histo)_(BC_RC_Bayesian)_(SMEAR=Smear)_(Q2_y_Bin_4)_(z_pT_Bin_23)_(MultiDim_Q2_y_z_pT_phi_h)[0m (Histo Num 47955)
Fitting for: [1m(MultiDim_5D_Histo)_(BC_RC_Bayesian)_(SMEAR=Smear)_(Q2_y_Bin_4)_(z_pT_Bin_25)_(MultiDim_Q2_y_z_pT_phi_h)[0m (Histo Num 47956)
Fitting for: [1m(MultiDim_5D_Histo)_(BC_RC_Bayesian)_(SMEAR=Smear)_(Q2_y_Bin_4)_(z_pT_Bin_26)_(MultiDim_Q2_y_z_pT_phi_h)[0m (Histo Num 47957)
Fitting for: [1m(MultiDim_5D_Histo)_(BC_RC_Bayesian)_(SMEAR=Smear)_(Q2_y_Bin_4)_(z_pT_Bin_27)_(MultiDim_Q2_y_z_pT_phi_h)[0m (Histo Num 47958)
Fitting for: [1m(MultiDim_5D_Histo)_(BC_RC_Bayesian)_(SMEAR=Smear)_(Q2_y_Bin_4)_(z_pT_Bin_28)_(MultiDim_Q2_y_z_pT_phi_h)[0m (Histo Num 47959)
Fitting for: [1m(MultiDim_5D_Histo)_(BC_RC_Bayesian)_(SMEAR=Smear)_(Q2_y_Bin_4)_(z_pT_Bin_29)_(MultiDim_Q2_y_z_pT_phi_h)[0m (Histo Num 47960)
Fitting for: [1m(MultiDim_5D_Histo)_(BC_RC_Bayesian)_(SMEAR=Smear)_(Q2_y_Bin_4)_(z_pT_Bin_31)_(MultiDim_Q2_y_z_pT_phi_h)[0m (Histo Num 47961)
Fitting for: [1m(MultiDim_5D_Histo)_(BC_RC_Bayesian)_(SMEAR=Smear)_(Q2_y_Bin_4)_(z_pT_Bin_32)_(MultiDim_Q2_y_z_pT_phi_h)[0m (Histo Num 47962)
Fitting for: [1m(MultiDim_5D_Histo)_(BC_RC_Bayesian)_(SMEAR=Smear)_(Q2_y_Bin_4)_(z_pT_Bin_33)_(MultiDim_Q2_y_z_pT_phi_h)[0m (Histo Num 47963)
Fitting for: [1m(MultiDim_5D_Histo)_(BC_RC_Bayesian)_(SMEAR=Smear)_(Q2_y_Bin_4)_(z_pT_Bin_34)_(MultiDim_Q2_y_z_pT_phi_h)[0m (Histo Num 47964)
Fitting for: [1m(MultiDim_5D_Histo)_(BC_RC_Bayesian)_(SMEAR=Smear)_(Q2_y_Bin_5)_(z_pT_Bin_1)_(MultiDim_Q2_y_z_pT_phi_h)[0m (Histo Num 47965)
Fitting for: [1m(MultiDim_5D_Histo)_(BC_RC_Bayesian)_(SMEAR=Smear)_(Q2_y_Bin_5)_(z_pT_Bin_2)_(MultiDim_Q2_y_z_pT_phi_h)[0m (Histo Num 47966)
Fitting for: [1m(MultiDim_5D_Histo)_(BC_RC_Bayesian)_(SMEAR=Smear)_(Q2_y_Bin_5)_(z_pT_Bin_3)_(MultiDim_Q2_y_z_pT_phi_h)[0m (Histo Num 47967)
Fitting for: [1m(MultiDim_5D_Histo)_(BC_RC_Bayesian)_(SMEAR=Smear)_(Q2_y_Bin_5)_(z_pT_Bin_4)_(MultiDim_Q2_y_z_pT_phi_h)[0m (Histo Num 47968)
Fitting for: [1m(MultiDim_5D_Histo)_(BC_RC_Bayesian)_(SMEAR=Smear)_(Q2_y_Bin_5)_(z_pT_Bin_5)_(MultiDim_Q2_y_z_pT_phi_h)[0m (Histo Num 47969)
Fitting for: [1m(MultiDim_5D_Histo)_(BC_RC_Bayesian)_(SMEAR=Smear)_(Q2_y_Bin_5)_(z_pT_Bin_6)_(MultiDim_Q2_y_z_pT_phi_h)[0m (Histo Num 47970)
Fitting for: [1m(MultiDim_5D_Histo)_(BC_RC_Bayesian)_(SMEAR=Smear)_(Q2_y_Bin_5)_(z_pT_Bin_7)_(MultiDim_Q2_y_z_pT_phi_h)[0m (Histo Num 47971)
Fitting for: [1m(MultiDim_5D_Histo)_(BC_RC_Bayesian)_(SMEAR=Smear)_(Q2_y_Bin_5)_(z_pT_Bin_8)_(MultiDim_Q2_y_z_pT_phi_h)[0m (Histo Num 47972)
Fitting for: [1m(MultiDim_5D_Histo)_(BC_RC_Bayesian)_(SMEAR=Smear)_(Q2_y_Bin_5)_(z_pT_Bin_9)_(MultiDim_Q2_y_z_pT_phi_h)[0m (Histo Num 47973)
Fitting for: [1m(MultiDim_5D_Histo)_(BC_RC_Bayesian)_(SMEAR=Smear)_(Q2_y_Bin_5)_(z_pT_Bin_10)_(MultiDim_Q2_y_z_pT_phi_h)[0m (Histo Num 47974)
Fitting for: [1m(MultiDim_5D_Histo)_(BC_RC_Bayesian)_(SMEAR=Smear)_(Q2_y_Bin_5)_(z_pT_Bin_11)_(MultiDim_Q2_y_z_pT_phi_h)[0m (Histo Num 47975)
Fitting for: [1m(MultiDim_5D_Histo)_(BC_RC_Bayesian)_(SMEAR=Smear)_(Q2_y_Bin_5)_(z_pT_Bin_12)_(MultiDim_Q2_y_z_pT_phi_h)[0m (Histo Num 47976)
Fitting for: [1m(MultiDim_5D_Histo)_(BC_RC_Bayesian)_(SMEAR=Smear)_(Q2_y_Bin_5)_(z_pT_Bin_13)_(MultiDim_Q2_y_z_pT_phi_h)[0m (Histo Num 47977)
Fitting for: [1m(MultiDim_5D_Histo)_(BC_RC_Bayesian)_(SMEAR=Smear)_(Q2_y_Bin_5)_(z_pT_Bin_14)_(MultiDim_Q2_y_z_pT_phi_h)[0m (Histo Num 47978)
Fitting for: [1m(MultiDim_5D_Histo)_(BC_RC_Bayesian)_(SMEAR=Smear)_(Q2_y_Bin_5)_(z_pT_Bin_15)_(MultiDim_Q2_y_z_pT_phi_h)[0m (Histo Num 47979)
Fitting for: [1m(MultiDim_5D_Histo)_(BC_RC_Bayesian)_(SMEAR=Smear)_(Q2_y_Bin_5)_(z_pT_Bin_16)_(MultiDim_Q2_y_z_pT_phi_h)[0m (Histo Num 47980)
Fitting for: [1m(MultiDim_5D_Histo)_(BC_RC_Bayesian)_(SMEAR=Smear)_(Q2_y_Bin_5)_(z_pT_Bin_17)_(MultiDim_Q2_y_z_pT_phi_h)[0m (Histo Num 47981)
Fitting for: [1m(MultiDim_5D_Histo)_(BC_RC_Bayesian)_(SMEAR=Smear)_(Q2_y_Bin_5)_(z_pT_Bin_18)_(MultiDim_Q2_y_z_pT_phi_h)[0m (Histo Num 47982)
Fitting for: [1m(MultiDim_5D_Histo)_(BC_RC_Bayesian)_(SMEAR=Smear)_(Q2_y_Bin_5)_(z_pT_Bin_19)_(MultiDim_Q2_y_z_pT_phi_h)[0m (Histo Num 47983)
Fitting for: [1m(MultiDim_5D_Histo)_(BC_RC_Bayesian)_(SMEAR=Smear)_(Q2_y_Bin_5)_(z_pT_Bin_20)_(MultiDim_Q2_y_z_pT_phi_h)[0m (Histo Num 47984)
Fitting for: [1m(MultiDim_5D_Histo)_(BC_RC_Bayesian)_(SMEAR=Smear)_(Q2_y_Bin_5)_(z_pT_Bin_21)_(MultiDim_Q2_y_z_pT_phi_h)[0m (Histo Num 47985)
Fitting for: [1m(MultiDim_5D_Histo)_(BC_RC_Bayesian)_(SMEAR=Smear)_(Q2_y_Bin_5)_(z_pT_Bin_22)_(MultiDim_Q2_y_z_pT_phi_h)[0m (Histo Num 47986)
Fitting for: [1m(MultiDim_5D_Histo)_(BC_RC_Bayesian)_(SMEAR=Smear)_(Q2_y_Bin_5)_(z_pT_Bin_23)_(MultiDim_Q2_y_z_pT_phi_h)[0m (Histo Num 47987)
Fitting for: [1m(MultiDim_5D_Histo)_(BC_RC_Bayesian)_(SMEAR=Smear)_(Q2_y_Bin_5)_(z_pT_Bin_25)_(MultiDim_Q2_y_z_pT_phi_h)[0m (Histo Num 47988)
Fitting for: [1m(MultiDim_5D_Histo)_(BC_RC_Bayesian)_(SMEAR=Smear)_(Q2_y_Bin_5)_(z_pT_Bin_26)_(MultiDim_Q2_y_z_pT_phi_h)[0m (Histo Num 47989)
Fitting for: [1m(MultiDim_5D_Histo)_(BC_RC_Bayesian)_(SMEAR=Smear)_(Q2_y_Bin_5)_(z_pT_Bin_27)_(MultiDim_Q2_y_z_pT_phi_h)[0m (Histo Num 47990)
Fitting for: [1m(MultiDim_5D_Histo)_(BC_RC_Bayesian)_(SMEAR=Smear)_(Q2_y_Bin_5)_(z_pT_Bin_28)_(MultiDim_Q2_y_z_pT_phi_h)[0m (Histo Num 47991)
Fitting for: [1m(MultiDim_5D_Histo)_(BC_RC_Bayesian)_(SMEAR=Smear)_(Q2_y_Bin_5)_(z_pT_Bin_29)_(MultiDim_Q2_y_z_pT_phi_h)[0m (Histo Num 47992)
Fitting for: [1m(MultiDim_5D_Histo)_(BC_RC_Bayesian)_(SMEAR=Smear)_(Q2_y_Bin_5)_(z_pT_Bin_31)_(MultiDim_Q2_y_z_pT_phi_h)[0m (Histo Num 47993)
Fitting for: [1m(MultiDim_5D_Histo)_(BC_RC_Bayesian)_(SMEAR=Smear)_(Q2_y_Bin_5)_(z_pT_Bin_32)_(MultiDim_Q2_y_z_pT_phi_h)[0m (Histo Num 47994)
Fitting for: [1m(MultiDim_5D_Histo)_(BC_RC_Bayesian)_(SMEAR=Smear)_(Q2_y_Bin_5)_(z_pT_Bin_33)_(MultiDim_Q2_y_z_pT_phi_h)[0m (Histo Num 47995)
Fitting for: [1m(MultiDim_5D_Histo)_(BC_RC_Bayesian)_(SMEAR=Smear)_(Q2_y_Bin_5)_(z_pT_Bin_34)_(MultiDim_Q2_y_z_pT_phi_h)[0m (Histo Num 47996)
Fitting for: [1m(MultiDim_5D_Histo)_(BC_RC_Bayesian)_(SMEAR=Smear)_(Q2_y_Bin_6)_(z_pT_Bin_1)_(MultiDim_Q2_y_z_pT_phi_h)[0m (Histo Num 47997)
Fitting for: [1m(MultiDim_5D_Histo)_(BC_RC_Bayesian)_(SMEAR=Smear)_(Q2_y_Bin_6)_(z_pT_Bin_2)_(MultiDim_Q2_y_z_pT_phi_h)[0m (Histo Num 47998)
Fitting for: [1m(MultiDim_5D_Histo)_(BC_RC_Bayesian)_(SMEAR=Smear)_(Q2_y_Bin_6)_(z_pT_Bin_3)_(MultiDim_Q2_y_z_pT_phi_h)[0m (Histo Num 47999)
Fitting for: [1m(MultiDim_5D_Histo)_(BC_RC_Bayesian)_(SMEAR=Smear)_(Q2_y_Bin_6)_(z_pT_Bin_4)_(MultiDim_Q2_y_z_pT_phi_h)[0m (Histo Num 48000)
Fitting for: [1m(MultiDim_5D_Histo)_(BC_RC_Bayesian)_(SMEAR=Smear)_(Q2_y_Bin_6)_(z_pT_Bin_5)_(MultiDim_Q2_y_z_pT_phi_h)[0m (Histo Num 48001)
Fitting for: [1m(MultiDim_5D_Histo)_(BC_RC_Bayesian)_(SMEAR=Smear)_(Q2_y_Bin_6)_(z_pT_Bin_6)_(MultiDim_Q2_y_z_pT_phi_h)[0m (Histo Num 48002)
Fitting for: [1m(MultiDim_5D_Histo)_(BC_RC_Bayesian)_(SMEAR=Smear)_(Q2_y_Bin_6)_(z_pT_Bin_7)_(MultiDim_Q2_y_z_pT_phi_h)[0m (Histo Num 48003)
Fitting for: [1m(MultiDim_5D_Histo)_(BC_RC_Bayesian)_(SMEAR=Smear)_(Q2_y_Bin_6)_(z_pT_Bin_8)_(MultiDim_Q2_y_z_pT_phi_h)[0m (Histo Num 48004)
Fitting for: [1m(MultiDim_5D_Histo)_(BC_RC_Bayesian)_(SMEAR=Smear)_(Q2_y_Bin_6)_(z_pT_Bin_9)_(MultiDim_Q2_y_z_pT_phi_h)[0m (Histo Num 48005)
Fitting for: [1m(MultiDim_5D_Histo)_(BC_RC_Bayesian)_(SMEAR=Smear)_(Q2_y_Bin_6)_(z_pT_Bin_10)_(MultiDim_Q2_y_z_pT_phi_h)[0m (Histo Num 48006)
Fitting for: [1m(MultiDim_5D_Histo)_(BC_RC_Bayesian)_(SMEAR=Smear)_(Q2_y_Bin_6)_(z_pT_Bin_11)_(MultiDim_Q2_y_z_pT_phi_h)[0m (Histo Num 48007)
Fitting for: [1m(MultiDim_5D_Histo)_(BC_RC_Bayesian)_(SMEAR=Smear)_(Q2_y_Bin_6)_(z_pT_Bin_12)_(MultiDim_Q2_y_z_pT_phi_h)[0m (Histo Num 48008)
Fitting for: [1m(MultiDim_5D_Histo)_(BC_RC_Bayesian)_(SMEAR=Smear)_(Q2_y_Bin_6)_(z_pT_Bin_13)_(MultiDim_Q2_y_z_pT_phi_h)[0m (Histo Num 48009)
Fitting for: [1m(MultiDim_5D_Histo)_(BC_RC_Bayesian)_(SMEAR=Smear)_(Q2_y_Bin_6)_(z_pT_Bin_14)_(MultiDim_Q2_y_z_pT_phi_h)[0m (Histo Num 48010)
Fitting for: [1m(MultiDim_5D_Histo)_(BC_RC_Bayesian)_(SMEAR=Smear)_(Q2_y_Bin_6)_(z_pT_Bin_15)_(MultiDim_Q2_y_z_pT_phi_h)[0m (Histo Num 48011)
Fitting for: [1m(MultiDim_5D_Histo)_(BC_RC_Bayesian)_(SMEAR=Smear)_(Q2_y_Bin_6)_(z_pT_Bin_16)_(MultiDim_Q2_y_z_pT_phi_h)[0m (Histo Num 48012)
Fitting for: [1m(MultiDim_5D_Histo)_(BC_RC_Bayesian)_(SMEAR=Smear)_(Q2_y_Bin_6)_(z_pT_Bin_17)_(MultiDim_Q2_y_z_pT_phi_h)[0m (Histo Num 48013)
Fitting for: [1m(MultiDim_5D_Histo)_(BC_RC_Bayesian)_(SMEAR=Smear)_(Q2_y_Bin_6)_(z_pT_Bin_19)_(MultiDim_Q2_y_z_pT_phi_h)[0m (Histo Num 48014)
Fitting for: [1m(MultiDim_5D_Histo)_(BC_RC_Bayesian)_(SMEAR=Smear)_(Q2_y_Bin_6)_(z_pT_Bin_20)_(MultiDim_Q2_y_z_pT_phi_h)[0m (Histo Num 48015)
Fitting for: [1m(MultiDim_5D_Histo)_(BC_RC_Bayesian)_(SMEAR=Smear)_(Q2_y_Bin_6)_(z_pT_Bin_21)_(MultiDim_Q2_y_z_pT_phi_h)[0m (Histo Num 48016)
Fitting for: [1m(MultiDim_5D_Histo)_(BC_RC_Bayesian)_(SMEAR=Smear)_(Q2_y_Bin_6)_(z_pT_Bin_22)_(MultiDim_Q2_y_z_pT_phi_h)[0m (Histo Num 48017)
Fitting for: [1m(MultiDim_5D_Histo)_(BC_RC_Bayesian)_(SMEAR=Smear)_(Q2_y_Bin_6)_(z_pT_Bin_23)_(MultiDim_Q2_y_z_pT_phi_h)[0m (Histo Num 48018)
Fitting for: [1m(MultiDim_5D_Histo)_(BC_RC_Bayesian)_(SMEAR=Smear)_(Q2_y_Bin_6)_(z_pT_Bin_25)_(MultiDim_Q2_y_z_pT_phi_h)[0m (Histo Num 48019)
Fitting for: [1m(MultiDim_5D_Histo)_(BC_RC_Bayesian)_(SMEAR=Smear)_(Q2_y_Bin_6)_(z_pT_Bin_26)_(MultiDim_Q2_y_z_pT_phi_h)[0m (Histo Num 48020)
Fitting for: [1m(MultiDim_5D_Histo)_(BC_RC_Bayesian)_(SMEAR=Smear)_(Q2_y_Bin_6)_(z_pT_Bin_27)_(MultiDim_Q2_y_z_pT_phi_h)[0m (Histo Num 48021)
Fitting for: [1m(MultiDim_5D_Histo)_(BC_RC_Bayesian)_(SMEAR=Smear)_(Q2_y_Bin_6)_(z_pT_Bin_28)_(MultiDim_Q2_y_z_pT_phi_h)[0m (Histo Num 48022)
Fitting for: [1m(MultiDim_5D_Histo)_(BC_RC_Bayesian)_(SMEAR=Smear)_(Q2_y_Bin_7)_(z_pT_Bin_1)_(MultiDim_Q2_y_z_pT_phi_h)[0m (Histo Num 48023)
Fitting for: [1m(MultiDim_5D_Histo)_(BC_RC_Bayesian)_(SMEAR=Smear)_(Q2_y_Bin_7)_(z_pT_Bin_2)_(MultiDim_Q2_y_z_pT_phi_h)[0m (Histo Num 48024)
Fitting for: [1m(MultiDim_5D_Histo)_(BC_RC_Bayesian)_(SMEAR=Smear)_(Q2_y_Bin_7)_(z_pT_Bin_3)_(MultiDim_Q2_y_z_pT_phi_h)[0m (Histo Num 48025)
Fitting for: [1m(MultiDim_5D_Histo)_(BC_RC_Bayesian)_(SMEAR=Smear)_(Q2_y_Bin_7)_(z_pT_Bin_4)_(MultiDim_Q2_y_z_pT_phi_h)[0m (Histo Num 48026)
Fitting for: [1m(MultiDim_5D_Histo)_(BC_RC_Bayesian)_(SMEAR=Smear)_(Q2_y_Bin_7)_(z_pT_Bin_5)_(MultiDim_Q2_y_z_pT_phi_h)[0m (Histo Num 48027)
Fitting for: [1m(MultiDim_5D_Histo)_(BC_RC_Bayesian)_(SMEAR=Smear)_(Q2_y_Bin_7)_(z_pT_Bin_7)_(MultiDim_Q2_y_z_pT_phi_h)[0m (Histo Num 48028)
Fitting for: [1m(MultiDim_5D_Histo)_(BC_RC_Bayesian)_(SMEAR=Smear)_(Q2_y_Bin_7)_(z_pT_Bin_8)_(MultiDim_Q2_y_z_pT_phi_h)[0m (Histo Num 48029)
Fitting for: [1m(MultiDim_5D_Histo)_(BC_RC_Bayesian)_(SMEAR=Smear)_(Q2_y_Bin_7)_(z_pT_Bin_9)_(MultiDim_Q2_y_z_pT_phi_h)[0m (Histo Num 48030)
Fitting for: [1m(MultiDim_5D_Histo)_(BC_RC_Bayesian)_(SMEAR=Smear)_(Q2_y_Bin_7)_(z_pT_Bin_10)_(MultiDim_Q2_y_z_pT_phi_h)[0m (Histo Num 48031)
Fitting for: [1m(MultiDim_5D_Histo)_(BC_RC_Bayesian)_(SMEAR=Smear)_(Q2_y_Bin_7)_(z_pT_Bin_11)_(MultiDim_Q2_y_z_pT_phi_h)[0m (Histo Num 48032)
Fitting for: [1m(MultiDim_5D_Histo)_(BC_RC_Bayesian)_(SMEAR=Smear)_(Q2_y_Bin_7)_(z_pT_Bin_12)_(MultiDim_Q2_y_z_pT_phi_h)[0m (Histo Num 48033)
Fitting for: [1m(MultiDim_5D_Histo)_(BC_RC_Bayesian)_(SMEAR=Smear)_(Q2_y_Bin_7)_(z_pT_Bin_13)_(MultiDim_Q2_y_z_pT_phi_h)[0m (Histo Num 48034)
Fitting for: [1m(MultiDim_5D_Histo)_(BC_RC_Bayesian)_(SMEAR=Smear)_(Q2_y_Bin_7)_(z_pT_Bin_14)_(MultiDim_Q2_y_z_pT_phi_h)[0m (Histo Num 48035)
Fitting for: [1m(MultiDim_5D_Histo)_(BC_RC_Bayesian)_(SMEAR=Smear)_(Q2_y_Bin_7)_(z_pT_Bin_15)_(MultiDim_Q2_y_z_pT_phi_h)[0m (Histo Num 48036)
Fitting for: [1m(MultiDim_5D_Histo)_(BC_RC_Bayesian)_(SMEAR=Smear)_(Q2_y_Bin_7)_(z_pT_Bin_16)_(MultiDim_Q2_y_z_pT_phi_h)[0m (Histo Num 48037)
Fitting for: [1m(MultiDim_5D_Histo)_(BC_RC_Bayesian)_(SMEAR=Smear)_(Q2_y_Bin_7)_(z_pT_Bin_17)_(MultiDim_Q2_y_z_pT_phi_h)[0m (Histo Num 48038)
Fitting for: [1m(MultiDim_5D_Histo)_(BC_RC_Bayesian)_(SMEAR=Smear)_(Q2_y_Bin_7)_(z_pT_Bin_18)_(MultiDim_Q2_y_z_pT_phi_h)[0m (Histo Num 48039)
Fitting for: [1m(MultiDim_5D_Histo)_(BC_RC_Bayesian)_(SMEAR=Smear)_(Q2_y_Bin_7)_(z_pT_Bin_19)_(MultiDim_Q2_y_z_pT_phi_h)[0m (Histo Num 48040)
Fitting for: [1m(MultiDim_5D_Histo)_(BC_RC_Bayesian)_(SMEAR=Smear)_(Q2_y_Bin_7)_(z_pT_Bin_20)_(MultiDim_Q2_y_z_pT_phi_h)[0m (Histo Num 48041)
Fitting for: [1m(MultiDim_5D_Histo)_(BC_RC_Bayesian)_(SMEAR=Smear)_(Q2_y_Bin_7)_(z_pT_Bin_21)_(MultiDim_Q2_y_z_pT_phi_h)[0m (Histo Num 48042)
Fitting for: [1m(MultiDim_5D_Histo)_(BC_RC_Bayesian)_(SMEAR=Smear)_(Q2_y_Bin_7)_(z_pT_Bin_22)_(MultiDim_Q2_y_z_pT_phi_h)[0m (Histo Num 48043)
Fitting for: [1m(MultiDim_5D_Histo)_(BC_RC_Bayesian)_(SMEAR=Smear)_(Q2_y_Bin_7)_(z_pT_Bin_23)_(MultiDim_Q2_y_z_pT_phi_h)[0m (Histo Num 48044)
Fitting for: [1m(MultiDim_5D_Histo)_(BC_RC_Bayesian)_(SMEAR=Smear)_(Q2_y_Bin_7)_(z_pT_Bin_24)_(MultiDim_Q2_y_z_pT_phi_h)[0m (Histo Num 48045)
Fitting for: [1m(MultiDim_5D_Histo)_(BC_RC_Bayesian)_(SMEAR=Smear)_(Q2_y_Bin_7)_(z_pT_Bin_25)_(MultiDim_Q2_y_z_pT_phi_h)[0m (Histo Num 48046)
Fitting for: [1m(MultiDim_5D_Histo)_(BC_RC_Bayesian)_(SMEAR=Smear)_(Q2_y_Bin_7)_(z_pT_Bin_26)_(MultiDim_Q2_y_z_pT_phi_h)[0m (Histo Num 48047)
Fitting for: [1m(MultiDim_5D_Histo)_(BC_RC_Bayesian)_(SMEAR=Smear)_(Q2_y_Bin_7)_(z_pT_Bin_27)_(MultiDim_Q2_y_z_pT_phi_h)[0m (Histo Num 48048)
Fitting for: [1m(MultiDim_5D_Histo)_(BC_RC_Bayesian)_(SMEAR=Smear)_(Q2_y_Bin_7)_(z_pT_Bin_28)_(MultiDim_Q2_y_z_pT_phi_h)[0m (Histo Num 48049)
Fitting for: [1m(MultiDim_5D_Histo)_(BC_RC_Bayesian)_(SMEAR=Smear)_(Q2_y_Bin_7)_(z_pT_Bin_29)_(MultiDim_Q2_y_z_pT_phi_h)[0m (Histo Num 48050)
Fitting for: [1m(MultiDim_5D_Histo)_(BC_RC_Bayesian)_(SMEAR=Smear)_(Q2_y_Bin_7)_(z_pT_Bin_31)_(MultiDim_Q2_y_z_pT_phi_h)[0m (Histo Num 48051)
Fitting for: [1m(MultiDim_5D_Histo)_(BC_RC_Bayesian)_(SMEAR=Smear)_(Q2_y_Bin_7)_(z_pT_Bin_32)_(MultiDim_Q2_y_z_pT_phi_h)[0m (Histo Num 48052)
Fitting for: [1m(MultiDim_5D_Histo)_(BC_RC_Bayesian)_(SMEAR=Smear)_(Q2_y_Bin_7)_(z_pT_Bin_33)_(MultiDim_Q2_y_z_pT_phi_h)[0m (Histo Num 48053)
Fitting for: [1m(MultiDim_5D_Histo)_(BC_RC_Bayesian)_(SMEAR=Smear)_(Q2_y_Bin_7)_(z_pT_Bin_34)_(MultiDim_Q2_y_z_pT_phi_h)[0m (Histo Num 48054)
Fitting for: [1m(MultiDim_5D_Histo)_(BC_RC_Bayesian)_(SMEAR=Smear)_(Q2_y_Bin_7)_(z_pT_Bin_35)_(MultiDim_Q2_y_z_pT_phi_h)[0m (Histo Num 48055)
Fitting for: [1m(MultiDim_5D_Histo)_(BC_RC_Bayesian)_(SMEAR=Smear)_(Q2_y_Bin_8)_(z_pT_Bin_6)_(MultiDim_Q2_y_z_pT_phi_h)[0m (Histo Num 48056)
Fitting for: [1m(MultiDim_5D_Histo)_(BC_RC_Bayesian)_(SMEAR=Smear)_(Q2_y_Bin_8)_(z_pT_Bin_7)_(MultiDim_Q2_y_z_pT_phi_h)[0m (Histo Num 48057)
Fitting for: [1m(MultiDim_5D_Histo)_(BC_RC_Bayesian)_(SMEAR=Smear)_(Q2_y_Bin_8)_(z_pT_Bin_8)_(MultiDim_Q2_y_z_pT_phi_h)[0m (Histo Num 48058)
Fitting for: [1m(MultiDim_5D_Histo)_(BC_RC_Bayesian)_(SMEAR=Smear)_(Q2_y_Bin_8)_(z_pT_Bin_9)_(MultiDim_Q2_y_z_pT_phi_h)[0m (Histo Num 48059)
Fitting for: [1m(MultiDim_5D_Histo)_(BC_RC_Bayesian)_(SMEAR=Smear)_(Q2_y_Bin_8)_(z_pT_Bin_10)_(MultiDim_Q2_y_z_pT_phi_h)[0m (Histo Num 48060)
Fitting for: [1m(MultiDim_5D_Histo)_(BC_RC_Bayesian)_(SMEAR=Smear)_(Q2_y_Bin_8)_(z_pT_Bin_11)_(MultiDim_Q2_y_z_pT_phi_h)[0m (Histo Num 48061)
Fitting for: [1m(MultiDim_5D_Histo)_(BC_RC_Bayesian)_(SMEAR=Smear)_(Q2_y_Bin_8)_(z_pT_Bin_12)_(MultiDim_Q2_y_z_pT_phi_h)[0m (Histo Num 48062)
Fitting for: [1m(MultiDim_5D_Histo)_(BC_RC_Bayesian)_(SMEAR=Smear)_(Q2_y_Bin_8)_(z_pT_Bin_13)_(MultiDim_Q2_y_z_pT_phi_h)[0m (Histo Num 48063)
Fitting for: [1m(MultiDim_5D_Histo)_(BC_RC_Bayesian)_(SMEAR=Smear)_(Q2_y_Bin_8)_(z_pT_Bin_14)_(MultiDim_Q2_y_z_pT_phi_h)[0m (Histo Num 48064)
Fitting for: [1m(MultiDim_5D_Histo)_(BC_RC_Bayesian)_(SMEAR=Smear)_(Q2_y_Bin_8)_(z_pT_Bin_15)_(MultiDim_Q2_y_z_pT_phi_h)[0m (Histo Num 48065)
Fitting for: [1m(MultiDim_5D_Histo)_(BC_RC_Bayesian)_(SMEAR=Smear)_(Q2_y_Bin_8)_(z_pT_Bin_16)_(MultiDim_Q2_y_z_pT_phi_h)[0m (Histo Num 48066)
Fitting for: [1m(MultiDim_5D_Histo)_(BC_RC_Bayesian)_(SMEAR=Smear)_(Q2_y_Bin_8)_(z_pT_Bin_17)_(MultiDim_Q2_y_z_pT_phi_h)[0m (Histo Num 48067)
Fitting for: [1m(MultiDim_5D_Histo)_(BC_RC_Bayesian)_(SMEAR=Smear)_(Q2_y_Bin_8)_(z_pT_Bin_18)_(MultiDim_Q2_y_z_pT_phi_h)[0m (Histo Num 48068)
Fitting for: [1m(MultiDim_5D_Histo)_(BC_RC_Bayesian)_(SMEAR=Smear)_(Q2_y_Bin_8)_(z_pT_Bin_19)_(MultiDim_Q2_y_z_pT_phi_h)[0m (Histo Num 48069)
Fitting for: [1m(MultiDim_5D_Histo)_(BC_RC_Bayesian)_(SMEAR=Smear)_(Q2_y_Bin_8)_(z_pT_Bin_20)_(MultiDim_Q2_y_z_pT_phi_h)[0m (Histo Num 48070)
Fitting for: [1m(MultiDim_5D_Histo)_(BC_RC_Bayesian)_(SMEAR=Smear)_(Q2_y_Bin_8)_(z_pT_Bin_21)_(MultiDim_Q2_y_z_pT_phi_h)[0m (Histo Num 48071)
Fitting for: [1m(MultiDim_5D_Histo)_(BC_RC_Bayesian)_(SMEAR=Smear)_(Q2_y_Bin_8)_(z_pT_Bin_22)_(MultiDim_Q2_y_z_pT_phi_h)[0m (Histo Num 48072)
Fitting for: [1m(MultiDim_5D_Histo)_(BC_RC_Bayesian)_(SMEAR=Smear)_(Q2_y_Bin_8)_(z_pT_Bin_23)_(MultiDim_Q2_y_z_pT_phi_h)[0m (Histo Num 48073)
Fitting for: [1m(MultiDim_5D_Histo)_(BC_RC_Bayesian)_(SMEAR=Smear)_(Q2_y_Bin_8)_(z_pT_Bin_24)_(MultiDim_Q2_y_z_pT_phi_h)[0m (Histo Num 48074)
Fitting for: [1m(MultiDim_5D_Histo)_(BC_RC_Bayesian)_(SMEAR=Smear)_(Q2_y_Bin_8)_(z_pT_Bin_25)_(MultiDim_Q2_y_z_pT_phi_h)[0m (Histo Num 48075)
Fitting for: [1m(MultiDim_5D_Histo)_(BC_RC_Bayesian)_(SMEAR=Smear)_(Q2_y_Bin_8)_(z_pT_Bin_26)_(MultiDim_Q2_y_z_pT_phi_h)[0m (Histo Num 48076)
Fitting for: [1m(MultiDim_5D_Histo)_(BC_RC_Bayesian)_(SMEAR=Smear)_(Q2_y_Bin_8)_(z_pT_Bin_27)_(MultiDim_Q2_y_z_pT_phi_h)[0m (Histo Num 48077)
Fitting for: [1m(MultiDim_5D_Histo)_(BC_RC_Bayesian)_(SMEAR=Smear)_(Q2_y_Bin_8)_(z_pT_Bin_28)_(MultiDim_Q2_y_z_pT_phi_h)[0m (Histo Num 48078)
Fitting for: [1m(MultiDim_5D_Histo)_(BC_RC_Bayesian)_(SMEAR=Smear)_(Q2_y_Bin_8)_(z_pT_Bin_29)_(MultiDim_Q2_y_z_pT_phi_h)[0m (Histo Num 48079)
Fitting for: [1m(MultiDim_5D_Histo)_(BC_RC_Bayesian)_(SMEAR=Smear)_(Q2_y_Bin_8)_(z_pT_Bin_30)_(MultiDim_Q2_y_z_pT_phi_h)[0m (Histo Num 48080)
Fitting for: [1m(MultiDim_5D_Histo)_(BC_RC_Bayesian)_(SMEAR=Smear)_(Q2_y_Bin_8)_(z_pT_Bin_31)_(MultiDim_Q2_y_z_pT_phi_h)[0m (Histo Num 48081)
Fitting for: [1m(MultiDim_5D_Histo)_(BC_RC_Bayesian)_(SMEAR=Smear)_(Q2_y_Bin_8)_(z_pT_Bin_32)_(MultiDim_Q2_y_z_pT_phi_h)[0m (Histo Num 48082)
Fitting for: [1m(MultiDim_5D_Histo)_(BC_RC_Bayesian)_(SMEAR=Smear)_(Q2_y_Bin_8)_(z_pT_Bin_33)_(MultiDim_Q2_y_z_pT_phi_h)[0m (Histo Num 48083)
Fitting for: [1m(MultiDim_5D_Histo)_(BC_RC_Bayesian)_(SMEAR=Smear)_(Q2_y_Bin_8)_(z_pT_Bin_34)_(MultiDim_Q2_y_z_pT_phi_h)[0m (Histo Num 48084)
Fitting for: [1m(MultiDim_5D_Histo)_(BC_RC_Bayesian)_(SMEAR=Smear)_(Q2_y_Bin_9)_(z_pT_Bin_1)_(MultiDim_Q2_y_z_pT_phi_h)[0m (Histo Num 48085)
Fitting for: [1m(MultiDim_5D_Histo)_(BC_RC_Bayesian)_(SMEAR=Smear)_(Q2_y_Bin_9)_(z_pT_Bin_2)_(MultiDim_Q2_y_z_pT_phi_h)[0m (Histo Num 48086)
Fitting for: [1m(MultiDim_5D_Histo)_(BC_RC_Bayesian)_(SMEAR=Smear)_(Q2_y_Bin_9)_(z_pT_Bin_3)_(MultiDim_Q2_y_z_pT_phi_h)[0m (Histo Num 48087)
Fitting for: [1m(MultiDim_5D_Histo)_(BC_RC_Bayesian)_(SMEAR=Smear)_(Q2_y_Bin_9)_(z_pT_Bin_4)_(MultiDim_Q2_y_z_pT_phi_h)[0m (Histo Num 48088)
Fitting for: [1m(MultiDim_5D_Histo)_(BC_RC_Bayesian)_(SMEAR=Smear)_(Q2_y_Bin_9)_(z_pT_Bin_5)_(MultiDim_Q2_y_z_pT_phi_h)[0m (Histo Num 48089)
Fitting for: [1m(MultiDim_5D_Histo)_(BC_RC_Bayesian)_(SMEAR=Smear)_(Q2_y_Bin_9)_(z_pT_Bin_6)_(MultiDim_Q2_y_z_pT_phi_h)[0m (Histo Num 48090)
Fitting for: [1m(MultiDim_5D_Histo)_(BC_RC_Bayesian)_(SMEAR=Smear)_(Q2_y_Bin_9)_(z_pT_Bin_7)_(MultiDim_Q2_y_z_pT_phi_h)[0m (Histo Num 48091)
Fitting for: [1m(MultiDim_5D_Histo)_(BC_RC_Bayesian)_(SMEAR=Smear)_(Q2_y_Bin_9)_(z_pT_Bin_8)_(MultiDim_Q2_y_z_pT_phi_h)[0m (Histo Num 48092)
Fitting for: [1m(MultiDim_5D_Histo)_(BC_RC_Bayesian)_(SMEAR=Smear)_(Q2_y_Bin_9)_(z_pT_Bin_9)_(MultiDim_Q2_y_z_pT_phi_h)[0m (Histo Num 48093)
Fitting for: [1m(MultiDim_5D_Histo)_(BC_RC_Bayesian)_(SMEAR=Smear)_(Q2_y_Bin_9)_(z_pT_Bin_10)_(MultiDim_Q2_y_z_pT_phi_h)[0m (Histo Num 48094)
Fitting for: [1m(MultiDim_5D_Histo)_(BC_RC_Bayesian)_(SMEAR=Smear)_(Q2_y_Bin_9)_(z_pT_Bin_11)_(MultiDim_Q2_y_z_pT_phi_h)[0m (Histo Num 48095)
Fitting for: [1m(MultiDim_5D_Histo)_(BC_RC_Bayesian)_(SMEAR=Smear)_(Q2_y_Bin_9)_(z_pT_Bin_12)_(MultiDim_Q2_y_z_pT_phi_h)[0m (Histo Num 48096)
Fitting for: [1m(MultiDim_5D_Histo)_(BC_RC_Bayesian)_(SMEAR=Smear)_(Q2_y_Bin_9)_(z_pT_Bin_13)_(MultiDim_Q2_y_z_pT_phi_h)[0m (Histo Num 48097)
Fitting for: [1m(MultiDim_5D_Histo)_(BC_RC_Bayesian)_(SMEAR=Smear)_(Q2_y_Bin_9)_(z_pT_Bin_14)_(MultiDim_Q2_y_z_pT_phi_h)[0m (Histo Num 48098)
Fitting for: [1m(MultiDim_5D_Histo)_(BC_RC_Bayesian)_(SMEAR=Smear)_(Q2_y_Bin_9)_(z_pT_Bin_15)_(MultiDim_Q2_y_z_pT_phi_h)[0m (Histo Num 48099)
Fitting for: [1m(MultiDim_5D_Histo)_(BC_RC_Bayesian)_(SMEAR=Smear)_(Q2_y_Bin_9)_(z_pT_Bin_16)_(MultiDim_Q2_y_z_pT_phi_h)[0m (Histo Num 48100)
Fitting for: [1m(MultiDim_5D_Histo)_(BC_RC_Bayesian)_(SMEAR=Smear)_(Q2_y_Bin_9)_(z_pT_Bin_17)_(MultiDim_Q2_y_z_pT_phi_h)[0m (Histo Num 48101)
Fitting for: [1m(MultiDim_5D_Histo)_(BC_RC_Bayesian)_(SMEAR=Smear)_(Q2_y_Bin_9)_(z_pT_Bin_18)_(MultiDim_Q2_y_z_pT_phi_h)[0m (Histo Num 48102)
Fitting for: [1m(MultiDim_5D_Histo)_(BC_RC_Bayesian)_(SMEAR=Smear)_(Q2_y_Bin_9)_(z_pT_Bin_19)_(MultiDim_Q2_y_z_pT_phi_h)[0m (Histo Num 48103)
Fitting for: [1m(MultiDim_5D_Histo)_(BC_RC_Bayesian)_(SMEAR=Smear)_(Q2_y_Bin_9)_(z_pT_Bin_20)_(MultiDim_Q2_y_z_pT_phi_h)[0m (Histo Num 48104)
Fitting for: [1m(MultiDim_5D_Histo)_(BC_RC_Bayesian)_(SMEAR=Smear)_(Q2_y_Bin_9)_(z_pT_Bin_22)_(MultiDim_Q2_y_z_pT_phi_h)[0m (Histo Num 48105)
Fitting for: [1m(MultiDim_5D_Histo)_(BC_RC_Bayesian)_(SMEAR=Smear)_(Q2_y_Bin_9)_(z_pT_Bin_23)_(MultiDim_Q2_y_z_pT_phi_h)[0m (Histo Num 48106)
Fitting for: [1m(MultiDim_5D_Histo)_(BC_RC_Bayesian)_(SMEAR=Smear)_(Q2_y_Bin_9)_(z_pT_Bin_24)_(MultiDim_Q2_y_z_pT_phi_h)[0m (Histo Num 48107)
Fitting for: [1m(MultiDim_5D_Histo)_(BC_RC_Bayesian)_(SMEAR=Smear)_(Q2_y_Bin_9)_(z_pT_Bin_25)_(MultiDim_Q2_y_z_pT_phi_h)[0m (Histo Num 48108)
Fitting for: [1m(MultiDim_5D_Histo)_(BC_RC_Bayesian)_(SMEAR=Smear)_(Q2_y_Bin_9)_(z_pT_Bin_26)_(MultiDim_Q2_y_z_pT_phi_h)[0m (Histo Num 48109)
Fitting for: [1m(MultiDim_5D_Histo)_(BC_RC_Bayesian)_(SMEAR=Smear)_(Q2_y_Bin_9)_(z_pT_Bin_29)_(MultiDim_Q2_y_z_pT_phi_h)[0m (Histo Num 48110)
Fitting for: [1m(MultiDim_5D_Histo)_(BC_RC_Bayesian)_(SMEAR=Smear)_(Q2_y_Bin_9)_(z_pT_Bin_30)_(MultiDim_Q2_y_z_pT_phi_h)[0m (Histo Num 48111)
Fitting for: [1m(MultiDim_5D_Histo)_(BC_RC_Bayesian)_(SMEAR=Smear)_(Q2_y_Bin_9)_(z_pT_Bin_31)_(MultiDim_Q2_y_z_pT_phi_h)[0m (Histo Num 48112)
Fitting for: [1m(MultiDim_5D_Histo)_(BC_RC_Bayesian)_(SMEAR=Smear)_(Q2_y_Bin_9)_(z_pT_Bin_32)_(MultiDim_Q2_y_z_pT_phi_h)[0m (Histo Num 48113)
Fitting for: [1m(MultiDim_5D_Histo)_(BC_RC_Bayesian)_(SMEAR=Smear)_(Q2_y_Bin_10)_(z_pT_Bin_1)_(MultiDim_Q2_y_z_pT_phi_h)[0m (Histo Num 48114)
Fitting for: [1m(MultiDim_5D_Histo)_(BC_RC_Bayesian)_(SMEAR=Smear)_(Q2_y_Bin_10)_(z_pT_Bin_2)_(MultiDim_Q2_y_z_pT_phi_h)[0m (Histo Num 48115)
Fitting for: [1m(MultiDim_5D_Histo)_(BC_RC_Bayesian)_(SMEAR=Smear)_(Q2_y_Bin_10)_(z_pT_Bin_3)_(MultiDim_Q2_y_z_pT_phi_h)[0m (Histo Num 48116)
Fitting for: [1m(MultiDim_5D_Histo)_(BC_RC_Bayesian)_(SMEAR=Smear)_(Q2_y_Bin_10)_(z_pT_Bin_4)_(MultiDim_Q2_y_z_pT_phi_h)[0m (Histo Num 48117)
Fitting for: [1m(MultiDim_5D_Histo)_(BC_RC_Bayesian)_(SMEAR=Smear)_(Q2_y_Bin_10)_(z_pT_Bin_5)_(MultiDim_Q2_y_z_pT_phi_h)[0m (Histo Num 48118)
Fitting for: [1m(MultiDim_5D_Histo)_(BC_RC_Bayesian)_(SMEAR=Smear)_(Q2_y_Bin_10)_(z_pT_Bin_6)_(MultiDim_Q2_y_z_pT_phi_h)[0m (Histo Num 48119)
Fitting for: [1m(MultiDim_5D_Histo)_(BC_RC_Bayesian)_(SMEAR=Smear)_(Q2_y_Bin_10)_(z_pT_Bin_7)_(MultiDim_Q2_y_z_pT_phi_h)[0m (Histo Num 48120)
Fitting for: [1m(MultiDim_5D_Histo)_(BC_RC_Bayesian)_(SMEAR=Smear)_(Q2_y_Bin_10)_(z_pT_Bin_8)_(MultiDim_Q2_y_z_pT_phi_h)[0m (Histo Num 48121)
Fitting for: [1m(MultiDim_5D_Histo)_(BC_RC_Bayesian)_(SMEAR=Smear)_(Q2_y_Bin_10)_(z_pT_Bin_9)_(MultiDim_Q2_y_z_pT_phi_h)[0m (Histo Num 48122)
Fitting for: [1m(MultiDim_5D_Histo)_(BC_RC_Bayesian)_(SMEAR=Smear)_(Q2_y_Bin_10)_(z_pT_Bin_10)_(MultiDim_Q2_y_z_pT_phi_h)[0m (Histo Num 48123)
Fitting for: [1m(MultiDim_5D_Histo)_(BC_RC_Bayesian)_(SMEAR=Smear)_(Q2_y_Bin_10)_(z_pT_Bin_11)_(MultiDim_Q2_y_z_pT_phi_h)[0m (Histo Num 48124)
Fitting for: [1m(MultiDim_5D_Histo)_(BC_RC_Bayesian)_(SMEAR=Smear)_(Q2_y_Bin_10)_(z_pT_Bin_12)_(MultiDim_Q2_y_z_pT_phi_h)[0m (Histo Num 48125)
Fitting for: [1m(MultiDim_5D_Histo)_(BC_RC_Bayesian)_(SMEAR=Smear)_(Q2_y_Bin_10)_(z_pT_Bin_13)_(MultiDim_Q2_y_z_pT_phi_h)[0m (Histo Num 48126)
Fitting for: [1m(MultiDim_5D_Histo)_(BC_RC_Bayesian)_(SMEAR=Smear)_(Q2_y_Bin_10)_(z_pT_Bin_14)_(MultiDim_Q2_y_z_pT_phi_h)[0m (Histo Num 48127)
Fitting for: [1m(MultiDim_5D_Histo)_(BC_RC_Bayesian)_(SMEAR=Smear)_(Q2_y_Bin_10)_(z_pT_Bin_15)_(MultiDim_Q2_y_z_pT_phi_h)[0m (Histo Num 48128)
Fitting for: [1m(MultiDim_5D_Histo)_(BC_RC_Bayesian)_(SMEAR=Smear)_(Q2_y_Bin_10)_(z_pT_Bin_16)_(MultiDim_Q2_y_z_pT_phi_h)[0m (Histo Num 48129)
Fitting for: [1m(MultiDim_5D_Histo)_(BC_RC_Bayesian)_(SMEAR=Smear)_(Q2_y_Bin_10)_(z_pT_Bin_17)_(MultiDim_Q2_y_z_pT_phi_h)[0m (Histo Num 48130)
Fitting for: [1m(MultiDim_5D_Histo)_(BC_RC_Bayesian)_(SMEAR=Smear)_(Q2_y_Bin_10)_(z_pT_Bin_18)_(MultiDim_Q2_y_z_pT_phi_h)[0m (Histo Num 48131)
Fitting for: [1m(MultiDim_5D_Histo)_(BC_RC_Bayesian)_(SMEAR=Smear)_(Q2_y_Bin_10)_(z_pT_Bin_19)_(MultiDim_Q2_y_z_pT_phi_h)[0m (Histo Num 48132)
Fitting for: [1m(MultiDim_5D_Histo)_(BC_RC_Bayesian)_(SMEAR=Smear)_(Q2_y_Bin_10)_(z_pT_Bin_20)_(MultiDim_Q2_y_z_pT_phi_h)[0m (Histo Num 48133)
Fitting for: [1m(MultiDim_5D_Histo)_(BC_RC_Bayesian)_(SMEAR=Smear)_(Q2_y_Bin_10)_(z_pT_Bin_21)_(MultiDim_Q2_y_z_pT_phi_h)[0m (Histo Num 48134)
Fitting for: [1m(MultiDim_5D_Histo)_(BC_RC_Bayesian)_(SMEAR=Smear)_(Q2_y_Bin_10)_(z_pT_Bin_22)_(MultiDim_Q2_y_z_pT_phi_h)[0m (Histo Num 48135)
Fitting for: [1m(MultiDim_5D_Histo)_(BC_RC_Bayesian)_(SMEAR=Smear)_(Q2_y_Bin_10)_(z_pT_Bin_23)_(MultiDim_Q2_y_z_pT_phi_h)[0m (Histo Num 48136)
Fitting for: [1m(MultiDim_5D_Histo)_(BC_RC_Bayesian)_(SMEAR=Smear)_(Q2_y_Bin_10)_(z_pT_Bin_25)_(MultiDim_Q2_y_z_pT_phi_h)[0m (Histo Num 48137)
Fitting for: [1m(MultiDim_5D_Histo)_(BC_RC_Bayesian)_(SMEAR=Smear)_(Q2_y_Bin_10)_(z_pT_Bin_26)_(MultiDim_Q2_y_z_pT_phi_h)[0m (Histo Num 48138)
Fitting for: [1m(MultiDim_5D_Histo)_(BC_RC_Bayesian)_(SMEAR=Smear)_(Q2_y_Bin_10)_(z_pT_Bin_27)_(MultiDim_Q2_y_z_pT_phi_h)[0m (Histo Num 48139)
Fitting for: [1m(MultiDim_5D_Histo)_(BC_RC_Bayesian)_(SMEAR=Smear)_(Q2_y_Bin_10)_(z_pT_Bin_28)_(MultiDim_Q2_y_z_pT_phi_h)[0m (Histo Num 48140)
Fitting for: [1m(MultiDim_5D_Histo)_(BC_RC_Bayesian)_(SMEAR=Smear)_(Q2_y_Bin_10)_(z_pT_Bin_29)_(MultiDim_Q2_y_z_pT_phi_h)[0m (Histo Num 48141)
Fitting for: [1m(MultiDim_5D_Histo)_(BC_RC_Bayesian)_(SMEAR=Smear)_(Q2_y_Bin_10)_(z_pT_Bin_31)_(MultiDim_Q2_y_z_pT_phi_h)[0m (Histo Num 48142)
Fitting for: [1m(MultiDim_5D_Histo)_(BC_RC_Bayesian)_(SMEAR=Smear)_(Q2_y_Bin_10)_(z_pT_Bin_32)_(MultiDim_Q2_y_z_pT_phi_h)[0m (Histo Num 48143)
Fitting for: [1m(MultiDim_5D_Histo)_(BC_RC_Bayesian)_(SMEAR=Smear)_(Q2_y_Bin_10)_(z_pT_Bin_33)_(MultiDim_Q2_y_z_pT_phi_h)[0m (Histo Num 48144)
Fitting for: [1m(MultiDim_5D_Histo)_(BC_RC_Bayesian)_(SMEAR=Smear)_(Q2_y_Bin_10)_(z_pT_Bin_34)_(MultiDim_Q2_y_z_pT_phi_h)[0m (Histo Num 48145)
Fitting for: [1m(MultiDim_5D_Histo)_(BC_RC_Bayesian)_(SMEAR=Smear)_(Q2_y_Bin_11)_(z_pT_Bin_1)_(MultiDim_Q2_y_z_pT_phi_h)[0m (Histo Num 48146)
Fitting for: [1m(MultiDim_5D_Histo)_(BC_RC_Bayesian)_(SMEAR=Smear)_(Q2_y_Bin_11)_(z_pT_Bin_2)_(MultiDim_Q2_y_z_pT_phi_h)[0m (Histo Num 48147)
Fitting for: [1m(MultiDim_5D_Histo)_(BC_RC_Bayesian)_(SMEAR=Smear)_(Q2_y_Bin_11)_(z_pT_Bin_3)_(MultiDim_Q2_y_z_pT_phi_h)[0m (Histo Num 48148)
Fitting for: [1m(MultiDim_5D_Histo)_(BC_RC_Bayesian)_(SMEAR=Smear)_(Q2_y_Bin_11)_(z_pT_Bin_4)_(MultiDim_Q2_y_z_pT_phi_h)[0m (Histo Num 48149)
Fitting for: [1m(MultiDim_5D_Histo)_(BC_RC_Bayesian)_(SMEAR=Smear)_(Q2_y_Bin_11)_(z_pT_Bin_6)_(MultiDim_Q2_y_z_pT_phi_h)[0m (Histo Num 48150)
Fitting for: [1m(MultiDim_5D_Histo)_(BC_RC_Bayesian)_(SMEAR=Smear)_(Q2_y_Bin_11)_(z_pT_Bin_7)_(MultiDim_Q2_y_z_pT_phi_h)[0m (Histo Num 48151)
Fitting for: [1m(MultiDim_5D_Histo)_(BC_RC_Bayesian)_(SMEAR=Smear)_(Q2_y_Bin_11)_(z_pT_Bin_8)_(MultiDim_Q2_y_z_pT_phi_h)[0m (Histo Num 48152)
Fitting for: [1m(MultiDim_5D_Histo)_(BC_RC_Bayesian)_(SMEAR=Smear)_(Q2_y_Bin_11)_(z_pT_Bin_9)_(MultiDim_Q2_y_z_pT_phi_h)[0m (Histo Num 48153)
Fitting for: [1m(MultiDim_5D_Histo)_(BC_RC_Bayesian)_(SMEAR=Smear)_(Q2_y_Bin_11)_(z_pT_Bin_10)_(MultiDim_Q2_y_z_pT_phi_h)[0m (Histo Num 48154)
Fitting for: [1m(MultiDim_5D_Histo)_(BC_RC_Bayesian)_(SMEAR=Smear)_(Q2_y_Bin_11)_(z_pT_Bin_11)_(MultiDim_Q2_y_z_pT_phi_h)[0m (Histo Num 48155)
Fitting for: [1m(MultiDim_5D_Histo)_(BC_RC_Bayesian)_(SMEAR=Smear)_(Q2_y_Bin_11)_(z_pT_Bin_12)_(MultiDim_Q2_y_z_pT_phi_h)[0m (Histo Num 48156)
Fitting for: [1m(MultiDim_5D_Histo)_(BC_RC_Bayesian)_(SMEAR=Smear)_(Q2_y_Bin_11)_(z_pT_Bin_13)_(MultiDim_Q2_y_z_pT_phi_h)[0m (Histo Num 48157)
Fitting for: [1m(MultiDim_5D_Histo)_(BC_RC_Bayesian)_(SMEAR=Smear)_(Q2_y_Bin_11)_(z_pT_Bin_14)_(MultiDim_Q2_y_z_pT_phi_h)[0m (Histo Num 48158)
Fitting for: [1m(MultiDim_5D_Histo)_(BC_RC_Bayesian)_(SMEAR=Smear)_(Q2_y_Bin_11)_(z_pT_Bin_15)_(MultiDim_Q2_y_z_pT_phi_h)[0m (Histo Num 48159)
Fitting for: [1m(MultiDim_5D_Histo)_(BC_RC_Bayesian)_(SMEAR=Smear)_(Q2_y_Bin_11)_(z_pT_Bin_16)_(MultiDim_Q2_y_z_pT_phi_h)[0m (Histo Num 48160)
Fitting for: [1m(MultiDim_5D_Histo)_(BC_RC_Bayesian)_(SMEAR=Smear)_(Q2_y_Bin_11)_(z_pT_Bin_17)_(MultiDim_Q2_y_z_pT_phi_h)[0m (Histo Num 48161)
Fitting for: [1m(MultiDim_5D_Histo)_(BC_RC_Bayesian)_(SMEAR=Smear)_(Q2_y_Bin_11)_(z_pT_Bin_18)_(MultiDim_Q2_y_z_pT_phi_h)[0m (Histo Num 48162)
Fitting for: [1m(MultiDim_5D_Histo)_(BC_RC_Bayesian)_(SMEAR=Smear)_(Q2_y_Bin_11)_(z_pT_Bin_19)_(MultiDim_Q2_y_z_pT_phi_h)[0m (Histo Num 48163)
Fitting for: [1m(MultiDim_5D_Histo)_(BC_RC_Bayesian)_(SMEAR=Smear)_(Q2_y_Bin_11)_(z_pT_Bin_20)_(MultiDim_Q2_y_z_pT_phi_h)[0m (Histo Num 48164)
Fitting for: [1m(MultiDim_5D_Histo)_(BC_RC_Bayesian)_(SMEAR=Smear)_(Q2_y_Bin_11)_(z_pT_Bin_21)_(MultiDim_Q2_y_z_pT_phi_h)[0m (Histo Num 48165)
Fitting for: [1m(MultiDim_5D_Histo)_(BC_RC_Bayesian)_(SMEAR=Smear)_(Q2_y_Bin_11)_(z_pT_Bin_22)_(MultiDim_Q2_y_z_pT_phi_h)[0m (Histo Num 48166)
Fitting for: [1m(MultiDim_5D_Histo)_(BC_RC_Bayesian)_(SMEAR=Smear)_(Q2_y_Bin_11)_(z_pT_Bin_23)_(MultiDim_Q2_y_z_pT_phi_h)[0m (Histo Num 48167)
Fitting for: [1m(MultiDim_5D_Histo)_(BC_RC_Bayesian)_(SMEAR=Smear)_(Q2_y_Bin_11)_(z_pT_Bin_24)_(MultiDim_Q2_y_z_pT_phi_h)[0m (Histo Num 48168)
Fitting for: [1m(MultiDim_5D_Histo)_(BC_RC_Bayesian)_(SMEAR=Smear)_(Q2_y_Bin_12)_(z_pT_Bin_6)_(MultiDim_Q2_y_z_pT_phi_h)[0m (Histo Num 48169)
Fitting for: [1m(MultiDim_5D_Histo)_(BC_RC_Bayesian)_(SMEAR=Smear)_(Q2_y_Bin_12)_(z_pT_Bin_7)_(MultiDim_Q2_y_z_pT_phi_h)[0m (Histo Num 48170)
Fitting for: [1m(MultiDim_5D_Histo)_(BC_RC_Bayesian)_(SMEAR=Smear)_(Q2_y_Bin_12)_(z_pT_Bin_8)_(MultiDim_Q2_y_z_pT_phi_h)[0m (Histo Num 48171)
Fitting for: [1m(MultiDim_5D_Histo)_(BC_RC_Bayesian)_(SMEAR=Smear)_(Q2_y_Bin_12)_(z_pT_Bin_9)_(MultiDim_Q2_y_z_pT_phi_h)[0m (Histo Num 48172)
Fitting for: [1m(MultiDim_5D_Histo)_(BC_RC_Bayesian)_(SMEAR=Smear)_(Q2_y_Bin_12)_(z_pT_Bin_10)_(MultiDim_Q2_y_z_pT_phi_h)[0m (Histo Num 48173)
Fitting for: [1m(MultiDim_5D_Histo)_(BC_RC_Bayesian)_(SMEAR=Smear)_(Q2_y_Bin_12)_(z_pT_Bin_11)_(MultiDim_Q2_y_z_pT_phi_h)[0m (Histo Num 48174)
Fitting for: [1m(MultiDim_5D_Histo)_(BC_RC_Bayesian)_(SMEAR=Smear)_(Q2_y_Bin_12)_(z_pT_Bin_12)_(MultiDim_Q2_y_z_pT_phi_h)[0m (Histo Num 48175)
Fitting for: [1m(MultiDim_5D_Histo)_(BC_RC_Bayesian)_(SMEAR=Smear)_(Q2_y_Bin_12)_(z_pT_Bin_13)_(MultiDim_Q2_y_z_pT_phi_h)[0m (Histo Num 48176)
Fitting for: [1m(MultiDim_5D_Histo)_(BC_RC_Bayesian)_(SMEAR=Smear)_(Q2_y_Bin_12)_(z_pT_Bin_14)_(MultiDim_Q2_y_z_pT_phi_h)[0m (Histo Num 48177)
Fitting for: [1m(MultiDim_5D_Histo)_(BC_RC_Bayesian)_(SMEAR=Smear)_(Q2_y_Bin_12)_(z_pT_Bin_15)_(MultiDim_Q2_y_z_pT_phi_h)[0m (Histo Num 48178)
Fitting for: [1m(MultiDim_5D_Histo)_(BC_RC_Bayesian)_(SMEAR=Smear)_(Q2_y_Bin_12)_(z_pT_Bin_16)_(MultiDim_Q2_y_z_pT_phi_h)[0m (Histo Num 48179)
Fitting for: [1m(MultiDim_5D_Histo)_(BC_RC_Bayesian)_(SMEAR=Smear)_(Q2_y_Bin_12)_(z_pT_Bin_17)_(MultiDim_Q2_y_z_pT_phi_h)[0m (Histo Num 48180)
Fitting for: [1m(MultiDim_5D_Histo)_(BC_RC_Bayesian)_(SMEAR=Smear)_(Q2_y_Bin_12)_(z_pT_Bin_18)_(MultiDim_Q2_y_z_pT_phi_h)[0m (Histo Num 48181)
Fitting for: [1m(MultiDim_5D_Histo)_(BC_RC_Bayesian)_(SMEAR=Smear)_(Q2_y_Bin_12)_(z_pT_Bin_19)_(MultiDim_Q2_y_z_pT_phi_h)[0m (Histo Num 48182)
Fitting for: [1m(MultiDim_5D_Histo)_(BC_RC_Bayesian)_(SMEAR=Smear)_(Q2_y_Bin_12)_(z_pT_Bin_20)_(MultiDim_Q2_y_z_pT_phi_h)[0m (Histo Num 48183)
Fitting for: [1m(MultiDim_5D_Histo)_(BC_RC_Bayesian)_(SMEAR=Smear)_(Q2_y_Bin_12)_(z_pT_Bin_21)_(MultiDim_Q2_y_z_pT_phi_h)[0m (Histo Num 48184)
Fitting for: [1m(MultiDim_5D_Histo)_(BC_RC_Bayesian)_(SMEAR=Smear)_(Q2_y_Bin_12)_(z_pT_Bin_22)_(MultiDim_Q2_y_z_pT_phi_h)[0m (Histo Num 48185)
Fitting for: [1m(MultiDim_5D_Histo)_(BC_RC_Bayesian)_(SMEAR=Smear)_(Q2_y_Bin_12)_(z_pT_Bin_23)_(MultiDim_Q2_y_z_pT_phi_h)[0m (Histo Num 48186)
Fitting for: [1m(MultiDim_5D_Histo)_(BC_RC_Bayesian)_(SMEAR=Smear)_(Q2_y_Bin_12)_(z_pT_Bin_24)_(MultiDim_Q2_y_z_pT_phi_h)[0m (Histo Num 48187)
Fitting for: [1m(MultiDim_5D_Histo)_(BC_RC_Bayesian)_(SMEAR=Smear)_(Q2_y_Bin_13)_(z_pT_Bin_1)_(MultiDim_Q2_y_z_pT_phi_h)[0m (Histo Num 48188)
Fitting for: [1m(MultiDim_5D_Histo)_(BC_RC_Bayesian)_(SMEAR=Smear)_(Q2_y_Bin_13)_(z_pT_Bin_2)_(MultiDim_Q2_y_z_pT_phi_h)[0m (Histo Num 48189)
Fitting for: [1m(MultiDim_5D_Histo)_(BC_RC_Bayesian)_(SMEAR=Smear)_(Q2_y_Bin_13)_(z_pT_Bin_3)_(MultiDim_Q2_y_z_pT_phi_h)[0m (Histo Num 48190)
Fitting for: [1m(MultiDim_5D_Histo)_(BC_RC_Bayesian)_(SMEAR=Smear)_(Q2_y_Bin_13)_(z_pT_Bin_4)_(MultiDim_Q2_y_z_pT_phi_h)[0m (Histo Num 48191)
Fitting for: [1m(MultiDim_5D_Histo)_(BC_RC_Bayesian)_(SMEAR=Smear)_(Q2_y_Bin_13)_(z_pT_Bin_5)_(MultiDim_Q2_y_z_pT_phi_h)[0m (Histo Num 48192)
Fitting for: [1m(MultiDim_5D_Histo)_(BC_RC_Bayesian)_(SMEAR=Smear)_(Q2_y_Bin_13)_(z_pT_Bin_6)_(MultiDim_Q2_y_z_pT_phi_h)[0m (Histo Num 48193)
Fitting for: [1m(MultiDim_5D_Histo)_(BC_RC_Bayesian)_(SMEAR=Smear)_(Q2_y_Bin_13)_(z_pT_Bin_7)_(MultiDim_Q2_y_z_pT_phi_h)[0m (Histo Num 48194)
Fitting for: [1m(MultiDim_5D_Histo)_(BC_RC_Bayesian)_(SMEAR=Smear)_(Q2_y_Bin_13)_(z_pT_Bin_8)_(MultiDim_Q2_y_z_pT_phi_h)[0m (Histo Num 48195)
Fitting for: [1m(MultiDim_5D_Histo)_(BC_RC_Bayesian)_(SMEAR=Smear)_(Q2_y_Bin_13)_(z_pT_Bin_9)_(MultiDim_Q2_y_z_pT_phi_h)[0m (Histo Num 48196)
Fitting for: [1m(MultiDim_5D_Histo)_(BC_RC_Bayesian)_(SMEAR=Smear)_(Q2_y_Bin_13)_(z_pT_Bin_10)_(MultiDim_Q2_y_z_pT_phi_h)[0m (Histo Num 48197)
Fitting for: [1m(MultiDim_5D_Histo)_(BC_RC_Bayesian)_(SMEAR=Smear)_(Q2_y_Bin_13)_(z_pT_Bin_11)_(MultiDim_Q2_y_z_pT_phi_h)[0m (Histo Num 48198)
Fitting for: [1m(MultiDim_5D_Histo)_(BC_RC_Bayesian)_(SMEAR=Smear)_(Q2_y_Bin_13)_(z_pT_Bin_12)_(MultiDim_Q2_y_z_pT_phi_h)[0m (Histo Num 48199)
Fitting for: [1m(MultiDim_5D_Histo)_(BC_RC_Bayesian)_(SMEAR=Smear)_(Q2_y_Bin_13)_(z_pT_Bin_13)_(MultiDim_Q2_y_z_pT_phi_h)[0m (Histo Num 48200)
Fitting for: [1m(MultiDim_5D_Histo)_(BC_RC_Bayesian)_(SMEAR=Smear)_(Q2_y_Bin_13)_(z_pT_Bin_14)_(MultiDim_Q2_y_z_pT_phi_h)[0m (Histo Num 48201)
Fitting for: [1m(MultiDim_5D_Histo)_(BC_RC_Bayesian)_(SMEAR=Smear)_(Q2_y_Bin_13)_(z_pT_Bin_15)_(MultiDim_Q2_y_z_pT_phi_h)[0m (Histo Num 48202)
Fitting for: [1m(MultiDim_5D_Histo)_(BC_RC_Bayesian)_(SMEAR=Smear)_(Q2_y_Bin_13)_(z_pT_Bin_16)_(MultiDim_Q2_y_z_pT_phi_h)[0m (Histo Num 48203)
Fitting for: [1m(MultiDim_5D_Histo)_(BC_RC_Bayesian)_(SMEAR=Smear)_(Q2_y_Bin_13)_(z_pT_Bin_17)_(MultiDim_Q2_y_z_pT_phi_h)[0m (Histo Num 48204)
Fitting for: [1m(MultiDim_5D_Histo)_(BC_RC_Bayesian)_(SMEAR=Smear)_(Q2_y_Bin_13)_(z_pT_Bin_18)_(MultiDim_Q2_y_z_pT_phi_h)[0m (Histo Num 48205)
Fitting for: [1m(MultiDim_5D_Histo)_(BC_RC_Bayesian)_(SMEAR=Smear)_(Q2_y_Bin_13)_(z_pT_Bin_19)_(MultiDim_Q2_y_z_pT_phi_h)[0m (Histo Num 48206)
Fitting for: [1m(MultiDim_5D_Histo)_(BC_RC_Bayesian)_(SMEAR=Smear)_(Q2_y_Bin_13)_(z_pT_Bin_21)_(MultiDim_Q2_y_z_pT_phi_h)[0m (Histo Num 48207)
Fitting for: [1m(MultiDim_5D_Histo)_(BC_RC_Bayesian)_(SMEAR=Smear)_(Q2_y_Bin_13)_(z_pT_Bin_22)_(MultiDim_Q2_y_z_pT_phi_h)[0m (Histo Num 48208)
Fitting for: [1m(MultiDim_5D_Histo)_(BC_RC_Bayesian)_(SMEAR=Smear)_(Q2_y_Bin_13)_(z_pT_Bin_23)_(MultiDim_Q2_y_z_pT_phi_h)[0m (Histo Num 48209)
Fitting for: [1m(MultiDim_5D_Histo)_(BC_RC_Bayesian)_(SMEAR=Smear)_(Q2_y_Bin_13)_(z_pT_Bin_24)_(MultiDim_Q2_y_z_pT_phi_h)[0m (Histo Num 48210)
Fitting for: [1m(MultiDim_5D_Histo)_(BC_RC_Bayesian)_(SMEAR=Smear)_(Q2_y_Bin_13)_(z_pT_Bin_26)_(MultiDim_Q2_y_z_pT_phi_h)[0m (Histo Num 48211)
Fitting for: [1m(MultiDim_5D_Histo)_(BC_RC_Bayesian)_(SMEAR=Smear)_(Q2_y_Bin_13)_(z_pT_Bin_27)_(MultiDim_Q2_y_z_pT_phi_h)[0m (Histo Num 48212)
Fitting for: [1m(MultiDim_5D_Histo)_(BC_RC_Bayesian)_(SMEAR=Smear)_(Q2_y_Bin_13)_(z_pT_Bin_28)_(MultiDim_Q2_y_z_pT_phi_h)[0m (Histo Num 48213)
Fitting for: [1m(MultiDim_5D_Histo)_(BC_RC_Bayesian)_(SMEAR=Smear)_(Q2_y_Bin_14)_(z_pT_Bin_1)_(MultiDim_Q2_y_z_pT_phi_h)[0m (Histo Num 48214)
Fitting for: [1m(MultiDim_5D_Histo)_(BC_RC_Bayesian)_(SMEAR=Smear)_(Q2_y_Bin_14)_(z_pT_Bin_2)_(MultiDim_Q2_y_z_pT_phi_h)[0m (Histo Num 48215)
Fitting for: [1m(MultiDim_5D_Histo)_(BC_RC_Bayesian)_(SMEAR=Smear)_(Q2_y_Bin_14)_(z_pT_Bin_3)_(MultiDim_Q2_y_z_pT_phi_h)[0m (Histo Num 48216)
Fitting for: [1m(MultiDim_5D_Histo)_(BC_RC_Bayesian)_(SMEAR=Smear)_(Q2_y_Bin_14)_(z_pT_Bin_4)_(MultiDim_Q2_y_z_pT_phi_h)[0m (Histo Num 48217)
Fitting for: [1m(MultiDim_5D_Histo)_(BC_RC_Bayesian)_(SMEAR=Smear)_(Q2_y_Bin_14)_(z_pT_Bin_5)_(MultiDim_Q2_y_z_pT_phi_h)[0m (Histo Num 48218)
Fitting for: [1m(MultiDim_5D_Histo)_(BC_RC_Bayesian)_(SMEAR=Smear)_(Q2_y_Bin_14)_(z_pT_Bin_7)_(MultiDim_Q2_y_z_pT_phi_h)[0m (Histo Num 48219)
Fitting for: [1m(MultiDim_5D_Histo)_(BC_RC_Bayesian)_(SMEAR=Smear)_(Q2_y_Bin_14)_(z_pT_Bin_8)_(MultiDim_Q2_y_z_pT_phi_h)[0m (Histo Num 48220)
Fitting for: [1m(MultiDim_5D_Histo)_(BC_RC_Bayesian)_(SMEAR=Smear)_(Q2_y_Bin_14)_(z_pT_Bin_9)_(MultiDim_Q2_y_z_pT_phi_h)[0m (Histo Num 48221)
Fitting for: [1m(MultiDim_5D_Histo)_(BC_RC_Bayesian)_(SMEAR=Smear)_(Q2_y_Bin_14)_(z_pT_Bin_10)_(MultiDim_Q2_y_z_pT_phi_h)[0m (Histo Num 48222)
Fitting for: [1m(MultiDim_5D_Histo)_(BC_RC_Bayesian)_(SMEAR=Smear)_(Q2_y_Bin_14)_(z_pT_Bin_11)_(MultiDim_Q2_y_z_pT_phi_h)[0m (Histo Num 48223)
Fitting for: [1m(MultiDim_5D_Histo)_(BC_RC_Bayesian)_(SMEAR=Smear)_(Q2_y_Bin_14)_(z_pT_Bin_12)_(MultiDim_Q2_y_z_pT_phi_h)[0m (Histo Num 48224)
Fitting for: [1m(MultiDim_5D_Histo)_(BC_RC_Bayesian)_(SMEAR=Smear)_(Q2_y_Bin_14)_(z_pT_Bin_13)_(MultiDim_Q2_y_z_pT_phi_h)[0m (Histo Num 48225)
Fitting for: [1m(MultiDim_5D_Histo)_(BC_RC_Bayesian)_(SMEAR=Smear)_(Q2_y_Bin_14)_(z_pT_Bin_14)_(MultiDim_Q2_y_z_pT_phi_h)[0m (Histo Num 48226)
Fitting for: [1m(MultiDim_5D_Histo)_(BC_RC_Bayesian)_(SMEAR=Smear)_(Q2_y_Bin_14)_(z_pT_Bin_15)_(MultiDim_Q2_y_z_pT_phi_h)[0m (Histo Num 48227)
Fitting for: [1m(MultiDim_5D_Histo)_(BC_RC_Bayesian)_(SMEAR=Smear)_(Q2_y_Bin_14)_(z_pT_Bin_16)_(MultiDim_Q2_y_z_pT_phi_h)[0m (Histo Num 48228)
Fitting for: [1m(MultiDim_5D_Histo)_(BC_RC_Bayesian)_(SMEAR=Smear)_(Q2_y_Bin_14)_(z_pT_Bin_17)_(MultiDim_Q2_y_z_pT_phi_h)[0m (Histo Num 48229)
Fitting for: [1m(MultiDim_5D_Histo)_(BC_RC_Bayesian)_(SMEAR=Smear)_(Q2_y_Bin_14)_(z_pT_Bin_18)_(MultiDim_Q2_y_z_pT_phi_h)[0m (Histo Num 48230)
Fitting for: [1m(MultiDim_5D_Histo)_(BC_RC_Bayesian)_(SMEAR=Smear)_(Q2_y_Bin_14)_(z_pT_Bin_19)_(MultiDim_Q2_y_z_pT_phi_h)[0m (Histo Num 48231)
Fitting for: [1m(MultiDim_5D_Histo)_(BC_RC_Bayesian)_(SMEAR=Smear)_(Q2_y_Bin_14)_(z_pT_Bin_20)_(MultiDim_Q2_y_z_pT_phi_h)[0m (Histo Num 48232)
Fitting for: [1m(MultiDim_5D_Histo)_(BC_RC_Bayesian)_(SMEAR=Smear)_(Q2_y_Bin_14)_(z_pT_Bin_21)_(MultiDim_Q2_y_z_pT_phi_h)[0m (Histo Num 48233)
Fitting for: [1m(MultiDim_5D_Histo)_(BC_RC_Bayesian)_(SMEAR=Smear)_(Q2_y_Bin_14)_(z_pT_Bin_22)_(MultiDim_Q2_y_z_pT_phi_h)[0m (Histo Num 48234)
Fitting for: [1m(MultiDim_5D_Histo)_(BC_RC_Bayesian)_(SMEAR=Smear)_(Q2_y_Bin_14)_(z_pT_Bin_23)_(MultiDim_Q2_y_z_pT_phi_h)[0m (Histo Num 48235)
Fitting for: [1m(MultiDim_5D_Histo)_(BC_RC_Bayesian)_(SMEAR=Smear)_(Q2_y_Bin_14)_(z_pT_Bin_25)_(MultiDim_Q2_y_z_pT_phi_h)[0m (Histo Num 48236)
Fitting for: [1m(MultiDim_5D_Histo)_(BC_RC_Bayesian)_(SMEAR=Smear)_(Q2_y_Bin_14)_(z_pT_Bin_26)_(MultiDim_Q2_y_z_pT_phi_h)[0m (Histo Num 48237)
Fitting for: [1m(MultiDim_5D_Histo)_(BC_RC_Bayesian)_(SMEAR=Smear)_(Q2_y_Bin_14)_(z_pT_Bin_27)_(MultiDim_Q2_y_z_pT_phi_h)[0m (Histo Num 48238)
Fitting for: [1m(MultiDim_5D_Histo)_(BC_RC_Bayesian)_(SMEAR=Smear)_(Q2_y_Bin_14)_(z_pT_Bin_28)_(MultiDim_Q2_y_z_pT_phi_h)[0m (Histo Num 48239)
Fitting for: [1m(MultiDim_5D_Histo)_(BC_RC_Bayesian)_(SMEAR=Smear)_(Q2_y_Bin_14)_(z_pT_Bin_29)_(MultiDim_Q2_y_z_pT_phi_h)[0m (Histo Num 48240)
Fitting for: [1m(MultiDim_5D_Histo)_(BC_RC_Bayesian)_(SMEAR=Smear)_(Q2_y_Bin_14)_(z_pT_Bin_31)_(MultiDim_Q2_y_z_pT_phi_h)[0m (Histo Num 48241)
Fitting for: [1m(MultiDim_5D_Histo)_(BC_RC_Bayesian)_(SMEAR=Smear)_(Q2_y_Bin_14)_(z_pT_Bin_32)_(MultiDim_Q2_y_z_pT_phi_h)[0m (Histo Num 48242)
Fitting for: [1m(MultiDim_5D_Histo)_(BC_RC_Bayesian)_(SMEAR=Smear)_(Q2_y_Bin_14)_(z_pT_Bin_33)_(MultiDim_Q2_y_z_pT_phi_h)[0m (Histo Num 48243)
Fitting for: [1m(MultiDim_5D_Histo)_(BC_RC_Bayesian)_(SMEAR=Smear)_(Q2_y_Bin_14)_(z_pT_Bin_34)_(MultiDim_Q2_y_z_pT_phi_h)[0m (Histo Num 48244)
Fitting for: [1m(MultiDim_5D_Histo)_(BC_RC_Bayesian)_(SMEAR=Smear)_(Q2_y_Bin_15)_(z_pT_Bin_1)_(MultiDim_Q2_y_z_pT_phi_h)[0m (Histo Num 48245)
Fitting for: [1m(MultiDim_5D_Histo)_(BC_RC_Bayesian)_(SMEAR=Smear)_(Q2_y_Bin_15)_(z_pT_Bin_2)_(MultiDim_Q2_y_z_pT_phi_h)[0m (Histo Num 48246)
Fitting for: [1m(MultiDim_5D_Histo)_(BC_RC_Bayesian)_(SMEAR=Smear)_(Q2_y_Bin_15)_(z_pT_Bin_3)_(MultiDim_Q2_y_z_pT_phi_h)[0m (Histo Num 48247)
Fitting for: [1m(MultiDim_5D_Histo)_(BC_RC_Bayesian)_(SMEAR=Smear)_(Q2_y_Bin_15)_(z_pT_Bin_4)_(MultiDim_Q2_y_z_pT_phi_h)[0m (Histo Num 48248)
Fitting for: [1m(MultiDim_5D_Histo)_(BC_RC_Bayesian)_(SMEAR=Smear)_(Q2_y_Bin_15)_(z_pT_Bin_6)_(MultiDim_Q2_y_z_pT_phi_h)[0m (Histo Num 48249)
Fitting for: [1m(MultiDim_5D_Histo)_(BC_RC_Bayesian)_(SMEAR=Smear)_(Q2_y_Bin_15)_(z_pT_Bin_7)_(MultiDim_Q2_y_z_pT_phi_h)[0m (Histo Num 48250)
Fitting for: [1m(MultiDim_5D_Histo)_(BC_RC_Bayesian)_(SMEAR=Smear)_(Q2_y_Bin_15)_(z_pT_Bin_8)_(MultiDim_Q2_y_z_pT_phi_h)[0m (Histo Num 48251)
Fitting for: [1m(MultiDim_5D_Histo)_(BC_RC_Bayesian)_(SMEAR=Smear)_(Q2_y_Bin_15)_(z_pT_Bin_9)_(MultiDim_Q2_y_z_pT_phi_h)[0m (Histo Num 48252)
Fitting for: [1m(MultiDim_5D_Histo)_(BC_RC_Bayesian)_(SMEAR=Smear)_(Q2_y_Bin_15)_(z_pT_Bin_10)_(MultiDim_Q2_y_z_pT_phi_h)[0m (Histo Num 48253)
Fitting for: [1m(MultiDim_5D_Histo)_(BC_RC_Bayesian)_(SMEAR=Smear)_(Q2_y_Bin_15)_(z_pT_Bin_11)_(MultiDim_Q2_y_z_pT_phi_h)[0m (Histo Num 48254)
Fitting for: [1m(MultiDim_5D_Histo)_(BC_RC_Bayesian)_(SMEAR=Smear)_(Q2_y_Bin_15)_(z_pT_Bin_12)_(MultiDim_Q2_y_z_pT_phi_h)[0m (Histo Num 48255)
Fitting for: [1m(MultiDim_5D_Histo)_(BC_RC_Bayesian)_(SMEAR=Smear)_(Q2_y_Bin_15)_(z_pT_Bin_13)_(MultiDim_Q2_y_z_pT_phi_h)[0m (Histo Num 48256)
Fitting for: [1m(MultiDim_5D_Histo)_(BC_RC_Bayesian)_(SMEAR=Smear)_(Q2_y_Bin_15)_(z_pT_Bin_14)_(MultiDim_Q2_y_z_pT_phi_h)[0m (Histo Num 48257)
Fitting for: [1m(MultiDim_5D_Histo)_(BC_RC_Bayesian)_(SMEAR=Smear)_(Q2_y_Bin_15)_(z_pT_Bin_15)_(MultiDim_Q2_y_z_pT_phi_h)[0m (Histo Num 48258)
Fitting for: [1m(MultiDim_5D_Histo)_(BC_RC_Bayesian)_(SMEAR=Smear)_(Q2_y_Bin_15)_(z_pT_Bin_16)_(MultiDim_Q2_y_z_pT_phi_h)[0m (Histo Num 48259)
Fitting for: [1m(MultiDim_5D_Histo)_(BC_RC_Bayesian)_(SMEAR=Smear)_(Q2_y_Bin_15)_(z_pT_Bin_17)_(MultiDim_Q2_y_z_pT_phi_h)[0m (Histo Num 48260)
Fitting for: [1m(MultiDim_5D_Histo)_(BC_RC_Bayesian)_(SMEAR=Smear)_(Q2_y_Bin_15)_(z_pT_Bin_18)_(MultiDim_Q2_y_z_pT_phi_h)[0m (Histo Num 48261)
Fitting for: [1m(MultiDim_5D_Histo)_(BC_RC_Bayesian)_(SMEAR=Smear)_(Q2_y_Bin_15)_(z_pT_Bin_19)_(MultiDim_Q2_y_z_pT_phi_h)[0m (Histo Num 48262)
Fitting for: [1m(MultiDim_5D_Histo)_(BC_RC_Bayesian)_(SMEAR=Smear)_(Q2_y_Bin_15)_(z_pT_Bin_21)_(MultiDim_Q2_y_z_pT_phi_h)[0m (Histo Num 48263)
Fitting for: [1m(MultiDim_5D_Histo)_(BC_RC_Bayesian)_(SMEAR=Smear)_(Q2_y_Bin_15)_(z_pT_Bin_22)_(MultiDim_Q2_y_z_pT_phi_h)[0m (Histo Num 48264)
Fitting for: [1m(MultiDim_5D_Histo)_(BC_RC_Bayesian)_(SMEAR=Smear)_(Q2_y_Bin_15)_(z_pT_Bin_23)_(MultiDim_Q2_y_z_pT_phi_h)[0m (Histo Num 48265)
Fitting for: [1m(MultiDim_5D_Histo)_(BC_RC_Bayesian)_(SMEAR=Smear)_(Q2_y_Bin_15)_(z_pT_Bin_24)_(MultiDim_Q2_y_z_pT_phi_h)[0m (Histo Num 48266)
Fitting for: [1m(MultiDim_5D_Histo)_(BC_RC_Bayesian)_(SMEAR=Smear)_(Q2_y_Bin_16)_(z_pT_Bin_1)_(MultiDim_Q2_y_z_pT_phi_h)[0m (Histo Num 48267)
Fitting for: [1m(MultiDim_5D_Histo)_(BC_RC_Bayesian)_(SMEAR=Smear)_(Q2_y_Bin_16)_(z_pT_Bin_2)_(MultiDim_Q2_y_z_pT_phi_h)[0m (Histo Num 48268)
Fitting for: [1m(MultiDim_5D_Histo)_(BC_RC_Bayesian)_(SMEAR=Smear)_(Q2_y_Bin_16)_(z_pT_Bin_3)_(MultiDim_Q2_y_z_pT_phi_h)[0m (Histo Num 48269)
Fitting for: [1m(MultiDim_5D_Histo)_(BC_RC_Bayesian)_(SMEAR=Smear)_(Q2_y_Bin_16)_(z_pT_Bin_4)_(MultiDim_Q2_y_z_pT_phi_h)[0m (Histo Num 48270)
Fitting for: [1m(MultiDim_5D_Histo)_(BC_RC_Bayesian)_(SMEAR=Smear)_(Q2_y_Bin_16)_(z_pT_Bin_5)_(MultiDim_Q2_y_z_pT_phi_h)[0m (Histo Num 48271)
Fitting for: [1m(MultiDim_5D_Histo)_(BC_RC_Bayesian)_(SMEAR=Smear)_(Q2_y_Bin_16)_(z_pT_Bin_6)_(MultiDim_Q2_y_z_pT_phi_h)[0m (Histo Num 48272)
Fitting for: [1m(MultiDim_5D_Histo)_(BC_RC_Bayesian)_(SMEAR=Smear)_(Q2_y_Bin_16)_(z_pT_Bin_7)_(MultiDim_Q2_y_z_pT_phi_h)[0m (Histo Num 48273)
Fitting for: [1m(MultiDim_5D_Histo)_(BC_RC_Bayesian)_(SMEAR=Smear)_(Q2_y_Bin_16)_(z_pT_Bin_8)_(MultiDim_Q2_y_z_pT_phi_h)[0m (Histo Num 48274)
Fitting for: [1m(MultiDim_5D_Histo)_(BC_RC_Bayesian)_(SMEAR=Smear)_(Q2_y_Bin_16)_(z_pT_Bin_9)_(MultiDim_Q2_y_z_pT_phi_h)[0m (Histo Num 48275)
Fitting for: [1m(MultiDim_5D_Histo)_(BC_RC_Bayesian)_(SMEAR=Smear)_(Q2_y_Bin_16)_(z_pT_Bin_10)_(MultiDim_Q2_y_z_pT_phi_h)[0m (Histo Num 48276)
Fitting for: [1m(MultiDim_5D_Histo)_(BC_RC_Bayesian)_(SMEAR=Smear)_(Q2_y_Bin_16)_(z_pT_Bin_11)_(MultiDim_Q2_y_z_pT_phi_h)[0m (Histo Num 48277)
Fitting for: [1m(MultiDim_5D_Histo)_(BC_RC_Bayesian)_(SMEAR=Smear)_(Q2_y_Bin_16)_(z_pT_Bin_12)_(MultiDim_Q2_y_z_pT_phi_h)[0m (Histo Num 48278)
Fitting for: [1m(MultiDim_5D_Histo)_(BC_RC_Bayesian)_(SMEAR=Smear)_(Q2_y_Bin_16)_(z_pT_Bin_13)_(MultiDim_Q2_y_z_pT_phi_h)[0m (Histo Num 48279)
Fitting for: [1m(MultiDim_5D_Histo)_(BC_RC_Bayesian)_(SMEAR=Smear)_(Q2_y_Bin_16)_(z_pT_Bin_14)_(MultiDim_Q2_y_z_pT_phi_h)[0m (Histo Num 48280)
Fitting for: [1m(MultiDim_5D_Histo)_(BC_RC_Bayesian)_(SMEAR=Smear)_(Q2_y_Bin_16)_(z_pT_Bin_15)_(MultiDim_Q2_y_z_pT_phi_h)[0m (Histo Num 48281)
Fitting for: [1m(MultiDim_5D_Histo)_(BC_RC_Bayesian)_(SMEAR=Smear)_(Q2_y_Bin_16)_(z_pT_Bin_16)_(MultiDim_Q2_y_z_pT_phi_h)[0m (Histo Num 48282)
Fitting for: [1m(MultiDim_5D_Histo)_(BC_RC_Bayesian)_(SMEAR=Smear)_(Q2_y_Bin_16)_(z_pT_Bin_17)_(MultiDim_Q2_y_z_pT_phi_h)[0m (Histo Num 48283)
Fitting for: [1m(MultiDim_5D_Histo)_(BC_RC_Bayesian)_(SMEAR=Smear)_(Q2_y_Bin_16)_(z_pT_Bin_19)_(MultiDim_Q2_y_z_pT_phi_h)[0m (Histo Num 48284)
Fitting for: [1m(MultiDim_5D_Histo)_(BC_RC_Bayesian)_(SMEAR=Smear)_(Q2_y_Bin_16)_(z_pT_Bin_20)_(MultiDim_Q2_y_z_pT_phi_h)[0m (Histo Num 48285)
Fitting for: [1m(MultiDim_5D_Histo)_(BC_RC_Bayesian)_(SMEAR=Smear)_(Q2_y_Bin_16)_(z_pT_Bin_21)_(MultiDim_Q2_y_z_pT_phi_h)[0m (Histo Num 48286)
Fitting for: [1m(MultiDim_5D_Histo)_(BC_RC_Bayesian)_(SMEAR=Smear)_(Q2_y_Bin_16)_(z_pT_Bin_22)_(MultiDim_Q2_y_z_pT_phi_h)[0m (Histo Num 48287)
Fitting for: [1m(MultiDim_5D_Histo)_(BC_RC_Bayesian)_(SMEAR=Smear)_(Q2_y_Bin_16)_(z_pT_Bin_25)_(MultiDim_Q2_y_z_pT_phi_h)[0m (Histo Num 48288)
Fitting for: [1m(MultiDim_5D_Histo)_(BC_RC_Bayesian)_(SMEAR=Smear)_(Q2_y_Bin_16)_(z_pT_Bin_26)_(MultiDim_Q2_y_z_pT_phi_h)[0m (Histo Num 48289)
Fitting for: [1m(MultiDim_5D_Histo)_(BC_RC_Bayesian)_(SMEAR=Smear)_(Q2_y_Bin_16)_(z_pT_Bin_27)_(MultiDim_Q2_y_z_pT_phi_h)[0m (Histo Num 48290)
Fitting for: [1m(MultiDim_5D_Histo)_(BC_RC_Bayesian)_(SMEAR=Smear)_(Q2_y_Bin_17)_(z_pT_Bin_1)_(MultiDim_Q2_y_z_pT_phi_h)[0m (Histo Num 48291)
Fitting for: [1m(MultiDim_5D_Histo)_(BC_RC_Bayesian)_(SMEAR=Smear)_(Q2_y_Bin_17)_(z_pT_Bin_2)_(MultiDim_Q2_y_z_pT_phi_h)[0m (Histo Num 48292)
Fitting for: [1m(MultiDim_5D_Histo)_(BC_RC_Bayesian)_(SMEAR=Smear)_(Q2_y_Bin_17)_(z_pT_Bin_3)_(MultiDim_Q2_y_z_pT_phi_h)[0m (Histo Num 48293)
Fitting for: [1m(MultiDim_5D_Histo)_(BC_RC_Bayesian)_(SMEAR=Smear)_(Q2_y_Bin_17)_(z_pT_Bin_4)_(MultiDim_Q2_y_z_pT_phi_h)[0m (Histo Num 48294)Fit:0: RuntimeWarning: Fit data is empty 
Fit:0: RuntimeWarning: Fit data is empty 
Fit:0: RuntimeWarning: Fit data is empty 
Fit:0: RuntimeWarning: Fit data is empty 
Fit:0: RuntimeWarning: Fit data is empty 
Fit:0: RuntimeWarning: Fit data is empty 
Fit:0: RuntimeWarning: Fit data is empty 
Fit:0: RuntimeWarning: Fit data is empty 

Fitting for: [1m(MultiDim_5D_Histo)_(BC_RC_Bayesian)_(SMEAR=Smear)_(Q2_y_Bin_17)_(z_pT_Bin_5)_(MultiDim_Q2_y_z_pT_phi_h)[0m (Histo Num 48295)
Fitting for: [1m(MultiDim_5D_Histo)_(BC_RC_Bayesian)_(SMEAR=Smear)_(Q2_y_Bin_17)_(z_pT_Bin_7)_(MultiDim_Q2_y_z_pT_phi_h)[0m (Histo Num 48296)
Fitting for: [1m(MultiDim_5D_Histo)_(BC_RC_Bayesian)_(SMEAR=Smear)_(Q2_y_Bin_17)_(z_pT_Bin_8)_(MultiDim_Q2_y_z_pT_phi_h)[0m (Histo Num 48297)
Fitting for: [1m(MultiDim_5D_Histo)_(BC_RC_Bayesian)_(SMEAR=Smear)_(Q2_y_Bin_17)_(z_pT_Bin_9)_(MultiDim_Q2_y_z_pT_phi_h)[0m (Histo Num 48298)
Fitting for: [1m(MultiDim_5D_Histo)_(BC_RC_Bayesian)_(SMEAR=Smear)_(Q2_y_Bin_17)_(z_pT_Bin_10)_(MultiDim_Q2_y_z_pT_phi_h)[0m (Histo Num 48299)
Fitting for: [1m(MultiDim_5D_Histo)_(BC_RC_Bayesian)_(SMEAR=Smear)_(Q2_y_Bin_17)_(z_pT_Bin_11)_(MultiDim_Q2_y_z_pT_phi_h)[0m (Histo Num 48300)
Fitting for: [1m(MultiDim_5D_Histo)_(BC_RC_Bayesian)_(SMEAR=Smear)_(Q2_y_Bin_17)_(z_pT_Bin_12)_(MultiDim_Q2_y_z_pT_phi_h)[0m (Histo Num 48301)
Fitting for: [1m(MultiDim_5D_Histo)_(BC_RC_Bayesian)_(SMEAR=Smear)_(Q2_y_Bin_17)_(z_pT_Bin_13)_(MultiDim_Q2_y_z_pT_phi_h)[0m (Histo Num 48302)
Fitting for: [1m(MultiDim_5D_Histo)_(BC_RC_Bayesian)_(SMEAR=Smear)_(Q2_y_Bin_17)_(z_pT_Bin_14)_(MultiDim_Q2_y_z_pT_phi_h)[0m (Histo Num 48303)
Fitting for: [1m(MultiDim_5D_Histo)_(BC_RC_Bayesian)_(SMEAR=Smear)_(Q2_y_Bin_17)_(z_pT_Bin_15)_(MultiDim_Q2_y_z_pT_phi_h)[0m (Histo Num 48304)
Fitting for: [1m(MultiDim_5D_Histo)_(BC_RC_Bayesian)_(SMEAR=Smear)_(Q2_y_Bin_17)_(z_pT_Bin_16)_(MultiDim_Q2_y_z_pT_phi_h)[0m (Histo Num 48305)
Fitting for: [1m(MultiDim_5D_Histo)_(BC_RC_Bayesian)_(SMEAR=Smear)_(Q2_y_Bin_17)_(z_pT_Bin_17)_(MultiDim_Q2_y_z_pT_phi_h)[0m (Histo Num 48306)
Fitting for: [1m(MultiDim_5D_Histo)_(BC_RC_Bayesian)_(SMEAR=Smear)_(Q2_y_Bin_17)_(z_pT_Bin_18)_(MultiDim_Q2_y_z_pT_phi_h)[0m (Histo Num 48307)
Fitting for: [1m(MultiDim_5D_Histo)_(BC_RC_Bayesian)_(SMEAR=Smear)_(Q2_y_Bin_17)_(z_pT_Bin_19)_(MultiDim_Q2_y_z_pT_phi_h)[0m (Histo Num 48308)
Fitting for: [1m(MultiDim_5D_Histo)_(BC_RC_Bayesian)_(SMEAR=Smear)_(Q2_y_Bin_17)_(z_pT_Bin_20)_(MultiDim_Q2_y_z_pT_phi_h)[0m (Histo Num 48309)
Fitting for: [1m(MultiDim_5D_Histo)_(BC_RC_Bayesian)_(SMEAR=Smear)_(Q2_y_Bin_17)_(z_pT_Bin_21)_(MultiDim_Q2_y_z_pT_phi_h)[0m (Histo Num 48310)
Fitting for: [1m(MultiDim_5D_Histo)_(BC_RC_Bayesian)_(SMEAR=Smear)_(Q2_y_Bin_17)_(z_pT_Bin_22)_(MultiDim_Q2_y_z_pT_phi_h)[0m (Histo Num 48311)
Fitting for: [1m(MultiDim_5D_Histo)_(BC_RC_Bayesian)_(SMEAR=Smear)_(Q2_y_Bin_17)_(z_pT_Bin_23)_(MultiDim_Q2_y_z_pT_phi_h)[0m (Histo Num 48312)
Fitting for: [1m(MultiDim_5D_Histo)_(BC_RC_Bayesian)_(SMEAR=Smear)_(Q2_y_Bin_17)_(z_pT_Bin_25)_(MultiDim_Q2_y_z_pT_phi_h)[0m (Histo Num 48313)
Fitting for: [1m(MultiDim_5D_Histo)_(BC_RC_Bayesian)_(SMEAR=Smear)_(Q2_y_Bin_17)_(z_pT_Bin_26)_(MultiDim_Q2_y_z_pT_phi_h)[0m (Histo Num 48314)
Fitting for: [1m(MultiDim_5D_Histo)_(BC_RC_Bayesian)_(SMEAR=Smear)_(Q2_y_Bin_17)_(z_pT_Bin_27)_(MultiDim_Q2_y_z_pT_phi_h)[0m (Histo Num 48315)
Fitting for: [1m(MultiDim_5D_Histo)_(BC_RC_Bayesian)_(SMEAR=Smear)_(Q2_y_Bin_17)_(z_pT_Bin_28)_(MultiDim_Q2_y_z_pT_phi_h)[0m (Histo Num 48316)
[91mSkipping: (MultiDim_3D_Histo)_(Bayesian)_(SMEAR=Smear)_(Q2_y_Bin_1)_(z_pT_Bin_1)_(MultiDim_z_pT_Bin_Y_bin_phi_t)_(Normalized)[0m (Histo Num 48440)
[91mSkipping: (MultiDim_3D_Histo)_(RC_Bayesian)_(SMEAR=Smear)_(Q2_y_Bin_1)_(z_pT_Bin_1)_(MultiDim_z_pT_Bin_Y_bin_phi_t)_(Normalized)[0m (Histo Num 48441)
[91mSkipping: (MultiDim_3D_Histo)_(BC_RC_Bayesian)_(SMEAR=Smear)_(Q2_y_Bin_1)_(z_pT_Bin_1)_(MultiDim_z_pT_Bin_Y_bin_phi_t)_(Normalized)[0m (Histo Num 48442)
[91mSkipping: (MultiDim_3D_Histo)_(Bayesian)_(SMEAR=Smear)_(Q2_y_Bin_1)_(z_pT_Bin_2)_(MultiDim_z_pT_Bin_Y_bin_phi_t)_(Normalized)[0m (Histo Num 48446)
[91mSkipping: (MultiDim_3D_Histo)_(RC_Bayesian)_(SMEAR=Smear)_(Q2_y_Bin_1)_(z_pT_Bin_2)_(MultiDim_z_pT_Bin_Y_bin_phi_t)_(Normalized)[0m (Histo Num 48447)
[91mSkipping: (MultiDim_3D_Histo)_(BC_RC_Bayesian)_(SMEAR=Smear)_(Q2_y_Bin_1)_(z_pT_Bin_2)_(MultiDim_z_pT_Bin_Y_bin_phi_t)_(Normalized)[0m (Histo Num 48448)
[91mSkipping: (MultiDim_3D_Histo)_(Bayesian)_(SMEAR=Smear)_(Q2_y_Bin_1)_(z_pT_Bin_3)_(MultiDim_z_pT_Bin_Y_bin_phi_t)_(Normalized)[0m (Histo Num 48452)
[91mSkipping: (MultiDim_3D_Histo)_(RC_Bayesian)_(SMEAR=Smear)_(Q2_y_Bin_1)_(z_pT_Bin_3)_(MultiDim_z_pT_Bin_Y_bin_phi_t)_(Normalized)[0m (Histo Num 48453)
[91mSkipping: (MultiDim_3D_Histo)_(BC_RC_Bayesian)_(SMEAR=Smear)_(Q2_y_Bin_1)_(z_pT_Bin_3)_(MultiDim_z_pT_Bin_Y_bin_phi_t)_(Normalized)[0m (Histo Num 48454)
[91mSkipping: (MultiDim_3D_Histo)_(Bayesian)_(SMEAR=Smear)_(Q2_y_Bin_1)_(z_pT_Bin_4)_(MultiDim_z_pT_Bin_Y_bin_phi_t)_(Normalized)[0m (Histo Num 48458)
[91mSkipping: (MultiDim_3D_Histo)_(RC_Bayesian)_(SMEAR=Smear)_(Q2_y_Bin_1)_(z_pT_Bin_4)_(MultiDim_z_pT_Bin_Y_bin_phi_t)_(Normalized)[0m (Histo Num 48459)
[91mSkipping: (MultiDim_3D_Histo)_(BC_RC_Bayesian)_(SMEAR=Smear)_(Q2_y_Bin_1)_(z_pT_Bin_4)_(MultiDim_z_pT_Bin_Y_bin_phi_t)_(Normalized)[0m (Histo Num 48460)
[91mSkipping: (MultiDim_3D_Histo)_(Bayesian)_(SMEAR=Smear)_(Q2_y_Bin_1)_(z_pT_Bin_5)_(MultiDim_z_pT_Bin_Y_bin_phi_t)_(Normalized)[0m (Histo Num 48464)
[91mSkipping: (MultiDim_3D_Histo)_(RC_Bayesian)_(SMEAR=Smear)_(Q2_y_Bin_1)_(z_pT_Bin_5)_(MultiDim_z_pT_Bin_Y_bin_phi_t)_(Normalized)[0m (Histo Num 48465)
[91mSkipping: (MultiDim_3D_Histo)_(BC_RC_Bayesian)_(SMEAR=Smear)_(Q2_y_Bin_1)_(z_pT_Bin_5)_(MultiDim_z_pT_Bin_Y_bin_phi_t)_(Normalized)[0m (Histo Num 48466)
[91mSkipping: (MultiDim_3D_Histo)_(Bayesian)_(SMEAR=Smear)_(Q2_y_Bin_1)_(z_pT_Bin_6)_(MultiDim_z_pT_Bin_Y_bin_phi_t)_(Normalized)[0m (Histo Num 48470)
[91mSkipping: (MultiDim_3D_Histo)_(RC_Bayesian)_(SMEAR=Smear)_(Q2_y_Bin_1)_(z_pT_Bin_6)_(MultiDim_z_pT_Bin_Y_bin_phi_t)_(Normalized)[0m (Histo Num 48471)
[91mSkipping: (MultiDim_3D_Histo)_(BC_RC_Bayesian)_(SMEAR=Smear)_(Q2_y_Bin_1)_(z_pT_Bin_6)_(MultiDim_z_pT_Bin_Y_bin_phi_t)_(Normalized)[0m (Histo Num 48472)
[91mSkipping: (MultiDim_3D_Histo)_(Bayesian)_(SMEAR=Smear)_(Q2_y_Bin_1)_(z_pT_Bin_7)_(MultiDim_z_pT_Bin_Y_bin_phi_t)_(Normalized)[0m (Histo Num 48476)
[91mSkipping: (MultiDim_3D_Histo)_(RC_Bayesian)_(SMEAR=Smear)_(Q2_y_Bin_1)_(z_pT_Bin_7)_(MultiDim_z_pT_Bin_Y_bin_phi_t)_(Normalized)[0m (Histo Num 48477)
[91mSkipping: (MultiDim_3D_Histo)_(BC_RC_Bayesian)_(SMEAR=Smear)_(Q2_y_Bin_1)_(z_pT_Bin_7)_(MultiDim_z_pT_Bin_Y_bin_phi_t)_(Normalized)[0m (Histo Num 48478)
[91mSkipping: (MultiDim_3D_Histo)_(Bayesian)_(SMEAR=Smear)_(Q2_y_Bin_1)_(z_pT_Bin_8)_(MultiDim_z_pT_Bin_Y_bin_phi_t)_(Normalized)[0m (Histo Num 48482)
[91mSkipping: (MultiDim_3D_Histo)_(RC_Bayesian)_(SMEAR=Smear)_(Q2_y_Bin_1)_(z_pT_Bin_8)_(MultiDim_z_pT_Bin_Y_bin_phi_t)_(Normalized)[0m (Histo Num 48483)
[91mSkipping: (MultiDim_3D_Histo)_(BC_RC_Bayesian)_(SMEAR=Smear)_(Q2_y_Bin_1)_(z_pT_Bin_8)_(MultiDim_z_pT_Bin_Y_bin_phi_t)_(Normalized)[0m (Histo Num 48484)
[91mSkipping: (MultiDim_3D_Histo)_(Bayesian)_(SMEAR=Smear)_(Q2_y_Bin_1)_(z_pT_Bin_9)_(MultiDim_z_pT_Bin_Y_bin_phi_t)_(Normalized)[0m (Histo Num 48488)
[91mSkipping: (MultiDim_3D_Histo)_(RC_Bayesian)_(SMEAR=Smear)_(Q2_y_Bin_1)_(z_pT_Bin_9)_(MultiDim_z_pT_Bin_Y_bin_phi_t)_(Normalized)[0m (Histo Num 48489)
[91mSkipping: (MultiDim_3D_Histo)_(BC_RC_Bayesian)_(SMEAR=Smear)_(Q2_y_Bin_1)_(z_pT_Bin_9)_(MultiDim_z_pT_Bin_Y_bin_phi_t)_(Normalized)[0m (Histo Num 48490)
[91mSkipping: (MultiDim_3D_Histo)_(Bayesian)_(SMEAR=Smear)_(Q2_y_Bin_1)_(z_pT_Bin_10)_(MultiDim_z_pT_Bin_Y_bin_phi_t)_(Normalized)[0m (Histo Num 48494)
[91mSkipping: (MultiDim_3D_Histo)_(RC_Bayesian)_(SMEAR=Smear)_(Q2_y_Bin_1)_(z_pT_Bin_10)_(MultiDim_z_pT_Bin_Y_bin_phi_t)_(Normalized)[0m (Histo Num 48495)
[91mSkipping: (MultiDim_3D_Histo)_(BC_RC_Bayesian)_(SMEAR=Smear)_(Q2_y_Bin_1)_(z_pT_Bin_10)_(MultiDim_z_pT_Bin_Y_bin_phi_t)_(Normalized)[0m (Histo Num 48496)
[91mSkipping: (MultiDim_3D_Histo)_(Bayesian)_(SMEAR=Smear)_(Q2_y_Bin_1)_(z_pT_Bin_11)_(MultiDim_z_pT_Bin_Y_bin_phi_t)_(Normalized)[0m (Histo Num 48500)
[91mSkipping: (MultiDim_3D_Histo)_(RC_Bayesian)_(SMEAR=Smear)_(Q2_y_Bin_1)_(z_pT_Bin_11)_(MultiDim_z_pT_Bin_Y_bin_phi_t)_(Normalized)[0m (Histo Num 48501)
[91mSkipping: (MultiDim_3D_Histo)_(BC_RC_Bayesian)_(SMEAR=Smear)_(Q2_y_Bin_1)_(z_pT_Bin_11)_(MultiDim_z_pT_Bin_Y_bin_phi_t)_(Normalized)[0m (Histo Num 48502)
[91mSkipping: (MultiDim_3D_Histo)_(Bayesian)_(SMEAR=Smear)_(Q2_y_Bin_1)_(z_pT_Bin_12)_(MultiDim_z_pT_Bin_Y_bin_phi_t)_(Normalized)[0m (Histo Num 48506)
[91mSkipping: (MultiDim_3D_Histo)_(RC_Bayesian)_(SMEAR=Smear)_(Q2_y_Bin_1)_(z_pT_Bin_12)_(MultiDim_z_pT_Bin_Y_bin_phi_t)_(Normalized)[0m (Histo Num 48507)
[91mSkipping: (MultiDim_3D_Histo)_(BC_RC_Bayesian)_(SMEAR=Smear)_(Q2_y_Bin_1)_(z_pT_Bin_12)_(MultiDim_z_pT_Bin_Y_bin_phi_t)_(Normalized)[0m (Histo Num 48508)
[91mSkipping: (MultiDim_3D_Histo)_(Bayesian)_(SMEAR=Smear)_(Q2_y_Bin_1)_(z_pT_Bin_13)_(MultiDim_z_pT_Bin_Y_bin_phi_t)_(Normalized)[0m (Histo Num 48512)
[91mSkipping: (MultiDim_3D_Histo)_(RC_Bayesian)_(SMEAR=Smear)_(Q2_y_Bin_1)_(z_pT_Bin_13)_(MultiDim_z_pT_Bin_Y_bin_phi_t)_(Normalized)[0m (Histo Num 48513)
[91mSkipping: (MultiDim_3D_Histo)_(BC_RC_Bayesian)_(SMEAR=Smear)_(Q2_y_Bin_1)_(z_pT_Bin_13)_(MultiDim_z_pT_Bin_Y_bin_phi_t)_(Normalized)[0m (Histo Num 48514)
[91mSkipping: (MultiDim_3D_Histo)_(Bayesian)_(SMEAR=Smear)_(Q2_y_Bin_1)_(z_pT_Bin_14)_(MultiDim_z_pT_Bin_Y_bin_phi_t)_(Normalized)[0m (Histo Num 48518)
[91mSkipping: (MultiDim_3D_Histo)_(RC_Bayesian)_(SMEAR=Smear)_(Q2_y_Bin_1)_(z_pT_Bin_14)_(MultiDim_z_pT_Bin_Y_bin_phi_t)_(Normalized)[0m (Histo Num 48519)
[91mSkipping: (MultiDim_3D_Histo)_(BC_RC_Bayesian)_(SMEAR=Smear)_(Q2_y_Bin_1)_(z_pT_Bin_14)_(MultiDim_z_pT_Bin_Y_bin_phi_t)_(Normalized)[0m (Histo Num 48520)
[91mSkipping: (MultiDim_3D_Histo)_(Bayesian)_(SMEAR=Smear)_(Q2_y_Bin_1)_(z_pT_Bin_15)_(MultiDim_z_pT_Bin_Y_bin_phi_t)_(Normalized)[0m (Histo Num 48524)
[91mSkipping: (MultiDim_3D_Histo)_(RC_Bayesian)_(SMEAR=Smear)_(Q2_y_Bin_1)_(z_pT_Bin_15)_(MultiDim_z_pT_Bin_Y_bin_phi_t)_(Normalized)[0m (Histo Num 48525)
[91mSkipping: (MultiDim_3D_Histo)_(BC_RC_Bayesian)_(SMEAR=Smear)_(Q2_y_Bin_1)_(z_pT_Bin_15)_(MultiDim_z_pT_Bin_Y_bin_phi_t)_(Normalized)[0m (Histo Num 48526)
[91mSkipping: (MultiDim_3D_Histo)_(Bayesian)_(SMEAR=Smear)_(Q2_y_Bin_1)_(z_pT_Bin_16)_(MultiDim_z_pT_Bin_Y_bin_phi_t)_(Normalized)[0m (Histo Num 48530)
[91mSkipping: (MultiDim_3D_Histo)_(RC_Bayesian)_(SMEAR=Smear)_(Q2_y_Bin_1)_(z_pT_Bin_16)_(MultiDim_z_pT_Bin_Y_bin_phi_t)_(Normalized)[0m (Histo Num 48531)
[91mSkipping: (MultiDim_3D_Histo)_(BC_RC_Bayesian)_(SMEAR=Smear)_(Q2_y_Bin_1)_(z_pT_Bin_16)_(MultiDim_z_pT_Bin_Y_bin_phi_t)_(Normalized)[0m (Histo Num 48532)
[91mSkipping: (MultiDim_3D_Histo)_(Bayesian)_(SMEAR=Smear)_(Q2_y_Bin_1)_(z_pT_Bin_17)_(MultiDim_z_pT_Bin_Y_bin_phi_t)_(Normalized)[0m (Histo Num 48536)
[91mSkipping: (MultiDim_3D_Histo)_(RC_Bayesian)_(SMEAR=Smear)_(Q2_y_Bin_1)_(z_pT_Bin_17)_(MultiDim_z_pT_Bin_Y_bin_phi_t)_(Normalized)[0m (Histo Num 48537)
[91mSkipping: (MultiDim_3D_Histo)_(BC_RC_Bayesian)_(SMEAR=Smear)_(Q2_y_Bin_1)_(z_pT_Bin_17)_(MultiDim_z_pT_Bin_Y_bin_phi_t)_(Normalized)[0m (Histo Num 48538)
[91mSkipping: (MultiDim_3D_Histo)_(Bayesian)_(SMEAR=Smear)_(Q2_y_Bin_1)_(z_pT_Bin_18)_(MultiDim_z_pT_Bin_Y_bin_phi_t)_(Normalized)[0m (Histo Num 48542)
[91mSkipping: (MultiDim_3D_Histo)_(RC_Bayesian)_(SMEAR=Smear)_(Q2_y_Bin_1)_(z_pT_Bin_18)_(MultiDim_z_pT_Bin_Y_bin_phi_t)_(Normalized)[0m (Histo Num 48543)
[91mSkipping: (MultiDim_3D_Histo)_(BC_RC_Bayesian)_(SMEAR=Smear)_(Q2_y_Bin_1)_(z_pT_Bin_18)_(MultiDim_z_pT_Bin_Y_bin_phi_t)_(Normalized)[0m (Histo Num 48544)
[91mSkipping: (MultiDim_3D_Histo)_(Bayesian)_(SMEAR=Smear)_(Q2_y_Bin_1)_(z_pT_Bin_19)_(MultiDim_z_pT_Bin_Y_bin_phi_t)_(Normalized)[0m (Histo Num 48548)
[91mSkipping: (MultiDim_3D_Histo)_(RC_Bayesian)_(SMEAR=Smear)_(Q2_y_Bin_1)_(z_pT_Bin_19)_(MultiDim_z_pT_Bin_Y_bin_phi_t)_(Normalized)[0m (Histo Num 48549)
[91mSkipping: (MultiDim_3D_Histo)_(BC_RC_Bayesian)_(SMEAR=Smear)_(Q2_y_Bin_1)_(z_pT_Bin_19)_(MultiDim_z_pT_Bin_Y_bin_phi_t)_(Normalized)[0m (Histo Num 48550)
[91mSkipping: (MultiDim_3D_Histo)_(Bayesian)_(SMEAR=Smear)_(Q2_y_Bin_1)_(z_pT_Bin_20)_(MultiDim_z_pT_Bin_Y_bin_phi_t)_(Normalized)[0m (Histo Num 48554)
[91mSkipping: (MultiDim_3D_Histo)_(RC_Bayesian)_(SMEAR=Smear)_(Q2_y_Bin_1)_(z_pT_Bin_20)_(MultiDim_z_pT_Bin_Y_bin_phi_t)_(Normalized)[0m (Histo Num 48555)
[91mSkipping: (MultiDim_3D_Histo)_(BC_RC_Bayesian)_(SMEAR=Smear)_(Q2_y_Bin_1)_(z_pT_Bin_20)_(MultiDim_z_pT_Bin_Y_bin_phi_t)_(Normalized)[0m (Histo Num 48556)
[91mSkipping: (MultiDim_3D_Histo)_(Bayesian)_(SMEAR=Smear)_(Q2_y_Bin_1)_(z_pT_Bin_22)_(MultiDim_z_pT_Bin_Y_bin_phi_t)_(Normalized)[0m (Histo Num 48560)
[91mSkipping: (MultiDim_3D_Histo)_(RC_Bayesian)_(SMEAR=Smear)_(Q2_y_Bin_1)_(z_pT_Bin_22)_(MultiDim_z_pT_Bin_Y_bin_phi_t)_(Normalized)[0m (Histo Num 48561)
[91mSkipping: (MultiDim_3D_Histo)_(BC_RC_Bayesian)_(SMEAR=Smear)_(Q2_y_Bin_1)_(z_pT_Bin_22)_(MultiDim_z_pT_Bin_Y_bin_phi_t)_(Normalized)[0m (Histo Num 48562)
[91mSkipping: (MultiDim_3D_Histo)_(Bayesian)_(SMEAR=Smear)_(Q2_y_Bin_1)_(z_pT_Bin_23)_(MultiDim_z_pT_Bin_Y_bin_phi_t)_(Normalized)[0m (Histo Num 48566)
[91mSkipping: (MultiDim_3D_Histo)_(RC_Bayesian)_(SMEAR=Smear)_(Q2_y_Bin_1)_(z_pT_Bin_23)_(MultiDim_z_pT_Bin_Y_bin_phi_t)_(Normalized)[0m (Histo Num 48567)
[91mSkipping: (MultiDim_3D_Histo)_(BC_RC_Bayesian)_(SMEAR=Smear)_(Q2_y_Bin_1)_(z_pT_Bin_23)_(MultiDim_z_pT_Bin_Y_bin_phi_t)_(Normalized)[0m (Histo Num 48568)
[91mSkipping: (MultiDim_3D_Histo)_(Bayesian)_(SMEAR=Smear)_(Q2_y_Bin_1)_(z_pT_Bin_24)_(MultiDim_z_pT_Bin_Y_bin_phi_t)_(Normalized)[0m (Histo Num 48572)
[91mSkipping: (MultiDim_3D_Histo)_(RC_Bayesian)_(SMEAR=Smear)_(Q2_y_Bin_1)_(z_pT_Bin_24)_(MultiDim_z_pT_Bin_Y_bin_phi_t)_(Normalized)[0m (Histo Num 48573)
[91mSkipping: (MultiDim_3D_Histo)_(BC_RC_Bayesian)_(SMEAR=Smear)_(Q2_y_Bin_1)_(z_pT_Bin_24)_(MultiDim_z_pT_Bin_Y_bin_phi_t)_(Normalized)[0m (Histo Num 48574)
[91mSkipping: (MultiDim_3D_Histo)_(Bayesian)_(SMEAR=Smear)_(Q2_y_Bin_1)_(z_pT_Bin_25)_(MultiDim_z_pT_Bin_Y_bin_phi_t)_(Normalized)[0m (Histo Num 48578)
[91mSkipping: (MultiDim_3D_Histo)_(RC_Bayesian)_(SMEAR=Smear)_(Q2_y_Bin_1)_(z_pT_Bin_25)_(MultiDim_z_pT_Bin_Y_bin_phi_t)_(Normalized)[0m (Histo Num 48579)
[91mSkipping: (MultiDim_3D_Histo)_(BC_RC_Bayesian)_(SMEAR=Smear)_(Q2_y_Bin_1)_(z_pT_Bin_25)_(MultiDim_z_pT_Bin_Y_bin_phi_t)_(Normalized)[0m (Histo Num 48580)
[91mSkipping: (MultiDim_3D_Histo)_(Bayesian)_(SMEAR=Smear)_(Q2_y_Bin_1)_(z_pT_Bin_26)_(MultiDim_z_pT_Bin_Y_bin_phi_t)_(Normalized)[0m (Histo Num 48584)
[91mSkipping: (MultiDim_3D_Histo)_(RC_Bayesian)_(SMEAR=Smear)_(Q2_y_Bin_1)_(z_pT_Bin_26)_(MultiDim_z_pT_Bin_Y_bin_phi_t)_(Normalized)[0m (Histo Num 48585)
[91mSkipping: (MultiDim_3D_Histo)_(BC_RC_Bayesian)_(SMEAR=Smear)_(Q2_y_Bin_1)_(z_pT_Bin_26)_(MultiDim_z_pT_Bin_Y_bin_phi_t)_(Normalized)[0m (Histo Num 48586)
[91mSkipping: (MultiDim_3D_Histo)_(Bayesian)_(SMEAR=Smear)_(Q2_y_Bin_1)_(z_pT_Bin_29)_(MultiDim_z_pT_Bin_Y_bin_phi_t)_(Normalized)[0m (Histo Num 48590)
[91mSkipping: (MultiDim_3D_Histo)_(RC_Bayesian)_(SMEAR=Smear)_(Q2_y_Bin_1)_(z_pT_Bin_29)_(MultiDim_z_pT_Bin_Y_bin_phi_t)_(Normalized)[0m (Histo Num 48591)
[91mSkipping: (MultiDim_3D_Histo)_(BC_RC_Bayesian)_(SMEAR=Smear)_(Q2_y_Bin_1)_(z_pT_Bin_29)_(MultiDim_z_pT_Bin_Y_bin_phi_t)_(Normalized)[0m (Histo Num 48592)
[91mSkipping: (MultiDim_3D_Histo)_(Bayesian)_(SMEAR=Smear)_(Q2_y_Bin_1)_(z_pT_Bin_30)_(MultiDim_z_pT_Bin_Y_bin_phi_t)_(Normalized)[0m (Histo Num 48596)
[91mSkipping: (MultiDim_3D_Histo)_(RC_Bayesian)_(SMEAR=Smear)_(Q2_y_Bin_1)_(z_pT_Bin_30)_(MultiDim_z_pT_Bin_Y_bin_phi_t)_(Normalized)[0m (Histo Num 48597)
[91mSkipping: (MultiDim_3D_Histo)_(BC_RC_Bayesian)_(SMEAR=Smear)_(Q2_y_Bin_1)_(z_pT_Bin_30)_(MultiDim_z_pT_Bin_Y_bin_phi_t)_(Normalized)[0m (Histo Num 48598)
[91mSkipping: (MultiDim_3D_Histo)_(Bayesian)_(SMEAR=Smear)_(Q2_y_Bin_1)_(z_pT_Bin_31)_(MultiDim_z_pT_Bin_Y_bin_phi_t)_(Normalized)[0m (Histo Num 48602)
[91mSkipping: (MultiDim_3D_Histo)_(RC_Bayesian)_(SMEAR=Smear)_(Q2_y_Bin_1)_(z_pT_Bin_31)_(MultiDim_z_pT_Bin_Y_bin_phi_t)_(Normalized)[0m (Histo Num 48603)
[91mSkipping: (MultiDim_3D_Histo)_(BC_RC_Bayesian)_(SMEAR=Smear)_(Q2_y_Bin_1)_(z_pT_Bin_31)_(MultiDim_z_pT_Bin_Y_bin_phi_t)_(Normalized)[0m (Histo Num 48604)
[91mSkipping: (MultiDim_3D_Histo)_(Bayesian)_(SMEAR=Smear)_(Q2_y_Bin_1)_(z_pT_Bin_32)_(MultiDim_z_pT_Bin_Y_bin_phi_t)_(Normalized)[0m (Histo Num 48608)
[91mSkipping: (MultiDim_3D_Histo)_(RC_Bayesian)_(SMEAR=Smear)_(Q2_y_Bin_1)_(z_pT_Bin_32)_(MultiDim_z_pT_Bin_Y_bin_phi_t)_(Normalized)[0m (Histo Num 48609)
[91mSkipping: (MultiDim_3D_Histo)_(BC_RC_Bayesian)_(SMEAR=Smear)_(Q2_y_Bin_1)_(z_pT_Bin_32)_(MultiDim_z_pT_Bin_Y_bin_phi_t)_(Normalized)[0m (Histo Num 48610)
[91mSkipping: (MultiDim_3D_Histo)_(Bayesian)_(SMEAR=Smear)_(Q2_y_Bin_2)_(z_pT_Bin_1)_(MultiDim_z_pT_Bin_Y_bin_phi_t)_(Normalized)[0m (Histo Num 48614)
[91mSkipping: (MultiDim_3D_Histo)_(RC_Bayesian)_(SMEAR=Smear)_(Q2_y_Bin_2)_(z_pT_Bin_1)_(MultiDim_z_pT_Bin_Y_bin_phi_t)_(Normalized)[0m (Histo Num 48615)
[91mSkipping: (MultiDim_3D_Histo)_(BC_RC_Bayesian)_(SMEAR=Smear)_(Q2_y_Bin_2)_(z_pT_Bin_1)_(MultiDim_z_pT_Bin_Y_bin_phi_t)_(Normalized)[0m (Histo Num 48616)
[91mSkipping: (MultiDim_3D_Histo)_(Bayesian)_(SMEAR=Smear)_(Q2_y_Bin_2)_(z_pT_Bin_2)_(MultiDim_z_pT_Bin_Y_bin_phi_t)_(Normalized)[0m (Histo Num 48620)
[91mSkipping: (MultiDim_3D_Histo)_(RC_Bayesian)_(SMEAR=Smear)_(Q2_y_Bin_2)_(z_pT_Bin_2)_(MultiDim_z_pT_Bin_Y_bin_phi_t)_(Normalized)[0m (Histo Num 48621)
[91mSkipping: (MultiDim_3D_Histo)_(BC_RC_Bayesian)_(SMEAR=Smear)_(Q2_y_Bin_2)_(z_pT_Bin_2)_(MultiDim_z_pT_Bin_Y_bin_phi_t)_(Normalized)[0m (Histo Num 48622)
[91mSkipping: (MultiDim_3D_Histo)_(Bayesian)_(SMEAR=Smear)_(Q2_y_Bin_2)_(z_pT_Bin_3)_(MultiDim_z_pT_Bin_Y_bin_phi_t)_(Normalized)[0m (Histo Num 48626)
[91mSkipping: (MultiDim_3D_Histo)_(RC_Bayesian)_(SMEAR=Smear)_(Q2_y_Bin_2)_(z_pT_Bin_3)_(MultiDim_z_pT_Bin_Y_bin_phi_t)_(Normalized)[0m (Histo Num 48627)
[91mSkipping: (MultiDim_3D_Histo)_(BC_RC_Bayesian)_(SMEAR=Smear)_(Q2_y_Bin_2)_(z_pT_Bin_3)_(MultiDim_z_pT_Bin_Y_bin_phi_t)_(Normalized)[0m (Histo Num 48628)
[91mSkipping: (MultiDim_3D_Histo)_(Bayesian)_(SMEAR=Smear)_(Q2_y_Bin_2)_(z_pT_Bin_4)_(MultiDim_z_pT_Bin_Y_bin_phi_t)_(Normalized)[0m (Histo Num 48632)
[91mSkipping: (MultiDim_3D_Histo)_(RC_Bayesian)_(SMEAR=Smear)_(Q2_y_Bin_2)_(z_pT_Bin_4)_(MultiDim_z_pT_Bin_Y_bin_phi_t)_(Normalized)[0m (Histo Num 48633)
[91mSkipping: (MultiDim_3D_Histo)_(BC_RC_Bayesian)_(SMEAR=Smear)_(Q2_y_Bin_2)_(z_pT_Bin_4)_(MultiDim_z_pT_Bin_Y_bin_phi_t)_(Normalized)[0m (Histo Num 48634)
[91mSkipping: (MultiDim_3D_Histo)_(Bayesian)_(SMEAR=Smear)_(Q2_y_Bin_2)_(z_pT_Bin_5)_(MultiDim_z_pT_Bin_Y_bin_phi_t)_(Normalized)[0m (Histo Num 48638)
[91mSkipping: (MultiDim_3D_Histo)_(RC_Bayesian)_(SMEAR=Smear)_(Q2_y_Bin_2)_(z_pT_Bin_5)_(MultiDim_z_pT_Bin_Y_bin_phi_t)_(Normalized)[0m (Histo Num 48639)
[91mSkipping: (MultiDim_3D_Histo)_(BC_RC_Bayesian)_(SMEAR=Smear)_(Q2_y_Bin_2)_(z_pT_Bin_5)_(MultiDim_z_pT_Bin_Y_bin_phi_t)_(Normalized)[0m (Histo Num 48640)
[91mSkipping: (MultiDim_3D_Histo)_(Bayesian)_(SMEAR=Smear)_(Q2_y_Bin_2)_(z_pT_Bin_6)_(MultiDim_z_pT_Bin_Y_bin_phi_t)_(Normalized)[0m (Histo Num 48644)
[91mSkipping: (MultiDim_3D_Histo)_(RC_Bayesian)_(SMEAR=Smear)_(Q2_y_Bin_2)_(z_pT_Bin_6)_(MultiDim_z_pT_Bin_Y_bin_phi_t)_(Normalized)[0m (Histo Num 48645)
[91mSkipping: (MultiDim_3D_Histo)_(BC_RC_Bayesian)_(SMEAR=Smear)_(Q2_y_Bin_2)_(z_pT_Bin_6)_(MultiDim_z_pT_Bin_Y_bin_phi_t)_(Normalized)[0m (Histo Num 48646)
[91mSkipping: (MultiDim_3D_Histo)_(Bayesian)_(SMEAR=Smear)_(Q2_y_Bin_2)_(z_pT_Bin_7)_(MultiDim_z_pT_Bin_Y_bin_phi_t)_(Normalized)[0m (Histo Num 48650)
[91mSkipping: (MultiDim_3D_Histo)_(RC_Bayesian)_(SMEAR=Smear)_(Q2_y_Bin_2)_(z_pT_Bin_7)_(MultiDim_z_pT_Bin_Y_bin_phi_t)_(Normalized)[0m (Histo Num 48651)
[91mSkipping: (MultiDim_3D_Histo)_(BC_RC_Bayesian)_(SMEAR=Smear)_(Q2_y_Bin_2)_(z_pT_Bin_7)_(MultiDim_z_pT_Bin_Y_bin_phi_t)_(Normalized)[0m (Histo Num 48652)
[91mSkipping: (MultiDim_3D_Histo)_(Bayesian)_(SMEAR=Smear)_(Q2_y_Bin_2)_(z_pT_Bin_8)_(MultiDim_z_pT_Bin_Y_bin_phi_t)_(Normalized)[0m (Histo Num 48656)
[91mSkipping: (MultiDim_3D_Histo)_(RC_Bayesian)_(SMEAR=Smear)_(Q2_y_Bin_2)_(z_pT_Bin_8)_(MultiDim_z_pT_Bin_Y_bin_phi_t)_(Normalized)[0m (Histo Num 48657)
[91mSkipping: (MultiDim_3D_Histo)_(BC_RC_Bayesian)_(SMEAR=Smear)_(Q2_y_Bin_2)_(z_pT_Bin_8)_(MultiDim_z_pT_Bin_Y_bin_phi_t)_(Normalized)[0m (Histo Num 48658)
[91mSkipping: (MultiDim_3D_Histo)_(Bayesian)_(SMEAR=Smear)_(Q2_y_Bin_2)_(z_pT_Bin_9)_(MultiDim_z_pT_Bin_Y_bin_phi_t)_(Normalized)[0m (Histo Num 48662)
[91mSkipping: (MultiDim_3D_Histo)_(RC_Bayesian)_(SMEAR=Smear)_(Q2_y_Bin_2)_(z_pT_Bin_9)_(MultiDim_z_pT_Bin_Y_bin_phi_t)_(Normalized)[0m (Histo Num 48663)
[91mSkipping: (MultiDim_3D_Histo)_(BC_RC_Bayesian)_(SMEAR=Smear)_(Q2_y_Bin_2)_(z_pT_Bin_9)_(MultiDim_z_pT_Bin_Y_bin_phi_t)_(Normalized)[0m (Histo Num 48664)
[91mSkipping: (MultiDim_3D_Histo)_(Bayesian)_(SMEAR=Smear)_(Q2_y_Bin_2)_(z_pT_Bin_10)_(MultiDim_z_pT_Bin_Y_bin_phi_t)_(Normalized)[0m (Histo Num 48668)
[91mSkipping: (MultiDim_3D_Histo)_(RC_Bayesian)_(SMEAR=Smear)_(Q2_y_Bin_2)_(z_pT_Bin_10)_(MultiDim_z_pT_Bin_Y_bin_phi_t)_(Normalized)[0m (Histo Num 48669)
[91mSkipping: (MultiDim_3D_Histo)_(BC_RC_Bayesian)_(SMEAR=Smear)_(Q2_y_Bin_2)_(z_pT_Bin_10)_(MultiDim_z_pT_Bin_Y_bin_phi_t)_(Normalized)[0m (Histo Num 48670)
[91mSkipping: (MultiDim_3D_Histo)_(Bayesian)_(SMEAR=Smear)_(Q2_y_Bin_2)_(z_pT_Bin_11)_(MultiDim_z_pT_Bin_Y_bin_phi_t)_(Normalized)[0m (Histo Num 48674)
[91mSkipping: (MultiDim_3D_Histo)_(RC_Bayesian)_(SMEAR=Smear)_(Q2_y_Bin_2)_(z_pT_Bin_11)_(MultiDim_z_pT_Bin_Y_bin_phi_t)_(Normalized)[0m (Histo Num 48675)
[91mSkipping: (MultiDim_3D_Histo)_(BC_RC_Bayesian)_(SMEAR=Smear)_(Q2_y_Bin_2)_(z_pT_Bin_11)_(MultiDim_z_pT_Bin_Y_bin_phi_t)_(Normalized)[0m (Histo Num 48676)
[91mSkipping: (MultiDim_3D_Histo)_(Bayesian)_(SMEAR=Smear)_(Q2_y_Bin_2)_(z_pT_Bin_12)_(MultiDim_z_pT_Bin_Y_bin_phi_t)_(Normalized)[0m (Histo Num 48680)
[91mSkipping: (MultiDim_3D_Histo)_(RC_Bayesian)_(SMEAR=Smear)_(Q2_y_Bin_2)_(z_pT_Bin_12)_(MultiDim_z_pT_Bin_Y_bin_phi_t)_(Normalized)[0m (Histo Num 48681)
[91mSkipping: (MultiDim_3D_Histo)_(BC_RC_Bayesian)_(SMEAR=Smear)_(Q2_y_Bin_2)_(z_pT_Bin_12)_(MultiDim_z_pT_Bin_Y_bin_phi_t)_(Normalized)[0m (Histo Num 48682)
[91mSkipping: (MultiDim_3D_Histo)_(Bayesian)_(SMEAR=Smear)_(Q2_y_Bin_2)_(z_pT_Bin_13)_(MultiDim_z_pT_Bin_Y_bin_phi_t)_(Normalized)[0m (Histo Num 48686)
[91mSkipping: (MultiDim_3D_Histo)_(RC_Bayesian)_(SMEAR=Smear)_(Q2_y_Bin_2)_(z_pT_Bin_13)_(MultiDim_z_pT_Bin_Y_bin_phi_t)_(Normalized)[0m (Histo Num 48687)
[91mSkipping: (MultiDim_3D_Histo)_(BC_RC_Bayesian)_(SMEAR=Smear)_(Q2_y_Bin_2)_(z_pT_Bin_13)_(MultiDim_z_pT_Bin_Y_bin_phi_t)_(Normalized)[0m (Histo Num 48688)
[91mSkipping: (MultiDim_3D_Histo)_(Bayesian)_(SMEAR=Smear)_(Q2_y_Bin_2)_(z_pT_Bin_14)_(MultiDim_z_pT_Bin_Y_bin_phi_t)_(Normalized)[0m (Histo Num 48692)
[91mSkipping: (MultiDim_3D_Histo)_(RC_Bayesian)_(SMEAR=Smear)_(Q2_y_Bin_2)_(z_pT_Bin_14)_(MultiDim_z_pT_Bin_Y_bin_phi_t)_(Normalized)[0m (Histo Num 48693)
[91mSkipping: (MultiDim_3D_Histo)_(BC_RC_Bayesian)_(SMEAR=Smear)_(Q2_y_Bin_2)_(z_pT_Bin_14)_(MultiDim_z_pT_Bin_Y_bin_phi_t)_(Normalized)[0m (Histo Num 48694)
[91mSkipping: (MultiDim_3D_Histo)_(Bayesian)_(SMEAR=Smear)_(Q2_y_Bin_2)_(z_pT_Bin_15)_(MultiDim_z_pT_Bin_Y_bin_phi_t)_(Normalized)[0m (Histo Num 48698)
[91mSkipping: (MultiDim_3D_Histo)_(RC_Bayesian)_(SMEAR=Smear)_(Q2_y_Bin_2)_(z_pT_Bin_15)_(MultiDim_z_pT_Bin_Y_bin_phi_t)_(Normalized)[0m (Histo Num 48699)
[91mSkipping: (MultiDim_3D_Histo)_(BC_RC_Bayesian)_(SMEAR=Smear)_(Q2_y_Bin_2)_(z_pT_Bin_15)_(MultiDim_z_pT_Bin_Y_bin_phi_t)_(Normalized)[0m (Histo Num 48700)
[91mSkipping: (MultiDim_3D_Histo)_(Bayesian)_(SMEAR=Smear)_(Q2_y_Bin_2)_(z_pT_Bin_16)_(MultiDim_z_pT_Bin_Y_bin_phi_t)_(Normalized)[0m (Histo Num 48704)
[91mSkipping: (MultiDim_3D_Histo)_(RC_Bayesian)_(SMEAR=Smear)_(Q2_y_Bin_2)_(z_pT_Bin_16)_(MultiDim_z_pT_Bin_Y_bin_phi_t)_(Normalized)[0m (Histo Num 48705)
[91mSkipping: (MultiDim_3D_Histo)_(BC_RC_Bayesian)_(SMEAR=Smear)_(Q2_y_Bin_2)_(z_pT_Bin_16)_(MultiDim_z_pT_Bin_Y_bin_phi_t)_(Normalized)[0m (Histo Num 48706)
[91mSkipping: (MultiDim_3D_Histo)_(Bayesian)_(SMEAR=Smear)_(Q2_y_Bin_2)_(z_pT_Bin_17)_(MultiDim_z_pT_Bin_Y_bin_phi_t)_(Normalized)[0m (Histo Num 48710)
[91mSkipping: (MultiDim_3D_Histo)_(RC_Bayesian)_(SMEAR=Smear)_(Q2_y_Bin_2)_(z_pT_Bin_17)_(MultiDim_z_pT_Bin_Y_bin_phi_t)_(Normalized)[0m (Histo Num 48711)
[91mSkipping: (MultiDim_3D_Histo)_(BC_RC_Bayesian)_(SMEAR=Smear)_(Q2_y_Bin_2)_(z_pT_Bin_17)_(MultiDim_z_pT_Bin_Y_bin_phi_t)_(Normalized)[0m (Histo Num 48712)
[91mSkipping: (MultiDim_3D_Histo)_(Bayesian)_(SMEAR=Smear)_(Q2_y_Bin_2)_(z_pT_Bin_18)_(MultiDim_z_pT_Bin_Y_bin_phi_t)_(Normalized)[0m (Histo Num 48716)
[91mSkipping: (MultiDim_3D_Histo)_(RC_Bayesian)_(SMEAR=Smear)_(Q2_y_Bin_2)_(z_pT_Bin_18)_(MultiDim_z_pT_Bin_Y_bin_phi_t)_(Normalized)[0m (Histo Num 48717)
[91mSkipping: (MultiDim_3D_Histo)_(BC_RC_Bayesian)_(SMEAR=Smear)_(Q2_y_Bin_2)_(z_pT_Bin_18)_(MultiDim_z_pT_Bin_Y_bin_phi_t)_(Normalized)[0m (Histo Num 48718)
[91mSkipping: (MultiDim_3D_Histo)_(Bayesian)_(SMEAR=Smear)_(Q2_y_Bin_2)_(z_pT_Bin_19)_(MultiDim_z_pT_Bin_Y_bin_phi_t)_(Normalized)[0m (Histo Num 48722)
[91mSkipping: (MultiDim_3D_Histo)_(RC_Bayesian)_(SMEAR=Smear)_(Q2_y_Bin_2)_(z_pT_Bin_19)_(MultiDim_z_pT_Bin_Y_bin_phi_t)_(Normalized)[0m (Histo Num 48723)
[91mSkipping: (MultiDim_3D_Histo)_(BC_RC_Bayesian)_(SMEAR=Smear)_(Q2_y_Bin_2)_(z_pT_Bin_19)_(MultiDim_z_pT_Bin_Y_bin_phi_t)_(Normalized)[0m (Histo Num 48724)
[91mSkipping: (MultiDim_3D_Histo)_(Bayesian)_(SMEAR=Smear)_(Q2_y_Bin_2)_(z_pT_Bin_20)_(MultiDim_z_pT_Bin_Y_bin_phi_t)_(Normalized)[0m (Histo Num 48728)
[91mSkipping: (MultiDim_3D_Histo)_(RC_Bayesian)_(SMEAR=Smear)_(Q2_y_Bin_2)_(z_pT_Bin_20)_(MultiDim_z_pT_Bin_Y_bin_phi_t)_(Normalized)[0m (Histo Num 48729)
[91mSkipping: (MultiDim_3D_Histo)_(BC_RC_Bayesian)_(SMEAR=Smear)_(Q2_y_Bin_2)_(z_pT_Bin_20)_(MultiDim_z_pT_Bin_Y_bin_phi_t)_(Normalized)[0m (Histo Num 48730)
[91mSkipping: (MultiDim_3D_Histo)_(Bayesian)_(SMEAR=Smear)_(Q2_y_Bin_2)_(z_pT_Bin_21)_(MultiDim_z_pT_Bin_Y_bin_phi_t)_(Normalized)[0m (Histo Num 48734)
[91mSkipping: (MultiDim_3D_Histo)_(RC_Bayesian)_(SMEAR=Smear)_(Q2_y_Bin_2)_(z_pT_Bin_21)_(MultiDim_z_pT_Bin_Y_bin_phi_t)_(Normalized)[0m (Histo Num 48735)
[91mSkipping: (MultiDim_3D_Histo)_(BC_RC_Bayesian)_(SMEAR=Smear)_(Q2_y_Bin_2)_(z_pT_Bin_21)_(MultiDim_z_pT_Bin_Y_bin_phi_t)_(Normalized)[0m (Histo Num 48736)
[91mSkipping: (MultiDim_3D_Histo)_(Bayesian)_(SMEAR=Smear)_(Q2_y_Bin_2)_(z_pT_Bin_22)_(MultiDim_z_pT_Bin_Y_bin_phi_t)_(Normalized)[0m (Histo Num 48740)
[91mSkipping: (MultiDim_3D_Histo)_(RC_Bayesian)_(SMEAR=Smear)_(Q2_y_Bin_2)_(z_pT_Bin_22)_(MultiDim_z_pT_Bin_Y_bin_phi_t)_(Normalized)[0m (Histo Num 48741)
[91mSkipping: (MultiDim_3D_Histo)_(BC_RC_Bayesian)_(SMEAR=Smear)_(Q2_y_Bin_2)_(z_pT_Bin_22)_(MultiDim_z_pT_Bin_Y_bin_phi_t)_(Normalized)[0m (Histo Num 48742)
[91mSkipping: (MultiDim_3D_Histo)_(Bayesian)_(SMEAR=Smear)_(Q2_y_Bin_2)_(z_pT_Bin_23)_(MultiDim_z_pT_Bin_Y_bin_phi_t)_(Normalized)[0m (Histo Num 48746)
[91mSkipping: (MultiDim_3D_Histo)_(RC_Bayesian)_(SMEAR=Smear)_(Q2_y_Bin_2)_(z_pT_Bin_23)_(MultiDim_z_pT_Bin_Y_bin_phi_t)_(Normalized)[0m (Histo Num 48747)
[91mSkipping: (MultiDim_3D_Histo)_(BC_RC_Bayesian)_(SMEAR=Smear)_(Q2_y_Bin_2)_(z_pT_Bin_23)_(MultiDim_z_pT_Bin_Y_bin_phi_t)_(Normalized)[0m (Histo Num 48748)
[91mSkipping: (MultiDim_3D_Histo)_(Bayesian)_(SMEAR=Smear)_(Q2_y_Bin_2)_(z_pT_Bin_25)_(MultiDim_z_pT_Bin_Y_bin_phi_t)_(Normalized)[0m (Histo Num 48752)
[91mSkipping: (MultiDim_3D_Histo)_(RC_Bayesian)_(SMEAR=Smear)_(Q2_y_Bin_2)_(z_pT_Bin_25)_(MultiDim_z_pT_Bin_Y_bin_phi_t)_(Normalized)[0m (Histo Num 48753)
[91mSkipping: (MultiDim_3D_Histo)_(BC_RC_Bayesian)_(SMEAR=Smear)_(Q2_y_Bin_2)_(z_pT_Bin_25)_(MultiDim_z_pT_Bin_Y_bin_phi_t)_(Normalized)[0m (Histo Num 48754)
[91mSkipping: (MultiDim_3D_Histo)_(Bayesian)_(SMEAR=Smear)_(Q2_y_Bin_2)_(z_pT_Bin_26)_(MultiDim_z_pT_Bin_Y_bin_phi_t)_(Normalized)[0m (Histo Num 48758)
[91mSkipping: (MultiDim_3D_Histo)_(RC_Bayesian)_(SMEAR=Smear)_(Q2_y_Bin_2)_(z_pT_Bin_26)_(MultiDim_z_pT_Bin_Y_bin_phi_t)_(Normalized)[0m (Histo Num 48759)
[91mSkipping: (MultiDim_3D_Histo)_(BC_RC_Bayesian)_(SMEAR=Smear)_(Q2_y_Bin_2)_(z_pT_Bin_26)_(MultiDim_z_pT_Bin_Y_bin_phi_t)_(Normalized)[0m (Histo Num 48760)
[91mSkipping: (MultiDim_3D_Histo)_(Bayesian)_(SMEAR=Smear)_(Q2_y_Bin_2)_(z_pT_Bin_27)_(MultiDim_z_pT_Bin_Y_bin_phi_t)_(Normalized)[0m (Histo Num 48764)
[91mSkipping: (MultiDim_3D_Histo)_(RC_Bayesian)_(SMEAR=Smear)_(Q2_y_Bin_2)_(z_pT_Bin_27)_(MultiDim_z_pT_Bin_Y_bin_phi_t)_(Normalized)[0m (Histo Num 48765)
[91mSkipping: (MultiDim_3D_Histo)_(BC_RC_Bayesian)_(SMEAR=Smear)_(Q2_y_Bin_2)_(z_pT_Bin_27)_(MultiDim_z_pT_Bin_Y_bin_phi_t)_(Normalized)[0m (Histo Num 48766)
[91mSkipping: (MultiDim_3D_Histo)_(Bayesian)_(SMEAR=Smear)_(Q2_y_Bin_2)_(z_pT_Bin_28)_(MultiDim_z_pT_Bin_Y_bin_phi_t)_(Normalized)[0m (Histo Num 48770)
[91mSkipping: (MultiDim_3D_Histo)_(RC_Bayesian)_(SMEAR=Smear)_(Q2_y_Bin_2)_(z_pT_Bin_28)_(MultiDim_z_pT_Bin_Y_bin_phi_t)_(Normalized)[0m (Histo Num 48771)
[91mSkipping: (MultiDim_3D_Histo)_(BC_RC_Bayesian)_(SMEAR=Smear)_(Q2_y_Bin_2)_(z_pT_Bin_28)_(MultiDim_z_pT_Bin_Y_bin_phi_t)_(Normalized)[0m (Histo Num 48772)
[91mSkipping: (MultiDim_3D_Histo)_(Bayesian)_(SMEAR=Smear)_(Q2_y_Bin_2)_(z_pT_Bin_29)_(MultiDim_z_pT_Bin_Y_bin_phi_t)_(Normalized)[0m (Histo Num 48776)
[91mSkipping: (MultiDim_3D_Histo)_(RC_Bayesian)_(SMEAR=Smear)_(Q2_y_Bin_2)_(z_pT_Bin_29)_(MultiDim_z_pT_Bin_Y_bin_phi_t)_(Normalized)[0m (Histo Num 48777)
[91mSkipping: (MultiDim_3D_Histo)_(BC_RC_Bayesian)_(SMEAR=Smear)_(Q2_y_Bin_2)_(z_pT_Bin_29)_(MultiDim_z_pT_Bin_Y_bin_phi_t)_(Normalized)[0m (Histo Num 48778)
[91mSkipping: (MultiDim_3D_Histo)_(Bayesian)_(SMEAR=Smear)_(Q2_y_Bin_2)_(z_pT_Bin_31)_(MultiDim_z_pT_Bin_Y_bin_phi_t)_(Normalized)[0m (Histo Num 48782)
[91mSkipping: (MultiDim_3D_Histo)_(RC_Bayesian)_(SMEAR=Smear)_(Q2_y_Bin_2)_(z_pT_Bin_31)_(MultiDim_z_pT_Bin_Y_bin_phi_t)_(Normalized)[0m (Histo Num 48783)
[91mSkipping: (MultiDim_3D_Histo)_(BC_RC_Bayesian)_(SMEAR=Smear)_(Q2_y_Bin_2)_(z_pT_Bin_31)_(MultiDim_z_pT_Bin_Y_bin_phi_t)_(Normalized)[0m (Histo Num 48784)
[91mSkipping: (MultiDim_3D_Histo)_(Bayesian)_(SMEAR=Smear)_(Q2_y_Bin_2)_(z_pT_Bin_32)_(MultiDim_z_pT_Bin_Y_bin_phi_t)_(Normalized)[0m (Histo Num 48788)
[91mSkipping: (MultiDim_3D_Histo)_(RC_Bayesian)_(SMEAR=Smear)_(Q2_y_Bin_2)_(z_pT_Bin_32)_(MultiDim_z_pT_Bin_Y_bin_phi_t)_(Normalized)[0m (Histo Num 48789)
[91mSkipping: (MultiDim_3D_Histo)_(BC_RC_Bayesian)_(SMEAR=Smear)_(Q2_y_Bin_2)_(z_pT_Bin_32)_(MultiDim_z_pT_Bin_Y_bin_phi_t)_(Normalized)[0m (Histo Num 48790)
[91mSkipping: (MultiDim_3D_Histo)_(Bayesian)_(SMEAR=Smear)_(Q2_y_Bin_2)_(z_pT_Bin_33)_(MultiDim_z_pT_Bin_Y_bin_phi_t)_(Normalized)[0m (Histo Num 48794)
[91mSkipping: (MultiDim_3D_Histo)_(RC_Bayesian)_(SMEAR=Smear)_(Q2_y_Bin_2)_(z_pT_Bin_33)_(MultiDim_z_pT_Bin_Y_bin_phi_t)_(Normalized)[0m (Histo Num 48795)
[91mSkipping: (MultiDim_3D_Histo)_(BC_RC_Bayesian)_(SMEAR=Smear)_(Q2_y_Bin_2)_(z_pT_Bin_33)_(MultiDim_z_pT_Bin_Y_bin_phi_t)_(Normalized)[0m (Histo Num 48796)
[91mSkipping: (MultiDim_3D_Histo)_(Bayesian)_(SMEAR=Smear)_(Q2_y_Bin_2)_(z_pT_Bin_34)_(MultiDim_z_pT_Bin_Y_bin_phi_t)_(Normalized)[0m (Histo Num 48800)
[91mSkipping: (MultiDim_3D_Histo)_(RC_Bayesian)_(SMEAR=Smear)_(Q2_y_Bin_2)_(z_pT_Bin_34)_(MultiDim_z_pT_Bin_Y_bin_phi_t)_(Normalized)[0m (Histo Num 48801)
[91mSkipping: (MultiDim_3D_Histo)_(BC_RC_Bayesian)_(SMEAR=Smear)_(Q2_y_Bin_2)_(z_pT_Bin_34)_(MultiDim_z_pT_Bin_Y_bin_phi_t)_(Normalized)[0m (Histo Num 48802)
[91mSkipping: (MultiDim_3D_Histo)_(Bayesian)_(SMEAR=Smear)_(Q2_y_Bin_3)_(z_pT_Bin_1)_(MultiDim_z_pT_Bin_Y_bin_phi_t)_(Normalized)[0m (Histo Num 48806)
[91mSkipping: (MultiDim_3D_Histo)_(RC_Bayesian)_(SMEAR=Smear)_(Q2_y_Bin_3)_(z_pT_Bin_1)_(MultiDim_z_pT_Bin_Y_bin_phi_t)_(Normalized)[0m (Histo Num 48807)
[91mSkipping: (MultiDim_3D_Histo)_(BC_RC_Bayesian)_(SMEAR=Smear)_(Q2_y_Bin_3)_(z_pT_Bin_1)_(MultiDim_z_pT_Bin_Y_bin_phi_t)_(Normalized)[0m (Histo Num 48808)
[91mSkipping: (MultiDim_3D_Histo)_(Bayesian)_(SMEAR=Smear)_(Q2_y_Bin_3)_(z_pT_Bin_2)_(MultiDim_z_pT_Bin_Y_bin_phi_t)_(Normalized)[0m (Histo Num 48812)
[91mSkipping: (MultiDim_3D_Histo)_(RC_Bayesian)_(SMEAR=Smear)_(Q2_y_Bin_3)_(z_pT_Bin_2)_(MultiDim_z_pT_Bin_Y_bin_phi_t)_(Normalized)[0m (Histo Num 48813)
[91mSkipping: (MultiDim_3D_Histo)_(BC_RC_Bayesian)_(SMEAR=Smear)_(Q2_y_Bin_3)_(z_pT_Bin_2)_(MultiDim_z_pT_Bin_Y_bin_phi_t)_(Normalized)[0m (Histo Num 48814)
[91mSkipping: (MultiDim_3D_Histo)_(Bayesian)_(SMEAR=Smear)_(Q2_y_Bin_3)_(z_pT_Bin_3)_(MultiDim_z_pT_Bin_Y_bin_phi_t)_(Normalized)[0m (Histo Num 48818)
[91mSkipping: (MultiDim_3D_Histo)_(RC_Bayesian)_(SMEAR=Smear)_(Q2_y_Bin_3)_(z_pT_Bin_3)_(MultiDim_z_pT_Bin_Y_bin_phi_t)_(Normalized)[0m (Histo Num 48819)
[91mSkipping: (MultiDim_3D_Histo)_(BC_RC_Bayesian)_(SMEAR=Smear)_(Q2_y_Bin_3)_(z_pT_Bin_3)_(MultiDim_z_pT_Bin_Y_bin_phi_t)_(Normalized)[0m (Histo Num 48820)
[91mSkipping: (MultiDim_3D_Histo)_(Bayesian)_(SMEAR=Smear)_(Q2_y_Bin_3)_(z_pT_Bin_4)_(MultiDim_z_pT_Bin_Y_bin_phi_t)_(Normalized)[0m (Histo Num 48824)
[91mSkipping: (MultiDim_3D_Histo)_(RC_Bayesian)_(SMEAR=Smear)_(Q2_y_Bin_3)_(z_pT_Bin_4)_(MultiDim_z_pT_Bin_Y_bin_phi_t)_(Normalized)[0m (Histo Num 48825)
[91mSkipping: (MultiDim_3D_Histo)_(BC_RC_Bayesian)_(SMEAR=Smear)_(Q2_y_Bin_3)_(z_pT_Bin_4)_(MultiDim_z_pT_Bin_Y_bin_phi_t)_(Normalized)[0m (Histo Num 48826)
[91mSkipping: (MultiDim_3D_Histo)_(Bayesian)_(SMEAR=Smear)_(Q2_y_Bin_3)_(z_pT_Bin_5)_(MultiDim_z_pT_Bin_Y_bin_phi_t)_(Normalized)[0m (Histo Num 48830)
[91mSkipping: (MultiDim_3D_Histo)_(RC_Bayesian)_(SMEAR=Smear)_(Q2_y_Bin_3)_(z_pT_Bin_5)_(MultiDim_z_pT_Bin_Y_bin_phi_t)_(Normalized)[0m (Histo Num 48831)
[91mSkipping: (MultiDim_3D_Histo)_(BC_RC_Bayesian)_(SMEAR=Smear)_(Q2_y_Bin_3)_(z_pT_Bin_5)_(MultiDim_z_pT_Bin_Y_bin_phi_t)_(Normalized)[0m (Histo Num 48832)
[91mSkipping: (MultiDim_3D_Histo)_(Bayesian)_(SMEAR=Smear)_(Q2_y_Bin_3)_(z_pT_Bin_7)_(MultiDim_z_pT_Bin_Y_bin_phi_t)_(Normalized)[0m (Histo Num 48836)
[91mSkipping: (MultiDim_3D_Histo)_(RC_Bayesian)_(SMEAR=Smear)_(Q2_y_Bin_3)_(z_pT_Bin_7)_(MultiDim_z_pT_Bin_Y_bin_phi_t)_(Normalized)[0m (Histo Num 48837)
[91mSkipping: (MultiDim_3D_Histo)_(BC_RC_Bayesian)_(SMEAR=Smear)_(Q2_y_Bin_3)_(z_pT_Bin_7)_(MultiDim_z_pT_Bin_Y_bin_phi_t)_(Normalized)[0m (Histo Num 48838)
[91mSkipping: (MultiDim_3D_Histo)_(Bayesian)_(SMEAR=Smear)_(Q2_y_Bin_3)_(z_pT_Bin_8)_(MultiDim_z_pT_Bin_Y_bin_phi_t)_(Normalized)[0m (Histo Num 48842)
[91mSkipping: (MultiDim_3D_Histo)_(RC_Bayesian)_(SMEAR=Smear)_(Q2_y_Bin_3)_(z_pT_Bin_8)_(MultiDim_z_pT_Bin_Y_bin_phi_t)_(Normalized)[0m (Histo Num 48843)
[91mSkipping: (MultiDim_3D_Histo)_(BC_RC_Bayesian)_(SMEAR=Smear)_(Q2_y_Bin_3)_(z_pT_Bin_8)_(MultiDim_z_pT_Bin_Y_bin_phi_t)_(Normalized)[0m (Histo Num 48844)
[91mSkipping: (MultiDim_3D_Histo)_(Bayesian)_(SMEAR=Smear)_(Q2_y_Bin_3)_(z_pT_Bin_9)_(MultiDim_z_pT_Bin_Y_bin_phi_t)_(Normalized)[0m (Histo Num 48848)
[91mSkipping: (MultiDim_3D_Histo)_(RC_Bayesian)_(SMEAR=Smear)_(Q2_y_Bin_3)_(z_pT_Bin_9)_(MultiDim_z_pT_Bin_Y_bin_phi_t)_(Normalized)[0m (Histo Num 48849)
[91mSkipping: (MultiDim_3D_Histo)_(BC_RC_Bayesian)_(SMEAR=Smear)_(Q2_y_Bin_3)_(z_pT_Bin_9)_(MultiDim_z_pT_Bin_Y_bin_phi_t)_(Normalized)[0m (Histo Num 48850)
[91mSkipping: (MultiDim_3D_Histo)_(Bayesian)_(SMEAR=Smear)_(Q2_y_Bin_3)_(z_pT_Bin_10)_(MultiDim_z_pT_Bin_Y_bin_phi_t)_(Normalized)[0m (Histo Num 48854)
[91mSkipping: (MultiDim_3D_Histo)_(RC_Bayesian)_(SMEAR=Smear)_(Q2_y_Bin_3)_(z_pT_Bin_10)_(MultiDim_z_pT_Bin_Y_bin_phi_t)_(Normalized)[0m (Histo Num 48855)
[91mSkipping: (MultiDim_3D_Histo)_(BC_RC_Bayesian)_(SMEAR=Smear)_(Q2_y_Bin_3)_(z_pT_Bin_10)_(MultiDim_z_pT_Bin_Y_bin_phi_t)_(Normalized)[0m (Histo Num 48856)
[91mSkipping: (MultiDim_3D_Histo)_(Bayesian)_(SMEAR=Smear)_(Q2_y_Bin_3)_(z_pT_Bin_11)_(MultiDim_z_pT_Bin_Y_bin_phi_t)_(Normalized)[0m (Histo Num 48860)
[91mSkipping: (MultiDim_3D_Histo)_(RC_Bayesian)_(SMEAR=Smear)_(Q2_y_Bin_3)_(z_pT_Bin_11)_(MultiDim_z_pT_Bin_Y_bin_phi_t)_(Normalized)[0m (Histo Num 48861)
[91mSkipping: (MultiDim_3D_Histo)_(BC_RC_Bayesian)_(SMEAR=Smear)_(Q2_y_Bin_3)_(z_pT_Bin_11)_(MultiDim_z_pT_Bin_Y_bin_phi_t)_(Normalized)[0m (Histo Num 48862)
[91mSkipping: (MultiDim_3D_Histo)_(Bayesian)_(SMEAR=Smear)_(Q2_y_Bin_3)_(z_pT_Bin_12)_(MultiDim_z_pT_Bin_Y_bin_phi_t)_(Normalized)[0m (Histo Num 48866)
[91mSkipping: (MultiDim_3D_Histo)_(RC_Bayesian)_(SMEAR=Smear)_(Q2_y_Bin_3)_(z_pT_Bin_12)_(MultiDim_z_pT_Bin_Y_bin_phi_t)_(Normalized)[0m (Histo Num 48867)
[91mSkipping: (MultiDim_3D_Histo)_(BC_RC_Bayesian)_(SMEAR=Smear)_(Q2_y_Bin_3)_(z_pT_Bin_12)_(MultiDim_z_pT_Bin_Y_bin_phi_t)_(Normalized)[0m (Histo Num 48868)
[91mSkipping: (MultiDim_3D_Histo)_(Bayesian)_(SMEAR=Smear)_(Q2_y_Bin_3)_(z_pT_Bin_13)_(MultiDim_z_pT_Bin_Y_bin_phi_t)_(Normalized)[0m (Histo Num 48872)
[91mSkipping: (MultiDim_3D_Histo)_(RC_Bayesian)_(SMEAR=Smear)_(Q2_y_Bin_3)_(z_pT_Bin_13)_(MultiDim_z_pT_Bin_Y_bin_phi_t)_(Normalized)[0m (Histo Num 48873)
[91mSkipping: (MultiDim_3D_Histo)_(BC_RC_Bayesian)_(SMEAR=Smear)_(Q2_y_Bin_3)_(z_pT_Bin_13)_(MultiDim_z_pT_Bin_Y_bin_phi_t)_(Normalized)[0m (Histo Num 48874)
[91mSkipping: (MultiDim_3D_Histo)_(Bayesian)_(SMEAR=Smear)_(Q2_y_Bin_3)_(z_pT_Bin_14)_(MultiDim_z_pT_Bin_Y_bin_phi_t)_(Normalized)[0m (Histo Num 48878)
[91mSkipping: (MultiDim_3D_Histo)_(RC_Bayesian)_(SMEAR=Smear)_(Q2_y_Bin_3)_(z_pT_Bin_14)_(MultiDim_z_pT_Bin_Y_bin_phi_t)_(Normalized)[0m (Histo Num 48879)
[91mSkipping: (MultiDim_3D_Histo)_(BC_RC_Bayesian)_(SMEAR=Smear)_(Q2_y_Bin_3)_(z_pT_Bin_14)_(MultiDim_z_pT_Bin_Y_bin_phi_t)_(Normalized)[0m (Histo Num 48880)
[91mSkipping: (MultiDim_3D_Histo)_(Bayesian)_(SMEAR=Smear)_(Q2_y_Bin_3)_(z_pT_Bin_15)_(MultiDim_z_pT_Bin_Y_bin_phi_t)_(Normalized)[0m (Histo Num 48884)
[91mSkipping: (MultiDim_3D_Histo)_(RC_Bayesian)_(SMEAR=Smear)_(Q2_y_Bin_3)_(z_pT_Bin_15)_(MultiDim_z_pT_Bin_Y_bin_phi_t)_(Normalized)[0m (Histo Num 48885)
[91mSkipping: (MultiDim_3D_Histo)_(BC_RC_Bayesian)_(SMEAR=Smear)_(Q2_y_Bin_3)_(z_pT_Bin_15)_(MultiDim_z_pT_Bin_Y_bin_phi_t)_(Normalized)[0m (Histo Num 48886)
[91mSkipping: (MultiDim_3D_Histo)_(Bayesian)_(SMEAR=Smear)_(Q2_y_Bin_3)_(z_pT_Bin_16)_(MultiDim_z_pT_Bin_Y_bin_phi_t)_(Normalized)[0m (Histo Num 48890)
[91mSkipping: (MultiDim_3D_Histo)_(RC_Bayesian)_(SMEAR=Smear)_(Q2_y_Bin_3)_(z_pT_Bin_16)_(MultiDim_z_pT_Bin_Y_bin_phi_t)_(Normalized)[0m (Histo Num 48891)
[91mSkipping: (MultiDim_3D_Histo)_(BC_RC_Bayesian)_(SMEAR=Smear)_(Q2_y_Bin_3)_(z_pT_Bin_16)_(MultiDim_z_pT_Bin_Y_bin_phi_t)_(Normalized)[0m (Histo Num 48892)
[91mSkipping: (MultiDim_3D_Histo)_(Bayesian)_(SMEAR=Smear)_(Q2_y_Bin_3)_(z_pT_Bin_17)_(MultiDim_z_pT_Bin_Y_bin_phi_t)_(Normalized)[0m (Histo Num 48896)
[91mSkipping: (MultiDim_3D_Histo)_(RC_Bayesian)_(SMEAR=Smear)_(Q2_y_Bin_3)_(z_pT_Bin_17)_(MultiDim_z_pT_Bin_Y_bin_phi_t)_(Normalized)[0m (Histo Num 48897)
[91mSkipping: (MultiDim_3D_Histo)_(BC_RC_Bayesian)_(SMEAR=Smear)_(Q2_y_Bin_3)_(z_pT_Bin_17)_(MultiDim_z_pT_Bin_Y_bin_phi_t)_(Normalized)[0m (Histo Num 48898)
[91mSkipping: (MultiDim_3D_Histo)_(Bayesian)_(SMEAR=Smear)_(Q2_y_Bin_3)_(z_pT_Bin_18)_(MultiDim_z_pT_Bin_Y_bin_phi_t)_(Normalized)[0m (Histo Num 48902)
[91mSkipping: (MultiDim_3D_Histo)_(RC_Bayesian)_(SMEAR=Smear)_(Q2_y_Bin_3)_(z_pT_Bin_18)_(MultiDim_z_pT_Bin_Y_bin_phi_t)_(Normalized)[0m (Histo Num 48903)
[91mSkipping: (MultiDim_3D_Histo)_(BC_RC_Bayesian)_(SMEAR=Smear)_(Q2_y_Bin_3)_(z_pT_Bin_18)_(MultiDim_z_pT_Bin_Y_bin_phi_t)_(Normalized)[0m (Histo Num 48904)
[91mSkipping: (MultiDim_3D_Histo)_(Bayesian)_(SMEAR=Smear)_(Q2_y_Bin_3)_(z_pT_Bin_19)_(MultiDim_z_pT_Bin_Y_bin_phi_t)_(Normalized)[0m (Histo Num 48908)
[91mSkipping: (MultiDim_3D_Histo)_(RC_Bayesian)_(SMEAR=Smear)_(Q2_y_Bin_3)_(z_pT_Bin_19)_(MultiDim_z_pT_Bin_Y_bin_phi_t)_(Normalized)[0m (Histo Num 48909)
[91mSkipping: (MultiDim_3D_Histo)_(BC_RC_Bayesian)_(SMEAR=Smear)_(Q2_y_Bin_3)_(z_pT_Bin_19)_(MultiDim_z_pT_Bin_Y_bin_phi_t)_(Normalized)[0m (Histo Num 48910)
[91mSkipping: (MultiDim_3D_Histo)_(Bayesian)_(SMEAR=Smear)_(Q2_y_Bin_3)_(z_pT_Bin_20)_(MultiDim_z_pT_Bin_Y_bin_phi_t)_(Normalized)[0m (Histo Num 48914)
[91mSkipping: (MultiDim_3D_Histo)_(RC_Bayesian)_(SMEAR=Smear)_(Q2_y_Bin_3)_(z_pT_Bin_20)_(MultiDim_z_pT_Bin_Y_bin_phi_t)_(Normalized)[0m (Histo Num 48915)
[91mSkipping: (MultiDim_3D_Histo)_(BC_RC_Bayesian)_(SMEAR=Smear)_(Q2_y_Bin_3)_(z_pT_Bin_20)_(MultiDim_z_pT_Bin_Y_bin_phi_t)_(Normalized)[0m (Histo Num 48916)
[91mSkipping: (MultiDim_3D_Histo)_(Bayesian)_(SMEAR=Smear)_(Q2_y_Bin_3)_(z_pT_Bin_21)_(MultiDim_z_pT_Bin_Y_bin_phi_t)_(Normalized)[0m (Histo Num 48920)
[91mSkipping: (MultiDim_3D_Histo)_(RC_Bayesian)_(SMEAR=Smear)_(Q2_y_Bin_3)_(z_pT_Bin_21)_(MultiDim_z_pT_Bin_Y_bin_phi_t)_(Normalized)[0m (Histo Num 48921)
[91mSkipping: (MultiDim_3D_Histo)_(BC_RC_Bayesian)_(SMEAR=Smear)_(Q2_y_Bin_3)_(z_pT_Bin_21)_(MultiDim_z_pT_Bin_Y_bin_phi_t)_(Normalized)[0m (Histo Num 48922)
[91mSkipping: (MultiDim_3D_Histo)_(Bayesian)_(SMEAR=Smear)_(Q2_y_Bin_3)_(z_pT_Bin_22)_(MultiDim_z_pT_Bin_Y_bin_phi_t)_(Normalized)[0m (Histo Num 48926)
[91mSkipping: (MultiDim_3D_Histo)_(RC_Bayesian)_(SMEAR=Smear)_(Q2_y_Bin_3)_(z_pT_Bin_22)_(MultiDim_z_pT_Bin_Y_bin_phi_t)_(Normalized)[0m (Histo Num 48927)
[91mSkipping: (MultiDim_3D_Histo)_(BC_RC_Bayesian)_(SMEAR=Smear)_(Q2_y_Bin_3)_(z_pT_Bin_22)_(MultiDim_z_pT_Bin_Y_bin_phi_t)_(Normalized)[0m (Histo Num 48928)
[91mSkipping: (MultiDim_3D_Histo)_(Bayesian)_(SMEAR=Smear)_(Q2_y_Bin_3)_(z_pT_Bin_23)_(MultiDim_z_pT_Bin_Y_bin_phi_t)_(Normalized)[0m (Histo Num 48932)
[91mSkipping: (MultiDim_3D_Histo)_(RC_Bayesian)_(SMEAR=Smear)_(Q2_y_Bin_3)_(z_pT_Bin_23)_(MultiDim_z_pT_Bin_Y_bin_phi_t)_(Normalized)[0m (Histo Num 48933)
[91mSkipping: (MultiDim_3D_Histo)_(BC_RC_Bayesian)_(SMEAR=Smear)_(Q2_y_Bin_3)_(z_pT_Bin_23)_(MultiDim_z_pT_Bin_Y_bin_phi_t)_(Normalized)[0m (Histo Num 48934)
[91mSkipping: (MultiDim_3D_Histo)_(Bayesian)_(SMEAR=Smear)_(Q2_y_Bin_3)_(z_pT_Bin_24)_(MultiDim_z_pT_Bin_Y_bin_phi_t)_(Normalized)[0m (Histo Num 48938)
[91mSkipping: (MultiDim_3D_Histo)_(RC_Bayesian)_(SMEAR=Smear)_(Q2_y_Bin_3)_(z_pT_Bin_24)_(MultiDim_z_pT_Bin_Y_bin_phi_t)_(Normalized)[0m (Histo Num 48939)
[91mSkipping: (MultiDim_3D_Histo)_(BC_RC_Bayesian)_(SMEAR=Smear)_(Q2_y_Bin_3)_(z_pT_Bin_24)_(MultiDim_z_pT_Bin_Y_bin_phi_t)_(Normalized)[0m (Histo Num 48940)
[91mSkipping: (MultiDim_3D_Histo)_(Bayesian)_(SMEAR=Smear)_(Q2_y_Bin_3)_(z_pT_Bin_25)_(MultiDim_z_pT_Bin_Y_bin_phi_t)_(Normalized)[0m (Histo Num 48944)
[91mSkipping: (MultiDim_3D_Histo)_(RC_Bayesian)_(SMEAR=Smear)_(Q2_y_Bin_3)_(z_pT_Bin_25)_(MultiDim_z_pT_Bin_Y_bin_phi_t)_(Normalized)[0m (Histo Num 48945)
[91mSkipping: (MultiDim_3D_Histo)_(BC_RC_Bayesian)_(SMEAR=Smear)_(Q2_y_Bin_3)_(z_pT_Bin_25)_(MultiDim_z_pT_Bin_Y_bin_phi_t)_(Normalized)[0m (Histo Num 48946)
[91mSkipping: (MultiDim_3D_Histo)_(Bayesian)_(SMEAR=Smear)_(Q2_y_Bin_3)_(z_pT_Bin_26)_(MultiDim_z_pT_Bin_Y_bin_phi_t)_(Normalized)[0m (Histo Num 48950)
[91mSkipping: (MultiDim_3D_Histo)_(RC_Bayesian)_(SMEAR=Smear)_(Q2_y_Bin_3)_(z_pT_Bin_26)_(MultiDim_z_pT_Bin_Y_bin_phi_t)_(Normalized)[0m (Histo Num 48951)
[91mSkipping: (MultiDim_3D_Histo)_(BC_RC_Bayesian)_(SMEAR=Smear)_(Q2_y_Bin_3)_(z_pT_Bin_26)_(MultiDim_z_pT_Bin_Y_bin_phi_t)_(Normalized)[0m (Histo Num 48952)
[91mSkipping: (MultiDim_3D_Histo)_(Bayesian)_(SMEAR=Smear)_(Q2_y_Bin_3)_(z_pT_Bin_27)_(MultiDim_z_pT_Bin_Y_bin_phi_t)_(Normalized)[0m (Histo Num 48956)
[91mSkipping: (MultiDim_3D_Histo)_(RC_Bayesian)_(SMEAR=Smear)_(Q2_y_Bin_3)_(z_pT_Bin_27)_(MultiDim_z_pT_Bin_Y_bin_phi_t)_(Normalized)[0m (Histo Num 48957)
[91mSkipping: (MultiDim_3D_Histo)_(BC_RC_Bayesian)_(SMEAR=Smear)_(Q2_y_Bin_3)_(z_pT_Bin_27)_(MultiDim_z_pT_Bin_Y_bin_phi_t)_(Normalized)[0m (Histo Num 48958)
[91mSkipping: (MultiDim_3D_Histo)_(Bayesian)_(SMEAR=Smear)_(Q2_y_Bin_3)_(z_pT_Bin_28)_(MultiDim_z_pT_Bin_Y_bin_phi_t)_(Normalized)[0m (Histo Num 48962)
[91mSkipping: (MultiDim_3D_Histo)_(RC_Bayesian)_(SMEAR=Smear)_(Q2_y_Bin_3)_(z_pT_Bin_28)_(MultiDim_z_pT_Bin_Y_bin_phi_t)_(Normalized)[0m (Histo Num 48963)
[91mSkipping: (MultiDim_3D_Histo)_(BC_RC_Bayesian)_(SMEAR=Smear)_(Q2_y_Bin_3)_(z_pT_Bin_28)_(MultiDim_z_pT_Bin_Y_bin_phi_t)_(Normalized)[0m (Histo Num 48964)
[91mSkipping: (MultiDim_3D_Histo)_(Bayesian)_(SMEAR=Smear)_(Q2_y_Bin_3)_(z_pT_Bin_29)_(MultiDim_z_pT_Bin_Y_bin_phi_t)_(Normalized)[0m (Histo Num 48968)
[91mSkipping: (MultiDim_3D_Histo)_(RC_Bayesian)_(SMEAR=Smear)_(Q2_y_Bin_3)_(z_pT_Bin_29)_(MultiDim_z_pT_Bin_Y_bin_phi_t)_(Normalized)[0m (Histo Num 48969)
[91mSkipping: (MultiDim_3D_Histo)_(BC_RC_Bayesian)_(SMEAR=Smear)_(Q2_y_Bin_3)_(z_pT_Bin_29)_(MultiDim_z_pT_Bin_Y_bin_phi_t)_(Normalized)[0m (Histo Num 48970)
[91mSkipping: (MultiDim_3D_Histo)_(Bayesian)_(SMEAR=Smear)_(Q2_y_Bin_4)_(z_pT_Bin_7)_(MultiDim_z_pT_Bin_Y_bin_phi_t)_(Normalized)[0m (Histo Num 48974)
[91mSkipping: (MultiDim_3D_Histo)_(RC_Bayesian)_(SMEAR=Smear)_(Q2_y_Bin_4)_(z_pT_Bin_7)_(MultiDim_z_pT_Bin_Y_bin_phi_t)_(Normalized)[0m (Histo Num 48975)
[91mSkipping: (MultiDim_3D_Histo)_(BC_RC_Bayesian)_(SMEAR=Smear)_(Q2_y_Bin_4)_(z_pT_Bin_7)_(MultiDim_z_pT_Bin_Y_bin_phi_t)_(Normalized)[0m (Histo Num 48976)
[91mSkipping: (MultiDim_3D_Histo)_(Bayesian)_(SMEAR=Smear)_(Q2_y_Bin_4)_(z_pT_Bin_8)_(MultiDim_z_pT_Bin_Y_bin_phi_t)_(Normalized)[0m (Histo Num 48980)
[91mSkipping: (MultiDim_3D_Histo)_(RC_Bayesian)_(SMEAR=Smear)_(Q2_y_Bin_4)_(z_pT_Bin_8)_(MultiDim_z_pT_Bin_Y_bin_phi_t)_(Normalized)[0m (Histo Num 48981)
[91mSkipping: (MultiDim_3D_Histo)_(BC_RC_Bayesian)_(SMEAR=Smear)_(Q2_y_Bin_4)_(z_pT_Bin_8)_(MultiDim_z_pT_Bin_Y_bin_phi_t)_(Normalized)[0m (Histo Num 48982)
[91mSkipping: (MultiDim_3D_Histo)_(Bayesian)_(SMEAR=Smear)_(Q2_y_Bin_4)_(z_pT_Bin_9)_(MultiDim_z_pT_Bin_Y_bin_phi_t)_(Normalized)[0m (Histo Num 48986)
[91mSkipping: (MultiDim_3D_Histo)_(RC_Bayesian)_(SMEAR=Smear)_(Q2_y_Bin_4)_(z_pT_Bin_9)_(MultiDim_z_pT_Bin_Y_bin_phi_t)_(Normalized)[0m (Histo Num 48987)
[91mSkipping: (MultiDim_3D_Histo)_(BC_RC_Bayesian)_(SMEAR=Smear)_(Q2_y_Bin_4)_(z_pT_Bin_9)_(MultiDim_z_pT_Bin_Y_bin_phi_t)_(Normalized)[0m (Histo Num 48988)
[91mSkipping: (MultiDim_3D_Histo)_(Bayesian)_(SMEAR=Smear)_(Q2_y_Bin_4)_(z_pT_Bin_10)_(MultiDim_z_pT_Bin_Y_bin_phi_t)_(Normalized)[0m (Histo Num 48992)
[91mSkipping: (MultiDim_3D_Histo)_(RC_Bayesian)_(SMEAR=Smear)_(Q2_y_Bin_4)_(z_pT_Bin_10)_(MultiDim_z_pT_Bin_Y_bin_phi_t)_(Normalized)[0m (Histo Num 48993)
[91mSkipping: (MultiDim_3D_Histo)_(BC_RC_Bayesian)_(SMEAR=Smear)_(Q2_y_Bin_4)_(z_pT_Bin_10)_(MultiDim_z_pT_Bin_Y_bin_phi_t)_(Normalized)[0m (Histo Num 48994)
[91mSkipping: (MultiDim_3D_Histo)_(Bayesian)_(SMEAR=Smear)_(Q2_y_Bin_4)_(z_pT_Bin_11)_(MultiDim_z_pT_Bin_Y_bin_phi_t)_(Normalized)[0m (Histo Num 48998)
[91mSkipping: (MultiDim_3D_Histo)_(RC_Bayesian)_(SMEAR=Smear)_(Q2_y_Bin_4)_(z_pT_Bin_11)_(MultiDim_z_pT_Bin_Y_bin_phi_t)_(Normalized)[0m (Histo Num 48999)
[91mSkipping: (MultiDim_3D_Histo)_(BC_RC_Bayesian)_(SMEAR=Smear)_(Q2_y_Bin_4)_(z_pT_Bin_11)_(MultiDim_z_pT_Bin_Y_bin_phi_t)_(Normalized)[0m (Histo Num 49000)
[91mSkipping: (MultiDim_3D_Histo)_(Bayesian)_(SMEAR=Smear)_(Q2_y_Bin_4)_(z_pT_Bin_13)_(MultiDim_z_pT_Bin_Y_bin_phi_t)_(Normalized)[0m (Histo Num 49004)
[91mSkipping: (MultiDim_3D_Histo)_(RC_Bayesian)_(SMEAR=Smear)_(Q2_y_Bin_4)_(z_pT_Bin_13)_(MultiDim_z_pT_Bin_Y_bin_phi_t)_(Normalized)[0m (Histo Num 49005)
[91mSkipping: (MultiDim_3D_Histo)_(BC_RC_Bayesian)_(SMEAR=Smear)_(Q2_y_Bin_4)_(z_pT_Bin_13)_(MultiDim_z_pT_Bin_Y_bin_phi_t)_(Normalized)[0m (Histo Num 49006)
[91mSkipping: (MultiDim_3D_Histo)_(Bayesian)_(SMEAR=Smear)_(Q2_y_Bin_4)_(z_pT_Bin_14)_(MultiDim_z_pT_Bin_Y_bin_phi_t)_(Normalized)[0m (Histo Num 49010)
[91mSkipping: (MultiDim_3D_Histo)_(RC_Bayesian)_(SMEAR=Smear)_(Q2_y_Bin_4)_(z_pT_Bin_14)_(MultiDim_z_pT_Bin_Y_bin_phi_t)_(Normalized)[0m (Histo Num 49011)
[91mSkipping: (MultiDim_3D_Histo)_(BC_RC_Bayesian)_(SMEAR=Smear)_(Q2_y_Bin_4)_(z_pT_Bin_14)_(MultiDim_z_pT_Bin_Y_bin_phi_t)_(Normalized)[0m (Histo Num 49012)
[91mSkipping: (MultiDim_3D_Histo)_(Bayesian)_(SMEAR=Smear)_(Q2_y_Bin_4)_(z_pT_Bin_15)_(MultiDim_z_pT_Bin_Y_bin_phi_t)_(Normalized)[0m (Histo Num 49016)
[91mSkipping: (MultiDim_3D_Histo)_(RC_Bayesian)_(SMEAR=Smear)_(Q2_y_Bin_4)_(z_pT_Bin_15)_(MultiDim_z_pT_Bin_Y_bin_phi_t)_(Normalized)[0m (Histo Num 49017)
[91mSkipping: (MultiDim_3D_Histo)_(BC_RC_Bayesian)_(SMEAR=Smear)_(Q2_y_Bin_4)_(z_pT_Bin_15)_(MultiDim_z_pT_Bin_Y_bin_phi_t)_(Normalized)[0m (Histo Num 49018)
[91mSkipping: (MultiDim_3D_Histo)_(Bayesian)_(SMEAR=Smear)_(Q2_y_Bin_4)_(z_pT_Bin_16)_(MultiDim_z_pT_Bin_Y_bin_phi_t)_(Normalized)[0m (Histo Num 49022)
[91mSkipping: (MultiDim_3D_Histo)_(RC_Bayesian)_(SMEAR=Smear)_(Q2_y_Bin_4)_(z_pT_Bin_16)_(MultiDim_z_pT_Bin_Y_bin_phi_t)_(Normalized)[0m (Histo Num 49023)
[91mSkipping: (MultiDim_3D_Histo)_(BC_RC_Bayesian)_(SMEAR=Smear)_(Q2_y_Bin_4)_(z_pT_Bin_16)_(MultiDim_z_pT_Bin_Y_bin_phi_t)_(Normalized)[0m (Histo Num 49024)
[91mSkipping: (MultiDim_3D_Histo)_(Bayesian)_(SMEAR=Smear)_(Q2_y_Bin_4)_(z_pT_Bin_17)_(MultiDim_z_pT_Bin_Y_bin_phi_t)_(Normalized)[0m (Histo Num 49028)
[91mSkipping: (MultiDim_3D_Histo)_(RC_Bayesian)_(SMEAR=Smear)_(Q2_y_Bin_4)_(z_pT_Bin_17)_(MultiDim_z_pT_Bin_Y_bin_phi_t)_(Normalized)[0m (Histo Num 49029)
[91mSkipping: (MultiDim_3D_Histo)_(BC_RC_Bayesian)_(SMEAR=Smear)_(Q2_y_Bin_4)_(z_pT_Bin_17)_(MultiDim_z_pT_Bin_Y_bin_phi_t)_(Normalized)[0m (Histo Num 49030)
[91mSkipping: (MultiDim_3D_Histo)_(Bayesian)_(SMEAR=Smear)_(Q2_y_Bin_4)_(z_pT_Bin_19)_(MultiDim_z_pT_Bin_Y_bin_phi_t)_(Normalized)[0m (Histo Num 49034)
[91mSkipping: (MultiDim_3D_Histo)_(RC_Bayesian)_(SMEAR=Smear)_(Q2_y_Bin_4)_(z_pT_Bin_19)_(MultiDim_z_pT_Bin_Y_bin_phi_t)_(Normalized)[0m (Histo Num 49035)
[91mSkipping: (MultiDim_3D_Histo)_(BC_RC_Bayesian)_(SMEAR=Smear)_(Q2_y_Bin_4)_(z_pT_Bin_19)_(MultiDim_z_pT_Bin_Y_bin_phi_t)_(Normalized)[0m (Histo Num 49036)
[91mSkipping: (MultiDim_3D_Histo)_(Bayesian)_(SMEAR=Smear)_(Q2_y_Bin_4)_(z_pT_Bin_20)_(MultiDim_z_pT_Bin_Y_bin_phi_t)_(Normalized)[0m (Histo Num 49040)
[91mSkipping: (MultiDim_3D_Histo)_(RC_Bayesian)_(SMEAR=Smear)_(Q2_y_Bin_4)_(z_pT_Bin_20)_(MultiDim_z_pT_Bin_Y_bin_phi_t)_(Normalized)[0m (Histo Num 49041)
[91mSkipping: (MultiDim_3D_Histo)_(BC_RC_Bayesian)_(SMEAR=Smear)_(Q2_y_Bin_4)_(z_pT_Bin_20)_(MultiDim_z_pT_Bin_Y_bin_phi_t)_(Normalized)[0m (Histo Num 49042)
[91mSkipping: (MultiDim_3D_Histo)_(Bayesian)_(SMEAR=Smear)_(Q2_y_Bin_4)_(z_pT_Bin_21)_(MultiDim_z_pT_Bin_Y_bin_phi_t)_(Normalized)[0m (Histo Num 49046)
[91mSkipping: (MultiDim_3D_Histo)_(RC_Bayesian)_(SMEAR=Smear)_(Q2_y_Bin_4)_(z_pT_Bin_21)_(MultiDim_z_pT_Bin_Y_bin_phi_t)_(Normalized)[0m (Histo Num 49047)
[91mSkipping: (MultiDim_3D_Histo)_(BC_RC_Bayesian)_(SMEAR=Smear)_(Q2_y_Bin_4)_(z_pT_Bin_21)_(MultiDim_z_pT_Bin_Y_bin_phi_t)_(Normalized)[0m (Histo Num 49048)
[91mSkipping: (MultiDim_3D_Histo)_(Bayesian)_(SMEAR=Smear)_(Q2_y_Bin_4)_(z_pT_Bin_22)_(MultiDim_z_pT_Bin_Y_bin_phi_t)_(Normalized)[0m (Histo Num 49052)
[91mSkipping: (MultiDim_3D_Histo)_(RC_Bayesian)_(SMEAR=Smear)_(Q2_y_Bin_4)_(z_pT_Bin_22)_(MultiDim_z_pT_Bin_Y_bin_phi_t)_(Normalized)[0m (Histo Num 49053)
[91mSkipping: (MultiDim_3D_Histo)_(BC_RC_Bayesian)_(SMEAR=Smear)_(Q2_y_Bin_4)_(z_pT_Bin_22)_(MultiDim_z_pT_Bin_Y_bin_phi_t)_(Normalized)[0m (Histo Num 49054)
[91mSkipping: (MultiDim_3D_Histo)_(Bayesian)_(SMEAR=Smear)_(Q2_y_Bin_4)_(z_pT_Bin_23)_(MultiDim_z_pT_Bin_Y_bin_phi_t)_(Normalized)[0m (Histo Num 49058)
[91mSkipping: (MultiDim_3D_Histo)_(RC_Bayesian)_(SMEAR=Smear)_(Q2_y_Bin_4)_(z_pT_Bin_23)_(MultiDim_z_pT_Bin_Y_bin_phi_t)_(Normalized)[0m (Histo Num 49059)
[91mSkipping: (MultiDim_3D_Histo)_(BC_RC_Bayesian)_(SMEAR=Smear)_(Q2_y_Bin_4)_(z_pT_Bin_23)_(MultiDim_z_pT_Bin_Y_bin_phi_t)_(Normalized)[0m (Histo Num 49060)
[91mSkipping: (MultiDim_3D_Histo)_(Bayesian)_(SMEAR=Smear)_(Q2_y_Bin_4)_(z_pT_Bin_25)_(MultiDim_z_pT_Bin_Y_bin_phi_t)_(Normalized)[0m (Histo Num 49064)
[91mSkipping: (MultiDim_3D_Histo)_(RC_Bayesian)_(SMEAR=Smear)_(Q2_y_Bin_4)_(z_pT_Bin_25)_(MultiDim_z_pT_Bin_Y_bin_phi_t)_(Normalized)[0m (Histo Num 49065)
[91mSkipping: (MultiDim_3D_Histo)_(BC_RC_Bayesian)_(SMEAR=Smear)_(Q2_y_Bin_4)_(z_pT_Bin_25)_(MultiDim_z_pT_Bin_Y_bin_phi_t)_(Normalized)[0m (Histo Num 49066)
[91mSkipping: (MultiDim_3D_Histo)_(Bayesian)_(SMEAR=Smear)_(Q2_y_Bin_4)_(z_pT_Bin_26)_(MultiDim_z_pT_Bin_Y_bin_phi_t)_(Normalized)[0m (Histo Num 49070)
[91mSkipping: (MultiDim_3D_Histo)_(RC_Bayesian)_(SMEAR=Smear)_(Q2_y_Bin_4)_(z_pT_Bin_26)_(MultiDim_z_pT_Bin_Y_bin_phi_t)_(Normalized)[0m (Histo Num 49071)
[91mSkipping: (MultiDim_3D_Histo)_(BC_RC_Bayesian)_(SMEAR=Smear)_(Q2_y_Bin_4)_(z_pT_Bin_26)_(MultiDim_z_pT_Bin_Y_bin_phi_t)_(Normalized)[0m (Histo Num 49072)
[91mSkipping: (MultiDim_3D_Histo)_(Bayesian)_(SMEAR=Smear)_(Q2_y_Bin_4)_(z_pT_Bin_27)_(MultiDim_z_pT_Bin_Y_bin_phi_t)_(Normalized)[0m (Histo Num 49076)
[91mSkipping: (MultiDim_3D_Histo)_(RC_Bayesian)_(SMEAR=Smear)_(Q2_y_Bin_4)_(z_pT_Bin_27)_(MultiDim_z_pT_Bin_Y_bin_phi_t)_(Normalized)[0m (Histo Num 49077)
[91mSkipping: (MultiDim_3D_Histo)_(BC_RC_Bayesian)_(SMEAR=Smear)_(Q2_y_Bin_4)_(z_pT_Bin_27)_(MultiDim_z_pT_Bin_Y_bin_phi_t)_(Normalized)[0m (Histo Num 49078)
[91mSkipping: (MultiDim_3D_Histo)_(Bayesian)_(SMEAR=Smear)_(Q2_y_Bin_4)_(z_pT_Bin_28)_(MultiDim_z_pT_Bin_Y_bin_phi_t)_(Normalized)[0m (Histo Num 49082)
[91mSkipping: (MultiDim_3D_Histo)_(RC_Bayesian)_(SMEAR=Smear)_(Q2_y_Bin_4)_(z_pT_Bin_28)_(MultiDim_z_pT_Bin_Y_bin_phi_t)_(Normalized)[0m (Histo Num 49083)
[91mSkipping: (MultiDim_3D_Histo)_(BC_RC_Bayesian)_(SMEAR=Smear)_(Q2_y_Bin_4)_(z_pT_Bin_28)_(MultiDim_z_pT_Bin_Y_bin_phi_t)_(Normalized)[0m (Histo Num 49084)
[91mSkipping: (MultiDim_3D_Histo)_(Bayesian)_(SMEAR=Smear)_(Q2_y_Bin_4)_(z_pT_Bin_29)_(MultiDim_z_pT_Bin_Y_bin_phi_t)_(Normalized)[0m (Histo Num 49088)
[91mSkipping: (MultiDim_3D_Histo)_(RC_Bayesian)_(SMEAR=Smear)_(Q2_y_Bin_4)_(z_pT_Bin_29)_(MultiDim_z_pT_Bin_Y_bin_phi_t)_(Normalized)[0m (Histo Num 49089)
[91mSkipping: (MultiDim_3D_Histo)_(BC_RC_Bayesian)_(SMEAR=Smear)_(Q2_y_Bin_4)_(z_pT_Bin_29)_(MultiDim_z_pT_Bin_Y_bin_phi_t)_(Normalized)[0m (Histo Num 49090)
[91mSkipping: (MultiDim_3D_Histo)_(Bayesian)_(SMEAR=Smear)_(Q2_y_Bin_4)_(z_pT_Bin_31)_(MultiDim_z_pT_Bin_Y_bin_phi_t)_(Normalized)[0m (Histo Num 49094)
[91mSkipping: (MultiDim_3D_Histo)_(RC_Bayesian)_(SMEAR=Smear)_(Q2_y_Bin_4)_(z_pT_Bin_31)_(MultiDim_z_pT_Bin_Y_bin_phi_t)_(Normalized)[0m (Histo Num 49095)
[91mSkipping: (MultiDim_3D_Histo)_(BC_RC_Bayesian)_(SMEAR=Smear)_(Q2_y_Bin_4)_(z_pT_Bin_31)_(MultiDim_z_pT_Bin_Y_bin_phi_t)_(Normalized)[0m (Histo Num 49096)
[91mSkipping: (MultiDim_3D_Histo)_(Bayesian)_(SMEAR=Smear)_(Q2_y_Bin_4)_(z_pT_Bin_32)_(MultiDim_z_pT_Bin_Y_bin_phi_t)_(Normalized)[0m (Histo Num 49100)
[91mSkipping: (MultiDim_3D_Histo)_(RC_Bayesian)_(SMEAR=Smear)_(Q2_y_Bin_4)_(z_pT_Bin_32)_(MultiDim_z_pT_Bin_Y_bin_phi_t)_(Normalized)[0m (Histo Num 49101)
[91mSkipping: (MultiDim_3D_Histo)_(BC_RC_Bayesian)_(SMEAR=Smear)_(Q2_y_Bin_4)_(z_pT_Bin_32)_(MultiDim_z_pT_Bin_Y_bin_phi_t)_(Normalized)[0m (Histo Num 49102)
[91mSkipping: (MultiDim_3D_Histo)_(Bayesian)_(SMEAR=Smear)_(Q2_y_Bin_4)_(z_pT_Bin_33)_(MultiDim_z_pT_Bin_Y_bin_phi_t)_(Normalized)[0m (Histo Num 49106)
[91mSkipping: (MultiDim_3D_Histo)_(RC_Bayesian)_(SMEAR=Smear)_(Q2_y_Bin_4)_(z_pT_Bin_33)_(MultiDim_z_pT_Bin_Y_bin_phi_t)_(Normalized)[0m (Histo Num 49107)
[91mSkipping: (MultiDim_3D_Histo)_(BC_RC_Bayesian)_(SMEAR=Smear)_(Q2_y_Bin_4)_(z_pT_Bin_33)_(MultiDim_z_pT_Bin_Y_bin_phi_t)_(Normalized)[0m (Histo Num 49108)
[91mSkipping: (MultiDim_3D_Histo)_(Bayesian)_(SMEAR=Smear)_(Q2_y_Bin_4)_(z_pT_Bin_34)_(MultiDim_z_pT_Bin_Y_bin_phi_t)_(Normalized)[0m (Histo Num 49112)
[91mSkipping: (MultiDim_3D_Histo)_(RC_Bayesian)_(SMEAR=Smear)_(Q2_y_Bin_4)_(z_pT_Bin_34)_(MultiDim_z_pT_Bin_Y_bin_phi_t)_(Normalized)[0m (Histo Num 49113)
[91mSkipping: (MultiDim_3D_Histo)_(BC_RC_Bayesian)_(SMEAR=Smear)_(Q2_y_Bin_4)_(z_pT_Bin_34)_(MultiDim_z_pT_Bin_Y_bin_phi_t)_(Normalized)[0m (Histo Num 49114)
[91mSkipping: (MultiDim_3D_Histo)_(Bayesian)_(SMEAR=Smear)_(Q2_y_Bin_5)_(z_pT_Bin_1)_(MultiDim_z_pT_Bin_Y_bin_phi_t)_(Normalized)[0m (Histo Num 49118)
[91mSkipping: (MultiDim_3D_Histo)_(RC_Bayesian)_(SMEAR=Smear)_(Q2_y_Bin_5)_(z_pT_Bin_1)_(MultiDim_z_pT_Bin_Y_bin_phi_t)_(Normalized)[0m (Histo Num 49119)
[91mSkipping: (MultiDim_3D_Histo)_(BC_RC_Bayesian)_(SMEAR=Smear)_(Q2_y_Bin_5)_(z_pT_Bin_1)_(MultiDim_z_pT_Bin_Y_bin_phi_t)_(Normalized)[0m (Histo Num 49120)
[91mSkipping: (MultiDim_3D_Histo)_(Bayesian)_(SMEAR=Smear)_(Q2_y_Bin_5)_(z_pT_Bin_2)_(MultiDim_z_pT_Bin_Y_bin_phi_t)_(Normalized)[0m (Histo Num 49124)
[91mSkipping: (MultiDim_3D_Histo)_(RC_Bayesian)_(SMEAR=Smear)_(Q2_y_Bin_5)_(z_pT_Bin_2)_(MultiDim_z_pT_Bin_Y_bin_phi_t)_(Normalized)[0m (Histo Num 49125)
[91mSkipping: (MultiDim_3D_Histo)_(BC_RC_Bayesian)_(SMEAR=Smear)_(Q2_y_Bin_5)_(z_pT_Bin_2)_(MultiDim_z_pT_Bin_Y_bin_phi_t)_(Normalized)[0m (Histo Num 49126)
[91mSkipping: (MultiDim_3D_Histo)_(Bayesian)_(SMEAR=Smear)_(Q2_y_Bin_5)_(z_pT_Bin_3)_(MultiDim_z_pT_Bin_Y_bin_phi_t)_(Normalized)[0m (Histo Num 49130)
[91mSkipping: (MultiDim_3D_Histo)_(RC_Bayesian)_(SMEAR=Smear)_(Q2_y_Bin_5)_(z_pT_Bin_3)_(MultiDim_z_pT_Bin_Y_bin_phi_t)_(Normalized)[0m (Histo Num 49131)
[91mSkipping: (MultiDim_3D_Histo)_(BC_RC_Bayesian)_(SMEAR=Smear)_(Q2_y_Bin_5)_(z_pT_Bin_3)_(MultiDim_z_pT_Bin_Y_bin_phi_t)_(Normalized)[0m (Histo Num 49132)
[91mSkipping: (MultiDim_3D_Histo)_(Bayesian)_(SMEAR=Smear)_(Q2_y_Bin_5)_(z_pT_Bin_4)_(MultiDim_z_pT_Bin_Y_bin_phi_t)_(Normalized)[0m (Histo Num 49136)
[91mSkipping: (MultiDim_3D_Histo)_(RC_Bayesian)_(SMEAR=Smear)_(Q2_y_Bin_5)_(z_pT_Bin_4)_(MultiDim_z_pT_Bin_Y_bin_phi_t)_(Normalized)[0m (Histo Num 49137)
[91mSkipping: (MultiDim_3D_Histo)_(BC_RC_Bayesian)_(SMEAR=Smear)_(Q2_y_Bin_5)_(z_pT_Bin_4)_(MultiDim_z_pT_Bin_Y_bin_phi_t)_(Normalized)[0m (Histo Num 49138)
[91mSkipping: (MultiDim_3D_Histo)_(Bayesian)_(SMEAR=Smear)_(Q2_y_Bin_5)_(z_pT_Bin_5)_(MultiDim_z_pT_Bin_Y_bin_phi_t)_(Normalized)[0m (Histo Num 49142)
[91mSkipping: (MultiDim_3D_Histo)_(RC_Bayesian)_(SMEAR=Smear)_(Q2_y_Bin_5)_(z_pT_Bin_5)_(MultiDim_z_pT_Bin_Y_bin_phi_t)_(Normalized)[0m (Histo Num 49143)
[91mSkipping: (MultiDim_3D_Histo)_(BC_RC_Bayesian)_(SMEAR=Smear)_(Q2_y_Bin_5)_(z_pT_Bin_5)_(MultiDim_z_pT_Bin_Y_bin_phi_t)_(Normalized)[0m (Histo Num 49144)
[91mSkipping: (MultiDim_3D_Histo)_(Bayesian)_(SMEAR=Smear)_(Q2_y_Bin_5)_(z_pT_Bin_6)_(MultiDim_z_pT_Bin_Y_bin_phi_t)_(Normalized)[0m (Histo Num 49148)
[91mSkipping: (MultiDim_3D_Histo)_(RC_Bayesian)_(SMEAR=Smear)_(Q2_y_Bin_5)_(z_pT_Bin_6)_(MultiDim_z_pT_Bin_Y_bin_phi_t)_(Normalized)[0m (Histo Num 49149)
[91mSkipping: (MultiDim_3D_Histo)_(BC_RC_Bayesian)_(SMEAR=Smear)_(Q2_y_Bin_5)_(z_pT_Bin_6)_(MultiDim_z_pT_Bin_Y_bin_phi_t)_(Normalized)[0m (Histo Num 49150)
[91mSkipping: (MultiDim_3D_Histo)_(Bayesian)_(SMEAR=Smear)_(Q2_y_Bin_5)_(z_pT_Bin_7)_(MultiDim_z_pT_Bin_Y_bin_phi_t)_(Normalized)[0m (Histo Num 49154)
[91mSkipping: (MultiDim_3D_Histo)_(RC_Bayesian)_(SMEAR=Smear)_(Q2_y_Bin_5)_(z_pT_Bin_7)_(MultiDim_z_pT_Bin_Y_bin_phi_t)_(Normalized)[0m (Histo Num 49155)
[91mSkipping: (MultiDim_3D_Histo)_(BC_RC_Bayesian)_(SMEAR=Smear)_(Q2_y_Bin_5)_(z_pT_Bin_7)_(MultiDim_z_pT_Bin_Y_bin_phi_t)_(Normalized)[0m (Histo Num 49156)
[91mSkipping: (MultiDim_3D_Histo)_(Bayesian)_(SMEAR=Smear)_(Q2_y_Bin_5)_(z_pT_Bin_8)_(MultiDim_z_pT_Bin_Y_bin_phi_t)_(Normalized)[0m (Histo Num 49160)
[91mSkipping: (MultiDim_3D_Histo)_(RC_Bayesian)_(SMEAR=Smear)_(Q2_y_Bin_5)_(z_pT_Bin_8)_(MultiDim_z_pT_Bin_Y_bin_phi_t)_(Normalized)[0m (Histo Num 49161)
[91mSkipping: (MultiDim_3D_Histo)_(BC_RC_Bayesian)_(SMEAR=Smear)_(Q2_y_Bin_5)_(z_pT_Bin_8)_(MultiDim_z_pT_Bin_Y_bin_phi_t)_(Normalized)[0m (Histo Num 49162)
[91mSkipping: (MultiDim_3D_Histo)_(Bayesian)_(SMEAR=Smear)_(Q2_y_Bin_5)_(z_pT_Bin_9)_(MultiDim_z_pT_Bin_Y_bin_phi_t)_(Normalized)[0m (Histo Num 49166)
[91mSkipping: (MultiDim_3D_Histo)_(RC_Bayesian)_(SMEAR=Smear)_(Q2_y_Bin_5)_(z_pT_Bin_9)_(MultiDim_z_pT_Bin_Y_bin_phi_t)_(Normalized)[0m (Histo Num 49167)
[91mSkipping: (MultiDim_3D_Histo)_(BC_RC_Bayesian)_(SMEAR=Smear)_(Q2_y_Bin_5)_(z_pT_Bin_9)_(MultiDim_z_pT_Bin_Y_bin_phi_t)_(Normalized)[0m (Histo Num 49168)
[91mSkipping: (MultiDim_3D_Histo)_(Bayesian)_(SMEAR=Smear)_(Q2_y_Bin_5)_(z_pT_Bin_10)_(MultiDim_z_pT_Bin_Y_bin_phi_t)_(Normalized)[0m (Histo Num 49172)
[91mSkipping: (MultiDim_3D_Histo)_(RC_Bayesian)_(SMEAR=Smear)_(Q2_y_Bin_5)_(z_pT_Bin_10)_(MultiDim_z_pT_Bin_Y_bin_phi_t)_(Normalized)[0m (Histo Num 49173)
[91mSkipping: (MultiDim_3D_Histo)_(BC_RC_Bayesian)_(SMEAR=Smear)_(Q2_y_Bin_5)_(z_pT_Bin_10)_(MultiDim_z_pT_Bin_Y_bin_phi_t)_(Normalized)[0m (Histo Num 49174)
[91mSkipping: (MultiDim_3D_Histo)_(Bayesian)_(SMEAR=Smear)_(Q2_y_Bin_5)_(z_pT_Bin_11)_(MultiDim_z_pT_Bin_Y_bin_phi_t)_(Normalized)[0m (Histo Num 49178)
[91mSkipping: (MultiDim_3D_Histo)_(RC_Bayesian)_(SMEAR=Smear)_(Q2_y_Bin_5)_(z_pT_Bin_11)_(MultiDim_z_pT_Bin_Y_bin_phi_t)_(Normalized)[0m (Histo Num 49179)
[91mSkipping: (MultiDim_3D_Histo)_(BC_RC_Bayesian)_(SMEAR=Smear)_(Q2_y_Bin_5)_(z_pT_Bin_11)_(MultiDim_z_pT_Bin_Y_bin_phi_t)_(Normalized)[0m (Histo Num 49180)
[91mSkipping: (MultiDim_3D_Histo)_(Bayesian)_(SMEAR=Smear)_(Q2_y_Bin_5)_(z_pT_Bin_12)_(MultiDim_z_pT_Bin_Y_bin_phi_t)_(Normalized)[0m (Histo Num 49184)
[91mSkipping: (MultiDim_3D_Histo)_(RC_Bayesian)_(SMEAR=Smear)_(Q2_y_Bin_5)_(z_pT_Bin_12)_(MultiDim_z_pT_Bin_Y_bin_phi_t)_(Normalized)[0m (Histo Num 49185)
[91mSkipping: (MultiDim_3D_Histo)_(BC_RC_Bayesian)_(SMEAR=Smear)_(Q2_y_Bin_5)_(z_pT_Bin_12)_(MultiDim_z_pT_Bin_Y_bin_phi_t)_(Normalized)[0m (Histo Num 49186)
[91mSkipping: (MultiDim_3D_Histo)_(Bayesian)_(SMEAR=Smear)_(Q2_y_Bin_5)_(z_pT_Bin_13)_(MultiDim_z_pT_Bin_Y_bin_phi_t)_(Normalized)[0m (Histo Num 49190)
[91mSkipping: (MultiDim_3D_Histo)_(RC_Bayesian)_(SMEAR=Smear)_(Q2_y_Bin_5)_(z_pT_Bin_13)_(MultiDim_z_pT_Bin_Y_bin_phi_t)_(Normalized)[0m (Histo Num 49191)
[91mSkipping: (MultiDim_3D_Histo)_(BC_RC_Bayesian)_(SMEAR=Smear)_(Q2_y_Bin_5)_(z_pT_Bin_13)_(MultiDim_z_pT_Bin_Y_bin_phi_t)_(Normalized)[0m (Histo Num 49192)
[91mSkipping: (MultiDim_3D_Histo)_(Bayesian)_(SMEAR=Smear)_(Q2_y_Bin_5)_(z_pT_Bin_14)_(MultiDim_z_pT_Bin_Y_bin_phi_t)_(Normalized)[0m (Histo Num 49196)
[91mSkipping: (MultiDim_3D_Histo)_(RC_Bayesian)_(SMEAR=Smear)_(Q2_y_Bin_5)_(z_pT_Bin_14)_(MultiDim_z_pT_Bin_Y_bin_phi_t)_(Normalized)[0m (Histo Num 49197)
[91mSkipping: (MultiDim_3D_Histo)_(BC_RC_Bayesian)_(SMEAR=Smear)_(Q2_y_Bin_5)_(z_pT_Bin_14)_(MultiDim_z_pT_Bin_Y_bin_phi_t)_(Normalized)[0m (Histo Num 49198)
[91mSkipping: (MultiDim_3D_Histo)_(Bayesian)_(SMEAR=Smear)_(Q2_y_Bin_5)_(z_pT_Bin_15)_(MultiDim_z_pT_Bin_Y_bin_phi_t)_(Normalized)[0m (Histo Num 49202)
[91mSkipping: (MultiDim_3D_Histo)_(RC_Bayesian)_(SMEAR=Smear)_(Q2_y_Bin_5)_(z_pT_Bin_15)_(MultiDim_z_pT_Bin_Y_bin_phi_t)_(Normalized)[0m (Histo Num 49203)
[91mSkipping: (MultiDim_3D_Histo)_(BC_RC_Bayesian)_(SMEAR=Smear)_(Q2_y_Bin_5)_(z_pT_Bin_15)_(MultiDim_z_pT_Bin_Y_bin_phi_t)_(Normalized)[0m (Histo Num 49204)
[91mSkipping: (MultiDim_3D_Histo)_(Bayesian)_(SMEAR=Smear)_(Q2_y_Bin_5)_(z_pT_Bin_16)_(MultiDim_z_pT_Bin_Y_bin_phi_t)_(Normalized)[0m (Histo Num 49208)
[91mSkipping: (MultiDim_3D_Histo)_(RC_Bayesian)_(SMEAR=Smear)_(Q2_y_Bin_5)_(z_pT_Bin_16)_(MultiDim_z_pT_Bin_Y_bin_phi_t)_(Normalized)[0m (Histo Num 49209)
[91mSkipping: (MultiDim_3D_Histo)_(BC_RC_Bayesian)_(SMEAR=Smear)_(Q2_y_Bin_5)_(z_pT_Bin_16)_(MultiDim_z_pT_Bin_Y_bin_phi_t)_(Normalized)[0m (Histo Num 49210)
[91mSkipping: (MultiDim_3D_Histo)_(Bayesian)_(SMEAR=Smear)_(Q2_y_Bin_5)_(z_pT_Bin_17)_(MultiDim_z_pT_Bin_Y_bin_phi_t)_(Normalized)[0m (Histo Num 49214)
[91mSkipping: (MultiDim_3D_Histo)_(RC_Bayesian)_(SMEAR=Smear)_(Q2_y_Bin_5)_(z_pT_Bin_17)_(MultiDim_z_pT_Bin_Y_bin_phi_t)_(Normalized)[0m (Histo Num 49215)
[91mSkipping: (MultiDim_3D_Histo)_(BC_RC_Bayesian)_(SMEAR=Smear)_(Q2_y_Bin_5)_(z_pT_Bin_17)_(MultiDim_z_pT_Bin_Y_bin_phi_t)_(Normalized)[0m (Histo Num 49216)
[91mSkipping: (MultiDim_3D_Histo)_(Bayesian)_(SMEAR=Smear)_(Q2_y_Bin_5)_(z_pT_Bin_18)_(MultiDim_z_pT_Bin_Y_bin_phi_t)_(Normalized)[0m (Histo Num 49220)
[91mSkipping: (MultiDim_3D_Histo)_(RC_Bayesian)_(SMEAR=Smear)_(Q2_y_Bin_5)_(z_pT_Bin_18)_(MultiDim_z_pT_Bin_Y_bin_phi_t)_(Normalized)[0m (Histo Num 49221)
[91mSkipping: (MultiDim_3D_Histo)_(BC_RC_Bayesian)_(SMEAR=Smear)_(Q2_y_Bin_5)_(z_pT_Bin_18)_(MultiDim_z_pT_Bin_Y_bin_phi_t)_(Normalized)[0m (Histo Num 49222)
[91mSkipping: (MultiDim_3D_Histo)_(Bayesian)_(SMEAR=Smear)_(Q2_y_Bin_5)_(z_pT_Bin_19)_(MultiDim_z_pT_Bin_Y_bin_phi_t)_(Normalized)[0m (Histo Num 49226)
[91mSkipping: (MultiDim_3D_Histo)_(RC_Bayesian)_(SMEAR=Smear)_(Q2_y_Bin_5)_(z_pT_Bin_19)_(MultiDim_z_pT_Bin_Y_bin_phi_t)_(Normalized)[0m (Histo Num 49227)
[91mSkipping: (MultiDim_3D_Histo)_(BC_RC_Bayesian)_(SMEAR=Smear)_(Q2_y_Bin_5)_(z_pT_Bin_19)_(MultiDim_z_pT_Bin_Y_bin_phi_t)_(Normalized)[0m (Histo Num 49228)
[91mSkipping: (MultiDim_3D_Histo)_(Bayesian)_(SMEAR=Smear)_(Q2_y_Bin_5)_(z_pT_Bin_20)_(MultiDim_z_pT_Bin_Y_bin_phi_t)_(Normalized)[0m (Histo Num 49232)
[91mSkipping: (MultiDim_3D_Histo)_(RC_Bayesian)_(SMEAR=Smear)_(Q2_y_Bin_5)_(z_pT_Bin_20)_(MultiDim_z_pT_Bin_Y_bin_phi_t)_(Normalized)[0m (Histo Num 49233)
[91mSkipping: (MultiDim_3D_Histo)_(BC_RC_Bayesian)_(SMEAR=Smear)_(Q2_y_Bin_5)_(z_pT_Bin_20)_(MultiDim_z_pT_Bin_Y_bin_phi_t)_(Normalized)[0m (Histo Num 49234)
[91mSkipping: (MultiDim_3D_Histo)_(Bayesian)_(SMEAR=Smear)_(Q2_y_Bin_5)_(z_pT_Bin_21)_(MultiDim_z_pT_Bin_Y_bin_phi_t)_(Normalized)[0m (Histo Num 49238)
[91mSkipping: (MultiDim_3D_Histo)_(RC_Bayesian)_(SMEAR=Smear)_(Q2_y_Bin_5)_(z_pT_Bin_21)_(MultiDim_z_pT_Bin_Y_bin_phi_t)_(Normalized)[0m (Histo Num 49239)
[91mSkipping: (MultiDim_3D_Histo)_(BC_RC_Bayesian)_(SMEAR=Smear)_(Q2_y_Bin_5)_(z_pT_Bin_21)_(MultiDim_z_pT_Bin_Y_bin_phi_t)_(Normalized)[0m (Histo Num 49240)
[91mSkipping: (MultiDim_3D_Histo)_(Bayesian)_(SMEAR=Smear)_(Q2_y_Bin_5)_(z_pT_Bin_22)_(MultiDim_z_pT_Bin_Y_bin_phi_t)_(Normalized)[0m (Histo Num 49244)
[91mSkipping: (MultiDim_3D_Histo)_(RC_Bayesian)_(SMEAR=Smear)_(Q2_y_Bin_5)_(z_pT_Bin_22)_(MultiDim_z_pT_Bin_Y_bin_phi_t)_(Normalized)[0m (Histo Num 49245)
[91mSkipping: (MultiDim_3D_Histo)_(BC_RC_Bayesian)_(SMEAR=Smear)_(Q2_y_Bin_5)_(z_pT_Bin_22)_(MultiDim_z_pT_Bin_Y_bin_phi_t)_(Normalized)[0m (Histo Num 49246)
[91mSkipping: (MultiDim_3D_Histo)_(Bayesian)_(SMEAR=Smear)_(Q2_y_Bin_5)_(z_pT_Bin_23)_(MultiDim_z_pT_Bin_Y_bin_phi_t)_(Normalized)[0m (Histo Num 49250)
[91mSkipping: (MultiDim_3D_Histo)_(RC_Bayesian)_(SMEAR=Smear)_(Q2_y_Bin_5)_(z_pT_Bin_23)_(MultiDim_z_pT_Bin_Y_bin_phi_t)_(Normalized)[0m (Histo Num 49251)
[91mSkipping: (MultiDim_3D_Histo)_(BC_RC_Bayesian)_(SMEAR=Smear)_(Q2_y_Bin_5)_(z_pT_Bin_23)_(MultiDim_z_pT_Bin_Y_bin_phi_t)_(Normalized)[0m (Histo Num 49252)
[91mSkipping: (MultiDim_3D_Histo)_(Bayesian)_(SMEAR=Smear)_(Q2_y_Bin_5)_(z_pT_Bin_25)_(MultiDim_z_pT_Bin_Y_bin_phi_t)_(Normalized)[0m (Histo Num 49256)
[91mSkipping: (MultiDim_3D_Histo)_(RC_Bayesian)_(SMEAR=Smear)_(Q2_y_Bin_5)_(z_pT_Bin_25)_(MultiDim_z_pT_Bin_Y_bin_phi_t)_(Normalized)[0m (Histo Num 49257)
[91mSkipping: (MultiDim_3D_Histo)_(BC_RC_Bayesian)_(SMEAR=Smear)_(Q2_y_Bin_5)_(z_pT_Bin_25)_(MultiDim_z_pT_Bin_Y_bin_phi_t)_(Normalized)[0m (Histo Num 49258)
[91mSkipping: (MultiDim_3D_Histo)_(Bayesian)_(SMEAR=Smear)_(Q2_y_Bin_5)_(z_pT_Bin_26)_(MultiDim_z_pT_Bin_Y_bin_phi_t)_(Normalized)[0m (Histo Num 49262)
[91mSkipping: (MultiDim_3D_Histo)_(RC_Bayesian)_(SMEAR=Smear)_(Q2_y_Bin_5)_(z_pT_Bin_26)_(MultiDim_z_pT_Bin_Y_bin_phi_t)_(Normalized)[0m (Histo Num 49263)
[91mSkipping: (MultiDim_3D_Histo)_(BC_RC_Bayesian)_(SMEAR=Smear)_(Q2_y_Bin_5)_(z_pT_Bin_26)_(MultiDim_z_pT_Bin_Y_bin_phi_t)_(Normalized)[0m (Histo Num 49264)
[91mSkipping: (MultiDim_3D_Histo)_(Bayesian)_(SMEAR=Smear)_(Q2_y_Bin_5)_(z_pT_Bin_27)_(MultiDim_z_pT_Bin_Y_bin_phi_t)_(Normalized)[0m (Histo Num 49268)
[91mSkipping: (MultiDim_3D_Histo)_(RC_Bayesian)_(SMEAR=Smear)_(Q2_y_Bin_5)_(z_pT_Bin_27)_(MultiDim_z_pT_Bin_Y_bin_phi_t)_(Normalized)[0m (Histo Num 49269)
[91mSkipping: (MultiDim_3D_Histo)_(BC_RC_Bayesian)_(SMEAR=Smear)_(Q2_y_Bin_5)_(z_pT_Bin_27)_(MultiDim_z_pT_Bin_Y_bin_phi_t)_(Normalized)[0m (Histo Num 49270)
[91mSkipping: (MultiDim_3D_Histo)_(Bayesian)_(SMEAR=Smear)_(Q2_y_Bin_5)_(z_pT_Bin_28)_(MultiDim_z_pT_Bin_Y_bin_phi_t)_(Normalized)[0m (Histo Num 49274)
[91mSkipping: (MultiDim_3D_Histo)_(RC_Bayesian)_(SMEAR=Smear)_(Q2_y_Bin_5)_(z_pT_Bin_28)_(MultiDim_z_pT_Bin_Y_bin_phi_t)_(Normalized)[0m (Histo Num 49275)
[91mSkipping: (MultiDim_3D_Histo)_(BC_RC_Bayesian)_(SMEAR=Smear)_(Q2_y_Bin_5)_(z_pT_Bin_28)_(MultiDim_z_pT_Bin_Y_bin_phi_t)_(Normalized)[0m (Histo Num 49276)
[91mSkipping: (MultiDim_3D_Histo)_(Bayesian)_(SMEAR=Smear)_(Q2_y_Bin_5)_(z_pT_Bin_29)_(MultiDim_z_pT_Bin_Y_bin_phi_t)_(Normalized)[0m (Histo Num 49280)
[91mSkipping: (MultiDim_3D_Histo)_(RC_Bayesian)_(SMEAR=Smear)_(Q2_y_Bin_5)_(z_pT_Bin_29)_(MultiDim_z_pT_Bin_Y_bin_phi_t)_(Normalized)[0m (Histo Num 49281)
[91mSkipping: (MultiDim_3D_Histo)_(BC_RC_Bayesian)_(SMEAR=Smear)_(Q2_y_Bin_5)_(z_pT_Bin_29)_(MultiDim_z_pT_Bin_Y_bin_phi_t)_(Normalized)[0m (Histo Num 49282)
[91mSkipping: (MultiDim_3D_Histo)_(Bayesian)_(SMEAR=Smear)_(Q2_y_Bin_5)_(z_pT_Bin_31)_(MultiDim_z_pT_Bin_Y_bin_phi_t)_(Normalized)[0m (Histo Num 49286)
[91mSkipping: (MultiDim_3D_Histo)_(RC_Bayesian)_(SMEAR=Smear)_(Q2_y_Bin_5)_(z_pT_Bin_31)_(MultiDim_z_pT_Bin_Y_bin_phi_t)_(Normalized)[0m (Histo Num 49287)
[91mSkipping: (MultiDim_3D_Histo)_(BC_RC_Bayesian)_(SMEAR=Smear)_(Q2_y_Bin_5)_(z_pT_Bin_31)_(MultiDim_z_pT_Bin_Y_bin_phi_t)_(Normalized)[0m (Histo Num 49288)
[91mSkipping: (MultiDim_3D_Histo)_(Bayesian)_(SMEAR=Smear)_(Q2_y_Bin_5)_(z_pT_Bin_32)_(MultiDim_z_pT_Bin_Y_bin_phi_t)_(Normalized)[0m (Histo Num 49292)
[91mSkipping: (MultiDim_3D_Histo)_(RC_Bayesian)_(SMEAR=Smear)_(Q2_y_Bin_5)_(z_pT_Bin_32)_(MultiDim_z_pT_Bin_Y_bin_phi_t)_(Normalized)[0m (Histo Num 49293)
[91mSkipping: (MultiDim_3D_Histo)_(BC_RC_Bayesian)_(SMEAR=Smear)_(Q2_y_Bin_5)_(z_pT_Bin_32)_(MultiDim_z_pT_Bin_Y_bin_phi_t)_(Normalized)[0m (Histo Num 49294)
[91mSkipping: (MultiDim_3D_Histo)_(Bayesian)_(SMEAR=Smear)_(Q2_y_Bin_5)_(z_pT_Bin_33)_(MultiDim_z_pT_Bin_Y_bin_phi_t)_(Normalized)[0m (Histo Num 49298)
[91mSkipping: (MultiDim_3D_Histo)_(RC_Bayesian)_(SMEAR=Smear)_(Q2_y_Bin_5)_(z_pT_Bin_33)_(MultiDim_z_pT_Bin_Y_bin_phi_t)_(Normalized)[0m (Histo Num 49299)
[91mSkipping: (MultiDim_3D_Histo)_(BC_RC_Bayesian)_(SMEAR=Smear)_(Q2_y_Bin_5)_(z_pT_Bin_33)_(MultiDim_z_pT_Bin_Y_bin_phi_t)_(Normalized)[0m (Histo Num 49300)
[91mSkipping: (MultiDim_3D_Histo)_(Bayesian)_(SMEAR=Smear)_(Q2_y_Bin_5)_(z_pT_Bin_34)_(MultiDim_z_pT_Bin_Y_bin_phi_t)_(Normalized)[0m (Histo Num 49304)
[91mSkipping: (MultiDim_3D_Histo)_(RC_Bayesian)_(SMEAR=Smear)_(Q2_y_Bin_5)_(z_pT_Bin_34)_(MultiDim_z_pT_Bin_Y_bin_phi_t)_(Normalized)[0m (Histo Num 49305)
[91mSkipping: (MultiDim_3D_Histo)_(BC_RC_Bayesian)_(SMEAR=Smear)_(Q2_y_Bin_5)_(z_pT_Bin_34)_(MultiDim_z_pT_Bin_Y_bin_phi_t)_(Normalized)[0m (Histo Num 49306)
[91mSkipping: (MultiDim_3D_Histo)_(Bayesian)_(SMEAR=Smear)_(Q2_y_Bin_6)_(z_pT_Bin_1)_(MultiDim_z_pT_Bin_Y_bin_phi_t)_(Normalized)[0m (Histo Num 49310)
[91mSkipping: (MultiDim_3D_Histo)_(RC_Bayesian)_(SMEAR=Smear)_(Q2_y_Bin_6)_(z_pT_Bin_1)_(MultiDim_z_pT_Bin_Y_bin_phi_t)_(Normalized)[0m (Histo Num 49311)
[91mSkipping: (MultiDim_3D_Histo)_(BC_RC_Bayesian)_(SMEAR=Smear)_(Q2_y_Bin_6)_(z_pT_Bin_1)_(MultiDim_z_pT_Bin_Y_bin_phi_t)_(Normalized)[0m (Histo Num 49312)
[91mSkipping: (MultiDim_3D_Histo)_(Bayesian)_(SMEAR=Smear)_(Q2_y_Bin_6)_(z_pT_Bin_2)_(MultiDim_z_pT_Bin_Y_bin_phi_t)_(Normalized)[0m (Histo Num 49316)
[91mSkipping: (MultiDim_3D_Histo)_(RC_Bayesian)_(SMEAR=Smear)_(Q2_y_Bin_6)_(z_pT_Bin_2)_(MultiDim_z_pT_Bin_Y_bin_phi_t)_(Normalized)[0m (Histo Num 49317)
[91mSkipping: (MultiDim_3D_Histo)_(BC_RC_Bayesian)_(SMEAR=Smear)_(Q2_y_Bin_6)_(z_pT_Bin_2)_(MultiDim_z_pT_Bin_Y_bin_phi_t)_(Normalized)[0m (Histo Num 49318)
[91mSkipping: (MultiDim_3D_Histo)_(Bayesian)_(SMEAR=Smear)_(Q2_y_Bin_6)_(z_pT_Bin_3)_(MultiDim_z_pT_Bin_Y_bin_phi_t)_(Normalized)[0m (Histo Num 49322)
[91mSkipping: (MultiDim_3D_Histo)_(RC_Bayesian)_(SMEAR=Smear)_(Q2_y_Bin_6)_(z_pT_Bin_3)_(MultiDim_z_pT_Bin_Y_bin_phi_t)_(Normalized)[0m (Histo Num 49323)
[91mSkipping: (MultiDim_3D_Histo)_(BC_RC_Bayesian)_(SMEAR=Smear)_(Q2_y_Bin_6)_(z_pT_Bin_3)_(MultiDim_z_pT_Bin_Y_bin_phi_t)_(Normalized)[0m (Histo Num 49324)
[91mSkipping: (MultiDim_3D_Histo)_(Bayesian)_(SMEAR=Smear)_(Q2_y_Bin_6)_(z_pT_Bin_4)_(MultiDim_z_pT_Bin_Y_bin_phi_t)_(Normalized)[0m (Histo Num 49328)
[91mSkipping: (MultiDim_3D_Histo)_(RC_Bayesian)_(SMEAR=Smear)_(Q2_y_Bin_6)_(z_pT_Bin_4)_(MultiDim_z_pT_Bin_Y_bin_phi_t)_(Normalized)[0m (Histo Num 49329)
[91mSkipping: (MultiDim_3D_Histo)_(BC_RC_Bayesian)_(SMEAR=Smear)_(Q2_y_Bin_6)_(z_pT_Bin_4)_(MultiDim_z_pT_Bin_Y_bin_phi_t)_(Normalized)[0m (Histo Num 49330)
[91mSkipping: (MultiDim_3D_Histo)_(Bayesian)_(SMEAR=Smear)_(Q2_y_Bin_6)_(z_pT_Bin_5)_(MultiDim_z_pT_Bin_Y_bin_phi_t)_(Normalized)[0m (Histo Num 49334)
[91mSkipping: (MultiDim_3D_Histo)_(RC_Bayesian)_(SMEAR=Smear)_(Q2_y_Bin_6)_(z_pT_Bin_5)_(MultiDim_z_pT_Bin_Y_bin_phi_t)_(Normalized)[0m (Histo Num 49335)
[91mSkipping: (MultiDim_3D_Histo)_(BC_RC_Bayesian)_(SMEAR=Smear)_(Q2_y_Bin_6)_(z_pT_Bin_5)_(MultiDim_z_pT_Bin_Y_bin_phi_t)_(Normalized)[0m (Histo Num 49336)
[91mSkipping: (MultiDim_3D_Histo)_(Bayesian)_(SMEAR=Smear)_(Q2_y_Bin_6)_(z_pT_Bin_6)_(MultiDim_z_pT_Bin_Y_bin_phi_t)_(Normalized)[0m (Histo Num 49340)
[91mSkipping: (MultiDim_3D_Histo)_(RC_Bayesian)_(SMEAR=Smear)_(Q2_y_Bin_6)_(z_pT_Bin_6)_(MultiDim_z_pT_Bin_Y_bin_phi_t)_(Normalized)[0m (Histo Num 49341)
[91mSkipping: (MultiDim_3D_Histo)_(BC_RC_Bayesian)_(SMEAR=Smear)_(Q2_y_Bin_6)_(z_pT_Bin_6)_(MultiDim_z_pT_Bin_Y_bin_phi_t)_(Normalized)[0m (Histo Num 49342)
[91mSkipping: (MultiDim_3D_Histo)_(Bayesian)_(SMEAR=Smear)_(Q2_y_Bin_6)_(z_pT_Bin_7)_(MultiDim_z_pT_Bin_Y_bin_phi_t)_(Normalized)[0m (Histo Num 49346)
[91mSkipping: (MultiDim_3D_Histo)_(RC_Bayesian)_(SMEAR=Smear)_(Q2_y_Bin_6)_(z_pT_Bin_7)_(MultiDim_z_pT_Bin_Y_bin_phi_t)_(Normalized)[0m (Histo Num 49347)
[91mSkipping: (MultiDim_3D_Histo)_(BC_RC_Bayesian)_(SMEAR=Smear)_(Q2_y_Bin_6)_(z_pT_Bin_7)_(MultiDim_z_pT_Bin_Y_bin_phi_t)_(Normalized)[0m (Histo Num 49348)
[91mSkipping: (MultiDim_3D_Histo)_(Bayesian)_(SMEAR=Smear)_(Q2_y_Bin_6)_(z_pT_Bin_8)_(MultiDim_z_pT_Bin_Y_bin_phi_t)_(Normalized)[0m (Histo Num 49352)
[91mSkipping: (MultiDim_3D_Histo)_(RC_Bayesian)_(SMEAR=Smear)_(Q2_y_Bin_6)_(z_pT_Bin_8)_(MultiDim_z_pT_Bin_Y_bin_phi_t)_(Normalized)[0m (Histo Num 49353)
[91mSkipping: (MultiDim_3D_Histo)_(BC_RC_Bayesian)_(SMEAR=Smear)_(Q2_y_Bin_6)_(z_pT_Bin_8)_(MultiDim_z_pT_Bin_Y_bin_phi_t)_(Normalized)[0m (Histo Num 49354)
[91mSkipping: (MultiDim_3D_Histo)_(Bayesian)_(SMEAR=Smear)_(Q2_y_Bin_6)_(z_pT_Bin_9)_(MultiDim_z_pT_Bin_Y_bin_phi_t)_(Normalized)[0m (Histo Num 49358)
[91mSkipping: (MultiDim_3D_Histo)_(RC_Bayesian)_(SMEAR=Smear)_(Q2_y_Bin_6)_(z_pT_Bin_9)_(MultiDim_z_pT_Bin_Y_bin_phi_t)_(Normalized)[0m (Histo Num 49359)
[91mSkipping: (MultiDim_3D_Histo)_(BC_RC_Bayesian)_(SMEAR=Smear)_(Q2_y_Bin_6)_(z_pT_Bin_9)_(MultiDim_z_pT_Bin_Y_bin_phi_t)_(Normalized)[0m (Histo Num 49360)
[91mSkipping: (MultiDim_3D_Histo)_(Bayesian)_(SMEAR=Smear)_(Q2_y_Bin_6)_(z_pT_Bin_10)_(MultiDim_z_pT_Bin_Y_bin_phi_t)_(Normalized)[0m (Histo Num 49364)
[91mSkipping: (MultiDim_3D_Histo)_(RC_Bayesian)_(SMEAR=Smear)_(Q2_y_Bin_6)_(z_pT_Bin_10)_(MultiDim_z_pT_Bin_Y_bin_phi_t)_(Normalized)[0m (Histo Num 49365)
[91mSkipping: (MultiDim_3D_Histo)_(BC_RC_Bayesian)_(SMEAR=Smear)_(Q2_y_Bin_6)_(z_pT_Bin_10)_(MultiDim_z_pT_Bin_Y_bin_phi_t)_(Normalized)[0m (Histo Num 49366)
[91mSkipping: (MultiDim_3D_Histo)_(Bayesian)_(SMEAR=Smear)_(Q2_y_Bin_6)_(z_pT_Bin_11)_(MultiDim_z_pT_Bin_Y_bin_phi_t)_(Normalized)[0m (Histo Num 49370)
[91mSkipping: (MultiDim_3D_Histo)_(RC_Bayesian)_(SMEAR=Smear)_(Q2_y_Bin_6)_(z_pT_Bin_11)_(MultiDim_z_pT_Bin_Y_bin_phi_t)_(Normalized)[0m (Histo Num 49371)
[91mSkipping: (MultiDim_3D_Histo)_(BC_RC_Bayesian)_(SMEAR=Smear)_(Q2_y_Bin_6)_(z_pT_Bin_11)_(MultiDim_z_pT_Bin_Y_bin_phi_t)_(Normalized)[0m (Histo Num 49372)
[91mSkipping: (MultiDim_3D_Histo)_(Bayesian)_(SMEAR=Smear)_(Q2_y_Bin_6)_(z_pT_Bin_12)_(MultiDim_z_pT_Bin_Y_bin_phi_t)_(Normalized)[0m (Histo Num 49376)
[91mSkipping: (MultiDim_3D_Histo)_(RC_Bayesian)_(SMEAR=Smear)_(Q2_y_Bin_6)_(z_pT_Bin_12)_(MultiDim_z_pT_Bin_Y_bin_phi_t)_(Normalized)[0m (Histo Num 49377)
[91mSkipping: (MultiDim_3D_Histo)_(BC_RC_Bayesian)_(SMEAR=Smear)_(Q2_y_Bin_6)_(z_pT_Bin_12)_(MultiDim_z_pT_Bin_Y_bin_phi_t)_(Normalized)[0m (Histo Num 49378)
[91mSkipping: (MultiDim_3D_Histo)_(Bayesian)_(SMEAR=Smear)_(Q2_y_Bin_6)_(z_pT_Bin_13)_(MultiDim_z_pT_Bin_Y_bin_phi_t)_(Normalized)[0m (Histo Num 49382)
[91mSkipping: (MultiDim_3D_Histo)_(RC_Bayesian)_(SMEAR=Smear)_(Q2_y_Bin_6)_(z_pT_Bin_13)_(MultiDim_z_pT_Bin_Y_bin_phi_t)_(Normalized)[0m (Histo Num 49383)
[91mSkipping: (MultiDim_3D_Histo)_(BC_RC_Bayesian)_(SMEAR=Smear)_(Q2_y_Bin_6)_(z_pT_Bin_13)_(MultiDim_z_pT_Bin_Y_bin_phi_t)_(Normalized)[0m (Histo Num 49384)
[91mSkipping: (MultiDim_3D_Histo)_(Bayesian)_(SMEAR=Smear)_(Q2_y_Bin_6)_(z_pT_Bin_14)_(MultiDim_z_pT_Bin_Y_bin_phi_t)_(Normalized)[0m (Histo Num 49388)
[91mSkipping: (MultiDim_3D_Histo)_(RC_Bayesian)_(SMEAR=Smear)_(Q2_y_Bin_6)_(z_pT_Bin_14)_(MultiDim_z_pT_Bin_Y_bin_phi_t)_(Normalized)[0m (Histo Num 49389)
[91mSkipping: (MultiDim_3D_Histo)_(BC_RC_Bayesian)_(SMEAR=Smear)_(Q2_y_Bin_6)_(z_pT_Bin_14)_(MultiDim_z_pT_Bin_Y_bin_phi_t)_(Normalized)[0m (Histo Num 49390)
[91mSkipping: (MultiDim_3D_Histo)_(Bayesian)_(SMEAR=Smear)_(Q2_y_Bin_6)_(z_pT_Bin_15)_(MultiDim_z_pT_Bin_Y_bin_phi_t)_(Normalized)[0m (Histo Num 49394)
[91mSkipping: (MultiDim_3D_Histo)_(RC_Bayesian)_(SMEAR=Smear)_(Q2_y_Bin_6)_(z_pT_Bin_15)_(MultiDim_z_pT_Bin_Y_bin_phi_t)_(Normalized)[0m (Histo Num 49395)
[91mSkipping: (MultiDim_3D_Histo)_(BC_RC_Bayesian)_(SMEAR=Smear)_(Q2_y_Bin_6)_(z_pT_Bin_15)_(MultiDim_z_pT_Bin_Y_bin_phi_t)_(Normalized)[0m (Histo Num 49396)
[91mSkipping: (MultiDim_3D_Histo)_(Bayesian)_(SMEAR=Smear)_(Q2_y_Bin_6)_(z_pT_Bin_16)_(MultiDim_z_pT_Bin_Y_bin_phi_t)_(Normalized)[0m (Histo Num 49400)
[91mSkipping: (MultiDim_3D_Histo)_(RC_Bayesian)_(SMEAR=Smear)_(Q2_y_Bin_6)_(z_pT_Bin_16)_(MultiDim_z_pT_Bin_Y_bin_phi_t)_(Normalized)[0m (Histo Num 49401)
[91mSkipping: (MultiDim_3D_Histo)_(BC_RC_Bayesian)_(SMEAR=Smear)_(Q2_y_Bin_6)_(z_pT_Bin_16)_(MultiDim_z_pT_Bin_Y_bin_phi_t)_(Normalized)[0m (Histo Num 49402)
[91mSkipping: (MultiDim_3D_Histo)_(Bayesian)_(SMEAR=Smear)_(Q2_y_Bin_6)_(z_pT_Bin_17)_(MultiDim_z_pT_Bin_Y_bin_phi_t)_(Normalized)[0m (Histo Num 49406)
[91mSkipping: (MultiDim_3D_Histo)_(RC_Bayesian)_(SMEAR=Smear)_(Q2_y_Bin_6)_(z_pT_Bin_17)_(MultiDim_z_pT_Bin_Y_bin_phi_t)_(Normalized)[0m (Histo Num 49407)
[91mSkipping: (MultiDim_3D_Histo)_(BC_RC_Bayesian)_(SMEAR=Smear)_(Q2_y_Bin_6)_(z_pT_Bin_17)_(MultiDim_z_pT_Bin_Y_bin_phi_t)_(Normalized)[0m (Histo Num 49408)
[91mSkipping: (MultiDim_3D_Histo)_(Bayesian)_(SMEAR=Smear)_(Q2_y_Bin_6)_(z_pT_Bin_19)_(MultiDim_z_pT_Bin_Y_bin_phi_t)_(Normalized)[0m (Histo Num 49412)
[91mSkipping: (MultiDim_3D_Histo)_(RC_Bayesian)_(SMEAR=Smear)_(Q2_y_Bin_6)_(z_pT_Bin_19)_(MultiDim_z_pT_Bin_Y_bin_phi_t)_(Normalized)[0m (Histo Num 49413)
[91mSkipping: (MultiDim_3D_Histo)_(BC_RC_Bayesian)_(SMEAR=Smear)_(Q2_y_Bin_6)_(z_pT_Bin_19)_(MultiDim_z_pT_Bin_Y_bin_phi_t)_(Normalized)[0m (Histo Num 49414)
[91mSkipping: (MultiDim_3D_Histo)_(Bayesian)_(SMEAR=Smear)_(Q2_y_Bin_6)_(z_pT_Bin_20)_(MultiDim_z_pT_Bin_Y_bin_phi_t)_(Normalized)[0m (Histo Num 49418)
[91mSkipping: (MultiDim_3D_Histo)_(RC_Bayesian)_(SMEAR=Smear)_(Q2_y_Bin_6)_(z_pT_Bin_20)_(MultiDim_z_pT_Bin_Y_bin_phi_t)_(Normalized)[0m (Histo Num 49419)
[91mSkipping: (MultiDim_3D_Histo)_(BC_RC_Bayesian)_(SMEAR=Smear)_(Q2_y_Bin_6)_(z_pT_Bin_20)_(MultiDim_z_pT_Bin_Y_bin_phi_t)_(Normalized)[0m (Histo Num 49420)
[91mSkipping: (MultiDim_3D_Histo)_(Bayesian)_(SMEAR=Smear)_(Q2_y_Bin_6)_(z_pT_Bin_21)_(MultiDim_z_pT_Bin_Y_bin_phi_t)_(Normalized)[0m (Histo Num 49424)
[91mSkipping: (MultiDim_3D_Histo)_(RC_Bayesian)_(SMEAR=Smear)_(Q2_y_Bin_6)_(z_pT_Bin_21)_(MultiDim_z_pT_Bin_Y_bin_phi_t)_(Normalized)[0m (Histo Num 49425)
[91mSkipping: (MultiDim_3D_Histo)_(BC_RC_Bayesian)_(SMEAR=Smear)_(Q2_y_Bin_6)_(z_pT_Bin_21)_(MultiDim_z_pT_Bin_Y_bin_phi_t)_(Normalized)[0m (Histo Num 49426)
[91mSkipping: (MultiDim_3D_Histo)_(Bayesian)_(SMEAR=Smear)_(Q2_y_Bin_6)_(z_pT_Bin_22)_(MultiDim_z_pT_Bin_Y_bin_phi_t)_(Normalized)[0m (Histo Num 49430)
[91mSkipping: (MultiDim_3D_Histo)_(RC_Bayesian)_(SMEAR=Smear)_(Q2_y_Bin_6)_(z_pT_Bin_22)_(MultiDim_z_pT_Bin_Y_bin_phi_t)_(Normalized)[0m (Histo Num 49431)
[91mSkipping: (MultiDim_3D_Histo)_(BC_RC_Bayesian)_(SMEAR=Smear)_(Q2_y_Bin_6)_(z_pT_Bin_22)_(MultiDim_z_pT_Bin_Y_bin_phi_t)_(Normalized)[0m (Histo Num 49432)
[91mSkipping: (MultiDim_3D_Histo)_(Bayesian)_(SMEAR=Smear)_(Q2_y_Bin_6)_(z_pT_Bin_23)_(MultiDim_z_pT_Bin_Y_bin_phi_t)_(Normalized)[0m (Histo Num 49436)
[91mSkipping: (MultiDim_3D_Histo)_(RC_Bayesian)_(SMEAR=Smear)_(Q2_y_Bin_6)_(z_pT_Bin_23)_(MultiDim_z_pT_Bin_Y_bin_phi_t)_(Normalized)[0m (Histo Num 49437)
[91mSkipping: (MultiDim_3D_Histo)_(BC_RC_Bayesian)_(SMEAR=Smear)_(Q2_y_Bin_6)_(z_pT_Bin_23)_(MultiDim_z_pT_Bin_Y_bin_phi_t)_(Normalized)[0m (Histo Num 49438)
[91mSkipping: (MultiDim_3D_Histo)_(Bayesian)_(SMEAR=Smear)_(Q2_y_Bin_6)_(z_pT_Bin_25)_(MultiDim_z_pT_Bin_Y_bin_phi_t)_(Normalized)[0m (Histo Num 49442)
[91mSkipping: (MultiDim_3D_Histo)_(RC_Bayesian)_(SMEAR=Smear)_(Q2_y_Bin_6)_(z_pT_Bin_25)_(MultiDim_z_pT_Bin_Y_bin_phi_t)_(Normalized)[0m (Histo Num 49443)
[91mSkipping: (MultiDim_3D_Histo)_(BC_RC_Bayesian)_(SMEAR=Smear)_(Q2_y_Bin_6)_(z_pT_Bin_25)_(MultiDim_z_pT_Bin_Y_bin_phi_t)_(Normalized)[0m (Histo Num 49444)
[91mSkipping: (MultiDim_3D_Histo)_(Bayesian)_(SMEAR=Smear)_(Q2_y_Bin_6)_(z_pT_Bin_26)_(MultiDim_z_pT_Bin_Y_bin_phi_t)_(Normalized)[0m (Histo Num 49448)
[91mSkipping: (MultiDim_3D_Histo)_(RC_Bayesian)_(SMEAR=Smear)_(Q2_y_Bin_6)_(z_pT_Bin_26)_(MultiDim_z_pT_Bin_Y_bin_phi_t)_(Normalized)[0m (Histo Num 49449)
[91mSkipping: (MultiDim_3D_Histo)_(BC_RC_Bayesian)_(SMEAR=Smear)_(Q2_y_Bin_6)_(z_pT_Bin_26)_(MultiDim_z_pT_Bin_Y_bin_phi_t)_(Normalized)[0m (Histo Num 49450)
[91mSkipping: (MultiDim_3D_Histo)_(Bayesian)_(SMEAR=Smear)_(Q2_y_Bin_6)_(z_pT_Bin_27)_(MultiDim_z_pT_Bin_Y_bin_phi_t)_(Normalized)[0m (Histo Num 49454)
[91mSkipping: (MultiDim_3D_Histo)_(RC_Bayesian)_(SMEAR=Smear)_(Q2_y_Bin_6)_(z_pT_Bin_27)_(MultiDim_z_pT_Bin_Y_bin_phi_t)_(Normalized)[0m (Histo Num 49455)
[91mSkipping: (MultiDim_3D_Histo)_(BC_RC_Bayesian)_(SMEAR=Smear)_(Q2_y_Bin_6)_(z_pT_Bin_27)_(MultiDim_z_pT_Bin_Y_bin_phi_t)_(Normalized)[0m (Histo Num 49456)
[91mSkipping: (MultiDim_3D_Histo)_(Bayesian)_(SMEAR=Smear)_(Q2_y_Bin_6)_(z_pT_Bin_28)_(MultiDim_z_pT_Bin_Y_bin_phi_t)_(Normalized)[0m (Histo Num 49460)
[91mSkipping: (MultiDim_3D_Histo)_(RC_Bayesian)_(SMEAR=Smear)_(Q2_y_Bin_6)_(z_pT_Bin_28)_(MultiDim_z_pT_Bin_Y_bin_phi_t)_(Normalized)[0m (Histo Num 49461)
[91mSkipping: (MultiDim_3D_Histo)_(BC_RC_Bayesian)_(SMEAR=Smear)_(Q2_y_Bin_6)_(z_pT_Bin_28)_(MultiDim_z_pT_Bin_Y_bin_phi_t)_(Normalized)[0m (Histo Num 49462)
[91mSkipping: (MultiDim_3D_Histo)_(Bayesian)_(SMEAR=Smear)_(Q2_y_Bin_7)_(z_pT_Bin_1)_(MultiDim_z_pT_Bin_Y_bin_phi_t)_(Normalized)[0m (Histo Num 49466)
[91mSkipping: (MultiDim_3D_Histo)_(RC_Bayesian)_(SMEAR=Smear)_(Q2_y_Bin_7)_(z_pT_Bin_1)_(MultiDim_z_pT_Bin_Y_bin_phi_t)_(Normalized)[0m (Histo Num 49467)
[91mSkipping: (MultiDim_3D_Histo)_(BC_RC_Bayesian)_(SMEAR=Smear)_(Q2_y_Bin_7)_(z_pT_Bin_1)_(MultiDim_z_pT_Bin_Y_bin_phi_t)_(Normalized)[0m (Histo Num 49468)
[91mSkipping: (MultiDim_3D_Histo)_(Bayesian)_(SMEAR=Smear)_(Q2_y_Bin_7)_(z_pT_Bin_2)_(MultiDim_z_pT_Bin_Y_bin_phi_t)_(Normalized)[0m (Histo Num 49472)
[91mSkipping: (MultiDim_3D_Histo)_(RC_Bayesian)_(SMEAR=Smear)_(Q2_y_Bin_7)_(z_pT_Bin_2)_(MultiDim_z_pT_Bin_Y_bin_phi_t)_(Normalized)[0m (Histo Num 49473)
[91mSkipping: (MultiDim_3D_Histo)_(BC_RC_Bayesian)_(SMEAR=Smear)_(Q2_y_Bin_7)_(z_pT_Bin_2)_(MultiDim_z_pT_Bin_Y_bin_phi_t)_(Normalized)[0m (Histo Num 49474)
[91mSkipping: (MultiDim_3D_Histo)_(Bayesian)_(SMEAR=Smear)_(Q2_y_Bin_7)_(z_pT_Bin_3)_(MultiDim_z_pT_Bin_Y_bin_phi_t)_(Normalized)[0m (Histo Num 49478)
[91mSkipping: (MultiDim_3D_Histo)_(RC_Bayesian)_(SMEAR=Smear)_(Q2_y_Bin_7)_(z_pT_Bin_3)_(MultiDim_z_pT_Bin_Y_bin_phi_t)_(Normalized)[0m (Histo Num 49479)
[91mSkipping: (MultiDim_3D_Histo)_(BC_RC_Bayesian)_(SMEAR=Smear)_(Q2_y_Bin_7)_(z_pT_Bin_3)_(MultiDim_z_pT_Bin_Y_bin_phi_t)_(Normalized)[0m (Histo Num 49480)
[91mSkipping: (MultiDim_3D_Histo)_(Bayesian)_(SMEAR=Smear)_(Q2_y_Bin_7)_(z_pT_Bin_4)_(MultiDim_z_pT_Bin_Y_bin_phi_t)_(Normalized)[0m (Histo Num 49484)
[91mSkipping: (MultiDim_3D_Histo)_(RC_Bayesian)_(SMEAR=Smear)_(Q2_y_Bin_7)_(z_pT_Bin_4)_(MultiDim_z_pT_Bin_Y_bin_phi_t)_(Normalized)[0m (Histo Num 49485)
[91mSkipping: (MultiDim_3D_Histo)_(BC_RC_Bayesian)_(SMEAR=Smear)_(Q2_y_Bin_7)_(z_pT_Bin_4)_(MultiDim_z_pT_Bin_Y_bin_phi_t)_(Normalized)[0m (Histo Num 49486)
[91mSkipping: (MultiDim_3D_Histo)_(Bayesian)_(SMEAR=Smear)_(Q2_y_Bin_7)_(z_pT_Bin_5)_(MultiDim_z_pT_Bin_Y_bin_phi_t)_(Normalized)[0m (Histo Num 49490)
[91mSkipping: (MultiDim_3D_Histo)_(RC_Bayesian)_(SMEAR=Smear)_(Q2_y_Bin_7)_(z_pT_Bin_5)_(MultiDim_z_pT_Bin_Y_bin_phi_t)_(Normalized)[0m (Histo Num 49491)
[91mSkipping: (MultiDim_3D_Histo)_(BC_RC_Bayesian)_(SMEAR=Smear)_(Q2_y_Bin_7)_(z_pT_Bin_5)_(MultiDim_z_pT_Bin_Y_bin_phi_t)_(Normalized)[0m (Histo Num 49492)
[91mSkipping: (MultiDim_3D_Histo)_(Bayesian)_(SMEAR=Smear)_(Q2_y_Bin_7)_(z_pT_Bin_7)_(MultiDim_z_pT_Bin_Y_bin_phi_t)_(Normalized)[0m (Histo Num 49496)
[91mSkipping: (MultiDim_3D_Histo)_(RC_Bayesian)_(SMEAR=Smear)_(Q2_y_Bin_7)_(z_pT_Bin_7)_(MultiDim_z_pT_Bin_Y_bin_phi_t)_(Normalized)[0m (Histo Num 49497)
[91mSkipping: (MultiDim_3D_Histo)_(BC_RC_Bayesian)_(SMEAR=Smear)_(Q2_y_Bin_7)_(z_pT_Bin_7)_(MultiDim_z_pT_Bin_Y_bin_phi_t)_(Normalized)[0m (Histo Num 49498)
[91mSkipping: (MultiDim_3D_Histo)_(Bayesian)_(SMEAR=Smear)_(Q2_y_Bin_7)_(z_pT_Bin_8)_(MultiDim_z_pT_Bin_Y_bin_phi_t)_(Normalized)[0m (Histo Num 49502)
[91mSkipping: (MultiDim_3D_Histo)_(RC_Bayesian)_(SMEAR=Smear)_(Q2_y_Bin_7)_(z_pT_Bin_8)_(MultiDim_z_pT_Bin_Y_bin_phi_t)_(Normalized)[0m (Histo Num 49503)
[91mSkipping: (MultiDim_3D_Histo)_(BC_RC_Bayesian)_(SMEAR=Smear)_(Q2_y_Bin_7)_(z_pT_Bin_8)_(MultiDim_z_pT_Bin_Y_bin_phi_t)_(Normalized)[0m (Histo Num 49504)
[91mSkipping: (MultiDim_3D_Histo)_(Bayesian)_(SMEAR=Smear)_(Q2_y_Bin_7)_(z_pT_Bin_9)_(MultiDim_z_pT_Bin_Y_bin_phi_t)_(Normalized)[0m (Histo Num 49508)
[91mSkipping: (MultiDim_3D_Histo)_(RC_Bayesian)_(SMEAR=Smear)_(Q2_y_Bin_7)_(z_pT_Bin_9)_(MultiDim_z_pT_Bin_Y_bin_phi_t)_(Normalized)[0m (Histo Num 49509)
[91mSkipping: (MultiDim_3D_Histo)_(BC_RC_Bayesian)_(SMEAR=Smear)_(Q2_y_Bin_7)_(z_pT_Bin_9)_(MultiDim_z_pT_Bin_Y_bin_phi_t)_(Normalized)[0m (Histo Num 49510)
[91mSkipping: (MultiDim_3D_Histo)_(Bayesian)_(SMEAR=Smear)_(Q2_y_Bin_7)_(z_pT_Bin_10)_(MultiDim_z_pT_Bin_Y_bin_phi_t)_(Normalized)[0m (Histo Num 49514)
[91mSkipping: (MultiDim_3D_Histo)_(RC_Bayesian)_(SMEAR=Smear)_(Q2_y_Bin_7)_(z_pT_Bin_10)_(MultiDim_z_pT_Bin_Y_bin_phi_t)_(Normalized)[0m (Histo Num 49515)
[91mSkipping: (MultiDim_3D_Histo)_(BC_RC_Bayesian)_(SMEAR=Smear)_(Q2_y_Bin_7)_(z_pT_Bin_10)_(MultiDim_z_pT_Bin_Y_bin_phi_t)_(Normalized)[0m (Histo Num 49516)
[91mSkipping: (MultiDim_3D_Histo)_(Bayesian)_(SMEAR=Smear)_(Q2_y_Bin_7)_(z_pT_Bin_11)_(MultiDim_z_pT_Bin_Y_bin_phi_t)_(Normalized)[0m (Histo Num 49520)
[91mSkipping: (MultiDim_3D_Histo)_(RC_Bayesian)_(SMEAR=Smear)_(Q2_y_Bin_7)_(z_pT_Bin_11)_(MultiDim_z_pT_Bin_Y_bin_phi_t)_(Normalized)[0m (Histo Num 49521)
[91mSkipping: (MultiDim_3D_Histo)_(BC_RC_Bayesian)_(SMEAR=Smear)_(Q2_y_Bin_7)_(z_pT_Bin_11)_(MultiDim_z_pT_Bin_Y_bin_phi_t)_(Normalized)[0m (Histo Num 49522)
[91mSkipping: (MultiDim_3D_Histo)_(Bayesian)_(SMEAR=Smear)_(Q2_y_Bin_7)_(z_pT_Bin_12)_(MultiDim_z_pT_Bin_Y_bin_phi_t)_(Normalized)[0m (Histo Num 49526)
[91mSkipping: (MultiDim_3D_Histo)_(RC_Bayesian)_(SMEAR=Smear)_(Q2_y_Bin_7)_(z_pT_Bin_12)_(MultiDim_z_pT_Bin_Y_bin_phi_t)_(Normalized)[0m (Histo Num 49527)
[91mSkipping: (MultiDim_3D_Histo)_(BC_RC_Bayesian)_(SMEAR=Smear)_(Q2_y_Bin_7)_(z_pT_Bin_12)_(MultiDim_z_pT_Bin_Y_bin_phi_t)_(Normalized)[0m (Histo Num 49528)
[91mSkipping: (MultiDim_3D_Histo)_(Bayesian)_(SMEAR=Smear)_(Q2_y_Bin_7)_(z_pT_Bin_13)_(MultiDim_z_pT_Bin_Y_bin_phi_t)_(Normalized)[0m (Histo Num 49532)
[91mSkipping: (MultiDim_3D_Histo)_(RC_Bayesian)_(SMEAR=Smear)_(Q2_y_Bin_7)_(z_pT_Bin_13)_(MultiDim_z_pT_Bin_Y_bin_phi_t)_(Normalized)[0m (Histo Num 49533)
[91mSkipping: (MultiDim_3D_Histo)_(BC_RC_Bayesian)_(SMEAR=Smear)_(Q2_y_Bin_7)_(z_pT_Bin_13)_(MultiDim_z_pT_Bin_Y_bin_phi_t)_(Normalized)[0m (Histo Num 49534)
[91mSkipping: (MultiDim_3D_Histo)_(Bayesian)_(SMEAR=Smear)_(Q2_y_Bin_7)_(z_pT_Bin_14)_(MultiDim_z_pT_Bin_Y_bin_phi_t)_(Normalized)[0m (Histo Num 49538)
[91mSkipping: (MultiDim_3D_Histo)_(RC_Bayesian)_(SMEAR=Smear)_(Q2_y_Bin_7)_(z_pT_Bin_14)_(MultiDim_z_pT_Bin_Y_bin_phi_t)_(Normalized)[0m (Histo Num 49539)
[91mSkipping: (MultiDim_3D_Histo)_(BC_RC_Bayesian)_(SMEAR=Smear)_(Q2_y_Bin_7)_(z_pT_Bin_14)_(MultiDim_z_pT_Bin_Y_bin_phi_t)_(Normalized)[0m (Histo Num 49540)
[91mSkipping: (MultiDim_3D_Histo)_(Bayesian)_(SMEAR=Smear)_(Q2_y_Bin_7)_(z_pT_Bin_15)_(MultiDim_z_pT_Bin_Y_bin_phi_t)_(Normalized)[0m (Histo Num 49544)
[91mSkipping: (MultiDim_3D_Histo)_(RC_Bayesian)_(SMEAR=Smear)_(Q2_y_Bin_7)_(z_pT_Bin_15)_(MultiDim_z_pT_Bin_Y_bin_phi_t)_(Normalized)[0m (Histo Num 49545)
[91mSkipping: (MultiDim_3D_Histo)_(BC_RC_Bayesian)_(SMEAR=Smear)_(Q2_y_Bin_7)_(z_pT_Bin_15)_(MultiDim_z_pT_Bin_Y_bin_phi_t)_(Normalized)[0m (Histo Num 49546)
[91mSkipping: (MultiDim_3D_Histo)_(Bayesian)_(SMEAR=Smear)_(Q2_y_Bin_7)_(z_pT_Bin_16)_(MultiDim_z_pT_Bin_Y_bin_phi_t)_(Normalized)[0m (Histo Num 49550)
[91mSkipping: (MultiDim_3D_Histo)_(RC_Bayesian)_(SMEAR=Smear)_(Q2_y_Bin_7)_(z_pT_Bin_16)_(MultiDim_z_pT_Bin_Y_bin_phi_t)_(Normalized)[0m (Histo Num 49551)
[91mSkipping: (MultiDim_3D_Histo)_(BC_RC_Bayesian)_(SMEAR=Smear)_(Q2_y_Bin_7)_(z_pT_Bin_16)_(MultiDim_z_pT_Bin_Y_bin_phi_t)_(Normalized)[0m (Histo Num 49552)
[91mSkipping: (MultiDim_3D_Histo)_(Bayesian)_(SMEAR=Smear)_(Q2_y_Bin_7)_(z_pT_Bin_17)_(MultiDim_z_pT_Bin_Y_bin_phi_t)_(Normalized)[0m (Histo Num 49556)
[91mSkipping: (MultiDim_3D_Histo)_(RC_Bayesian)_(SMEAR=Smear)_(Q2_y_Bin_7)_(z_pT_Bin_17)_(MultiDim_z_pT_Bin_Y_bin_phi_t)_(Normalized)[0m (Histo Num 49557)
[91mSkipping: (MultiDim_3D_Histo)_(BC_RC_Bayesian)_(SMEAR=Smear)_(Q2_y_Bin_7)_(z_pT_Bin_17)_(MultiDim_z_pT_Bin_Y_bin_phi_t)_(Normalized)[0m (Histo Num 49558)
[91mSkipping: (MultiDim_3D_Histo)_(Bayesian)_(SMEAR=Smear)_(Q2_y_Bin_7)_(z_pT_Bin_18)_(MultiDim_z_pT_Bin_Y_bin_phi_t)_(Normalized)[0m (Histo Num 49562)
[91mSkipping: (MultiDim_3D_Histo)_(RC_Bayesian)_(SMEAR=Smear)_(Q2_y_Bin_7)_(z_pT_Bin_18)_(MultiDim_z_pT_Bin_Y_bin_phi_t)_(Normalized)[0m (Histo Num 49563)
[91mSkipping: (MultiDim_3D_Histo)_(BC_RC_Bayesian)_(SMEAR=Smear)_(Q2_y_Bin_7)_(z_pT_Bin_18)_(MultiDim_z_pT_Bin_Y_bin_phi_t)_(Normalized)[0m (Histo Num 49564)
[91mSkipping: (MultiDim_3D_Histo)_(Bayesian)_(SMEAR=Smear)_(Q2_y_Bin_7)_(z_pT_Bin_19)_(MultiDim_z_pT_Bin_Y_bin_phi_t)_(Normalized)[0m (Histo Num 49568)
[91mSkipping: (MultiDim_3D_Histo)_(RC_Bayesian)_(SMEAR=Smear)_(Q2_y_Bin_7)_(z_pT_Bin_19)_(MultiDim_z_pT_Bin_Y_bin_phi_t)_(Normalized)[0m (Histo Num 49569)
[91mSkipping: (MultiDim_3D_Histo)_(BC_RC_Bayesian)_(SMEAR=Smear)_(Q2_y_Bin_7)_(z_pT_Bin_19)_(MultiDim_z_pT_Bin_Y_bin_phi_t)_(Normalized)[0m (Histo Num 49570)
[91mSkipping: (MultiDim_3D_Histo)_(Bayesian)_(SMEAR=Smear)_(Q2_y_Bin_7)_(z_pT_Bin_20)_(MultiDim_z_pT_Bin_Y_bin_phi_t)_(Normalized)[0m (Histo Num 49574)
[91mSkipping: (MultiDim_3D_Histo)_(RC_Bayesian)_(SMEAR=Smear)_(Q2_y_Bin_7)_(z_pT_Bin_20)_(MultiDim_z_pT_Bin_Y_bin_phi_t)_(Normalized)[0m (Histo Num 49575)
[91mSkipping: (MultiDim_3D_Histo)_(BC_RC_Bayesian)_(SMEAR=Smear)_(Q2_y_Bin_7)_(z_pT_Bin_20)_(MultiDim_z_pT_Bin_Y_bin_phi_t)_(Normalized)[0m (Histo Num 49576)
[91mSkipping: (MultiDim_3D_Histo)_(Bayesian)_(SMEAR=Smear)_(Q2_y_Bin_7)_(z_pT_Bin_21)_(MultiDim_z_pT_Bin_Y_bin_phi_t)_(Normalized)[0m (Histo Num 49580)
[91mSkipping: (MultiDim_3D_Histo)_(RC_Bayesian)_(SMEAR=Smear)_(Q2_y_Bin_7)_(z_pT_Bin_21)_(MultiDim_z_pT_Bin_Y_bin_phi_t)_(Normalized)[0m (Histo Num 49581)
[91mSkipping: (MultiDim_3D_Histo)_(BC_RC_Bayesian)_(SMEAR=Smear)_(Q2_y_Bin_7)_(z_pT_Bin_21)_(MultiDim_z_pT_Bin_Y_bin_phi_t)_(Normalized)[0m (Histo Num 49582)
[91mSkipping: (MultiDim_3D_Histo)_(Bayesian)_(SMEAR=Smear)_(Q2_y_Bin_7)_(z_pT_Bin_22)_(MultiDim_z_pT_Bin_Y_bin_phi_t)_(Normalized)[0m (Histo Num 49586)
[91mSkipping: (MultiDim_3D_Histo)_(RC_Bayesian)_(SMEAR=Smear)_(Q2_y_Bin_7)_(z_pT_Bin_22)_(MultiDim_z_pT_Bin_Y_bin_phi_t)_(Normalized)[0m (Histo Num 49587)
[91mSkipping: (MultiDim_3D_Histo)_(BC_RC_Bayesian)_(SMEAR=Smear)_(Q2_y_Bin_7)_(z_pT_Bin_22)_(MultiDim_z_pT_Bin_Y_bin_phi_t)_(Normalized)[0m (Histo Num 49588)
[91mSkipping: (MultiDim_3D_Histo)_(Bayesian)_(SMEAR=Smear)_(Q2_y_Bin_7)_(z_pT_Bin_23)_(MultiDim_z_pT_Bin_Y_bin_phi_t)_(Normalized)[0m (Histo Num 49592)
[91mSkipping: (MultiDim_3D_Histo)_(RC_Bayesian)_(SMEAR=Smear)_(Q2_y_Bin_7)_(z_pT_Bin_23)_(MultiDim_z_pT_Bin_Y_bin_phi_t)_(Normalized)[0m (Histo Num 49593)
[91mSkipping: (MultiDim_3D_Histo)_(BC_RC_Bayesian)_(SMEAR=Smear)_(Q2_y_Bin_7)_(z_pT_Bin_23)_(MultiDim_z_pT_Bin_Y_bin_phi_t)_(Normalized)[0m (Histo Num 49594)
[91mSkipping: (MultiDim_3D_Histo)_(Bayesian)_(SMEAR=Smear)_(Q2_y_Bin_7)_(z_pT_Bin_24)_(MultiDim_z_pT_Bin_Y_bin_phi_t)_(Normalized)[0m (Histo Num 49598)
[91mSkipping: (MultiDim_3D_Histo)_(RC_Bayesian)_(SMEAR=Smear)_(Q2_y_Bin_7)_(z_pT_Bin_24)_(MultiDim_z_pT_Bin_Y_bin_phi_t)_(Normalized)[0m (Histo Num 49599)
[91mSkipping: (MultiDim_3D_Histo)_(BC_RC_Bayesian)_(SMEAR=Smear)_(Q2_y_Bin_7)_(z_pT_Bin_24)_(MultiDim_z_pT_Bin_Y_bin_phi_t)_(Normalized)[0m (Histo Num 49600)
[91mSkipping: (MultiDim_3D_Histo)_(Bayesian)_(SMEAR=Smear)_(Q2_y_Bin_7)_(z_pT_Bin_25)_(MultiDim_z_pT_Bin_Y_bin_phi_t)_(Normalized)[0m (Histo Num 49604)
[91mSkipping: (MultiDim_3D_Histo)_(RC_Bayesian)_(SMEAR=Smear)_(Q2_y_Bin_7)_(z_pT_Bin_25)_(MultiDim_z_pT_Bin_Y_bin_phi_t)_(Normalized)[0m (Histo Num 49605)
[91mSkipping: (MultiDim_3D_Histo)_(BC_RC_Bayesian)_(SMEAR=Smear)_(Q2_y_Bin_7)_(z_pT_Bin_25)_(MultiDim_z_pT_Bin_Y_bin_phi_t)_(Normalized)[0m (Histo Num 49606)
[91mSkipping: (MultiDim_3D_Histo)_(Bayesian)_(SMEAR=Smear)_(Q2_y_Bin_7)_(z_pT_Bin_26)_(MultiDim_z_pT_Bin_Y_bin_phi_t)_(Normalized)[0m (Histo Num 49610)
[91mSkipping: (MultiDim_3D_Histo)_(RC_Bayesian)_(SMEAR=Smear)_(Q2_y_Bin_7)_(z_pT_Bin_26)_(MultiDim_z_pT_Bin_Y_bin_phi_t)_(Normalized)[0m (Histo Num 49611)
[91mSkipping: (MultiDim_3D_Histo)_(BC_RC_Bayesian)_(SMEAR=Smear)_(Q2_y_Bin_7)_(z_pT_Bin_26)_(MultiDim_z_pT_Bin_Y_bin_phi_t)_(Normalized)[0m (Histo Num 49612)
[91mSkipping: (MultiDim_3D_Histo)_(Bayesian)_(SMEAR=Smear)_(Q2_y_Bin_7)_(z_pT_Bin_27)_(MultiDim_z_pT_Bin_Y_bin_phi_t)_(Normalized)[0m (Histo Num 49616)
[91mSkipping: (MultiDim_3D_Histo)_(RC_Bayesian)_(SMEAR=Smear)_(Q2_y_Bin_7)_(z_pT_Bin_27)_(MultiDim_z_pT_Bin_Y_bin_phi_t)_(Normalized)[0m (Histo Num 49617)
[91mSkipping: (MultiDim_3D_Histo)_(BC_RC_Bayesian)_(SMEAR=Smear)_(Q2_y_Bin_7)_(z_pT_Bin_27)_(MultiDim_z_pT_Bin_Y_bin_phi_t)_(Normalized)[0m (Histo Num 49618)
[91mSkipping: (MultiDim_3D_Histo)_(Bayesian)_(SMEAR=Smear)_(Q2_y_Bin_7)_(z_pT_Bin_28)_(MultiDim_z_pT_Bin_Y_bin_phi_t)_(Normalized)[0m (Histo Num 49622)
[91mSkipping: (MultiDim_3D_Histo)_(RC_Bayesian)_(SMEAR=Smear)_(Q2_y_Bin_7)_(z_pT_Bin_28)_(MultiDim_z_pT_Bin_Y_bin_phi_t)_(Normalized)[0m (Histo Num 49623)
[91mSkipping: (MultiDim_3D_Histo)_(BC_RC_Bayesian)_(SMEAR=Smear)_(Q2_y_Bin_7)_(z_pT_Bin_28)_(MultiDim_z_pT_Bin_Y_bin_phi_t)_(Normalized)[0m (Histo Num 49624)
[91mSkipping: (MultiDim_3D_Histo)_(Bayesian)_(SMEAR=Smear)_(Q2_y_Bin_7)_(z_pT_Bin_29)_(MultiDim_z_pT_Bin_Y_bin_phi_t)_(Normalized)[0m (Histo Num 49628)
[91mSkipping: (MultiDim_3D_Histo)_(RC_Bayesian)_(SMEAR=Smear)_(Q2_y_Bin_7)_(z_pT_Bin_29)_(MultiDim_z_pT_Bin_Y_bin_phi_t)_(Normalized)[0m (Histo Num 49629)
[91mSkipping: (MultiDim_3D_Histo)_(BC_RC_Bayesian)_(SMEAR=Smear)_(Q2_y_Bin_7)_(z_pT_Bin_29)_(MultiDim_z_pT_Bin_Y_bin_phi_t)_(Normalized)[0m (Histo Num 49630)
[91mSkipping: (MultiDim_3D_Histo)_(Bayesian)_(SMEAR=Smear)_(Q2_y_Bin_7)_(z_pT_Bin_31)_(MultiDim_z_pT_Bin_Y_bin_phi_t)_(Normalized)[0m (Histo Num 49634)
[91mSkipping: (MultiDim_3D_Histo)_(RC_Bayesian)_(SMEAR=Smear)_(Q2_y_Bin_7)_(z_pT_Bin_31)_(MultiDim_z_pT_Bin_Y_bin_phi_t)_(Normalized)[0m (Histo Num 49635)
[91mSkipping: (MultiDim_3D_Histo)_(BC_RC_Bayesian)_(SMEAR=Smear)_(Q2_y_Bin_7)_(z_pT_Bin_31)_(MultiDim_z_pT_Bin_Y_bin_phi_t)_(Normalized)[0m (Histo Num 49636)
[91mSkipping: (MultiDim_3D_Histo)_(Bayesian)_(SMEAR=Smear)_(Q2_y_Bin_7)_(z_pT_Bin_32)_(MultiDim_z_pT_Bin_Y_bin_phi_t)_(Normalized)[0m (Histo Num 49640)
[91mSkipping: (MultiDim_3D_Histo)_(RC_Bayesian)_(SMEAR=Smear)_(Q2_y_Bin_7)_(z_pT_Bin_32)_(MultiDim_z_pT_Bin_Y_bin_phi_t)_(Normalized)[0m (Histo Num 49641)
[91mSkipping: (MultiDim_3D_Histo)_(BC_RC_Bayesian)_(SMEAR=Smear)_(Q2_y_Bin_7)_(z_pT_Bin_32)_(MultiDim_z_pT_Bin_Y_bin_phi_t)_(Normalized)[0m (Histo Num 49642)
[91mSkipping: (MultiDim_3D_Histo)_(Bayesian)_(SMEAR=Smear)_(Q2_y_Bin_7)_(z_pT_Bin_33)_(MultiDim_z_pT_Bin_Y_bin_phi_t)_(Normalized)[0m (Histo Num 49646)
[91mSkipping: (MultiDim_3D_Histo)_(RC_Bayesian)_(SMEAR=Smear)_(Q2_y_Bin_7)_(z_pT_Bin_33)_(MultiDim_z_pT_Bin_Y_bin_phi_t)_(Normalized)[0m (Histo Num 49647)
[91mSkipping: (MultiDim_3D_Histo)_(BC_RC_Bayesian)_(SMEAR=Smear)_(Q2_y_Bin_7)_(z_pT_Bin_33)_(MultiDim_z_pT_Bin_Y_bin_phi_t)_(Normalized)[0m (Histo Num 49648)
[91mSkipping: (MultiDim_3D_Histo)_(Bayesian)_(SMEAR=Smear)_(Q2_y_Bin_7)_(z_pT_Bin_34)_(MultiDim_z_pT_Bin_Y_bin_phi_t)_(Normalized)[0m (Histo Num 49652)
[91mSkipping: (MultiDim_3D_Histo)_(RC_Bayesian)_(SMEAR=Smear)_(Q2_y_Bin_7)_(z_pT_Bin_34)_(MultiDim_z_pT_Bin_Y_bin_phi_t)_(Normalized)[0m (Histo Num 49653)
[91mSkipping: (MultiDim_3D_Histo)_(BC_RC_Bayesian)_(SMEAR=Smear)_(Q2_y_Bin_7)_(z_pT_Bin_34)_(MultiDim_z_pT_Bin_Y_bin_phi_t)_(Normalized)[0m (Histo Num 49654)
[91mSkipping: (MultiDim_3D_Histo)_(Bayesian)_(SMEAR=Smear)_(Q2_y_Bin_7)_(z_pT_Bin_35)_(MultiDim_z_pT_Bin_Y_bin_phi_t)_(Normalized)[0m (Histo Num 49658)
[91mSkipping: (MultiDim_3D_Histo)_(RC_Bayesian)_(SMEAR=Smear)_(Q2_y_Bin_7)_(z_pT_Bin_35)_(MultiDim_z_pT_Bin_Y_bin_phi_t)_(Normalized)[0m (Histo Num 49659)
[91mSkipping: (MultiDim_3D_Histo)_(BC_RC_Bayesian)_(SMEAR=Smear)_(Q2_y_Bin_7)_(z_pT_Bin_35)_(MultiDim_z_pT_Bin_Y_bin_phi_t)_(Normalized)[0m (Histo Num 49660)
[91mSkipping: (MultiDim_3D_Histo)_(Bayesian)_(SMEAR=Smear)_(Q2_y_Bin_8)_(z_pT_Bin_6)_(MultiDim_z_pT_Bin_Y_bin_phi_t)_(Normalized)[0m (Histo Num 49664)
[91mSkipping: (MultiDim_3D_Histo)_(RC_Bayesian)_(SMEAR=Smear)_(Q2_y_Bin_8)_(z_pT_Bin_6)_(MultiDim_z_pT_Bin_Y_bin_phi_t)_(Normalized)[0m (Histo Num 49665)
[91mSkipping: (MultiDim_3D_Histo)_(BC_RC_Bayesian)_(SMEAR=Smear)_(Q2_y_Bin_8)_(z_pT_Bin_6)_(MultiDim_z_pT_Bin_Y_bin_phi_t)_(Normalized)[0m (Histo Num 49666)
[91mSkipping: (MultiDim_3D_Histo)_(Bayesian)_(SMEAR=Smear)_(Q2_y_Bin_8)_(z_pT_Bin_7)_(MultiDim_z_pT_Bin_Y_bin_phi_t)_(Normalized)[0m (Histo Num 49670)
[91mSkipping: (MultiDim_3D_Histo)_(RC_Bayesian)_(SMEAR=Smear)_(Q2_y_Bin_8)_(z_pT_Bin_7)_(MultiDim_z_pT_Bin_Y_bin_phi_t)_(Normalized)[0m (Histo Num 49671)
[91mSkipping: (MultiDim_3D_Histo)_(BC_RC_Bayesian)_(SMEAR=Smear)_(Q2_y_Bin_8)_(z_pT_Bin_7)_(MultiDim_z_pT_Bin_Y_bin_phi_t)_(Normalized)[0m (Histo Num 49672)
[91mSkipping: (MultiDim_3D_Histo)_(Bayesian)_(SMEAR=Smear)_(Q2_y_Bin_8)_(z_pT_Bin_8)_(MultiDim_z_pT_Bin_Y_bin_phi_t)_(Normalized)[0m (Histo Num 49676)
[91mSkipping: (MultiDim_3D_Histo)_(RC_Bayesian)_(SMEAR=Smear)_(Q2_y_Bin_8)_(z_pT_Bin_8)_(MultiDim_z_pT_Bin_Y_bin_phi_t)_(Normalized)[0m (Histo Num 49677)
[91mSkipping: (MultiDim_3D_Histo)_(BC_RC_Bayesian)_(SMEAR=Smear)_(Q2_y_Bin_8)_(z_pT_Bin_8)_(MultiDim_z_pT_Bin_Y_bin_phi_t)_(Normalized)[0m (Histo Num 49678)
[91mSkipping: (MultiDim_3D_Histo)_(Bayesian)_(SMEAR=Smear)_(Q2_y_Bin_8)_(z_pT_Bin_9)_(MultiDim_z_pT_Bin_Y_bin_phi_t)_(Normalized)[0m (Histo Num 49682)
[91mSkipping: (MultiDim_3D_Histo)_(RC_Bayesian)_(SMEAR=Smear)_(Q2_y_Bin_8)_(z_pT_Bin_9)_(MultiDim_z_pT_Bin_Y_bin_phi_t)_(Normalized)[0m (Histo Num 49683)
[91mSkipping: (MultiDim_3D_Histo)_(BC_RC_Bayesian)_(SMEAR=Smear)_(Q2_y_Bin_8)_(z_pT_Bin_9)_(MultiDim_z_pT_Bin_Y_bin_phi_t)_(Normalized)[0m (Histo Num 49684)
[91mSkipping: (MultiDim_3D_Histo)_(Bayesian)_(SMEAR=Smear)_(Q2_y_Bin_8)_(z_pT_Bin_10)_(MultiDim_z_pT_Bin_Y_bin_phi_t)_(Normalized)[0m (Histo Num 49688)
[91mSkipping: (MultiDim_3D_Histo)_(RC_Bayesian)_(SMEAR=Smear)_(Q2_y_Bin_8)_(z_pT_Bin_10)_(MultiDim_z_pT_Bin_Y_bin_phi_t)_(Normalized)[0m (Histo Num 49689)
[91mSkipping: (MultiDim_3D_Histo)_(BC_RC_Bayesian)_(SMEAR=Smear)_(Q2_y_Bin_8)_(z_pT_Bin_10)_(MultiDim_z_pT_Bin_Y_bin_phi_t)_(Normalized)[0m (Histo Num 49690)
[91mSkipping: (MultiDim_3D_Histo)_(Bayesian)_(SMEAR=Smear)_(Q2_y_Bin_8)_(z_pT_Bin_11)_(MultiDim_z_pT_Bin_Y_bin_phi_t)_(Normalized)[0m (Histo Num 49694)
[91mSkipping: (MultiDim_3D_Histo)_(RC_Bayesian)_(SMEAR=Smear)_(Q2_y_Bin_8)_(z_pT_Bin_11)_(MultiDim_z_pT_Bin_Y_bin_phi_t)_(Normalized)[0m (Histo Num 49695)
[91mSkipping: (MultiDim_3D_Histo)_(BC_RC_Bayesian)_(SMEAR=Smear)_(Q2_y_Bin_8)_(z_pT_Bin_11)_(MultiDim_z_pT_Bin_Y_bin_phi_t)_(Normalized)[0m (Histo Num 49696)
[91mSkipping: (MultiDim_3D_Histo)_(Bayesian)_(SMEAR=Smear)_(Q2_y_Bin_8)_(z_pT_Bin_12)_(MultiDim_z_pT_Bin_Y_bin_phi_t)_(Normalized)[0m (Histo Num 49700)
[91mSkipping: (MultiDim_3D_Histo)_(RC_Bayesian)_(SMEAR=Smear)_(Q2_y_Bin_8)_(z_pT_Bin_12)_(MultiDim_z_pT_Bin_Y_bin_phi_t)_(Normalized)[0m (Histo Num 49701)
[91mSkipping: (MultiDim_3D_Histo)_(BC_RC_Bayesian)_(SMEAR=Smear)_(Q2_y_Bin_8)_(z_pT_Bin_12)_(MultiDim_z_pT_Bin_Y_bin_phi_t)_(Normalized)[0m (Histo Num 49702)
[91mSkipping: (MultiDim_3D_Histo)_(Bayesian)_(SMEAR=Smear)_(Q2_y_Bin_8)_(z_pT_Bin_13)_(MultiDim_z_pT_Bin_Y_bin_phi_t)_(Normalized)[0m (Histo Num 49706)
[91mSkipping: (MultiDim_3D_Histo)_(RC_Bayesian)_(SMEAR=Smear)_(Q2_y_Bin_8)_(z_pT_Bin_13)_(MultiDim_z_pT_Bin_Y_bin_phi_t)_(Normalized)[0m (Histo Num 49707)
[91mSkipping: (MultiDim_3D_Histo)_(BC_RC_Bayesian)_(SMEAR=Smear)_(Q2_y_Bin_8)_(z_pT_Bin_13)_(MultiDim_z_pT_Bin_Y_bin_phi_t)_(Normalized)[0m (Histo Num 49708)
[91mSkipping: (MultiDim_3D_Histo)_(Bayesian)_(SMEAR=Smear)_(Q2_y_Bin_8)_(z_pT_Bin_14)_(MultiDim_z_pT_Bin_Y_bin_phi_t)_(Normalized)[0m (Histo Num 49712)
[91mSkipping: (MultiDim_3D_Histo)_(RC_Bayesian)_(SMEAR=Smear)_(Q2_y_Bin_8)_(z_pT_Bin_14)_(MultiDim_z_pT_Bin_Y_bin_phi_t)_(Normalized)[0m (Histo Num 49713)
[91mSkipping: (MultiDim_3D_Histo)_(BC_RC_Bayesian)_(SMEAR=Smear)_(Q2_y_Bin_8)_(z_pT_Bin_14)_(MultiDim_z_pT_Bin_Y_bin_phi_t)_(Normalized)[0m (Histo Num 49714)
[91mSkipping: (MultiDim_3D_Histo)_(Bayesian)_(SMEAR=Smear)_(Q2_y_Bin_8)_(z_pT_Bin_15)_(MultiDim_z_pT_Bin_Y_bin_phi_t)_(Normalized)[0m (Histo Num 49718)
[91mSkipping: (MultiDim_3D_Histo)_(RC_Bayesian)_(SMEAR=Smear)_(Q2_y_Bin_8)_(z_pT_Bin_15)_(MultiDim_z_pT_Bin_Y_bin_phi_t)_(Normalized)[0m (Histo Num 49719)
[91mSkipping: (MultiDim_3D_Histo)_(BC_RC_Bayesian)_(SMEAR=Smear)_(Q2_y_Bin_8)_(z_pT_Bin_15)_(MultiDim_z_pT_Bin_Y_bin_phi_t)_(Normalized)[0m (Histo Num 49720)
[91mSkipping: (MultiDim_3D_Histo)_(Bayesian)_(SMEAR=Smear)_(Q2_y_Bin_8)_(z_pT_Bin_16)_(MultiDim_z_pT_Bin_Y_bin_phi_t)_(Normalized)[0m (Histo Num 49724)
[91mSkipping: (MultiDim_3D_Histo)_(RC_Bayesian)_(SMEAR=Smear)_(Q2_y_Bin_8)_(z_pT_Bin_16)_(MultiDim_z_pT_Bin_Y_bin_phi_t)_(Normalized)[0m (Histo Num 49725)
[91mSkipping: (MultiDim_3D_Histo)_(BC_RC_Bayesian)_(SMEAR=Smear)_(Q2_y_Bin_8)_(z_pT_Bin_16)_(MultiDim_z_pT_Bin_Y_bin_phi_t)_(Normalized)[0m (Histo Num 49726)
[91mSkipping: (MultiDim_3D_Histo)_(Bayesian)_(SMEAR=Smear)_(Q2_y_Bin_8)_(z_pT_Bin_17)_(MultiDim_z_pT_Bin_Y_bin_phi_t)_(Normalized)[0m (Histo Num 49730)
[91mSkipping: (MultiDim_3D_Histo)_(RC_Bayesian)_(SMEAR=Smear)_(Q2_y_Bin_8)_(z_pT_Bin_17)_(MultiDim_z_pT_Bin_Y_bin_phi_t)_(Normalized)[0m (Histo Num 49731)
[91mSkipping: (MultiDim_3D_Histo)_(BC_RC_Bayesian)_(SMEAR=Smear)_(Q2_y_Bin_8)_(z_pT_Bin_17)_(MultiDim_z_pT_Bin_Y_bin_phi_t)_(Normalized)[0m (Histo Num 49732)
[91mSkipping: (MultiDim_3D_Histo)_(Bayesian)_(SMEAR=Smear)_(Q2_y_Bin_8)_(z_pT_Bin_18)_(MultiDim_z_pT_Bin_Y_bin_phi_t)_(Normalized)[0m (Histo Num 49736)
[91mSkipping: (MultiDim_3D_Histo)_(RC_Bayesian)_(SMEAR=Smear)_(Q2_y_Bin_8)_(z_pT_Bin_18)_(MultiDim_z_pT_Bin_Y_bin_phi_t)_(Normalized)[0m (Histo Num 49737)
[91mSkipping: (MultiDim_3D_Histo)_(BC_RC_Bayesian)_(SMEAR=Smear)_(Q2_y_Bin_8)_(z_pT_Bin_18)_(MultiDim_z_pT_Bin_Y_bin_phi_t)_(Normalized)[0m (Histo Num 49738)
[91mSkipping: (MultiDim_3D_Histo)_(Bayesian)_(SMEAR=Smear)_(Q2_y_Bin_8)_(z_pT_Bin_19)_(MultiDim_z_pT_Bin_Y_bin_phi_t)_(Normalized)[0m (Histo Num 49742)
[91mSkipping: (MultiDim_3D_Histo)_(RC_Bayesian)_(SMEAR=Smear)_(Q2_y_Bin_8)_(z_pT_Bin_19)_(MultiDim_z_pT_Bin_Y_bin_phi_t)_(Normalized)[0m (Histo Num 49743)
[91mSkipping: (MultiDim_3D_Histo)_(BC_RC_Bayesian)_(SMEAR=Smear)_(Q2_y_Bin_8)_(z_pT_Bin_19)_(MultiDim_z_pT_Bin_Y_bin_phi_t)_(Normalized)[0m (Histo Num 49744)
[91mSkipping: (MultiDim_3D_Histo)_(Bayesian)_(SMEAR=Smear)_(Q2_y_Bin_8)_(z_pT_Bin_20)_(MultiDim_z_pT_Bin_Y_bin_phi_t)_(Normalized)[0m (Histo Num 49748)
[91mSkipping: (MultiDim_3D_Histo)_(RC_Bayesian)_(SMEAR=Smear)_(Q2_y_Bin_8)_(z_pT_Bin_20)_(MultiDim_z_pT_Bin_Y_bin_phi_t)_(Normalized)[0m (Histo Num 49749)
[91mSkipping: (MultiDim_3D_Histo)_(BC_RC_Bayesian)_(SMEAR=Smear)_(Q2_y_Bin_8)_(z_pT_Bin_20)_(MultiDim_z_pT_Bin_Y_bin_phi_t)_(Normalized)[0m (Histo Num 49750)
[91mSkipping: (MultiDim_3D_Histo)_(Bayesian)_(SMEAR=Smear)_(Q2_y_Bin_8)_(z_pT_Bin_21)_(MultiDim_z_pT_Bin_Y_bin_phi_t)_(Normalized)[0m (Histo Num 49754)
[91mSkipping: (MultiDim_3D_Histo)_(RC_Bayesian)_(SMEAR=Smear)_(Q2_y_Bin_8)_(z_pT_Bin_21)_(MultiDim_z_pT_Bin_Y_bin_phi_t)_(Normalized)[0m (Histo Num 49755)
[91mSkipping: (MultiDim_3D_Histo)_(BC_RC_Bayesian)_(SMEAR=Smear)_(Q2_y_Bin_8)_(z_pT_Bin_21)_(MultiDim_z_pT_Bin_Y_bin_phi_t)_(Normalized)[0m (Histo Num 49756)
[91mSkipping: (MultiDim_3D_Histo)_(Bayesian)_(SMEAR=Smear)_(Q2_y_Bin_8)_(z_pT_Bin_22)_(MultiDim_z_pT_Bin_Y_bin_phi_t)_(Normalized)[0m (Histo Num 49760)
[91mSkipping: (MultiDim_3D_Histo)_(RC_Bayesian)_(SMEAR=Smear)_(Q2_y_Bin_8)_(z_pT_Bin_22)_(MultiDim_z_pT_Bin_Y_bin_phi_t)_(Normalized)[0m (Histo Num 49761)
[91mSkipping: (MultiDim_3D_Histo)_(BC_RC_Bayesian)_(SMEAR=Smear)_(Q2_y_Bin_8)_(z_pT_Bin_22)_(MultiDim_z_pT_Bin_Y_bin_phi_t)_(Normalized)[0m (Histo Num 49762)
[91mSkipping: (MultiDim_3D_Histo)_(Bayesian)_(SMEAR=Smear)_(Q2_y_Bin_8)_(z_pT_Bin_23)_(MultiDim_z_pT_Bin_Y_bin_phi_t)_(Normalized)[0m (Histo Num 49766)
[91mSkipping: (MultiDim_3D_Histo)_(RC_Bayesian)_(SMEAR=Smear)_(Q2_y_Bin_8)_(z_pT_Bin_23)_(MultiDim_z_pT_Bin_Y_bin_phi_t)_(Normalized)[0m (Histo Num 49767)
[91mSkipping: (MultiDim_3D_Histo)_(BC_RC_Bayesian)_(SMEAR=Smear)_(Q2_y_Bin_8)_(z_pT_Bin_23)_(MultiDim_z_pT_Bin_Y_bin_phi_t)_(Normalized)[0m (Histo Num 49768)
[91mSkipping: (MultiDim_3D_Histo)_(Bayesian)_(SMEAR=Smear)_(Q2_y_Bin_8)_(z_pT_Bin_24)_(MultiDim_z_pT_Bin_Y_bin_phi_t)_(Normalized)[0m (Histo Num 49772)
[91mSkipping: (MultiDim_3D_Histo)_(RC_Bayesian)_(SMEAR=Smear)_(Q2_y_Bin_8)_(z_pT_Bin_24)_(MultiDim_z_pT_Bin_Y_bin_phi_t)_(Normalized)[0m (Histo Num 49773)
[91mSkipping: (MultiDim_3D_Histo)_(BC_RC_Bayesian)_(SMEAR=Smear)_(Q2_y_Bin_8)_(z_pT_Bin_24)_(MultiDim_z_pT_Bin_Y_bin_phi_t)_(Normalized)[0m (Histo Num 49774)
[91mSkipping: (MultiDim_3D_Histo)_(Bayesian)_(SMEAR=Smear)_(Q2_y_Bin_8)_(z_pT_Bin_25)_(MultiDim_z_pT_Bin_Y_bin_phi_t)_(Normalized)[0m (Histo Num 49778)
[91mSkipping: (MultiDim_3D_Histo)_(RC_Bayesian)_(SMEAR=Smear)_(Q2_y_Bin_8)_(z_pT_Bin_25)_(MultiDim_z_pT_Bin_Y_bin_phi_t)_(Normalized)[0m (Histo Num 49779)
[91mSkipping: (MultiDim_3D_Histo)_(BC_RC_Bayesian)_(SMEAR=Smear)_(Q2_y_Bin_8)_(z_pT_Bin_25)_(MultiDim_z_pT_Bin_Y_bin_phi_t)_(Normalized)[0m (Histo Num 49780)
[91mSkipping: (MultiDim_3D_Histo)_(Bayesian)_(SMEAR=Smear)_(Q2_y_Bin_8)_(z_pT_Bin_26)_(MultiDim_z_pT_Bin_Y_bin_phi_t)_(Normalized)[0m (Histo Num 49784)
[91mSkipping: (MultiDim_3D_Histo)_(RC_Bayesian)_(SMEAR=Smear)_(Q2_y_Bin_8)_(z_pT_Bin_26)_(MultiDim_z_pT_Bin_Y_bin_phi_t)_(Normalized)[0m (Histo Num 49785)
[91mSkipping: (MultiDim_3D_Histo)_(BC_RC_Bayesian)_(SMEAR=Smear)_(Q2_y_Bin_8)_(z_pT_Bin_26)_(MultiDim_z_pT_Bin_Y_bin_phi_t)_(Normalized)[0m (Histo Num 49786)
[91mSkipping: (MultiDim_3D_Histo)_(Bayesian)_(SMEAR=Smear)_(Q2_y_Bin_8)_(z_pT_Bin_27)_(MultiDim_z_pT_Bin_Y_bin_phi_t)_(Normalized)[0m (Histo Num 49790)
[91mSkipping: (MultiDim_3D_Histo)_(RC_Bayesian)_(SMEAR=Smear)_(Q2_y_Bin_8)_(z_pT_Bin_27)_(MultiDim_z_pT_Bin_Y_bin_phi_t)_(Normalized)[0m (Histo Num 49791)
[91mSkipping: (MultiDim_3D_Histo)_(BC_RC_Bayesian)_(SMEAR=Smear)_(Q2_y_Bin_8)_(z_pT_Bin_27)_(MultiDim_z_pT_Bin_Y_bin_phi_t)_(Normalized)[0m (Histo Num 49792)
[91mSkipping: (MultiDim_3D_Histo)_(Bayesian)_(SMEAR=Smear)_(Q2_y_Bin_8)_(z_pT_Bin_28)_(MultiDim_z_pT_Bin_Y_bin_phi_t)_(Normalized)[0m (Histo Num 49796)
[91mSkipping: (MultiDim_3D_Histo)_(RC_Bayesian)_(SMEAR=Smear)_(Q2_y_Bin_8)_(z_pT_Bin_28)_(MultiDim_z_pT_Bin_Y_bin_phi_t)_(Normalized)[0m (Histo Num 49797)
[91mSkipping: (MultiDim_3D_Histo)_(BC_RC_Bayesian)_(SMEAR=Smear)_(Q2_y_Bin_8)_(z_pT_Bin_28)_(MultiDim_z_pT_Bin_Y_bin_phi_t)_(Normalized)[0m (Histo Num 49798)
[91mSkipping: (MultiDim_3D_Histo)_(Bayesian)_(SMEAR=Smear)_(Q2_y_Bin_8)_(z_pT_Bin_29)_(MultiDim_z_pT_Bin_Y_bin_phi_t)_(Normalized)[0m (Histo Num 49802)
[91mSkipping: (MultiDim_3D_Histo)_(RC_Bayesian)_(SMEAR=Smear)_(Q2_y_Bin_8)_(z_pT_Bin_29)_(MultiDim_z_pT_Bin_Y_bin_phi_t)_(Normalized)[0m (Histo Num 49803)
[91mSkipping: (MultiDim_3D_Histo)_(BC_RC_Bayesian)_(SMEAR=Smear)_(Q2_y_Bin_8)_(z_pT_Bin_29)_(MultiDim_z_pT_Bin_Y_bin_phi_t)_(Normalized)[0m (Histo Num 49804)
[91mSkipping: (MultiDim_3D_Histo)_(Bayesian)_(SMEAR=Smear)_(Q2_y_Bin_8)_(z_pT_Bin_30)_(MultiDim_z_pT_Bin_Y_bin_phi_t)_(Normalized)[0m (Histo Num 49808)
[91mSkipping: (MultiDim_3D_Histo)_(RC_Bayesian)_(SMEAR=Smear)_(Q2_y_Bin_8)_(z_pT_Bin_30)_(MultiDim_z_pT_Bin_Y_bin_phi_t)_(Normalized)[0m (Histo Num 49809)
[91mSkipping: (MultiDim_3D_Histo)_(BC_RC_Bayesian)_(SMEAR=Smear)_(Q2_y_Bin_8)_(z_pT_Bin_30)_(MultiDim_z_pT_Bin_Y_bin_phi_t)_(Normalized)[0m (Histo Num 49810)
[91mSkipping: (MultiDim_3D_Histo)_(Bayesian)_(SMEAR=Smear)_(Q2_y_Bin_8)_(z_pT_Bin_31)_(MultiDim_z_pT_Bin_Y_bin_phi_t)_(Normalized)[0m (Histo Num 49814)
[91mSkipping: (MultiDim_3D_Histo)_(RC_Bayesian)_(SMEAR=Smear)_(Q2_y_Bin_8)_(z_pT_Bin_31)_(MultiDim_z_pT_Bin_Y_bin_phi_t)_(Normalized)[0m (Histo Num 49815)
[91mSkipping: (MultiDim_3D_Histo)_(BC_RC_Bayesian)_(SMEAR=Smear)_(Q2_y_Bin_8)_(z_pT_Bin_31)_(MultiDim_z_pT_Bin_Y_bin_phi_t)_(Normalized)[0m (Histo Num 49816)
[91mSkipping: (MultiDim_3D_Histo)_(Bayesian)_(SMEAR=Smear)_(Q2_y_Bin_8)_(z_pT_Bin_32)_(MultiDim_z_pT_Bin_Y_bin_phi_t)_(Normalized)[0m (Histo Num 49820)
[91mSkipping: (MultiDim_3D_Histo)_(RC_Bayesian)_(SMEAR=Smear)_(Q2_y_Bin_8)_(z_pT_Bin_32)_(MultiDim_z_pT_Bin_Y_bin_phi_t)_(Normalized)[0m (Histo Num 49821)
[91mSkipping: (MultiDim_3D_Histo)_(BC_RC_Bayesian)_(SMEAR=Smear)_(Q2_y_Bin_8)_(z_pT_Bin_32)_(MultiDim_z_pT_Bin_Y_bin_phi_t)_(Normalized)[0m (Histo Num 49822)
[91mSkipping: (MultiDim_3D_Histo)_(Bayesian)_(SMEAR=Smear)_(Q2_y_Bin_8)_(z_pT_Bin_33)_(MultiDim_z_pT_Bin_Y_bin_phi_t)_(Normalized)[0m (Histo Num 49826)
[91mSkipping: (MultiDim_3D_Histo)_(RC_Bayesian)_(SMEAR=Smear)_(Q2_y_Bin_8)_(z_pT_Bin_33)_(MultiDim_z_pT_Bin_Y_bin_phi_t)_(Normalized)[0m (Histo Num 49827)
[91mSkipping: (MultiDim_3D_Histo)_(BC_RC_Bayesian)_(SMEAR=Smear)_(Q2_y_Bin_8)_(z_pT_Bin_33)_(MultiDim_z_pT_Bin_Y_bin_phi_t)_(Normalized)[0m (Histo Num 49828)
[91mSkipping: (MultiDim_3D_Histo)_(Bayesian)_(SMEAR=Smear)_(Q2_y_Bin_8)_(z_pT_Bin_34)_(MultiDim_z_pT_Bin_Y_bin_phi_t)_(Normalized)[0m (Histo Num 49832)
[91mSkipping: (MultiDim_3D_Histo)_(RC_Bayesian)_(SMEAR=Smear)_(Q2_y_Bin_8)_(z_pT_Bin_34)_(MultiDim_z_pT_Bin_Y_bin_phi_t)_(Normalized)[0m (Histo Num 49833)
[91mSkipping: (MultiDim_3D_Histo)_(BC_RC_Bayesian)_(SMEAR=Smear)_(Q2_y_Bin_8)_(z_pT_Bin_34)_(MultiDim_z_pT_Bin_Y_bin_phi_t)_(Normalized)[0m (Histo Num 49834)
[91mSkipping: (MultiDim_3D_Histo)_(Bayesian)_(SMEAR=Smear)_(Q2_y_Bin_9)_(z_pT_Bin_1)_(MultiDim_z_pT_Bin_Y_bin_phi_t)_(Normalized)[0m (Histo Num 49838)
[91mSkipping: (MultiDim_3D_Histo)_(RC_Bayesian)_(SMEAR=Smear)_(Q2_y_Bin_9)_(z_pT_Bin_1)_(MultiDim_z_pT_Bin_Y_bin_phi_t)_(Normalized)[0m (Histo Num 49839)
[91mSkipping: (MultiDim_3D_Histo)_(BC_RC_Bayesian)_(SMEAR=Smear)_(Q2_y_Bin_9)_(z_pT_Bin_1)_(MultiDim_z_pT_Bin_Y_bin_phi_t)_(Normalized)[0m (Histo Num 49840)
[91mSkipping: (MultiDim_3D_Histo)_(Bayesian)_(SMEAR=Smear)_(Q2_y_Bin_9)_(z_pT_Bin_2)_(MultiDim_z_pT_Bin_Y_bin_phi_t)_(Normalized)[0m (Histo Num 49844)
[91mSkipping: (MultiDim_3D_Histo)_(RC_Bayesian)_(SMEAR=Smear)_(Q2_y_Bin_9)_(z_pT_Bin_2)_(MultiDim_z_pT_Bin_Y_bin_phi_t)_(Normalized)[0m (Histo Num 49845)
[91mSkipping: (MultiDim_3D_Histo)_(BC_RC_Bayesian)_(SMEAR=Smear)_(Q2_y_Bin_9)_(z_pT_Bin_2)_(MultiDim_z_pT_Bin_Y_bin_phi_t)_(Normalized)[0m (Histo Num 49846)
[91mSkipping: (MultiDim_3D_Histo)_(Bayesian)_(SMEAR=Smear)_(Q2_y_Bin_9)_(z_pT_Bin_3)_(MultiDim_z_pT_Bin_Y_bin_phi_t)_(Normalized)[0m (Histo Num 49850)
[91mSkipping: (MultiDim_3D_Histo)_(RC_Bayesian)_(SMEAR=Smear)_(Q2_y_Bin_9)_(z_pT_Bin_3)_(MultiDim_z_pT_Bin_Y_bin_phi_t)_(Normalized)[0m (Histo Num 49851)
[91mSkipping: (MultiDim_3D_Histo)_(BC_RC_Bayesian)_(SMEAR=Smear)_(Q2_y_Bin_9)_(z_pT_Bin_3)_(MultiDim_z_pT_Bin_Y_bin_phi_t)_(Normalized)[0m (Histo Num 49852)
[91mSkipping: (MultiDim_3D_Histo)_(Bayesian)_(SMEAR=Smear)_(Q2_y_Bin_9)_(z_pT_Bin_4)_(MultiDim_z_pT_Bin_Y_bin_phi_t)_(Normalized)[0m (Histo Num 49856)
[91mSkipping: (MultiDim_3D_Histo)_(RC_Bayesian)_(SMEAR=Smear)_(Q2_y_Bin_9)_(z_pT_Bin_4)_(MultiDim_z_pT_Bin_Y_bin_phi_t)_(Normalized)[0m (Histo Num 49857)
[91mSkipping: (MultiDim_3D_Histo)_(BC_RC_Bayesian)_(SMEAR=Smear)_(Q2_y_Bin_9)_(z_pT_Bin_4)_(MultiDim_z_pT_Bin_Y_bin_phi_t)_(Normalized)[0m (Histo Num 49858)
[91mSkipping: (MultiDim_3D_Histo)_(Bayesian)_(SMEAR=Smear)_(Q2_y_Bin_9)_(z_pT_Bin_5)_(MultiDim_z_pT_Bin_Y_bin_phi_t)_(Normalized)[0m (Histo Num 49862)
[91mSkipping: (MultiDim_3D_Histo)_(RC_Bayesian)_(SMEAR=Smear)_(Q2_y_Bin_9)_(z_pT_Bin_5)_(MultiDim_z_pT_Bin_Y_bin_phi_t)_(Normalized)[0m (Histo Num 49863)
[91mSkipping: (MultiDim_3D_Histo)_(BC_RC_Bayesian)_(SMEAR=Smear)_(Q2_y_Bin_9)_(z_pT_Bin_5)_(MultiDim_z_pT_Bin_Y_bin_phi_t)_(Normalized)[0m (Histo Num 49864)
[91mSkipping: (MultiDim_3D_Histo)_(Bayesian)_(SMEAR=Smear)_(Q2_y_Bin_9)_(z_pT_Bin_6)_(MultiDim_z_pT_Bin_Y_bin_phi_t)_(Normalized)[0m (Histo Num 49868)
[91mSkipping: (MultiDim_3D_Histo)_(RC_Bayesian)_(SMEAR=Smear)_(Q2_y_Bin_9)_(z_pT_Bin_6)_(MultiDim_z_pT_Bin_Y_bin_phi_t)_(Normalized)[0m (Histo Num 49869)
[91mSkipping: (MultiDim_3D_Histo)_(BC_RC_Bayesian)_(SMEAR=Smear)_(Q2_y_Bin_9)_(z_pT_Bin_6)_(MultiDim_z_pT_Bin_Y_bin_phi_t)_(Normalized)[0m (Histo Num 49870)
[91mSkipping: (MultiDim_3D_Histo)_(Bayesian)_(SMEAR=Smear)_(Q2_y_Bin_9)_(z_pT_Bin_7)_(MultiDim_z_pT_Bin_Y_bin_phi_t)_(Normalized)[0m (Histo Num 49874)
[91mSkipping: (MultiDim_3D_Histo)_(RC_Bayesian)_(SMEAR=Smear)_(Q2_y_Bin_9)_(z_pT_Bin_7)_(MultiDim_z_pT_Bin_Y_bin_phi_t)_(Normalized)[0m (Histo Num 49875)
[91mSkipping: (MultiDim_3D_Histo)_(BC_RC_Bayesian)_(SMEAR=Smear)_(Q2_y_Bin_9)_(z_pT_Bin_7)_(MultiDim_z_pT_Bin_Y_bin_phi_t)_(Normalized)[0m (Histo Num 49876)
[91mSkipping: (MultiDim_3D_Histo)_(Bayesian)_(SMEAR=Smear)_(Q2_y_Bin_9)_(z_pT_Bin_8)_(MultiDim_z_pT_Bin_Y_bin_phi_t)_(Normalized)[0m (Histo Num 49880)
[91mSkipping: (MultiDim_3D_Histo)_(RC_Bayesian)_(SMEAR=Smear)_(Q2_y_Bin_9)_(z_pT_Bin_8)_(MultiDim_z_pT_Bin_Y_bin_phi_t)_(Normalized)[0m (Histo Num 49881)
[91mSkipping: (MultiDim_3D_Histo)_(BC_RC_Bayesian)_(SMEAR=Smear)_(Q2_y_Bin_9)_(z_pT_Bin_8)_(MultiDim_z_pT_Bin_Y_bin_phi_t)_(Normalized)[0m (Histo Num 49882)
[91mSkipping: (MultiDim_3D_Histo)_(Bayesian)_(SMEAR=Smear)_(Q2_y_Bin_9)_(z_pT_Bin_9)_(MultiDim_z_pT_Bin_Y_bin_phi_t)_(Normalized)[0m (Histo Num 49886)
[91mSkipping: (MultiDim_3D_Histo)_(RC_Bayesian)_(SMEAR=Smear)_(Q2_y_Bin_9)_(z_pT_Bin_9)_(MultiDim_z_pT_Bin_Y_bin_phi_t)_(Normalized)[0m (Histo Num 49887)
[91mSkipping: (MultiDim_3D_Histo)_(BC_RC_Bayesian)_(SMEAR=Smear)_(Q2_y_Bin_9)_(z_pT_Bin_9)_(MultiDim_z_pT_Bin_Y_bin_phi_t)_(Normalized)[0m (Histo Num 49888)
[91mSkipping: (MultiDim_3D_Histo)_(Bayesian)_(SMEAR=Smear)_(Q2_y_Bin_9)_(z_pT_Bin_10)_(MultiDim_z_pT_Bin_Y_bin_phi_t)_(Normalized)[0m (Histo Num 49892)
[91mSkipping: (MultiDim_3D_Histo)_(RC_Bayesian)_(SMEAR=Smear)_(Q2_y_Bin_9)_(z_pT_Bin_10)_(MultiDim_z_pT_Bin_Y_bin_phi_t)_(Normalized)[0m (Histo Num 49893)
[91mSkipping: (MultiDim_3D_Histo)_(BC_RC_Bayesian)_(SMEAR=Smear)_(Q2_y_Bin_9)_(z_pT_Bin_10)_(MultiDim_z_pT_Bin_Y_bin_phi_t)_(Normalized)[0m (Histo Num 49894)
[91mSkipping: (MultiDim_3D_Histo)_(Bayesian)_(SMEAR=Smear)_(Q2_y_Bin_9)_(z_pT_Bin_11)_(MultiDim_z_pT_Bin_Y_bin_phi_t)_(Normalized)[0m (Histo Num 49898)
[91mSkipping: (MultiDim_3D_Histo)_(RC_Bayesian)_(SMEAR=Smear)_(Q2_y_Bin_9)_(z_pT_Bin_11)_(MultiDim_z_pT_Bin_Y_bin_phi_t)_(Normalized)[0m (Histo Num 49899)
[91mSkipping: (MultiDim_3D_Histo)_(BC_RC_Bayesian)_(SMEAR=Smear)_(Q2_y_Bin_9)_(z_pT_Bin_11)_(MultiDim_z_pT_Bin_Y_bin_phi_t)_(Normalized)[0m (Histo Num 49900)
[91mSkipping: (MultiDim_3D_Histo)_(Bayesian)_(SMEAR=Smear)_(Q2_y_Bin_9)_(z_pT_Bin_12)_(MultiDim_z_pT_Bin_Y_bin_phi_t)_(Normalized)[0m (Histo Num 49904)
[91mSkipping: (MultiDim_3D_Histo)_(RC_Bayesian)_(SMEAR=Smear)_(Q2_y_Bin_9)_(z_pT_Bin_12)_(MultiDim_z_pT_Bin_Y_bin_phi_t)_(Normalized)[0m (Histo Num 49905)
[91mSkipping: (MultiDim_3D_Histo)_(BC_RC_Bayesian)_(SMEAR=Smear)_(Q2_y_Bin_9)_(z_pT_Bin_12)_(MultiDim_z_pT_Bin_Y_bin_phi_t)_(Normalized)[0m (Histo Num 49906)
[91mSkipping: (MultiDim_3D_Histo)_(Bayesian)_(SMEAR=Smear)_(Q2_y_Bin_9)_(z_pT_Bin_13)_(MultiDim_z_pT_Bin_Y_bin_phi_t)_(Normalized)[0m (Histo Num 49910)
[91mSkipping: (MultiDim_3D_Histo)_(RC_Bayesian)_(SMEAR=Smear)_(Q2_y_Bin_9)_(z_pT_Bin_13)_(MultiDim_z_pT_Bin_Y_bin_phi_t)_(Normalized)[0m (Histo Num 49911)
[91mSkipping: (MultiDim_3D_Histo)_(BC_RC_Bayesian)_(SMEAR=Smear)_(Q2_y_Bin_9)_(z_pT_Bin_13)_(MultiDim_z_pT_Bin_Y_bin_phi_t)_(Normalized)[0m (Histo Num 49912)
[91mSkipping: (MultiDim_3D_Histo)_(Bayesian)_(SMEAR=Smear)_(Q2_y_Bin_9)_(z_pT_Bin_14)_(MultiDim_z_pT_Bin_Y_bin_phi_t)_(Normalized)[0m (Histo Num 49916)
[91mSkipping: (MultiDim_3D_Histo)_(RC_Bayesian)_(SMEAR=Smear)_(Q2_y_Bin_9)_(z_pT_Bin_14)_(MultiDim_z_pT_Bin_Y_bin_phi_t)_(Normalized)[0m (Histo Num 49917)
[91mSkipping: (MultiDim_3D_Histo)_(BC_RC_Bayesian)_(SMEAR=Smear)_(Q2_y_Bin_9)_(z_pT_Bin_14)_(MultiDim_z_pT_Bin_Y_bin_phi_t)_(Normalized)[0m (Histo Num 49918)
[91mSkipping: (MultiDim_3D_Histo)_(Bayesian)_(SMEAR=Smear)_(Q2_y_Bin_9)_(z_pT_Bin_15)_(MultiDim_z_pT_Bin_Y_bin_phi_t)_(Normalized)[0m (Histo Num 49922)
[91mSkipping: (MultiDim_3D_Histo)_(RC_Bayesian)_(SMEAR=Smear)_(Q2_y_Bin_9)_(z_pT_Bin_15)_(MultiDim_z_pT_Bin_Y_bin_phi_t)_(Normalized)[0m (Histo Num 49923)
[91mSkipping: (MultiDim_3D_Histo)_(BC_RC_Bayesian)_(SMEAR=Smear)_(Q2_y_Bin_9)_(z_pT_Bin_15)_(MultiDim_z_pT_Bin_Y_bin_phi_t)_(Normalized)[0m (Histo Num 49924)
[91mSkipping: (MultiDim_3D_Histo)_(Bayesian)_(SMEAR=Smear)_(Q2_y_Bin_9)_(z_pT_Bin_16)_(MultiDim_z_pT_Bin_Y_bin_phi_t)_(Normalized)[0m (Histo Num 49928)
[91mSkipping: (MultiDim_3D_Histo)_(RC_Bayesian)_(SMEAR=Smear)_(Q2_y_Bin_9)_(z_pT_Bin_16)_(MultiDim_z_pT_Bin_Y_bin_phi_t)_(Normalized)[0m (Histo Num 49929)
[91mSkipping: (MultiDim_3D_Histo)_(BC_RC_Bayesian)_(SMEAR=Smear)_(Q2_y_Bin_9)_(z_pT_Bin_16)_(MultiDim_z_pT_Bin_Y_bin_phi_t)_(Normalized)[0m (Histo Num 49930)
[91mSkipping: (MultiDim_3D_Histo)_(Bayesian)_(SMEAR=Smear)_(Q2_y_Bin_9)_(z_pT_Bin_17)_(MultiDim_z_pT_Bin_Y_bin_phi_t)_(Normalized)[0m (Histo Num 49934)
[91mSkipping: (MultiDim_3D_Histo)_(RC_Bayesian)_(SMEAR=Smear)_(Q2_y_Bin_9)_(z_pT_Bin_17)_(MultiDim_z_pT_Bin_Y_bin_phi_t)_(Normalized)[0m (Histo Num 49935)
[91mSkipping: (MultiDim_3D_Histo)_(BC_RC_Bayesian)_(SMEAR=Smear)_(Q2_y_Bin_9)_(z_pT_Bin_17)_(MultiDim_z_pT_Bin_Y_bin_phi_t)_(Normalized)[0m (Histo Num 49936)
[91mSkipping: (MultiDim_3D_Histo)_(Bayesian)_(SMEAR=Smear)_(Q2_y_Bin_9)_(z_pT_Bin_18)_(MultiDim_z_pT_Bin_Y_bin_phi_t)_(Normalized)[0m (Histo Num 49940)
[91mSkipping: (MultiDim_3D_Histo)_(RC_Bayesian)_(SMEAR=Smear)_(Q2_y_Bin_9)_(z_pT_Bin_18)_(MultiDim_z_pT_Bin_Y_bin_phi_t)_(Normalized)[0m (Histo Num 49941)
[91mSkipping: (MultiDim_3D_Histo)_(BC_RC_Bayesian)_(SMEAR=Smear)_(Q2_y_Bin_9)_(z_pT_Bin_18)_(MultiDim_z_pT_Bin_Y_bin_phi_t)_(Normalized)[0m (Histo Num 49942)
[91mSkipping: (MultiDim_3D_Histo)_(Bayesian)_(SMEAR=Smear)_(Q2_y_Bin_9)_(z_pT_Bin_19)_(MultiDim_z_pT_Bin_Y_bin_phi_t)_(Normalized)[0m (Histo Num 49946)
[91mSkipping: (MultiDim_3D_Histo)_(RC_Bayesian)_(SMEAR=Smear)_(Q2_y_Bin_9)_(z_pT_Bin_19)_(MultiDim_z_pT_Bin_Y_bin_phi_t)_(Normalized)[0m (Histo Num 49947)
[91mSkipping: (MultiDim_3D_Histo)_(BC_RC_Bayesian)_(SMEAR=Smear)_(Q2_y_Bin_9)_(z_pT_Bin_19)_(MultiDim_z_pT_Bin_Y_bin_phi_t)_(Normalized)[0m (Histo Num 49948)
[91mSkipping: (MultiDim_3D_Histo)_(Bayesian)_(SMEAR=Smear)_(Q2_y_Bin_9)_(z_pT_Bin_20)_(MultiDim_z_pT_Bin_Y_bin_phi_t)_(Normalized)[0m (Histo Num 49952)
[91mSkipping: (MultiDim_3D_Histo)_(RC_Bayesian)_(SMEAR=Smear)_(Q2_y_Bin_9)_(z_pT_Bin_20)_(MultiDim_z_pT_Bin_Y_bin_phi_t)_(Normalized)[0m (Histo Num 49953)
[91mSkipping: (MultiDim_3D_Histo)_(BC_RC_Bayesian)_(SMEAR=Smear)_(Q2_y_Bin_9)_(z_pT_Bin_20)_(MultiDim_z_pT_Bin_Y_bin_phi_t)_(Normalized)[0m (Histo Num 49954)
[91mSkipping: (MultiDim_3D_Histo)_(Bayesian)_(SMEAR=Smear)_(Q2_y_Bin_9)_(z_pT_Bin_22)_(MultiDim_z_pT_Bin_Y_bin_phi_t)_(Normalized)[0m (Histo Num 49958)
[91mSkipping: (MultiDim_3D_Histo)_(RC_Bayesian)_(SMEAR=Smear)_(Q2_y_Bin_9)_(z_pT_Bin_22)_(MultiDim_z_pT_Bin_Y_bin_phi_t)_(Normalized)[0m (Histo Num 49959)
[91mSkipping: (MultiDim_3D_Histo)_(BC_RC_Bayesian)_(SMEAR=Smear)_(Q2_y_Bin_9)_(z_pT_Bin_22)_(MultiDim_z_pT_Bin_Y_bin_phi_t)_(Normalized)[0m (Histo Num 49960)
[91mSkipping: (MultiDim_3D_Histo)_(Bayesian)_(SMEAR=Smear)_(Q2_y_Bin_9)_(z_pT_Bin_23)_(MultiDim_z_pT_Bin_Y_bin_phi_t)_(Normalized)[0m (Histo Num 49964)
[91mSkipping: (MultiDim_3D_Histo)_(RC_Bayesian)_(SMEAR=Smear)_(Q2_y_Bin_9)_(z_pT_Bin_23)_(MultiDim_z_pT_Bin_Y_bin_phi_t)_(Normalized)[0m (Histo Num 49965)
[91mSkipping: (MultiDim_3D_Histo)_(BC_RC_Bayesian)_(SMEAR=Smear)_(Q2_y_Bin_9)_(z_pT_Bin_23)_(MultiDim_z_pT_Bin_Y_bin_phi_t)_(Normalized)[0m (Histo Num 49966)
[91mSkipping: (MultiDim_3D_Histo)_(Bayesian)_(SMEAR=Smear)_(Q2_y_Bin_9)_(z_pT_Bin_24)_(MultiDim_z_pT_Bin_Y_bin_phi_t)_(Normalized)[0m (Histo Num 49970)
[91mSkipping: (MultiDim_3D_Histo)_(RC_Bayesian)_(SMEAR=Smear)_(Q2_y_Bin_9)_(z_pT_Bin_24)_(MultiDim_z_pT_Bin_Y_bin_phi_t)_(Normalized)[0m (Histo Num 49971)
[91mSkipping: (MultiDim_3D_Histo)_(BC_RC_Bayesian)_(SMEAR=Smear)_(Q2_y_Bin_9)_(z_pT_Bin_24)_(MultiDim_z_pT_Bin_Y_bin_phi_t)_(Normalized)[0m (Histo Num 49972)
[91mSkipping: (MultiDim_3D_Histo)_(Bayesian)_(SMEAR=Smear)_(Q2_y_Bin_9)_(z_pT_Bin_25)_(MultiDim_z_pT_Bin_Y_bin_phi_t)_(Normalized)[0m (Histo Num 49976)
[91mSkipping: (MultiDim_3D_Histo)_(RC_Bayesian)_(SMEAR=Smear)_(Q2_y_Bin_9)_(z_pT_Bin_25)_(MultiDim_z_pT_Bin_Y_bin_phi_t)_(Normalized)[0m (Histo Num 49977)
[91mSkipping: (MultiDim_3D_Histo)_(BC_RC_Bayesian)_(SMEAR=Smear)_(Q2_y_Bin_9)_(z_pT_Bin_25)_(MultiDim_z_pT_Bin_Y_bin_phi_t)_(Normalized)[0m (Histo Num 49978)
[91mSkipping: (MultiDim_3D_Histo)_(Bayesian)_(SMEAR=Smear)_(Q2_y_Bin_9)_(z_pT_Bin_26)_(MultiDim_z_pT_Bin_Y_bin_phi_t)_(Normalized)[0m (Histo Num 49982)
[91mSkipping: (MultiDim_3D_Histo)_(RC_Bayesian)_(SMEAR=Smear)_(Q2_y_Bin_9)_(z_pT_Bin_26)_(MultiDim_z_pT_Bin_Y_bin_phi_t)_(Normalized)[0m (Histo Num 49983)
[91mSkipping: (MultiDim_3D_Histo)_(BC_RC_Bayesian)_(SMEAR=Smear)_(Q2_y_Bin_9)_(z_pT_Bin_26)_(MultiDim_z_pT_Bin_Y_bin_phi_t)_(Normalized)[0m (Histo Num 49984)
[91mSkipping: (MultiDim_3D_Histo)_(Bayesian)_(SMEAR=Smear)_(Q2_y_Bin_9)_(z_pT_Bin_29)_(MultiDim_z_pT_Bin_Y_bin_phi_t)_(Normalized)[0m (Histo Num 49988)
[91mSkipping: (MultiDim_3D_Histo)_(RC_Bayesian)_(SMEAR=Smear)_(Q2_y_Bin_9)_(z_pT_Bin_29)_(MultiDim_z_pT_Bin_Y_bin_phi_t)_(Normalized)[0m (Histo Num 49989)
[91mSkipping: (MultiDim_3D_Histo)_(BC_RC_Bayesian)_(SMEAR=Smear)_(Q2_y_Bin_9)_(z_pT_Bin_29)_(MultiDim_z_pT_Bin_Y_bin_phi_t)_(Normalized)[0m (Histo Num 49990)
[91mSkipping: (MultiDim_3D_Histo)_(Bayesian)_(SMEAR=Smear)_(Q2_y_Bin_9)_(z_pT_Bin_30)_(MultiDim_z_pT_Bin_Y_bin_phi_t)_(Normalized)[0m (Histo Num 49994)
[91mSkipping: (MultiDim_3D_Histo)_(RC_Bayesian)_(SMEAR=Smear)_(Q2_y_Bin_9)_(z_pT_Bin_30)_(MultiDim_z_pT_Bin_Y_bin_phi_t)_(Normalized)[0m (Histo Num 49995)
[91mSkipping: (MultiDim_3D_Histo)_(BC_RC_Bayesian)_(SMEAR=Smear)_(Q2_y_Bin_9)_(z_pT_Bin_30)_(MultiDim_z_pT_Bin_Y_bin_phi_t)_(Normalized)[0m (Histo Num 49996)
[91mSkipping: (MultiDim_3D_Histo)_(Bayesian)_(SMEAR=Smear)_(Q2_y_Bin_9)_(z_pT_Bin_31)_(MultiDim_z_pT_Bin_Y_bin_phi_t)_(Normalized)[0m (Histo Num 50000)
[91mSkipping: (MultiDim_3D_Histo)_(RC_Bayesian)_(SMEAR=Smear)_(Q2_y_Bin_9)_(z_pT_Bin_31)_(MultiDim_z_pT_Bin_Y_bin_phi_t)_(Normalized)[0m (Histo Num 50001)
[91mSkipping: (MultiDim_3D_Histo)_(BC_RC_Bayesian)_(SMEAR=Smear)_(Q2_y_Bin_9)_(z_pT_Bin_31)_(MultiDim_z_pT_Bin_Y_bin_phi_t)_(Normalized)[0m (Histo Num 50002)
[91mSkipping: (MultiDim_3D_Histo)_(Bayesian)_(SMEAR=Smear)_(Q2_y_Bin_9)_(z_pT_Bin_32)_(MultiDim_z_pT_Bin_Y_bin_phi_t)_(Normalized)[0m (Histo Num 50006)
[91mSkipping: (MultiDim_3D_Histo)_(RC_Bayesian)_(SMEAR=Smear)_(Q2_y_Bin_9)_(z_pT_Bin_32)_(MultiDim_z_pT_Bin_Y_bin_phi_t)_(Normalized)[0m (Histo Num 50007)
[91mSkipping: (MultiDim_3D_Histo)_(BC_RC_Bayesian)_(SMEAR=Smear)_(Q2_y_Bin_9)_(z_pT_Bin_32)_(MultiDim_z_pT_Bin_Y_bin_phi_t)_(Normalized)[0m (Histo Num 50008)
[91mSkipping: (MultiDim_3D_Histo)_(Bayesian)_(SMEAR=Smear)_(Q2_y_Bin_10)_(z_pT_Bin_1)_(MultiDim_z_pT_Bin_Y_bin_phi_t)_(Normalized)[0m (Histo Num 50012)
[91mSkipping: (MultiDim_3D_Histo)_(RC_Bayesian)_(SMEAR=Smear)_(Q2_y_Bin_10)_(z_pT_Bin_1)_(MultiDim_z_pT_Bin_Y_bin_phi_t)_(Normalized)[0m (Histo Num 50013)
[91mSkipping: (MultiDim_3D_Histo)_(BC_RC_Bayesian)_(SMEAR=Smear)_(Q2_y_Bin_10)_(z_pT_Bin_1)_(MultiDim_z_pT_Bin_Y_bin_phi_t)_(Normalized)[0m (Histo Num 50014)
[91mSkipping: (MultiDim_3D_Histo)_(Bayesian)_(SMEAR=Smear)_(Q2_y_Bin_10)_(z_pT_Bin_2)_(MultiDim_z_pT_Bin_Y_bin_phi_t)_(Normalized)[0m (Histo Num 50018)
[91mSkipping: (MultiDim_3D_Histo)_(RC_Bayesian)_(SMEAR=Smear)_(Q2_y_Bin_10)_(z_pT_Bin_2)_(MultiDim_z_pT_Bin_Y_bin_phi_t)_(Normalized)[0m (Histo Num 50019)
[91mSkipping: (MultiDim_3D_Histo)_(BC_RC_Bayesian)_(SMEAR=Smear)_(Q2_y_Bin_10)_(z_pT_Bin_2)_(MultiDim_z_pT_Bin_Y_bin_phi_t)_(Normalized)[0m (Histo Num 50020)
[91mSkipping: (MultiDim_3D_Histo)_(Bayesian)_(SMEAR=Smear)_(Q2_y_Bin_10)_(z_pT_Bin_3)_(MultiDim_z_pT_Bin_Y_bin_phi_t)_(Normalized)[0m (Histo Num 50024)
[91mSkipping: (MultiDim_3D_Histo)_(RC_Bayesian)_(SMEAR=Smear)_(Q2_y_Bin_10)_(z_pT_Bin_3)_(MultiDim_z_pT_Bin_Y_bin_phi_t)_(Normalized)[0m (Histo Num 50025)
[91mSkipping: (MultiDim_3D_Histo)_(BC_RC_Bayesian)_(SMEAR=Smear)_(Q2_y_Bin_10)_(z_pT_Bin_3)_(MultiDim_z_pT_Bin_Y_bin_phi_t)_(Normalized)[0m (Histo Num 50026)
[91mSkipping: (MultiDim_3D_Histo)_(Bayesian)_(SMEAR=Smear)_(Q2_y_Bin_10)_(z_pT_Bin_4)_(MultiDim_z_pT_Bin_Y_bin_phi_t)_(Normalized)[0m (Histo Num 50030)
[91mSkipping: (MultiDim_3D_Histo)_(RC_Bayesian)_(SMEAR=Smear)_(Q2_y_Bin_10)_(z_pT_Bin_4)_(MultiDim_z_pT_Bin_Y_bin_phi_t)_(Normalized)[0m (Histo Num 50031)
[91mSkipping: (MultiDim_3D_Histo)_(BC_RC_Bayesian)_(SMEAR=Smear)_(Q2_y_Bin_10)_(z_pT_Bin_4)_(MultiDim_z_pT_Bin_Y_bin_phi_t)_(Normalized)[0m (Histo Num 50032)
[91mSkipping: (MultiDim_3D_Histo)_(Bayesian)_(SMEAR=Smear)_(Q2_y_Bin_10)_(z_pT_Bin_5)_(MultiDim_z_pT_Bin_Y_bin_phi_t)_(Normalized)[0m (Histo Num 50036)
[91mSkipping: (MultiDim_3D_Histo)_(RC_Bayesian)_(SMEAR=Smear)_(Q2_y_Bin_10)_(z_pT_Bin_5)_(MultiDim_z_pT_Bin_Y_bin_phi_t)_(Normalized)[0m (Histo Num 50037)
[91mSkipping: (MultiDim_3D_Histo)_(BC_RC_Bayesian)_(SMEAR=Smear)_(Q2_y_Bin_10)_(z_pT_Bin_5)_(MultiDim_z_pT_Bin_Y_bin_phi_t)_(Normalized)[0m (Histo Num 50038)
[91mSkipping: (MultiDim_3D_Histo)_(Bayesian)_(SMEAR=Smear)_(Q2_y_Bin_10)_(z_pT_Bin_6)_(MultiDim_z_pT_Bin_Y_bin_phi_t)_(Normalized)[0m (Histo Num 50042)
[91mSkipping: (MultiDim_3D_Histo)_(RC_Bayesian)_(SMEAR=Smear)_(Q2_y_Bin_10)_(z_pT_Bin_6)_(MultiDim_z_pT_Bin_Y_bin_phi_t)_(Normalized)[0m (Histo Num 50043)
[91mSkipping: (MultiDim_3D_Histo)_(BC_RC_Bayesian)_(SMEAR=Smear)_(Q2_y_Bin_10)_(z_pT_Bin_6)_(MultiDim_z_pT_Bin_Y_bin_phi_t)_(Normalized)[0m (Histo Num 50044)
[91mSkipping: (MultiDim_3D_Histo)_(Bayesian)_(SMEAR=Smear)_(Q2_y_Bin_10)_(z_pT_Bin_7)_(MultiDim_z_pT_Bin_Y_bin_phi_t)_(Normalized)[0m (Histo Num 50048)
[91mSkipping: (MultiDim_3D_Histo)_(RC_Bayesian)_(SMEAR=Smear)_(Q2_y_Bin_10)_(z_pT_Bin_7)_(MultiDim_z_pT_Bin_Y_bin_phi_t)_(Normalized)[0m (Histo Num 50049)
[91mSkipping: (MultiDim_3D_Histo)_(BC_RC_Bayesian)_(SMEAR=Smear)_(Q2_y_Bin_10)_(z_pT_Bin_7)_(MultiDim_z_pT_Bin_Y_bin_phi_t)_(Normalized)[0m (Histo Num 50050)
[91mSkipping: (MultiDim_3D_Histo)_(Bayesian)_(SMEAR=Smear)_(Q2_y_Bin_10)_(z_pT_Bin_8)_(MultiDim_z_pT_Bin_Y_bin_phi_t)_(Normalized)[0m (Histo Num 50054)
[91mSkipping: (MultiDim_3D_Histo)_(RC_Bayesian)_(SMEAR=Smear)_(Q2_y_Bin_10)_(z_pT_Bin_8)_(MultiDim_z_pT_Bin_Y_bin_phi_t)_(Normalized)[0m (Histo Num 50055)
[91mSkipping: (MultiDim_3D_Histo)_(BC_RC_Bayesian)_(SMEAR=Smear)_(Q2_y_Bin_10)_(z_pT_Bin_8)_(MultiDim_z_pT_Bin_Y_bin_phi_t)_(Normalized)[0m (Histo Num 50056)
[91mSkipping: (MultiDim_3D_Histo)_(Bayesian)_(SMEAR=Smear)_(Q2_y_Bin_10)_(z_pT_Bin_9)_(MultiDim_z_pT_Bin_Y_bin_phi_t)_(Normalized)[0m (Histo Num 50060)
[91mSkipping: (MultiDim_3D_Histo)_(RC_Bayesian)_(SMEAR=Smear)_(Q2_y_Bin_10)_(z_pT_Bin_9)_(MultiDim_z_pT_Bin_Y_bin_phi_t)_(Normalized)[0m (Histo Num 50061)
[91mSkipping: (MultiDim_3D_Histo)_(BC_RC_Bayesian)_(SMEAR=Smear)_(Q2_y_Bin_10)_(z_pT_Bin_9)_(MultiDim_z_pT_Bin_Y_bin_phi_t)_(Normalized)[0m (Histo Num 50062)
[91mSkipping: (MultiDim_3D_Histo)_(Bayesian)_(SMEAR=Smear)_(Q2_y_Bin_10)_(z_pT_Bin_10)_(MultiDim_z_pT_Bin_Y_bin_phi_t)_(Normalized)[0m (Histo Num 50066)
[91mSkipping: (MultiDim_3D_Histo)_(RC_Bayesian)_(SMEAR=Smear)_(Q2_y_Bin_10)_(z_pT_Bin_10)_(MultiDim_z_pT_Bin_Y_bin_phi_t)_(Normalized)[0m (Histo Num 50067)
[91mSkipping: (MultiDim_3D_Histo)_(BC_RC_Bayesian)_(SMEAR=Smear)_(Q2_y_Bin_10)_(z_pT_Bin_10)_(MultiDim_z_pT_Bin_Y_bin_phi_t)_(Normalized)[0m (Histo Num 50068)
[91mSkipping: (MultiDim_3D_Histo)_(Bayesian)_(SMEAR=Smear)_(Q2_y_Bin_10)_(z_pT_Bin_11)_(MultiDim_z_pT_Bin_Y_bin_phi_t)_(Normalized)[0m (Histo Num 50072)
[91mSkipping: (MultiDim_3D_Histo)_(RC_Bayesian)_(SMEAR=Smear)_(Q2_y_Bin_10)_(z_pT_Bin_11)_(MultiDim_z_pT_Bin_Y_bin_phi_t)_(Normalized)[0m (Histo Num 50073)
[91mSkipping: (MultiDim_3D_Histo)_(BC_RC_Bayesian)_(SMEAR=Smear)_(Q2_y_Bin_10)_(z_pT_Bin_11)_(MultiDim_z_pT_Bin_Y_bin_phi_t)_(Normalized)[0m (Histo Num 50074)
[91mSkipping: (MultiDim_3D_Histo)_(Bayesian)_(SMEAR=Smear)_(Q2_y_Bin_10)_(z_pT_Bin_12)_(MultiDim_z_pT_Bin_Y_bin_phi_t)_(Normalized)[0m (Histo Num 50078)
[91mSkipping: (MultiDim_3D_Histo)_(RC_Bayesian)_(SMEAR=Smear)_(Q2_y_Bin_10)_(z_pT_Bin_12)_(MultiDim_z_pT_Bin_Y_bin_phi_t)_(Normalized)[0m (Histo Num 50079)
[91mSkipping: (MultiDim_3D_Histo)_(BC_RC_Bayesian)_(SMEAR=Smear)_(Q2_y_Bin_10)_(z_pT_Bin_12)_(MultiDim_z_pT_Bin_Y_bin_phi_t)_(Normalized)[0m (Histo Num 50080)
[91mSkipping: (MultiDim_3D_Histo)_(Bayesian)_(SMEAR=Smear)_(Q2_y_Bin_10)_(z_pT_Bin_13)_(MultiDim_z_pT_Bin_Y_bin_phi_t)_(Normalized)[0m (Histo Num 50084)
[91mSkipping: (MultiDim_3D_Histo)_(RC_Bayesian)_(SMEAR=Smear)_(Q2_y_Bin_10)_(z_pT_Bin_13)_(MultiDim_z_pT_Bin_Y_bin_phi_t)_(Normalized)[0m (Histo Num 50085)
[91mSkipping: (MultiDim_3D_Histo)_(BC_RC_Bayesian)_(SMEAR=Smear)_(Q2_y_Bin_10)_(z_pT_Bin_13)_(MultiDim_z_pT_Bin_Y_bin_phi_t)_(Normalized)[0m (Histo Num 50086)
[91mSkipping: (MultiDim_3D_Histo)_(Bayesian)_(SMEAR=Smear)_(Q2_y_Bin_10)_(z_pT_Bin_14)_(MultiDim_z_pT_Bin_Y_bin_phi_t)_(Normalized)[0m (Histo Num 50090)
[91mSkipping: (MultiDim_3D_Histo)_(RC_Bayesian)_(SMEAR=Smear)_(Q2_y_Bin_10)_(z_pT_Bin_14)_(MultiDim_z_pT_Bin_Y_bin_phi_t)_(Normalized)[0m (Histo Num 50091)
[91mSkipping: (MultiDim_3D_Histo)_(BC_RC_Bayesian)_(SMEAR=Smear)_(Q2_y_Bin_10)_(z_pT_Bin_14)_(MultiDim_z_pT_Bin_Y_bin_phi_t)_(Normalized)[0m (Histo Num 50092)
[91mSkipping: (MultiDim_3D_Histo)_(Bayesian)_(SMEAR=Smear)_(Q2_y_Bin_10)_(z_pT_Bin_15)_(MultiDim_z_pT_Bin_Y_bin_phi_t)_(Normalized)[0m (Histo Num 50096)
[91mSkipping: (MultiDim_3D_Histo)_(RC_Bayesian)_(SMEAR=Smear)_(Q2_y_Bin_10)_(z_pT_Bin_15)_(MultiDim_z_pT_Bin_Y_bin_phi_t)_(Normalized)[0m (Histo Num 50097)
[91mSkipping: (MultiDim_3D_Histo)_(BC_RC_Bayesian)_(SMEAR=Smear)_(Q2_y_Bin_10)_(z_pT_Bin_15)_(MultiDim_z_pT_Bin_Y_bin_phi_t)_(Normalized)[0m (Histo Num 50098)
[91mSkipping: (MultiDim_3D_Histo)_(Bayesian)_(SMEAR=Smear)_(Q2_y_Bin_10)_(z_pT_Bin_16)_(MultiDim_z_pT_Bin_Y_bin_phi_t)_(Normalized)[0m (Histo Num 50102)
[91mSkipping: (MultiDim_3D_Histo)_(RC_Bayesian)_(SMEAR=Smear)_(Q2_y_Bin_10)_(z_pT_Bin_16)_(MultiDim_z_pT_Bin_Y_bin_phi_t)_(Normalized)[0m (Histo Num 50103)
[91mSkipping: (MultiDim_3D_Histo)_(BC_RC_Bayesian)_(SMEAR=Smear)_(Q2_y_Bin_10)_(z_pT_Bin_16)_(MultiDim_z_pT_Bin_Y_bin_phi_t)_(Normalized)[0m (Histo Num 50104)
[91mSkipping: (MultiDim_3D_Histo)_(Bayesian)_(SMEAR=Smear)_(Q2_y_Bin_10)_(z_pT_Bin_17)_(MultiDim_z_pT_Bin_Y_bin_phi_t)_(Normalized)[0m (Histo Num 50108)
[91mSkipping: (MultiDim_3D_Histo)_(RC_Bayesian)_(SMEAR=Smear)_(Q2_y_Bin_10)_(z_pT_Bin_17)_(MultiDim_z_pT_Bin_Y_bin_phi_t)_(Normalized)[0m (Histo Num 50109)
[91mSkipping: (MultiDim_3D_Histo)_(BC_RC_Bayesian)_(SMEAR=Smear)_(Q2_y_Bin_10)_(z_pT_Bin_17)_(MultiDim_z_pT_Bin_Y_bin_phi_t)_(Normalized)[0m (Histo Num 50110)
[91mSkipping: (MultiDim_3D_Histo)_(Bayesian)_(SMEAR=Smear)_(Q2_y_Bin_10)_(z_pT_Bin_18)_(MultiDim_z_pT_Bin_Y_bin_phi_t)_(Normalized)[0m (Histo Num 50114)
[91mSkipping: (MultiDim_3D_Histo)_(RC_Bayesian)_(SMEAR=Smear)_(Q2_y_Bin_10)_(z_pT_Bin_18)_(MultiDim_z_pT_Bin_Y_bin_phi_t)_(Normalized)[0m (Histo Num 50115)
[91mSkipping: (MultiDim_3D_Histo)_(BC_RC_Bayesian)_(SMEAR=Smear)_(Q2_y_Bin_10)_(z_pT_Bin_18)_(MultiDim_z_pT_Bin_Y_bin_phi_t)_(Normalized)[0m (Histo Num 50116)
[91mSkipping: (MultiDim_3D_Histo)_(Bayesian)_(SMEAR=Smear)_(Q2_y_Bin_10)_(z_pT_Bin_19)_(MultiDim_z_pT_Bin_Y_bin_phi_t)_(Normalized)[0m (Histo Num 50120)
[91mSkipping: (MultiDim_3D_Histo)_(RC_Bayesian)_(SMEAR=Smear)_(Q2_y_Bin_10)_(z_pT_Bin_19)_(MultiDim_z_pT_Bin_Y_bin_phi_t)_(Normalized)[0m (Histo Num 50121)
[91mSkipping: (MultiDim_3D_Histo)_(BC_RC_Bayesian)_(SMEAR=Smear)_(Q2_y_Bin_10)_(z_pT_Bin_19)_(MultiDim_z_pT_Bin_Y_bin_phi_t)_(Normalized)[0m (Histo Num 50122)
[91mSkipping: (MultiDim_3D_Histo)_(Bayesian)_(SMEAR=Smear)_(Q2_y_Bin_10)_(z_pT_Bin_20)_(MultiDim_z_pT_Bin_Y_bin_phi_t)_(Normalized)[0m (Histo Num 50126)
[91mSkipping: (MultiDim_3D_Histo)_(RC_Bayesian)_(SMEAR=Smear)_(Q2_y_Bin_10)_(z_pT_Bin_20)_(MultiDim_z_pT_Bin_Y_bin_phi_t)_(Normalized)[0m (Histo Num 50127)
[91mSkipping: (MultiDim_3D_Histo)_(BC_RC_Bayesian)_(SMEAR=Smear)_(Q2_y_Bin_10)_(z_pT_Bin_20)_(MultiDim_z_pT_Bin_Y_bin_phi_t)_(Normalized)[0m (Histo Num 50128)
[91mSkipping: (MultiDim_3D_Histo)_(Bayesian)_(SMEAR=Smear)_(Q2_y_Bin_10)_(z_pT_Bin_21)_(MultiDim_z_pT_Bin_Y_bin_phi_t)_(Normalized)[0m (Histo Num 50132)
[91mSkipping: (MultiDim_3D_Histo)_(RC_Bayesian)_(SMEAR=Smear)_(Q2_y_Bin_10)_(z_pT_Bin_21)_(MultiDim_z_pT_Bin_Y_bin_phi_t)_(Normalized)[0m (Histo Num 50133)
[91mSkipping: (MultiDim_3D_Histo)_(BC_RC_Bayesian)_(SMEAR=Smear)_(Q2_y_Bin_10)_(z_pT_Bin_21)_(MultiDim_z_pT_Bin_Y_bin_phi_t)_(Normalized)[0m (Histo Num 50134)
[91mSkipping: (MultiDim_3D_Histo)_(Bayesian)_(SMEAR=Smear)_(Q2_y_Bin_10)_(z_pT_Bin_22)_(MultiDim_z_pT_Bin_Y_bin_phi_t)_(Normalized)[0m (Histo Num 50138)
[91mSkipping: (MultiDim_3D_Histo)_(RC_Bayesian)_(SMEAR=Smear)_(Q2_y_Bin_10)_(z_pT_Bin_22)_(MultiDim_z_pT_Bin_Y_bin_phi_t)_(Normalized)[0m (Histo Num 50139)
[91mSkipping: (MultiDim_3D_Histo)_(BC_RC_Bayesian)_(SMEAR=Smear)_(Q2_y_Bin_10)_(z_pT_Bin_22)_(MultiDim_z_pT_Bin_Y_bin_phi_t)_(Normalized)[0m (Histo Num 50140)
[91mSkipping: (MultiDim_3D_Histo)_(Bayesian)_(SMEAR=Smear)_(Q2_y_Bin_10)_(z_pT_Bin_23)_(MultiDim_z_pT_Bin_Y_bin_phi_t)_(Normalized)[0m (Histo Num 50144)
[91mSkipping: (MultiDim_3D_Histo)_(RC_Bayesian)_(SMEAR=Smear)_(Q2_y_Bin_10)_(z_pT_Bin_23)_(MultiDim_z_pT_Bin_Y_bin_phi_t)_(Normalized)[0m (Histo Num 50145)
[91mSkipping: (MultiDim_3D_Histo)_(BC_RC_Bayesian)_(SMEAR=Smear)_(Q2_y_Bin_10)_(z_pT_Bin_23)_(MultiDim_z_pT_Bin_Y_bin_phi_t)_(Normalized)[0m (Histo Num 50146)
[91mSkipping: (MultiDim_3D_Histo)_(Bayesian)_(SMEAR=Smear)_(Q2_y_Bin_10)_(z_pT_Bin_25)_(MultiDim_z_pT_Bin_Y_bin_phi_t)_(Normalized)[0m (Histo Num 50150)
[91mSkipping: (MultiDim_3D_Histo)_(RC_Bayesian)_(SMEAR=Smear)_(Q2_y_Bin_10)_(z_pT_Bin_25)_(MultiDim_z_pT_Bin_Y_bin_phi_t)_(Normalized)[0m (Histo Num 50151)
[91mSkipping: (MultiDim_3D_Histo)_(BC_RC_Bayesian)_(SMEAR=Smear)_(Q2_y_Bin_10)_(z_pT_Bin_25)_(MultiDim_z_pT_Bin_Y_bin_phi_t)_(Normalized)[0m (Histo Num 50152)
[91mSkipping: (MultiDim_3D_Histo)_(Bayesian)_(SMEAR=Smear)_(Q2_y_Bin_10)_(z_pT_Bin_26)_(MultiDim_z_pT_Bin_Y_bin_phi_t)_(Normalized)[0m (Histo Num 50156)
[91mSkipping: (MultiDim_3D_Histo)_(RC_Bayesian)_(SMEAR=Smear)_(Q2_y_Bin_10)_(z_pT_Bin_26)_(MultiDim_z_pT_Bin_Y_bin_phi_t)_(Normalized)[0m (Histo Num 50157)
[91mSkipping: (MultiDim_3D_Histo)_(BC_RC_Bayesian)_(SMEAR=Smear)_(Q2_y_Bin_10)_(z_pT_Bin_26)_(MultiDim_z_pT_Bin_Y_bin_phi_t)_(Normalized)[0m (Histo Num 50158)
[91mSkipping: (MultiDim_3D_Histo)_(Bayesian)_(SMEAR=Smear)_(Q2_y_Bin_10)_(z_pT_Bin_27)_(MultiDim_z_pT_Bin_Y_bin_phi_t)_(Normalized)[0m (Histo Num 50162)
[91mSkipping: (MultiDim_3D_Histo)_(RC_Bayesian)_(SMEAR=Smear)_(Q2_y_Bin_10)_(z_pT_Bin_27)_(MultiDim_z_pT_Bin_Y_bin_phi_t)_(Normalized)[0m (Histo Num 50163)
[91mSkipping: (MultiDim_3D_Histo)_(BC_RC_Bayesian)_(SMEAR=Smear)_(Q2_y_Bin_10)_(z_pT_Bin_27)_(MultiDim_z_pT_Bin_Y_bin_phi_t)_(Normalized)[0m (Histo Num 50164)
[91mSkipping: (MultiDim_3D_Histo)_(Bayesian)_(SMEAR=Smear)_(Q2_y_Bin_10)_(z_pT_Bin_28)_(MultiDim_z_pT_Bin_Y_bin_phi_t)_(Normalized)[0m (Histo Num 50168)
[91mSkipping: (MultiDim_3D_Histo)_(RC_Bayesian)_(SMEAR=Smear)_(Q2_y_Bin_10)_(z_pT_Bin_28)_(MultiDim_z_pT_Bin_Y_bin_phi_t)_(Normalized)[0m (Histo Num 50169)
[91mSkipping: (MultiDim_3D_Histo)_(BC_RC_Bayesian)_(SMEAR=Smear)_(Q2_y_Bin_10)_(z_pT_Bin_28)_(MultiDim_z_pT_Bin_Y_bin_phi_t)_(Normalized)[0m (Histo Num 50170)
[91mSkipping: (MultiDim_3D_Histo)_(Bayesian)_(SMEAR=Smear)_(Q2_y_Bin_10)_(z_pT_Bin_29)_(MultiDim_z_pT_Bin_Y_bin_phi_t)_(Normalized)[0m (Histo Num 50174)
[91mSkipping: (MultiDim_3D_Histo)_(RC_Bayesian)_(SMEAR=Smear)_(Q2_y_Bin_10)_(z_pT_Bin_29)_(MultiDim_z_pT_Bin_Y_bin_phi_t)_(Normalized)[0m (Histo Num 50175)
[91mSkipping: (MultiDim_3D_Histo)_(BC_RC_Bayesian)_(SMEAR=Smear)_(Q2_y_Bin_10)_(z_pT_Bin_29)_(MultiDim_z_pT_Bin_Y_bin_phi_t)_(Normalized)[0m (Histo Num 50176)
[91mSkipping: (MultiDim_3D_Histo)_(Bayesian)_(SMEAR=Smear)_(Q2_y_Bin_10)_(z_pT_Bin_31)_(MultiDim_z_pT_Bin_Y_bin_phi_t)_(Normalized)[0m (Histo Num 50180)
[91mSkipping: (MultiDim_3D_Histo)_(RC_Bayesian)_(SMEAR=Smear)_(Q2_y_Bin_10)_(z_pT_Bin_31)_(MultiDim_z_pT_Bin_Y_bin_phi_t)_(Normalized)[0m (Histo Num 50181)
[91mSkipping: (MultiDim_3D_Histo)_(BC_RC_Bayesian)_(SMEAR=Smear)_(Q2_y_Bin_10)_(z_pT_Bin_31)_(MultiDim_z_pT_Bin_Y_bin_phi_t)_(Normalized)[0m (Histo Num 50182)
[91mSkipping: (MultiDim_3D_Histo)_(Bayesian)_(SMEAR=Smear)_(Q2_y_Bin_10)_(z_pT_Bin_32)_(MultiDim_z_pT_Bin_Y_bin_phi_t)_(Normalized)[0m (Histo Num 50186)
[91mSkipping: (MultiDim_3D_Histo)_(RC_Bayesian)_(SMEAR=Smear)_(Q2_y_Bin_10)_(z_pT_Bin_32)_(MultiDim_z_pT_Bin_Y_bin_phi_t)_(Normalized)[0m (Histo Num 50187)
[91mSkipping: (MultiDim_3D_Histo)_(BC_RC_Bayesian)_(SMEAR=Smear)_(Q2_y_Bin_10)_(z_pT_Bin_32)_(MultiDim_z_pT_Bin_Y_bin_phi_t)_(Normalized)[0m (Histo Num 50188)
[91mSkipping: (MultiDim_3D_Histo)_(Bayesian)_(SMEAR=Smear)_(Q2_y_Bin_10)_(z_pT_Bin_33)_(MultiDim_z_pT_Bin_Y_bin_phi_t)_(Normalized)[0m (Histo Num 50192)
[91mSkipping: (MultiDim_3D_Histo)_(RC_Bayesian)_(SMEAR=Smear)_(Q2_y_Bin_10)_(z_pT_Bin_33)_(MultiDim_z_pT_Bin_Y_bin_phi_t)_(Normalized)[0m (Histo Num 50193)
[91mSkipping: (MultiDim_3D_Histo)_(BC_RC_Bayesian)_(SMEAR=Smear)_(Q2_y_Bin_10)_(z_pT_Bin_33)_(MultiDim_z_pT_Bin_Y_bin_phi_t)_(Normalized)[0m (Histo Num 50194)
[91mSkipping: (MultiDim_3D_Histo)_(Bayesian)_(SMEAR=Smear)_(Q2_y_Bin_10)_(z_pT_Bin_34)_(MultiDim_z_pT_Bin_Y_bin_phi_t)_(Normalized)[0m (Histo Num 50198)
[91mSkipping: (MultiDim_3D_Histo)_(RC_Bayesian)_(SMEAR=Smear)_(Q2_y_Bin_10)_(z_pT_Bin_34)_(MultiDim_z_pT_Bin_Y_bin_phi_t)_(Normalized)[0m (Histo Num 50199)
[91mSkipping: (MultiDim_3D_Histo)_(BC_RC_Bayesian)_(SMEAR=Smear)_(Q2_y_Bin_10)_(z_pT_Bin_34)_(MultiDim_z_pT_Bin_Y_bin_phi_t)_(Normalized)[0m (Histo Num 50200)
[91mSkipping: (MultiDim_3D_Histo)_(Bayesian)_(SMEAR=Smear)_(Q2_y_Bin_11)_(z_pT_Bin_1)_(MultiDim_z_pT_Bin_Y_bin_phi_t)_(Normalized)[0m (Histo Num 50204)
[91mSkipping: (MultiDim_3D_Histo)_(RC_Bayesian)_(SMEAR=Smear)_(Q2_y_Bin_11)_(z_pT_Bin_1)_(MultiDim_z_pT_Bin_Y_bin_phi_t)_(Normalized)[0m (Histo Num 50205)
[91mSkipping: (MultiDim_3D_Histo)_(BC_RC_Bayesian)_(SMEAR=Smear)_(Q2_y_Bin_11)_(z_pT_Bin_1)_(MultiDim_z_pT_Bin_Y_bin_phi_t)_(Normalized)[0m (Histo Num 50206)
[91mSkipping: (MultiDim_3D_Histo)_(Bayesian)_(SMEAR=Smear)_(Q2_y_Bin_11)_(z_pT_Bin_2)_(MultiDim_z_pT_Bin_Y_bin_phi_t)_(Normalized)[0m (Histo Num 50210)
[91mSkipping: (MultiDim_3D_Histo)_(RC_Bayesian)_(SMEAR=Smear)_(Q2_y_Bin_11)_(z_pT_Bin_2)_(MultiDim_z_pT_Bin_Y_bin_phi_t)_(Normalized)[0m (Histo Num 50211)
[91mSkipping: (MultiDim_3D_Histo)_(BC_RC_Bayesian)_(SMEAR=Smear)_(Q2_y_Bin_11)_(z_pT_Bin_2)_(MultiDim_z_pT_Bin_Y_bin_phi_t)_(Normalized)[0m (Histo Num 50212)
[91mSkipping: (MultiDim_3D_Histo)_(Bayesian)_(SMEAR=Smear)_(Q2_y_Bin_11)_(z_pT_Bin_3)_(MultiDim_z_pT_Bin_Y_bin_phi_t)_(Normalized)[0m (Histo Num 50216)
[91mSkipping: (MultiDim_3D_Histo)_(RC_Bayesian)_(SMEAR=Smear)_(Q2_y_Bin_11)_(z_pT_Bin_3)_(MultiDim_z_pT_Bin_Y_bin_phi_t)_(Normalized)[0m (Histo Num 50217)
[91mSkipping: (MultiDim_3D_Histo)_(BC_RC_Bayesian)_(SMEAR=Smear)_(Q2_y_Bin_11)_(z_pT_Bin_3)_(MultiDim_z_pT_Bin_Y_bin_phi_t)_(Normalized)[0m (Histo Num 50218)
[91mSkipping: (MultiDim_3D_Histo)_(Bayesian)_(SMEAR=Smear)_(Q2_y_Bin_11)_(z_pT_Bin_4)_(MultiDim_z_pT_Bin_Y_bin_phi_t)_(Normalized)[0m (Histo Num 50222)
[91mSkipping: (MultiDim_3D_Histo)_(RC_Bayesian)_(SMEAR=Smear)_(Q2_y_Bin_11)_(z_pT_Bin_4)_(MultiDim_z_pT_Bin_Y_bin_phi_t)_(Normalized)[0m (Histo Num 50223)
[91mSkipping: (MultiDim_3D_Histo)_(BC_RC_Bayesian)_(SMEAR=Smear)_(Q2_y_Bin_11)_(z_pT_Bin_4)_(MultiDim_z_pT_Bin_Y_bin_phi_t)_(Normalized)[0m (Histo Num 50224)
[91mSkipping: (MultiDim_3D_Histo)_(Bayesian)_(SMEAR=Smear)_(Q2_y_Bin_11)_(z_pT_Bin_6)_(MultiDim_z_pT_Bin_Y_bin_phi_t)_(Normalized)[0m (Histo Num 50228)
[91mSkipping: (MultiDim_3D_Histo)_(RC_Bayesian)_(SMEAR=Smear)_(Q2_y_Bin_11)_(z_pT_Bin_6)_(MultiDim_z_pT_Bin_Y_bin_phi_t)_(Normalized)[0m (Histo Num 50229)
[91mSkipping: (MultiDim_3D_Histo)_(BC_RC_Bayesian)_(SMEAR=Smear)_(Q2_y_Bin_11)_(z_pT_Bin_6)_(MultiDim_z_pT_Bin_Y_bin_phi_t)_(Normalized)[0m (Histo Num 50230)
[91mSkipping: (MultiDim_3D_Histo)_(Bayesian)_(SMEAR=Smear)_(Q2_y_Bin_11)_(z_pT_Bin_7)_(MultiDim_z_pT_Bin_Y_bin_phi_t)_(Normalized)[0m (Histo Num 50234)
[91mSkipping: (MultiDim_3D_Histo)_(RC_Bayesian)_(SMEAR=Smear)_(Q2_y_Bin_11)_(z_pT_Bin_7)_(MultiDim_z_pT_Bin_Y_bin_phi_t)_(Normalized)[0m (Histo Num 50235)
[91mSkipping: (MultiDim_3D_Histo)_(BC_RC_Bayesian)_(SMEAR=Smear)_(Q2_y_Bin_11)_(z_pT_Bin_7)_(MultiDim_z_pT_Bin_Y_bin_phi_t)_(Normalized)[0m (Histo Num 50236)
[91mSkipping: (MultiDim_3D_Histo)_(Bayesian)_(SMEAR=Smear)_(Q2_y_Bin_11)_(z_pT_Bin_8)_(MultiDim_z_pT_Bin_Y_bin_phi_t)_(Normalized)[0m (Histo Num 50240)
[91mSkipping: (MultiDim_3D_Histo)_(RC_Bayesian)_(SMEAR=Smear)_(Q2_y_Bin_11)_(z_pT_Bin_8)_(MultiDim_z_pT_Bin_Y_bin_phi_t)_(Normalized)[0m (Histo Num 50241)
[91mSkipping: (MultiDim_3D_Histo)_(BC_RC_Bayesian)_(SMEAR=Smear)_(Q2_y_Bin_11)_(z_pT_Bin_8)_(MultiDim_z_pT_Bin_Y_bin_phi_t)_(Normalized)[0m (Histo Num 50242)
[91mSkipping: (MultiDim_3D_Histo)_(Bayesian)_(SMEAR=Smear)_(Q2_y_Bin_11)_(z_pT_Bin_9)_(MultiDim_z_pT_Bin_Y_bin_phi_t)_(Normalized)[0m (Histo Num 50246)
[91mSkipping: (MultiDim_3D_Histo)_(RC_Bayesian)_(SMEAR=Smear)_(Q2_y_Bin_11)_(z_pT_Bin_9)_(MultiDim_z_pT_Bin_Y_bin_phi_t)_(Normalized)[0m (Histo Num 50247)
[91mSkipping: (MultiDim_3D_Histo)_(BC_RC_Bayesian)_(SMEAR=Smear)_(Q2_y_Bin_11)_(z_pT_Bin_9)_(MultiDim_z_pT_Bin_Y_bin_phi_t)_(Normalized)[0m (Histo Num 50248)
[91mSkipping: (MultiDim_3D_Histo)_(Bayesian)_(SMEAR=Smear)_(Q2_y_Bin_11)_(z_pT_Bin_10)_(MultiDim_z_pT_Bin_Y_bin_phi_t)_(Normalized)[0m (Histo Num 50252)
[91mSkipping: (MultiDim_3D_Histo)_(RC_Bayesian)_(SMEAR=Smear)_(Q2_y_Bin_11)_(z_pT_Bin_10)_(MultiDim_z_pT_Bin_Y_bin_phi_t)_(Normalized)[0m (Histo Num 50253)
[91mSkipping: (MultiDim_3D_Histo)_(BC_RC_Bayesian)_(SMEAR=Smear)_(Q2_y_Bin_11)_(z_pT_Bin_10)_(MultiDim_z_pT_Bin_Y_bin_phi_t)_(Normalized)[0m (Histo Num 50254)
[91mSkipping: (MultiDim_3D_Histo)_(Bayesian)_(SMEAR=Smear)_(Q2_y_Bin_11)_(z_pT_Bin_11)_(MultiDim_z_pT_Bin_Y_bin_phi_t)_(Normalized)[0m (Histo Num 50258)
[91mSkipping: (MultiDim_3D_Histo)_(RC_Bayesian)_(SMEAR=Smear)_(Q2_y_Bin_11)_(z_pT_Bin_11)_(MultiDim_z_pT_Bin_Y_bin_phi_t)_(Normalized)[0m (Histo Num 50259)
[91mSkipping: (MultiDim_3D_Histo)_(BC_RC_Bayesian)_(SMEAR=Smear)_(Q2_y_Bin_11)_(z_pT_Bin_11)_(MultiDim_z_pT_Bin_Y_bin_phi_t)_(Normalized)[0m (Histo Num 50260)
[91mSkipping: (MultiDim_3D_Histo)_(Bayesian)_(SMEAR=Smear)_(Q2_y_Bin_11)_(z_pT_Bin_12)_(MultiDim_z_pT_Bin_Y_bin_phi_t)_(Normalized)[0m (Histo Num 50264)
[91mSkipping: (MultiDim_3D_Histo)_(RC_Bayesian)_(SMEAR=Smear)_(Q2_y_Bin_11)_(z_pT_Bin_12)_(MultiDim_z_pT_Bin_Y_bin_phi_t)_(Normalized)[0m (Histo Num 50265)
[91mSkipping: (MultiDim_3D_Histo)_(BC_RC_Bayesian)_(SMEAR=Smear)_(Q2_y_Bin_11)_(z_pT_Bin_12)_(MultiDim_z_pT_Bin_Y_bin_phi_t)_(Normalized)[0m (Histo Num 50266)
[91mSkipping: (MultiDim_3D_Histo)_(Bayesian)_(SMEAR=Smear)_(Q2_y_Bin_11)_(z_pT_Bin_13)_(MultiDim_z_pT_Bin_Y_bin_phi_t)_(Normalized)[0m (Histo Num 50270)
[91mSkipping: (MultiDim_3D_Histo)_(RC_Bayesian)_(SMEAR=Smear)_(Q2_y_Bin_11)_(z_pT_Bin_13)_(MultiDim_z_pT_Bin_Y_bin_phi_t)_(Normalized)[0m (Histo Num 50271)
[91mSkipping: (MultiDim_3D_Histo)_(BC_RC_Bayesian)_(SMEAR=Smear)_(Q2_y_Bin_11)_(z_pT_Bin_13)_(MultiDim_z_pT_Bin_Y_bin_phi_t)_(Normalized)[0m (Histo Num 50272)
[91mSkipping: (MultiDim_3D_Histo)_(Bayesian)_(SMEAR=Smear)_(Q2_y_Bin_11)_(z_pT_Bin_14)_(MultiDim_z_pT_Bin_Y_bin_phi_t)_(Normalized)[0m (Histo Num 50276)
[91mSkipping: (MultiDim_3D_Histo)_(RC_Bayesian)_(SMEAR=Smear)_(Q2_y_Bin_11)_(z_pT_Bin_14)_(MultiDim_z_pT_Bin_Y_bin_phi_t)_(Normalized)[0m (Histo Num 50277)
[91mSkipping: (MultiDim_3D_Histo)_(BC_RC_Bayesian)_(SMEAR=Smear)_(Q2_y_Bin_11)_(z_pT_Bin_14)_(MultiDim_z_pT_Bin_Y_bin_phi_t)_(Normalized)[0m (Histo Num 50278)
[91mSkipping: (MultiDim_3D_Histo)_(Bayesian)_(SMEAR=Smear)_(Q2_y_Bin_11)_(z_pT_Bin_15)_(MultiDim_z_pT_Bin_Y_bin_phi_t)_(Normalized)[0m (Histo Num 50282)
[91mSkipping: (MultiDim_3D_Histo)_(RC_Bayesian)_(SMEAR=Smear)_(Q2_y_Bin_11)_(z_pT_Bin_15)_(MultiDim_z_pT_Bin_Y_bin_phi_t)_(Normalized)[0m (Histo Num 50283)
[91mSkipping: (MultiDim_3D_Histo)_(BC_RC_Bayesian)_(SMEAR=Smear)_(Q2_y_Bin_11)_(z_pT_Bin_15)_(MultiDim_z_pT_Bin_Y_bin_phi_t)_(Normalized)[0m (Histo Num 50284)
[91mSkipping: (MultiDim_3D_Histo)_(Bayesian)_(SMEAR=Smear)_(Q2_y_Bin_11)_(z_pT_Bin_16)_(MultiDim_z_pT_Bin_Y_bin_phi_t)_(Normalized)[0m (Histo Num 50288)
[91mSkipping: (MultiDim_3D_Histo)_(RC_Bayesian)_(SMEAR=Smear)_(Q2_y_Bin_11)_(z_pT_Bin_16)_(MultiDim_z_pT_Bin_Y_bin_phi_t)_(Normalized)[0m (Histo Num 50289)
[91mSkipping: (MultiDim_3D_Histo)_(BC_RC_Bayesian)_(SMEAR=Smear)_(Q2_y_Bin_11)_(z_pT_Bin_16)_(MultiDim_z_pT_Bin_Y_bin_phi_t)_(Normalized)[0m (Histo Num 50290)
[91mSkipping: (MultiDim_3D_Histo)_(Bayesian)_(SMEAR=Smear)_(Q2_y_Bin_11)_(z_pT_Bin_17)_(MultiDim_z_pT_Bin_Y_bin_phi_t)_(Normalized)[0m (Histo Num 50294)
[91mSkipping: (MultiDim_3D_Histo)_(RC_Bayesian)_(SMEAR=Smear)_(Q2_y_Bin_11)_(z_pT_Bin_17)_(MultiDim_z_pT_Bin_Y_bin_phi_t)_(Normalized)[0m (Histo Num 50295)
[91mSkipping: (MultiDim_3D_Histo)_(BC_RC_Bayesian)_(SMEAR=Smear)_(Q2_y_Bin_11)_(z_pT_Bin_17)_(MultiDim_z_pT_Bin_Y_bin_phi_t)_(Normalized)[0m (Histo Num 50296)
[91mSkipping: (MultiDim_3D_Histo)_(Bayesian)_(SMEAR=Smear)_(Q2_y_Bin_11)_(z_pT_Bin_18)_(MultiDim_z_pT_Bin_Y_bin_phi_t)_(Normalized)[0m (Histo Num 50300)
[91mSkipping: (MultiDim_3D_Histo)_(RC_Bayesian)_(SMEAR=Smear)_(Q2_y_Bin_11)_(z_pT_Bin_18)_(MultiDim_z_pT_Bin_Y_bin_phi_t)_(Normalized)[0m (Histo Num 50301)
[91mSkipping: (MultiDim_3D_Histo)_(BC_RC_Bayesian)_(SMEAR=Smear)_(Q2_y_Bin_11)_(z_pT_Bin_18)_(MultiDim_z_pT_Bin_Y_bin_phi_t)_(Normalized)[0m (Histo Num 50302)
[91mSkipping: (MultiDim_3D_Histo)_(Bayesian)_(SMEAR=Smear)_(Q2_y_Bin_11)_(z_pT_Bin_19)_(MultiDim_z_pT_Bin_Y_bin_phi_t)_(Normalized)[0m (Histo Num 50306)
[91mSkipping: (MultiDim_3D_Histo)_(RC_Bayesian)_(SMEAR=Smear)_(Q2_y_Bin_11)_(z_pT_Bin_19)_(MultiDim_z_pT_Bin_Y_bin_phi_t)_(Normalized)[0m (Histo Num 50307)
[91mSkipping: (MultiDim_3D_Histo)_(BC_RC_Bayesian)_(SMEAR=Smear)_(Q2_y_Bin_11)_(z_pT_Bin_19)_(MultiDim_z_pT_Bin_Y_bin_phi_t)_(Normalized)[0m (Histo Num 50308)
[91mSkipping: (MultiDim_3D_Histo)_(Bayesian)_(SMEAR=Smear)_(Q2_y_Bin_11)_(z_pT_Bin_20)_(MultiDim_z_pT_Bin_Y_bin_phi_t)_(Normalized)[0m (Histo Num 50312)
[91mSkipping: (MultiDim_3D_Histo)_(RC_Bayesian)_(SMEAR=Smear)_(Q2_y_Bin_11)_(z_pT_Bin_20)_(MultiDim_z_pT_Bin_Y_bin_phi_t)_(Normalized)[0m (Histo Num 50313)
[91mSkipping: (MultiDim_3D_Histo)_(BC_RC_Bayesian)_(SMEAR=Smear)_(Q2_y_Bin_11)_(z_pT_Bin_20)_(MultiDim_z_pT_Bin_Y_bin_phi_t)_(Normalized)[0m (Histo Num 50314)
[91mSkipping: (MultiDim_3D_Histo)_(Bayesian)_(SMEAR=Smear)_(Q2_y_Bin_11)_(z_pT_Bin_21)_(MultiDim_z_pT_Bin_Y_bin_phi_t)_(Normalized)[0m (Histo Num 50318)
[91mSkipping: (MultiDim_3D_Histo)_(RC_Bayesian)_(SMEAR=Smear)_(Q2_y_Bin_11)_(z_pT_Bin_21)_(MultiDim_z_pT_Bin_Y_bin_phi_t)_(Normalized)[0m (Histo Num 50319)
[91mSkipping: (MultiDim_3D_Histo)_(BC_RC_Bayesian)_(SMEAR=Smear)_(Q2_y_Bin_11)_(z_pT_Bin_21)_(MultiDim_z_pT_Bin_Y_bin_phi_t)_(Normalized)[0m (Histo Num 50320)
[91mSkipping: (MultiDim_3D_Histo)_(Bayesian)_(SMEAR=Smear)_(Q2_y_Bin_11)_(z_pT_Bin_22)_(MultiDim_z_pT_Bin_Y_bin_phi_t)_(Normalized)[0m (Histo Num 50324)
[91mSkipping: (MultiDim_3D_Histo)_(RC_Bayesian)_(SMEAR=Smear)_(Q2_y_Bin_11)_(z_pT_Bin_22)_(MultiDim_z_pT_Bin_Y_bin_phi_t)_(Normalized)[0m (Histo Num 50325)
[91mSkipping: (MultiDim_3D_Histo)_(BC_RC_Bayesian)_(SMEAR=Smear)_(Q2_y_Bin_11)_(z_pT_Bin_22)_(MultiDim_z_pT_Bin_Y_bin_phi_t)_(Normalized)[0m (Histo Num 50326)
[91mSkipping: (MultiDim_3D_Histo)_(Bayesian)_(SMEAR=Smear)_(Q2_y_Bin_11)_(z_pT_Bin_23)_(MultiDim_z_pT_Bin_Y_bin_phi_t)_(Normalized)[0m (Histo Num 50330)
[91mSkipping: (MultiDim_3D_Histo)_(RC_Bayesian)_(SMEAR=Smear)_(Q2_y_Bin_11)_(z_pT_Bin_23)_(MultiDim_z_pT_Bin_Y_bin_phi_t)_(Normalized)[0m (Histo Num 50331)
[91mSkipping: (MultiDim_3D_Histo)_(BC_RC_Bayesian)_(SMEAR=Smear)_(Q2_y_Bin_11)_(z_pT_Bin_23)_(MultiDim_z_pT_Bin_Y_bin_phi_t)_(Normalized)[0m (Histo Num 50332)
[91mSkipping: (MultiDim_3D_Histo)_(Bayesian)_(SMEAR=Smear)_(Q2_y_Bin_11)_(z_pT_Bin_24)_(MultiDim_z_pT_Bin_Y_bin_phi_t)_(Normalized)[0m (Histo Num 50336)
[91mSkipping: (MultiDim_3D_Histo)_(RC_Bayesian)_(SMEAR=Smear)_(Q2_y_Bin_11)_(z_pT_Bin_24)_(MultiDim_z_pT_Bin_Y_bin_phi_t)_(Normalized)[0m (Histo Num 50337)
[91mSkipping: (MultiDim_3D_Histo)_(BC_RC_Bayesian)_(SMEAR=Smear)_(Q2_y_Bin_11)_(z_pT_Bin_24)_(MultiDim_z_pT_Bin_Y_bin_phi_t)_(Normalized)[0m (Histo Num 50338)
[91mSkipping: (MultiDim_3D_Histo)_(Bayesian)_(SMEAR=Smear)_(Q2_y_Bin_12)_(z_pT_Bin_6)_(MultiDim_z_pT_Bin_Y_bin_phi_t)_(Normalized)[0m (Histo Num 50342)
[91mSkipping: (MultiDim_3D_Histo)_(RC_Bayesian)_(SMEAR=Smear)_(Q2_y_Bin_12)_(z_pT_Bin_6)_(MultiDim_z_pT_Bin_Y_bin_phi_t)_(Normalized)[0m (Histo Num 50343)
[91mSkipping: (MultiDim_3D_Histo)_(BC_RC_Bayesian)_(SMEAR=Smear)_(Q2_y_Bin_12)_(z_pT_Bin_6)_(MultiDim_z_pT_Bin_Y_bin_phi_t)_(Normalized)[0m (Histo Num 50344)
[91mSkipping: (MultiDim_3D_Histo)_(Bayesian)_(SMEAR=Smear)_(Q2_y_Bin_12)_(z_pT_Bin_7)_(MultiDim_z_pT_Bin_Y_bin_phi_t)_(Normalized)[0m (Histo Num 50348)
[91mSkipping: (MultiDim_3D_Histo)_(RC_Bayesian)_(SMEAR=Smear)_(Q2_y_Bin_12)_(z_pT_Bin_7)_(MultiDim_z_pT_Bin_Y_bin_phi_t)_(Normalized)[0m (Histo Num 50349)
[91mSkipping: (MultiDim_3D_Histo)_(BC_RC_Bayesian)_(SMEAR=Smear)_(Q2_y_Bin_12)_(z_pT_Bin_7)_(MultiDim_z_pT_Bin_Y_bin_phi_t)_(Normalized)[0m (Histo Num 50350)
[91mSkipping: (MultiDim_3D_Histo)_(Bayesian)_(SMEAR=Smear)_(Q2_y_Bin_12)_(z_pT_Bin_8)_(MultiDim_z_pT_Bin_Y_bin_phi_t)_(Normalized)[0m (Histo Num 50354)
[91mSkipping: (MultiDim_3D_Histo)_(RC_Bayesian)_(SMEAR=Smear)_(Q2_y_Bin_12)_(z_pT_Bin_8)_(MultiDim_z_pT_Bin_Y_bin_phi_t)_(Normalized)[0m (Histo Num 50355)
[91mSkipping: (MultiDim_3D_Histo)_(BC_RC_Bayesian)_(SMEAR=Smear)_(Q2_y_Bin_12)_(z_pT_Bin_8)_(MultiDim_z_pT_Bin_Y_bin_phi_t)_(Normalized)[0m (Histo Num 50356)
[91mSkipping: (MultiDim_3D_Histo)_(Bayesian)_(SMEAR=Smear)_(Q2_y_Bin_12)_(z_pT_Bin_9)_(MultiDim_z_pT_Bin_Y_bin_phi_t)_(Normalized)[0m (Histo Num 50360)
[91mSkipping: (MultiDim_3D_Histo)_(RC_Bayesian)_(SMEAR=Smear)_(Q2_y_Bin_12)_(z_pT_Bin_9)_(MultiDim_z_pT_Bin_Y_bin_phi_t)_(Normalized)[0m (Histo Num 50361)
[91mSkipping: (MultiDim_3D_Histo)_(BC_RC_Bayesian)_(SMEAR=Smear)_(Q2_y_Bin_12)_(z_pT_Bin_9)_(MultiDim_z_pT_Bin_Y_bin_phi_t)_(Normalized)[0m (Histo Num 50362)
[91mSkipping: (MultiDim_3D_Histo)_(Bayesian)_(SMEAR=Smear)_(Q2_y_Bin_12)_(z_pT_Bin_10)_(MultiDim_z_pT_Bin_Y_bin_phi_t)_(Normalized)[0m (Histo Num 50366)
[91mSkipping: (MultiDim_3D_Histo)_(RC_Bayesian)_(SMEAR=Smear)_(Q2_y_Bin_12)_(z_pT_Bin_10)_(MultiDim_z_pT_Bin_Y_bin_phi_t)_(Normalized)[0m (Histo Num 50367)
[91mSkipping: (MultiDim_3D_Histo)_(BC_RC_Bayesian)_(SMEAR=Smear)_(Q2_y_Bin_12)_(z_pT_Bin_10)_(MultiDim_z_pT_Bin_Y_bin_phi_t)_(Normalized)[0m (Histo Num 50368)
[91mSkipping: (MultiDim_3D_Histo)_(Bayesian)_(SMEAR=Smear)_(Q2_y_Bin_12)_(z_pT_Bin_11)_(MultiDim_z_pT_Bin_Y_bin_phi_t)_(Normalized)[0m (Histo Num 50372)
[91mSkipping: (MultiDim_3D_Histo)_(RC_Bayesian)_(SMEAR=Smear)_(Q2_y_Bin_12)_(z_pT_Bin_11)_(MultiDim_z_pT_Bin_Y_bin_phi_t)_(Normalized)[0m (Histo Num 50373)
[91mSkipping: (MultiDim_3D_Histo)_(BC_RC_Bayesian)_(SMEAR=Smear)_(Q2_y_Bin_12)_(z_pT_Bin_11)_(MultiDim_z_pT_Bin_Y_bin_phi_t)_(Normalized)[0m (Histo Num 50374)
[91mSkipping: (MultiDim_3D_Histo)_(Bayesian)_(SMEAR=Smear)_(Q2_y_Bin_12)_(z_pT_Bin_12)_(MultiDim_z_pT_Bin_Y_bin_phi_t)_(Normalized)[0m (Histo Num 50378)
[91mSkipping: (MultiDim_3D_Histo)_(RC_Bayesian)_(SMEAR=Smear)_(Q2_y_Bin_12)_(z_pT_Bin_12)_(MultiDim_z_pT_Bin_Y_bin_phi_t)_(Normalized)[0m (Histo Num 50379)
[91mSkipping: (MultiDim_3D_Histo)_(BC_RC_Bayesian)_(SMEAR=Smear)_(Q2_y_Bin_12)_(z_pT_Bin_12)_(MultiDim_z_pT_Bin_Y_bin_phi_t)_(Normalized)[0m (Histo Num 50380)
[91mSkipping: (MultiDim_3D_Histo)_(Bayesian)_(SMEAR=Smear)_(Q2_y_Bin_12)_(z_pT_Bin_13)_(MultiDim_z_pT_Bin_Y_bin_phi_t)_(Normalized)[0m (Histo Num 50384)
[91mSkipping: (MultiDim_3D_Histo)_(RC_Bayesian)_(SMEAR=Smear)_(Q2_y_Bin_12)_(z_pT_Bin_13)_(MultiDim_z_pT_Bin_Y_bin_phi_t)_(Normalized)[0m (Histo Num 50385)
[91mSkipping: (MultiDim_3D_Histo)_(BC_RC_Bayesian)_(SMEAR=Smear)_(Q2_y_Bin_12)_(z_pT_Bin_13)_(MultiDim_z_pT_Bin_Y_bin_phi_t)_(Normalized)[0m (Histo Num 50386)
[91mSkipping: (MultiDim_3D_Histo)_(Bayesian)_(SMEAR=Smear)_(Q2_y_Bin_12)_(z_pT_Bin_14)_(MultiDim_z_pT_Bin_Y_bin_phi_t)_(Normalized)[0m (Histo Num 50390)
[91mSkipping: (MultiDim_3D_Histo)_(RC_Bayesian)_(SMEAR=Smear)_(Q2_y_Bin_12)_(z_pT_Bin_14)_(MultiDim_z_pT_Bin_Y_bin_phi_t)_(Normalized)[0m (Histo Num 50391)
[91mSkipping: (MultiDim_3D_Histo)_(BC_RC_Bayesian)_(SMEAR=Smear)_(Q2_y_Bin_12)_(z_pT_Bin_14)_(MultiDim_z_pT_Bin_Y_bin_phi_t)_(Normalized)[0m (Histo Num 50392)
[91mSkipping: (MultiDim_3D_Histo)_(Bayesian)_(SMEAR=Smear)_(Q2_y_Bin_12)_(z_pT_Bin_15)_(MultiDim_z_pT_Bin_Y_bin_phi_t)_(Normalized)[0m (Histo Num 50396)
[91mSkipping: (MultiDim_3D_Histo)_(RC_Bayesian)_(SMEAR=Smear)_(Q2_y_Bin_12)_(z_pT_Bin_15)_(MultiDim_z_pT_Bin_Y_bin_phi_t)_(Normalized)[0m (Histo Num 50397)
[91mSkipping: (MultiDim_3D_Histo)_(BC_RC_Bayesian)_(SMEAR=Smear)_(Q2_y_Bin_12)_(z_pT_Bin_15)_(MultiDim_z_pT_Bin_Y_bin_phi_t)_(Normalized)[0m (Histo Num 50398)
[91mSkipping: (MultiDim_3D_Histo)_(Bayesian)_(SMEAR=Smear)_(Q2_y_Bin_12)_(z_pT_Bin_16)_(MultiDim_z_pT_Bin_Y_bin_phi_t)_(Normalized)[0m (Histo Num 50402)
[91mSkipping: (MultiDim_3D_Histo)_(RC_Bayesian)_(SMEAR=Smear)_(Q2_y_Bin_12)_(z_pT_Bin_16)_(MultiDim_z_pT_Bin_Y_bin_phi_t)_(Normalized)[0m (Histo Num 50403)
[91mSkipping: (MultiDim_3D_Histo)_(BC_RC_Bayesian)_(SMEAR=Smear)_(Q2_y_Bin_12)_(z_pT_Bin_16)_(MultiDim_z_pT_Bin_Y_bin_phi_t)_(Normalized)[0m (Histo Num 50404)
[91mSkipping: (MultiDim_3D_Histo)_(Bayesian)_(SMEAR=Smear)_(Q2_y_Bin_12)_(z_pT_Bin_17)_(MultiDim_z_pT_Bin_Y_bin_phi_t)_(Normalized)[0m (Histo Num 50408)
[91mSkipping: (MultiDim_3D_Histo)_(RC_Bayesian)_(SMEAR=Smear)_(Q2_y_Bin_12)_(z_pT_Bin_17)_(MultiDim_z_pT_Bin_Y_bin_phi_t)_(Normalized)[0m (Histo Num 50409)
[91mSkipping: (MultiDim_3D_Histo)_(BC_RC_Bayesian)_(SMEAR=Smear)_(Q2_y_Bin_12)_(z_pT_Bin_17)_(MultiDim_z_pT_Bin_Y_bin_phi_t)_(Normalized)[0m (Histo Num 50410)
[91mSkipping: (MultiDim_3D_Histo)_(Bayesian)_(SMEAR=Smear)_(Q2_y_Bin_12)_(z_pT_Bin_18)_(MultiDim_z_pT_Bin_Y_bin_phi_t)_(Normalized)[0m (Histo Num 50414)
[91mSkipping: (MultiDim_3D_Histo)_(RC_Bayesian)_(SMEAR=Smear)_(Q2_y_Bin_12)_(z_pT_Bin_18)_(MultiDim_z_pT_Bin_Y_bin_phi_t)_(Normalized)[0m (Histo Num 50415)
[91mSkipping: (MultiDim_3D_Histo)_(BC_RC_Bayesian)_(SMEAR=Smear)_(Q2_y_Bin_12)_(z_pT_Bin_18)_(MultiDim_z_pT_Bin_Y_bin_phi_t)_(Normalized)[0m (Histo Num 50416)
[91mSkipping: (MultiDim_3D_Histo)_(Bayesian)_(SMEAR=Smear)_(Q2_y_Bin_12)_(z_pT_Bin_19)_(MultiDim_z_pT_Bin_Y_bin_phi_t)_(Normalized)[0m (Histo Num 50420)
[91mSkipping: (MultiDim_3D_Histo)_(RC_Bayesian)_(SMEAR=Smear)_(Q2_y_Bin_12)_(z_pT_Bin_19)_(MultiDim_z_pT_Bin_Y_bin_phi_t)_(Normalized)[0m (Histo Num 50421)
[91mSkipping: (MultiDim_3D_Histo)_(BC_RC_Bayesian)_(SMEAR=Smear)_(Q2_y_Bin_12)_(z_pT_Bin_19)_(MultiDim_z_pT_Bin_Y_bin_phi_t)_(Normalized)[0m (Histo Num 50422)
[91mSkipping: (MultiDim_3D_Histo)_(Bayesian)_(SMEAR=Smear)_(Q2_y_Bin_12)_(z_pT_Bin_20)_(MultiDim_z_pT_Bin_Y_bin_phi_t)_(Normalized)[0m (Histo Num 50426)
[91mSkipping: (MultiDim_3D_Histo)_(RC_Bayesian)_(SMEAR=Smear)_(Q2_y_Bin_12)_(z_pT_Bin_20)_(MultiDim_z_pT_Bin_Y_bin_phi_t)_(Normalized)[0m (Histo Num 50427)
[91mSkipping: (MultiDim_3D_Histo)_(BC_RC_Bayesian)_(SMEAR=Smear)_(Q2_y_Bin_12)_(z_pT_Bin_20)_(MultiDim_z_pT_Bin_Y_bin_phi_t)_(Normalized)[0m (Histo Num 50428)
[91mSkipping: (MultiDim_3D_Histo)_(Bayesian)_(SMEAR=Smear)_(Q2_y_Bin_12)_(z_pT_Bin_21)_(MultiDim_z_pT_Bin_Y_bin_phi_t)_(Normalized)[0m (Histo Num 50432)
[91mSkipping: (MultiDim_3D_Histo)_(RC_Bayesian)_(SMEAR=Smear)_(Q2_y_Bin_12)_(z_pT_Bin_21)_(MultiDim_z_pT_Bin_Y_bin_phi_t)_(Normalized)[0m (Histo Num 50433)
[91mSkipping: (MultiDim_3D_Histo)_(BC_RC_Bayesian)_(SMEAR=Smear)_(Q2_y_Bin_12)_(z_pT_Bin_21)_(MultiDim_z_pT_Bin_Y_bin_phi_t)_(Normalized)[0m (Histo Num 50434)
[91mSkipping: (MultiDim_3D_Histo)_(Bayesian)_(SMEAR=Smear)_(Q2_y_Bin_12)_(z_pT_Bin_22)_(MultiDim_z_pT_Bin_Y_bin_phi_t)_(Normalized)[0m (Histo Num 50438)
[91mSkipping: (MultiDim_3D_Histo)_(RC_Bayesian)_(SMEAR=Smear)_(Q2_y_Bin_12)_(z_pT_Bin_22)_(MultiDim_z_pT_Bin_Y_bin_phi_t)_(Normalized)[0m (Histo Num 50439)
[91mSkipping: (MultiDim_3D_Histo)_(BC_RC_Bayesian)_(SMEAR=Smear)_(Q2_y_Bin_12)_(z_pT_Bin_22)_(MultiDim_z_pT_Bin_Y_bin_phi_t)_(Normalized)[0m (Histo Num 50440)
[91mSkipping: (MultiDim_3D_Histo)_(Bayesian)_(SMEAR=Smear)_(Q2_y_Bin_12)_(z_pT_Bin_23)_(MultiDim_z_pT_Bin_Y_bin_phi_t)_(Normalized)[0m (Histo Num 50444)
[91mSkipping: (MultiDim_3D_Histo)_(RC_Bayesian)_(SMEAR=Smear)_(Q2_y_Bin_12)_(z_pT_Bin_23)_(MultiDim_z_pT_Bin_Y_bin_phi_t)_(Normalized)[0m (Histo Num 50445)
[91mSkipping: (MultiDim_3D_Histo)_(BC_RC_Bayesian)_(SMEAR=Smear)_(Q2_y_Bin_12)_(z_pT_Bin_23)_(MultiDim_z_pT_Bin_Y_bin_phi_t)_(Normalized)[0m (Histo Num 50446)
[91mSkipping: (MultiDim_3D_Histo)_(Bayesian)_(SMEAR=Smear)_(Q2_y_Bin_12)_(z_pT_Bin_24)_(MultiDim_z_pT_Bin_Y_bin_phi_t)_(Normalized)[0m (Histo Num 50450)
[91mSkipping: (MultiDim_3D_Histo)_(RC_Bayesian)_(SMEAR=Smear)_(Q2_y_Bin_12)_(z_pT_Bin_24)_(MultiDim_z_pT_Bin_Y_bin_phi_t)_(Normalized)[0m (Histo Num 50451)
[91mSkipping: (MultiDim_3D_Histo)_(BC_RC_Bayesian)_(SMEAR=Smear)_(Q2_y_Bin_12)_(z_pT_Bin_24)_(MultiDim_z_pT_Bin_Y_bin_phi_t)_(Normalized)[0m (Histo Num 50452)
[91mSkipping: (MultiDim_3D_Histo)_(Bayesian)_(SMEAR=Smear)_(Q2_y_Bin_13)_(z_pT_Bin_1)_(MultiDim_z_pT_Bin_Y_bin_phi_t)_(Normalized)[0m (Histo Num 50456)
[91mSkipping: (MultiDim_3D_Histo)_(RC_Bayesian)_(SMEAR=Smear)_(Q2_y_Bin_13)_(z_pT_Bin_1)_(MultiDim_z_pT_Bin_Y_bin_phi_t)_(Normalized)[0m (Histo Num 50457)
[91mSkipping: (MultiDim_3D_Histo)_(BC_RC_Bayesian)_(SMEAR=Smear)_(Q2_y_Bin_13)_(z_pT_Bin_1)_(MultiDim_z_pT_Bin_Y_bin_phi_t)_(Normalized)[0m (Histo Num 50458)
[91mSkipping: (MultiDim_3D_Histo)_(Bayesian)_(SMEAR=Smear)_(Q2_y_Bin_13)_(z_pT_Bin_2)_(MultiDim_z_pT_Bin_Y_bin_phi_t)_(Normalized)[0m (Histo Num 50462)
[91mSkipping: (MultiDim_3D_Histo)_(RC_Bayesian)_(SMEAR=Smear)_(Q2_y_Bin_13)_(z_pT_Bin_2)_(MultiDim_z_pT_Bin_Y_bin_phi_t)_(Normalized)[0m (Histo Num 50463)
[91mSkipping: (MultiDim_3D_Histo)_(BC_RC_Bayesian)_(SMEAR=Smear)_(Q2_y_Bin_13)_(z_pT_Bin_2)_(MultiDim_z_pT_Bin_Y_bin_phi_t)_(Normalized)[0m (Histo Num 50464)
[91mSkipping: (MultiDim_3D_Histo)_(Bayesian)_(SMEAR=Smear)_(Q2_y_Bin_13)_(z_pT_Bin_3)_(MultiDim_z_pT_Bin_Y_bin_phi_t)_(Normalized)[0m (Histo Num 50468)
[91mSkipping: (MultiDim_3D_Histo)_(RC_Bayesian)_(SMEAR=Smear)_(Q2_y_Bin_13)_(z_pT_Bin_3)_(MultiDim_z_pT_Bin_Y_bin_phi_t)_(Normalized)[0m (Histo Num 50469)
[91mSkipping: (MultiDim_3D_Histo)_(BC_RC_Bayesian)_(SMEAR=Smear)_(Q2_y_Bin_13)_(z_pT_Bin_3)_(MultiDim_z_pT_Bin_Y_bin_phi_t)_(Normalized)[0m (Histo Num 50470)
[91mSkipping: (MultiDim_3D_Histo)_(Bayesian)_(SMEAR=Smear)_(Q2_y_Bin_13)_(z_pT_Bin_4)_(MultiDim_z_pT_Bin_Y_bin_phi_t)_(Normalized)[0m (Histo Num 50474)
[91mSkipping: (MultiDim_3D_Histo)_(RC_Bayesian)_(SMEAR=Smear)_(Q2_y_Bin_13)_(z_pT_Bin_4)_(MultiDim_z_pT_Bin_Y_bin_phi_t)_(Normalized)[0m (Histo Num 50475)
[91mSkipping: (MultiDim_3D_Histo)_(BC_RC_Bayesian)_(SMEAR=Smear)_(Q2_y_Bin_13)_(z_pT_Bin_4)_(MultiDim_z_pT_Bin_Y_bin_phi_t)_(Normalized)[0m (Histo Num 50476)
[91mSkipping: (MultiDim_3D_Histo)_(Bayesian)_(SMEAR=Smear)_(Q2_y_Bin_13)_(z_pT_Bin_5)_(MultiDim_z_pT_Bin_Y_bin_phi_t)_(Normalized)[0m (Histo Num 50480)
[91mSkipping: (MultiDim_3D_Histo)_(RC_Bayesian)_(SMEAR=Smear)_(Q2_y_Bin_13)_(z_pT_Bin_5)_(MultiDim_z_pT_Bin_Y_bin_phi_t)_(Normalized)[0m (Histo Num 50481)
[91mSkipping: (MultiDim_3D_Histo)_(BC_RC_Bayesian)_(SMEAR=Smear)_(Q2_y_Bin_13)_(z_pT_Bin_5)_(MultiDim_z_pT_Bin_Y_bin_phi_t)_(Normalized)[0m (Histo Num 50482)
[91mSkipping: (MultiDim_3D_Histo)_(Bayesian)_(SMEAR=Smear)_(Q2_y_Bin_13)_(z_pT_Bin_6)_(MultiDim_z_pT_Bin_Y_bin_phi_t)_(Normalized)[0m (Histo Num 50486)
[91mSkipping: (MultiDim_3D_Histo)_(RC_Bayesian)_(SMEAR=Smear)_(Q2_y_Bin_13)_(z_pT_Bin_6)_(MultiDim_z_pT_Bin_Y_bin_phi_t)_(Normalized)[0m (Histo Num 50487)
[91mSkipping: (MultiDim_3D_Histo)_(BC_RC_Bayesian)_(SMEAR=Smear)_(Q2_y_Bin_13)_(z_pT_Bin_6)_(MultiDim_z_pT_Bin_Y_bin_phi_t)_(Normalized)[0m (Histo Num 50488)
[91mSkipping: (MultiDim_3D_Histo)_(Bayesian)_(SMEAR=Smear)_(Q2_y_Bin_13)_(z_pT_Bin_7)_(MultiDim_z_pT_Bin_Y_bin_phi_t)_(Normalized)[0m (Histo Num 50492)
[91mSkipping: (MultiDim_3D_Histo)_(RC_Bayesian)_(SMEAR=Smear)_(Q2_y_Bin_13)_(z_pT_Bin_7)_(MultiDim_z_pT_Bin_Y_bin_phi_t)_(Normalized)[0m (Histo Num 50493)
[91mSkipping: (MultiDim_3D_Histo)_(BC_RC_Bayesian)_(SMEAR=Smear)_(Q2_y_Bin_13)_(z_pT_Bin_7)_(MultiDim_z_pT_Bin_Y_bin_phi_t)_(Normalized)[0m (Histo Num 50494)
[91mSkipping: (MultiDim_3D_Histo)_(Bayesian)_(SMEAR=Smear)_(Q2_y_Bin_13)_(z_pT_Bin_8)_(MultiDim_z_pT_Bin_Y_bin_phi_t)_(Normalized)[0m (Histo Num 50498)
[91mSkipping: (MultiDim_3D_Histo)_(RC_Bayesian)_(SMEAR=Smear)_(Q2_y_Bin_13)_(z_pT_Bin_8)_(MultiDim_z_pT_Bin_Y_bin_phi_t)_(Normalized)[0m (Histo Num 50499)
[91mSkipping: (MultiDim_3D_Histo)_(BC_RC_Bayesian)_(SMEAR=Smear)_(Q2_y_Bin_13)_(z_pT_Bin_8)_(MultiDim_z_pT_Bin_Y_bin_phi_t)_(Normalized)[0m (Histo Num 50500)
[91mSkipping: (MultiDim_3D_Histo)_(Bayesian)_(SMEAR=Smear)_(Q2_y_Bin_13)_(z_pT_Bin_9)_(MultiDim_z_pT_Bin_Y_bin_phi_t)_(Normalized)[0m (Histo Num 50504)
[91mSkipping: (MultiDim_3D_Histo)_(RC_Bayesian)_(SMEAR=Smear)_(Q2_y_Bin_13)_(z_pT_Bin_9)_(MultiDim_z_pT_Bin_Y_bin_phi_t)_(Normalized)[0m (Histo Num 50505)
[91mSkipping: (MultiDim_3D_Histo)_(BC_RC_Bayesian)_(SMEAR=Smear)_(Q2_y_Bin_13)_(z_pT_Bin_9)_(MultiDim_z_pT_Bin_Y_bin_phi_t)_(Normalized)[0m (Histo Num 50506)
[91mSkipping: (MultiDim_3D_Histo)_(Bayesian)_(SMEAR=Smear)_(Q2_y_Bin_13)_(z_pT_Bin_10)_(MultiDim_z_pT_Bin_Y_bin_phi_t)_(Normalized)[0m (Histo Num 50510)
[91mSkipping: (MultiDim_3D_Histo)_(RC_Bayesian)_(SMEAR=Smear)_(Q2_y_Bin_13)_(z_pT_Bin_10)_(MultiDim_z_pT_Bin_Y_bin_phi_t)_(Normalized)[0m (Histo Num 50511)
[91mSkipping: (MultiDim_3D_Histo)_(BC_RC_Bayesian)_(SMEAR=Smear)_(Q2_y_Bin_13)_(z_pT_Bin_10)_(MultiDim_z_pT_Bin_Y_bin_phi_t)_(Normalized)[0m (Histo Num 50512)
[91mSkipping: (MultiDim_3D_Histo)_(Bayesian)_(SMEAR=Smear)_(Q2_y_Bin_13)_(z_pT_Bin_11)_(MultiDim_z_pT_Bin_Y_bin_phi_t)_(Normalized)[0m (Histo Num 50516)
[91mSkipping: (MultiDim_3D_Histo)_(RC_Bayesian)_(SMEAR=Smear)_(Q2_y_Bin_13)_(z_pT_Bin_11)_(MultiDim_z_pT_Bin_Y_bin_phi_t)_(Normalized)[0m (Histo Num 50517)
[91mSkipping: (MultiDim_3D_Histo)_(BC_RC_Bayesian)_(SMEAR=Smear)_(Q2_y_Bin_13)_(z_pT_Bin_11)_(MultiDim_z_pT_Bin_Y_bin_phi_t)_(Normalized)[0m (Histo Num 50518)
[91mSkipping: (MultiDim_3D_Histo)_(Bayesian)_(SMEAR=Smear)_(Q2_y_Bin_13)_(z_pT_Bin_12)_(MultiDim_z_pT_Bin_Y_bin_phi_t)_(Normalized)[0m (Histo Num 50522)
[91mSkipping: (MultiDim_3D_Histo)_(RC_Bayesian)_(SMEAR=Smear)_(Q2_y_Bin_13)_(z_pT_Bin_12)_(MultiDim_z_pT_Bin_Y_bin_phi_t)_(Normalized)[0m (Histo Num 50523)
[91mSkipping: (MultiDim_3D_Histo)_(BC_RC_Bayesian)_(SMEAR=Smear)_(Q2_y_Bin_13)_(z_pT_Bin_12)_(MultiDim_z_pT_Bin_Y_bin_phi_t)_(Normalized)[0m (Histo Num 50524)
[91mSkipping: (MultiDim_3D_Histo)_(Bayesian)_(SMEAR=Smear)_(Q2_y_Bin_13)_(z_pT_Bin_13)_(MultiDim_z_pT_Bin_Y_bin_phi_t)_(Normalized)[0m (Histo Num 50528)
[91mSkipping: (MultiDim_3D_Histo)_(RC_Bayesian)_(SMEAR=Smear)_(Q2_y_Bin_13)_(z_pT_Bin_13)_(MultiDim_z_pT_Bin_Y_bin_phi_t)_(Normalized)[0m (Histo Num 50529)
[91mSkipping: (MultiDim_3D_Histo)_(BC_RC_Bayesian)_(SMEAR=Smear)_(Q2_y_Bin_13)_(z_pT_Bin_13)_(MultiDim_z_pT_Bin_Y_bin_phi_t)_(Normalized)[0m (Histo Num 50530)
[91mSkipping: (MultiDim_3D_Histo)_(Bayesian)_(SMEAR=Smear)_(Q2_y_Bin_13)_(z_pT_Bin_14)_(MultiDim_z_pT_Bin_Y_bin_phi_t)_(Normalized)[0m (Histo Num 50534)
[91mSkipping: (MultiDim_3D_Histo)_(RC_Bayesian)_(SMEAR=Smear)_(Q2_y_Bin_13)_(z_pT_Bin_14)_(MultiDim_z_pT_Bin_Y_bin_phi_t)_(Normalized)[0m (Histo Num 50535)
[91mSkipping: (MultiDim_3D_Histo)_(BC_RC_Bayesian)_(SMEAR=Smear)_(Q2_y_Bin_13)_(z_pT_Bin_14)_(MultiDim_z_pT_Bin_Y_bin_phi_t)_(Normalized)[0m (Histo Num 50536)
[91mSkipping: (MultiDim_3D_Histo)_(Bayesian)_(SMEAR=Smear)_(Q2_y_Bin_13)_(z_pT_Bin_15)_(MultiDim_z_pT_Bin_Y_bin_phi_t)_(Normalized)[0m (Histo Num 50540)
[91mSkipping: (MultiDim_3D_Histo)_(RC_Bayesian)_(SMEAR=Smear)_(Q2_y_Bin_13)_(z_pT_Bin_15)_(MultiDim_z_pT_Bin_Y_bin_phi_t)_(Normalized)[0m (Histo Num 50541)
[91mSkipping: (MultiDim_3D_Histo)_(BC_RC_Bayesian)_(SMEAR=Smear)_(Q2_y_Bin_13)_(z_pT_Bin_15)_(MultiDim_z_pT_Bin_Y_bin_phi_t)_(Normalized)[0m (Histo Num 50542)
[91mSkipping: (MultiDim_3D_Histo)_(Bayesian)_(SMEAR=Smear)_(Q2_y_Bin_13)_(z_pT_Bin_16)_(MultiDim_z_pT_Bin_Y_bin_phi_t)_(Normalized)[0m (Histo Num 50546)
[91mSkipping: (MultiDim_3D_Histo)_(RC_Bayesian)_(SMEAR=Smear)_(Q2_y_Bin_13)_(z_pT_Bin_16)_(MultiDim_z_pT_Bin_Y_bin_phi_t)_(Normalized)[0m (Histo Num 50547)
[91mSkipping: (MultiDim_3D_Histo)_(BC_RC_Bayesian)_(SMEAR=Smear)_(Q2_y_Bin_13)_(z_pT_Bin_16)_(MultiDim_z_pT_Bin_Y_bin_phi_t)_(Normalized)[0m (Histo Num 50548)
[91mSkipping: (MultiDim_3D_Histo)_(Bayesian)_(SMEAR=Smear)_(Q2_y_Bin_13)_(z_pT_Bin_17)_(MultiDim_z_pT_Bin_Y_bin_phi_t)_(Normalized)[0m (Histo Num 50552)
[91mSkipping: (MultiDim_3D_Histo)_(RC_Bayesian)_(SMEAR=Smear)_(Q2_y_Bin_13)_(z_pT_Bin_17)_(MultiDim_z_pT_Bin_Y_bin_phi_t)_(Normalized)[0m (Histo Num 50553)
[91mSkipping: (MultiDim_3D_Histo)_(BC_RC_Bayesian)_(SMEAR=Smear)_(Q2_y_Bin_13)_(z_pT_Bin_17)_(MultiDim_z_pT_Bin_Y_bin_phi_t)_(Normalized)[0m (Histo Num 50554)
[91mSkipping: (MultiDim_3D_Histo)_(Bayesian)_(SMEAR=Smear)_(Q2_y_Bin_13)_(z_pT_Bin_18)_(MultiDim_z_pT_Bin_Y_bin_phi_t)_(Normalized)[0m (Histo Num 50558)
[91mSkipping: (MultiDim_3D_Histo)_(RC_Bayesian)_(SMEAR=Smear)_(Q2_y_Bin_13)_(z_pT_Bin_18)_(MultiDim_z_pT_Bin_Y_bin_phi_t)_(Normalized)[0m (Histo Num 50559)
[91mSkipping: (MultiDim_3D_Histo)_(BC_RC_Bayesian)_(SMEAR=Smear)_(Q2_y_Bin_13)_(z_pT_Bin_18)_(MultiDim_z_pT_Bin_Y_bin_phi_t)_(Normalized)[0m (Histo Num 50560)
[91mSkipping: (MultiDim_3D_Histo)_(Bayesian)_(SMEAR=Smear)_(Q2_y_Bin_13)_(z_pT_Bin_19)_(MultiDim_z_pT_Bin_Y_bin_phi_t)_(Normalized)[0m (Histo Num 50564)
[91mSkipping: (MultiDim_3D_Histo)_(RC_Bayesian)_(SMEAR=Smear)_(Q2_y_Bin_13)_(z_pT_Bin_19)_(MultiDim_z_pT_Bin_Y_bin_phi_t)_(Normalized)[0m (Histo Num 50565)
[91mSkipping: (MultiDim_3D_Histo)_(BC_RC_Bayesian)_(SMEAR=Smear)_(Q2_y_Bin_13)_(z_pT_Bin_19)_(MultiDim_z_pT_Bin_Y_bin_phi_t)_(Normalized)[0m (Histo Num 50566)
[91mSkipping: (MultiDim_3D_Histo)_(Bayesian)_(SMEAR=Smear)_(Q2_y_Bin_13)_(z_pT_Bin_21)_(MultiDim_z_pT_Bin_Y_bin_phi_t)_(Normalized)[0m (Histo Num 50570)
[91mSkipping: (MultiDim_3D_Histo)_(RC_Bayesian)_(SMEAR=Smear)_(Q2_y_Bin_13)_(z_pT_Bin_21)_(MultiDim_z_pT_Bin_Y_bin_phi_t)_(Normalized)[0m (Histo Num 50571)
[91mSkipping: (MultiDim_3D_Histo)_(BC_RC_Bayesian)_(SMEAR=Smear)_(Q2_y_Bin_13)_(z_pT_Bin_21)_(MultiDim_z_pT_Bin_Y_bin_phi_t)_(Normalized)[0m (Histo Num 50572)
[91mSkipping: (MultiDim_3D_Histo)_(Bayesian)_(SMEAR=Smear)_(Q2_y_Bin_13)_(z_pT_Bin_22)_(MultiDim_z_pT_Bin_Y_bin_phi_t)_(Normalized)[0m (Histo Num 50576)
[91mSkipping: (MultiDim_3D_Histo)_(RC_Bayesian)_(SMEAR=Smear)_(Q2_y_Bin_13)_(z_pT_Bin_22)_(MultiDim_z_pT_Bin_Y_bin_phi_t)_(Normalized)[0m (Histo Num 50577)
[91mSkipping: (MultiDim_3D_Histo)_(BC_RC_Bayesian)_(SMEAR=Smear)_(Q2_y_Bin_13)_(z_pT_Bin_22)_(MultiDim_z_pT_Bin_Y_bin_phi_t)_(Normalized)[0m (Histo Num 50578)
[91mSkipping: (MultiDim_3D_Histo)_(Bayesian)_(SMEAR=Smear)_(Q2_y_Bin_13)_(z_pT_Bin_23)_(MultiDim_z_pT_Bin_Y_bin_phi_t)_(Normalized)[0m (Histo Num 50582)
[91mSkipping: (MultiDim_3D_Histo)_(RC_Bayesian)_(SMEAR=Smear)_(Q2_y_Bin_13)_(z_pT_Bin_23)_(MultiDim_z_pT_Bin_Y_bin_phi_t)_(Normalized)[0m (Histo Num 50583)
[91mSkipping: (MultiDim_3D_Histo)_(BC_RC_Bayesian)_(SMEAR=Smear)_(Q2_y_Bin_13)_(z_pT_Bin_23)_(MultiDim_z_pT_Bin_Y_bin_phi_t)_(Normalized)[0m (Histo Num 50584)
[91mSkipping: (MultiDim_3D_Histo)_(Bayesian)_(SMEAR=Smear)_(Q2_y_Bin_13)_(z_pT_Bin_24)_(MultiDim_z_pT_Bin_Y_bin_phi_t)_(Normalized)[0m (Histo Num 50588)
[91mSkipping: (MultiDim_3D_Histo)_(RC_Bayesian)_(SMEAR=Smear)_(Q2_y_Bin_13)_(z_pT_Bin_24)_(MultiDim_z_pT_Bin_Y_bin_phi_t)_(Normalized)[0m (Histo Num 50589)
[91mSkipping: (MultiDim_3D_Histo)_(BC_RC_Bayesian)_(SMEAR=Smear)_(Q2_y_Bin_13)_(z_pT_Bin_24)_(MultiDim_z_pT_Bin_Y_bin_phi_t)_(Normalized)[0m (Histo Num 50590)
[91mSkipping: (MultiDim_3D_Histo)_(Bayesian)_(SMEAR=Smear)_(Q2_y_Bin_13)_(z_pT_Bin_26)_(MultiDim_z_pT_Bin_Y_bin_phi_t)_(Normalized)[0m (Histo Num 50594)
[91mSkipping: (MultiDim_3D_Histo)_(RC_Bayesian)_(SMEAR=Smear)_(Q2_y_Bin_13)_(z_pT_Bin_26)_(MultiDim_z_pT_Bin_Y_bin_phi_t)_(Normalized)[0m (Histo Num 50595)
[91mSkipping: (MultiDim_3D_Histo)_(BC_RC_Bayesian)_(SMEAR=Smear)_(Q2_y_Bin_13)_(z_pT_Bin_26)_(MultiDim_z_pT_Bin_Y_bin_phi_t)_(Normalized)[0m (Histo Num 50596)
[91mSkipping: (MultiDim_3D_Histo)_(Bayesian)_(SMEAR=Smear)_(Q2_y_Bin_13)_(z_pT_Bin_27)_(MultiDim_z_pT_Bin_Y_bin_phi_t)_(Normalized)[0m (Histo Num 50600)
[91mSkipping: (MultiDim_3D_Histo)_(RC_Bayesian)_(SMEAR=Smear)_(Q2_y_Bin_13)_(z_pT_Bin_27)_(MultiDim_z_pT_Bin_Y_bin_phi_t)_(Normalized)[0m (Histo Num 50601)
[91mSkipping: (MultiDim_3D_Histo)_(BC_RC_Bayesian)_(SMEAR=Smear)_(Q2_y_Bin_13)_(z_pT_Bin_27)_(MultiDim_z_pT_Bin_Y_bin_phi_t)_(Normalized)[0m (Histo Num 50602)
[91mSkipping: (MultiDim_3D_Histo)_(Bayesian)_(SMEAR=Smear)_(Q2_y_Bin_13)_(z_pT_Bin_28)_(MultiDim_z_pT_Bin_Y_bin_phi_t)_(Normalized)[0m (Histo Num 50606)
[91mSkipping: (MultiDim_3D_Histo)_(RC_Bayesian)_(SMEAR=Smear)_(Q2_y_Bin_13)_(z_pT_Bin_28)_(MultiDim_z_pT_Bin_Y_bin_phi_t)_(Normalized)[0m (Histo Num 50607)
[91mSkipping: (MultiDim_3D_Histo)_(BC_RC_Bayesian)_(SMEAR=Smear)_(Q2_y_Bin_13)_(z_pT_Bin_28)_(MultiDim_z_pT_Bin_Y_bin_phi_t)_(Normalized)[0m (Histo Num 50608)
[91mSkipping: (MultiDim_3D_Histo)_(Bayesian)_(SMEAR=Smear)_(Q2_y_Bin_14)_(z_pT_Bin_1)_(MultiDim_z_pT_Bin_Y_bin_phi_t)_(Normalized)[0m (Histo Num 50612)
[91mSkipping: (MultiDim_3D_Histo)_(RC_Bayesian)_(SMEAR=Smear)_(Q2_y_Bin_14)_(z_pT_Bin_1)_(MultiDim_z_pT_Bin_Y_bin_phi_t)_(Normalized)[0m (Histo Num 50613)
[91mSkipping: (MultiDim_3D_Histo)_(BC_RC_Bayesian)_(SMEAR=Smear)_(Q2_y_Bin_14)_(z_pT_Bin_1)_(MultiDim_z_pT_Bin_Y_bin_phi_t)_(Normalized)[0m (Histo Num 50614)
[91mSkipping: (MultiDim_3D_Histo)_(Bayesian)_(SMEAR=Smear)_(Q2_y_Bin_14)_(z_pT_Bin_2)_(MultiDim_z_pT_Bin_Y_bin_phi_t)_(Normalized)[0m (Histo Num 50618)
[91mSkipping: (MultiDim_3D_Histo)_(RC_Bayesian)_(SMEAR=Smear)_(Q2_y_Bin_14)_(z_pT_Bin_2)_(MultiDim_z_pT_Bin_Y_bin_phi_t)_(Normalized)[0m (Histo Num 50619)
[91mSkipping: (MultiDim_3D_Histo)_(BC_RC_Bayesian)_(SMEAR=Smear)_(Q2_y_Bin_14)_(z_pT_Bin_2)_(MultiDim_z_pT_Bin_Y_bin_phi_t)_(Normalized)[0m (Histo Num 50620)
[91mSkipping: (MultiDim_3D_Histo)_(Bayesian)_(SMEAR=Smear)_(Q2_y_Bin_14)_(z_pT_Bin_3)_(MultiDim_z_pT_Bin_Y_bin_phi_t)_(Normalized)[0m (Histo Num 50624)
[91mSkipping: (MultiDim_3D_Histo)_(RC_Bayesian)_(SMEAR=Smear)_(Q2_y_Bin_14)_(z_pT_Bin_3)_(MultiDim_z_pT_Bin_Y_bin_phi_t)_(Normalized)[0m (Histo Num 50625)
[91mSkipping: (MultiDim_3D_Histo)_(BC_RC_Bayesian)_(SMEAR=Smear)_(Q2_y_Bin_14)_(z_pT_Bin_3)_(MultiDim_z_pT_Bin_Y_bin_phi_t)_(Normalized)[0m (Histo Num 50626)
[91mSkipping: (MultiDim_3D_Histo)_(Bayesian)_(SMEAR=Smear)_(Q2_y_Bin_14)_(z_pT_Bin_4)_(MultiDim_z_pT_Bin_Y_bin_phi_t)_(Normalized)[0m (Histo Num 50630)
[91mSkipping: (MultiDim_3D_Histo)_(RC_Bayesian)_(SMEAR=Smear)_(Q2_y_Bin_14)_(z_pT_Bin_4)_(MultiDim_z_pT_Bin_Y_bin_phi_t)_(Normalized)[0m (Histo Num 50631)
[91mSkipping: (MultiDim_3D_Histo)_(BC_RC_Bayesian)_(SMEAR=Smear)_(Q2_y_Bin_14)_(z_pT_Bin_4)_(MultiDim_z_pT_Bin_Y_bin_phi_t)_(Normalized)[0m (Histo Num 50632)
[91mSkipping: (MultiDim_3D_Histo)_(Bayesian)_(SMEAR=Smear)_(Q2_y_Bin_14)_(z_pT_Bin_5)_(MultiDim_z_pT_Bin_Y_bin_phi_t)_(Normalized)[0m (Histo Num 50636)
[91mSkipping: (MultiDim_3D_Histo)_(RC_Bayesian)_(SMEAR=Smear)_(Q2_y_Bin_14)_(z_pT_Bin_5)_(MultiDim_z_pT_Bin_Y_bin_phi_t)_(Normalized)[0m (Histo Num 50637)
[91mSkipping: (MultiDim_3D_Histo)_(BC_RC_Bayesian)_(SMEAR=Smear)_(Q2_y_Bin_14)_(z_pT_Bin_5)_(MultiDim_z_pT_Bin_Y_bin_phi_t)_(Normalized)[0m (Histo Num 50638)
[91mSkipping: (MultiDim_3D_Histo)_(Bayesian)_(SMEAR=Smear)_(Q2_y_Bin_14)_(z_pT_Bin_7)_(MultiDim_z_pT_Bin_Y_bin_phi_t)_(Normalized)[0m (Histo Num 50642)
[91mSkipping: (MultiDim_3D_Histo)_(RC_Bayesian)_(SMEAR=Smear)_(Q2_y_Bin_14)_(z_pT_Bin_7)_(MultiDim_z_pT_Bin_Y_bin_phi_t)_(Normalized)[0m (Histo Num 50643)
[91mSkipping: (MultiDim_3D_Histo)_(BC_RC_Bayesian)_(SMEAR=Smear)_(Q2_y_Bin_14)_(z_pT_Bin_7)_(MultiDim_z_pT_Bin_Y_bin_phi_t)_(Normalized)[0m (Histo Num 50644)
[91mSkipping: (MultiDim_3D_Histo)_(Bayesian)_(SMEAR=Smear)_(Q2_y_Bin_14)_(z_pT_Bin_8)_(MultiDim_z_pT_Bin_Y_bin_phi_t)_(Normalized)[0m (Histo Num 50648)
[91mSkipping: (MultiDim_3D_Histo)_(RC_Bayesian)_(SMEAR=Smear)_(Q2_y_Bin_14)_(z_pT_Bin_8)_(MultiDim_z_pT_Bin_Y_bin_phi_t)_(Normalized)[0m (Histo Num 50649)
[91mSkipping: (MultiDim_3D_Histo)_(BC_RC_Bayesian)_(SMEAR=Smear)_(Q2_y_Bin_14)_(z_pT_Bin_8)_(MultiDim_z_pT_Bin_Y_bin_phi_t)_(Normalized)[0m (Histo Num 50650)
[91mSkipping: (MultiDim_3D_Histo)_(Bayesian)_(SMEAR=Smear)_(Q2_y_Bin_14)_(z_pT_Bin_9)_(MultiDim_z_pT_Bin_Y_bin_phi_t)_(Normalized)[0m (Histo Num 50654)
[91mSkipping: (MultiDim_3D_Histo)_(RC_Bayesian)_(SMEAR=Smear)_(Q2_y_Bin_14)_(z_pT_Bin_9)_(MultiDim_z_pT_Bin_Y_bin_phi_t)_(Normalized)[0m (Histo Num 50655)
[91mSkipping: (MultiDim_3D_Histo)_(BC_RC_Bayesian)_(SMEAR=Smear)_(Q2_y_Bin_14)_(z_pT_Bin_9)_(MultiDim_z_pT_Bin_Y_bin_phi_t)_(Normalized)[0m (Histo Num 50656)
[91mSkipping: (MultiDim_3D_Histo)_(Bayesian)_(SMEAR=Smear)_(Q2_y_Bin_14)_(z_pT_Bin_10)_(MultiDim_z_pT_Bin_Y_bin_phi_t)_(Normalized)[0m (Histo Num 50660)
[91mSkipping: (MultiDim_3D_Histo)_(RC_Bayesian)_(SMEAR=Smear)_(Q2_y_Bin_14)_(z_pT_Bin_10)_(MultiDim_z_pT_Bin_Y_bin_phi_t)_(Normalized)[0m (Histo Num 50661)
[91mSkipping: (MultiDim_3D_Histo)_(BC_RC_Bayesian)_(SMEAR=Smear)_(Q2_y_Bin_14)_(z_pT_Bin_10)_(MultiDim_z_pT_Bin_Y_bin_phi_t)_(Normalized)[0m (Histo Num 50662)
[91mSkipping: (MultiDim_3D_Histo)_(Bayesian)_(SMEAR=Smear)_(Q2_y_Bin_14)_(z_pT_Bin_11)_(MultiDim_z_pT_Bin_Y_bin_phi_t)_(Normalized)[0m (Histo Num 50666)
[91mSkipping: (MultiDim_3D_Histo)_(RC_Bayesian)_(SMEAR=Smear)_(Q2_y_Bin_14)_(z_pT_Bin_11)_(MultiDim_z_pT_Bin_Y_bin_phi_t)_(Normalized)[0m (Histo Num 50667)
[91mSkipping: (MultiDim_3D_Histo)_(BC_RC_Bayesian)_(SMEAR=Smear)_(Q2_y_Bin_14)_(z_pT_Bin_11)_(MultiDim_z_pT_Bin_Y_bin_phi_t)_(Normalized)[0m (Histo Num 50668)
[91mSkipping: (MultiDim_3D_Histo)_(Bayesian)_(SMEAR=Smear)_(Q2_y_Bin_14)_(z_pT_Bin_12)_(MultiDim_z_pT_Bin_Y_bin_phi_t)_(Normalized)[0m (Histo Num 50672)
[91mSkipping: (MultiDim_3D_Histo)_(RC_Bayesian)_(SMEAR=Smear)_(Q2_y_Bin_14)_(z_pT_Bin_12)_(MultiDim_z_pT_Bin_Y_bin_phi_t)_(Normalized)[0m (Histo Num 50673)
[91mSkipping: (MultiDim_3D_Histo)_(BC_RC_Bayesian)_(SMEAR=Smear)_(Q2_y_Bin_14)_(z_pT_Bin_12)_(MultiDim_z_pT_Bin_Y_bin_phi_t)_(Normalized)[0m (Histo Num 50674)
[91mSkipping: (MultiDim_3D_Histo)_(Bayesian)_(SMEAR=Smear)_(Q2_y_Bin_14)_(z_pT_Bin_13)_(MultiDim_z_pT_Bin_Y_bin_phi_t)_(Normalized)[0m (Histo Num 50678)
[91mSkipping: (MultiDim_3D_Histo)_(RC_Bayesian)_(SMEAR=Smear)_(Q2_y_Bin_14)_(z_pT_Bin_13)_(MultiDim_z_pT_Bin_Y_bin_phi_t)_(Normalized)[0m (Histo Num 50679)
[91mSkipping: (MultiDim_3D_Histo)_(BC_RC_Bayesian)_(SMEAR=Smear)_(Q2_y_Bin_14)_(z_pT_Bin_13)_(MultiDim_z_pT_Bin_Y_bin_phi_t)_(Normalized)[0m (Histo Num 50680)
[91mSkipping: (MultiDim_3D_Histo)_(Bayesian)_(SMEAR=Smear)_(Q2_y_Bin_14)_(z_pT_Bin_14)_(MultiDim_z_pT_Bin_Y_bin_phi_t)_(Normalized)[0m (Histo Num 50684)
[91mSkipping: (MultiDim_3D_Histo)_(RC_Bayesian)_(SMEAR=Smear)_(Q2_y_Bin_14)_(z_pT_Bin_14)_(MultiDim_z_pT_Bin_Y_bin_phi_t)_(Normalized)[0m (Histo Num 50685)
[91mSkipping: (MultiDim_3D_Histo)_(BC_RC_Bayesian)_(SMEAR=Smear)_(Q2_y_Bin_14)_(z_pT_Bin_14)_(MultiDim_z_pT_Bin_Y_bin_phi_t)_(Normalized)[0m (Histo Num 50686)
[91mSkipping: (MultiDim_3D_Histo)_(Bayesian)_(SMEAR=Smear)_(Q2_y_Bin_14)_(z_pT_Bin_15)_(MultiDim_z_pT_Bin_Y_bin_phi_t)_(Normalized)[0m (Histo Num 50690)
[91mSkipping: (MultiDim_3D_Histo)_(RC_Bayesian)_(SMEAR=Smear)_(Q2_y_Bin_14)_(z_pT_Bin_15)_(MultiDim_z_pT_Bin_Y_bin_phi_t)_(Normalized)[0m (Histo Num 50691)
[91mSkipping: (MultiDim_3D_Histo)_(BC_RC_Bayesian)_(SMEAR=Smear)_(Q2_y_Bin_14)_(z_pT_Bin_15)_(MultiDim_z_pT_Bin_Y_bin_phi_t)_(Normalized)[0m (Histo Num 50692)
[91mSkipping: (MultiDim_3D_Histo)_(Bayesian)_(SMEAR=Smear)_(Q2_y_Bin_14)_(z_pT_Bin_16)_(MultiDim_z_pT_Bin_Y_bin_phi_t)_(Normalized)[0m (Histo Num 50696)
[91mSkipping: (MultiDim_3D_Histo)_(RC_Bayesian)_(SMEAR=Smear)_(Q2_y_Bin_14)_(z_pT_Bin_16)_(MultiDim_z_pT_Bin_Y_bin_phi_t)_(Normalized)[0m (Histo Num 50697)
[91mSkipping: (MultiDim_3D_Histo)_(BC_RC_Bayesian)_(SMEAR=Smear)_(Q2_y_Bin_14)_(z_pT_Bin_16)_(MultiDim_z_pT_Bin_Y_bin_phi_t)_(Normalized)[0m (Histo Num 50698)
[91mSkipping: (MultiDim_3D_Histo)_(Bayesian)_(SMEAR=Smear)_(Q2_y_Bin_14)_(z_pT_Bin_17)_(MultiDim_z_pT_Bin_Y_bin_phi_t)_(Normalized)[0m (Histo Num 50702)
[91mSkipping: (MultiDim_3D_Histo)_(RC_Bayesian)_(SMEAR=Smear)_(Q2_y_Bin_14)_(z_pT_Bin_17)_(MultiDim_z_pT_Bin_Y_bin_phi_t)_(Normalized)[0m (Histo Num 50703)
[91mSkipping: (MultiDim_3D_Histo)_(BC_RC_Bayesian)_(SMEAR=Smear)_(Q2_y_Bin_14)_(z_pT_Bin_17)_(MultiDim_z_pT_Bin_Y_bin_phi_t)_(Normalized)[0m (Histo Num 50704)
[91mSkipping: (MultiDim_3D_Histo)_(Bayesian)_(SMEAR=Smear)_(Q2_y_Bin_14)_(z_pT_Bin_18)_(MultiDim_z_pT_Bin_Y_bin_phi_t)_(Normalized)[0m (Histo Num 50708)
[91mSkipping: (MultiDim_3D_Histo)_(RC_Bayesian)_(SMEAR=Smear)_(Q2_y_Bin_14)_(z_pT_Bin_18)_(MultiDim_z_pT_Bin_Y_bin_phi_t)_(Normalized)[0m (Histo Num 50709)
[91mSkipping: (MultiDim_3D_Histo)_(BC_RC_Bayesian)_(SMEAR=Smear)_(Q2_y_Bin_14)_(z_pT_Bin_18)_(MultiDim_z_pT_Bin_Y_bin_phi_t)_(Normalized)[0m (Histo Num 50710)
[91mSkipping: (MultiDim_3D_Histo)_(Bayesian)_(SMEAR=Smear)_(Q2_y_Bin_14)_(z_pT_Bin_19)_(MultiDim_z_pT_Bin_Y_bin_phi_t)_(Normalized)[0m (Histo Num 50714)
[91mSkipping: (MultiDim_3D_Histo)_(RC_Bayesian)_(SMEAR=Smear)_(Q2_y_Bin_14)_(z_pT_Bin_19)_(MultiDim_z_pT_Bin_Y_bin_phi_t)_(Normalized)[0m (Histo Num 50715)
[91mSkipping: (MultiDim_3D_Histo)_(BC_RC_Bayesian)_(SMEAR=Smear)_(Q2_y_Bin_14)_(z_pT_Bin_19)_(MultiDim_z_pT_Bin_Y_bin_phi_t)_(Normalized)[0m (Histo Num 50716)
[91mSkipping: (MultiDim_3D_Histo)_(Bayesian)_(SMEAR=Smear)_(Q2_y_Bin_14)_(z_pT_Bin_20)_(MultiDim_z_pT_Bin_Y_bin_phi_t)_(Normalized)[0m (Histo Num 50720)
[91mSkipping: (MultiDim_3D_Histo)_(RC_Bayesian)_(SMEAR=Smear)_(Q2_y_Bin_14)_(z_pT_Bin_20)_(MultiDim_z_pT_Bin_Y_bin_phi_t)_(Normalized)[0m (Histo Num 50721)
[91mSkipping: (MultiDim_3D_Histo)_(BC_RC_Bayesian)_(SMEAR=Smear)_(Q2_y_Bin_14)_(z_pT_Bin_20)_(MultiDim_z_pT_Bin_Y_bin_phi_t)_(Normalized)[0m (Histo Num 50722)
[91mSkipping: (MultiDim_3D_Histo)_(Bayesian)_(SMEAR=Smear)_(Q2_y_Bin_14)_(z_pT_Bin_21)_(MultiDim_z_pT_Bin_Y_bin_phi_t)_(Normalized)[0m (Histo Num 50726)
[91mSkipping: (MultiDim_3D_Histo)_(RC_Bayesian)_(SMEAR=Smear)_(Q2_y_Bin_14)_(z_pT_Bin_21)_(MultiDim_z_pT_Bin_Y_bin_phi_t)_(Normalized)[0m (Histo Num 50727)
[91mSkipping: (MultiDim_3D_Histo)_(BC_RC_Bayesian)_(SMEAR=Smear)_(Q2_y_Bin_14)_(z_pT_Bin_21)_(MultiDim_z_pT_Bin_Y_bin_phi_t)_(Normalized)[0m (Histo Num 50728)
[91mSkipping: (MultiDim_3D_Histo)_(Bayesian)_(SMEAR=Smear)_(Q2_y_Bin_14)_(z_pT_Bin_22)_(MultiDim_z_pT_Bin_Y_bin_phi_t)_(Normalized)[0m (Histo Num 50732)
[91mSkipping: (MultiDim_3D_Histo)_(RC_Bayesian)_(SMEAR=Smear)_(Q2_y_Bin_14)_(z_pT_Bin_22)_(MultiDim_z_pT_Bin_Y_bin_phi_t)_(Normalized)[0m (Histo Num 50733)
[91mSkipping: (MultiDim_3D_Histo)_(BC_RC_Bayesian)_(SMEAR=Smear)_(Q2_y_Bin_14)_(z_pT_Bin_22)_(MultiDim_z_pT_Bin_Y_bin_phi_t)_(Normalized)[0m (Histo Num 50734)
[91mSkipping: (MultiDim_3D_Histo)_(Bayesian)_(SMEAR=Smear)_(Q2_y_Bin_14)_(z_pT_Bin_23)_(MultiDim_z_pT_Bin_Y_bin_phi_t)_(Normalized)[0m (Histo Num 50738)
[91mSkipping: (MultiDim_3D_Histo)_(RC_Bayesian)_(SMEAR=Smear)_(Q2_y_Bin_14)_(z_pT_Bin_23)_(MultiDim_z_pT_Bin_Y_bin_phi_t)_(Normalized)[0m (Histo Num 50739)
[91mSkipping: (MultiDim_3D_Histo)_(BC_RC_Bayesian)_(SMEAR=Smear)_(Q2_y_Bin_14)_(z_pT_Bin_23)_(MultiDim_z_pT_Bin_Y_bin_phi_t)_(Normalized)[0m (Histo Num 50740)
[91mSkipping: (MultiDim_3D_Histo)_(Bayesian)_(SMEAR=Smear)_(Q2_y_Bin_14)_(z_pT_Bin_25)_(MultiDim_z_pT_Bin_Y_bin_phi_t)_(Normalized)[0m (Histo Num 50744)
[91mSkipping: (MultiDim_3D_Histo)_(RC_Bayesian)_(SMEAR=Smear)_(Q2_y_Bin_14)_(z_pT_Bin_25)_(MultiDim_z_pT_Bin_Y_bin_phi_t)_(Normalized)[0m (Histo Num 50745)
[91mSkipping: (MultiDim_3D_Histo)_(BC_RC_Bayesian)_(SMEAR=Smear)_(Q2_y_Bin_14)_(z_pT_Bin_25)_(MultiDim_z_pT_Bin_Y_bin_phi_t)_(Normalized)[0m (Histo Num 50746)
[91mSkipping: (MultiDim_3D_Histo)_(Bayesian)_(SMEAR=Smear)_(Q2_y_Bin_14)_(z_pT_Bin_26)_(MultiDim_z_pT_Bin_Y_bin_phi_t)_(Normalized)[0m (Histo Num 50750)
[91mSkipping: (MultiDim_3D_Histo)_(RC_Bayesian)_(SMEAR=Smear)_(Q2_y_Bin_14)_(z_pT_Bin_26)_(MultiDim_z_pT_Bin_Y_bin_phi_t)_(Normalized)[0m (Histo Num 50751)
[91mSkipping: (MultiDim_3D_Histo)_(BC_RC_Bayesian)_(SMEAR=Smear)_(Q2_y_Bin_14)_(z_pT_Bin_26)_(MultiDim_z_pT_Bin_Y_bin_phi_t)_(Normalized)[0m (Histo Num 50752)
[91mSkipping: (MultiDim_3D_Histo)_(Bayesian)_(SMEAR=Smear)_(Q2_y_Bin_14)_(z_pT_Bin_27)_(MultiDim_z_pT_Bin_Y_bin_phi_t)_(Normalized)[0m (Histo Num 50756)
[91mSkipping: (MultiDim_3D_Histo)_(RC_Bayesian)_(SMEAR=Smear)_(Q2_y_Bin_14)_(z_pT_Bin_27)_(MultiDim_z_pT_Bin_Y_bin_phi_t)_(Normalized)[0m (Histo Num 50757)
[91mSkipping: (MultiDim_3D_Histo)_(BC_RC_Bayesian)_(SMEAR=Smear)_(Q2_y_Bin_14)_(z_pT_Bin_27)_(MultiDim_z_pT_Bin_Y_bin_phi_t)_(Normalized)[0m (Histo Num 50758)
[91mSkipping: (MultiDim_3D_Histo)_(Bayesian)_(SMEAR=Smear)_(Q2_y_Bin_14)_(z_pT_Bin_28)_(MultiDim_z_pT_Bin_Y_bin_phi_t)_(Normalized)[0m (Histo Num 50762)
[91mSkipping: (MultiDim_3D_Histo)_(RC_Bayesian)_(SMEAR=Smear)_(Q2_y_Bin_14)_(z_pT_Bin_28)_(MultiDim_z_pT_Bin_Y_bin_phi_t)_(Normalized)[0m (Histo Num 50763)
[91mSkipping: (MultiDim_3D_Histo)_(BC_RC_Bayesian)_(SMEAR=Smear)_(Q2_y_Bin_14)_(z_pT_Bin_28)_(MultiDim_z_pT_Bin_Y_bin_phi_t)_(Normalized)[0m (Histo Num 50764)
[91mSkipping: (MultiDim_3D_Histo)_(Bayesian)_(SMEAR=Smear)_(Q2_y_Bin_14)_(z_pT_Bin_29)_(MultiDim_z_pT_Bin_Y_bin_phi_t)_(Normalized)[0m (Histo Num 50768)
[91mSkipping: (MultiDim_3D_Histo)_(RC_Bayesian)_(SMEAR=Smear)_(Q2_y_Bin_14)_(z_pT_Bin_29)_(MultiDim_z_pT_Bin_Y_bin_phi_t)_(Normalized)[0m (Histo Num 50769)
[91mSkipping: (MultiDim_3D_Histo)_(BC_RC_Bayesian)_(SMEAR=Smear)_(Q2_y_Bin_14)_(z_pT_Bin_29)_(MultiDim_z_pT_Bin_Y_bin_phi_t)_(Normalized)[0m (Histo Num 50770)
[91mSkipping: (MultiDim_3D_Histo)_(Bayesian)_(SMEAR=Smear)_(Q2_y_Bin_14)_(z_pT_Bin_31)_(MultiDim_z_pT_Bin_Y_bin_phi_t)_(Normalized)[0m (Histo Num 50774)
[91mSkipping: (MultiDim_3D_Histo)_(RC_Bayesian)_(SMEAR=Smear)_(Q2_y_Bin_14)_(z_pT_Bin_31)_(MultiDim_z_pT_Bin_Y_bin_phi_t)_(Normalized)[0m (Histo Num 50775)
[91mSkipping: (MultiDim_3D_Histo)_(BC_RC_Bayesian)_(SMEAR=Smear)_(Q2_y_Bin_14)_(z_pT_Bin_31)_(MultiDim_z_pT_Bin_Y_bin_phi_t)_(Normalized)[0m (Histo Num 50776)
[91mSkipping: (MultiDim_3D_Histo)_(Bayesian)_(SMEAR=Smear)_(Q2_y_Bin_14)_(z_pT_Bin_32)_(MultiDim_z_pT_Bin_Y_bin_phi_t)_(Normalized)[0m (Histo Num 50780)
[91mSkipping: (MultiDim_3D_Histo)_(RC_Bayesian)_(SMEAR=Smear)_(Q2_y_Bin_14)_(z_pT_Bin_32)_(MultiDim_z_pT_Bin_Y_bin_phi_t)_(Normalized)[0m (Histo Num 50781)
[91mSkipping: (MultiDim_3D_Histo)_(BC_RC_Bayesian)_(SMEAR=Smear)_(Q2_y_Bin_14)_(z_pT_Bin_32)_(MultiDim_z_pT_Bin_Y_bin_phi_t)_(Normalized)[0m (Histo Num 50782)
[91mSkipping: (MultiDim_3D_Histo)_(Bayesian)_(SMEAR=Smear)_(Q2_y_Bin_14)_(z_pT_Bin_33)_(MultiDim_z_pT_Bin_Y_bin_phi_t)_(Normalized)[0m (Histo Num 50786)
[91mSkipping: (MultiDim_3D_Histo)_(RC_Bayesian)_(SMEAR=Smear)_(Q2_y_Bin_14)_(z_pT_Bin_33)_(MultiDim_z_pT_Bin_Y_bin_phi_t)_(Normalized)[0m (Histo Num 50787)
[91mSkipping: (MultiDim_3D_Histo)_(BC_RC_Bayesian)_(SMEAR=Smear)_(Q2_y_Bin_14)_(z_pT_Bin_33)_(MultiDim_z_pT_Bin_Y_bin_phi_t)_(Normalized)[0m (Histo Num 50788)
[91mSkipping: (MultiDim_3D_Histo)_(Bayesian)_(SMEAR=Smear)_(Q2_y_Bin_14)_(z_pT_Bin_34)_(MultiDim_z_pT_Bin_Y_bin_phi_t)_(Normalized)[0m (Histo Num 50792)
[91mSkipping: (MultiDim_3D_Histo)_(RC_Bayesian)_(SMEAR=Smear)_(Q2_y_Bin_14)_(z_pT_Bin_34)_(MultiDim_z_pT_Bin_Y_bin_phi_t)_(Normalized)[0m (Histo Num 50793)
[91mSkipping: (MultiDim_3D_Histo)_(BC_RC_Bayesian)_(SMEAR=Smear)_(Q2_y_Bin_14)_(z_pT_Bin_34)_(MultiDim_z_pT_Bin_Y_bin_phi_t)_(Normalized)[0m (Histo Num 50794)
[91mSkipping: (MultiDim_3D_Histo)_(Bayesian)_(SMEAR=Smear)_(Q2_y_Bin_15)_(z_pT_Bin_1)_(MultiDim_z_pT_Bin_Y_bin_phi_t)_(Normalized)[0m (Histo Num 50798)
[91mSkipping: (MultiDim_3D_Histo)_(RC_Bayesian)_(SMEAR=Smear)_(Q2_y_Bin_15)_(z_pT_Bin_1)_(MultiDim_z_pT_Bin_Y_bin_phi_t)_(Normalized)[0m (Histo Num 50799)
[91mSkipping: (MultiDim_3D_Histo)_(BC_RC_Bayesian)_(SMEAR=Smear)_(Q2_y_Bin_15)_(z_pT_Bin_1)_(MultiDim_z_pT_Bin_Y_bin_phi_t)_(Normalized)[0m (Histo Num 50800)
[91mSkipping: (MultiDim_3D_Histo)_(Bayesian)_(SMEAR=Smear)_(Q2_y_Bin_15)_(z_pT_Bin_2)_(MultiDim_z_pT_Bin_Y_bin_phi_t)_(Normalized)[0m (Histo Num 50804)
[91mSkipping: (MultiDim_3D_Histo)_(RC_Bayesian)_(SMEAR=Smear)_(Q2_y_Bin_15)_(z_pT_Bin_2)_(MultiDim_z_pT_Bin_Y_bin_phi_t)_(Normalized)[0m (Histo Num 50805)
[91mSkipping: (MultiDim_3D_Histo)_(BC_RC_Bayesian)_(SMEAR=Smear)_(Q2_y_Bin_15)_(z_pT_Bin_2)_(MultiDim_z_pT_Bin_Y_bin_phi_t)_(Normalized)[0m (Histo Num 50806)
[91mSkipping: (MultiDim_3D_Histo)_(Bayesian)_(SMEAR=Smear)_(Q2_y_Bin_15)_(z_pT_Bin_3)_(MultiDim_z_pT_Bin_Y_bin_phi_t)_(Normalized)[0m (Histo Num 50810)
[91mSkipping: (MultiDim_3D_Histo)_(RC_Bayesian)_(SMEAR=Smear)_(Q2_y_Bin_15)_(z_pT_Bin_3)_(MultiDim_z_pT_Bin_Y_bin_phi_t)_(Normalized)[0m (Histo Num 50811)
[91mSkipping: (MultiDim_3D_Histo)_(BC_RC_Bayesian)_(SMEAR=Smear)_(Q2_y_Bin_15)_(z_pT_Bin_3)_(MultiDim_z_pT_Bin_Y_bin_phi_t)_(Normalized)[0m (Histo Num 50812)
[91mSkipping: (MultiDim_3D_Histo)_(Bayesian)_(SMEAR=Smear)_(Q2_y_Bin_15)_(z_pT_Bin_4)_(MultiDim_z_pT_Bin_Y_bin_phi_t)_(Normalized)[0m (Histo Num 50816)
[91mSkipping: (MultiDim_3D_Histo)_(RC_Bayesian)_(SMEAR=Smear)_(Q2_y_Bin_15)_(z_pT_Bin_4)_(MultiDim_z_pT_Bin_Y_bin_phi_t)_(Normalized)[0m (Histo Num 50817)
[91mSkipping: (MultiDim_3D_Histo)_(BC_RC_Bayesian)_(SMEAR=Smear)_(Q2_y_Bin_15)_(z_pT_Bin_4)_(MultiDim_z_pT_Bin_Y_bin_phi_t)_(Normalized)[0m (Histo Num 50818)
[91mSkipping: (MultiDim_3D_Histo)_(Bayesian)_(SMEAR=Smear)_(Q2_y_Bin_15)_(z_pT_Bin_6)_(MultiDim_z_pT_Bin_Y_bin_phi_t)_(Normalized)[0m (Histo Num 50822)
[91mSkipping: (MultiDim_3D_Histo)_(RC_Bayesian)_(SMEAR=Smear)_(Q2_y_Bin_15)_(z_pT_Bin_6)_(MultiDim_z_pT_Bin_Y_bin_phi_t)_(Normalized)[0m (Histo Num 50823)
[91mSkipping: (MultiDim_3D_Histo)_(BC_RC_Bayesian)_(SMEAR=Smear)_(Q2_y_Bin_15)_(z_pT_Bin_6)_(MultiDim_z_pT_Bin_Y_bin_phi_t)_(Normalized)[0m (Histo Num 50824)
[91mSkipping: (MultiDim_3D_Histo)_(Bayesian)_(SMEAR=Smear)_(Q2_y_Bin_15)_(z_pT_Bin_7)_(MultiDim_z_pT_Bin_Y_bin_phi_t)_(Normalized)[0m (Histo Num 50828)
[91mSkipping: (MultiDim_3D_Histo)_(RC_Bayesian)_(SMEAR=Smear)_(Q2_y_Bin_15)_(z_pT_Bin_7)_(MultiDim_z_pT_Bin_Y_bin_phi_t)_(Normalized)[0m (Histo Num 50829)
[91mSkipping: (MultiDim_3D_Histo)_(BC_RC_Bayesian)_(SMEAR=Smear)_(Q2_y_Bin_15)_(z_pT_Bin_7)_(MultiDim_z_pT_Bin_Y_bin_phi_t)_(Normalized)[0m (Histo Num 50830)
[91mSkipping: (MultiDim_3D_Histo)_(Bayesian)_(SMEAR=Smear)_(Q2_y_Bin_15)_(z_pT_Bin_8)_(MultiDim_z_pT_Bin_Y_bin_phi_t)_(Normalized)[0m (Histo Num 50834)
[91mSkipping: (MultiDim_3D_Histo)_(RC_Bayesian)_(SMEAR=Smear)_(Q2_y_Bin_15)_(z_pT_Bin_8)_(MultiDim_z_pT_Bin_Y_bin_phi_t)_(Normalized)[0m (Histo Num 50835)
[91mSkipping: (MultiDim_3D_Histo)_(BC_RC_Bayesian)_(SMEAR=Smear)_(Q2_y_Bin_15)_(z_pT_Bin_8)_(MultiDim_z_pT_Bin_Y_bin_phi_t)_(Normalized)[0m (Histo Num 50836)
[91mSkipping: (MultiDim_3D_Histo)_(Bayesian)_(SMEAR=Smear)_(Q2_y_Bin_15)_(z_pT_Bin_9)_(MultiDim_z_pT_Bin_Y_bin_phi_t)_(Normalized)[0m (Histo Num 50840)
[91mSkipping: (MultiDim_3D_Histo)_(RC_Bayesian)_(SMEAR=Smear)_(Q2_y_Bin_15)_(z_pT_Bin_9)_(MultiDim_z_pT_Bin_Y_bin_phi_t)_(Normalized)[0m (Histo Num 50841)
[91mSkipping: (MultiDim_3D_Histo)_(BC_RC_Bayesian)_(SMEAR=Smear)_(Q2_y_Bin_15)_(z_pT_Bin_9)_(MultiDim_z_pT_Bin_Y_bin_phi_t)_(Normalized)[0m (Histo Num 50842)
[91mSkipping: (MultiDim_3D_Histo)_(Bayesian)_(SMEAR=Smear)_(Q2_y_Bin_15)_(z_pT_Bin_10)_(MultiDim_z_pT_Bin_Y_bin_phi_t)_(Normalized)[0m (Histo Num 50846)
[91mSkipping: (MultiDim_3D_Histo)_(RC_Bayesian)_(SMEAR=Smear)_(Q2_y_Bin_15)_(z_pT_Bin_10)_(MultiDim_z_pT_Bin_Y_bin_phi_t)_(Normalized)[0m (Histo Num 50847)
[91mSkipping: (MultiDim_3D_Histo)_(BC_RC_Bayesian)_(SMEAR=Smear)_(Q2_y_Bin_15)_(z_pT_Bin_10)_(MultiDim_z_pT_Bin_Y_bin_phi_t)_(Normalized)[0m (Histo Num 50848)
[91mSkipping: (MultiDim_3D_Histo)_(Bayesian)_(SMEAR=Smear)_(Q2_y_Bin_15)_(z_pT_Bin_11)_(MultiDim_z_pT_Bin_Y_bin_phi_t)_(Normalized)[0m (Histo Num 50852)
[91mSkipping: (MultiDim_3D_Histo)_(RC_Bayesian)_(SMEAR=Smear)_(Q2_y_Bin_15)_(z_pT_Bin_11)_(MultiDim_z_pT_Bin_Y_bin_phi_t)_(Normalized)[0m (Histo Num 50853)
[91mSkipping: (MultiDim_3D_Histo)_(BC_RC_Bayesian)_(SMEAR=Smear)_(Q2_y_Bin_15)_(z_pT_Bin_11)_(MultiDim_z_pT_Bin_Y_bin_phi_t)_(Normalized)[0m (Histo Num 50854)
[91mSkipping: (MultiDim_3D_Histo)_(Bayesian)_(SMEAR=Smear)_(Q2_y_Bin_15)_(z_pT_Bin_12)_(MultiDim_z_pT_Bin_Y_bin_phi_t)_(Normalized)[0m (Histo Num 50858)
[91mSkipping: (MultiDim_3D_Histo)_(RC_Bayesian)_(SMEAR=Smear)_(Q2_y_Bin_15)_(z_pT_Bin_12)_(MultiDim_z_pT_Bin_Y_bin_phi_t)_(Normalized)[0m (Histo Num 50859)
[91mSkipping: (MultiDim_3D_Histo)_(BC_RC_Bayesian)_(SMEAR=Smear)_(Q2_y_Bin_15)_(z_pT_Bin_12)_(MultiDim_z_pT_Bin_Y_bin_phi_t)_(Normalized)[0m (Histo Num 50860)
[91mSkipping: (MultiDim_3D_Histo)_(Bayesian)_(SMEAR=Smear)_(Q2_y_Bin_15)_(z_pT_Bin_13)_(MultiDim_z_pT_Bin_Y_bin_phi_t)_(Normalized)[0m (Histo Num 50864)
[91mSkipping: (MultiDim_3D_Histo)_(RC_Bayesian)_(SMEAR=Smear)_(Q2_y_Bin_15)_(z_pT_Bin_13)_(MultiDim_z_pT_Bin_Y_bin_phi_t)_(Normalized)[0m (Histo Num 50865)
[91mSkipping: (MultiDim_3D_Histo)_(BC_RC_Bayesian)_(SMEAR=Smear)_(Q2_y_Bin_15)_(z_pT_Bin_13)_(MultiDim_z_pT_Bin_Y_bin_phi_t)_(Normalized)[0m (Histo Num 50866)
[91mSkipping: (MultiDim_3D_Histo)_(Bayesian)_(SMEAR=Smear)_(Q2_y_Bin_15)_(z_pT_Bin_14)_(MultiDim_z_pT_Bin_Y_bin_phi_t)_(Normalized)[0m (Histo Num 50870)
[91mSkipping: (MultiDim_3D_Histo)_(RC_Bayesian)_(SMEAR=Smear)_(Q2_y_Bin_15)_(z_pT_Bin_14)_(MultiDim_z_pT_Bin_Y_bin_phi_t)_(Normalized)[0m (Histo Num 50871)
[91mSkipping: (MultiDim_3D_Histo)_(BC_RC_Bayesian)_(SMEAR=Smear)_(Q2_y_Bin_15)_(z_pT_Bin_14)_(MultiDim_z_pT_Bin_Y_bin_phi_t)_(Normalized)[0m (Histo Num 50872)
[91mSkipping: (MultiDim_3D_Histo)_(Bayesian)_(SMEAR=Smear)_(Q2_y_Bin_15)_(z_pT_Bin_15)_(MultiDim_z_pT_Bin_Y_bin_phi_t)_(Normalized)[0m (Histo Num 50876)
[91mSkipping: (MultiDim_3D_Histo)_(RC_Bayesian)_(SMEAR=Smear)_(Q2_y_Bin_15)_(z_pT_Bin_15)_(MultiDim_z_pT_Bin_Y_bin_phi_t)_(Normalized)[0m (Histo Num 50877)
[91mSkipping: (MultiDim_3D_Histo)_(BC_RC_Bayesian)_(SMEAR=Smear)_(Q2_y_Bin_15)_(z_pT_Bin_15)_(MultiDim_z_pT_Bin_Y_bin_phi_t)_(Normalized)[0m (Histo Num 50878)
[91mSkipping: (MultiDim_3D_Histo)_(Bayesian)_(SMEAR=Smear)_(Q2_y_Bin_15)_(z_pT_Bin_16)_(MultiDim_z_pT_Bin_Y_bin_phi_t)_(Normalized)[0m (Histo Num 50882)
[91mSkipping: (MultiDim_3D_Histo)_(RC_Bayesian)_(SMEAR=Smear)_(Q2_y_Bin_15)_(z_pT_Bin_16)_(MultiDim_z_pT_Bin_Y_bin_phi_t)_(Normalized)[0m (Histo Num 50883)
[91mSkipping: (MultiDim_3D_Histo)_(BC_RC_Bayesian)_(SMEAR=Smear)_(Q2_y_Bin_15)_(z_pT_Bin_16)_(MultiDim_z_pT_Bin_Y_bin_phi_t)_(Normalized)[0m (Histo Num 50884)
[91mSkipping: (MultiDim_3D_Histo)_(Bayesian)_(SMEAR=Smear)_(Q2_y_Bin_15)_(z_pT_Bin_17)_(MultiDim_z_pT_Bin_Y_bin_phi_t)_(Normalized)[0m (Histo Num 50888)
[91mSkipping: (MultiDim_3D_Histo)_(RC_Bayesian)_(SMEAR=Smear)_(Q2_y_Bin_15)_(z_pT_Bin_17)_(MultiDim_z_pT_Bin_Y_bin_phi_t)_(Normalized)[0m (Histo Num 50889)
[91mSkipping: (MultiDim_3D_Histo)_(BC_RC_Bayesian)_(SMEAR=Smear)_(Q2_y_Bin_15)_(z_pT_Bin_17)_(MultiDim_z_pT_Bin_Y_bin_phi_t)_(Normalized)[0m (Histo Num 50890)
[91mSkipping: (MultiDim_3D_Histo)_(Bayesian)_(SMEAR=Smear)_(Q2_y_Bin_15)_(z_pT_Bin_18)_(MultiDim_z_pT_Bin_Y_bin_phi_t)_(Normalized)[0m (Histo Num 50894)
[91mSkipping: (MultiDim_3D_Histo)_(RC_Bayesian)_(SMEAR=Smear)_(Q2_y_Bin_15)_(z_pT_Bin_18)_(MultiDim_z_pT_Bin_Y_bin_phi_t)_(Normalized)[0m (Histo Num 50895)
[91mSkipping: (MultiDim_3D_Histo)_(BC_RC_Bayesian)_(SMEAR=Smear)_(Q2_y_Bin_15)_(z_pT_Bin_18)_(MultiDim_z_pT_Bin_Y_bin_phi_t)_(Normalized)[0m (Histo Num 50896)
[91mSkipping: (MultiDim_3D_Histo)_(Bayesian)_(SMEAR=Smear)_(Q2_y_Bin_15)_(z_pT_Bin_19)_(MultiDim_z_pT_Bin_Y_bin_phi_t)_(Normalized)[0m (Histo Num 50900)
[91mSkipping: (MultiDim_3D_Histo)_(RC_Bayesian)_(SMEAR=Smear)_(Q2_y_Bin_15)_(z_pT_Bin_19)_(MultiDim_z_pT_Bin_Y_bin_phi_t)_(Normalized)[0m (Histo Num 50901)
[91mSkipping: (MultiDim_3D_Histo)_(BC_RC_Bayesian)_(SMEAR=Smear)_(Q2_y_Bin_15)_(z_pT_Bin_19)_(MultiDim_z_pT_Bin_Y_bin_phi_t)_(Normalized)[0m (Histo Num 50902)
[91mSkipping: (MultiDim_3D_Histo)_(Bayesian)_(SMEAR=Smear)_(Q2_y_Bin_15)_(z_pT_Bin_21)_(MultiDim_z_pT_Bin_Y_bin_phi_t)_(Normalized)[0m (Histo Num 50906)
[91mSkipping: (MultiDim_3D_Histo)_(RC_Bayesian)_(SMEAR=Smear)_(Q2_y_Bin_15)_(z_pT_Bin_21)_(MultiDim_z_pT_Bin_Y_bin_phi_t)_(Normalized)[0m (Histo Num 50907)
[91mSkipping: (MultiDim_3D_Histo)_(BC_RC_Bayesian)_(SMEAR=Smear)_(Q2_y_Bin_15)_(z_pT_Bin_21)_(MultiDim_z_pT_Bin_Y_bin_phi_t)_(Normalized)[0m (Histo Num 50908)
[91mSkipping: (MultiDim_3D_Histo)_(Bayesian)_(SMEAR=Smear)_(Q2_y_Bin_15)_(z_pT_Bin_22)_(MultiDim_z_pT_Bin_Y_bin_phi_t)_(Normalized)[0m (Histo Num 50912)
[91mSkipping: (MultiDim_3D_Histo)_(RC_Bayesian)_(SMEAR=Smear)_(Q2_y_Bin_15)_(z_pT_Bin_22)_(MultiDim_z_pT_Bin_Y_bin_phi_t)_(Normalized)[0m (Histo Num 50913)
[91mSkipping: (MultiDim_3D_Histo)_(BC_RC_Bayesian)_(SMEAR=Smear)_(Q2_y_Bin_15)_(z_pT_Bin_22)_(MultiDim_z_pT_Bin_Y_bin_phi_t)_(Normalized)[0m (Histo Num 50914)
[91mSkipping: (MultiDim_3D_Histo)_(Bayesian)_(SMEAR=Smear)_(Q2_y_Bin_15)_(z_pT_Bin_23)_(MultiDim_z_pT_Bin_Y_bin_phi_t)_(Normalized)[0m (Histo Num 50918)
[91mSkipping: (MultiDim_3D_Histo)_(RC_Bayesian)_(SMEAR=Smear)_(Q2_y_Bin_15)_(z_pT_Bin_23)_(MultiDim_z_pT_Bin_Y_bin_phi_t)_(Normalized)[0m (Histo Num 50919)
[91mSkipping: (MultiDim_3D_Histo)_(BC_RC_Bayesian)_(SMEAR=Smear)_(Q2_y_Bin_15)_(z_pT_Bin_23)_(MultiDim_z_pT_Bin_Y_bin_phi_t)_(Normalized)[0m (Histo Num 50920)
[91mSkipping: (MultiDim_3D_Histo)_(Bayesian)_(SMEAR=Smear)_(Q2_y_Bin_15)_(z_pT_Bin_24)_(MultiDim_z_pT_Bin_Y_bin_phi_t)_(Normalized)[0m (Histo Num 50924)
[91mSkipping: (MultiDim_3D_Histo)_(RC_Bayesian)_(SMEAR=Smear)_(Q2_y_Bin_15)_(z_pT_Bin_24)_(MultiDim_z_pT_Bin_Y_bin_phi_t)_(Normalized)[0m (Histo Num 50925)
[91mSkipping: (MultiDim_3D_Histo)_(BC_RC_Bayesian)_(SMEAR=Smear)_(Q2_y_Bin_15)_(z_pT_Bin_24)_(MultiDim_z_pT_Bin_Y_bin_phi_t)_(Normalized)[0m (Histo Num 50926)
[91mSkipping: (MultiDim_3D_Histo)_(Bayesian)_(SMEAR=Smear)_(Q2_y_Bin_16)_(z_pT_Bin_1)_(MultiDim_z_pT_Bin_Y_bin_phi_t)_(Normalized)[0m (Histo Num 50930)
[91mSkipping: (MultiDim_3D_Histo)_(RC_Bayesian)_(SMEAR=Smear)_(Q2_y_Bin_16)_(z_pT_Bin_1)_(MultiDim_z_pT_Bin_Y_bin_phi_t)_(Normalized)[0m (Histo Num 50931)
[91mSkipping: (MultiDim_3D_Histo)_(BC_RC_Bayesian)_(SMEAR=Smear)_(Q2_y_Bin_16)_(z_pT_Bin_1)_(MultiDim_z_pT_Bin_Y_bin_phi_t)_(Normalized)[0m (Histo Num 50932)
[91mSkipping: (MultiDim_3D_Histo)_(Bayesian)_(SMEAR=Smear)_(Q2_y_Bin_16)_(z_pT_Bin_2)_(MultiDim_z_pT_Bin_Y_bin_phi_t)_(Normalized)[0m (Histo Num 50936)
[91mSkipping: (MultiDim_3D_Histo)_(RC_Bayesian)_(SMEAR=Smear)_(Q2_y_Bin_16)_(z_pT_Bin_2)_(MultiDim_z_pT_Bin_Y_bin_phi_t)_(Normalized)[0m (Histo Num 50937)
[91mSkipping: (MultiDim_3D_Histo)_(BC_RC_Bayesian)_(SMEAR=Smear)_(Q2_y_Bin_16)_(z_pT_Bin_2)_(MultiDim_z_pT_Bin_Y_bin_phi_t)_(Normalized)[0m (Histo Num 50938)
[91mSkipping: (MultiDim_3D_Histo)_(Bayesian)_(SMEAR=Smear)_(Q2_y_Bin_16)_(z_pT_Bin_3)_(MultiDim_z_pT_Bin_Y_bin_phi_t)_(Normalized)[0m (Histo Num 50942)
[91mSkipping: (MultiDim_3D_Histo)_(RC_Bayesian)_(SMEAR=Smear)_(Q2_y_Bin_16)_(z_pT_Bin_3)_(MultiDim_z_pT_Bin_Y_bin_phi_t)_(Normalized)[0m (Histo Num 50943)
[91mSkipping: (MultiDim_3D_Histo)_(BC_RC_Bayesian)_(SMEAR=Smear)_(Q2_y_Bin_16)_(z_pT_Bin_3)_(MultiDim_z_pT_Bin_Y_bin_phi_t)_(Normalized)[0m (Histo Num 50944)
[91mSkipping: (MultiDim_3D_Histo)_(Bayesian)_(SMEAR=Smear)_(Q2_y_Bin_16)_(z_pT_Bin_4)_(MultiDim_z_pT_Bin_Y_bin_phi_t)_(Normalized)[0m (Histo Num 50948)
[91mSkipping: (MultiDim_3D_Histo)_(RC_Bayesian)_(SMEAR=Smear)_(Q2_y_Bin_16)_(z_pT_Bin_4)_(MultiDim_z_pT_Bin_Y_bin_phi_t)_(Normalized)[0m (Histo Num 50949)
[91mSkipping: (MultiDim_3D_Histo)_(BC_RC_Bayesian)_(SMEAR=Smear)_(Q2_y_Bin_16)_(z_pT_Bin_4)_(MultiDim_z_pT_Bin_Y_bin_phi_t)_(Normalized)[0m (Histo Num 50950)
[91mSkipping: (MultiDim_3D_Histo)_(Bayesian)_(SMEAR=Smear)_(Q2_y_Bin_16)_(z_pT_Bin_5)_(MultiDim_z_pT_Bin_Y_bin_phi_t)_(Normalized)[0m (Histo Num 50954)
[91mSkipping: (MultiDim_3D_Histo)_(RC_Bayesian)_(SMEAR=Smear)_(Q2_y_Bin_16)_(z_pT_Bin_5)_(MultiDim_z_pT_Bin_Y_bin_phi_t)_(Normalized)[0m (Histo Num 50955)
[91mSkipping: (MultiDim_3D_Histo)_(BC_RC_Bayesian)_(SMEAR=Smear)_(Q2_y_Bin_16)_(z_pT_Bin_5)_(MultiDim_z_pT_Bin_Y_bin_phi_t)_(Normalized)[0m (Histo Num 50956)
[91mSkipping: (MultiDim_3D_Histo)_(Bayesian)_(SMEAR=Smear)_(Q2_y_Bin_16)_(z_pT_Bin_6)_(MultiDim_z_pT_Bin_Y_bin_phi_t)_(Normalized)[0m (Histo Num 50960)
[91mSkipping: (MultiDim_3D_Histo)_(RC_Bayesian)_(SMEAR=Smear)_(Q2_y_Bin_16)_(z_pT_Bin_6)_(MultiDim_z_pT_Bin_Y_bin_phi_t)_(Normalized)[0m (Histo Num 50961)
[91mSkipping: (MultiDim_3D_Histo)_(BC_RC_Bayesian)_(SMEAR=Smear)_(Q2_y_Bin_16)_(z_pT_Bin_6)_(MultiDim_z_pT_Bin_Y_bin_phi_t)_(Normalized)[0m (Histo Num 50962)
[91mSkipping: (MultiDim_3D_Histo)_(Bayesian)_(SMEAR=Smear)_(Q2_y_Bin_16)_(z_pT_Bin_7)_(MultiDim_z_pT_Bin_Y_bin_phi_t)_(Normalized)[0m (Histo Num 50966)
[91mSkipping: (MultiDim_3D_Histo)_(RC_Bayesian)_(SMEAR=Smear)_(Q2_y_Bin_16)_(z_pT_Bin_7)_(MultiDim_z_pT_Bin_Y_bin_phi_t)_(Normalized)[0m (Histo Num 50967)
[91mSkipping: (MultiDim_3D_Histo)_(BC_RC_Bayesian)_(SMEAR=Smear)_(Q2_y_Bin_16)_(z_pT_Bin_7)_(MultiDim_z_pT_Bin_Y_bin_phi_t)_(Normalized)[0m (Histo Num 50968)
[91mSkipping: (MultiDim_3D_Histo)_(Bayesian)_(SMEAR=Smear)_(Q2_y_Bin_16)_(z_pT_Bin_8)_(MultiDim_z_pT_Bin_Y_bin_phi_t)_(Normalized)[0m (Histo Num 50972)
[91mSkipping: (MultiDim_3D_Histo)_(RC_Bayesian)_(SMEAR=Smear)_(Q2_y_Bin_16)_(z_pT_Bin_8)_(MultiDim_z_pT_Bin_Y_bin_phi_t)_(Normalized)[0m (Histo Num 50973)
[91mSkipping: (MultiDim_3D_Histo)_(BC_RC_Bayesian)_(SMEAR=Smear)_(Q2_y_Bin_16)_(z_pT_Bin_8)_(MultiDim_z_pT_Bin_Y_bin_phi_t)_(Normalized)[0m (Histo Num 50974)
[91mSkipping: (MultiDim_3D_Histo)_(Bayesian)_(SMEAR=Smear)_(Q2_y_Bin_16)_(z_pT_Bin_9)_(MultiDim_z_pT_Bin_Y_bin_phi_t)_(Normalized)[0m (Histo Num 50978)
[91mSkipping: (MultiDim_3D_Histo)_(RC_Bayesian)_(SMEAR=Smear)_(Q2_y_Bin_16)_(z_pT_Bin_9)_(MultiDim_z_pT_Bin_Y_bin_phi_t)_(Normalized)[0m (Histo Num 50979)
[91mSkipping: (MultiDim_3D_Histo)_(BC_RC_Bayesian)_(SMEAR=Smear)_(Q2_y_Bin_16)_(z_pT_Bin_9)_(MultiDim_z_pT_Bin_Y_bin_phi_t)_(Normalized)[0m (Histo Num 50980)
[91mSkipping: (MultiDim_3D_Histo)_(Bayesian)_(SMEAR=Smear)_(Q2_y_Bin_16)_(z_pT_Bin_10)_(MultiDim_z_pT_Bin_Y_bin_phi_t)_(Normalized)[0m (Histo Num 50984)
[91mSkipping: (MultiDim_3D_Histo)_(RC_Bayesian)_(SMEAR=Smear)_(Q2_y_Bin_16)_(z_pT_Bin_10)_(MultiDim_z_pT_Bin_Y_bin_phi_t)_(Normalized)[0m (Histo Num 50985)
[91mSkipping: (MultiDim_3D_Histo)_(BC_RC_Bayesian)_(SMEAR=Smear)_(Q2_y_Bin_16)_(z_pT_Bin_10)_(MultiDim_z_pT_Bin_Y_bin_phi_t)_(Normalized)[0m (Histo Num 50986)
[91mSkipping: (MultiDim_3D_Histo)_(Bayesian)_(SMEAR=Smear)_(Q2_y_Bin_16)_(z_pT_Bin_11)_(MultiDim_z_pT_Bin_Y_bin_phi_t)_(Normalized)[0m (Histo Num 50990)
[91mSkipping: (MultiDim_3D_Histo)_(RC_Bayesian)_(SMEAR=Smear)_(Q2_y_Bin_16)_(z_pT_Bin_11)_(MultiDim_z_pT_Bin_Y_bin_phi_t)_(Normalized)[0m (Histo Num 50991)
[91mSkipping: (MultiDim_3D_Histo)_(BC_RC_Bayesian)_(SMEAR=Smear)_(Q2_y_Bin_16)_(z_pT_Bin_11)_(MultiDim_z_pT_Bin_Y_bin_phi_t)_(Normalized)[0m (Histo Num 50992)
[91mSkipping: (MultiDim_3D_Histo)_(Bayesian)_(SMEAR=Smear)_(Q2_y_Bin_16)_(z_pT_Bin_12)_(MultiDim_z_pT_Bin_Y_bin_phi_t)_(Normalized)[0m (Histo Num 50996)
[91mSkipping: (MultiDim_3D_Histo)_(RC_Bayesian)_(SMEAR=Smear)_(Q2_y_Bin_16)_(z_pT_Bin_12)_(MultiDim_z_pT_Bin_Y_bin_phi_t)_(Normalized)[0m (Histo Num 50997)
[91mSkipping: (MultiDim_3D_Histo)_(BC_RC_Bayesian)_(SMEAR=Smear)_(Q2_y_Bin_16)_(z_pT_Bin_12)_(MultiDim_z_pT_Bin_Y_bin_phi_t)_(Normalized)[0m (Histo Num 50998)
[91mSkipping: (MultiDim_3D_Histo)_(Bayesian)_(SMEAR=Smear)_(Q2_y_Bin_16)_(z_pT_Bin_13)_(MultiDim_z_pT_Bin_Y_bin_phi_t)_(Normalized)[0m (Histo Num 51002)
[91mSkipping: (MultiDim_3D_Histo)_(RC_Bayesian)_(SMEAR=Smear)_(Q2_y_Bin_16)_(z_pT_Bin_13)_(MultiDim_z_pT_Bin_Y_bin_phi_t)_(Normalized)[0m (Histo Num 51003)
[91mSkipping: (MultiDim_3D_Histo)_(BC_RC_Bayesian)_(SMEAR=Smear)_(Q2_y_Bin_16)_(z_pT_Bin_13)_(MultiDim_z_pT_Bin_Y_bin_phi_t)_(Normalized)[0m (Histo Num 51004)
[91mSkipping: (MultiDim_3D_Histo)_(Bayesian)_(SMEAR=Smear)_(Q2_y_Bin_16)_(z_pT_Bin_14)_(MultiDim_z_pT_Bin_Y_bin_phi_t)_(Normalized)[0m (Histo Num 51008)
[91mSkipping: (MultiDim_3D_Histo)_(RC_Bayesian)_(SMEAR=Smear)_(Q2_y_Bin_16)_(z_pT_Bin_14)_(MultiDim_z_pT_Bin_Y_bin_phi_t)_(Normalized)[0m (Histo Num 51009)
[91mSkipping: (MultiDim_3D_Histo)_(BC_RC_Bayesian)_(SMEAR=Smear)_(Q2_y_Bin_16)_(z_pT_Bin_14)_(MultiDim_z_pT_Bin_Y_bin_phi_t)_(Normalized)[0m (Histo Num 51010)
[91mSkipping: (MultiDim_3D_Histo)_(Bayesian)_(SMEAR=Smear)_(Q2_y_Bin_16)_(z_pT_Bin_15)_(MultiDim_z_pT_Bin_Y_bin_phi_t)_(Normalized)[0m (Histo Num 51014)
[91mSkipping: (MultiDim_3D_Histo)_(RC_Bayesian)_(SMEAR=Smear)_(Q2_y_Bin_16)_(z_pT_Bin_15)_(MultiDim_z_pT_Bin_Y_bin_phi_t)_(Normalized)[0m (Histo Num 51015)
[91mSkipping: (MultiDim_3D_Histo)_(BC_RC_Bayesian)_(SMEAR=Smear)_(Q2_y_Bin_16)_(z_pT_Bin_15)_(MultiDim_z_pT_Bin_Y_bin_phi_t)_(Normalized)[0m (Histo Num 51016)
[91mSkipping: (MultiDim_3D_Histo)_(Bayesian)_(SMEAR=Smear)_(Q2_y_Bin_16)_(z_pT_Bin_16)_(MultiDim_z_pT_Bin_Y_bin_phi_t)_(Normalized)[0m (Histo Num 51020)
[91mSkipping: (MultiDim_3D_Histo)_(RC_Bayesian)_(SMEAR=Smear)_(Q2_y_Bin_16)_(z_pT_Bin_16)_(MultiDim_z_pT_Bin_Y_bin_phi_t)_(Normalized)[0m (Histo Num 51021)
[91mSkipping: (MultiDim_3D_Histo)_(BC_RC_Bayesian)_(SMEAR=Smear)_(Q2_y_Bin_16)_(z_pT_Bin_16)_(MultiDim_z_pT_Bin_Y_bin_phi_t)_(Normalized)[0m (Histo Num 51022)
[91mSkipping: (MultiDim_3D_Histo)_(Bayesian)_(SMEAR=Smear)_(Q2_y_Bin_16)_(z_pT_Bin_17)_(MultiDim_z_pT_Bin_Y_bin_phi_t)_(Normalized)[0m (Histo Num 51026)
[91mSkipping: (MultiDim_3D_Histo)_(RC_Bayesian)_(SMEAR=Smear)_(Q2_y_Bin_16)_(z_pT_Bin_17)_(MultiDim_z_pT_Bin_Y_bin_phi_t)_(Normalized)[0m (Histo Num 51027)
[91mSkipping: (MultiDim_3D_Histo)_(BC_RC_Bayesian)_(SMEAR=Smear)_(Q2_y_Bin_16)_(z_pT_Bin_17)_(MultiDim_z_pT_Bin_Y_bin_phi_t)_(Normalized)[0m (Histo Num 51028)
[91mSkipping: (MultiDim_3D_Histo)_(Bayesian)_(SMEAR=Smear)_(Q2_y_Bin_16)_(z_pT_Bin_19)_(MultiDim_z_pT_Bin_Y_bin_phi_t)_(Normalized)[0m (Histo Num 51032)
[91mSkipping: (MultiDim_3D_Histo)_(RC_Bayesian)_(SMEAR=Smear)_(Q2_y_Bin_16)_(z_pT_Bin_19)_(MultiDim_z_pT_Bin_Y_bin_phi_t)_(Normalized)[0m (Histo Num 51033)
[91mSkipping: (MultiDim_3D_Histo)_(BC_RC_Bayesian)_(SMEAR=Smear)_(Q2_y_Bin_16)_(z_pT_Bin_19)_(MultiDim_z_pT_Bin_Y_bin_phi_t)_(Normalized)[0m (Histo Num 51034)
[91mSkipping: (MultiDim_3D_Histo)_(Bayesian)_(SMEAR=Smear)_(Q2_y_Bin_16)_(z_pT_Bin_20)_(MultiDim_z_pT_Bin_Y_bin_phi_t)_(Normalized)[0m (Histo Num 51038)
[91mSkipping: (MultiDim_3D_Histo)_(RC_Bayesian)_(SMEAR=Smear)_(Q2_y_Bin_16)_(z_pT_Bin_20)_(MultiDim_z_pT_Bin_Y_bin_phi_t)_(Normalized)[0m (Histo Num 51039)
[91mSkipping: (MultiDim_3D_Histo)_(BC_RC_Bayesian)_(SMEAR=Smear)_(Q2_y_Bin_16)_(z_pT_Bin_20)_(MultiDim_z_pT_Bin_Y_bin_phi_t)_(Normalized)[0m (Histo Num 51040)
[91mSkipping: (MultiDim_3D_Histo)_(Bayesian)_(SMEAR=Smear)_(Q2_y_Bin_16)_(z_pT_Bin_21)_(MultiDim_z_pT_Bin_Y_bin_phi_t)_(Normalized)[0m (Histo Num 51044)
[91mSkipping: (MultiDim_3D_Histo)_(RC_Bayesian)_(SMEAR=Smear)_(Q2_y_Bin_16)_(z_pT_Bin_21)_(MultiDim_z_pT_Bin_Y_bin_phi_t)_(Normalized)[0m (Histo Num 51045)
[91mSkipping: (MultiDim_3D_Histo)_(BC_RC_Bayesian)_(SMEAR=Smear)_(Q2_y_Bin_16)_(z_pT_Bin_21)_(MultiDim_z_pT_Bin_Y_bin_phi_t)_(Normalized)[0m (Histo Num 51046)
[91mSkipping: (MultiDim_3D_Histo)_(Bayesian)_(SMEAR=Smear)_(Q2_y_Bin_16)_(z_pT_Bin_22)_(MultiDim_z_pT_Bin_Y_bin_phi_t)_(Normalized)[0m (Histo Num 51050)
[91mSkipping: (MultiDim_3D_Histo)_(RC_Bayesian)_(SMEAR=Smear)_(Q2_y_Bin_16)_(z_pT_Bin_22)_(MultiDim_z_pT_Bin_Y_bin_phi_t)_(Normalized)[0m (Histo Num 51051)
[91mSkipping: (MultiDim_3D_Histo)_(BC_RC_Bayesian)_(SMEAR=Smear)_(Q2_y_Bin_16)_(z_pT_Bin_22)_(MultiDim_z_pT_Bin_Y_bin_phi_t)_(Normalized)[0m (Histo Num 51052)
[91mSkipping: (MultiDim_3D_Histo)_(Bayesian)_(SMEAR=Smear)_(Q2_y_Bin_16)_(z_pT_Bin_25)_(MultiDim_z_pT_Bin_Y_bin_phi_t)_(Normalized)[0m (Histo Num 51056)
[91mSkipping: (MultiDim_3D_Histo)_(RC_Bayesian)_(SMEAR=Smear)_(Q2_y_Bin_16)_(z_pT_Bin_25)_(MultiDim_z_pT_Bin_Y_bin_phi_t)_(Normalized)[0m (Histo Num 51057)
[91mSkipping: (MultiDim_3D_Histo)_(BC_RC_Bayesian)_(SMEAR=Smear)_(Q2_y_Bin_16)_(z_pT_Bin_25)_(MultiDim_z_pT_Bin_Y_bin_phi_t)_(Normalized)[0m (Histo Num 51058)
[91mSkipping: (MultiDim_3D_Histo)_(Bayesian)_(SMEAR=Smear)_(Q2_y_Bin_16)_(z_pT_Bin_26)_(MultiDim_z_pT_Bin_Y_bin_phi_t)_(Normalized)[0m (Histo Num 51062)
[91mSkipping: (MultiDim_3D_Histo)_(RC_Bayesian)_(SMEAR=Smear)_(Q2_y_Bin_16)_(z_pT_Bin_26)_(MultiDim_z_pT_Bin_Y_bin_phi_t)_(Normalized)[0m (Histo Num 51063)
[91mSkipping: (MultiDim_3D_Histo)_(BC_RC_Bayesian)_(SMEAR=Smear)_(Q2_y_Bin_16)_(z_pT_Bin_26)_(MultiDim_z_pT_Bin_Y_bin_phi_t)_(Normalized)[0m (Histo Num 51064)
[91mSkipping: (MultiDim_3D_Histo)_(Bayesian)_(SMEAR=Smear)_(Q2_y_Bin_16)_(z_pT_Bin_27)_(MultiDim_z_pT_Bin_Y_bin_phi_t)_(Normalized)[0m (Histo Num 51068)
[91mSkipping: (MultiDim_3D_Histo)_(RC_Bayesian)_(SMEAR=Smear)_(Q2_y_Bin_16)_(z_pT_Bin_27)_(MultiDim_z_pT_Bin_Y_bin_phi_t)_(Normalized)[0m (Histo Num 51069)
[91mSkipping: (MultiDim_3D_Histo)_(BC_RC_Bayesian)_(SMEAR=Smear)_(Q2_y_Bin_16)_(z_pT_Bin_27)_(MultiDim_z_pT_Bin_Y_bin_phi_t)_(Normalized)[0m (Histo Num 51070)
[91mSkipping: (MultiDim_3D_Histo)_(Bayesian)_(SMEAR=Smear)_(Q2_y_Bin_17)_(z_pT_Bin_1)_(MultiDim_z_pT_Bin_Y_bin_phi_t)_(Normalized)[0m (Histo Num 51074)
[91mSkipping: (MultiDim_3D_Histo)_(RC_Bayesian)_(SMEAR=Smear)_(Q2_y_Bin_17)_(z_pT_Bin_1)_(MultiDim_z_pT_Bin_Y_bin_phi_t)_(Normalized)[0m (Histo Num 51075)
[91mSkipping: (MultiDim_3D_Histo)_(BC_RC_Bayesian)_(SMEAR=Smear)_(Q2_y_Bin_17)_(z_pT_Bin_1)_(MultiDim_z_pT_Bin_Y_bin_phi_t)_(Normalized)[0m (Histo Num 51076)
[91mSkipping: (MultiDim_3D_Histo)_(Bayesian)_(SMEAR=Smear)_(Q2_y_Bin_17)_(z_pT_Bin_2)_(MultiDim_z_pT_Bin_Y_bin_phi_t)_(Normalized)[0m (Histo Num 51080)
[91mSkipping: (MultiDim_3D_Histo)_(RC_Bayesian)_(SMEAR=Smear)_(Q2_y_Bin_17)_(z_pT_Bin_2)_(MultiDim_z_pT_Bin_Y_bin_phi_t)_(Normalized)[0m (Histo Num 51081)
[91mSkipping: (MultiDim_3D_Histo)_(BC_RC_Bayesian)_(SMEAR=Smear)_(Q2_y_Bin_17)_(z_pT_Bin_2)_(MultiDim_z_pT_Bin_Y_bin_phi_t)_(Normalized)[0m (Histo Num 51082)
[91mSkipping: (MultiDim_3D_Histo)_(Bayesian)_(SMEAR=Smear)_(Q2_y_Bin_17)_(z_pT_Bin_3)_(MultiDim_z_pT_Bin_Y_bin_phi_t)_(Normalized)[0m (Histo Num 51086)
[91mSkipping: (MultiDim_3D_Histo)_(RC_Bayesian)_(SMEAR=Smear)_(Q2_y_Bin_17)_(z_pT_Bin_3)_(MultiDim_z_pT_Bin_Y_bin_phi_t)_(Normalized)[0m (Histo Num 51087)
[91mSkipping: (MultiDim_3D_Histo)_(BC_RC_Bayesian)_(SMEAR=Smear)_(Q2_y_Bin_17)_(z_pT_Bin_3)_(MultiDim_z_pT_Bin_Y_bin_phi_t)_(Normalized)[0m (Histo Num 51088)
[91mSkipping: (MultiDim_3D_Histo)_(Bayesian)_(SMEAR=Smear)_(Q2_y_Bin_17)_(z_pT_Bin_4)_(MultiDim_z_pT_Bin_Y_bin_phi_t)_(Normalized)[0m (Histo Num 51092)
[91mSkipping: (MultiDim_3D_Histo)_(RC_Bayesian)_(SMEAR=Smear)_(Q2_y_Bin_17)_(z_pT_Bin_4)_(MultiDim_z_pT_Bin_Y_bin_phi_t)_(Normalized)[0m (Histo Num 51093)
[91mSkipping: (MultiDim_3D_Histo)_(BC_RC_Bayesian)_(SMEAR=Smear)_(Q2_y_Bin_17)_(z_pT_Bin_4)_(MultiDim_z_pT_Bin_Y_bin_phi_t)_(Normalized)[0m (Histo Num 51094)
[91mSkipping: (MultiDim_3D_Histo)_(Bayesian)_(SMEAR=Smear)_(Q2_y_Bin_17)_(z_pT_Bin_5)_(MultiDim_z_pT_Bin_Y_bin_phi_t)_(Normalized)[0m (Histo Num 51098)
[91mSkipping: (MultiDim_3D_Histo)_(RC_Bayesian)_(SMEAR=Smear)_(Q2_y_Bin_17)_(z_pT_Bin_5)_(MultiDim_z_pT_Bin_Y_bin_phi_t)_(Normalized)[0m (Histo Num 51099)
[91mSkipping: (MultiDim_3D_Histo)_(BC_RC_Bayesian)_(SMEAR=Smear)_(Q2_y_Bin_17)_(z_pT_Bin_5)_(MultiDim_z_pT_Bin_Y_bin_phi_t)_(Normalized)[0m (Histo Num 51100)
[91mSkipping: (MultiDim_3D_Histo)_(Bayesian)_(SMEAR=Smear)_(Q2_y_Bin_17)_(z_pT_Bin_7)_(MultiDim_z_pT_Bin_Y_bin_phi_t)_(Normalized)[0m (Histo Num 51104)
[91mSkipping: (MultiDim_3D_Histo)_(RC_Bayesian)_(SMEAR=Smear)_(Q2_y_Bin_17)_(z_pT_Bin_7)_(MultiDim_z_pT_Bin_Y_bin_phi_t)_(Normalized)[0m (Histo Num 51105)
[91mSkipping: (MultiDim_3D_Histo)_(BC_RC_Bayesian)_(SMEAR=Smear)_(Q2_y_Bin_17)_(z_pT_Bin_7)_(MultiDim_z_pT_Bin_Y_bin_phi_t)_(Normalized)[0m (Histo Num 51106)
[91mSkipping: (MultiDim_3D_Histo)_(Bayesian)_(SMEAR=Smear)_(Q2_y_Bin_17)_(z_pT_Bin_8)_(MultiDim_z_pT_Bin_Y_bin_phi_t)_(Normalized)[0m (Histo Num 51110)
[91mSkipping: (MultiDim_3D_Histo)_(RC_Bayesian)_(SMEAR=Smear)_(Q2_y_Bin_17)_(z_pT_Bin_8)_(MultiDim_z_pT_Bin_Y_bin_phi_t)_(Normalized)[0m (Histo Num 51111)
[91mSkipping: (MultiDim_3D_Histo)_(BC_RC_Bayesian)_(SMEAR=Smear)_(Q2_y_Bin_17)_(z_pT_Bin_8)_(MultiDim_z_pT_Bin_Y_bin_phi_t)_(Normalized)[0m (Histo Num 51112)
[91mSkipping: (MultiDim_3D_Histo)_(Bayesian)_(SMEAR=Smear)_(Q2_y_Bin_17)_(z_pT_Bin_9)_(MultiDim_z_pT_Bin_Y_bin_phi_t)_(Normalized)[0m (Histo Num 51116)
[91mSkipping: (MultiDim_3D_Histo)_(RC_Bayesian)_(SMEAR=Smear)_(Q2_y_Bin_17)_(z_pT_Bin_9)_(MultiDim_z_pT_Bin_Y_bin_phi_t)_(Normalized)[0m (Histo Num 51117)
[91mSkipping: (MultiDim_3D_Histo)_(BC_RC_Bayesian)_(SMEAR=Smear)_(Q2_y_Bin_17)_(z_pT_Bin_9)_(MultiDim_z_pT_Bin_Y_bin_phi_t)_(Normalized)[0m (Histo Num 51118)
[91mSkipping: (MultiDim_3D_Histo)_(Bayesian)_(SMEAR=Smear)_(Q2_y_Bin_17)_(z_pT_Bin_10)_(MultiDim_z_pT_Bin_Y_bin_phi_t)_(Normalized)[0m (Histo Num 51122)
[91mSkipping: (MultiDim_3D_Histo)_(RC_Bayesian)_(SMEAR=Smear)_(Q2_y_Bin_17)_(z_pT_Bin_10)_(MultiDim_z_pT_Bin_Y_bin_phi_t)_(Normalized)[0m (Histo Num 51123)
[91mSkipping: (MultiDim_3D_Histo)_(BC_RC_Bayesian)_(SMEAR=Smear)_(Q2_y_Bin_17)_(z_pT_Bin_10)_(MultiDim_z_pT_Bin_Y_bin_phi_t)_(Normalized)[0m (Histo Num 51124)
[91mSkipping: (MultiDim_3D_Histo)_(Bayesian)_(SMEAR=Smear)_(Q2_y_Bin_17)_(z_pT_Bin_11)_(MultiDim_z_pT_Bin_Y_bin_phi_t)_(Normalized)[0m (Histo Num 51128)
[91mSkipping: (MultiDim_3D_Histo)_(RC_Bayesian)_(SMEAR=Smear)_(Q2_y_Bin_17)_(z_pT_Bin_11)_(MultiDim_z_pT_Bin_Y_bin_phi_t)_(Normalized)[0m (Histo Num 51129)
[91mSkipping: (MultiDim_3D_Histo)_(BC_RC_Bayesian)_(SMEAR=Smear)_(Q2_y_Bin_17)_(z_pT_Bin_11)_(MultiDim_z_pT_Bin_Y_bin_phi_t)_(Normalized)[0m (Histo Num 51130)
[91mSkipping: (MultiDim_3D_Histo)_(Bayesian)_(SMEAR=Smear)_(Q2_y_Bin_17)_(z_pT_Bin_12)_(MultiDim_z_pT_Bin_Y_bin_phi_t)_(Normalized)[0m (Histo Num 51134)
[91mSkipping: (MultiDim_3D_Histo)_(RC_Bayesian)_(SMEAR=Smear)_(Q2_y_Bin_17)_(z_pT_Bin_12)_(MultiDim_z_pT_Bin_Y_bin_phi_t)_(Normalized)[0m (Histo Num 51135)
[91mSkipping: (MultiDim_3D_Histo)_(BC_RC_Bayesian)_(SMEAR=Smear)_(Q2_y_Bin_17)_(z_pT_Bin_12)_(MultiDim_z_pT_Bin_Y_bin_phi_t)_(Normalized)[0m (Histo Num 51136)
[91mSkipping: (MultiDim_3D_Histo)_(Bayesian)_(SMEAR=Smear)_(Q2_y_Bin_17)_(z_pT_Bin_13)_(MultiDim_z_pT_Bin_Y_bin_phi_t)_(Normalized)[0m (Histo Num 51140)
[91mSkipping: (MultiDim_3D_Histo)_(RC_Bayesian)_(SMEAR=Smear)_(Q2_y_Bin_17)_(z_pT_Bin_13)_(MultiDim_z_pT_Bin_Y_bin_phi_t)_(Normalized)[0m (Histo Num 51141)
[91mSkipping: (MultiDim_3D_Histo)_(BC_RC_Bayesian)_(SMEAR=Smear)_(Q2_y_Bin_17)_(z_pT_Bin_13)_(MultiDim_z_pT_Bin_Y_bin_phi_t)_(Normalized)[0m (Histo Num 51142)
[91mSkipping: (MultiDim_3D_Histo)_(Bayesian)_(SMEAR=Smear)_(Q2_y_Bin_17)_(z_pT_Bin_14)_(MultiDim_z_pT_Bin_Y_bin_phi_t)_(Normalized)[0m (Histo Num 51146)
[91mSkipping: (MultiDim_3D_Histo)_(RC_Bayesian)_(SMEAR=Smear)_(Q2_y_Bin_17)_(z_pT_Bin_14)_(MultiDim_z_pT_Bin_Y_bin_phi_t)_(Normalized)[0m (Histo Num 51147)
[91mSkipping: (MultiDim_3D_Histo)_(BC_RC_Bayesian)_(SMEAR=Smear)_(Q2_y_Bin_17)_(z_pT_Bin_14)_(MultiDim_z_pT_Bin_Y_bin_phi_t)_(Normalized)[0m (Histo Num 51148)
[91mSkipping: (MultiDim_3D_Histo)_(Bayesian)_(SMEAR=Smear)_(Q2_y_Bin_17)_(z_pT_Bin_15)_(MultiDim_z_pT_Bin_Y_bin_phi_t)_(Normalized)[0m (Histo Num 51152)
[91mSkipping: (MultiDim_3D_Histo)_(RC_Bayesian)_(SMEAR=Smear)_(Q2_y_Bin_17)_(z_pT_Bin_15)_(MultiDim_z_pT_Bin_Y_bin_phi_t)_(Normalized)[0m (Histo Num 51153)
[91mSkipping: (MultiDim_3D_Histo)_(BC_RC_Bayesian)_(SMEAR=Smear)_(Q2_y_Bin_17)_(z_pT_Bin_15)_(MultiDim_z_pT_Bin_Y_bin_phi_t)_(Normalized)[0m (Histo Num 51154)
[91mSkipping: (MultiDim_3D_Histo)_(Bayesian)_(SMEAR=Smear)_(Q2_y_Bin_17)_(z_pT_Bin_16)_(MultiDim_z_pT_Bin_Y_bin_phi_t)_(Normalized)[0m (Histo Num 51158)
[91mSkipping: (MultiDim_3D_Histo)_(RC_Bayesian)_(SMEAR=Smear)_(Q2_y_Bin_17)_(z_pT_Bin_16)_(MultiDim_z_pT_Bin_Y_bin_phi_t)_(Normalized)[0m (Histo Num 51159)
[91mSkipping: (MultiDim_3D_Histo)_(BC_RC_Bayesian)_(SMEAR=Smear)_(Q2_y_Bin_17)_(z_pT_Bin_16)_(MultiDim_z_pT_Bin_Y_bin_phi_t)_(Normalized)[0m (Histo Num 51160)
[91mSkipping: (MultiDim_3D_Histo)_(Bayesian)_(SMEAR=Smear)_(Q2_y_Bin_17)_(z_pT_Bin_17)_(MultiDim_z_pT_Bin_Y_bin_phi_t)_(Normalized)[0m (Histo Num 51164)
[91mSkipping: (MultiDim_3D_Histo)_(RC_Bayesian)_(SMEAR=Smear)_(Q2_y_Bin_17)_(z_pT_Bin_17)_(MultiDim_z_pT_Bin_Y_bin_phi_t)_(Normalized)[0m (Histo Num 51165)
[91mSkipping: (MultiDim_3D_Histo)_(BC_RC_Bayesian)_(SMEAR=Smear)_(Q2_y_Bin_17)_(z_pT_Bin_17)_(MultiDim_z_pT_Bin_Y_bin_phi_t)_(Normalized)[0m (Histo Num 51166)
[91mSkipping: (MultiDim_3D_Histo)_(Bayesian)_(SMEAR=Smear)_(Q2_y_Bin_17)_(z_pT_Bin_18)_(MultiDim_z_pT_Bin_Y_bin_phi_t)_(Normalized)[0m (Histo Num 51170)
[91mSkipping: (MultiDim_3D_Histo)_(RC_Bayesian)_(SMEAR=Smear)_(Q2_y_Bin_17)_(z_pT_Bin_18)_(MultiDim_z_pT_Bin_Y_bin_phi_t)_(Normalized)[0m (Histo Num 51171)
[91mSkipping: (MultiDim_3D_Histo)_(BC_RC_Bayesian)_(SMEAR=Smear)_(Q2_y_Bin_17)_(z_pT_Bin_18)_(MultiDim_z_pT_Bin_Y_bin_phi_t)_(Normalized)[0m (Histo Num 51172)
[91mSkipping: (MultiDim_3D_Histo)_(Bayesian)_(SMEAR=Smear)_(Q2_y_Bin_17)_(z_pT_Bin_19)_(MultiDim_z_pT_Bin_Y_bin_phi_t)_(Normalized)[0m (Histo Num 51176)
[91mSkipping: (MultiDim_3D_Histo)_(RC_Bayesian)_(SMEAR=Smear)_(Q2_y_Bin_17)_(z_pT_Bin_19)_(MultiDim_z_pT_Bin_Y_bin_phi_t)_(Normalized)[0m (Histo Num 51177)
[91mSkipping: (MultiDim_3D_Histo)_(BC_RC_Bayesian)_(SMEAR=Smear)_(Q2_y_Bin_17)_(z_pT_Bin_19)_(MultiDim_z_pT_Bin_Y_bin_phi_t)_(Normalized)[0m (Histo Num 51178)
[91mSkipping: (MultiDim_3D_Histo)_(Bayesian)_(SMEAR=Smear)_(Q2_y_Bin_17)_(z_pT_Bin_20)_(MultiDim_z_pT_Bin_Y_bin_phi_t)_(Normalized)[0m (Histo Num 51182)
[91mSkipping: (MultiDim_3D_Histo)_(RC_Bayesian)_(SMEAR=Smear)_(Q2_y_Bin_17)_(z_pT_Bin_20)_(MultiDim_z_pT_Bin_Y_bin_phi_t)_(Normalized)[0m (Histo Num 51183)
[91mSkipping: (MultiDim_3D_Histo)_(BC_RC_Bayesian)_(SMEAR=Smear)_(Q2_y_Bin_17)_(z_pT_Bin_20)_(MultiDim_z_pT_Bin_Y_bin_phi_t)_(Normalized)[0m (Histo Num 51184)
[91mSkipping: (MultiDim_3D_Histo)_(Bayesian)_(SMEAR=Smear)_(Q2_y_Bin_17)_(z_pT_Bin_21)_(MultiDim_z_pT_Bin_Y_bin_phi_t)_(Normalized)[0m (Histo Num 51188)
[91mSkipping: (MultiDim_3D_Histo)_(RC_Bayesian)_(SMEAR=Smear)_(Q2_y_Bin_17)_(z_pT_Bin_21)_(MultiDim_z_pT_Bin_Y_bin_phi_t)_(Normalized)[0m (Histo Num 51189)
[91mSkipping: (MultiDim_3D_Histo)_(BC_RC_Bayesian)_(SMEAR=Smear)_(Q2_y_Bin_17)_(z_pT_Bin_21)_(MultiDim_z_pT_Bin_Y_bin_phi_t)_(Normalized)[0m (Histo Num 51190)
[91mSkipping: (MultiDim_3D_Histo)_(Bayesian)_(SMEAR=Smear)_(Q2_y_Bin_17)_(z_pT_Bin_22)_(MultiDim_z_pT_Bin_Y_bin_phi_t)_(Normalized)[0m (Histo Num 51194)
[91mSkipping: (MultiDim_3D_Histo)_(RC_Bayesian)_(SMEAR=Smear)_(Q2_y_Bin_17)_(z_pT_Bin_22)_(MultiDim_z_pT_Bin_Y_bin_phi_t)_(Normalized)[0m (Histo Num 51195)
[91mSkipping: (MultiDim_3D_Histo)_(BC_RC_Bayesian)_(SMEAR=Smear)_(Q2_y_Bin_17)_(z_pT_Bin_22)_(MultiDim_z_pT_Bin_Y_bin_phi_t)_(Normalized)[0m (Histo Num 51196)
[91mSkipping: (MultiDim_3D_Histo)_(Bayesian)_(SMEAR=Smear)_(Q2_y_Bin_17)_(z_pT_Bin_23)_(MultiDim_z_pT_Bin_Y_bin_phi_t)_(Normalized)[0m (Histo Num 51200)
[91mSkipping: (MultiDim_3D_Histo)_(RC_Bayesian)_(SMEAR=Smear)_(Q2_y_Bin_17)_(z_pT_Bin_23)_(MultiDim_z_pT_Bin_Y_bin_phi_t)_(Normalized)[0m (Histo Num 51201)
[91mSkipping: (MultiDim_3D_Histo)_(BC_RC_Bayesian)_(SMEAR=Smear)_(Q2_y_Bin_17)_(z_pT_Bin_23)_(MultiDim_z_pT_Bin_Y_bin_phi_t)_(Normalized)[0m (Histo Num 51202)
[91mSkipping: (MultiDim_3D_Histo)_(Bayesian)_(SMEAR=Smear)_(Q2_y_Bin_17)_(z_pT_Bin_25)_(MultiDim_z_pT_Bin_Y_bin_phi_t)_(Normalized)[0m (Histo Num 51206)
[91mSkipping: (MultiDim_3D_Histo)_(RC_Bayesian)_(SMEAR=Smear)_(Q2_y_Bin_17)_(z_pT_Bin_25)_(MultiDim_z_pT_Bin_Y_bin_phi_t)_(Normalized)[0m (Histo Num 51207)
[91mSkipping: (MultiDim_3D_Histo)_(BC_RC_Bayesian)_(SMEAR=Smear)_(Q2_y_Bin_17)_(z_pT_Bin_25)_(MultiDim_z_pT_Bin_Y_bin_phi_t)_(Normalized)[0m (Histo Num 51208)
[91mSkipping: (MultiDim_3D_Histo)_(Bayesian)_(SMEAR=Smear)_(Q2_y_Bin_17)_(z_pT_Bin_26)_(MultiDim_z_pT_Bin_Y_bin_phi_t)_(Normalized)[0m (Histo Num 51212)
[91mSkipping: (MultiDim_3D_Histo)_(RC_Bayesian)_(SMEAR=Smear)_(Q2_y_Bin_17)_(z_pT_Bin_26)_(MultiDim_z_pT_Bin_Y_bin_phi_t)_(Normalized)[0m (Histo Num 51213)
[91mSkipping: (MultiDim_3D_Histo)_(BC_RC_Bayesian)_(SMEAR=Smear)_(Q2_y_Bin_17)_(z_pT_Bin_26)_(MultiDim_z_pT_Bin_Y_bin_phi_t)_(Normalized)[0m (Histo Num 51214)
[91mSkipping: (MultiDim_3D_Histo)_(Bayesian)_(SMEAR=Smear)_(Q2_y_Bin_17)_(z_pT_Bin_27)_(MultiDim_z_pT_Bin_Y_bin_phi_t)_(Normalized)[0m (Histo Num 51218)
[91mSkipping: (MultiDim_3D_Histo)_(RC_Bayesian)_(SMEAR=Smear)_(Q2_y_Bin_17)_(z_pT_Bin_27)_(MultiDim_z_pT_Bin_Y_bin_phi_t)_(Normalized)[0m (Histo Num 51219)
[91mSkipping: (MultiDim_3D_Histo)_(BC_RC_Bayesian)_(SMEAR=Smear)_(Q2_y_Bin_17)_(z_pT_Bin_27)_(MultiDim_z_pT_Bin_Y_bin_phi_t)_(Normalized)[0m (Histo Num 51220)
[91mSkipping: (MultiDim_3D_Histo)_(Bayesian)_(SMEAR=Smear)_(Q2_y_Bin_17)_(z_pT_Bin_28)_(MultiDim_z_pT_Bin_Y_bin_phi_t)_(Normalized)[0m (Histo Num 51224)
[91mSkipping: (MultiDim_3D_Histo)_(RC_Bayesian)_(SMEAR=Smear)_(Q2_y_Bin_17)_(z_pT_Bin_28)_(MultiDim_z_pT_Bin_Y_bin_phi_t)_(Normalized)[0m (Histo Num 51225)
[91mSkipping: (MultiDim_3D_Histo)_(BC_RC_Bayesian)_(SMEAR=Smear)_(Q2_y_Bin_17)_(z_pT_Bin_28)_(MultiDim_z_pT_Bin_Y_bin_phi_t)_(Normalized)[0m (Histo Num 51226)
Fitting for: [1m(MultiDim_5D_Histo)_(Bayesian)_(SMEAR=Smear)_(Q2_y_Bin_1)_(z_pT_Bin_1)_(MultiDim_Q2_y_z_pT_phi_h)_(Normalized)[0m (Histo Num 52691)
Fitting for: [1m(MultiDim_5D_Histo)_(RC_Bayesian)_(SMEAR=Smear)_(Q2_y_Bin_1)_(z_pT_Bin_1)_(MultiDim_Q2_y_z_pT_phi_h)_(Normalized)[0m (Histo Num 52692)
Fitting for: [1m(MultiDim_5D_Histo)_(BC_RC_Bayesian)_(SMEAR=Smear)_(Q2_y_Bin_1)_(z_pT_Bin_1)_(MultiDim_Q2_y_z_pT_phi_h)_(Normalized)[0m (Histo Num 52693)
Fitting for: [1m(MultiDim_5D_Histo)_(Bayesian)_(SMEAR=Smear)_(Q2_y_Bin_1)_(z_pT_Bin_2)_(MultiDim_Q2_y_z_pT_phi_h)_(Normalized)[0m (Histo Num 52695)
Fitting for: [1m(MultiDim_5D_Histo)_(RC_Bayesian)_(SMEAR=Smear)_(Q2_y_Bin_1)_(z_pT_Bin_2)_(MultiDim_Q2_y_z_pT_phi_h)_(Normalized)[0m (Histo Num 52696)
Fitting for: [1m(MultiDim_5D_Histo)_(BC_RC_Bayesian)_(SMEAR=Smear)_(Q2_y_Bin_1)_(z_pT_Bin_2)_(MultiDim_Q2_y_z_pT_phi_h)_(Normalized)[0m (Histo Num 52697)
Fitting for: [1m(MultiDim_5D_Histo)_(Bayesian)_(SMEAR=Smear)_(Q2_y_Bin_1)_(z_pT_Bin_3)_(MultiDim_Q2_y_z_pT_phi_h)_(Normalized)[0m (Histo Num 52699)
Fitting for: [1m(MultiDim_5D_Histo)_(RC_Bayesian)_(SMEAR=Smear)_(Q2_y_Bin_1)_(z_pT_Bin_3)_(MultiDim_Q2_y_z_pT_phi_h)_(Normalized)[0m (Histo Num 52700)
Fitting for: [1m(MultiDim_5D_Histo)_(BC_RC_Bayesian)_(SMEAR=Smear)_(Q2_y_Bin_1)_(z_pT_Bin_3)_(MultiDim_Q2_y_z_pT_phi_h)_(Normalized)[0m (Histo Num 52701)
Fitting for: [1m(MultiDim_5D_Histo)_(Bayesian)_(SMEAR=Smear)_(Q2_y_Bin_1)_(z_pT_Bin_4)_(MultiDim_Q2_y_z_pT_phi_h)_(Normalized)[0m (Histo Num 52703)
Fitting for: [1m(MultiDim_5D_Histo)_(RC_Bayesian)_(SMEAR=Smear)_(Q2_y_Bin_1)_(z_pT_Bin_4)_(MultiDim_Q2_y_z_pT_phi_h)_(Normalized)[0m (Histo Num 52704)
Fitting for: [1m(MultiDim_5D_Histo)_(BC_RC_Bayesian)_(SMEAR=Smear)_(Q2_y_Bin_1)_(z_pT_Bin_4)_(MultiDim_Q2_y_z_pT_phi_h)_(Normalized)[0m (Histo Num 52705)
Fitting for: [1m(MultiDim_5D_Histo)_(Bayesian)_(SMEAR=Smear)_(Q2_y_Bin_1)_(z_pT_Bin_5)_(MultiDim_Q2_y_z_pT_phi_h)_(Normalized)[0m (Histo Num 52707)
Fitting for: [1m(MultiDim_5D_Histo)_(RC_Bayesian)_(SMEAR=Smear)_(Q2_y_Bin_1)_(z_pT_Bin_5)_(MultiDim_Q2_y_z_pT_phi_h)_(Normalized)[0m (Histo Num 52708)
Fitting for: [1m(MultiDim_5D_Histo)_(BC_RC_Bayesian)_(SMEAR=Smear)_(Q2_y_Bin_1)_(z_pT_Bin_5)_(MultiDim_Q2_y_z_pT_phi_h)_(Normalized)[0m (Histo Num 52709)
Fitting for: [1m(MultiDim_5D_Histo)_(Bayesian)_(SMEAR=Smear)_(Q2_y_Bin_1)_(z_pT_Bin_6)_(MultiDim_Q2_y_z_pT_phi_h)_(Normalized)[0m (Histo Num 52711)
Fitting for: [1m(MultiDim_5D_Histo)_(RC_Bayesian)_(SMEAR=Smear)_(Q2_y_Bin_1)_(z_pT_Bin_6)_(MultiDim_Q2_y_z_pT_phi_h)_(Normalized)[0m (Histo Num 52712)
Fitting for: [1m(MultiDim_5D_Histo)_(BC_RC_Bayesian)_(SMEAR=Smear)_(Q2_y_Bin_1)_(z_pT_Bin_6)_(MultiDim_Q2_y_z_pT_phi_h)_(Normalized)[0m (Histo Num 52713)
Fitting for: [1m(MultiDim_5D_Histo)_(Bayesian)_(SMEAR=Smear)_(Q2_y_Bin_1)_(z_pT_Bin_7)_(MultiDim_Q2_y_z_pT_phi_h)_(Normalized)[0m (Histo Num 52715)
Fitting for: [1m(MultiDim_5D_Histo)_(RC_Bayesian)_(SMEAR=Smear)_(Q2_y_Bin_1)_(z_pT_Bin_7)_(MultiDim_Q2_y_z_pT_phi_h)_(Normalized)[0m (Histo Num 52716)
Fitting for: [1m(MultiDim_5D_Histo)_(BC_RC_Bayesian)_(SMEAR=Smear)_(Q2_y_Bin_1)_(z_pT_Bin_7)_(MultiDim_Q2_y_z_pT_phi_h)_(Normalized)[0m (Histo Num 52717)
Fitting for: [1m(MultiDim_5D_Histo)_(Bayesian)_(SMEAR=Smear)_(Q2_y_Bin_1)_(z_pT_Bin_8)_(MultiDim_Q2_y_z_pT_phi_h)_(Normalized)[0m (Histo Num 52719)
Fitting for: [1m(MultiDim_5D_Histo)_(RC_Bayesian)_(SMEAR=Smear)_(Q2_y_Bin_1)_(z_pT_Bin_8)_(MultiDim_Q2_y_z_pT_phi_h)_(Normalized)[0m (Histo Num 52720)
Fitting for: [1m(MultiDim_5D_Histo)_(BC_RC_Bayesian)_(SMEAR=Smear)_(Q2_y_Bin_1)_(z_pT_Bin_8)_(MultiDim_Q2_y_z_pT_phi_h)_(Normalized)[0m (Histo Num 52721)
Fitting for: [1m(MultiDim_5D_Histo)_(Bayesian)_(SMEAR=Smear)_(Q2_y_Bin_1)_(z_pT_Bin_9)_(MultiDim_Q2_y_z_pT_phi_h)_(Normalized)[0m (Histo Num 52723)
Fitting for: [1m(MultiDim_5D_Histo)_(RC_Bayesian)_(SMEAR=Smear)_(Q2_y_Bin_1)_(z_pT_Bin_9)_(MultiDim_Q2_y_z_pT_phi_h)_(Normalized)[0m (Histo Num 52724)
Fitting for: [1m(MultiDim_5D_Histo)_(BC_RC_Bayesian)_(SMEAR=Smear)_(Q2_y_Bin_1)_(z_pT_Bin_9)_(MultiDim_Q2_y_z_pT_phi_h)_(Normalized)[0m (Histo Num 52725)
Fitting for: [1m(MultiDim_5D_Histo)_(Bayesian)_(SMEAR=Smear)_(Q2_y_Bin_1)_(z_pT_Bin_10)_(MultiDim_Q2_y_z_pT_phi_h)_(Normalized)[0m (Histo Num 52727)
Fitting for: [1m(MultiDim_5D_Histo)_(RC_Bayesian)_(SMEAR=Smear)_(Q2_y_Bin_1)_(z_pT_Bin_10)_(MultiDim_Q2_y_z_pT_phi_h)_(Normalized)[0m (Histo Num 52728)
Fitting for: [1m(MultiDim_5D_Histo)_(BC_RC_Bayesian)_(SMEAR=Smear)_(Q2_y_Bin_1)_(z_pT_Bin_10)_(MultiDim_Q2_y_z_pT_phi_h)_(Normalized)[0m (Histo Num 52729)
Fitting for: [1m(MultiDim_5D_Histo)_(Bayesian)_(SMEAR=Smear)_(Q2_y_Bin_1)_(z_pT_Bin_11)_(MultiDim_Q2_y_z_pT_phi_h)_(Normalized)[0m (Histo Num 52731)
Fitting for: [1m(MultiDim_5D_Histo)_(RC_Bayesian)_(SMEAR=Smear)_(Q2_y_Bin_1)_(z_pT_Bin_11)_(MultiDim_Q2_y_z_pT_phi_h)_(Normalized)[0m (Histo Num 52732)
Fitting for: [1m(MultiDim_5D_Histo)_(BC_RC_Bayesian)_(SMEAR=Smear)_(Q2_y_Bin_1)_(z_pT_Bin_11)_(MultiDim_Q2_y_z_pT_phi_h)_(Normalized)[0m (Histo Num 52733)
Fitting for: [1m(MultiDim_5D_Histo)_(Bayesian)_(SMEAR=Smear)_(Q2_y_Bin_1)_(z_pT_Bin_12)_(MultiDim_Q2_y_z_pT_phi_h)_(Normalized)[0m (Histo Num 52735)
Fitting for: [1m(MultiDim_5D_Histo)_(RC_Bayesian)_(SMEAR=Smear)_(Q2_y_Bin_1)_(z_pT_Bin_12)_(MultiDim_Q2_y_z_pT_phi_h)_(Normalized)[0m (Histo Num 52736)
Fitting for: [1m(MultiDim_5D_Histo)_(BC_RC_Bayesian)_(SMEAR=Smear)_(Q2_y_Bin_1)_(z_pT_Bin_12)_(MultiDim_Q2_y_z_pT_phi_h)_(Normalized)[0m (Histo Num 52737)
Fitting for: [1m(MultiDim_5D_Histo)_(Bayesian)_(SMEAR=Smear)_(Q2_y_Bin_1)_(z_pT_Bin_13)_(MultiDim_Q2_y_z_pT_phi_h)_(Normalized)[0m (Histo Num 52739)
Fitting for: [1m(MultiDim_5D_Histo)_(RC_Bayesian)_(SMEAR=Smear)_(Q2_y_Bin_1)_(z_pT_Bin_13)_(MultiDim_Q2_y_z_pT_phi_h)_(Normalized)[0m (Histo Num 52740)
Fitting for: [1m(MultiDim_5D_Histo)_(BC_RC_Bayesian)_(SMEAR=Smear)_(Q2_y_Bin_1)_(z_pT_Bin_13)_(MultiDim_Q2_y_z_pT_phi_h)_(Normalized)[0m (Histo Num 52741)
Fitting for: [1m(MultiDim_5D_Histo)_(Bayesian)_(SMEAR=Smear)_(Q2_y_Bin_1)_(z_pT_Bin_14)_(MultiDim_Q2_y_z_pT_phi_h)_(Normalized)[0m (Histo Num 52743)
Fitting for: [1m(MultiDim_5D_Histo)_(RC_Bayesian)_(SMEAR=Smear)_(Q2_y_Bin_1)_(z_pT_Bin_14)_(MultiDim_Q2_y_z_pT_phi_h)_(Normalized)[0m (Histo Num 52744)
Fitting for: [1m(MultiDim_5D_Histo)_(BC_RC_Bayesian)_(SMEAR=Smear)_(Q2_y_Bin_1)_(z_pT_Bin_14)_(MultiDim_Q2_y_z_pT_phi_h)_(Normalized)[0m (Histo Num 52745)
Fitting for: [1m(MultiDim_5D_Histo)_(Bayesian)_(SMEAR=Smear)_(Q2_y_Bin_1)_(z_pT_Bin_15)_(MultiDim_Q2_y_z_pT_phi_h)_(Normalized)[0m (Histo Num 52747)
Fitting for: [1m(MultiDim_5D_Histo)_(RC_Bayesian)_(SMEAR=Smear)_(Q2_y_Bin_1)_(z_pT_Bin_15)_(MultiDim_Q2_y_z_pT_phi_h)_(Normalized)[0m (Histo Num 52748)
Fitting for: [1m(MultiDim_5D_Histo)_(BC_RC_Bayesian)_(SMEAR=Smear)_(Q2_y_Bin_1)_(z_pT_Bin_15)_(MultiDim_Q2_y_z_pT_phi_h)_(Normalized)[0m (Histo Num 52749)
Fitting for: [1m(MultiDim_5D_Histo)_(Bayesian)_(SMEAR=Smear)_(Q2_y_Bin_1)_(z_pT_Bin_16)_(MultiDim_Q2_y_z_pT_phi_h)_(Normalized)[0m (Histo Num 52751)
Fitting for: [1m(MultiDim_5D_Histo)_(RC_Bayesian)_(SMEAR=Smear)_(Q2_y_Bin_1)_(z_pT_Bin_16)_(MultiDim_Q2_y_z_pT_phi_h)_(Normalized)[0m (Histo Num 52752)
Fitting for: [1m(MultiDim_5D_Histo)_(BC_RC_Bayesian)_(SMEAR=Smear)_(Q2_y_Bin_1)_(z_pT_Bin_16)_(MultiDim_Q2_y_z_pT_phi_h)_(Normalized)[0m (Histo Num 52753)
Fitting for: [1m(MultiDim_5D_Histo)_(Bayesian)_(SMEAR=Smear)_(Q2_y_Bin_1)_(z_pT_Bin_17)_(MultiDim_Q2_y_z_pT_phi_h)_(Normalized)[0m (Histo Num 52755)
Fitting for: [1m(MultiDim_5D_Histo)_(RC_Bayesian)_(SMEAR=Smear)_(Q2_y_Bin_1)_(z_pT_Bin_17)_(MultiDim_Q2_y_z_pT_phi_h)_(Normalized)[0m (Histo Num 52756)
Fitting for: [1m(MultiDim_5D_Histo)_(BC_RC_Bayesian)_(SMEAR=Smear)_(Q2_y_Bin_1)_(z_pT_Bin_17)_(MultiDim_Q2_y_z_pT_phi_h)_(Normalized)[0m (Histo Num 52757)
Fitting for: [1m(MultiDim_5D_Histo)_(Bayesian)_(SMEAR=Smear)_(Q2_y_Bin_1)_(z_pT_Bin_18)_(MultiDim_Q2_y_z_pT_phi_h)_(Normalized)[0m (Histo Num 52759)
Fitting for: [1m(MultiDim_5D_Histo)_(RC_Bayesian)_(SMEAR=Smear)_(Q2_y_Bin_1)_(z_pT_Bin_18)_(MultiDim_Q2_y_z_pT_phi_h)_(Normalized)[0m (Histo Num 52760)
Fitting for: [1m(MultiDim_5D_Histo)_(BC_RC_Bayesian)_(SMEAR=Smear)_(Q2_y_Bin_1)_(z_pT_Bin_18)_(MultiDim_Q2_y_z_pT_phi_h)_(Normalized)[0m (Histo Num 52761)
Fitting for: [1m(MultiDim_5D_Histo)_(Bayesian)_(SMEAR=Smear)_(Q2_y_Bin_1)_(z_pT_Bin_19)_(MultiDim_Q2_y_z_pT_phi_h)_(Normalized)[0m (Histo Num 52763)
Fitting for: [1m(MultiDim_5D_Histo)_(RC_Bayesian)_(SMEAR=Smear)_(Q2_y_Bin_1)_(z_pT_Bin_19)_(MultiDim_Q2_y_z_pT_phi_h)_(Normalized)[0m (Histo Num 52764)
Fitting for: [1m(MultiDim_5D_Histo)_(BC_RC_Bayesian)_(SMEAR=Smear)_(Q2_y_Bin_1)_(z_pT_Bin_19)_(MultiDim_Q2_y_z_pT_phi_h)_(Normalized)[0m (Histo Num 52765)
Fitting for: [1m(MultiDim_5D_Histo)_(Bayesian)_(SMEAR=Smear)_(Q2_y_Bin_1)_(z_pT_Bin_20)_(MultiDim_Q2_y_z_pT_phi_h)_(Normalized)[0m (Histo Num 52767)
Fitting for: [1m(MultiDim_5D_Histo)_(RC_Bayesian)_(SMEAR=Smear)_(Q2_y_Bin_1)_(z_pT_Bin_20)_(MultiDim_Q2_y_z_pT_phi_h)_(Normalized)[0m (Histo Num 52768)
Fitting for: [1m(MultiDim_5D_Histo)_(BC_RC_Bayesian)_(SMEAR=Smear)_(Q2_y_Bin_1)_(z_pT_Bin_20)_(MultiDim_Q2_y_z_pT_phi_h)_(Normalized)[0m (Histo Num 52769)
Fitting for: [1m(MultiDim_5D_Histo)_(Bayesian)_(SMEAR=Smear)_(Q2_y_Bin_1)_(z_pT_Bin_22)_(MultiDim_Q2_y_z_pT_phi_h)_(Normalized)[0m (Histo Num 52771)
Fitting for: [1m(MultiDim_5D_Histo)_(RC_Bayesian)_(SMEAR=Smear)_(Q2_y_Bin_1)_(z_pT_Bin_22)_(MultiDim_Q2_y_z_pT_phi_h)_(Normalized)[0m (Histo Num 52772)
Fitting for: [1m(MultiDim_5D_Histo)_(BC_RC_Bayesian)_(SMEAR=Smear)_(Q2_y_Bin_1)_(z_pT_Bin_22)_(MultiDim_Q2_y_z_pT_phi_h)_(Normalized)[0m (Histo Num 52773)
Fitting for: [1m(MultiDim_5D_Histo)_(Bayesian)_(SMEAR=Smear)_(Q2_y_Bin_1)_(z_pT_Bin_23)_(MultiDim_Q2_y_z_pT_phi_h)_(Normalized)[0m (Histo Num 52775)
Fitting for: [1m(MultiDim_5D_Histo)_(RC_Bayesian)_(SMEAR=Smear)_(Q2_y_Bin_1)_(z_pT_Bin_23)_(MultiDim_Q2_y_z_pT_phi_h)_(Normalized)[0m (Histo Num 52776)
Fitting for: [1m(MultiDim_5D_Histo)_(BC_RC_Bayesian)_(SMEAR=Smear)_(Q2_y_Bin_1)_(z_pT_Bin_23)_(MultiDim_Q2_y_z_pT_phi_h)_(Normalized)[0m (Histo Num 52777)
Fitting for: [1m(MultiDim_5D_Histo)_(Bayesian)_(SMEAR=Smear)_(Q2_y_Bin_1)_(z_pT_Bin_24)_(MultiDim_Q2_y_z_pT_phi_h)_(Normalized)[0m (Histo Num 52779)
Fitting for: [1m(MultiDim_5D_Histo)_(RC_Bayesian)_(SMEAR=Smear)_(Q2_y_Bin_1)_(z_pT_Bin_24)_(MultiDim_Q2_y_z_pT_phi_h)_(Normalized)[0m (Histo Num 52780)
Fitting for: [1m(MultiDim_5D_Histo)_(BC_RC_Bayesian)_(SMEAR=Smear)_(Q2_y_Bin_1)_(z_pT_Bin_24)_(MultiDim_Q2_y_z_pT_phi_h)_(Normalized)[0m (Histo Num 52781)
Fitting for: [1m(MultiDim_5D_Histo)_(Bayesian)_(SMEAR=Smear)_(Q2_y_Bin_1)_(z_pT_Bin_25)_(MultiDim_Q2_y_z_pT_phi_h)_(Normalized)[0m (Histo Num 52783)
Fitting for: [1m(MultiDim_5D_Histo)_(RC_Bayesian)_(SMEAR=Smear)_(Q2_y_Bin_1)_(z_pT_Bin_25)_(MultiDim_Q2_y_z_pT_phi_h)_(Normalized)[0m (Histo Num 52784)
Fitting for: [1m(MultiDim_5D_Histo)_(BC_RC_Bayesian)_(SMEAR=Smear)_(Q2_y_Bin_1)_(z_pT_Bin_25)_(MultiDim_Q2_y_z_pT_phi_h)_(Normalized)[0m (Histo Num 52785)
Fitting for: [1m(MultiDim_5D_Histo)_(Bayesian)_(SMEAR=Smear)_(Q2_y_Bin_1)_(z_pT_Bin_26)_(MultiDim_Q2_y_z_pT_phi_h)_(Normalized)[0m (Histo Num 52787)
Fitting for: [1m(MultiDim_5D_Histo)_(RC_Bayesian)_(SMEAR=Smear)_(Q2_y_Bin_1)_(z_pT_Bin_26)_(MultiDim_Q2_y_z_pT_phi_h)_(Normalized)[0m (Histo Num 52788)
Fitting for: [1m(MultiDim_5D_Histo)_(BC_RC_Bayesian)_(SMEAR=Smear)_(Q2_y_Bin_1)_(z_pT_Bin_26)_(MultiDim_Q2_y_z_pT_phi_h)_(Normalized)[0m (Histo Num 52789)
Fitting for: [1m(MultiDim_5D_Histo)_(Bayesian)_(SMEAR=Smear)_(Q2_y_Bin_1)_(z_pT_Bin_29)_(MultiDim_Q2_y_z_pT_phi_h)_(Normalized)[0m (Histo Num 52791)
Fitting for: [1m(MultiDim_5D_Histo)_(RC_Bayesian)_(SMEAR=Smear)_(Q2_y_Bin_1)_(z_pT_Bin_29)_(MultiDim_Q2_y_z_pT_phi_h)_(Normalized)[0m (Histo Num 52792)
Fitting for: [1m(MultiDim_5D_Histo)_(BC_RC_Bayesian)_(SMEAR=Smear)_(Q2_y_Bin_1)_(z_pT_Bin_29)_(MultiDim_Q2_y_z_pT_phi_h)_(Normalized)[0m (Histo Num 52793)
Fitting for: [1m(MultiDim_5D_Histo)_(Bayesian)_(SMEAR=Smear)_(Q2_y_Bin_1)_(z_pT_Bin_30)_(MultiDim_Q2_y_z_pT_phi_h)_(Normalized)[0m (Histo Num 52795)
Fitting for: [1m(MultiDim_5D_Histo)_(RC_Bayesian)_(SMEAR=Smear)_(Q2_y_Bin_1)_(z_pT_Bin_30)_(MultiDim_Q2_y_z_pT_phi_h)_(Normalized)[0m (Histo Num 52796)
Fitting for: [1m(MultiDim_5D_Histo)_(BC_RC_Bayesian)_(SMEAR=Smear)_(Q2_y_Bin_1)_(z_pT_Bin_30)_(MultiDim_Q2_y_z_pT_phi_h)_(Normalized)[0m (Histo Num 52797)
Fitting for: [1m(MultiDim_5D_Histo)_(Bayesian)_(SMEAR=Smear)_(Q2_y_Bin_1)_(z_pT_Bin_31)_(MultiDim_Q2_y_z_pT_phi_h)_(Normalized)[0m (Histo Num 52799)
Fitting for: [1m(MultiDim_5D_Histo)_(RC_Bayesian)_(SMEAR=Smear)_(Q2_y_Bin_1)_(z_pT_Bin_31)_(MultiDim_Q2_y_z_pT_phi_h)_(Normalized)[0m (Histo Num 52800)
Fitting for: [1m(MultiDim_5D_Histo)_(BC_RC_Bayesian)_(SMEAR=Smear)_(Q2_y_Bin_1)_(z_pT_Bin_31)_(MultiDim_Q2_y_z_pT_phi_h)_(Normalized)[0m (Histo Num 52801)
Fitting for: [1m(MultiDim_5D_Histo)_(Bayesian)_(SMEAR=Smear)_(Q2_y_Bin_1)_(z_pT_Bin_32)_(MultiDim_Q2_y_z_pT_phi_h)_(Normalized)[0m (Histo Num 52803)
Fitting for: [1m(MultiDim_5D_Histo)_(RC_Bayesian)_(SMEAR=Smear)_(Q2_y_Bin_1)_(z_pT_Bin_32)_(MultiDim_Q2_y_z_pT_phi_h)_(Normalized)[0m (Histo Num 52804)
Fitting for: [1m(MultiDim_5D_Histo)_(BC_RC_Bayesian)_(SMEAR=Smear)_(Q2_y_Bin_1)_(z_pT_Bin_32)_(MultiDim_Q2_y_z_pT_phi_h)_(Normalized)[0m (Histo Num 52805)
Fitting for: [1m(MultiDim_5D_Histo)_(Bayesian)_(SMEAR=Smear)_(Q2_y_Bin_2)_(z_pT_Bin_1)_(MultiDim_Q2_y_z_pT_phi_h)_(Normalized)[0m (Histo Num 52807)
Fitting for: [1m(MultiDim_5D_Histo)_(RC_Bayesian)_(SMEAR=Smear)_(Q2_y_Bin_2)_(z_pT_Bin_1)_(MultiDim_Q2_y_z_pT_phi_h)_(Normalized)[0m (Histo Num 52808)
Fitting for: [1m(MultiDim_5D_Histo)_(BC_RC_Bayesian)_(SMEAR=Smear)_(Q2_y_Bin_2)_(z_pT_Bin_1)_(MultiDim_Q2_y_z_pT_phi_h)_(Normalized)[0m (Histo Num 52809)
Fitting for: [1m(MultiDim_5D_Histo)_(Bayesian)_(SMEAR=Smear)_(Q2_y_Bin_2)_(z_pT_Bin_2)_(MultiDim_Q2_y_z_pT_phi_h)_(Normalized)[0m (Histo Num 52811)
Fitting for: [1m(MultiDim_5D_Histo)_(RC_Bayesian)_(SMEAR=Smear)_(Q2_y_Bin_2)_(z_pT_Bin_2)_(MultiDim_Q2_y_z_pT_phi_h)_(Normalized)[0m (Histo Num 52812)
Fitting for: [1m(MultiDim_5D_Histo)_(BC_RC_Bayesian)_(SMEAR=Smear)_(Q2_y_Bin_2)_(z_pT_Bin_2)_(MultiDim_Q2_y_z_pT_phi_h)_(Normalized)[0m (Histo Num 52813)
Fitting for: [1m(MultiDim_5D_Histo)_(Bayesian)_(SMEAR=Smear)_(Q2_y_Bin_2)_(z_pT_Bin_3)_(MultiDim_Q2_y_z_pT_phi_h)_(Normalized)[0m (Histo Num 52815)
Fitting for: [1m(MultiDim_5D_Histo)_(RC_Bayesian)_(SMEAR=Smear)_(Q2_y_Bin_2)_(z_pT_Bin_3)_(MultiDim_Q2_y_z_pT_phi_h)_(Normalized)[0m (Histo Num 52816)
Fitting for: [1m(MultiDim_5D_Histo)_(BC_RC_Bayesian)_(SMEAR=Smear)_(Q2_y_Bin_2)_(z_pT_Bin_3)_(MultiDim_Q2_y_z_pT_phi_h)_(Normalized)[0m (Histo Num 52817)
Fitting for: [1m(MultiDim_5D_Histo)_(Bayesian)_(SMEAR=Smear)_(Q2_y_Bin_2)_(z_pT_Bin_4)_(MultiDim_Q2_y_z_pT_phi_h)_(Normalized)[0m (Histo Num 52819)
Fitting for: [1m(MultiDim_5D_Histo)_(RC_Bayesian)_(SMEAR=Smear)_(Q2_y_Bin_2)_(z_pT_Bin_4)_(MultiDim_Q2_y_z_pT_phi_h)_(Normalized)[0m (Histo Num 52820)
Fitting for: [1m(MultiDim_5D_Histo)_(BC_RC_Bayesian)_(SMEAR=Smear)_(Q2_y_Bin_2)_(z_pT_Bin_4)_(MultiDim_Q2_y_z_pT_phi_h)_(Normalized)[0m (Histo Num 52821)
Fitting for: [1m(MultiDim_5D_Histo)_(Bayesian)_(SMEAR=Smear)_(Q2_y_Bin_2)_(z_pT_Bin_5)_(MultiDim_Q2_y_z_pT_phi_h)_(Normalized)[0m (Histo Num 52823)
Fitting for: [1m(MultiDim_5D_Histo)_(RC_Bayesian)_(SMEAR=Smear)_(Q2_y_Bin_2)_(z_pT_Bin_5)_(MultiDim_Q2_y_z_pT_phi_h)_(Normalized)[0m (Histo Num 52824)
Fitting for: [1m(MultiDim_5D_Histo)_(BC_RC_Bayesian)_(SMEAR=Smear)_(Q2_y_Bin_2)_(z_pT_Bin_5)_(MultiDim_Q2_y_z_pT_phi_h)_(Normalized)[0m (Histo Num 52825)
Fitting for: [1m(MultiDim_5D_Histo)_(Bayesian)_(SMEAR=Smear)_(Q2_y_Bin_2)_(z_pT_Bin_6)_(MultiDim_Q2_y_z_pT_phi_h)_(Normalized)[0m (Histo Num 52827)
Fitting for: [1m(MultiDim_5D_Histo)_(RC_Bayesian)_(SMEAR=Smear)_(Q2_y_Bin_2)_(z_pT_Bin_6)_(MultiDim_Q2_y_z_pT_phi_h)_(Normalized)[0m (Histo Num 52828)
Fitting for: [1m(MultiDim_5D_Histo)_(BC_RC_Bayesian)_(SMEAR=Smear)_(Q2_y_Bin_2)_(z_pT_Bin_6)_(MultiDim_Q2_y_z_pT_phi_h)_(Normalized)[0m (Histo Num 52829)
Fitting for: [1m(MultiDim_5D_Histo)_(Bayesian)_(SMEAR=Smear)_(Q2_y_Bin_2)_(z_pT_Bin_7)_(MultiDim_Q2_y_z_pT_phi_h)_(Normalized)[0m (Histo Num 52831)
Fitting for: [1m(MultiDim_5D_Histo)_(RC_Bayesian)_(SMEAR=Smear)_(Q2_y_Bin_2)_(z_pT_Bin_7)_(MultiDim_Q2_y_z_pT_phi_h)_(Normalized)[0m (Histo Num 52832)
Fitting for: [1m(MultiDim_5D_Histo)_(BC_RC_Bayesian)_(SMEAR=Smear)_(Q2_y_Bin_2)_(z_pT_Bin_7)_(MultiDim_Q2_y_z_pT_phi_h)_(Normalized)[0m (Histo Num 52833)
Fitting for: [1m(MultiDim_5D_Histo)_(Bayesian)_(SMEAR=Smear)_(Q2_y_Bin_2)_(z_pT_Bin_8)_(MultiDim_Q2_y_z_pT_phi_h)_(Normalized)[0m (Histo Num 52835)
Fitting for: [1m(MultiDim_5D_Histo)_(RC_Bayesian)_(SMEAR=Smear)_(Q2_y_Bin_2)_(z_pT_Bin_8)_(MultiDim_Q2_y_z_pT_phi_h)_(Normalized)[0m (Histo Num 52836)
Fitting for: [1m(MultiDim_5D_Histo)_(BC_RC_Bayesian)_(SMEAR=Smear)_(Q2_y_Bin_2)_(z_pT_Bin_8)_(MultiDim_Q2_y_z_pT_phi_h)_(Normalized)[0m (Histo Num 52837)
Fitting for: [1m(MultiDim_5D_Histo)_(Bayesian)_(SMEAR=Smear)_(Q2_y_Bin_2)_(z_pT_Bin_9)_(MultiDim_Q2_y_z_pT_phi_h)_(Normalized)[0m (Histo Num 52839)
Fitting for: [1m(MultiDim_5D_Histo)_(RC_Bayesian)_(SMEAR=Smear)_(Q2_y_Bin_2)_(z_pT_Bin_9)_(MultiDim_Q2_y_z_pT_phi_h)_(Normalized)[0m (Histo Num 52840)
Fitting for: [1m(MultiDim_5D_Histo)_(BC_RC_Bayesian)_(SMEAR=Smear)_(Q2_y_Bin_2)_(z_pT_Bin_9)_(MultiDim_Q2_y_z_pT_phi_h)_(Normalized)[0m (Histo Num 52841)
Fitting for: [1m(MultiDim_5D_Histo)_(Bayesian)_(SMEAR=Smear)_(Q2_y_Bin_2)_(z_pT_Bin_10)_(MultiDim_Q2_y_z_pT_phi_h)_(Normalized)[0m (Histo Num 52843)
Fitting for: [1m(MultiDim_5D_Histo)_(RC_Bayesian)_(SMEAR=Smear)_(Q2_y_Bin_2)_(z_pT_Bin_10)_(MultiDim_Q2_y_z_pT_phi_h)_(Normalized)[0m (Histo Num 52844)
Fitting for: [1m(MultiDim_5D_Histo)_(BC_RC_Bayesian)_(SMEAR=Smear)_(Q2_y_Bin_2)_(z_pT_Bin_10)_(MultiDim_Q2_y_z_pT_phi_h)_(Normalized)[0m (Histo Num 52845)
Fitting for: [1m(MultiDim_5D_Histo)_(Bayesian)_(SMEAR=Smear)_(Q2_y_Bin_2)_(z_pT_Bin_11)_(MultiDim_Q2_y_z_pT_phi_h)_(Normalized)[0m (Histo Num 52847)
Fitting for: [1m(MultiDim_5D_Histo)_(RC_Bayesian)_(SMEAR=Smear)_(Q2_y_Bin_2)_(z_pT_Bin_11)_(MultiDim_Q2_y_z_pT_phi_h)_(Normalized)[0m (Histo Num 52848)
Fitting for: [1m(MultiDim_5D_Histo)_(BC_RC_Bayesian)_(SMEAR=Smear)_(Q2_y_Bin_2)_(z_pT_Bin_11)_(MultiDim_Q2_y_z_pT_phi_h)_(Normalized)[0m (Histo Num 52849)
Fitting for: [1m(MultiDim_5D_Histo)_(Bayesian)_(SMEAR=Smear)_(Q2_y_Bin_2)_(z_pT_Bin_12)_(MultiDim_Q2_y_z_pT_phi_h)_(Normalized)[0m (Histo Num 52851)
Fitting for: [1m(MultiDim_5D_Histo)_(RC_Bayesian)_(SMEAR=Smear)_(Q2_y_Bin_2)_(z_pT_Bin_12)_(MultiDim_Q2_y_z_pT_phi_h)_(Normalized)[0m (Histo Num 52852)
Fitting for: [1m(MultiDim_5D_Histo)_(BC_RC_Bayesian)_(SMEAR=Smear)_(Q2_y_Bin_2)_(z_pT_Bin_12)_(MultiDim_Q2_y_z_pT_phi_h)_(Normalized)[0m (Histo Num 52853)
Fitting for: [1m(MultiDim_5D_Histo)_(Bayesian)_(SMEAR=Smear)_(Q2_y_Bin_2)_(z_pT_Bin_13)_(MultiDim_Q2_y_z_pT_phi_h)_(Normalized)[0m (Histo Num 52855)
Fitting for: [1m(MultiDim_5D_Histo)_(RC_Bayesian)_(SMEAR=Smear)_(Q2_y_Bin_2)_(z_pT_Bin_13)_(MultiDim_Q2_y_z_pT_phi_h)_(Normalized)[0m (Histo Num 52856)
Fitting for: [1m(MultiDim_5D_Histo)_(BC_RC_Bayesian)_(SMEAR=Smear)_(Q2_y_Bin_2)_(z_pT_Bin_13)_(MultiDim_Q2_y_z_pT_phi_h)_(Normalized)[0m (Histo Num 52857)
Fitting for: [1m(MultiDim_5D_Histo)_(Bayesian)_(SMEAR=Smear)_(Q2_y_Bin_2)_(z_pT_Bin_14)_(MultiDim_Q2_y_z_pT_phi_h)_(Normalized)[0m (Histo Num 52859)
Fitting for: [1m(MultiDim_5D_Histo)_(RC_Bayesian)_(SMEAR=Smear)_(Q2_y_Bin_2)_(z_pT_Bin_14)_(MultiDim_Q2_y_z_pT_phi_h)_(Normalized)[0m (Histo Num 52860)
Fitting for: [1m(MultiDim_5D_Histo)_(BC_RC_Bayesian)_(SMEAR=Smear)_(Q2_y_Bin_2)_(z_pT_Bin_14)_(MultiDim_Q2_y_z_pT_phi_h)_(Normalized)[0m (Histo Num 52861)
Fitting for: [1m(MultiDim_5D_Histo)_(Bayesian)_(SMEAR=Smear)_(Q2_y_Bin_2)_(z_pT_Bin_15)_(MultiDim_Q2_y_z_pT_phi_h)_(Normalized)[0m (Histo Num 52863)
Fitting for: [1m(MultiDim_5D_Histo)_(RC_Bayesian)_(SMEAR=Smear)_(Q2_y_Bin_2)_(z_pT_Bin_15)_(MultiDim_Q2_y_z_pT_phi_h)_(Normalized)[0m (Histo Num 52864)
Fitting for: [1m(MultiDim_5D_Histo)_(BC_RC_Bayesian)_(SMEAR=Smear)_(Q2_y_Bin_2)_(z_pT_Bin_15)_(MultiDim_Q2_y_z_pT_phi_h)_(Normalized)[0m (Histo Num 52865)
Fitting for: [1m(MultiDim_5D_Histo)_(Bayesian)_(SMEAR=Smear)_(Q2_y_Bin_2)_(z_pT_Bin_16)_(MultiDim_Q2_y_z_pT_phi_h)_(Normalized)[0m (Histo Num 52867)
Fitting for: [1m(MultiDim_5D_Histo)_(RC_Bayesian)_(SMEAR=Smear)_(Q2_y_Bin_2)_(z_pT_Bin_16)_(MultiDim_Q2_y_z_pT_phi_h)_(Normalized)[0m (Histo Num 52868)
Fitting for: [1m(MultiDim_5D_Histo)_(BC_RC_Bayesian)_(SMEAR=Smear)_(Q2_y_Bin_2)_(z_pT_Bin_16)_(MultiDim_Q2_y_z_pT_phi_h)_(Normalized)[0m (Histo Num 52869)
Fitting for: [1m(MultiDim_5D_Histo)_(Bayesian)_(SMEAR=Smear)_(Q2_y_Bin_2)_(z_pT_Bin_17)_(MultiDim_Q2_y_z_pT_phi_h)_(Normalized)[0m (Histo Num 52871)
Fitting for: [1m(MultiDim_5D_Histo)_(RC_Bayesian)_(SMEAR=Smear)_(Q2_y_Bin_2)_(z_pT_Bin_17)_(MultiDim_Q2_y_z_pT_phi_h)_(Normalized)[0m (Histo Num 52872)
Fitting for: [1m(MultiDim_5D_Histo)_(BC_RC_Bayesian)_(SMEAR=Smear)_(Q2_y_Bin_2)_(z_pT_Bin_17)_(MultiDim_Q2_y_z_pT_phi_h)_(Normalized)[0m (Histo Num 52873)
Fitting for: [1m(MultiDim_5D_Histo)_(Bayesian)_(SMEAR=Smear)_(Q2_y_Bin_2)_(z_pT_Bin_18)_(MultiDim_Q2_y_z_pT_phi_h)_(Normalized)[0m (Histo Num 52875)
Fitting for: [1m(MultiDim_5D_Histo)_(RC_Bayesian)_(SMEAR=Smear)_(Q2_y_Bin_2)_(z_pT_Bin_18)_(MultiDim_Q2_y_z_pT_phi_h)_(Normalized)[0m (Histo Num 52876)
Fitting for: [1m(MultiDim_5D_Histo)_(BC_RC_Bayesian)_(SMEAR=Smear)_(Q2_y_Bin_2)_(z_pT_Bin_18)_(MultiDim_Q2_y_z_pT_phi_h)_(Normalized)[0m (Histo Num 52877)
Fitting for: [1m(MultiDim_5D_Histo)_(Bayesian)_(SMEAR=Smear)_(Q2_y_Bin_2)_(z_pT_Bin_19)_(MultiDim_Q2_y_z_pT_phi_h)_(Normalized)[0m (Histo Num 52879)
Fitting for: [1m(MultiDim_5D_Histo)_(RC_Bayesian)_(SMEAR=Smear)_(Q2_y_Bin_2)_(z_pT_Bin_19)_(MultiDim_Q2_y_z_pT_phi_h)_(Normalized)[0m (Histo Num 52880)
Fitting for: [1m(MultiDim_5D_Histo)_(BC_RC_Bayesian)_(SMEAR=Smear)_(Q2_y_Bin_2)_(z_pT_Bin_19)_(MultiDim_Q2_y_z_pT_phi_h)_(Normalized)[0m (Histo Num 52881)
Fitting for: [1m(MultiDim_5D_Histo)_(Bayesian)_(SMEAR=Smear)_(Q2_y_Bin_2)_(z_pT_Bin_20)_(MultiDim_Q2_y_z_pT_phi_h)_(Normalized)[0m (Histo Num 52883)
Fitting for: [1m(MultiDim_5D_Histo)_(RC_Bayesian)_(SMEAR=Smear)_(Q2_y_Bin_2)_(z_pT_Bin_20)_(MultiDim_Q2_y_z_pT_phi_h)_(Normalized)[0m (Histo Num 52884)
Fitting for: [1m(MultiDim_5D_Histo)_(BC_RC_Bayesian)_(SMEAR=Smear)_(Q2_y_Bin_2)_(z_pT_Bin_20)_(MultiDim_Q2_y_z_pT_phi_h)_(Normalized)[0m (Histo Num 52885)
Fitting for: [1m(MultiDim_5D_Histo)_(Bayesian)_(SMEAR=Smear)_(Q2_y_Bin_2)_(z_pT_Bin_21)_(MultiDim_Q2_y_z_pT_phi_h)_(Normalized)[0m (Histo Num 52887)
Fitting for: [1m(MultiDim_5D_Histo)_(RC_Bayesian)_(SMEAR=Smear)_(Q2_y_Bin_2)_(z_pT_Bin_21)_(MultiDim_Q2_y_z_pT_phi_h)_(Normalized)[0m (Histo Num 52888)
Fitting for: [1m(MultiDim_5D_Histo)_(BC_RC_Bayesian)_(SMEAR=Smear)_(Q2_y_Bin_2)_(z_pT_Bin_21)_(MultiDim_Q2_y_z_pT_phi_h)_(Normalized)[0m (Histo Num 52889)
Fitting for: [1m(MultiDim_5D_Histo)_(Bayesian)_(SMEAR=Smear)_(Q2_y_Bin_2)_(z_pT_Bin_22)_(MultiDim_Q2_y_z_pT_phi_h)_(Normalized)[0m (Histo Num 52891)
Fitting for: [1m(MultiDim_5D_Histo)_(RC_Bayesian)_(SMEAR=Smear)_(Q2_y_Bin_2)_(z_pT_Bin_22)_(MultiDim_Q2_y_z_pT_phi_h)_(Normalized)[0m (Histo Num 52892)
Fitting for: [1m(MultiDim_5D_Histo)_(BC_RC_Bayesian)_(SMEAR=Smear)_(Q2_y_Bin_2)_(z_pT_Bin_22)_(MultiDim_Q2_y_z_pT_phi_h)_(Normalized)[0m (Histo Num 52893)
Fitting for: [1m(MultiDim_5D_Histo)_(Bayesian)_(SMEAR=Smear)_(Q2_y_Bin_2)_(z_pT_Bin_23)_(MultiDim_Q2_y_z_pT_phi_h)_(Normalized)[0m (Histo Num 52895)
Fitting for: [1m(MultiDim_5D_Histo)_(RC_Bayesian)_(SMEAR=Smear)_(Q2_y_Bin_2)_(z_pT_Bin_23)_(MultiDim_Q2_y_z_pT_phi_h)_(Normalized)[0m (Histo Num 52896)
Fitting for: [1m(MultiDim_5D_Histo)_(BC_RC_Bayesian)_(SMEAR=Smear)_(Q2_y_Bin_2)_(z_pT_Bin_23)_(MultiDim_Q2_y_z_pT_phi_h)_(Normalized)[0m (Histo Num 52897)
Fitting for: [1m(MultiDim_5D_Histo)_(Bayesian)_(SMEAR=Smear)_(Q2_y_Bin_2)_(z_pT_Bin_25)_(MultiDim_Q2_y_z_pT_phi_h)_(Normalized)[0m (Histo Num 52899)
Fitting for: [1m(MultiDim_5D_Histo)_(RC_Bayesian)_(SMEAR=Smear)_(Q2_y_Bin_2)_(z_pT_Bin_25)_(MultiDim_Q2_y_z_pT_phi_h)_(Normalized)[0m (Histo Num 52900)
Fitting for: [1m(MultiDim_5D_Histo)_(BC_RC_Bayesian)_(SMEAR=Smear)_(Q2_y_Bin_2)_(z_pT_Bin_25)_(MultiDim_Q2_y_z_pT_phi_h)_(Normalized)[0m (Histo Num 52901)
Fitting for: [1m(MultiDim_5D_Histo)_(Bayesian)_(SMEAR=Smear)_(Q2_y_Bin_2)_(z_pT_Bin_26)_(MultiDim_Q2_y_z_pT_phi_h)_(Normalized)[0m (Histo Num 52903)
Fitting for: [1m(MultiDim_5D_Histo)_(RC_Bayesian)_(SMEAR=Smear)_(Q2_y_Bin_2)_(z_pT_Bin_26)_(MultiDim_Q2_y_z_pT_phi_h)_(Normalized)[0m (Histo Num 52904)
Fitting for: [1m(MultiDim_5D_Histo)_(BC_RC_Bayesian)_(SMEAR=Smear)_(Q2_y_Bin_2)_(z_pT_Bin_26)_(MultiDim_Q2_y_z_pT_phi_h)_(Normalized)[0m (Histo Num 52905)
Fitting for: [1m(MultiDim_5D_Histo)_(Bayesian)_(SMEAR=Smear)_(Q2_y_Bin_2)_(z_pT_Bin_27)_(MultiDim_Q2_y_z_pT_phi_h)_(Normalized)[0m (Histo Num 52907)
Fitting for: [1m(MultiDim_5D_Histo)_(RC_Bayesian)_(SMEAR=Smear)_(Q2_y_Bin_2)_(z_pT_Bin_27)_(MultiDim_Q2_y_z_pT_phi_h)_(Normalized)[0m (Histo Num 52908)
Fitting for: [1m(MultiDim_5D_Histo)_(BC_RC_Bayesian)_(SMEAR=Smear)_(Q2_y_Bin_2)_(z_pT_Bin_27)_(MultiDim_Q2_y_z_pT_phi_h)_(Normalized)[0m (Histo Num 52909)
Fitting for: [1m(MultiDim_5D_Histo)_(Bayesian)_(SMEAR=Smear)_(Q2_y_Bin_2)_(z_pT_Bin_28)_(MultiDim_Q2_y_z_pT_phi_h)_(Normalized)[0m (Histo Num 52911)
Fitting for: [1m(MultiDim_5D_Histo)_(RC_Bayesian)_(SMEAR=Smear)_(Q2_y_Bin_2)_(z_pT_Bin_28)_(MultiDim_Q2_y_z_pT_phi_h)_(Normalized)[0m (Histo Num 52912)
Fitting for: [1m(MultiDim_5D_Histo)_(BC_RC_Bayesian)_(SMEAR=Smear)_(Q2_y_Bin_2)_(z_pT_Bin_28)_(MultiDim_Q2_y_z_pT_phi_h)_(Normalized)[0m (Histo Num 52913)
Fitting for: [1m(MultiDim_5D_Histo)_(Bayesian)_(SMEAR=Smear)_(Q2_y_Bin_2)_(z_pT_Bin_29)_(MultiDim_Q2_y_z_pT_phi_h)_(Normalized)[0m (Histo Num 52915)
Fitting for: [1m(MultiDim_5D_Histo)_(RC_Bayesian)_(SMEAR=Smear)_(Q2_y_Bin_2)_(z_pT_Bin_29)_(MultiDim_Q2_y_z_pT_phi_h)_(Normalized)[0m (Histo Num 52916)
Fitting for: [1m(MultiDim_5D_Histo)_(BC_RC_Bayesian)_(SMEAR=Smear)_(Q2_y_Bin_2)_(z_pT_Bin_29)_(MultiDim_Q2_y_z_pT_phi_h)_(Normalized)[0m (Histo Num 52917)
Fitting for: [1m(MultiDim_5D_Histo)_(Bayesian)_(SMEAR=Smear)_(Q2_y_Bin_2)_(z_pT_Bin_31)_(MultiDim_Q2_y_z_pT_phi_h)_(Normalized)[0m (Histo Num 52919)
Fitting for: [1m(MultiDim_5D_Histo)_(RC_Bayesian)_(SMEAR=Smear)_(Q2_y_Bin_2)_(z_pT_Bin_31)_(MultiDim_Q2_y_z_pT_phi_h)_(Normalized)[0m (Histo Num 52920)
Fitting for: [1m(MultiDim_5D_Histo)_(BC_RC_Bayesian)_(SMEAR=Smear)_(Q2_y_Bin_2)_(z_pT_Bin_31)_(MultiDim_Q2_y_z_pT_phi_h)_(Normalized)[0m (Histo Num 52921)
Fitting for: [1m(MultiDim_5D_Histo)_(Bayesian)_(SMEAR=Smear)_(Q2_y_Bin_2)_(z_pT_Bin_32)_(MultiDim_Q2_y_z_pT_phi_h)_(Normalized)[0m (Histo Num 52923)
Fitting for: [1m(MultiDim_5D_Histo)_(RC_Bayesian)_(SMEAR=Smear)_(Q2_y_Bin_2)_(z_pT_Bin_32)_(MultiDim_Q2_y_z_pT_phi_h)_(Normalized)[0m (Histo Num 52924)
Fitting for: [1m(MultiDim_5D_Histo)_(BC_RC_Bayesian)_(SMEAR=Smear)_(Q2_y_Bin_2)_(z_pT_Bin_32)_(MultiDim_Q2_y_z_pT_phi_h)_(Normalized)[0m (Histo Num 52925)
Fitting for: [1m(MultiDim_5D_Histo)_(Bayesian)_(SMEAR=Smear)_(Q2_y_Bin_2)_(z_pT_Bin_33)_(MultiDim_Q2_y_z_pT_phi_h)_(Normalized)[0m (Histo Num 52927)
Fitting for: [1m(MultiDim_5D_Histo)_(RC_Bayesian)_(SMEAR=Smear)_(Q2_y_Bin_2)_(z_pT_Bin_33)_(MultiDim_Q2_y_z_pT_phi_h)_(Normalized)[0m (Histo Num 52928)
Fitting for: [1m(MultiDim_5D_Histo)_(BC_RC_Bayesian)_(SMEAR=Smear)_(Q2_y_Bin_2)_(z_pT_Bin_33)_(MultiDim_Q2_y_z_pT_phi_h)_(Normalized)[0m (Histo Num 52929)
Fitting for: [1m(MultiDim_5D_Histo)_(Bayesian)_(SMEAR=Smear)_(Q2_y_Bin_2)_(z_pT_Bin_34)_(MultiDim_Q2_y_z_pT_phi_h)_(Normalized)[0m (Histo Num 52931)
Fitting for: [1m(MultiDim_5D_Histo)_(RC_Bayesian)_(SMEAR=Smear)_(Q2_y_Bin_2)_(z_pT_Bin_34)_(MultiDim_Q2_y_z_pT_phi_h)_(Normalized)[0m (Histo Num 52932)
Fitting for: [1m(MultiDim_5D_Histo)_(BC_RC_Bayesian)_(SMEAR=Smear)_(Q2_y_Bin_2)_(z_pT_Bin_34)_(MultiDim_Q2_y_z_pT_phi_h)_(Normalized)[0m (Histo Num 52933)
Fitting for: [1m(MultiDim_5D_Histo)_(Bayesian)_(SMEAR=Smear)_(Q2_y_Bin_3)_(z_pT_Bin_1)_(MultiDim_Q2_y_z_pT_phi_h)_(Normalized)[0m (Histo Num 52935)
Fitting for: [1m(MultiDim_5D_Histo)_(RC_Bayesian)_(SMEAR=Smear)_(Q2_y_Bin_3)_(z_pT_Bin_1)_(MultiDim_Q2_y_z_pT_phi_h)_(Normalized)[0m (Histo Num 52936)
Fitting for: [1m(MultiDim_5D_Histo)_(BC_RC_Bayesian)_(SMEAR=Smear)_(Q2_y_Bin_3)_(z_pT_Bin_1)_(MultiDim_Q2_y_z_pT_phi_h)_(Normalized)[0m (Histo Num 52937)
Fitting for: [1m(MultiDim_5D_Histo)_(Bayesian)_(SMEAR=Smear)_(Q2_y_Bin_3)_(z_pT_Bin_2)_(MultiDim_Q2_y_z_pT_phi_h)_(Normalized)[0m (Histo Num 52939)
Fitting for: [1m(MultiDim_5D_Histo)_(RC_Bayesian)_(SMEAR=Smear)_(Q2_y_Bin_3)_(z_pT_Bin_2)_(MultiDim_Q2_y_z_pT_phi_h)_(Normalized)[0m (Histo Num 52940)
Fitting for: [1m(MultiDim_5D_Histo)_(BC_RC_Bayesian)_(SMEAR=Smear)_(Q2_y_Bin_3)_(z_pT_Bin_2)_(MultiDim_Q2_y_z_pT_phi_h)_(Normalized)[0m (Histo Num 52941)
Fitting for: [1m(MultiDim_5D_Histo)_(Bayesian)_(SMEAR=Smear)_(Q2_y_Bin_3)_(z_pT_Bin_3)_(MultiDim_Q2_y_z_pT_phi_h)_(Normalized)[0m (Histo Num 52943)
Fitting for: [1m(MultiDim_5D_Histo)_(RC_Bayesian)_(SMEAR=Smear)_(Q2_y_Bin_3)_(z_pT_Bin_3)_(MultiDim_Q2_y_z_pT_phi_h)_(Normalized)[0m (Histo Num 52944)
Fitting for: [1m(MultiDim_5D_Histo)_(BC_RC_Bayesian)_(SMEAR=Smear)_(Q2_y_Bin_3)_(z_pT_Bin_3)_(MultiDim_Q2_y_z_pT_phi_h)_(Normalized)[0m (Histo Num 52945)
Fitting for: [1m(MultiDim_5D_Histo)_(Bayesian)_(SMEAR=Smear)_(Q2_y_Bin_3)_(z_pT_Bin_4)_(MultiDim_Q2_y_z_pT_phi_h)_(Normalized)[0m (Histo Num 52947)
Fitting for: [1m(MultiDim_5D_Histo)_(RC_Bayesian)_(SMEAR=Smear)_(Q2_y_Bin_3)_(z_pT_Bin_4)_(MultiDim_Q2_y_z_pT_phi_h)_(Normalized)[0m (Histo Num 52948)
Fitting for: [1m(MultiDim_5D_Histo)_(BC_RC_Bayesian)_(SMEAR=Smear)_(Q2_y_Bin_3)_(z_pT_Bin_4)_(MultiDim_Q2_y_z_pT_phi_h)_(Normalized)[0m (Histo Num 52949)
Fitting for: [1m(MultiDim_5D_Histo)_(Bayesian)_(SMEAR=Smear)_(Q2_y_Bin_3)_(z_pT_Bin_5)_(MultiDim_Q2_y_z_pT_phi_h)_(Normalized)[0m (Histo Num 52951)
Fitting for: [1m(MultiDim_5D_Histo)_(RC_Bayesian)_(SMEAR=Smear)_(Q2_y_Bin_3)_(z_pT_Bin_5)_(MultiDim_Q2_y_z_pT_phi_h)_(Normalized)[0m (Histo Num 52952)
Fitting for: [1m(MultiDim_5D_Histo)_(BC_RC_Bayesian)_(SMEAR=Smear)_(Q2_y_Bin_3)_(z_pT_Bin_5)_(MultiDim_Q2_y_z_pT_phi_h)_(Normalized)[0m (Histo Num 52953)
Fitting for: [1m(MultiDim_5D_Histo)_(Bayesian)_(SMEAR=Smear)_(Q2_y_Bin_3)_(z_pT_Bin_7)_(MultiDim_Q2_y_z_pT_phi_h)_(Normalized)[0m (Histo Num 52955)
Fitting for: [1m(MultiDim_5D_Histo)_(RC_Bayesian)_(SMEAR=Smear)_(Q2_y_Bin_3)_(z_pT_Bin_7)_(MultiDim_Q2_y_z_pT_phi_h)_(Normalized)[0m (Histo Num 52956)
Fitting for: [1m(MultiDim_5D_Histo)_(BC_RC_Bayesian)_(SMEAR=Smear)_(Q2_y_Bin_3)_(z_pT_Bin_7)_(MultiDim_Q2_y_z_pT_phi_h)_(Normalized)[0m (Histo Num 52957)
Fitting for: [1m(MultiDim_5D_Histo)_(Bayesian)_(SMEAR=Smear)_(Q2_y_Bin_3)_(z_pT_Bin_8)_(MultiDim_Q2_y_z_pT_phi_h)_(Normalized)[0m (Histo Num 52959)
Fitting for: [1m(MultiDim_5D_Histo)_(RC_Bayesian)_(SMEAR=Smear)_(Q2_y_Bin_3)_(z_pT_Bin_8)_(MultiDim_Q2_y_z_pT_phi_h)_(Normalized)[0m (Histo Num 52960)
Fitting for: [1m(MultiDim_5D_Histo)_(BC_RC_Bayesian)_(SMEAR=Smear)_(Q2_y_Bin_3)_(z_pT_Bin_8)_(MultiDim_Q2_y_z_pT_phi_h)_(Normalized)[0m (Histo Num 52961)
Fitting for: [1m(MultiDim_5D_Histo)_(Bayesian)_(SMEAR=Smear)_(Q2_y_Bin_3)_(z_pT_Bin_9)_(MultiDim_Q2_y_z_pT_phi_h)_(Normalized)[0m (Histo Num 52963)
Fitting for: [1m(MultiDim_5D_Histo)_(RC_Bayesian)_(SMEAR=Smear)_(Q2_y_Bin_3)_(z_pT_Bin_9)_(MultiDim_Q2_y_z_pT_phi_h)_(Normalized)[0m (Histo Num 52964)
Fitting for: [1m(MultiDim_5D_Histo)_(BC_RC_Bayesian)_(SMEAR=Smear)_(Q2_y_Bin_3)_(z_pT_Bin_9)_(MultiDim_Q2_y_z_pT_phi_h)_(Normalized)[0m (Histo Num 52965)
Fitting for: [1m(MultiDim_5D_Histo)_(Bayesian)_(SMEAR=Smear)_(Q2_y_Bin_3)_(z_pT_Bin_10)_(MultiDim_Q2_y_z_pT_phi_h)_(Normalized)[0m (Histo Num 52967)
Fitting for: [1m(MultiDim_5D_Histo)_(RC_Bayesian)_(SMEAR=Smear)_(Q2_y_Bin_3)_(z_pT_Bin_10)_(MultiDim_Q2_y_z_pT_phi_h)_(Normalized)[0m (Histo Num 52968)
Fitting for: [1m(MultiDim_5D_Histo)_(BC_RC_Bayesian)_(SMEAR=Smear)_(Q2_y_Bin_3)_(z_pT_Bin_10)_(MultiDim_Q2_y_z_pT_phi_h)_(Normalized)[0m (Histo Num 52969)
Fitting for: [1m(MultiDim_5D_Histo)_(Bayesian)_(SMEAR=Smear)_(Q2_y_Bin_3)_(z_pT_Bin_11)_(MultiDim_Q2_y_z_pT_phi_h)_(Normalized)[0m (Histo Num 52971)
Fitting for: [1m(MultiDim_5D_Histo)_(RC_Bayesian)_(SMEAR=Smear)_(Q2_y_Bin_3)_(z_pT_Bin_11)_(MultiDim_Q2_y_z_pT_phi_h)_(Normalized)[0m (Histo Num 52972)
Fitting for: [1m(MultiDim_5D_Histo)_(BC_RC_Bayesian)_(SMEAR=Smear)_(Q2_y_Bin_3)_(z_pT_Bin_11)_(MultiDim_Q2_y_z_pT_phi_h)_(Normalized)[0m (Histo Num 52973)
Fitting for: [1m(MultiDim_5D_Histo)_(Bayesian)_(SMEAR=Smear)_(Q2_y_Bin_3)_(z_pT_Bin_12)_(MultiDim_Q2_y_z_pT_phi_h)_(Normalized)[0m (Histo Num 52975)
Fitting for: [1m(MultiDim_5D_Histo)_(RC_Bayesian)_(SMEAR=Smear)_(Q2_y_Bin_3)_(z_pT_Bin_12)_(MultiDim_Q2_y_z_pT_phi_h)_(Normalized)[0m (Histo Num 52976)
Fitting for: [1m(MultiDim_5D_Histo)_(BC_RC_Bayesian)_(SMEAR=Smear)_(Q2_y_Bin_3)_(z_pT_Bin_12)_(MultiDim_Q2_y_z_pT_phi_h)_(Normalized)[0m (Histo Num 52977)
Fitting for: [1m(MultiDim_5D_Histo)_(Bayesian)_(SMEAR=Smear)_(Q2_y_Bin_3)_(z_pT_Bin_13)_(MultiDim_Q2_y_z_pT_phi_h)_(Normalized)[0m (Histo Num 52979)
Fitting for: [1m(MultiDim_5D_Histo)_(RC_Bayesian)_(SMEAR=Smear)_(Q2_y_Bin_3)_(z_pT_Bin_13)_(MultiDim_Q2_y_z_pT_phi_h)_(Normalized)[0m (Histo Num 52980)
Fitting for: [1m(MultiDim_5D_Histo)_(BC_RC_Bayesian)_(SMEAR=Smear)_(Q2_y_Bin_3)_(z_pT_Bin_13)_(MultiDim_Q2_y_z_pT_phi_h)_(Normalized)[0m (Histo Num 52981)
Fitting for: [1m(MultiDim_5D_Histo)_(Bayesian)_(SMEAR=Smear)_(Q2_y_Bin_3)_(z_pT_Bin_14)_(MultiDim_Q2_y_z_pT_phi_h)_(Normalized)[0m (Histo Num 52983)
Fitting for: [1m(MultiDim_5D_Histo)_(RC_Bayesian)_(SMEAR=Smear)_(Q2_y_Bin_3)_(z_pT_Bin_14)_(MultiDim_Q2_y_z_pT_phi_h)_(Normalized)[0m (Histo Num 52984)
Fitting for: [1m(MultiDim_5D_Histo)_(BC_RC_Bayesian)_(SMEAR=Smear)_(Q2_y_Bin_3)_(z_pT_Bin_14)_(MultiDim_Q2_y_z_pT_phi_h)_(Normalized)[0m (Histo Num 52985)
Fitting for: [1m(MultiDim_5D_Histo)_(Bayesian)_(SMEAR=Smear)_(Q2_y_Bin_3)_(z_pT_Bin_15)_(MultiDim_Q2_y_z_pT_phi_h)_(Normalized)[0m (Histo Num 52987)
Fitting for: [1m(MultiDim_5D_Histo)_(RC_Bayesian)_(SMEAR=Smear)_(Q2_y_Bin_3)_(z_pT_Bin_15)_(MultiDim_Q2_y_z_pT_phi_h)_(Normalized)[0m (Histo Num 52988)
Fitting for: [1m(MultiDim_5D_Histo)_(BC_RC_Bayesian)_(SMEAR=Smear)_(Q2_y_Bin_3)_(z_pT_Bin_15)_(MultiDim_Q2_y_z_pT_phi_h)_(Normalized)[0m (Histo Num 52989)
Fitting for: [1m(MultiDim_5D_Histo)_(Bayesian)_(SMEAR=Smear)_(Q2_y_Bin_3)_(z_pT_Bin_16)_(MultiDim_Q2_y_z_pT_phi_h)_(Normalized)[0m (Histo Num 52991)
Fitting for: [1m(MultiDim_5D_Histo)_(RC_Bayesian)_(SMEAR=Smear)_(Q2_y_Bin_3)_(z_pT_Bin_16)_(MultiDim_Q2_y_z_pT_phi_h)_(Normalized)[0m (Histo Num 52992)
Fitting for: [1m(MultiDim_5D_Histo)_(BC_RC_Bayesian)_(SMEAR=Smear)_(Q2_y_Bin_3)_(z_pT_Bin_16)_(MultiDim_Q2_y_z_pT_phi_h)_(Normalized)[0m (Histo Num 52993)
Fitting for: [1m(MultiDim_5D_Histo)_(Bayesian)_(SMEAR=Smear)_(Q2_y_Bin_3)_(z_pT_Bin_17)_(MultiDim_Q2_y_z_pT_phi_h)_(Normalized)[0m (Histo Num 52995)
Fitting for: [1m(MultiDim_5D_Histo)_(RC_Bayesian)_(SMEAR=Smear)_(Q2_y_Bin_3)_(z_pT_Bin_17)_(MultiDim_Q2_y_z_pT_phi_h)_(Normalized)[0m (Histo Num 52996)
Fitting for: [1m(MultiDim_5D_Histo)_(BC_RC_Bayesian)_(SMEAR=Smear)_(Q2_y_Bin_3)_(z_pT_Bin_17)_(MultiDim_Q2_y_z_pT_phi_h)_(Normalized)[0m (Histo Num 52997)
Fitting for: [1m(MultiDim_5D_Histo)_(Bayesian)_(SMEAR=Smear)_(Q2_y_Bin_3)_(z_pT_Bin_18)_(MultiDim_Q2_y_z_pT_phi_h)_(Normalized)[0m (Histo Num 52999)
Fitting for: [1m(MultiDim_5D_Histo)_(RC_Bayesian)_(SMEAR=Smear)_(Q2_y_Bin_3)_(z_pT_Bin_18)_(MultiDim_Q2_y_z_pT_phi_h)_(Normalized)[0m (Histo Num 53000)
Fitting for: [1m(MultiDim_5D_Histo)_(BC_RC_Bayesian)_(SMEAR=Smear)_(Q2_y_Bin_3)_(z_pT_Bin_18)_(MultiDim_Q2_y_z_pT_phi_h)_(Normalized)[0m (Histo Num 53001)
Fitting for: [1m(MultiDim_5D_Histo)_(Bayesian)_(SMEAR=Smear)_(Q2_y_Bin_3)_(z_pT_Bin_19)_(MultiDim_Q2_y_z_pT_phi_h)_(Normalized)[0m (Histo Num 53003)
Fitting for: [1m(MultiDim_5D_Histo)_(RC_Bayesian)_(SMEAR=Smear)_(Q2_y_Bin_3)_(z_pT_Bin_19)_(MultiDim_Q2_y_z_pT_phi_h)_(Normalized)[0m (Histo Num 53004)
Fitting for: [1m(MultiDim_5D_Histo)_(BC_RC_Bayesian)_(SMEAR=Smear)_(Q2_y_Bin_3)_(z_pT_Bin_19)_(MultiDim_Q2_y_z_pT_phi_h)_(Normalized)[0m (Histo Num 53005)
Fitting for: [1m(MultiDim_5D_Histo)_(Bayesian)_(SMEAR=Smear)_(Q2_y_Bin_3)_(z_pT_Bin_20)_(MultiDim_Q2_y_z_pT_phi_h)_(Normalized)[0m (Histo Num 53007)
Fitting for: [1m(MultiDim_5D_Histo)_(RC_Bayesian)_(SMEAR=Smear)_(Q2_y_Bin_3)_(z_pT_Bin_20)_(MultiDim_Q2_y_z_pT_phi_h)_(Normalized)[0m (Histo Num 53008)
Fitting for: [1m(MultiDim_5D_Histo)_(BC_RC_Bayesian)_(SMEAR=Smear)_(Q2_y_Bin_3)_(z_pT_Bin_20)_(MultiDim_Q2_y_z_pT_phi_h)_(Normalized)[0m (Histo Num 53009)
Fitting for: [1m(MultiDim_5D_Histo)_(Bayesian)_(SMEAR=Smear)_(Q2_y_Bin_3)_(z_pT_Bin_21)_(MultiDim_Q2_y_z_pT_phi_h)_(Normalized)[0m (Histo Num 53011)
Fitting for: [1m(MultiDim_5D_Histo)_(RC_Bayesian)_(SMEAR=Smear)_(Q2_y_Bin_3)_(z_pT_Bin_21)_(MultiDim_Q2_y_z_pT_phi_h)_(Normalized)[0m (Histo Num 53012)
Fitting for: [1m(MultiDim_5D_Histo)_(BC_RC_Bayesian)_(SMEAR=Smear)_(Q2_y_Bin_3)_(z_pT_Bin_21)_(MultiDim_Q2_y_z_pT_phi_h)_(Normalized)[0m (Histo Num 53013)
Fitting for: [1m(MultiDim_5D_Histo)_(Bayesian)_(SMEAR=Smear)_(Q2_y_Bin_3)_(z_pT_Bin_22)_(MultiDim_Q2_y_z_pT_phi_h)_(Normalized)[0m (Histo Num 53015)
Fitting for: [1m(MultiDim_5D_Histo)_(RC_Bayesian)_(SMEAR=Smear)_(Q2_y_Bin_3)_(z_pT_Bin_22)_(MultiDim_Q2_y_z_pT_phi_h)_(Normalized)[0m (Histo Num 53016)
Fitting for: [1m(MultiDim_5D_Histo)_(BC_RC_Bayesian)_(SMEAR=Smear)_(Q2_y_Bin_3)_(z_pT_Bin_22)_(MultiDim_Q2_y_z_pT_phi_h)_(Normalized)[0m (Histo Num 53017)
Fitting for: [1m(MultiDim_5D_Histo)_(Bayesian)_(SMEAR=Smear)_(Q2_y_Bin_3)_(z_pT_Bin_23)_(MultiDim_Q2_y_z_pT_phi_h)_(Normalized)[0m (Histo Num 53019)
Fitting for: [1m(MultiDim_5D_Histo)_(RC_Bayesian)_(SMEAR=Smear)_(Q2_y_Bin_3)_(z_pT_Bin_23)_(MultiDim_Q2_y_z_pT_phi_h)_(Normalized)[0m (Histo Num 53020)
Fitting for: [1m(MultiDim_5D_Histo)_(BC_RC_Bayesian)_(SMEAR=Smear)_(Q2_y_Bin_3)_(z_pT_Bin_23)_(MultiDim_Q2_y_z_pT_phi_h)_(Normalized)[0m (Histo Num 53021)
Fitting for: [1m(MultiDim_5D_Histo)_(Bayesian)_(SMEAR=Smear)_(Q2_y_Bin_3)_(z_pT_Bin_24)_(MultiDim_Q2_y_z_pT_phi_h)_(Normalized)[0m (Histo Num 53023)
Fitting for: [1m(MultiDim_5D_Histo)_(RC_Bayesian)_(SMEAR=Smear)_(Q2_y_Bin_3)_(z_pT_Bin_24)_(MultiDim_Q2_y_z_pT_phi_h)_(Normalized)[0m (Histo Num 53024)
Fitting for: [1m(MultiDim_5D_Histo)_(BC_RC_Bayesian)_(SMEAR=Smear)_(Q2_y_Bin_3)_(z_pT_Bin_24)_(MultiDim_Q2_y_z_pT_phi_h)_(Normalized)[0m (Histo Num 53025)
Fitting for: [1m(MultiDim_5D_Histo)_(Bayesian)_(SMEAR=Smear)_(Q2_y_Bin_3)_(z_pT_Bin_25)_(MultiDim_Q2_y_z_pT_phi_h)_(Normalized)[0m (Histo Num 53027)
Fitting for: [1m(MultiDim_5D_Histo)_(RC_Bayesian)_(SMEAR=Smear)_(Q2_y_Bin_3)_(z_pT_Bin_25)_(MultiDim_Q2_y_z_pT_phi_h)_(Normalized)[0m (Histo Num 53028)
Fitting for: [1m(MultiDim_5D_Histo)_(BC_RC_Bayesian)_(SMEAR=Smear)_(Q2_y_Bin_3)_(z_pT_Bin_25)_(MultiDim_Q2_y_z_pT_phi_h)_(Normalized)[0m (Histo Num 53029)
Fitting for: [1m(MultiDim_5D_Histo)_(Bayesian)_(SMEAR=Smear)_(Q2_y_Bin_3)_(z_pT_Bin_26)_(MultiDim_Q2_y_z_pT_phi_h)_(Normalized)[0m (Histo Num 53031)
Fitting for: [1m(MultiDim_5D_Histo)_(RC_Bayesian)_(SMEAR=Smear)_(Q2_y_Bin_3)_(z_pT_Bin_26)_(MultiDim_Q2_y_z_pT_phi_h)_(Normalized)[0m (Histo Num 53032)
Fitting for: [1m(MultiDim_5D_Histo)_(BC_RC_Bayesian)_(SMEAR=Smear)_(Q2_y_Bin_3)_(z_pT_Bin_26)_(MultiDim_Q2_y_z_pT_phi_h)_(Normalized)[0m (Histo Num 53033)
Fitting for: [1m(MultiDim_5D_Histo)_(Bayesian)_(SMEAR=Smear)_(Q2_y_Bin_3)_(z_pT_Bin_27)_(MultiDim_Q2_y_z_pT_phi_h)_(Normalized)[0m (Histo Num 53035)
Fitting for: [1m(MultiDim_5D_Histo)_(RC_Bayesian)_(SMEAR=Smear)_(Q2_y_Bin_3)_(z_pT_Bin_27)_(MultiDim_Q2_y_z_pT_phi_h)_(Normalized)[0m (Histo Num 53036)
Fitting for: [1m(MultiDim_5D_Histo)_(BC_RC_Bayesian)_(SMEAR=Smear)_(Q2_y_Bin_3)_(z_pT_Bin_27)_(MultiDim_Q2_y_z_pT_phi_h)_(Normalized)[0m (Histo Num 53037)
Fitting for: [1m(MultiDim_5D_Histo)_(Bayesian)_(SMEAR=Smear)_(Q2_y_Bin_3)_(z_pT_Bin_28)_(MultiDim_Q2_y_z_pT_phi_h)_(Normalized)[0m (Histo Num 53039)
Fitting for: [1m(MultiDim_5D_Histo)_(RC_Bayesian)_(SMEAR=Smear)_(Q2_y_Bin_3)_(z_pT_Bin_28)_(MultiDim_Q2_y_z_pT_phi_h)_(Normalized)[0m (Histo Num 53040)
Fitting for: [1m(MultiDim_5D_Histo)_(BC_RC_Bayesian)_(SMEAR=Smear)_(Q2_y_Bin_3)_(z_pT_Bin_28)_(MultiDim_Q2_y_z_pT_phi_h)_(Normalized)[0m (Histo Num 53041)
Fitting for: [1m(MultiDim_5D_Histo)_(Bayesian)_(SMEAR=Smear)_(Q2_y_Bin_3)_(z_pT_Bin_29)_(MultiDim_Q2_y_z_pT_phi_h)_(Normalized)[0m (Histo Num 53043)
Fitting for: [1m(MultiDim_5D_Histo)_(RC_Bayesian)_(SMEAR=Smear)_(Q2_y_Bin_3)_(z_pT_Bin_29)_(MultiDim_Q2_y_z_pT_phi_h)_(Normalized)[0m (Histo Num 53044)
Fitting for: [1m(MultiDim_5D_Histo)_(BC_RC_Bayesian)_(SMEAR=Smear)_(Q2_y_Bin_3)_(z_pT_Bin_29)_(MultiDim_Q2_y_z_pT_phi_h)_(Normalized)[0m (Histo Num 53045)
Fitting for: [1m(MultiDim_5D_Histo)_(Bayesian)_(SMEAR=Smear)_(Q2_y_Bin_4)_(z_pT_Bin_7)_(MultiDim_Q2_y_z_pT_phi_h)_(Normalized)[0m (Histo Num 53047)
Fitting for: [1m(MultiDim_5D_Histo)_(RC_Bayesian)_(SMEAR=Smear)_(Q2_y_Bin_4)_(z_pT_Bin_7)_(MultiDim_Q2_y_z_pT_phi_h)_(Normalized)[0m (Histo Num 53048)
Fitting for: [1m(MultiDim_5D_Histo)_(BC_RC_Bayesian)_(SMEAR=Smear)_(Q2_y_Bin_4)_(z_pT_Bin_7)_(MultiDim_Q2_y_z_pT_phi_h)_(Normalized)[0m (Histo Num 53049)
Fitting for: [1m(MultiDim_5D_Histo)_(Bayesian)_(SMEAR=Smear)_(Q2_y_Bin_4)_(z_pT_Bin_8)_(MultiDim_Q2_y_z_pT_phi_h)_(Normalized)[0m (Histo Num 53051)
Fitting for: [1m(MultiDim_5D_Histo)_(RC_Bayesian)_(SMEAR=Smear)_(Q2_y_Bin_4)_(z_pT_Bin_8)_(MultiDim_Q2_y_z_pT_phi_h)_(Normalized)[0m (Histo Num 53052)
Fitting for: [1m(MultiDim_5D_Histo)_(BC_RC_Bayesian)_(SMEAR=Smear)_(Q2_y_Bin_4)_(z_pT_Bin_8)_(MultiDim_Q2_y_z_pT_phi_h)_(Normalized)[0m (Histo Num 53053)
Fitting for: [1m(MultiDim_5D_Histo)_(Bayesian)_(SMEAR=Smear)_(Q2_y_Bin_4)_(z_pT_Bin_9)_(MultiDim_Q2_y_z_pT_phi_h)_(Normalized)[0m (Histo Num 53055)
Fitting for: [1m(MultiDim_5D_Histo)_(RC_Bayesian)_(SMEAR=Smear)_(Q2_y_Bin_4)_(z_pT_Bin_9)_(MultiDim_Q2_y_z_pT_phi_h)_(Normalized)[0m (Histo Num 53056)
Fitting for: [1m(MultiDim_5D_Histo)_(BC_RC_Bayesian)_(SMEAR=Smear)_(Q2_y_Bin_4)_(z_pT_Bin_9)_(MultiDim_Q2_y_z_pT_phi_h)_(Normalized)[0m (Histo Num 53057)
Fitting for: [1m(MultiDim_5D_Histo)_(Bayesian)_(SMEAR=Smear)_(Q2_y_Bin_4)_(z_pT_Bin_10)_(MultiDim_Q2_y_z_pT_phi_h)_(Normalized)[0m (Histo Num 53059)
Fitting for: [1m(MultiDim_5D_Histo)_(RC_Bayesian)_(SMEAR=Smear)_(Q2_y_Bin_4)_(z_pT_Bin_10)_(MultiDim_Q2_y_z_pT_phi_h)_(Normalized)[0m (Histo Num 53060)
Fitting for: [1m(MultiDim_5D_Histo)_(BC_RC_Bayesian)_(SMEAR=Smear)_(Q2_y_Bin_4)_(z_pT_Bin_10)_(MultiDim_Q2_y_z_pT_phi_h)_(Normalized)[0m (Histo Num 53061)
Fitting for: [1m(MultiDim_5D_Histo)_(Bayesian)_(SMEAR=Smear)_(Q2_y_Bin_4)_(z_pT_Bin_11)_(MultiDim_Q2_y_z_pT_phi_h)_(Normalized)[0m (Histo Num 53063)
Fitting for: [1m(MultiDim_5D_Histo)_(RC_Bayesian)_(SMEAR=Smear)_(Q2_y_Bin_4)_(z_pT_Bin_11)_(MultiDim_Q2_y_z_pT_phi_h)_(Normalized)[0m (Histo Num 53064)
Fitting for: [1m(MultiDim_5D_Histo)_(BC_RC_Bayesian)_(SMEAR=Smear)_(Q2_y_Bin_4)_(z_pT_Bin_11)_(MultiDim_Q2_y_z_pT_phi_h)_(Normalized)[0m (Histo Num 53065)
Fitting for: [1m(MultiDim_5D_Histo)_(Bayesian)_(SMEAR=Smear)_(Q2_y_Bin_4)_(z_pT_Bin_13)_(MultiDim_Q2_y_z_pT_phi_h)_(Normalized)[0m (Histo Num 53067)
Fitting for: [1m(MultiDim_5D_Histo)_(RC_Bayesian)_(SMEAR=Smear)_(Q2_y_Bin_4)_(z_pT_Bin_13)_(MultiDim_Q2_y_z_pT_phi_h)_(Normalized)[0m (Histo Num 53068)
Fitting for: [1m(MultiDim_5D_Histo)_(BC_RC_Bayesian)_(SMEAR=Smear)_(Q2_y_Bin_4)_(z_pT_Bin_13)_(MultiDim_Q2_y_z_pT_phi_h)_(Normalized)[0m (Histo Num 53069)
Fitting for: [1m(MultiDim_5D_Histo)_(Bayesian)_(SMEAR=Smear)_(Q2_y_Bin_4)_(z_pT_Bin_14)_(MultiDim_Q2_y_z_pT_phi_h)_(Normalized)[0m (Histo Num 53071)
Fitting for: [1m(MultiDim_5D_Histo)_(RC_Bayesian)_(SMEAR=Smear)_(Q2_y_Bin_4)_(z_pT_Bin_14)_(MultiDim_Q2_y_z_pT_phi_h)_(Normalized)[0m (Histo Num 53072)
Fitting for: [1m(MultiDim_5D_Histo)_(BC_RC_Bayesian)_(SMEAR=Smear)_(Q2_y_Bin_4)_(z_pT_Bin_14)_(MultiDim_Q2_y_z_pT_phi_h)_(Normalized)[0m (Histo Num 53073)
Fitting for: [1m(MultiDim_5D_Histo)_(Bayesian)_(SMEAR=Smear)_(Q2_y_Bin_4)_(z_pT_Bin_15)_(MultiDim_Q2_y_z_pT_phi_h)_(Normalized)[0m (Histo Num 53075)
Fitting for: [1m(MultiDim_5D_Histo)_(RC_Bayesian)_(SMEAR=Smear)_(Q2_y_Bin_4)_(z_pT_Bin_15)_(MultiDim_Q2_y_z_pT_phi_h)_(Normalized)[0m (Histo Num 53076)
Fitting for: [1m(MultiDim_5D_Histo)_(BC_RC_Bayesian)_(SMEAR=Smear)_(Q2_y_Bin_4)_(z_pT_Bin_15)_(MultiDim_Q2_y_z_pT_phi_h)_(Normalized)[0m (Histo Num 53077)
Fitting for: [1m(MultiDim_5D_Histo)_(Bayesian)_(SMEAR=Smear)_(Q2_y_Bin_4)_(z_pT_Bin_16)_(MultiDim_Q2_y_z_pT_phi_h)_(Normalized)[0m (Histo Num 53079)
Fitting for: [1m(MultiDim_5D_Histo)_(RC_Bayesian)_(SMEAR=Smear)_(Q2_y_Bin_4)_(z_pT_Bin_16)_(MultiDim_Q2_y_z_pT_phi_h)_(Normalized)[0m (Histo Num 53080)
Fitting for: [1m(MultiDim_5D_Histo)_(BC_RC_Bayesian)_(SMEAR=Smear)_(Q2_y_Bin_4)_(z_pT_Bin_16)_(MultiDim_Q2_y_z_pT_phi_h)_(Normalized)[0m (Histo Num 53081)
Fitting for: [1m(MultiDim_5D_Histo)_(Bayesian)_(SMEAR=Smear)_(Q2_y_Bin_4)_(z_pT_Bin_17)_(MultiDim_Q2_y_z_pT_phi_h)_(Normalized)[0m (Histo Num 53083)
Fitting for: [1m(MultiDim_5D_Histo)_(RC_Bayesian)_(SMEAR=Smear)_(Q2_y_Bin_4)_(z_pT_Bin_17)_(MultiDim_Q2_y_z_pT_phi_h)_(Normalized)[0m (Histo Num 53084)
Fitting for: [1m(MultiDim_5D_Histo)_(BC_RC_Bayesian)_(SMEAR=Smear)_(Q2_y_Bin_4)_(z_pT_Bin_17)_(MultiDim_Q2_y_z_pT_phi_h)_(Normalized)[0m (Histo Num 53085)
Fitting for: [1m(MultiDim_5D_Histo)_(Bayesian)_(SMEAR=Smear)_(Q2_y_Bin_4)_(z_pT_Bin_19)_(MultiDim_Q2_y_z_pT_phi_h)_(Normalized)[0m (Histo Num 53087)
Fitting for: [1m(MultiDim_5D_Histo)_(RC_Bayesian)_(SMEAR=Smear)_(Q2_y_Bin_4)_(z_pT_Bin_19)_(MultiDim_Q2_y_z_pT_phi_h)_(Normalized)[0m (Histo Num 53088)
Fitting for: [1m(MultiDim_5D_Histo)_(BC_RC_Bayesian)_(SMEAR=Smear)_(Q2_y_Bin_4)_(z_pT_Bin_19)_(MultiDim_Q2_y_z_pT_phi_h)_(Normalized)[0m (Histo Num 53089)
Fitting for: [1m(MultiDim_5D_Histo)_(Bayesian)_(SMEAR=Smear)_(Q2_y_Bin_4)_(z_pT_Bin_20)_(MultiDim_Q2_y_z_pT_phi_h)_(Normalized)[0m (Histo Num 53091)
Fitting for: [1m(MultiDim_5D_Histo)_(RC_Bayesian)_(SMEAR=Smear)_(Q2_y_Bin_4)_(z_pT_Bin_20)_(MultiDim_Q2_y_z_pT_phi_h)_(Normalized)[0m (Histo Num 53092)
Fitting for: [1m(MultiDim_5D_Histo)_(BC_RC_Bayesian)_(SMEAR=Smear)_(Q2_y_Bin_4)_(z_pT_Bin_20)_(MultiDim_Q2_y_z_pT_phi_h)_(Normalized)[0m (Histo Num 53093)
Fitting for: [1m(MultiDim_5D_Histo)_(Bayesian)_(SMEAR=Smear)_(Q2_y_Bin_4)_(z_pT_Bin_21)_(MultiDim_Q2_y_z_pT_phi_h)_(Normalized)[0m (Histo Num 53095)
Fitting for: [1m(MultiDim_5D_Histo)_(RC_Bayesian)_(SMEAR=Smear)_(Q2_y_Bin_4)_(z_pT_Bin_21)_(MultiDim_Q2_y_z_pT_phi_h)_(Normalized)[0m (Histo Num 53096)
Fitting for: [1m(MultiDim_5D_Histo)_(BC_RC_Bayesian)_(SMEAR=Smear)_(Q2_y_Bin_4)_(z_pT_Bin_21)_(MultiDim_Q2_y_z_pT_phi_h)_(Normalized)[0m (Histo Num 53097)
Fitting for: [1m(MultiDim_5D_Histo)_(Bayesian)_(SMEAR=Smear)_(Q2_y_Bin_4)_(z_pT_Bin_22)_(MultiDim_Q2_y_z_pT_phi_h)_(Normalized)[0m (Histo Num 53099)
Fitting for: [1m(MultiDim_5D_Histo)_(RC_Bayesian)_(SMEAR=Smear)_(Q2_y_Bin_4)_(z_pT_Bin_22)_(MultiDim_Q2_y_z_pT_phi_h)_(Normalized)[0m (Histo Num 53100)
Fitting for: [1m(MultiDim_5D_Histo)_(BC_RC_Bayesian)_(SMEAR=Smear)_(Q2_y_Bin_4)_(z_pT_Bin_22)_(MultiDim_Q2_y_z_pT_phi_h)_(Normalized)[0m (Histo Num 53101)
Fitting for: [1m(MultiDim_5D_Histo)_(Bayesian)_(SMEAR=Smear)_(Q2_y_Bin_4)_(z_pT_Bin_23)_(MultiDim_Q2_y_z_pT_phi_h)_(Normalized)[0m (Histo Num 53103)
Fitting for: [1m(MultiDim_5D_Histo)_(RC_Bayesian)_(SMEAR=Smear)_(Q2_y_Bin_4)_(z_pT_Bin_23)_(MultiDim_Q2_y_z_pT_phi_h)_(Normalized)[0m (Histo Num 53104)
Fitting for: [1m(MultiDim_5D_Histo)_(BC_RC_Bayesian)_(SMEAR=Smear)_(Q2_y_Bin_4)_(z_pT_Bin_23)_(MultiDim_Q2_y_z_pT_phi_h)_(Normalized)[0m (Histo Num 53105)
Fitting for: [1m(MultiDim_5D_Histo)_(Bayesian)_(SMEAR=Smear)_(Q2_y_Bin_4)_(z_pT_Bin_25)_(MultiDim_Q2_y_z_pT_phi_h)_(Normalized)[0m (Histo Num 53107)
Fitting for: [1m(MultiDim_5D_Histo)_(RC_Bayesian)_(SMEAR=Smear)_(Q2_y_Bin_4)_(z_pT_Bin_25)_(MultiDim_Q2_y_z_pT_phi_h)_(Normalized)[0m (Histo Num 53108)
Fitting for: [1m(MultiDim_5D_Histo)_(BC_RC_Bayesian)_(SMEAR=Smear)_(Q2_y_Bin_4)_(z_pT_Bin_25)_(MultiDim_Q2_y_z_pT_phi_h)_(Normalized)[0m (Histo Num 53109)
Fitting for: [1m(MultiDim_5D_Histo)_(Bayesian)_(SMEAR=Smear)_(Q2_y_Bin_4)_(z_pT_Bin_26)_(MultiDim_Q2_y_z_pT_phi_h)_(Normalized)[0m (Histo Num 53111)
Fitting for: [1m(MultiDim_5D_Histo)_(RC_Bayesian)_(SMEAR=Smear)_(Q2_y_Bin_4)_(z_pT_Bin_26)_(MultiDim_Q2_y_z_pT_phi_h)_(Normalized)[0m (Histo Num 53112)
Fitting for: [1m(MultiDim_5D_Histo)_(BC_RC_Bayesian)_(SMEAR=Smear)_(Q2_y_Bin_4)_(z_pT_Bin_26)_(MultiDim_Q2_y_z_pT_phi_h)_(Normalized)[0m (Histo Num 53113)
Fitting for: [1m(MultiDim_5D_Histo)_(Bayesian)_(SMEAR=Smear)_(Q2_y_Bin_4)_(z_pT_Bin_27)_(MultiDim_Q2_y_z_pT_phi_h)_(Normalized)[0m (Histo Num 53115)
Fitting for: [1m(MultiDim_5D_Histo)_(RC_Bayesian)_(SMEAR=Smear)_(Q2_y_Bin_4)_(z_pT_Bin_27)_(MultiDim_Q2_y_z_pT_phi_h)_(Normalized)[0m (Histo Num 53116)
Fitting for: [1m(MultiDim_5D_Histo)_(BC_RC_Bayesian)_(SMEAR=Smear)_(Q2_y_Bin_4)_(z_pT_Bin_27)_(MultiDim_Q2_y_z_pT_phi_h)_(Normalized)[0m (Histo Num 53117)
Fitting for: [1m(MultiDim_5D_Histo)_(Bayesian)_(SMEAR=Smear)_(Q2_y_Bin_4)_(z_pT_Bin_28)_(MultiDim_Q2_y_z_pT_phi_h)_(Normalized)[0m (Histo Num 53119)
Fitting for: [1m(MultiDim_5D_Histo)_(RC_Bayesian)_(SMEAR=Smear)_(Q2_y_Bin_4)_(z_pT_Bin_28)_(MultiDim_Q2_y_z_pT_phi_h)_(Normalized)[0m (Histo Num 53120)
Fitting for: [1m(MultiDim_5D_Histo)_(BC_RC_Bayesian)_(SMEAR=Smear)_(Q2_y_Bin_4)_(z_pT_Bin_28)_(MultiDim_Q2_y_z_pT_phi_h)_(Normalized)[0m (Histo Num 53121)
Fitting for: [1m(MultiDim_5D_Histo)_(Bayesian)_(SMEAR=Smear)_(Q2_y_Bin_4)_(z_pT_Bin_29)_(MultiDim_Q2_y_z_pT_phi_h)_(Normalized)[0m (Histo Num 53123)
Fitting for: [1m(MultiDim_5D_Histo)_(RC_Bayesian)_(SMEAR=Smear)_(Q2_y_Bin_4)_(z_pT_Bin_29)_(MultiDim_Q2_y_z_pT_phi_h)_(Normalized)[0m (Histo Num 53124)
Fitting for: [1m(MultiDim_5D_Histo)_(BC_RC_Bayesian)_(SMEAR=Smear)_(Q2_y_Bin_4)_(z_pT_Bin_29)_(MultiDim_Q2_y_z_pT_phi_h)_(Normalized)[0m (Histo Num 53125)
Fitting for: [1m(MultiDim_5D_Histo)_(Bayesian)_(SMEAR=Smear)_(Q2_y_Bin_4)_(z_pT_Bin_31)_(MultiDim_Q2_y_z_pT_phi_h)_(Normalized)[0m (Histo Num 53127)
Fitting for: [1m(MultiDim_5D_Histo)_(RC_Bayesian)_(SMEAR=Smear)_(Q2_y_Bin_4)_(z_pT_Bin_31)_(MultiDim_Q2_y_z_pT_phi_h)_(Normalized)[0m (Histo Num 53128)
Fitting for: [1m(MultiDim_5D_Histo)_(BC_RC_Bayesian)_(SMEAR=Smear)_(Q2_y_Bin_4)_(z_pT_Bin_31)_(MultiDim_Q2_y_z_pT_phi_h)_(Normalized)[0m (Histo Num 53129)
Fitting for: [1m(MultiDim_5D_Histo)_(Bayesian)_(SMEAR=Smear)_(Q2_y_Bin_4)_(z_pT_Bin_32)_(MultiDim_Q2_y_z_pT_phi_h)_(Normalized)[0m (Histo Num 53131)
Fitting for: [1m(MultiDim_5D_Histo)_(RC_Bayesian)_(SMEAR=Smear)_(Q2_y_Bin_4)_(z_pT_Bin_32)_(MultiDim_Q2_y_z_pT_phi_h)_(Normalized)[0m (Histo Num 53132)
Fitting for: [1m(MultiDim_5D_Histo)_(BC_RC_Bayesian)_(SMEAR=Smear)_(Q2_y_Bin_4)_(z_pT_Bin_32)_(MultiDim_Q2_y_z_pT_phi_h)_(Normalized)[0m (Histo Num 53133)
Fitting for: [1m(MultiDim_5D_Histo)_(Bayesian)_(SMEAR=Smear)_(Q2_y_Bin_4)_(z_pT_Bin_33)_(MultiDim_Q2_y_z_pT_phi_h)_(Normalized)[0m (Histo Num 53135)
Fitting for: [1m(MultiDim_5D_Histo)_(RC_Bayesian)_(SMEAR=Smear)_(Q2_y_Bin_4)_(z_pT_Bin_33)_(MultiDim_Q2_y_z_pT_phi_h)_(Normalized)[0m (Histo Num 53136)
Fitting for: [1m(MultiDim_5D_Histo)_(BC_RC_Bayesian)_(SMEAR=Smear)_(Q2_y_Bin_4)_(z_pT_Bin_33)_(MultiDim_Q2_y_z_pT_phi_h)_(Normalized)[0m (Histo Num 53137)
Fitting for: [1m(MultiDim_5D_Histo)_(Bayesian)_(SMEAR=Smear)_(Q2_y_Bin_4)_(z_pT_Bin_34)_(MultiDim_Q2_y_z_pT_phi_h)_(Normalized)[0m (Histo Num 53139)
Fitting for: [1m(MultiDim_5D_Histo)_(RC_Bayesian)_(SMEAR=Smear)_(Q2_y_Bin_4)_(z_pT_Bin_34)_(MultiDim_Q2_y_z_pT_phi_h)_(Normalized)[0m (Histo Num 53140)
Fitting for: [1m(MultiDim_5D_Histo)_(BC_RC_Bayesian)_(SMEAR=Smear)_(Q2_y_Bin_4)_(z_pT_Bin_34)_(MultiDim_Q2_y_z_pT_phi_h)_(Normalized)[0m (Histo Num 53141)
Fitting for: [1m(MultiDim_5D_Histo)_(Bayesian)_(SMEAR=Smear)_(Q2_y_Bin_5)_(z_pT_Bin_1)_(MultiDim_Q2_y_z_pT_phi_h)_(Normalized)[0m (Histo Num 53143)
Fitting for: [1m(MultiDim_5D_Histo)_(RC_Bayesian)_(SMEAR=Smear)_(Q2_y_Bin_5)_(z_pT_Bin_1)_(MultiDim_Q2_y_z_pT_phi_h)_(Normalized)[0m (Histo Num 53144)
Fitting for: [1m(MultiDim_5D_Histo)_(BC_RC_Bayesian)_(SMEAR=Smear)_(Q2_y_Bin_5)_(z_pT_Bin_1)_(MultiDim_Q2_y_z_pT_phi_h)_(Normalized)[0m (Histo Num 53145)
Fitting for: [1m(MultiDim_5D_Histo)_(Bayesian)_(SMEAR=Smear)_(Q2_y_Bin_5)_(z_pT_Bin_2)_(MultiDim_Q2_y_z_pT_phi_h)_(Normalized)[0m (Histo Num 53147)
Fitting for: [1m(MultiDim_5D_Histo)_(RC_Bayesian)_(SMEAR=Smear)_(Q2_y_Bin_5)_(z_pT_Bin_2)_(MultiDim_Q2_y_z_pT_phi_h)_(Normalized)[0m (Histo Num 53148)
Fitting for: [1m(MultiDim_5D_Histo)_(BC_RC_Bayesian)_(SMEAR=Smear)_(Q2_y_Bin_5)_(z_pT_Bin_2)_(MultiDim_Q2_y_z_pT_phi_h)_(Normalized)[0m (Histo Num 53149)
Fitting for: [1m(MultiDim_5D_Histo)_(Bayesian)_(SMEAR=Smear)_(Q2_y_Bin_5)_(z_pT_Bin_3)_(MultiDim_Q2_y_z_pT_phi_h)_(Normalized)[0m (Histo Num 53151)
Fitting for: [1m(MultiDim_5D_Histo)_(RC_Bayesian)_(SMEAR=Smear)_(Q2_y_Bin_5)_(z_pT_Bin_3)_(MultiDim_Q2_y_z_pT_phi_h)_(Normalized)[0m (Histo Num 53152)
Fitting for: [1m(MultiDim_5D_Histo)_(BC_RC_Bayesian)_(SMEAR=Smear)_(Q2_y_Bin_5)_(z_pT_Bin_3)_(MultiDim_Q2_y_z_pT_phi_h)_(Normalized)[0m (Histo Num 53153)
Fitting for: [1m(MultiDim_5D_Histo)_(Bayesian)_(SMEAR=Smear)_(Q2_y_Bin_5)_(z_pT_Bin_4)_(MultiDim_Q2_y_z_pT_phi_h)_(Normalized)[0m (Histo Num 53155)
Fitting for: [1m(MultiDim_5D_Histo)_(RC_Bayesian)_(SMEAR=Smear)_(Q2_y_Bin_5)_(z_pT_Bin_4)_(MultiDim_Q2_y_z_pT_phi_h)_(Normalized)[0m (Histo Num 53156)
Fitting for: [1m(MultiDim_5D_Histo)_(BC_RC_Bayesian)_(SMEAR=Smear)_(Q2_y_Bin_5)_(z_pT_Bin_4)_(MultiDim_Q2_y_z_pT_phi_h)_(Normalized)[0m (Histo Num 53157)
Fitting for: [1m(MultiDim_5D_Histo)_(Bayesian)_(SMEAR=Smear)_(Q2_y_Bin_5)_(z_pT_Bin_5)_(MultiDim_Q2_y_z_pT_phi_h)_(Normalized)[0m (Histo Num 53159)
Fitting for: [1m(MultiDim_5D_Histo)_(RC_Bayesian)_(SMEAR=Smear)_(Q2_y_Bin_5)_(z_pT_Bin_5)_(MultiDim_Q2_y_z_pT_phi_h)_(Normalized)[0m (Histo Num 53160)
Fitting for: [1m(MultiDim_5D_Histo)_(BC_RC_Bayesian)_(SMEAR=Smear)_(Q2_y_Bin_5)_(z_pT_Bin_5)_(MultiDim_Q2_y_z_pT_phi_h)_(Normalized)[0m (Histo Num 53161)
Fitting for: [1m(MultiDim_5D_Histo)_(Bayesian)_(SMEAR=Smear)_(Q2_y_Bin_5)_(z_pT_Bin_6)_(MultiDim_Q2_y_z_pT_phi_h)_(Normalized)[0m (Histo Num 53163)
Fitting for: [1m(MultiDim_5D_Histo)_(RC_Bayesian)_(SMEAR=Smear)_(Q2_y_Bin_5)_(z_pT_Bin_6)_(MultiDim_Q2_y_z_pT_phi_h)_(Normalized)[0m (Histo Num 53164)
Fitting for: [1m(MultiDim_5D_Histo)_(BC_RC_Bayesian)_(SMEAR=Smear)_(Q2_y_Bin_5)_(z_pT_Bin_6)_(MultiDim_Q2_y_z_pT_phi_h)_(Normalized)[0m (Histo Num 53165)
Fitting for: [1m(MultiDim_5D_Histo)_(Bayesian)_(SMEAR=Smear)_(Q2_y_Bin_5)_(z_pT_Bin_7)_(MultiDim_Q2_y_z_pT_phi_h)_(Normalized)[0m (Histo Num 53167)
Fitting for: [1m(MultiDim_5D_Histo)_(RC_Bayesian)_(SMEAR=Smear)_(Q2_y_Bin_5)_(z_pT_Bin_7)_(MultiDim_Q2_y_z_pT_phi_h)_(Normalized)[0m (Histo Num 53168)
Fitting for: [1m(MultiDim_5D_Histo)_(BC_RC_Bayesian)_(SMEAR=Smear)_(Q2_y_Bin_5)_(z_pT_Bin_7)_(MultiDim_Q2_y_z_pT_phi_h)_(Normalized)[0m (Histo Num 53169)
Fitting for: [1m(MultiDim_5D_Histo)_(Bayesian)_(SMEAR=Smear)_(Q2_y_Bin_5)_(z_pT_Bin_8)_(MultiDim_Q2_y_z_pT_phi_h)_(Normalized)[0m (Histo Num 53171)
Fitting for: [1m(MultiDim_5D_Histo)_(RC_Bayesian)_(SMEAR=Smear)_(Q2_y_Bin_5)_(z_pT_Bin_8)_(MultiDim_Q2_y_z_pT_phi_h)_(Normalized)[0m (Histo Num 53172)
Fitting for: [1m(MultiDim_5D_Histo)_(BC_RC_Bayesian)_(SMEAR=Smear)_(Q2_y_Bin_5)_(z_pT_Bin_8)_(MultiDim_Q2_y_z_pT_phi_h)_(Normalized)[0m (Histo Num 53173)
Fitting for: [1m(MultiDim_5D_Histo)_(Bayesian)_(SMEAR=Smear)_(Q2_y_Bin_5)_(z_pT_Bin_9)_(MultiDim_Q2_y_z_pT_phi_h)_(Normalized)[0m (Histo Num 53175)
Fitting for: [1m(MultiDim_5D_Histo)_(RC_Bayesian)_(SMEAR=Smear)_(Q2_y_Bin_5)_(z_pT_Bin_9)_(MultiDim_Q2_y_z_pT_phi_h)_(Normalized)[0m (Histo Num 53176)
Fitting for: [1m(MultiDim_5D_Histo)_(BC_RC_Bayesian)_(SMEAR=Smear)_(Q2_y_Bin_5)_(z_pT_Bin_9)_(MultiDim_Q2_y_z_pT_phi_h)_(Normalized)[0m (Histo Num 53177)
Fitting for: [1m(MultiDim_5D_Histo)_(Bayesian)_(SMEAR=Smear)_(Q2_y_Bin_5)_(z_pT_Bin_10)_(MultiDim_Q2_y_z_pT_phi_h)_(Normalized)[0m (Histo Num 53179)
Fitting for: [1m(MultiDim_5D_Histo)_(RC_Bayesian)_(SMEAR=Smear)_(Q2_y_Bin_5)_(z_pT_Bin_10)_(MultiDim_Q2_y_z_pT_phi_h)_(Normalized)[0m (Histo Num 53180)
Fitting for: [1m(MultiDim_5D_Histo)_(BC_RC_Bayesian)_(SMEAR=Smear)_(Q2_y_Bin_5)_(z_pT_Bin_10)_(MultiDim_Q2_y_z_pT_phi_h)_(Normalized)[0m (Histo Num 53181)
Fitting for: [1m(MultiDim_5D_Histo)_(Bayesian)_(SMEAR=Smear)_(Q2_y_Bin_5)_(z_pT_Bin_11)_(MultiDim_Q2_y_z_pT_phi_h)_(Normalized)[0m (Histo Num 53183)
Fitting for: [1m(MultiDim_5D_Histo)_(RC_Bayesian)_(SMEAR=Smear)_(Q2_y_Bin_5)_(z_pT_Bin_11)_(MultiDim_Q2_y_z_pT_phi_h)_(Normalized)[0m (Histo Num 53184)
Fitting for: [1m(MultiDim_5D_Histo)_(BC_RC_Bayesian)_(SMEAR=Smear)_(Q2_y_Bin_5)_(z_pT_Bin_11)_(MultiDim_Q2_y_z_pT_phi_h)_(Normalized)[0m (Histo Num 53185)
Fitting for: [1m(MultiDim_5D_Histo)_(Bayesian)_(SMEAR=Smear)_(Q2_y_Bin_5)_(z_pT_Bin_12)_(MultiDim_Q2_y_z_pT_phi_h)_(Normalized)[0m (Histo Num 53187)
Fitting for: [1m(MultiDim_5D_Histo)_(RC_Bayesian)_(SMEAR=Smear)_(Q2_y_Bin_5)_(z_pT_Bin_12)_(MultiDim_Q2_y_z_pT_phi_h)_(Normalized)[0m (Histo Num 53188)
Fitting for: [1m(MultiDim_5D_Histo)_(BC_RC_Bayesian)_(SMEAR=Smear)_(Q2_y_Bin_5)_(z_pT_Bin_12)_(MultiDim_Q2_y_z_pT_phi_h)_(Normalized)[0m (Histo Num 53189)
Fitting for: [1m(MultiDim_5D_Histo)_(Bayesian)_(SMEAR=Smear)_(Q2_y_Bin_5)_(z_pT_Bin_13)_(MultiDim_Q2_y_z_pT_phi_h)_(Normalized)[0m (Histo Num 53191)
Fitting for: [1m(MultiDim_5D_Histo)_(RC_Bayesian)_(SMEAR=Smear)_(Q2_y_Bin_5)_(z_pT_Bin_13)_(MultiDim_Q2_y_z_pT_phi_h)_(Normalized)[0m (Histo Num 53192)
Fitting for: [1m(MultiDim_5D_Histo)_(BC_RC_Bayesian)_(SMEAR=Smear)_(Q2_y_Bin_5)_(z_pT_Bin_13)_(MultiDim_Q2_y_z_pT_phi_h)_(Normalized)[0m (Histo Num 53193)
Fitting for: [1m(MultiDim_5D_Histo)_(Bayesian)_(SMEAR=Smear)_(Q2_y_Bin_5)_(z_pT_Bin_14)_(MultiDim_Q2_y_z_pT_phi_h)_(Normalized)[0m (Histo Num 53195)
Fitting for: [1m(MultiDim_5D_Histo)_(RC_Bayesian)_(SMEAR=Smear)_(Q2_y_Bin_5)_(z_pT_Bin_14)_(MultiDim_Q2_y_z_pT_phi_h)_(Normalized)[0m (Histo Num 53196)
Fitting for: [1m(MultiDim_5D_Histo)_(BC_RC_Bayesian)_(SMEAR=Smear)_(Q2_y_Bin_5)_(z_pT_Bin_14)_(MultiDim_Q2_y_z_pT_phi_h)_(Normalized)[0m (Histo Num 53197)
Fitting for: [1m(MultiDim_5D_Histo)_(Bayesian)_(SMEAR=Smear)_(Q2_y_Bin_5)_(z_pT_Bin_15)_(MultiDim_Q2_y_z_pT_phi_h)_(Normalized)[0m (Histo Num 53199)
Fitting for: [1m(MultiDim_5D_Histo)_(RC_Bayesian)_(SMEAR=Smear)_(Q2_y_Bin_5)_(z_pT_Bin_15)_(MultiDim_Q2_y_z_pT_phi_h)_(Normalized)[0m (Histo Num 53200)
Fitting for: [1m(MultiDim_5D_Histo)_(BC_RC_Bayesian)_(SMEAR=Smear)_(Q2_y_Bin_5)_(z_pT_Bin_15)_(MultiDim_Q2_y_z_pT_phi_h)_(Normalized)[0m (Histo Num 53201)
Fitting for: [1m(MultiDim_5D_Histo)_(Bayesian)_(SMEAR=Smear)_(Q2_y_Bin_5)_(z_pT_Bin_16)_(MultiDim_Q2_y_z_pT_phi_h)_(Normalized)[0m (Histo Num 53203)
Fitting for: [1m(MultiDim_5D_Histo)_(RC_Bayesian)_(SMEAR=Smear)_(Q2_y_Bin_5)_(z_pT_Bin_16)_(MultiDim_Q2_y_z_pT_phi_h)_(Normalized)[0m (Histo Num 53204)
Fitting for: [1m(MultiDim_5D_Histo)_(BC_RC_Bayesian)_(SMEAR=Smear)_(Q2_y_Bin_5)_(z_pT_Bin_16)_(MultiDim_Q2_y_z_pT_phi_h)_(Normalized)[0m (Histo Num 53205)
Fitting for: [1m(MultiDim_5D_Histo)_(Bayesian)_(SMEAR=Smear)_(Q2_y_Bin_5)_(z_pT_Bin_17)_(MultiDim_Q2_y_z_pT_phi_h)_(Normalized)[0m (Histo Num 53207)
Fitting for: [1m(MultiDim_5D_Histo)_(RC_Bayesian)_(SMEAR=Smear)_(Q2_y_Bin_5)_(z_pT_Bin_17)_(MultiDim_Q2_y_z_pT_phi_h)_(Normalized)[0m (Histo Num 53208)
Fitting for: [1m(MultiDim_5D_Histo)_(BC_RC_Bayesian)_(SMEAR=Smear)_(Q2_y_Bin_5)_(z_pT_Bin_17)_(MultiDim_Q2_y_z_pT_phi_h)_(Normalized)[0m (Histo Num 53209)
Fitting for: [1m(MultiDim_5D_Histo)_(Bayesian)_(SMEAR=Smear)_(Q2_y_Bin_5)_(z_pT_Bin_18)_(MultiDim_Q2_y_z_pT_phi_h)_(Normalized)[0m (Histo Num 53211)
Fitting for: [1m(MultiDim_5D_Histo)_(RC_Bayesian)_(SMEAR=Smear)_(Q2_y_Bin_5)_(z_pT_Bin_18)_(MultiDim_Q2_y_z_pT_phi_h)_(Normalized)[0m (Histo Num 53212)
Fitting for: [1m(MultiDim_5D_Histo)_(BC_RC_Bayesian)_(SMEAR=Smear)_(Q2_y_Bin_5)_(z_pT_Bin_18)_(MultiDim_Q2_y_z_pT_phi_h)_(Normalized)[0m (Histo Num 53213)
Fitting for: [1m(MultiDim_5D_Histo)_(Bayesian)_(SMEAR=Smear)_(Q2_y_Bin_5)_(z_pT_Bin_19)_(MultiDim_Q2_y_z_pT_phi_h)_(Normalized)[0m (Histo Num 53215)
Fitting for: [1m(MultiDim_5D_Histo)_(RC_Bayesian)_(SMEAR=Smear)_(Q2_y_Bin_5)_(z_pT_Bin_19)_(MultiDim_Q2_y_z_pT_phi_h)_(Normalized)[0m (Histo Num 53216)
Fitting for: [1m(MultiDim_5D_Histo)_(BC_RC_Bayesian)_(SMEAR=Smear)_(Q2_y_Bin_5)_(z_pT_Bin_19)_(MultiDim_Q2_y_z_pT_phi_h)_(Normalized)[0m (Histo Num 53217)
Fitting for: [1m(MultiDim_5D_Histo)_(Bayesian)_(SMEAR=Smear)_(Q2_y_Bin_5)_(z_pT_Bin_20)_(MultiDim_Q2_y_z_pT_phi_h)_(Normalized)[0m (Histo Num 53219)
Fitting for: [1m(MultiDim_5D_Histo)_(RC_Bayesian)_(SMEAR=Smear)_(Q2_y_Bin_5)_(z_pT_Bin_20)_(MultiDim_Q2_y_z_pT_phi_h)_(Normalized)[0m (Histo Num 53220)
Fitting for: [1m(MultiDim_5D_Histo)_(BC_RC_Bayesian)_(SMEAR=Smear)_(Q2_y_Bin_5)_(z_pT_Bin_20)_(MultiDim_Q2_y_z_pT_phi_h)_(Normalized)[0m (Histo Num 53221)
Fitting for: [1m(MultiDim_5D_Histo)_(Bayesian)_(SMEAR=Smear)_(Q2_y_Bin_5)_(z_pT_Bin_21)_(MultiDim_Q2_y_z_pT_phi_h)_(Normalized)[0m (Histo Num 53223)
Fitting for: [1m(MultiDim_5D_Histo)_(RC_Bayesian)_(SMEAR=Smear)_(Q2_y_Bin_5)_(z_pT_Bin_21)_(MultiDim_Q2_y_z_pT_phi_h)_(Normalized)[0m (Histo Num 53224)
Fitting for: [1m(MultiDim_5D_Histo)_(BC_RC_Bayesian)_(SMEAR=Smear)_(Q2_y_Bin_5)_(z_pT_Bin_21)_(MultiDim_Q2_y_z_pT_phi_h)_(Normalized)[0m (Histo Num 53225)
Fitting for: [1m(MultiDim_5D_Histo)_(Bayesian)_(SMEAR=Smear)_(Q2_y_Bin_5)_(z_pT_Bin_22)_(MultiDim_Q2_y_z_pT_phi_h)_(Normalized)[0m (Histo Num 53227)
Fitting for: [1m(MultiDim_5D_Histo)_(RC_Bayesian)_(SMEAR=Smear)_(Q2_y_Bin_5)_(z_pT_Bin_22)_(MultiDim_Q2_y_z_pT_phi_h)_(Normalized)[0m (Histo Num 53228)
Fitting for: [1m(MultiDim_5D_Histo)_(BC_RC_Bayesian)_(SMEAR=Smear)_(Q2_y_Bin_5)_(z_pT_Bin_22)_(MultiDim_Q2_y_z_pT_phi_h)_(Normalized)[0m (Histo Num 53229)
Fitting for: [1m(MultiDim_5D_Histo)_(Bayesian)_(SMEAR=Smear)_(Q2_y_Bin_5)_(z_pT_Bin_23)_(MultiDim_Q2_y_z_pT_phi_h)_(Normalized)[0m (Histo Num 53231)
Fitting for: [1m(MultiDim_5D_Histo)_(RC_Bayesian)_(SMEAR=Smear)_(Q2_y_Bin_5)_(z_pT_Bin_23)_(MultiDim_Q2_y_z_pT_phi_h)_(Normalized)[0m (Histo Num 53232)
Fitting for: [1m(MultiDim_5D_Histo)_(BC_RC_Bayesian)_(SMEAR=Smear)_(Q2_y_Bin_5)_(z_pT_Bin_23)_(MultiDim_Q2_y_z_pT_phi_h)_(Normalized)[0m (Histo Num 53233)
Fitting for: [1m(MultiDim_5D_Histo)_(Bayesian)_(SMEAR=Smear)_(Q2_y_Bin_5)_(z_pT_Bin_25)_(MultiDim_Q2_y_z_pT_phi_h)_(Normalized)[0m (Histo Num 53235)
Fitting for: [1m(MultiDim_5D_Histo)_(RC_Bayesian)_(SMEAR=Smear)_(Q2_y_Bin_5)_(z_pT_Bin_25)_(MultiDim_Q2_y_z_pT_phi_h)_(Normalized)[0m (Histo Num 53236)
Fitting for: [1m(MultiDim_5D_Histo)_(BC_RC_Bayesian)_(SMEAR=Smear)_(Q2_y_Bin_5)_(z_pT_Bin_25)_(MultiDim_Q2_y_z_pT_phi_h)_(Normalized)[0m (Histo Num 53237)
Fitting for: [1m(MultiDim_5D_Histo)_(Bayesian)_(SMEAR=Smear)_(Q2_y_Bin_5)_(z_pT_Bin_26)_(MultiDim_Q2_y_z_pT_phi_h)_(Normalized)[0m (Histo Num 53239)
Fitting for: [1m(MultiDim_5D_Histo)_(RC_Bayesian)_(SMEAR=Smear)_(Q2_y_Bin_5)_(z_pT_Bin_26)_(MultiDim_Q2_y_z_pT_phi_h)_(Normalized)[0m (Histo Num 53240)
Fitting for: [1m(MultiDim_5D_Histo)_(BC_RC_Bayesian)_(SMEAR=Smear)_(Q2_y_Bin_5)_(z_pT_Bin_26)_(MultiDim_Q2_y_z_pT_phi_h)_(Normalized)[0m (Histo Num 53241)
Fitting for: [1m(MultiDim_5D_Histo)_(Bayesian)_(SMEAR=Smear)_(Q2_y_Bin_5)_(z_pT_Bin_27)_(MultiDim_Q2_y_z_pT_phi_h)_(Normalized)[0m (Histo Num 53243)
Fitting for: [1m(MultiDim_5D_Histo)_(RC_Bayesian)_(SMEAR=Smear)_(Q2_y_Bin_5)_(z_pT_Bin_27)_(MultiDim_Q2_y_z_pT_phi_h)_(Normalized)[0m (Histo Num 53244)
Fitting for: [1m(MultiDim_5D_Histo)_(BC_RC_Bayesian)_(SMEAR=Smear)_(Q2_y_Bin_5)_(z_pT_Bin_27)_(MultiDim_Q2_y_z_pT_phi_h)_(Normalized)[0m (Histo Num 53245)
Fitting for: [1m(MultiDim_5D_Histo)_(Bayesian)_(SMEAR=Smear)_(Q2_y_Bin_5)_(z_pT_Bin_28)_(MultiDim_Q2_y_z_pT_phi_h)_(Normalized)[0m (Histo Num 53247)
Fitting for: [1m(MultiDim_5D_Histo)_(RC_Bayesian)_(SMEAR=Smear)_(Q2_y_Bin_5)_(z_pT_Bin_28)_(MultiDim_Q2_y_z_pT_phi_h)_(Normalized)[0m (Histo Num 53248)
Fitting for: [1m(MultiDim_5D_Histo)_(BC_RC_Bayesian)_(SMEAR=Smear)_(Q2_y_Bin_5)_(z_pT_Bin_28)_(MultiDim_Q2_y_z_pT_phi_h)_(Normalized)[0m (Histo Num 53249)
Fitting for: [1m(MultiDim_5D_Histo)_(Bayesian)_(SMEAR=Smear)_(Q2_y_Bin_5)_(z_pT_Bin_29)_(MultiDim_Q2_y_z_pT_phi_h)_(Normalized)[0m (Histo Num 53251)
Fitting for: [1m(MultiDim_5D_Histo)_(RC_Bayesian)_(SMEAR=Smear)_(Q2_y_Bin_5)_(z_pT_Bin_29)_(MultiDim_Q2_y_z_pT_phi_h)_(Normalized)[0m (Histo Num 53252)
Fitting for: [1m(MultiDim_5D_Histo)_(BC_RC_Bayesian)_(SMEAR=Smear)_(Q2_y_Bin_5)_(z_pT_Bin_29)_(MultiDim_Q2_y_z_pT_phi_h)_(Normalized)[0m (Histo Num 53253)
Fitting for: [1m(MultiDim_5D_Histo)_(Bayesian)_(SMEAR=Smear)_(Q2_y_Bin_5)_(z_pT_Bin_31)_(MultiDim_Q2_y_z_pT_phi_h)_(Normalized)[0m (Histo Num 53255)
Fitting for: [1m(MultiDim_5D_Histo)_(RC_Bayesian)_(SMEAR=Smear)_(Q2_y_Bin_5)_(z_pT_Bin_31)_(MultiDim_Q2_y_z_pT_phi_h)_(Normalized)[0m (Histo Num 53256)
Fitting for: [1m(MultiDim_5D_Histo)_(BC_RC_Bayesian)_(SMEAR=Smear)_(Q2_y_Bin_5)_(z_pT_Bin_31)_(MultiDim_Q2_y_z_pT_phi_h)_(Normalized)[0m (Histo Num 53257)
Fitting for: [1m(MultiDim_5D_Histo)_(Bayesian)_(SMEAR=Smear)_(Q2_y_Bin_5)_(z_pT_Bin_32)_(MultiDim_Q2_y_z_pT_phi_h)_(Normalized)[0m (Histo Num 53259)
Fitting for: [1m(MultiDim_5D_Histo)_(RC_Bayesian)_(SMEAR=Smear)_(Q2_y_Bin_5)_(z_pT_Bin_32)_(MultiDim_Q2_y_z_pT_phi_h)_(Normalized)[0m (Histo Num 53260)
Fitting for: [1m(MultiDim_5D_Histo)_(BC_RC_Bayesian)_(SMEAR=Smear)_(Q2_y_Bin_5)_(z_pT_Bin_32)_(MultiDim_Q2_y_z_pT_phi_h)_(Normalized)[0m (Histo Num 53261)
Fitting for: [1m(MultiDim_5D_Histo)_(Bayesian)_(SMEAR=Smear)_(Q2_y_Bin_5)_(z_pT_Bin_33)_(MultiDim_Q2_y_z_pT_phi_h)_(Normalized)[0m (Histo Num 53263)
Fitting for: [1m(MultiDim_5D_Histo)_(RC_Bayesian)_(SMEAR=Smear)_(Q2_y_Bin_5)_(z_pT_Bin_33)_(MultiDim_Q2_y_z_pT_phi_h)_(Normalized)[0m (Histo Num 53264)
Fitting for: [1m(MultiDim_5D_Histo)_(BC_RC_Bayesian)_(SMEAR=Smear)_(Q2_y_Bin_5)_(z_pT_Bin_33)_(MultiDim_Q2_y_z_pT_phi_h)_(Normalized)[0m (Histo Num 53265)
Fitting for: [1m(MultiDim_5D_Histo)_(Bayesian)_(SMEAR=Smear)_(Q2_y_Bin_5)_(z_pT_Bin_34)_(MultiDim_Q2_y_z_pT_phi_h)_(Normalized)[0m (Histo Num 53267)
Fitting for: [1m(MultiDim_5D_Histo)_(RC_Bayesian)_(SMEAR=Smear)_(Q2_y_Bin_5)_(z_pT_Bin_34)_(MultiDim_Q2_y_z_pT_phi_h)_(Normalized)[0m (Histo Num 53268)
Fitting for: [1m(MultiDim_5D_Histo)_(BC_RC_Bayesian)_(SMEAR=Smear)_(Q2_y_Bin_5)_(z_pT_Bin_34)_(MultiDim_Q2_y_z_pT_phi_h)_(Normalized)[0m (Histo Num 53269)
Fitting for: [1m(MultiDim_5D_Histo)_(Bayesian)_(SMEAR=Smear)_(Q2_y_Bin_6)_(z_pT_Bin_1)_(MultiDim_Q2_y_z_pT_phi_h)_(Normalized)[0m (Histo Num 53271)
Fitting for: [1m(MultiDim_5D_Histo)_(RC_Bayesian)_(SMEAR=Smear)_(Q2_y_Bin_6)_(z_pT_Bin_1)_(MultiDim_Q2_y_z_pT_phi_h)_(Normalized)[0m (Histo Num 53272)
Fitting for: [1m(MultiDim_5D_Histo)_(BC_RC_Bayesian)_(SMEAR=Smear)_(Q2_y_Bin_6)_(z_pT_Bin_1)_(MultiDim_Q2_y_z_pT_phi_h)_(Normalized)[0m (Histo Num 53273)
Fitting for: [1m(MultiDim_5D_Histo)_(Bayesian)_(SMEAR=Smear)_(Q2_y_Bin_6)_(z_pT_Bin_2)_(MultiDim_Q2_y_z_pT_phi_h)_(Normalized)[0m (Histo Num 53275)
Fitting for: [1m(MultiDim_5D_Histo)_(RC_Bayesian)_(SMEAR=Smear)_(Q2_y_Bin_6)_(z_pT_Bin_2)_(MultiDim_Q2_y_z_pT_phi_h)_(Normalized)[0m (Histo Num 53276)
Fitting for: [1m(MultiDim_5D_Histo)_(BC_RC_Bayesian)_(SMEAR=Smear)_(Q2_y_Bin_6)_(z_pT_Bin_2)_(MultiDim_Q2_y_z_pT_phi_h)_(Normalized)[0m (Histo Num 53277)
Fitting for: [1m(MultiDim_5D_Histo)_(Bayesian)_(SMEAR=Smear)_(Q2_y_Bin_6)_(z_pT_Bin_3)_(MultiDim_Q2_y_z_pT_phi_h)_(Normalized)[0m (Histo Num 53279)
Fitting for: [1m(MultiDim_5D_Histo)_(RC_Bayesian)_(SMEAR=Smear)_(Q2_y_Bin_6)_(z_pT_Bin_3)_(MultiDim_Q2_y_z_pT_phi_h)_(Normalized)[0m (Histo Num 53280)
Fitting for: [1m(MultiDim_5D_Histo)_(BC_RC_Bayesian)_(SMEAR=Smear)_(Q2_y_Bin_6)_(z_pT_Bin_3)_(MultiDim_Q2_y_z_pT_phi_h)_(Normalized)[0m (Histo Num 53281)
Fitting for: [1m(MultiDim_5D_Histo)_(Bayesian)_(SMEAR=Smear)_(Q2_y_Bin_6)_(z_pT_Bin_4)_(MultiDim_Q2_y_z_pT_phi_h)_(Normalized)[0m (Histo Num 53283)
Fitting for: [1m(MultiDim_5D_Histo)_(RC_Bayesian)_(SMEAR=Smear)_(Q2_y_Bin_6)_(z_pT_Bin_4)_(MultiDim_Q2_y_z_pT_phi_h)_(Normalized)[0m (Histo Num 53284)
Fitting for: [1m(MultiDim_5D_Histo)_(BC_RC_Bayesian)_(SMEAR=Smear)_(Q2_y_Bin_6)_(z_pT_Bin_4)_(MultiDim_Q2_y_z_pT_phi_h)_(Normalized)[0m (Histo Num 53285)
Fitting for: [1m(MultiDim_5D_Histo)_(Bayesian)_(SMEAR=Smear)_(Q2_y_Bin_6)_(z_pT_Bin_5)_(MultiDim_Q2_y_z_pT_phi_h)_(Normalized)[0m (Histo Num 53287)
Fitting for: [1m(MultiDim_5D_Histo)_(RC_Bayesian)_(SMEAR=Smear)_(Q2_y_Bin_6)_(z_pT_Bin_5)_(MultiDim_Q2_y_z_pT_phi_h)_(Normalized)[0m (Histo Num 53288)
Fitting for: [1m(MultiDim_5D_Histo)_(BC_RC_Bayesian)_(SMEAR=Smear)_(Q2_y_Bin_6)_(z_pT_Bin_5)_(MultiDim_Q2_y_z_pT_phi_h)_(Normalized)[0m (Histo Num 53289)
Fitting for: [1m(MultiDim_5D_Histo)_(Bayesian)_(SMEAR=Smear)_(Q2_y_Bin_6)_(z_pT_Bin_6)_(MultiDim_Q2_y_z_pT_phi_h)_(Normalized)[0m (Histo Num 53291)
Fitting for: [1m(MultiDim_5D_Histo)_(RC_Bayesian)_(SMEAR=Smear)_(Q2_y_Bin_6)_(z_pT_Bin_6)_(MultiDim_Q2_y_z_pT_phi_h)_(Normalized)[0m (Histo Num 53292)
Fitting for: [1m(MultiDim_5D_Histo)_(BC_RC_Bayesian)_(SMEAR=Smear)_(Q2_y_Bin_6)_(z_pT_Bin_6)_(MultiDim_Q2_y_z_pT_phi_h)_(Normalized)[0m (Histo Num 53293)
Fitting for: [1m(MultiDim_5D_Histo)_(Bayesian)_(SMEAR=Smear)_(Q2_y_Bin_6)_(z_pT_Bin_7)_(MultiDim_Q2_y_z_pT_phi_h)_(Normalized)[0m (Histo Num 53295)
Fitting for: [1m(MultiDim_5D_Histo)_(RC_Bayesian)_(SMEAR=Smear)_(Q2_y_Bin_6)_(z_pT_Bin_7)_(MultiDim_Q2_y_z_pT_phi_h)_(Normalized)[0m (Histo Num 53296)
Fitting for: [1m(MultiDim_5D_Histo)_(BC_RC_Bayesian)_(SMEAR=Smear)_(Q2_y_Bin_6)_(z_pT_Bin_7)_(MultiDim_Q2_y_z_pT_phi_h)_(Normalized)[0m (Histo Num 53297)
Fitting for: [1m(MultiDim_5D_Histo)_(Bayesian)_(SMEAR=Smear)_(Q2_y_Bin_6)_(z_pT_Bin_8)_(MultiDim_Q2_y_z_pT_phi_h)_(Normalized)[0m (Histo Num 53299)
Fitting for: [1m(MultiDim_5D_Histo)_(RC_Bayesian)_(SMEAR=Smear)_(Q2_y_Bin_6)_(z_pT_Bin_8)_(MultiDim_Q2_y_z_pT_phi_h)_(Normalized)[0m (Histo Num 53300)
Fitting for: [1m(MultiDim_5D_Histo)_(BC_RC_Bayesian)_(SMEAR=Smear)_(Q2_y_Bin_6)_(z_pT_Bin_8)_(MultiDim_Q2_y_z_pT_phi_h)_(Normalized)[0m (Histo Num 53301)
Fitting for: [1m(MultiDim_5D_Histo)_(Bayesian)_(SMEAR=Smear)_(Q2_y_Bin_6)_(z_pT_Bin_9)_(MultiDim_Q2_y_z_pT_phi_h)_(Normalized)[0m (Histo Num 53303)
Fitting for: [1m(MultiDim_5D_Histo)_(RC_Bayesian)_(SMEAR=Smear)_(Q2_y_Bin_6)_(z_pT_Bin_9)_(MultiDim_Q2_y_z_pT_phi_h)_(Normalized)[0m (Histo Num 53304)
Fitting for: [1m(MultiDim_5D_Histo)_(BC_RC_Bayesian)_(SMEAR=Smear)_(Q2_y_Bin_6)_(z_pT_Bin_9)_(MultiDim_Q2_y_z_pT_phi_h)_(Normalized)[0m (Histo Num 53305)
Fitting for: [1m(MultiDim_5D_Histo)_(Bayesian)_(SMEAR=Smear)_(Q2_y_Bin_6)_(z_pT_Bin_10)_(MultiDim_Q2_y_z_pT_phi_h)_(Normalized)[0m (Histo Num 53307)
Fitting for: [1m(MultiDim_5D_Histo)_(RC_Bayesian)_(SMEAR=Smear)_(Q2_y_Bin_6)_(z_pT_Bin_10)_(MultiDim_Q2_y_z_pT_phi_h)_(Normalized)[0m (Histo Num 53308)
Fitting for: [1m(MultiDim_5D_Histo)_(BC_RC_Bayesian)_(SMEAR=Smear)_(Q2_y_Bin_6)_(z_pT_Bin_10)_(MultiDim_Q2_y_z_pT_phi_h)_(Normalized)[0m (Histo Num 53309)
Fitting for: [1m(MultiDim_5D_Histo)_(Bayesian)_(SMEAR=Smear)_(Q2_y_Bin_6)_(z_pT_Bin_11)_(MultiDim_Q2_y_z_pT_phi_h)_(Normalized)[0m (Histo Num 53311)
Fitting for: [1m(MultiDim_5D_Histo)_(RC_Bayesian)_(SMEAR=Smear)_(Q2_y_Bin_6)_(z_pT_Bin_11)_(MultiDim_Q2_y_z_pT_phi_h)_(Normalized)[0m (Histo Num 53312)
Fitting for: [1m(MultiDim_5D_Histo)_(BC_RC_Bayesian)_(SMEAR=Smear)_(Q2_y_Bin_6)_(z_pT_Bin_11)_(MultiDim_Q2_y_z_pT_phi_h)_(Normalized)[0m (Histo Num 53313)
Fitting for: [1m(MultiDim_5D_Histo)_(Bayesian)_(SMEAR=Smear)_(Q2_y_Bin_6)_(z_pT_Bin_12)_(MultiDim_Q2_y_z_pT_phi_h)_(Normalized)[0m (Histo Num 53315)
Fitting for: [1m(MultiDim_5D_Histo)_(RC_Bayesian)_(SMEAR=Smear)_(Q2_y_Bin_6)_(z_pT_Bin_12)_(MultiDim_Q2_y_z_pT_phi_h)_(Normalized)[0m (Histo Num 53316)
Fitting for: [1m(MultiDim_5D_Histo)_(BC_RC_Bayesian)_(SMEAR=Smear)_(Q2_y_Bin_6)_(z_pT_Bin_12)_(MultiDim_Q2_y_z_pT_phi_h)_(Normalized)[0m (Histo Num 53317)
Fitting for: [1m(MultiDim_5D_Histo)_(Bayesian)_(SMEAR=Smear)_(Q2_y_Bin_6)_(z_pT_Bin_13)_(MultiDim_Q2_y_z_pT_phi_h)_(Normalized)[0m (Histo Num 53319)
Fitting for: [1m(MultiDim_5D_Histo)_(RC_Bayesian)_(SMEAR=Smear)_(Q2_y_Bin_6)_(z_pT_Bin_13)_(MultiDim_Q2_y_z_pT_phi_h)_(Normalized)[0m (Histo Num 53320)
Fitting for: [1m(MultiDim_5D_Histo)_(BC_RC_Bayesian)_(SMEAR=Smear)_(Q2_y_Bin_6)_(z_pT_Bin_13)_(MultiDim_Q2_y_z_pT_phi_h)_(Normalized)[0m (Histo Num 53321)
Fitting for: [1m(MultiDim_5D_Histo)_(Bayesian)_(SMEAR=Smear)_(Q2_y_Bin_6)_(z_pT_Bin_14)_(MultiDim_Q2_y_z_pT_phi_h)_(Normalized)[0m (Histo Num 53323)
Fitting for: [1m(MultiDim_5D_Histo)_(RC_Bayesian)_(SMEAR=Smear)_(Q2_y_Bin_6)_(z_pT_Bin_14)_(MultiDim_Q2_y_z_pT_phi_h)_(Normalized)[0m (Histo Num 53324)
Fitting for: [1m(MultiDim_5D_Histo)_(BC_RC_Bayesian)_(SMEAR=Smear)_(Q2_y_Bin_6)_(z_pT_Bin_14)_(MultiDim_Q2_y_z_pT_phi_h)_(Normalized)[0m (Histo Num 53325)
Fitting for: [1m(MultiDim_5D_Histo)_(Bayesian)_(SMEAR=Smear)_(Q2_y_Bin_6)_(z_pT_Bin_15)_(MultiDim_Q2_y_z_pT_phi_h)_(Normalized)[0m (Histo Num 53327)
Fitting for: [1m(MultiDim_5D_Histo)_(RC_Bayesian)_(SMEAR=Smear)_(Q2_y_Bin_6)_(z_pT_Bin_15)_(MultiDim_Q2_y_z_pT_phi_h)_(Normalized)[0m (Histo Num 53328)
Fitting for: [1m(MultiDim_5D_Histo)_(BC_RC_Bayesian)_(SMEAR=Smear)_(Q2_y_Bin_6)_(z_pT_Bin_15)_(MultiDim_Q2_y_z_pT_phi_h)_(Normalized)[0m (Histo Num 53329)
Fitting for: [1m(MultiDim_5D_Histo)_(Bayesian)_(SMEAR=Smear)_(Q2_y_Bin_6)_(z_pT_Bin_16)_(MultiDim_Q2_y_z_pT_phi_h)_(Normalized)[0m (Histo Num 53331)
Fitting for: [1m(MultiDim_5D_Histo)_(RC_Bayesian)_(SMEAR=Smear)_(Q2_y_Bin_6)_(z_pT_Bin_16)_(MultiDim_Q2_y_z_pT_phi_h)_(Normalized)[0m (Histo Num 53332)
Fitting for: [1m(MultiDim_5D_Histo)_(BC_RC_Bayesian)_(SMEAR=Smear)_(Q2_y_Bin_6)_(z_pT_Bin_16)_(MultiDim_Q2_y_z_pT_phi_h)_(Normalized)[0m (Histo Num 53333)
Fitting for: [1m(MultiDim_5D_Histo)_(Bayesian)_(SMEAR=Smear)_(Q2_y_Bin_6)_(z_pT_Bin_17)_(MultiDim_Q2_y_z_pT_phi_h)_(Normalized)[0m (Histo Num 53335)
Fitting for: [1m(MultiDim_5D_Histo)_(RC_Bayesian)_(SMEAR=Smear)_(Q2_y_Bin_6)_(z_pT_Bin_17)_(MultiDim_Q2_y_z_pT_phi_h)_(Normalized)[0m (Histo Num 53336)
Fitting for: [1m(MultiDim_5D_Histo)_(BC_RC_Bayesian)_(SMEAR=Smear)_(Q2_y_Bin_6)_(z_pT_Bin_17)_(MultiDim_Q2_y_z_pT_phi_h)_(Normalized)[0m (Histo Num 53337)
Fitting for: [1m(MultiDim_5D_Histo)_(Bayesian)_(SMEAR=Smear)_(Q2_y_Bin_6)_(z_pT_Bin_19)_(MultiDim_Q2_y_z_pT_phi_h)_(Normalized)[0m (Histo Num 53339)
Fitting for: [1m(MultiDim_5D_Histo)_(RC_Bayesian)_(SMEAR=Smear)_(Q2_y_Bin_6)_(z_pT_Bin_19)_(MultiDim_Q2_y_z_pT_phi_h)_(Normalized)[0m (Histo Num 53340)
Fitting for: [1m(MultiDim_5D_Histo)_(BC_RC_Bayesian)_(SMEAR=Smear)_(Q2_y_Bin_6)_(z_pT_Bin_19)_(MultiDim_Q2_y_z_pT_phi_h)_(Normalized)[0m (Histo Num 53341)
Fitting for: [1m(MultiDim_5D_Histo)_(Bayesian)_(SMEAR=Smear)_(Q2_y_Bin_6)_(z_pT_Bin_20)_(MultiDim_Q2_y_z_pT_phi_h)_(Normalized)[0m (Histo Num 53343)
Fitting for: [1m(MultiDim_5D_Histo)_(RC_Bayesian)_(SMEAR=Smear)_(Q2_y_Bin_6)_(z_pT_Bin_20)_(MultiDim_Q2_y_z_pT_phi_h)_(Normalized)[0m (Histo Num 53344)
Fitting for: [1m(MultiDim_5D_Histo)_(BC_RC_Bayesian)_(SMEAR=Smear)_(Q2_y_Bin_6)_(z_pT_Bin_20)_(MultiDim_Q2_y_z_pT_phi_h)_(Normalized)[0m (Histo Num 53345)
Fitting for: [1m(MultiDim_5D_Histo)_(Bayesian)_(SMEAR=Smear)_(Q2_y_Bin_6)_(z_pT_Bin_21)_(MultiDim_Q2_y_z_pT_phi_h)_(Normalized)[0m (Histo Num 53347)
Fitting for: [1m(MultiDim_5D_Histo)_(RC_Bayesian)_(SMEAR=Smear)_(Q2_y_Bin_6)_(z_pT_Bin_21)_(MultiDim_Q2_y_z_pT_phi_h)_(Normalized)[0m (Histo Num 53348)
Fitting for: [1m(MultiDim_5D_Histo)_(BC_RC_Bayesian)_(SMEAR=Smear)_(Q2_y_Bin_6)_(z_pT_Bin_21)_(MultiDim_Q2_y_z_pT_phi_h)_(Normalized)[0m (Histo Num 53349)
Fitting for: [1m(MultiDim_5D_Histo)_(Bayesian)_(SMEAR=Smear)_(Q2_y_Bin_6)_(z_pT_Bin_22)_(MultiDim_Q2_y_z_pT_phi_h)_(Normalized)[0m (Histo Num 53351)
Fitting for: [1m(MultiDim_5D_Histo)_(RC_Bayesian)_(SMEAR=Smear)_(Q2_y_Bin_6)_(z_pT_Bin_22)_(MultiDim_Q2_y_z_pT_phi_h)_(Normalized)[0m (Histo Num 53352)
Fitting for: [1m(MultiDim_5D_Histo)_(BC_RC_Bayesian)_(SMEAR=Smear)_(Q2_y_Bin_6)_(z_pT_Bin_22)_(MultiDim_Q2_y_z_pT_phi_h)_(Normalized)[0m (Histo Num 53353)
Fitting for: [1m(MultiDim_5D_Histo)_(Bayesian)_(SMEAR=Smear)_(Q2_y_Bin_6)_(z_pT_Bin_23)_(MultiDim_Q2_y_z_pT_phi_h)_(Normalized)[0m (Histo Num 53355)
Fitting for: [1m(MultiDim_5D_Histo)_(RC_Bayesian)_(SMEAR=Smear)_(Q2_y_Bin_6)_(z_pT_Bin_23)_(MultiDim_Q2_y_z_pT_phi_h)_(Normalized)[0m (Histo Num 53356)
Fitting for: [1m(MultiDim_5D_Histo)_(BC_RC_Bayesian)_(SMEAR=Smear)_(Q2_y_Bin_6)_(z_pT_Bin_23)_(MultiDim_Q2_y_z_pT_phi_h)_(Normalized)[0m (Histo Num 53357)
Fitting for: [1m(MultiDim_5D_Histo)_(Bayesian)_(SMEAR=Smear)_(Q2_y_Bin_6)_(z_pT_Bin_25)_(MultiDim_Q2_y_z_pT_phi_h)_(Normalized)[0m (Histo Num 53359)
Fitting for: [1m(MultiDim_5D_Histo)_(RC_Bayesian)_(SMEAR=Smear)_(Q2_y_Bin_6)_(z_pT_Bin_25)_(MultiDim_Q2_y_z_pT_phi_h)_(Normalized)[0m (Histo Num 53360)
Fitting for: [1m(MultiDim_5D_Histo)_(BC_RC_Bayesian)_(SMEAR=Smear)_(Q2_y_Bin_6)_(z_pT_Bin_25)_(MultiDim_Q2_y_z_pT_phi_h)_(Normalized)[0m (Histo Num 53361)
Fitting for: [1m(MultiDim_5D_Histo)_(Bayesian)_(SMEAR=Smear)_(Q2_y_Bin_6)_(z_pT_Bin_26)_(MultiDim_Q2_y_z_pT_phi_h)_(Normalized)[0m (Histo Num 53363)
Fitting for: [1m(MultiDim_5D_Histo)_(RC_Bayesian)_(SMEAR=Smear)_(Q2_y_Bin_6)_(z_pT_Bin_26)_(MultiDim_Q2_y_z_pT_phi_h)_(Normalized)[0m (Histo Num 53364)
Fitting for: [1m(MultiDim_5D_Histo)_(BC_RC_Bayesian)_(SMEAR=Smear)_(Q2_y_Bin_6)_(z_pT_Bin_26)_(MultiDim_Q2_y_z_pT_phi_h)_(Normalized)[0m (Histo Num 53365)
Fitting for: [1m(MultiDim_5D_Histo)_(Bayesian)_(SMEAR=Smear)_(Q2_y_Bin_6)_(z_pT_Bin_27)_(MultiDim_Q2_y_z_pT_phi_h)_(Normalized)[0m (Histo Num 53367)
Fitting for: [1m(MultiDim_5D_Histo)_(RC_Bayesian)_(SMEAR=Smear)_(Q2_y_Bin_6)_(z_pT_Bin_27)_(MultiDim_Q2_y_z_pT_phi_h)_(Normalized)[0m (Histo Num 53368)
Fitting for: [1m(MultiDim_5D_Histo)_(BC_RC_Bayesian)_(SMEAR=Smear)_(Q2_y_Bin_6)_(z_pT_Bin_27)_(MultiDim_Q2_y_z_pT_phi_h)_(Normalized)[0m (Histo Num 53369)
Fitting for: [1m(MultiDim_5D_Histo)_(Bayesian)_(SMEAR=Smear)_(Q2_y_Bin_6)_(z_pT_Bin_28)_(MultiDim_Q2_y_z_pT_phi_h)_(Normalized)[0m (Histo Num 53371)
Fitting for: [1m(MultiDim_5D_Histo)_(RC_Bayesian)_(SMEAR=Smear)_(Q2_y_Bin_6)_(z_pT_Bin_28)_(MultiDim_Q2_y_z_pT_phi_h)_(Normalized)[0m (Histo Num 53372)
Fitting for: [1m(MultiDim_5D_Histo)_(BC_RC_Bayesian)_(SMEAR=Smear)_(Q2_y_Bin_6)_(z_pT_Bin_28)_(MultiDim_Q2_y_z_pT_phi_h)_(Normalized)[0m (Histo Num 53373)
Fitting for: [1m(MultiDim_5D_Histo)_(Bayesian)_(SMEAR=Smear)_(Q2_y_Bin_7)_(z_pT_Bin_1)_(MultiDim_Q2_y_z_pT_phi_h)_(Normalized)[0m (Histo Num 53375)
Fitting for: [1m(MultiDim_5D_Histo)_(RC_Bayesian)_(SMEAR=Smear)_(Q2_y_Bin_7)_(z_pT_Bin_1)_(MultiDim_Q2_y_z_pT_phi_h)_(Normalized)[0m (Histo Num 53376)
Fitting for: [1m(MultiDim_5D_Histo)_(BC_RC_Bayesian)_(SMEAR=Smear)_(Q2_y_Bin_7)_(z_pT_Bin_1)_(MultiDim_Q2_y_z_pT_phi_h)_(Normalized)[0m (Histo Num 53377)
Fitting for: [1m(MultiDim_5D_Histo)_(Bayesian)_(SMEAR=Smear)_(Q2_y_Bin_7)_(z_pT_Bin_2)_(MultiDim_Q2_y_z_pT_phi_h)_(Normalized)[0m (Histo Num 53379)
Fitting for: [1m(MultiDim_5D_Histo)_(RC_Bayesian)_(SMEAR=Smear)_(Q2_y_Bin_7)_(z_pT_Bin_2)_(MultiDim_Q2_y_z_pT_phi_h)_(Normalized)[0m (Histo Num 53380)
Fitting for: [1m(MultiDim_5D_Histo)_(BC_RC_Bayesian)_(SMEAR=Smear)_(Q2_y_Bin_7)_(z_pT_Bin_2)_(MultiDim_Q2_y_z_pT_phi_h)_(Normalized)[0m (Histo Num 53381)
Fitting for: [1m(MultiDim_5D_Histo)_(Bayesian)_(SMEAR=Smear)_(Q2_y_Bin_7)_(z_pT_Bin_3)_(MultiDim_Q2_y_z_pT_phi_h)_(Normalized)[0m (Histo Num 53383)
Fitting for: [1m(MultiDim_5D_Histo)_(RC_Bayesian)_(SMEAR=Smear)_(Q2_y_Bin_7)_(z_pT_Bin_3)_(MultiDim_Q2_y_z_pT_phi_h)_(Normalized)[0m (Histo Num 53384)
Fitting for: [1m(MultiDim_5D_Histo)_(BC_RC_Bayesian)_(SMEAR=Smear)_(Q2_y_Bin_7)_(z_pT_Bin_3)_(MultiDim_Q2_y_z_pT_phi_h)_(Normalized)[0m (Histo Num 53385)
Fitting for: [1m(MultiDim_5D_Histo)_(Bayesian)_(SMEAR=Smear)_(Q2_y_Bin_7)_(z_pT_Bin_4)_(MultiDim_Q2_y_z_pT_phi_h)_(Normalized)[0m (Histo Num 53387)
Fitting for: [1m(MultiDim_5D_Histo)_(RC_Bayesian)_(SMEAR=Smear)_(Q2_y_Bin_7)_(z_pT_Bin_4)_(MultiDim_Q2_y_z_pT_phi_h)_(Normalized)[0m (Histo Num 53388)
Fitting for: [1m(MultiDim_5D_Histo)_(BC_RC_Bayesian)_(SMEAR=Smear)_(Q2_y_Bin_7)_(z_pT_Bin_4)_(MultiDim_Q2_y_z_pT_phi_h)_(Normalized)[0m (Histo Num 53389)
Fitting for: [1m(MultiDim_5D_Histo)_(Bayesian)_(SMEAR=Smear)_(Q2_y_Bin_7)_(z_pT_Bin_5)_(MultiDim_Q2_y_z_pT_phi_h)_(Normalized)[0m (Histo Num 53391)
Fitting for: [1m(MultiDim_5D_Histo)_(RC_Bayesian)_(SMEAR=Smear)_(Q2_y_Bin_7)_(z_pT_Bin_5)_(MultiDim_Q2_y_z_pT_phi_h)_(Normalized)[0m (Histo Num 53392)
Fitting for: [1m(MultiDim_5D_Histo)_(BC_RC_Bayesian)_(SMEAR=Smear)_(Q2_y_Bin_7)_(z_pT_Bin_5)_(MultiDim_Q2_y_z_pT_phi_h)_(Normalized)[0m (Histo Num 53393)
Fitting for: [1m(MultiDim_5D_Histo)_(Bayesian)_(SMEAR=Smear)_(Q2_y_Bin_7)_(z_pT_Bin_7)_(MultiDim_Q2_y_z_pT_phi_h)_(Normalized)[0m (Histo Num 53395)
Fitting for: [1m(MultiDim_5D_Histo)_(RC_Bayesian)_(SMEAR=Smear)_(Q2_y_Bin_7)_(z_pT_Bin_7)_(MultiDim_Q2_y_z_pT_phi_h)_(Normalized)[0m (Histo Num 53396)
Fitting for: [1m(MultiDim_5D_Histo)_(BC_RC_Bayesian)_(SMEAR=Smear)_(Q2_y_Bin_7)_(z_pT_Bin_7)_(MultiDim_Q2_y_z_pT_phi_h)_(Normalized)[0m (Histo Num 53397)
Fitting for: [1m(MultiDim_5D_Histo)_(Bayesian)_(SMEAR=Smear)_(Q2_y_Bin_7)_(z_pT_Bin_8)_(MultiDim_Q2_y_z_pT_phi_h)_(Normalized)[0m (Histo Num 53399)
Fitting for: [1m(MultiDim_5D_Histo)_(RC_Bayesian)_(SMEAR=Smear)_(Q2_y_Bin_7)_(z_pT_Bin_8)_(MultiDim_Q2_y_z_pT_phi_h)_(Normalized)[0m (Histo Num 53400)
Fitting for: [1m(MultiDim_5D_Histo)_(BC_RC_Bayesian)_(SMEAR=Smear)_(Q2_y_Bin_7)_(z_pT_Bin_8)_(MultiDim_Q2_y_z_pT_phi_h)_(Normalized)[0m (Histo Num 53401)
Fitting for: [1m(MultiDim_5D_Histo)_(Bayesian)_(SMEAR=Smear)_(Q2_y_Bin_7)_(z_pT_Bin_9)_(MultiDim_Q2_y_z_pT_phi_h)_(Normalized)[0m (Histo Num 53403)
Fitting for: [1m(MultiDim_5D_Histo)_(RC_Bayesian)_(SMEAR=Smear)_(Q2_y_Bin_7)_(z_pT_Bin_9)_(MultiDim_Q2_y_z_pT_phi_h)_(Normalized)[0m (Histo Num 53404)
Fitting for: [1m(MultiDim_5D_Histo)_(BC_RC_Bayesian)_(SMEAR=Smear)_(Q2_y_Bin_7)_(z_pT_Bin_9)_(MultiDim_Q2_y_z_pT_phi_h)_(Normalized)[0m (Histo Num 53405)
Fitting for: [1m(MultiDim_5D_Histo)_(Bayesian)_(SMEAR=Smear)_(Q2_y_Bin_7)_(z_pT_Bin_10)_(MultiDim_Q2_y_z_pT_phi_h)_(Normalized)[0m (Histo Num 53407)
Fitting for: [1m(MultiDim_5D_Histo)_(RC_Bayesian)_(SMEAR=Smear)_(Q2_y_Bin_7)_(z_pT_Bin_10)_(MultiDim_Q2_y_z_pT_phi_h)_(Normalized)[0m (Histo Num 53408)
Fitting for: [1m(MultiDim_5D_Histo)_(BC_RC_Bayesian)_(SMEAR=Smear)_(Q2_y_Bin_7)_(z_pT_Bin_10)_(MultiDim_Q2_y_z_pT_phi_h)_(Normalized)[0m (Histo Num 53409)
Fitting for: [1m(MultiDim_5D_Histo)_(Bayesian)_(SMEAR=Smear)_(Q2_y_Bin_7)_(z_pT_Bin_11)_(MultiDim_Q2_y_z_pT_phi_h)_(Normalized)[0m (Histo Num 53411)
Fitting for: [1m(MultiDim_5D_Histo)_(RC_Bayesian)_(SMEAR=Smear)_(Q2_y_Bin_7)_(z_pT_Bin_11)_(MultiDim_Q2_y_z_pT_phi_h)_(Normalized)[0m (Histo Num 53412)
Fitting for: [1m(MultiDim_5D_Histo)_(BC_RC_Bayesian)_(SMEAR=Smear)_(Q2_y_Bin_7)_(z_pT_Bin_11)_(MultiDim_Q2_y_z_pT_phi_h)_(Normalized)[0m (Histo Num 53413)
Fitting for: [1m(MultiDim_5D_Histo)_(Bayesian)_(SMEAR=Smear)_(Q2_y_Bin_7)_(z_pT_Bin_12)_(MultiDim_Q2_y_z_pT_phi_h)_(Normalized)[0m (Histo Num 53415)
Fitting for: [1m(MultiDim_5D_Histo)_(RC_Bayesian)_(SMEAR=Smear)_(Q2_y_Bin_7)_(z_pT_Bin_12)_(MultiDim_Q2_y_z_pT_phi_h)_(Normalized)[0m (Histo Num 53416)
Fitting for: [1m(MultiDim_5D_Histo)_(BC_RC_Bayesian)_(SMEAR=Smear)_(Q2_y_Bin_7)_(z_pT_Bin_12)_(MultiDim_Q2_y_z_pT_phi_h)_(Normalized)[0m (Histo Num 53417)
Fitting for: [1m(MultiDim_5D_Histo)_(Bayesian)_(SMEAR=Smear)_(Q2_y_Bin_7)_(z_pT_Bin_13)_(MultiDim_Q2_y_z_pT_phi_h)_(Normalized)[0m (Histo Num 53419)
Fitting for: [1m(MultiDim_5D_Histo)_(RC_Bayesian)_(SMEAR=Smear)_(Q2_y_Bin_7)_(z_pT_Bin_13)_(MultiDim_Q2_y_z_pT_phi_h)_(Normalized)[0m (Histo Num 53420)
Fitting for: [1m(MultiDim_5D_Histo)_(BC_RC_Bayesian)_(SMEAR=Smear)_(Q2_y_Bin_7)_(z_pT_Bin_13)_(MultiDim_Q2_y_z_pT_phi_h)_(Normalized)[0m (Histo Num 53421)
Fitting for: [1m(MultiDim_5D_Histo)_(Bayesian)_(SMEAR=Smear)_(Q2_y_Bin_7)_(z_pT_Bin_14)_(MultiDim_Q2_y_z_pT_phi_h)_(Normalized)[0m (Histo Num 53423)
Fitting for: [1m(MultiDim_5D_Histo)_(RC_Bayesian)_(SMEAR=Smear)_(Q2_y_Bin_7)_(z_pT_Bin_14)_(MultiDim_Q2_y_z_pT_phi_h)_(Normalized)[0m (Histo Num 53424)
Fitting for: [1m(MultiDim_5D_Histo)_(BC_RC_Bayesian)_(SMEAR=Smear)_(Q2_y_Bin_7)_(z_pT_Bin_14)_(MultiDim_Q2_y_z_pT_phi_h)_(Normalized)[0m (Histo Num 53425)
Fitting for: [1m(MultiDim_5D_Histo)_(Bayesian)_(SMEAR=Smear)_(Q2_y_Bin_7)_(z_pT_Bin_15)_(MultiDim_Q2_y_z_pT_phi_h)_(Normalized)[0m (Histo Num 53427)
Fitting for: [1m(MultiDim_5D_Histo)_(RC_Bayesian)_(SMEAR=Smear)_(Q2_y_Bin_7)_(z_pT_Bin_15)_(MultiDim_Q2_y_z_pT_phi_h)_(Normalized)[0m (Histo Num 53428)
Fitting for: [1m(MultiDim_5D_Histo)_(BC_RC_Bayesian)_(SMEAR=Smear)_(Q2_y_Bin_7)_(z_pT_Bin_15)_(MultiDim_Q2_y_z_pT_phi_h)_(Normalized)[0m (Histo Num 53429)
Fitting for: [1m(MultiDim_5D_Histo)_(Bayesian)_(SMEAR=Smear)_(Q2_y_Bin_7)_(z_pT_Bin_16)_(MultiDim_Q2_y_z_pT_phi_h)_(Normalized)[0m (Histo Num 53431)
Fitting for: [1m(MultiDim_5D_Histo)_(RC_Bayesian)_(SMEAR=Smear)_(Q2_y_Bin_7)_(z_pT_Bin_16)_(MultiDim_Q2_y_z_pT_phi_h)_(Normalized)[0m (Histo Num 53432)
Fitting for: [1m(MultiDim_5D_Histo)_(BC_RC_Bayesian)_(SMEAR=Smear)_(Q2_y_Bin_7)_(z_pT_Bin_16)_(MultiDim_Q2_y_z_pT_phi_h)_(Normalized)[0m (Histo Num 53433)
Fitting for: [1m(MultiDim_5D_Histo)_(Bayesian)_(SMEAR=Smear)_(Q2_y_Bin_7)_(z_pT_Bin_17)_(MultiDim_Q2_y_z_pT_phi_h)_(Normalized)[0m (Histo Num 53435)
Fitting for: [1m(MultiDim_5D_Histo)_(RC_Bayesian)_(SMEAR=Smear)_(Q2_y_Bin_7)_(z_pT_Bin_17)_(MultiDim_Q2_y_z_pT_phi_h)_(Normalized)[0m (Histo Num 53436)
Fitting for: [1m(MultiDim_5D_Histo)_(BC_RC_Bayesian)_(SMEAR=Smear)_(Q2_y_Bin_7)_(z_pT_Bin_17)_(MultiDim_Q2_y_z_pT_phi_h)_(Normalized)[0m (Histo Num 53437)
Fitting for: [1m(MultiDim_5D_Histo)_(Bayesian)_(SMEAR=Smear)_(Q2_y_Bin_7)_(z_pT_Bin_18)_(MultiDim_Q2_y_z_pT_phi_h)_(Normalized)[0m (Histo Num 53439)
Fitting for: [1m(MultiDim_5D_Histo)_(RC_Bayesian)_(SMEAR=Smear)_(Q2_y_Bin_7)_(z_pT_Bin_18)_(MultiDim_Q2_y_z_pT_phi_h)_(Normalized)[0m (Histo Num 53440)
Fitting for: [1m(MultiDim_5D_Histo)_(BC_RC_Bayesian)_(SMEAR=Smear)_(Q2_y_Bin_7)_(z_pT_Bin_18)_(MultiDim_Q2_y_z_pT_phi_h)_(Normalized)[0m (Histo Num 53441)
Fitting for: [1m(MultiDim_5D_Histo)_(Bayesian)_(SMEAR=Smear)_(Q2_y_Bin_7)_(z_pT_Bin_19)_(MultiDim_Q2_y_z_pT_phi_h)_(Normalized)[0m (Histo Num 53443)
Fitting for: [1m(MultiDim_5D_Histo)_(RC_Bayesian)_(SMEAR=Smear)_(Q2_y_Bin_7)_(z_pT_Bin_19)_(MultiDim_Q2_y_z_pT_phi_h)_(Normalized)[0m (Histo Num 53444)
Fitting for: [1m(MultiDim_5D_Histo)_(BC_RC_Bayesian)_(SMEAR=Smear)_(Q2_y_Bin_7)_(z_pT_Bin_19)_(MultiDim_Q2_y_z_pT_phi_h)_(Normalized)[0m (Histo Num 53445)
Fitting for: [1m(MultiDim_5D_Histo)_(Bayesian)_(SMEAR=Smear)_(Q2_y_Bin_7)_(z_pT_Bin_20)_(MultiDim_Q2_y_z_pT_phi_h)_(Normalized)[0m (Histo Num 53447)
Fitting for: [1m(MultiDim_5D_Histo)_(RC_Bayesian)_(SMEAR=Smear)_(Q2_y_Bin_7)_(z_pT_Bin_20)_(MultiDim_Q2_y_z_pT_phi_h)_(Normalized)[0m (Histo Num 53448)
Fitting for: [1m(MultiDim_5D_Histo)_(BC_RC_Bayesian)_(SMEAR=Smear)_(Q2_y_Bin_7)_(z_pT_Bin_20)_(MultiDim_Q2_y_z_pT_phi_h)_(Normalized)[0m (Histo Num 53449)
Fitting for: [1m(MultiDim_5D_Histo)_(Bayesian)_(SMEAR=Smear)_(Q2_y_Bin_7)_(z_pT_Bin_21)_(MultiDim_Q2_y_z_pT_phi_h)_(Normalized)[0m (Histo Num 53451)
Fitting for: [1m(MultiDim_5D_Histo)_(RC_Bayesian)_(SMEAR=Smear)_(Q2_y_Bin_7)_(z_pT_Bin_21)_(MultiDim_Q2_y_z_pT_phi_h)_(Normalized)[0m (Histo Num 53452)
Fitting for: [1m(MultiDim_5D_Histo)_(BC_RC_Bayesian)_(SMEAR=Smear)_(Q2_y_Bin_7)_(z_pT_Bin_21)_(MultiDim_Q2_y_z_pT_phi_h)_(Normalized)[0m (Histo Num 53453)
Fitting for: [1m(MultiDim_5D_Histo)_(Bayesian)_(SMEAR=Smear)_(Q2_y_Bin_7)_(z_pT_Bin_22)_(MultiDim_Q2_y_z_pT_phi_h)_(Normalized)[0m (Histo Num 53455)
Fitting for: [1m(MultiDim_5D_Histo)_(RC_Bayesian)_(SMEAR=Smear)_(Q2_y_Bin_7)_(z_pT_Bin_22)_(MultiDim_Q2_y_z_pT_phi_h)_(Normalized)[0m (Histo Num 53456)
Fitting for: [1m(MultiDim_5D_Histo)_(BC_RC_Bayesian)_(SMEAR=Smear)_(Q2_y_Bin_7)_(z_pT_Bin_22)_(MultiDim_Q2_y_z_pT_phi_h)_(Normalized)[0m (Histo Num 53457)
Fitting for: [1m(MultiDim_5D_Histo)_(Bayesian)_(SMEAR=Smear)_(Q2_y_Bin_7)_(z_pT_Bin_23)_(MultiDim_Q2_y_z_pT_phi_h)_(Normalized)[0m (Histo Num 53459)
Fitting for: [1m(MultiDim_5D_Histo)_(RC_Bayesian)_(SMEAR=Smear)_(Q2_y_Bin_7)_(z_pT_Bin_23)_(MultiDim_Q2_y_z_pT_phi_h)_(Normalized)[0m (Histo Num 53460)
Fitting for: [1m(MultiDim_5D_Histo)_(BC_RC_Bayesian)_(SMEAR=Smear)_(Q2_y_Bin_7)_(z_pT_Bin_23)_(MultiDim_Q2_y_z_pT_phi_h)_(Normalized)[0m (Histo Num 53461)
Fitting for: [1m(MultiDim_5D_Histo)_(Bayesian)_(SMEAR=Smear)_(Q2_y_Bin_7)_(z_pT_Bin_24)_(MultiDim_Q2_y_z_pT_phi_h)_(Normalized)[0m (Histo Num 53463)
Fitting for: [1m(MultiDim_5D_Histo)_(RC_Bayesian)_(SMEAR=Smear)_(Q2_y_Bin_7)_(z_pT_Bin_24)_(MultiDim_Q2_y_z_pT_phi_h)_(Normalized)[0m (Histo Num 53464)
Fitting for: [1m(MultiDim_5D_Histo)_(BC_RC_Bayesian)_(SMEAR=Smear)_(Q2_y_Bin_7)_(z_pT_Bin_24)_(MultiDim_Q2_y_z_pT_phi_h)_(Normalized)[0m (Histo Num 53465)
Fitting for: [1m(MultiDim_5D_Histo)_(Bayesian)_(SMEAR=Smear)_(Q2_y_Bin_7)_(z_pT_Bin_25)_(MultiDim_Q2_y_z_pT_phi_h)_(Normalized)[0m (Histo Num 53467)
Fitting for: [1m(MultiDim_5D_Histo)_(RC_Bayesian)_(SMEAR=Smear)_(Q2_y_Bin_7)_(z_pT_Bin_25)_(MultiDim_Q2_y_z_pT_phi_h)_(Normalized)[0m (Histo Num 53468)
Fitting for: [1m(MultiDim_5D_Histo)_(BC_RC_Bayesian)_(SMEAR=Smear)_(Q2_y_Bin_7)_(z_pT_Bin_25)_(MultiDim_Q2_y_z_pT_phi_h)_(Normalized)[0m (Histo Num 53469)
Fitting for: [1m(MultiDim_5D_Histo)_(Bayesian)_(SMEAR=Smear)_(Q2_y_Bin_7)_(z_pT_Bin_26)_(MultiDim_Q2_y_z_pT_phi_h)_(Normalized)[0m (Histo Num 53471)
Fitting for: [1m(MultiDim_5D_Histo)_(RC_Bayesian)_(SMEAR=Smear)_(Q2_y_Bin_7)_(z_pT_Bin_26)_(MultiDim_Q2_y_z_pT_phi_h)_(Normalized)[0m (Histo Num 53472)
Fitting for: [1m(MultiDim_5D_Histo)_(BC_RC_Bayesian)_(SMEAR=Smear)_(Q2_y_Bin_7)_(z_pT_Bin_26)_(MultiDim_Q2_y_z_pT_phi_h)_(Normalized)[0m (Histo Num 53473)
Fitting for: [1m(MultiDim_5D_Histo)_(Bayesian)_(SMEAR=Smear)_(Q2_y_Bin_7)_(z_pT_Bin_27)_(MultiDim_Q2_y_z_pT_phi_h)_(Normalized)[0m (Histo Num 53475)
Fitting for: [1m(MultiDim_5D_Histo)_(RC_Bayesian)_(SMEAR=Smear)_(Q2_y_Bin_7)_(z_pT_Bin_27)_(MultiDim_Q2_y_z_pT_phi_h)_(Normalized)[0m (Histo Num 53476)
Fitting for: [1m(MultiDim_5D_Histo)_(BC_RC_Bayesian)_(SMEAR=Smear)_(Q2_y_Bin_7)_(z_pT_Bin_27)_(MultiDim_Q2_y_z_pT_phi_h)_(Normalized)[0m (Histo Num 53477)
Fitting for: [1m(MultiDim_5D_Histo)_(Bayesian)_(SMEAR=Smear)_(Q2_y_Bin_7)_(z_pT_Bin_28)_(MultiDim_Q2_y_z_pT_phi_h)_(Normalized)[0m (Histo Num 53479)
Fitting for: [1m(MultiDim_5D_Histo)_(RC_Bayesian)_(SMEAR=Smear)_(Q2_y_Bin_7)_(z_pT_Bin_28)_(MultiDim_Q2_y_z_pT_phi_h)_(Normalized)[0m (Histo Num 53480)
Fitting for: [1m(MultiDim_5D_Histo)_(BC_RC_Bayesian)_(SMEAR=Smear)_(Q2_y_Bin_7)_(z_pT_Bin_28)_(MultiDim_Q2_y_z_pT_phi_h)_(Normalized)[0m (Histo Num 53481)
Fitting for: [1m(MultiDim_5D_Histo)_(Bayesian)_(SMEAR=Smear)_(Q2_y_Bin_7)_(z_pT_Bin_29)_(MultiDim_Q2_y_z_pT_phi_h)_(Normalized)[0m (Histo Num 53483)
Fitting for: [1m(MultiDim_5D_Histo)_(RC_Bayesian)_(SMEAR=Smear)_(Q2_y_Bin_7)_(z_pT_Bin_29)_(MultiDim_Q2_y_z_pT_phi_h)_(Normalized)[0m (Histo Num 53484)
Fitting for: [1m(MultiDim_5D_Histo)_(BC_RC_Bayesian)_(SMEAR=Smear)_(Q2_y_Bin_7)_(z_pT_Bin_29)_(MultiDim_Q2_y_z_pT_phi_h)_(Normalized)[0m (Histo Num 53485)
Fitting for: [1m(MultiDim_5D_Histo)_(Bayesian)_(SMEAR=Smear)_(Q2_y_Bin_7)_(z_pT_Bin_31)_(MultiDim_Q2_y_z_pT_phi_h)_(Normalized)[0m (Histo Num 53487)
Fitting for: [1m(MultiDim_5D_Histo)_(RC_Bayesian)_(SMEAR=Smear)_(Q2_y_Bin_7)_(z_pT_Bin_31)_(MultiDim_Q2_y_z_pT_phi_h)_(Normalized)[0m (Histo Num 53488)
Fitting for: [1m(MultiDim_5D_Histo)_(BC_RC_Bayesian)_(SMEAR=Smear)_(Q2_y_Bin_7)_(z_pT_Bin_31)_(MultiDim_Q2_y_z_pT_phi_h)_(Normalized)[0m (Histo Num 53489)
Fitting for: [1m(MultiDim_5D_Histo)_(Bayesian)_(SMEAR=Smear)_(Q2_y_Bin_7)_(z_pT_Bin_32)_(MultiDim_Q2_y_z_pT_phi_h)_(Normalized)[0m (Histo Num 53491)
Fitting for: [1m(MultiDim_5D_Histo)_(RC_Bayesian)_(SMEAR=Smear)_(Q2_y_Bin_7)_(z_pT_Bin_32)_(MultiDim_Q2_y_z_pT_phi_h)_(Normalized)[0m (Histo Num 53492)
Fitting for: [1m(MultiDim_5D_Histo)_(BC_RC_Bayesian)_(SMEAR=Smear)_(Q2_y_Bin_7)_(z_pT_Bin_32)_(MultiDim_Q2_y_z_pT_phi_h)_(Normalized)[0m (Histo Num 53493)
Fitting for: [1m(MultiDim_5D_Histo)_(Bayesian)_(SMEAR=Smear)_(Q2_y_Bin_7)_(z_pT_Bin_33)_(MultiDim_Q2_y_z_pT_phi_h)_(Normalized)[0m (Histo Num 53495)
Fitting for: [1m(MultiDim_5D_Histo)_(RC_Bayesian)_(SMEAR=Smear)_(Q2_y_Bin_7)_(z_pT_Bin_33)_(MultiDim_Q2_y_z_pT_phi_h)_(Normalized)[0m (Histo Num 53496)
Fitting for: [1m(MultiDim_5D_Histo)_(BC_RC_Bayesian)_(SMEAR=Smear)_(Q2_y_Bin_7)_(z_pT_Bin_33)_(MultiDim_Q2_y_z_pT_phi_h)_(Normalized)[0m (Histo Num 53497)
Fitting for: [1m(MultiDim_5D_Histo)_(Bayesian)_(SMEAR=Smear)_(Q2_y_Bin_7)_(z_pT_Bin_34)_(MultiDim_Q2_y_z_pT_phi_h)_(Normalized)[0m (Histo Num 53499)
Fitting for: [1m(MultiDim_5D_Histo)_(RC_Bayesian)_(SMEAR=Smear)_(Q2_y_Bin_7)_(z_pT_Bin_34)_(MultiDim_Q2_y_z_pT_phi_h)_(Normalized)[0m (Histo Num 53500)
Fitting for: [1m(MultiDim_5D_Histo)_(BC_RC_Bayesian)_(SMEAR=Smear)_(Q2_y_Bin_7)_(z_pT_Bin_34)_(MultiDim_Q2_y_z_pT_phi_h)_(Normalized)[0m (Histo Num 53501)
Fitting for: [1m(MultiDim_5D_Histo)_(Bayesian)_(SMEAR=Smear)_(Q2_y_Bin_7)_(z_pT_Bin_35)_(MultiDim_Q2_y_z_pT_phi_h)_(Normalized)[0m (Histo Num 53503)
Fitting for: [1m(MultiDim_5D_Histo)_(RC_Bayesian)_(SMEAR=Smear)_(Q2_y_Bin_7)_(z_pT_Bin_35)_(MultiDim_Q2_y_z_pT_phi_h)_(Normalized)[0m (Histo Num 53504)
Fitting for: [1m(MultiDim_5D_Histo)_(BC_RC_Bayesian)_(SMEAR=Smear)_(Q2_y_Bin_7)_(z_pT_Bin_35)_(MultiDim_Q2_y_z_pT_phi_h)_(Normalized)[0m (Histo Num 53505)
Fitting for: [1m(MultiDim_5D_Histo)_(Bayesian)_(SMEAR=Smear)_(Q2_y_Bin_8)_(z_pT_Bin_6)_(MultiDim_Q2_y_z_pT_phi_h)_(Normalized)[0m (Histo Num 53507)
Fitting for: [1m(MultiDim_5D_Histo)_(RC_Bayesian)_(SMEAR=Smear)_(Q2_y_Bin_8)_(z_pT_Bin_6)_(MultiDim_Q2_y_z_pT_phi_h)_(Normalized)[0m (Histo Num 53508)
Fitting for: [1m(MultiDim_5D_Histo)_(BC_RC_Bayesian)_(SMEAR=Smear)_(Q2_y_Bin_8)_(z_pT_Bin_6)_(MultiDim_Q2_y_z_pT_phi_h)_(Normalized)[0m (Histo Num 53509)
Fitting for: [1m(MultiDim_5D_Histo)_(Bayesian)_(SMEAR=Smear)_(Q2_y_Bin_8)_(z_pT_Bin_7)_(MultiDim_Q2_y_z_pT_phi_h)_(Normalized)[0m (Histo Num 53511)
Fitting for: [1m(MultiDim_5D_Histo)_(RC_Bayesian)_(SMEAR=Smear)_(Q2_y_Bin_8)_(z_pT_Bin_7)_(MultiDim_Q2_y_z_pT_phi_h)_(Normalized)[0m (Histo Num 53512)
Fitting for: [1m(MultiDim_5D_Histo)_(BC_RC_Bayesian)_(SMEAR=Smear)_(Q2_y_Bin_8)_(z_pT_Bin_7)_(MultiDim_Q2_y_z_pT_phi_h)_(Normalized)[0m (Histo Num 53513)
Fitting for: [1m(MultiDim_5D_Histo)_(Bayesian)_(SMEAR=Smear)_(Q2_y_Bin_8)_(z_pT_Bin_8)_(MultiDim_Q2_y_z_pT_phi_h)_(Normalized)[0m (Histo Num 53515)
Fitting for: [1m(MultiDim_5D_Histo)_(RC_Bayesian)_(SMEAR=Smear)_(Q2_y_Bin_8)_(z_pT_Bin_8)_(MultiDim_Q2_y_z_pT_phi_h)_(Normalized)[0m (Histo Num 53516)
Fitting for: [1m(MultiDim_5D_Histo)_(BC_RC_Bayesian)_(SMEAR=Smear)_(Q2_y_Bin_8)_(z_pT_Bin_8)_(MultiDim_Q2_y_z_pT_phi_h)_(Normalized)[0m (Histo Num 53517)
Fitting for: [1m(MultiDim_5D_Histo)_(Bayesian)_(SMEAR=Smear)_(Q2_y_Bin_8)_(z_pT_Bin_9)_(MultiDim_Q2_y_z_pT_phi_h)_(Normalized)[0m (Histo Num 53519)
Fitting for: [1m(MultiDim_5D_Histo)_(RC_Bayesian)_(SMEAR=Smear)_(Q2_y_Bin_8)_(z_pT_Bin_9)_(MultiDim_Q2_y_z_pT_phi_h)_(Normalized)[0m (Histo Num 53520)
Fitting for: [1m(MultiDim_5D_Histo)_(BC_RC_Bayesian)_(SMEAR=Smear)_(Q2_y_Bin_8)_(z_pT_Bin_9)_(MultiDim_Q2_y_z_pT_phi_h)_(Normalized)[0m (Histo Num 53521)
Fitting for: [1m(MultiDim_5D_Histo)_(Bayesian)_(SMEAR=Smear)_(Q2_y_Bin_8)_(z_pT_Bin_10)_(MultiDim_Q2_y_z_pT_phi_h)_(Normalized)[0m (Histo Num 53523)
Fitting for: [1m(MultiDim_5D_Histo)_(RC_Bayesian)_(SMEAR=Smear)_(Q2_y_Bin_8)_(z_pT_Bin_10)_(MultiDim_Q2_y_z_pT_phi_h)_(Normalized)[0m (Histo Num 53524)
Fitting for: [1m(MultiDim_5D_Histo)_(BC_RC_Bayesian)_(SMEAR=Smear)_(Q2_y_Bin_8)_(z_pT_Bin_10)_(MultiDim_Q2_y_z_pT_phi_h)_(Normalized)[0m (Histo Num 53525)
Fitting for: [1m(MultiDim_5D_Histo)_(Bayesian)_(SMEAR=Smear)_(Q2_y_Bin_8)_(z_pT_Bin_11)_(MultiDim_Q2_y_z_pT_phi_h)_(Normalized)[0m (Histo Num 53527)
Fitting for: [1m(MultiDim_5D_Histo)_(RC_Bayesian)_(SMEAR=Smear)_(Q2_y_Bin_8)_(z_pT_Bin_11)_(MultiDim_Q2_y_z_pT_phi_h)_(Normalized)[0m (Histo Num 53528)
Fitting for: [1m(MultiDim_5D_Histo)_(BC_RC_Bayesian)_(SMEAR=Smear)_(Q2_y_Bin_8)_(z_pT_Bin_11)_(MultiDim_Q2_y_z_pT_phi_h)_(Normalized)[0m (Histo Num 53529)
Fitting for: [1m(MultiDim_5D_Histo)_(Bayesian)_(SMEAR=Smear)_(Q2_y_Bin_8)_(z_pT_Bin_12)_(MultiDim_Q2_y_z_pT_phi_h)_(Normalized)[0m (Histo Num 53531)
Fitting for: [1m(MultiDim_5D_Histo)_(RC_Bayesian)_(SMEAR=Smear)_(Q2_y_Bin_8)_(z_pT_Bin_12)_(MultiDim_Q2_y_z_pT_phi_h)_(Normalized)[0m (Histo Num 53532)
Fitting for: [1m(MultiDim_5D_Histo)_(BC_RC_Bayesian)_(SMEAR=Smear)_(Q2_y_Bin_8)_(z_pT_Bin_12)_(MultiDim_Q2_y_z_pT_phi_h)_(Normalized)[0m (Histo Num 53533)
Fitting for: [1m(MultiDim_5D_Histo)_(Bayesian)_(SMEAR=Smear)_(Q2_y_Bin_8)_(z_pT_Bin_13)_(MultiDim_Q2_y_z_pT_phi_h)_(Normalized)[0m (Histo Num 53535)
Fitting for: [1m(MultiDim_5D_Histo)_(RC_Bayesian)_(SMEAR=Smear)_(Q2_y_Bin_8)_(z_pT_Bin_13)_(MultiDim_Q2_y_z_pT_phi_h)_(Normalized)[0m (Histo Num 53536)
Fitting for: [1m(MultiDim_5D_Histo)_(BC_RC_Bayesian)_(SMEAR=Smear)_(Q2_y_Bin_8)_(z_pT_Bin_13)_(MultiDim_Q2_y_z_pT_phi_h)_(Normalized)[0m (Histo Num 53537)
Fitting for: [1m(MultiDim_5D_Histo)_(Bayesian)_(SMEAR=Smear)_(Q2_y_Bin_8)_(z_pT_Bin_14)_(MultiDim_Q2_y_z_pT_phi_h)_(Normalized)[0m (Histo Num 53539)
Fitting for: [1m(MultiDim_5D_Histo)_(RC_Bayesian)_(SMEAR=Smear)_(Q2_y_Bin_8)_(z_pT_Bin_14)_(MultiDim_Q2_y_z_pT_phi_h)_(Normalized)[0m (Histo Num 53540)
Fitting for: [1m(MultiDim_5D_Histo)_(BC_RC_Bayesian)_(SMEAR=Smear)_(Q2_y_Bin_8)_(z_pT_Bin_14)_(MultiDim_Q2_y_z_pT_phi_h)_(Normalized)[0m (Histo Num 53541)
Fitting for: [1m(MultiDim_5D_Histo)_(Bayesian)_(SMEAR=Smear)_(Q2_y_Bin_8)_(z_pT_Bin_15)_(MultiDim_Q2_y_z_pT_phi_h)_(Normalized)[0m (Histo Num 53543)
Fitting for: [1m(MultiDim_5D_Histo)_(RC_Bayesian)_(SMEAR=Smear)_(Q2_y_Bin_8)_(z_pT_Bin_15)_(MultiDim_Q2_y_z_pT_phi_h)_(Normalized)[0m (Histo Num 53544)
Fitting for: [1m(MultiDim_5D_Histo)_(BC_RC_Bayesian)_(SMEAR=Smear)_(Q2_y_Bin_8)_(z_pT_Bin_15)_(MultiDim_Q2_y_z_pT_phi_h)_(Normalized)[0m (Histo Num 53545)
Fitting for: [1m(MultiDim_5D_Histo)_(Bayesian)_(SMEAR=Smear)_(Q2_y_Bin_8)_(z_pT_Bin_16)_(MultiDim_Q2_y_z_pT_phi_h)_(Normalized)[0m (Histo Num 53547)
Fitting for: [1m(MultiDim_5D_Histo)_(RC_Bayesian)_(SMEAR=Smear)_(Q2_y_Bin_8)_(z_pT_Bin_16)_(MultiDim_Q2_y_z_pT_phi_h)_(Normalized)[0m (Histo Num 53548)
Fitting for: [1m(MultiDim_5D_Histo)_(BC_RC_Bayesian)_(SMEAR=Smear)_(Q2_y_Bin_8)_(z_pT_Bin_16)_(MultiDim_Q2_y_z_pT_phi_h)_(Normalized)[0m (Histo Num 53549)
Fitting for: [1m(MultiDim_5D_Histo)_(Bayesian)_(SMEAR=Smear)_(Q2_y_Bin_8)_(z_pT_Bin_17)_(MultiDim_Q2_y_z_pT_phi_h)_(Normalized)[0m (Histo Num 53551)
Fitting for: [1m(MultiDim_5D_Histo)_(RC_Bayesian)_(SMEAR=Smear)_(Q2_y_Bin_8)_(z_pT_Bin_17)_(MultiDim_Q2_y_z_pT_phi_h)_(Normalized)[0m (Histo Num 53552)
Fitting for: [1m(MultiDim_5D_Histo)_(BC_RC_Bayesian)_(SMEAR=Smear)_(Q2_y_Bin_8)_(z_pT_Bin_17)_(MultiDim_Q2_y_z_pT_phi_h)_(Normalized)[0m (Histo Num 53553)
Fitting for: [1m(MultiDim_5D_Histo)_(Bayesian)_(SMEAR=Smear)_(Q2_y_Bin_8)_(z_pT_Bin_18)_(MultiDim_Q2_y_z_pT_phi_h)_(Normalized)[0m (Histo Num 53555)
Fitting for: [1m(MultiDim_5D_Histo)_(RC_Bayesian)_(SMEAR=Smear)_(Q2_y_Bin_8)_(z_pT_Bin_18)_(MultiDim_Q2_y_z_pT_phi_h)_(Normalized)[0m (Histo Num 53556)
Fitting for: [1m(MultiDim_5D_Histo)_(BC_RC_Bayesian)_(SMEAR=Smear)_(Q2_y_Bin_8)_(z_pT_Bin_18)_(MultiDim_Q2_y_z_pT_phi_h)_(Normalized)[0m (Histo Num 53557)
Fitting for: [1m(MultiDim_5D_Histo)_(Bayesian)_(SMEAR=Smear)_(Q2_y_Bin_8)_(z_pT_Bin_19)_(MultiDim_Q2_y_z_pT_phi_h)_(Normalized)[0m (Histo Num 53559)
Fitting for: [1m(MultiDim_5D_Histo)_(RC_Bayesian)_(SMEAR=Smear)_(Q2_y_Bin_8)_(z_pT_Bin_19)_(MultiDim_Q2_y_z_pT_phi_h)_(Normalized)[0m (Histo Num 53560)
Fitting for: [1m(MultiDim_5D_Histo)_(BC_RC_Bayesian)_(SMEAR=Smear)_(Q2_y_Bin_8)_(z_pT_Bin_19)_(MultiDim_Q2_y_z_pT_phi_h)_(Normalized)[0m (Histo Num 53561)
Fitting for: [1m(MultiDim_5D_Histo)_(Bayesian)_(SMEAR=Smear)_(Q2_y_Bin_8)_(z_pT_Bin_20)_(MultiDim_Q2_y_z_pT_phi_h)_(Normalized)[0m (Histo Num 53563)
Fitting for: [1m(MultiDim_5D_Histo)_(RC_Bayesian)_(SMEAR=Smear)_(Q2_y_Bin_8)_(z_pT_Bin_20)_(MultiDim_Q2_y_z_pT_phi_h)_(Normalized)[0m (Histo Num 53564)
Fitting for: [1m(MultiDim_5D_Histo)_(BC_RC_Bayesian)_(SMEAR=Smear)_(Q2_y_Bin_8)_(z_pT_Bin_20)_(MultiDim_Q2_y_z_pT_phi_h)_(Normalized)[0m (Histo Num 53565)
Fitting for: [1m(MultiDim_5D_Histo)_(Bayesian)_(SMEAR=Smear)_(Q2_y_Bin_8)_(z_pT_Bin_21)_(MultiDim_Q2_y_z_pT_phi_h)_(Normalized)[0m (Histo Num 53567)
Fitting for: [1m(MultiDim_5D_Histo)_(RC_Bayesian)_(SMEAR=Smear)_(Q2_y_Bin_8)_(z_pT_Bin_21)_(MultiDim_Q2_y_z_pT_phi_h)_(Normalized)[0m (Histo Num 53568)
Fitting for: [1m(MultiDim_5D_Histo)_(BC_RC_Bayesian)_(SMEAR=Smear)_(Q2_y_Bin_8)_(z_pT_Bin_21)_(MultiDim_Q2_y_z_pT_phi_h)_(Normalized)[0m (Histo Num 53569)
Fitting for: [1m(MultiDim_5D_Histo)_(Bayesian)_(SMEAR=Smear)_(Q2_y_Bin_8)_(z_pT_Bin_22)_(MultiDim_Q2_y_z_pT_phi_h)_(Normalized)[0m (Histo Num 53571)
Fitting for: [1m(MultiDim_5D_Histo)_(RC_Bayesian)_(SMEAR=Smear)_(Q2_y_Bin_8)_(z_pT_Bin_22)_(MultiDim_Q2_y_z_pT_phi_h)_(Normalized)[0m (Histo Num 53572)
Fitting for: [1m(MultiDim_5D_Histo)_(BC_RC_Bayesian)_(SMEAR=Smear)_(Q2_y_Bin_8)_(z_pT_Bin_22)_(MultiDim_Q2_y_z_pT_phi_h)_(Normalized)[0m (Histo Num 53573)
Fitting for: [1m(MultiDim_5D_Histo)_(Bayesian)_(SMEAR=Smear)_(Q2_y_Bin_8)_(z_pT_Bin_23)_(MultiDim_Q2_y_z_pT_phi_h)_(Normalized)[0m (Histo Num 53575)
Fitting for: [1m(MultiDim_5D_Histo)_(RC_Bayesian)_(SMEAR=Smear)_(Q2_y_Bin_8)_(z_pT_Bin_23)_(MultiDim_Q2_y_z_pT_phi_h)_(Normalized)[0m (Histo Num 53576)
Fitting for: [1m(MultiDim_5D_Histo)_(BC_RC_Bayesian)_(SMEAR=Smear)_(Q2_y_Bin_8)_(z_pT_Bin_23)_(MultiDim_Q2_y_z_pT_phi_h)_(Normalized)[0m (Histo Num 53577)
Fitting for: [1m(MultiDim_5D_Histo)_(Bayesian)_(SMEAR=Smear)_(Q2_y_Bin_8)_(z_pT_Bin_24)_(MultiDim_Q2_y_z_pT_phi_h)_(Normalized)[0m (Histo Num 53579)
Fitting for: [1m(MultiDim_5D_Histo)_(RC_Bayesian)_(SMEAR=Smear)_(Q2_y_Bin_8)_(z_pT_Bin_24)_(MultiDim_Q2_y_z_pT_phi_h)_(Normalized)[0m (Histo Num 53580)
Fitting for: [1m(MultiDim_5D_Histo)_(BC_RC_Bayesian)_(SMEAR=Smear)_(Q2_y_Bin_8)_(z_pT_Bin_24)_(MultiDim_Q2_y_z_pT_phi_h)_(Normalized)[0m (Histo Num 53581)
Fitting for: [1m(MultiDim_5D_Histo)_(Bayesian)_(SMEAR=Smear)_(Q2_y_Bin_8)_(z_pT_Bin_25)_(MultiDim_Q2_y_z_pT_phi_h)_(Normalized)[0m (Histo Num 53583)
Fitting for: [1m(MultiDim_5D_Histo)_(RC_Bayesian)_(SMEAR=Smear)_(Q2_y_Bin_8)_(z_pT_Bin_25)_(MultiDim_Q2_y_z_pT_phi_h)_(Normalized)[0m (Histo Num 53584)
Fitting for: [1m(MultiDim_5D_Histo)_(BC_RC_Bayesian)_(SMEAR=Smear)_(Q2_y_Bin_8)_(z_pT_Bin_25)_(MultiDim_Q2_y_z_pT_phi_h)_(Normalized)[0m (Histo Num 53585)
Fitting for: [1m(MultiDim_5D_Histo)_(Bayesian)_(SMEAR=Smear)_(Q2_y_Bin_8)_(z_pT_Bin_26)_(MultiDim_Q2_y_z_pT_phi_h)_(Normalized)[0m (Histo Num 53587)
Fitting for: [1m(MultiDim_5D_Histo)_(RC_Bayesian)_(SMEAR=Smear)_(Q2_y_Bin_8)_(z_pT_Bin_26)_(MultiDim_Q2_y_z_pT_phi_h)_(Normalized)[0m (Histo Num 53588)
Fitting for: [1m(MultiDim_5D_Histo)_(BC_RC_Bayesian)_(SMEAR=Smear)_(Q2_y_Bin_8)_(z_pT_Bin_26)_(MultiDim_Q2_y_z_pT_phi_h)_(Normalized)[0m (Histo Num 53589)
Fitting for: [1m(MultiDim_5D_Histo)_(Bayesian)_(SMEAR=Smear)_(Q2_y_Bin_8)_(z_pT_Bin_27)_(MultiDim_Q2_y_z_pT_phi_h)_(Normalized)[0m (Histo Num 53591)
Fitting for: [1m(MultiDim_5D_Histo)_(RC_Bayesian)_(SMEAR=Smear)_(Q2_y_Bin_8)_(z_pT_Bin_27)_(MultiDim_Q2_y_z_pT_phi_h)_(Normalized)[0m (Histo Num 53592)
Fitting for: [1m(MultiDim_5D_Histo)_(BC_RC_Bayesian)_(SMEAR=Smear)_(Q2_y_Bin_8)_(z_pT_Bin_27)_(MultiDim_Q2_y_z_pT_phi_h)_(Normalized)[0m (Histo Num 53593)
Fitting for: [1m(MultiDim_5D_Histo)_(Bayesian)_(SMEAR=Smear)_(Q2_y_Bin_8)_(z_pT_Bin_28)_(MultiDim_Q2_y_z_pT_phi_h)_(Normalized)[0m (Histo Num 53595)
Fitting for: [1m(MultiDim_5D_Histo)_(RC_Bayesian)_(SMEAR=Smear)_(Q2_y_Bin_8)_(z_pT_Bin_28)_(MultiDim_Q2_y_z_pT_phi_h)_(Normalized)[0m (Histo Num 53596)
Fitting for: [1m(MultiDim_5D_Histo)_(BC_RC_Bayesian)_(SMEAR=Smear)_(Q2_y_Bin_8)_(z_pT_Bin_28)_(MultiDim_Q2_y_z_pT_phi_h)_(Normalized)[0m (Histo Num 53597)
Fitting for: [1m(MultiDim_5D_Histo)_(Bayesian)_(SMEAR=Smear)_(Q2_y_Bin_8)_(z_pT_Bin_29)_(MultiDim_Q2_y_z_pT_phi_h)_(Normalized)[0m (Histo Num 53599)
Fitting for: [1m(MultiDim_5D_Histo)_(RC_Bayesian)_(SMEAR=Smear)_(Q2_y_Bin_8)_(z_pT_Bin_29)_(MultiDim_Q2_y_z_pT_phi_h)_(Normalized)[0m (Histo Num 53600)
Fitting for: [1m(MultiDim_5D_Histo)_(BC_RC_Bayesian)_(SMEAR=Smear)_(Q2_y_Bin_8)_(z_pT_Bin_29)_(MultiDim_Q2_y_z_pT_phi_h)_(Normalized)[0m (Histo Num 53601)
Fitting for: [1m(MultiDim_5D_Histo)_(Bayesian)_(SMEAR=Smear)_(Q2_y_Bin_8)_(z_pT_Bin_30)_(MultiDim_Q2_y_z_pT_phi_h)_(Normalized)[0m (Histo Num 53603)
Fitting for: [1m(MultiDim_5D_Histo)_(RC_Bayesian)_(SMEAR=Smear)_(Q2_y_Bin_8)_(z_pT_Bin_30)_(MultiDim_Q2_y_z_pT_phi_h)_(Normalized)[0m (Histo Num 53604)
Fitting for: [1m(MultiDim_5D_Histo)_(BC_RC_Bayesian)_(SMEAR=Smear)_(Q2_y_Bin_8)_(z_pT_Bin_30)_(MultiDim_Q2_y_z_pT_phi_h)_(Normalized)[0m (Histo Num 53605)
Fitting for: [1m(MultiDim_5D_Histo)_(Bayesian)_(SMEAR=Smear)_(Q2_y_Bin_8)_(z_pT_Bin_31)_(MultiDim_Q2_y_z_pT_phi_h)_(Normalized)[0m (Histo Num 53607)
Fitting for: [1m(MultiDim_5D_Histo)_(RC_Bayesian)_(SMEAR=Smear)_(Q2_y_Bin_8)_(z_pT_Bin_31)_(MultiDim_Q2_y_z_pT_phi_h)_(Normalized)[0m (Histo Num 53608)
Fitting for: [1m(MultiDim_5D_Histo)_(BC_RC_Bayesian)_(SMEAR=Smear)_(Q2_y_Bin_8)_(z_pT_Bin_31)_(MultiDim_Q2_y_z_pT_phi_h)_(Normalized)[0m (Histo Num 53609)
Fitting for: [1m(MultiDim_5D_Histo)_(Bayesian)_(SMEAR=Smear)_(Q2_y_Bin_8)_(z_pT_Bin_32)_(MultiDim_Q2_y_z_pT_phi_h)_(Normalized)[0m (Histo Num 53611)
Fitting for: [1m(MultiDim_5D_Histo)_(RC_Bayesian)_(SMEAR=Smear)_(Q2_y_Bin_8)_(z_pT_Bin_32)_(MultiDim_Q2_y_z_pT_phi_h)_(Normalized)[0m (Histo Num 53612)
Fitting for: [1m(MultiDim_5D_Histo)_(BC_RC_Bayesian)_(SMEAR=Smear)_(Q2_y_Bin_8)_(z_pT_Bin_32)_(MultiDim_Q2_y_z_pT_phi_h)_(Normalized)[0m (Histo Num 53613)
Fitting for: [1m(MultiDim_5D_Histo)_(Bayesian)_(SMEAR=Smear)_(Q2_y_Bin_8)_(z_pT_Bin_33)_(MultiDim_Q2_y_z_pT_phi_h)_(Normalized)[0m (Histo Num 53615)
Fitting for: [1m(MultiDim_5D_Histo)_(RC_Bayesian)_(SMEAR=Smear)_(Q2_y_Bin_8)_(z_pT_Bin_33)_(MultiDim_Q2_y_z_pT_phi_h)_(Normalized)[0m (Histo Num 53616)
Fitting for: [1m(MultiDim_5D_Histo)_(BC_RC_Bayesian)_(SMEAR=Smear)_(Q2_y_Bin_8)_(z_pT_Bin_33)_(MultiDim_Q2_y_z_pT_phi_h)_(Normalized)[0m (Histo Num 53617)
Fitting for: [1m(MultiDim_5D_Histo)_(Bayesian)_(SMEAR=Smear)_(Q2_y_Bin_8)_(z_pT_Bin_34)_(MultiDim_Q2_y_z_pT_phi_h)_(Normalized)[0m (Histo Num 53619)
Fitting for: [1m(MultiDim_5D_Histo)_(RC_Bayesian)_(SMEAR=Smear)_(Q2_y_Bin_8)_(z_pT_Bin_34)_(MultiDim_Q2_y_z_pT_phi_h)_(Normalized)[0m (Histo Num 53620)
Fitting for: [1m(MultiDim_5D_Histo)_(BC_RC_Bayesian)_(SMEAR=Smear)_(Q2_y_Bin_8)_(z_pT_Bin_34)_(MultiDim_Q2_y_z_pT_phi_h)_(Normalized)[0m (Histo Num 53621)
Fitting for: [1m(MultiDim_5D_Histo)_(Bayesian)_(SMEAR=Smear)_(Q2_y_Bin_9)_(z_pT_Bin_1)_(MultiDim_Q2_y_z_pT_phi_h)_(Normalized)[0m (Histo Num 53623)
Fitting for: [1m(MultiDim_5D_Histo)_(RC_Bayesian)_(SMEAR=Smear)_(Q2_y_Bin_9)_(z_pT_Bin_1)_(MultiDim_Q2_y_z_pT_phi_h)_(Normalized)[0m (Histo Num 53624)
Fitting for: [1m(MultiDim_5D_Histo)_(BC_RC_Bayesian)_(SMEAR=Smear)_(Q2_y_Bin_9)_(z_pT_Bin_1)_(MultiDim_Q2_y_z_pT_phi_h)_(Normalized)[0m (Histo Num 53625)
Fitting for: [1m(MultiDim_5D_Histo)_(Bayesian)_(SMEAR=Smear)_(Q2_y_Bin_9)_(z_pT_Bin_2)_(MultiDim_Q2_y_z_pT_phi_h)_(Normalized)[0m (Histo Num 53627)
Fitting for: [1m(MultiDim_5D_Histo)_(RC_Bayesian)_(SMEAR=Smear)_(Q2_y_Bin_9)_(z_pT_Bin_2)_(MultiDim_Q2_y_z_pT_phi_h)_(Normalized)[0m (Histo Num 53628)
Fitting for: [1m(MultiDim_5D_Histo)_(BC_RC_Bayesian)_(SMEAR=Smear)_(Q2_y_Bin_9)_(z_pT_Bin_2)_(MultiDim_Q2_y_z_pT_phi_h)_(Normalized)[0m (Histo Num 53629)
Fitting for: [1m(MultiDim_5D_Histo)_(Bayesian)_(SMEAR=Smear)_(Q2_y_Bin_9)_(z_pT_Bin_3)_(MultiDim_Q2_y_z_pT_phi_h)_(Normalized)[0m (Histo Num 53631)
Fitting for: [1m(MultiDim_5D_Histo)_(RC_Bayesian)_(SMEAR=Smear)_(Q2_y_Bin_9)_(z_pT_Bin_3)_(MultiDim_Q2_y_z_pT_phi_h)_(Normalized)[0m (Histo Num 53632)
Fitting for: [1m(MultiDim_5D_Histo)_(BC_RC_Bayesian)_(SMEAR=Smear)_(Q2_y_Bin_9)_(z_pT_Bin_3)_(MultiDim_Q2_y_z_pT_phi_h)_(Normalized)[0m (Histo Num 53633)
Fitting for: [1m(MultiDim_5D_Histo)_(Bayesian)_(SMEAR=Smear)_(Q2_y_Bin_9)_(z_pT_Bin_4)_(MultiDim_Q2_y_z_pT_phi_h)_(Normalized)[0m (Histo Num 53635)
Fitting for: [1m(MultiDim_5D_Histo)_(RC_Bayesian)_(SMEAR=Smear)_(Q2_y_Bin_9)_(z_pT_Bin_4)_(MultiDim_Q2_y_z_pT_phi_h)_(Normalized)[0m (Histo Num 53636)
Fitting for: [1m(MultiDim_5D_Histo)_(BC_RC_Bayesian)_(SMEAR=Smear)_(Q2_y_Bin_9)_(z_pT_Bin_4)_(MultiDim_Q2_y_z_pT_phi_h)_(Normalized)[0m (Histo Num 53637)
Fitting for: [1m(MultiDim_5D_Histo)_(Bayesian)_(SMEAR=Smear)_(Q2_y_Bin_9)_(z_pT_Bin_5)_(MultiDim_Q2_y_z_pT_phi_h)_(Normalized)[0m (Histo Num 53639)
Fitting for: [1m(MultiDim_5D_Histo)_(RC_Bayesian)_(SMEAR=Smear)_(Q2_y_Bin_9)_(z_pT_Bin_5)_(MultiDim_Q2_y_z_pT_phi_h)_(Normalized)[0m (Histo Num 53640)
Fitting for: [1m(MultiDim_5D_Histo)_(BC_RC_Bayesian)_(SMEAR=Smear)_(Q2_y_Bin_9)_(z_pT_Bin_5)_(MultiDim_Q2_y_z_pT_phi_h)_(Normalized)[0m (Histo Num 53641)
Fitting for: [1m(MultiDim_5D_Histo)_(Bayesian)_(SMEAR=Smear)_(Q2_y_Bin_9)_(z_pT_Bin_6)_(MultiDim_Q2_y_z_pT_phi_h)_(Normalized)[0m (Histo Num 53643)
Fitting for: [1m(MultiDim_5D_Histo)_(RC_Bayesian)_(SMEAR=Smear)_(Q2_y_Bin_9)_(z_pT_Bin_6)_(MultiDim_Q2_y_z_pT_phi_h)_(Normalized)[0m (Histo Num 53644)
Fitting for: [1m(MultiDim_5D_Histo)_(BC_RC_Bayesian)_(SMEAR=Smear)_(Q2_y_Bin_9)_(z_pT_Bin_6)_(MultiDim_Q2_y_z_pT_phi_h)_(Normalized)[0m (Histo Num 53645)
Fitting for: [1m(MultiDim_5D_Histo)_(Bayesian)_(SMEAR=Smear)_(Q2_y_Bin_9)_(z_pT_Bin_7)_(MultiDim_Q2_y_z_pT_phi_h)_(Normalized)[0m (Histo Num 53647)
Fitting for: [1m(MultiDim_5D_Histo)_(RC_Bayesian)_(SMEAR=Smear)_(Q2_y_Bin_9)_(z_pT_Bin_7)_(MultiDim_Q2_y_z_pT_phi_h)_(Normalized)[0m (Histo Num 53648)
Fitting for: [1m(MultiDim_5D_Histo)_(BC_RC_Bayesian)_(SMEAR=Smear)_(Q2_y_Bin_9)_(z_pT_Bin_7)_(MultiDim_Q2_y_z_pT_phi_h)_(Normalized)[0m (Histo Num 53649)
Fitting for: [1m(MultiDim_5D_Histo)_(Bayesian)_(SMEAR=Smear)_(Q2_y_Bin_9)_(z_pT_Bin_8)_(MultiDim_Q2_y_z_pT_phi_h)_(Normalized)[0m (Histo Num 53651)
Fitting for: [1m(MultiDim_5D_Histo)_(RC_Bayesian)_(SMEAR=Smear)_(Q2_y_Bin_9)_(z_pT_Bin_8)_(MultiDim_Q2_y_z_pT_phi_h)_(Normalized)[0m (Histo Num 53652)
Fitting for: [1m(MultiDim_5D_Histo)_(BC_RC_Bayesian)_(SMEAR=Smear)_(Q2_y_Bin_9)_(z_pT_Bin_8)_(MultiDim_Q2_y_z_pT_phi_h)_(Normalized)[0m (Histo Num 53653)
Fitting for: [1m(MultiDim_5D_Histo)_(Bayesian)_(SMEAR=Smear)_(Q2_y_Bin_9)_(z_pT_Bin_9)_(MultiDim_Q2_y_z_pT_phi_h)_(Normalized)[0m (Histo Num 53655)
Fitting for: [1m(MultiDim_5D_Histo)_(RC_Bayesian)_(SMEAR=Smear)_(Q2_y_Bin_9)_(z_pT_Bin_9)_(MultiDim_Q2_y_z_pT_phi_h)_(Normalized)[0m (Histo Num 53656)
Fitting for: [1m(MultiDim_5D_Histo)_(BC_RC_Bayesian)_(SMEAR=Smear)_(Q2_y_Bin_9)_(z_pT_Bin_9)_(MultiDim_Q2_y_z_pT_phi_h)_(Normalized)[0m (Histo Num 53657)
Fitting for: [1m(MultiDim_5D_Histo)_(Bayesian)_(SMEAR=Smear)_(Q2_y_Bin_9)_(z_pT_Bin_10)_(MultiDim_Q2_y_z_pT_phi_h)_(Normalized)[0m (Histo Num 53659)
Fitting for: [1m(MultiDim_5D_Histo)_(RC_Bayesian)_(SMEAR=Smear)_(Q2_y_Bin_9)_(z_pT_Bin_10)_(MultiDim_Q2_y_z_pT_phi_h)_(Normalized)[0m (Histo Num 53660)
Fitting for: [1m(MultiDim_5D_Histo)_(BC_RC_Bayesian)_(SMEAR=Smear)_(Q2_y_Bin_9)_(z_pT_Bin_10)_(MultiDim_Q2_y_z_pT_phi_h)_(Normalized)[0m (Histo Num 53661)
Fitting for: [1m(MultiDim_5D_Histo)_(Bayesian)_(SMEAR=Smear)_(Q2_y_Bin_9)_(z_pT_Bin_11)_(MultiDim_Q2_y_z_pT_phi_h)_(Normalized)[0m (Histo Num 53663)
Fitting for: [1m(MultiDim_5D_Histo)_(RC_Bayesian)_(SMEAR=Smear)_(Q2_y_Bin_9)_(z_pT_Bin_11)_(MultiDim_Q2_y_z_pT_phi_h)_(Normalized)[0m (Histo Num 53664)
Fitting for: [1m(MultiDim_5D_Histo)_(BC_RC_Bayesian)_(SMEAR=Smear)_(Q2_y_Bin_9)_(z_pT_Bin_11)_(MultiDim_Q2_y_z_pT_phi_h)_(Normalized)[0m (Histo Num 53665)
Fitting for: [1m(MultiDim_5D_Histo)_(Bayesian)_(SMEAR=Smear)_(Q2_y_Bin_9)_(z_pT_Bin_12)_(MultiDim_Q2_y_z_pT_phi_h)_(Normalized)[0m (Histo Num 53667)
Fitting for: [1m(MultiDim_5D_Histo)_(RC_Bayesian)_(SMEAR=Smear)_(Q2_y_Bin_9)_(z_pT_Bin_12)_(MultiDim_Q2_y_z_pT_phi_h)_(Normalized)[0m (Histo Num 53668)
Fitting for: [1m(MultiDim_5D_Histo)_(BC_RC_Bayesian)_(SMEAR=Smear)_(Q2_y_Bin_9)_(z_pT_Bin_12)_(MultiDim_Q2_y_z_pT_phi_h)_(Normalized)[0m (Histo Num 53669)
Fitting for: [1m(MultiDim_5D_Histo)_(Bayesian)_(SMEAR=Smear)_(Q2_y_Bin_9)_(z_pT_Bin_13)_(MultiDim_Q2_y_z_pT_phi_h)_(Normalized)[0m (Histo Num 53671)
Fitting for: [1m(MultiDim_5D_Histo)_(RC_Bayesian)_(SMEAR=Smear)_(Q2_y_Bin_9)_(z_pT_Bin_13)_(MultiDim_Q2_y_z_pT_phi_h)_(Normalized)[0m (Histo Num 53672)
Fitting for: [1m(MultiDim_5D_Histo)_(BC_RC_Bayesian)_(SMEAR=Smear)_(Q2_y_Bin_9)_(z_pT_Bin_13)_(MultiDim_Q2_y_z_pT_phi_h)_(Normalized)[0m (Histo Num 53673)
Fitting for: [1m(MultiDim_5D_Histo)_(Bayesian)_(SMEAR=Smear)_(Q2_y_Bin_9)_(z_pT_Bin_14)_(MultiDim_Q2_y_z_pT_phi_h)_(Normalized)[0m (Histo Num 53675)
Fitting for: [1m(MultiDim_5D_Histo)_(RC_Bayesian)_(SMEAR=Smear)_(Q2_y_Bin_9)_(z_pT_Bin_14)_(MultiDim_Q2_y_z_pT_phi_h)_(Normalized)[0m (Histo Num 53676)
Fitting for: [1m(MultiDim_5D_Histo)_(BC_RC_Bayesian)_(SMEAR=Smear)_(Q2_y_Bin_9)_(z_pT_Bin_14)_(MultiDim_Q2_y_z_pT_phi_h)_(Normalized)[0m (Histo Num 53677)
Fitting for: [1m(MultiDim_5D_Histo)_(Bayesian)_(SMEAR=Smear)_(Q2_y_Bin_9)_(z_pT_Bin_15)_(MultiDim_Q2_y_z_pT_phi_h)_(Normalized)[0m (Histo Num 53679)
Fitting for: [1m(MultiDim_5D_Histo)_(RC_Bayesian)_(SMEAR=Smear)_(Q2_y_Bin_9)_(z_pT_Bin_15)_(MultiDim_Q2_y_z_pT_phi_h)_(Normalized)[0m (Histo Num 53680)
Fitting for: [1m(MultiDim_5D_Histo)_(BC_RC_Bayesian)_(SMEAR=Smear)_(Q2_y_Bin_9)_(z_pT_Bin_15)_(MultiDim_Q2_y_z_pT_phi_h)_(Normalized)[0m (Histo Num 53681)
Fitting for: [1m(MultiDim_5D_Histo)_(Bayesian)_(SMEAR=Smear)_(Q2_y_Bin_9)_(z_pT_Bin_16)_(MultiDim_Q2_y_z_pT_phi_h)_(Normalized)[0m (Histo Num 53683)
Fitting for: [1m(MultiDim_5D_Histo)_(RC_Bayesian)_(SMEAR=Smear)_(Q2_y_Bin_9)_(z_pT_Bin_16)_(MultiDim_Q2_y_z_pT_phi_h)_(Normalized)[0m (Histo Num 53684)
Fitting for: [1m(MultiDim_5D_Histo)_(BC_RC_Bayesian)_(SMEAR=Smear)_(Q2_y_Bin_9)_(z_pT_Bin_16)_(MultiDim_Q2_y_z_pT_phi_h)_(Normalized)[0m (Histo Num 53685)
Fitting for: [1m(MultiDim_5D_Histo)_(Bayesian)_(SMEAR=Smear)_(Q2_y_Bin_9)_(z_pT_Bin_17)_(MultiDim_Q2_y_z_pT_phi_h)_(Normalized)[0m (Histo Num 53687)
Fitting for: [1m(MultiDim_5D_Histo)_(RC_Bayesian)_(SMEAR=Smear)_(Q2_y_Bin_9)_(z_pT_Bin_17)_(MultiDim_Q2_y_z_pT_phi_h)_(Normalized)[0m (Histo Num 53688)
Fitting for: [1m(MultiDim_5D_Histo)_(BC_RC_Bayesian)_(SMEAR=Smear)_(Q2_y_Bin_9)_(z_pT_Bin_17)_(MultiDim_Q2_y_z_pT_phi_h)_(Normalized)[0m (Histo Num 53689)
Fitting for: [1m(MultiDim_5D_Histo)_(Bayesian)_(SMEAR=Smear)_(Q2_y_Bin_9)_(z_pT_Bin_18)_(MultiDim_Q2_y_z_pT_phi_h)_(Normalized)[0m (Histo Num 53691)
Fitting for: [1m(MultiDim_5D_Histo)_(RC_Bayesian)_(SMEAR=Smear)_(Q2_y_Bin_9)_(z_pT_Bin_18)_(MultiDim_Q2_y_z_pT_phi_h)_(Normalized)[0m (Histo Num 53692)
Fitting for: [1m(MultiDim_5D_Histo)_(BC_RC_Bayesian)_(SMEAR=Smear)_(Q2_y_Bin_9)_(z_pT_Bin_18)_(MultiDim_Q2_y_z_pT_phi_h)_(Normalized)[0m (Histo Num 53693)
Fitting for: [1m(MultiDim_5D_Histo)_(Bayesian)_(SMEAR=Smear)_(Q2_y_Bin_9)_(z_pT_Bin_19)_(MultiDim_Q2_y_z_pT_phi_h)_(Normalized)[0m (Histo Num 53695)
Fitting for: [1m(MultiDim_5D_Histo)_(RC_Bayesian)_(SMEAR=Smear)_(Q2_y_Bin_9)_(z_pT_Bin_19)_(MultiDim_Q2_y_z_pT_phi_h)_(Normalized)[0m (Histo Num 53696)
Fitting for: [1m(MultiDim_5D_Histo)_(BC_RC_Bayesian)_(SMEAR=Smear)_(Q2_y_Bin_9)_(z_pT_Bin_19)_(MultiDim_Q2_y_z_pT_phi_h)_(Normalized)[0m (Histo Num 53697)
Fitting for: [1m(MultiDim_5D_Histo)_(Bayesian)_(SMEAR=Smear)_(Q2_y_Bin_9)_(z_pT_Bin_20)_(MultiDim_Q2_y_z_pT_phi_h)_(Normalized)[0m (Histo Num 53699)
Fitting for: [1m(MultiDim_5D_Histo)_(RC_Bayesian)_(SMEAR=Smear)_(Q2_y_Bin_9)_(z_pT_Bin_20)_(MultiDim_Q2_y_z_pT_phi_h)_(Normalized)[0m (Histo Num 53700)
Fitting for: [1m(MultiDim_5D_Histo)_(BC_RC_Bayesian)_(SMEAR=Smear)_(Q2_y_Bin_9)_(z_pT_Bin_20)_(MultiDim_Q2_y_z_pT_phi_h)_(Normalized)[0m (Histo Num 53701)
Fitting for: [1m(MultiDim_5D_Histo)_(Bayesian)_(SMEAR=Smear)_(Q2_y_Bin_9)_(z_pT_Bin_22)_(MultiDim_Q2_y_z_pT_phi_h)_(Normalized)[0m (Histo Num 53703)
Fitting for: [1m(MultiDim_5D_Histo)_(RC_Bayesian)_(SMEAR=Smear)_(Q2_y_Bin_9)_(z_pT_Bin_22)_(MultiDim_Q2_y_z_pT_phi_h)_(Normalized)[0m (Histo Num 53704)
Fitting for: [1m(MultiDim_5D_Histo)_(BC_RC_Bayesian)_(SMEAR=Smear)_(Q2_y_Bin_9)_(z_pT_Bin_22)_(MultiDim_Q2_y_z_pT_phi_h)_(Normalized)[0m (Histo Num 53705)
Fitting for: [1m(MultiDim_5D_Histo)_(Bayesian)_(SMEAR=Smear)_(Q2_y_Bin_9)_(z_pT_Bin_23)_(MultiDim_Q2_y_z_pT_phi_h)_(Normalized)[0m (Histo Num 53707)
Fitting for: [1m(MultiDim_5D_Histo)_(RC_Bayesian)_(SMEAR=Smear)_(Q2_y_Bin_9)_(z_pT_Bin_23)_(MultiDim_Q2_y_z_pT_phi_h)_(Normalized)[0m (Histo Num 53708)
Fitting for: [1m(MultiDim_5D_Histo)_(BC_RC_Bayesian)_(SMEAR=Smear)_(Q2_y_Bin_9)_(z_pT_Bin_23)_(MultiDim_Q2_y_z_pT_phi_h)_(Normalized)[0m (Histo Num 53709)
Fitting for: [1m(MultiDim_5D_Histo)_(Bayesian)_(SMEAR=Smear)_(Q2_y_Bin_9)_(z_pT_Bin_24)_(MultiDim_Q2_y_z_pT_phi_h)_(Normalized)[0m (Histo Num 53711)
Fitting for: [1m(MultiDim_5D_Histo)_(RC_Bayesian)_(SMEAR=Smear)_(Q2_y_Bin_9)_(z_pT_Bin_24)_(MultiDim_Q2_y_z_pT_phi_h)_(Normalized)[0m (Histo Num 53712)
Fitting for: [1m(MultiDim_5D_Histo)_(BC_RC_Bayesian)_(SMEAR=Smear)_(Q2_y_Bin_9)_(z_pT_Bin_24)_(MultiDim_Q2_y_z_pT_phi_h)_(Normalized)[0m (Histo Num 53713)
Fitting for: [1m(MultiDim_5D_Histo)_(Bayesian)_(SMEAR=Smear)_(Q2_y_Bin_9)_(z_pT_Bin_25)_(MultiDim_Q2_y_z_pT_phi_h)_(Normalized)[0m (Histo Num 53715)
Fitting for: [1m(MultiDim_5D_Histo)_(RC_Bayesian)_(SMEAR=Smear)_(Q2_y_Bin_9)_(z_pT_Bin_25)_(MultiDim_Q2_y_z_pT_phi_h)_(Normalized)[0m (Histo Num 53716)
Fitting for: [1m(MultiDim_5D_Histo)_(BC_RC_Bayesian)_(SMEAR=Smear)_(Q2_y_Bin_9)_(z_pT_Bin_25)_(MultiDim_Q2_y_z_pT_phi_h)_(Normalized)[0m (Histo Num 53717)
Fitting for: [1m(MultiDim_5D_Histo)_(Bayesian)_(SMEAR=Smear)_(Q2_y_Bin_9)_(z_pT_Bin_26)_(MultiDim_Q2_y_z_pT_phi_h)_(Normalized)[0m (Histo Num 53719)
Fitting for: [1m(MultiDim_5D_Histo)_(RC_Bayesian)_(SMEAR=Smear)_(Q2_y_Bin_9)_(z_pT_Bin_26)_(MultiDim_Q2_y_z_pT_phi_h)_(Normalized)[0m (Histo Num 53720)
Fitting for: [1m(MultiDim_5D_Histo)_(BC_RC_Bayesian)_(SMEAR=Smear)_(Q2_y_Bin_9)_(z_pT_Bin_26)_(MultiDim_Q2_y_z_pT_phi_h)_(Normalized)[0m (Histo Num 53721)
Fitting for: [1m(MultiDim_5D_Histo)_(Bayesian)_(SMEAR=Smear)_(Q2_y_Bin_9)_(z_pT_Bin_29)_(MultiDim_Q2_y_z_pT_phi_h)_(Normalized)[0m (Histo Num 53723)
Fitting for: [1m(MultiDim_5D_Histo)_(RC_Bayesian)_(SMEAR=Smear)_(Q2_y_Bin_9)_(z_pT_Bin_29)_(MultiDim_Q2_y_z_pT_phi_h)_(Normalized)[0m (Histo Num 53724)
Fitting for: [1m(MultiDim_5D_Histo)_(BC_RC_Bayesian)_(SMEAR=Smear)_(Q2_y_Bin_9)_(z_pT_Bin_29)_(MultiDim_Q2_y_z_pT_phi_h)_(Normalized)[0m (Histo Num 53725)
Fitting for: [1m(MultiDim_5D_Histo)_(Bayesian)_(SMEAR=Smear)_(Q2_y_Bin_9)_(z_pT_Bin_30)_(MultiDim_Q2_y_z_pT_phi_h)_(Normalized)[0m (Histo Num 53727)
Fitting for: [1m(MultiDim_5D_Histo)_(RC_Bayesian)_(SMEAR=Smear)_(Q2_y_Bin_9)_(z_pT_Bin_30)_(MultiDim_Q2_y_z_pT_phi_h)_(Normalized)[0m (Histo Num 53728)
Fitting for: [1m(MultiDim_5D_Histo)_(BC_RC_Bayesian)_(SMEAR=Smear)_(Q2_y_Bin_9)_(z_pT_Bin_30)_(MultiDim_Q2_y_z_pT_phi_h)_(Normalized)[0m (Histo Num 53729)
Fitting for: [1m(MultiDim_5D_Histo)_(Bayesian)_(SMEAR=Smear)_(Q2_y_Bin_9)_(z_pT_Bin_31)_(MultiDim_Q2_y_z_pT_phi_h)_(Normalized)[0m (Histo Num 53731)
Fitting for: [1m(MultiDim_5D_Histo)_(RC_Bayesian)_(SMEAR=Smear)_(Q2_y_Bin_9)_(z_pT_Bin_31)_(MultiDim_Q2_y_z_pT_phi_h)_(Normalized)[0m (Histo Num 53732)
Fitting for: [1m(MultiDim_5D_Histo)_(BC_RC_Bayesian)_(SMEAR=Smear)_(Q2_y_Bin_9)_(z_pT_Bin_31)_(MultiDim_Q2_y_z_pT_phi_h)_(Normalized)[0m (Histo Num 53733)
Fitting for: [1m(MultiDim_5D_Histo)_(Bayesian)_(SMEAR=Smear)_(Q2_y_Bin_9)_(z_pT_Bin_32)_(MultiDim_Q2_y_z_pT_phi_h)_(Normalized)[0m (Histo Num 53735)
Fitting for: [1m(MultiDim_5D_Histo)_(RC_Bayesian)_(SMEAR=Smear)_(Q2_y_Bin_9)_(z_pT_Bin_32)_(MultiDim_Q2_y_z_pT_phi_h)_(Normalized)[0m (Histo Num 53736)
Fitting for: [1m(MultiDim_5D_Histo)_(BC_RC_Bayesian)_(SMEAR=Smear)_(Q2_y_Bin_9)_(z_pT_Bin_32)_(MultiDim_Q2_y_z_pT_phi_h)_(Normalized)[0m (Histo Num 53737)
Fitting for: [1m(MultiDim_5D_Histo)_(Bayesian)_(SMEAR=Smear)_(Q2_y_Bin_10)_(z_pT_Bin_1)_(MultiDim_Q2_y_z_pT_phi_h)_(Normalized)[0m (Histo Num 53739)
Fitting for: [1m(MultiDim_5D_Histo)_(RC_Bayesian)_(SMEAR=Smear)_(Q2_y_Bin_10)_(z_pT_Bin_1)_(MultiDim_Q2_y_z_pT_phi_h)_(Normalized)[0m (Histo Num 53740)
Fitting for: [1m(MultiDim_5D_Histo)_(BC_RC_Bayesian)_(SMEAR=Smear)_(Q2_y_Bin_10)_(z_pT_Bin_1)_(MultiDim_Q2_y_z_pT_phi_h)_(Normalized)[0m (Histo Num 53741)
Fitting for: [1m(MultiDim_5D_Histo)_(Bayesian)_(SMEAR=Smear)_(Q2_y_Bin_10)_(z_pT_Bin_2)_(MultiDim_Q2_y_z_pT_phi_h)_(Normalized)[0m (Histo Num 53743)
Fitting for: [1m(MultiDim_5D_Histo)_(RC_Bayesian)_(SMEAR=Smear)_(Q2_y_Bin_10)_(z_pT_Bin_2)_(MultiDim_Q2_y_z_pT_phi_h)_(Normalized)[0m (Histo Num 53744)
Fitting for: [1m(MultiDim_5D_Histo)_(BC_RC_Bayesian)_(SMEAR=Smear)_(Q2_y_Bin_10)_(z_pT_Bin_2)_(MultiDim_Q2_y_z_pT_phi_h)_(Normalized)[0m (Histo Num 53745)
Fitting for: [1m(MultiDim_5D_Histo)_(Bayesian)_(SMEAR=Smear)_(Q2_y_Bin_10)_(z_pT_Bin_3)_(MultiDim_Q2_y_z_pT_phi_h)_(Normalized)[0m (Histo Num 53747)
Fitting for: [1m(MultiDim_5D_Histo)_(RC_Bayesian)_(SMEAR=Smear)_(Q2_y_Bin_10)_(z_pT_Bin_3)_(MultiDim_Q2_y_z_pT_phi_h)_(Normalized)[0m (Histo Num 53748)
Fitting for: [1m(MultiDim_5D_Histo)_(BC_RC_Bayesian)_(SMEAR=Smear)_(Q2_y_Bin_10)_(z_pT_Bin_3)_(MultiDim_Q2_y_z_pT_phi_h)_(Normalized)[0m (Histo Num 53749)
Fitting for: [1m(MultiDim_5D_Histo)_(Bayesian)_(SMEAR=Smear)_(Q2_y_Bin_10)_(z_pT_Bin_4)_(MultiDim_Q2_y_z_pT_phi_h)_(Normalized)[0m (Histo Num 53751)
Fitting for: [1m(MultiDim_5D_Histo)_(RC_Bayesian)_(SMEAR=Smear)_(Q2_y_Bin_10)_(z_pT_Bin_4)_(MultiDim_Q2_y_z_pT_phi_h)_(Normalized)[0m (Histo Num 53752)
Fitting for: [1m(MultiDim_5D_Histo)_(BC_RC_Bayesian)_(SMEAR=Smear)_(Q2_y_Bin_10)_(z_pT_Bin_4)_(MultiDim_Q2_y_z_pT_phi_h)_(Normalized)[0m (Histo Num 53753)
Fitting for: [1m(MultiDim_5D_Histo)_(Bayesian)_(SMEAR=Smear)_(Q2_y_Bin_10)_(z_pT_Bin_5)_(MultiDim_Q2_y_z_pT_phi_h)_(Normalized)[0m (Histo Num 53755)
Fitting for: [1m(MultiDim_5D_Histo)_(RC_Bayesian)_(SMEAR=Smear)_(Q2_y_Bin_10)_(z_pT_Bin_5)_(MultiDim_Q2_y_z_pT_phi_h)_(Normalized)[0m (Histo Num 53756)
Fitting for: [1m(MultiDim_5D_Histo)_(BC_RC_Bayesian)_(SMEAR=Smear)_(Q2_y_Bin_10)_(z_pT_Bin_5)_(MultiDim_Q2_y_z_pT_phi_h)_(Normalized)[0m (Histo Num 53757)
Fitting for: [1m(MultiDim_5D_Histo)_(Bayesian)_(SMEAR=Smear)_(Q2_y_Bin_10)_(z_pT_Bin_6)_(MultiDim_Q2_y_z_pT_phi_h)_(Normalized)[0m (Histo Num 53759)
Fitting for: [1m(MultiDim_5D_Histo)_(RC_Bayesian)_(SMEAR=Smear)_(Q2_y_Bin_10)_(z_pT_Bin_6)_(MultiDim_Q2_y_z_pT_phi_h)_(Normalized)[0m (Histo Num 53760)
Fitting for: [1m(MultiDim_5D_Histo)_(BC_RC_Bayesian)_(SMEAR=Smear)_(Q2_y_Bin_10)_(z_pT_Bin_6)_(MultiDim_Q2_y_z_pT_phi_h)_(Normalized)[0m (Histo Num 53761)
Fitting for: [1m(MultiDim_5D_Histo)_(Bayesian)_(SMEAR=Smear)_(Q2_y_Bin_10)_(z_pT_Bin_7)_(MultiDim_Q2_y_z_pT_phi_h)_(Normalized)[0m (Histo Num 53763)
Fitting for: [1m(MultiDim_5D_Histo)_(RC_Bayesian)_(SMEAR=Smear)_(Q2_y_Bin_10)_(z_pT_Bin_7)_(MultiDim_Q2_y_z_pT_phi_h)_(Normalized)[0m (Histo Num 53764)
Fitting for: [1m(MultiDim_5D_Histo)_(BC_RC_Bayesian)_(SMEAR=Smear)_(Q2_y_Bin_10)_(z_pT_Bin_7)_(MultiDim_Q2_y_z_pT_phi_h)_(Normalized)[0m (Histo Num 53765)
Fitting for: [1m(MultiDim_5D_Histo)_(Bayesian)_(SMEAR=Smear)_(Q2_y_Bin_10)_(z_pT_Bin_8)_(MultiDim_Q2_y_z_pT_phi_h)_(Normalized)[0m (Histo Num 53767)
Fitting for: [1m(MultiDim_5D_Histo)_(RC_Bayesian)_(SMEAR=Smear)_(Q2_y_Bin_10)_(z_pT_Bin_8)_(MultiDim_Q2_y_z_pT_phi_h)_(Normalized)[0m (Histo Num 53768)
Fitting for: [1m(MultiDim_5D_Histo)_(BC_RC_Bayesian)_(SMEAR=Smear)_(Q2_y_Bin_10)_(z_pT_Bin_8)_(MultiDim_Q2_y_z_pT_phi_h)_(Normalized)[0m (Histo Num 53769)
Fitting for: [1m(MultiDim_5D_Histo)_(Bayesian)_(SMEAR=Smear)_(Q2_y_Bin_10)_(z_pT_Bin_9)_(MultiDim_Q2_y_z_pT_phi_h)_(Normalized)[0m (Histo Num 53771)
Fitting for: [1m(MultiDim_5D_Histo)_(RC_Bayesian)_(SMEAR=Smear)_(Q2_y_Bin_10)_(z_pT_Bin_9)_(MultiDim_Q2_y_z_pT_phi_h)_(Normalized)[0m (Histo Num 53772)
Fitting for: [1m(MultiDim_5D_Histo)_(BC_RC_Bayesian)_(SMEAR=Smear)_(Q2_y_Bin_10)_(z_pT_Bin_9)_(MultiDim_Q2_y_z_pT_phi_h)_(Normalized)[0m (Histo Num 53773)
Fitting for: [1m(MultiDim_5D_Histo)_(Bayesian)_(SMEAR=Smear)_(Q2_y_Bin_10)_(z_pT_Bin_10)_(MultiDim_Q2_y_z_pT_phi_h)_(Normalized)[0m (Histo Num 53775)
Fitting for: [1m(MultiDim_5D_Histo)_(RC_Bayesian)_(SMEAR=Smear)_(Q2_y_Bin_10)_(z_pT_Bin_10)_(MultiDim_Q2_y_z_pT_phi_h)_(Normalized)[0m (Histo Num 53776)
Fitting for: [1m(MultiDim_5D_Histo)_(BC_RC_Bayesian)_(SMEAR=Smear)_(Q2_y_Bin_10)_(z_pT_Bin_10)_(MultiDim_Q2_y_z_pT_phi_h)_(Normalized)[0m (Histo Num 53777)
Fitting for: [1m(MultiDim_5D_Histo)_(Bayesian)_(SMEAR=Smear)_(Q2_y_Bin_10)_(z_pT_Bin_11)_(MultiDim_Q2_y_z_pT_phi_h)_(Normalized)[0m (Histo Num 53779)
Fitting for: [1m(MultiDim_5D_Histo)_(RC_Bayesian)_(SMEAR=Smear)_(Q2_y_Bin_10)_(z_pT_Bin_11)_(MultiDim_Q2_y_z_pT_phi_h)_(Normalized)[0m (Histo Num 53780)
Fitting for: [1m(MultiDim_5D_Histo)_(BC_RC_Bayesian)_(SMEAR=Smear)_(Q2_y_Bin_10)_(z_pT_Bin_11)_(MultiDim_Q2_y_z_pT_phi_h)_(Normalized)[0m (Histo Num 53781)
Fitting for: [1m(MultiDim_5D_Histo)_(Bayesian)_(SMEAR=Smear)_(Q2_y_Bin_10)_(z_pT_Bin_12)_(MultiDim_Q2_y_z_pT_phi_h)_(Normalized)[0m (Histo Num 53783)
Fitting for: [1m(MultiDim_5D_Histo)_(RC_Bayesian)_(SMEAR=Smear)_(Q2_y_Bin_10)_(z_pT_Bin_12)_(MultiDim_Q2_y_z_pT_phi_h)_(Normalized)[0m (Histo Num 53784)
Fitting for: [1m(MultiDim_5D_Histo)_(BC_RC_Bayesian)_(SMEAR=Smear)_(Q2_y_Bin_10)_(z_pT_Bin_12)_(MultiDim_Q2_y_z_pT_phi_h)_(Normalized)[0m (Histo Num 53785)
Fitting for: [1m(MultiDim_5D_Histo)_(Bayesian)_(SMEAR=Smear)_(Q2_y_Bin_10)_(z_pT_Bin_13)_(MultiDim_Q2_y_z_pT_phi_h)_(Normalized)[0m (Histo Num 53787)
Fitting for: [1m(MultiDim_5D_Histo)_(RC_Bayesian)_(SMEAR=Smear)_(Q2_y_Bin_10)_(z_pT_Bin_13)_(MultiDim_Q2_y_z_pT_phi_h)_(Normalized)[0m (Histo Num 53788)
Fitting for: [1m(MultiDim_5D_Histo)_(BC_RC_Bayesian)_(SMEAR=Smear)_(Q2_y_Bin_10)_(z_pT_Bin_13)_(MultiDim_Q2_y_z_pT_phi_h)_(Normalized)[0m (Histo Num 53789)
Fitting for: [1m(MultiDim_5D_Histo)_(Bayesian)_(SMEAR=Smear)_(Q2_y_Bin_10)_(z_pT_Bin_14)_(MultiDim_Q2_y_z_pT_phi_h)_(Normalized)[0m (Histo Num 53791)
Fitting for: [1m(MultiDim_5D_Histo)_(RC_Bayesian)_(SMEAR=Smear)_(Q2_y_Bin_10)_(z_pT_Bin_14)_(MultiDim_Q2_y_z_pT_phi_h)_(Normalized)[0m (Histo Num 53792)
Fitting for: [1m(MultiDim_5D_Histo)_(BC_RC_Bayesian)_(SMEAR=Smear)_(Q2_y_Bin_10)_(z_pT_Bin_14)_(MultiDim_Q2_y_z_pT_phi_h)_(Normalized)[0m (Histo Num 53793)
Fitting for: [1m(MultiDim_5D_Histo)_(Bayesian)_(SMEAR=Smear)_(Q2_y_Bin_10)_(z_pT_Bin_15)_(MultiDim_Q2_y_z_pT_phi_h)_(Normalized)[0m (Histo Num 53795)
Fitting for: [1m(MultiDim_5D_Histo)_(RC_Bayesian)_(SMEAR=Smear)_(Q2_y_Bin_10)_(z_pT_Bin_15)_(MultiDim_Q2_y_z_pT_phi_h)_(Normalized)[0m (Histo Num 53796)
Fitting for: [1m(MultiDim_5D_Histo)_(BC_RC_Bayesian)_(SMEAR=Smear)_(Q2_y_Bin_10)_(z_pT_Bin_15)_(MultiDim_Q2_y_z_pT_phi_h)_(Normalized)[0m (Histo Num 53797)
Fitting for: [1m(MultiDim_5D_Histo)_(Bayesian)_(SMEAR=Smear)_(Q2_y_Bin_10)_(z_pT_Bin_16)_(MultiDim_Q2_y_z_pT_phi_h)_(Normalized)[0m (Histo Num 53799)
Fitting for: [1m(MultiDim_5D_Histo)_(RC_Bayesian)_(SMEAR=Smear)_(Q2_y_Bin_10)_(z_pT_Bin_16)_(MultiDim_Q2_y_z_pT_phi_h)_(Normalized)[0m (Histo Num 53800)
Fitting for: [1m(MultiDim_5D_Histo)_(BC_RC_Bayesian)_(SMEAR=Smear)_(Q2_y_Bin_10)_(z_pT_Bin_16)_(MultiDim_Q2_y_z_pT_phi_h)_(Normalized)[0m (Histo Num 53801)
Fitting for: [1m(MultiDim_5D_Histo)_(Bayesian)_(SMEAR=Smear)_(Q2_y_Bin_10)_(z_pT_Bin_17)_(MultiDim_Q2_y_z_pT_phi_h)_(Normalized)[0m (Histo Num 53803)
Fitting for: [1m(MultiDim_5D_Histo)_(RC_Bayesian)_(SMEAR=Smear)_(Q2_y_Bin_10)_(z_pT_Bin_17)_(MultiDim_Q2_y_z_pT_phi_h)_(Normalized)[0m (Histo Num 53804)
Fitting for: [1m(MultiDim_5D_Histo)_(BC_RC_Bayesian)_(SMEAR=Smear)_(Q2_y_Bin_10)_(z_pT_Bin_17)_(MultiDim_Q2_y_z_pT_phi_h)_(Normalized)[0m (Histo Num 53805)
Fitting for: [1m(MultiDim_5D_Histo)_(Bayesian)_(SMEAR=Smear)_(Q2_y_Bin_10)_(z_pT_Bin_18)_(MultiDim_Q2_y_z_pT_phi_h)_(Normalized)[0m (Histo Num 53807)
Fitting for: [1m(MultiDim_5D_Histo)_(RC_Bayesian)_(SMEAR=Smear)_(Q2_y_Bin_10)_(z_pT_Bin_18)_(MultiDim_Q2_y_z_pT_phi_h)_(Normalized)[0m (Histo Num 53808)
Fitting for: [1m(MultiDim_5D_Histo)_(BC_RC_Bayesian)_(SMEAR=Smear)_(Q2_y_Bin_10)_(z_pT_Bin_18)_(MultiDim_Q2_y_z_pT_phi_h)_(Normalized)[0m (Histo Num 53809)
Fitting for: [1m(MultiDim_5D_Histo)_(Bayesian)_(SMEAR=Smear)_(Q2_y_Bin_10)_(z_pT_Bin_19)_(MultiDim_Q2_y_z_pT_phi_h)_(Normalized)[0m (Histo Num 53811)
Fitting for: [1m(MultiDim_5D_Histo)_(RC_Bayesian)_(SMEAR=Smear)_(Q2_y_Bin_10)_(z_pT_Bin_19)_(MultiDim_Q2_y_z_pT_phi_h)_(Normalized)[0m (Histo Num 53812)
Fitting for: [1m(MultiDim_5D_Histo)_(BC_RC_Bayesian)_(SMEAR=Smear)_(Q2_y_Bin_10)_(z_pT_Bin_19)_(MultiDim_Q2_y_z_pT_phi_h)_(Normalized)[0m (Histo Num 53813)
Fitting for: [1m(MultiDim_5D_Histo)_(Bayesian)_(SMEAR=Smear)_(Q2_y_Bin_10)_(z_pT_Bin_20)_(MultiDim_Q2_y_z_pT_phi_h)_(Normalized)[0m (Histo Num 53815)
Fitting for: [1m(MultiDim_5D_Histo)_(RC_Bayesian)_(SMEAR=Smear)_(Q2_y_Bin_10)_(z_pT_Bin_20)_(MultiDim_Q2_y_z_pT_phi_h)_(Normalized)[0m (Histo Num 53816)
Fitting for: [1m(MultiDim_5D_Histo)_(BC_RC_Bayesian)_(SMEAR=Smear)_(Q2_y_Bin_10)_(z_pT_Bin_20)_(MultiDim_Q2_y_z_pT_phi_h)_(Normalized)[0m (Histo Num 53817)
Fitting for: [1m(MultiDim_5D_Histo)_(Bayesian)_(SMEAR=Smear)_(Q2_y_Bin_10)_(z_pT_Bin_21)_(MultiDim_Q2_y_z_pT_phi_h)_(Normalized)[0m (Histo Num 53819)
Fitting for: [1m(MultiDim_5D_Histo)_(RC_Bayesian)_(SMEAR=Smear)_(Q2_y_Bin_10)_(z_pT_Bin_21)_(MultiDim_Q2_y_z_pT_phi_h)_(Normalized)[0m (Histo Num 53820)
Fitting for: [1m(MultiDim_5D_Histo)_(BC_RC_Bayesian)_(SMEAR=Smear)_(Q2_y_Bin_10)_(z_pT_Bin_21)_(MultiDim_Q2_y_z_pT_phi_h)_(Normalized)[0m (Histo Num 53821)
Fitting for: [1m(MultiDim_5D_Histo)_(Bayesian)_(SMEAR=Smear)_(Q2_y_Bin_10)_(z_pT_Bin_22)_(MultiDim_Q2_y_z_pT_phi_h)_(Normalized)[0m (Histo Num 53823)
Fitting for: [1m(MultiDim_5D_Histo)_(RC_Bayesian)_(SMEAR=Smear)_(Q2_y_Bin_10)_(z_pT_Bin_22)_(MultiDim_Q2_y_z_pT_phi_h)_(Normalized)[0m (Histo Num 53824)
Fitting for: [1m(MultiDim_5D_Histo)_(BC_RC_Bayesian)_(SMEAR=Smear)_(Q2_y_Bin_10)_(z_pT_Bin_22)_(MultiDim_Q2_y_z_pT_phi_h)_(Normalized)[0m (Histo Num 53825)
Fitting for: [1m(MultiDim_5D_Histo)_(Bayesian)_(SMEAR=Smear)_(Q2_y_Bin_10)_(z_pT_Bin_23)_(MultiDim_Q2_y_z_pT_phi_h)_(Normalized)[0m (Histo Num 53827)
Fitting for: [1m(MultiDim_5D_Histo)_(RC_Bayesian)_(SMEAR=Smear)_(Q2_y_Bin_10)_(z_pT_Bin_23)_(MultiDim_Q2_y_z_pT_phi_h)_(Normalized)[0m (Histo Num 53828)
Fitting for: [1m(MultiDim_5D_Histo)_(BC_RC_Bayesian)_(SMEAR=Smear)_(Q2_y_Bin_10)_(z_pT_Bin_23)_(MultiDim_Q2_y_z_pT_phi_h)_(Normalized)[0m (Histo Num 53829)
Fitting for: [1m(MultiDim_5D_Histo)_(Bayesian)_(SMEAR=Smear)_(Q2_y_Bin_10)_(z_pT_Bin_25)_(MultiDim_Q2_y_z_pT_phi_h)_(Normalized)[0m (Histo Num 53831)
Fitting for: [1m(MultiDim_5D_Histo)_(RC_Bayesian)_(SMEAR=Smear)_(Q2_y_Bin_10)_(z_pT_Bin_25)_(MultiDim_Q2_y_z_pT_phi_h)_(Normalized)[0m (Histo Num 53832)
Fitting for: [1m(MultiDim_5D_Histo)_(BC_RC_Bayesian)_(SMEAR=Smear)_(Q2_y_Bin_10)_(z_pT_Bin_25)_(MultiDim_Q2_y_z_pT_phi_h)_(Normalized)[0m (Histo Num 53833)
Fitting for: [1m(MultiDim_5D_Histo)_(Bayesian)_(SMEAR=Smear)_(Q2_y_Bin_10)_(z_pT_Bin_26)_(MultiDim_Q2_y_z_pT_phi_h)_(Normalized)[0m (Histo Num 53835)
Fitting for: [1m(MultiDim_5D_Histo)_(RC_Bayesian)_(SMEAR=Smear)_(Q2_y_Bin_10)_(z_pT_Bin_26)_(MultiDim_Q2_y_z_pT_phi_h)_(Normalized)[0m (Histo Num 53836)
Fitting for: [1m(MultiDim_5D_Histo)_(BC_RC_Bayesian)_(SMEAR=Smear)_(Q2_y_Bin_10)_(z_pT_Bin_26)_(MultiDim_Q2_y_z_pT_phi_h)_(Normalized)[0m (Histo Num 53837)
Fitting for: [1m(MultiDim_5D_Histo)_(Bayesian)_(SMEAR=Smear)_(Q2_y_Bin_10)_(z_pT_Bin_27)_(MultiDim_Q2_y_z_pT_phi_h)_(Normalized)[0m (Histo Num 53839)
Fitting for: [1m(MultiDim_5D_Histo)_(RC_Bayesian)_(SMEAR=Smear)_(Q2_y_Bin_10)_(z_pT_Bin_27)_(MultiDim_Q2_y_z_pT_phi_h)_(Normalized)[0m (Histo Num 53840)
Fitting for: [1m(MultiDim_5D_Histo)_(BC_RC_Bayesian)_(SMEAR=Smear)_(Q2_y_Bin_10)_(z_pT_Bin_27)_(MultiDim_Q2_y_z_pT_phi_h)_(Normalized)[0m (Histo Num 53841)
Fitting for: [1m(MultiDim_5D_Histo)_(Bayesian)_(SMEAR=Smear)_(Q2_y_Bin_10)_(z_pT_Bin_28)_(MultiDim_Q2_y_z_pT_phi_h)_(Normalized)[0m (Histo Num 53843)
Fitting for: [1m(MultiDim_5D_Histo)_(RC_Bayesian)_(SMEAR=Smear)_(Q2_y_Bin_10)_(z_pT_Bin_28)_(MultiDim_Q2_y_z_pT_phi_h)_(Normalized)[0m (Histo Num 53844)
Fitting for: [1m(MultiDim_5D_Histo)_(BC_RC_Bayesian)_(SMEAR=Smear)_(Q2_y_Bin_10)_(z_pT_Bin_28)_(MultiDim_Q2_y_z_pT_phi_h)_(Normalized)[0m (Histo Num 53845)
Fitting for: [1m(MultiDim_5D_Histo)_(Bayesian)_(SMEAR=Smear)_(Q2_y_Bin_10)_(z_pT_Bin_29)_(MultiDim_Q2_y_z_pT_phi_h)_(Normalized)[0m (Histo Num 53847)
Fitting for: [1m(MultiDim_5D_Histo)_(RC_Bayesian)_(SMEAR=Smear)_(Q2_y_Bin_10)_(z_pT_Bin_29)_(MultiDim_Q2_y_z_pT_phi_h)_(Normalized)[0m (Histo Num 53848)
Fitting for: [1m(MultiDim_5D_Histo)_(BC_RC_Bayesian)_(SMEAR=Smear)_(Q2_y_Bin_10)_(z_pT_Bin_29)_(MultiDim_Q2_y_z_pT_phi_h)_(Normalized)[0m (Histo Num 53849)
Fitting for: [1m(MultiDim_5D_Histo)_(Bayesian)_(SMEAR=Smear)_(Q2_y_Bin_10)_(z_pT_Bin_31)_(MultiDim_Q2_y_z_pT_phi_h)_(Normalized)[0m (Histo Num 53851)
Fitting for: [1m(MultiDim_5D_Histo)_(RC_Bayesian)_(SMEAR=Smear)_(Q2_y_Bin_10)_(z_pT_Bin_31)_(MultiDim_Q2_y_z_pT_phi_h)_(Normalized)[0m (Histo Num 53852)
Fitting for: [1m(MultiDim_5D_Histo)_(BC_RC_Bayesian)_(SMEAR=Smear)_(Q2_y_Bin_10)_(z_pT_Bin_31)_(MultiDim_Q2_y_z_pT_phi_h)_(Normalized)[0m (Histo Num 53853)
Fitting for: [1m(MultiDim_5D_Histo)_(Bayesian)_(SMEAR=Smear)_(Q2_y_Bin_10)_(z_pT_Bin_32)_(MultiDim_Q2_y_z_pT_phi_h)_(Normalized)[0m (Histo Num 53855)
Fitting for: [1m(MultiDim_5D_Histo)_(RC_Bayesian)_(SMEAR=Smear)_(Q2_y_Bin_10)_(z_pT_Bin_32)_(MultiDim_Q2_y_z_pT_phi_h)_(Normalized)[0m (Histo Num 53856)
Fitting for: [1m(MultiDim_5D_Histo)_(BC_RC_Bayesian)_(SMEAR=Smear)_(Q2_y_Bin_10)_(z_pT_Bin_32)_(MultiDim_Q2_y_z_pT_phi_h)_(Normalized)[0m (Histo Num 53857)
Fitting for: [1m(MultiDim_5D_Histo)_(Bayesian)_(SMEAR=Smear)_(Q2_y_Bin_10)_(z_pT_Bin_33)_(MultiDim_Q2_y_z_pT_phi_h)_(Normalized)[0m (Histo Num 53859)
Fitting for: [1m(MultiDim_5D_Histo)_(RC_Bayesian)_(SMEAR=Smear)_(Q2_y_Bin_10)_(z_pT_Bin_33)_(MultiDim_Q2_y_z_pT_phi_h)_(Normalized)[0m (Histo Num 53860)
Fitting for: [1m(MultiDim_5D_Histo)_(BC_RC_Bayesian)_(SMEAR=Smear)_(Q2_y_Bin_10)_(z_pT_Bin_33)_(MultiDim_Q2_y_z_pT_phi_h)_(Normalized)[0m (Histo Num 53861)
Fitting for: [1m(MultiDim_5D_Histo)_(Bayesian)_(SMEAR=Smear)_(Q2_y_Bin_10)_(z_pT_Bin_34)_(MultiDim_Q2_y_z_pT_phi_h)_(Normalized)[0m (Histo Num 53863)
Fitting for: [1m(MultiDim_5D_Histo)_(RC_Bayesian)_(SMEAR=Smear)_(Q2_y_Bin_10)_(z_pT_Bin_34)_(MultiDim_Q2_y_z_pT_phi_h)_(Normalized)[0m (Histo Num 53864)
Fitting for: [1m(MultiDim_5D_Histo)_(BC_RC_Bayesian)_(SMEAR=Smear)_(Q2_y_Bin_10)_(z_pT_Bin_34)_(MultiDim_Q2_y_z_pT_phi_h)_(Normalized)[0m (Histo Num 53865)
Fitting for: [1m(MultiDim_5D_Histo)_(Bayesian)_(SMEAR=Smear)_(Q2_y_Bin_11)_(z_pT_Bin_1)_(MultiDim_Q2_y_z_pT_phi_h)_(Normalized)[0m (Histo Num 53867)
Fitting for: [1m(MultiDim_5D_Histo)_(RC_Bayesian)_(SMEAR=Smear)_(Q2_y_Bin_11)_(z_pT_Bin_1)_(MultiDim_Q2_y_z_pT_phi_h)_(Normalized)[0m (Histo Num 53868)
Fitting for: [1m(MultiDim_5D_Histo)_(BC_RC_Bayesian)_(SMEAR=Smear)_(Q2_y_Bin_11)_(z_pT_Bin_1)_(MultiDim_Q2_y_z_pT_phi_h)_(Normalized)[0m (Histo Num 53869)
Fitting for: [1m(MultiDim_5D_Histo)_(Bayesian)_(SMEAR=Smear)_(Q2_y_Bin_11)_(z_pT_Bin_2)_(MultiDim_Q2_y_z_pT_phi_h)_(Normalized)[0m (Histo Num 53871)
Fitting for: [1m(MultiDim_5D_Histo)_(RC_Bayesian)_(SMEAR=Smear)_(Q2_y_Bin_11)_(z_pT_Bin_2)_(MultiDim_Q2_y_z_pT_phi_h)_(Normalized)[0m (Histo Num 53872)
Fitting for: [1m(MultiDim_5D_Histo)_(BC_RC_Bayesian)_(SMEAR=Smear)_(Q2_y_Bin_11)_(z_pT_Bin_2)_(MultiDim_Q2_y_z_pT_phi_h)_(Normalized)[0m (Histo Num 53873)
Fitting for: [1m(MultiDim_5D_Histo)_(Bayesian)_(SMEAR=Smear)_(Q2_y_Bin_11)_(z_pT_Bin_3)_(MultiDim_Q2_y_z_pT_phi_h)_(Normalized)[0m (Histo Num 53875)
Fitting for: [1m(MultiDim_5D_Histo)_(RC_Bayesian)_(SMEAR=Smear)_(Q2_y_Bin_11)_(z_pT_Bin_3)_(MultiDim_Q2_y_z_pT_phi_h)_(Normalized)[0m (Histo Num 53876)
Fitting for: [1m(MultiDim_5D_Histo)_(BC_RC_Bayesian)_(SMEAR=Smear)_(Q2_y_Bin_11)_(z_pT_Bin_3)_(MultiDim_Q2_y_z_pT_phi_h)_(Normalized)[0m (Histo Num 53877)
Fitting for: [1m(MultiDim_5D_Histo)_(Bayesian)_(SMEAR=Smear)_(Q2_y_Bin_11)_(z_pT_Bin_4)_(MultiDim_Q2_y_z_pT_phi_h)_(Normalized)[0m (Histo Num 53879)
Fitting for: [1m(MultiDim_5D_Histo)_(RC_Bayesian)_(SMEAR=Smear)_(Q2_y_Bin_11)_(z_pT_Bin_4)_(MultiDim_Q2_y_z_pT_phi_h)_(Normalized)[0m (Histo Num 53880)
Fitting for: [1m(MultiDim_5D_Histo)_(BC_RC_Bayesian)_(SMEAR=Smear)_(Q2_y_Bin_11)_(z_pT_Bin_4)_(MultiDim_Q2_y_z_pT_phi_h)_(Normalized)[0m (Histo Num 53881)
Fitting for: [1m(MultiDim_5D_Histo)_(Bayesian)_(SMEAR=Smear)_(Q2_y_Bin_11)_(z_pT_Bin_6)_(MultiDim_Q2_y_z_pT_phi_h)_(Normalized)[0m (Histo Num 53883)
Fitting for: [1m(MultiDim_5D_Histo)_(RC_Bayesian)_(SMEAR=Smear)_(Q2_y_Bin_11)_(z_pT_Bin_6)_(MultiDim_Q2_y_z_pT_phi_h)_(Normalized)[0m (Histo Num 53884)
Fitting for: [1m(MultiDim_5D_Histo)_(BC_RC_Bayesian)_(SMEAR=Smear)_(Q2_y_Bin_11)_(z_pT_Bin_6)_(MultiDim_Q2_y_z_pT_phi_h)_(Normalized)[0m (Histo Num 53885)
Fitting for: [1m(MultiDim_5D_Histo)_(Bayesian)_(SMEAR=Smear)_(Q2_y_Bin_11)_(z_pT_Bin_7)_(MultiDim_Q2_y_z_pT_phi_h)_(Normalized)[0m (Histo Num 53887)
Fitting for: [1m(MultiDim_5D_Histo)_(RC_Bayesian)_(SMEAR=Smear)_(Q2_y_Bin_11)_(z_pT_Bin_7)_(MultiDim_Q2_y_z_pT_phi_h)_(Normalized)[0m (Histo Num 53888)
Fitting for: [1m(MultiDim_5D_Histo)_(BC_RC_Bayesian)_(SMEAR=Smear)_(Q2_y_Bin_11)_(z_pT_Bin_7)_(MultiDim_Q2_y_z_pT_phi_h)_(Normalized)[0m (Histo Num 53889)
Fitting for: [1m(MultiDim_5D_Histo)_(Bayesian)_(SMEAR=Smear)_(Q2_y_Bin_11)_(z_pT_Bin_8)_(MultiDim_Q2_y_z_pT_phi_h)_(Normalized)[0m (Histo Num 53891)
Fitting for: [1m(MultiDim_5D_Histo)_(RC_Bayesian)_(SMEAR=Smear)_(Q2_y_Bin_11)_(z_pT_Bin_8)_(MultiDim_Q2_y_z_pT_phi_h)_(Normalized)[0m (Histo Num 53892)
Fitting for: [1m(MultiDim_5D_Histo)_(BC_RC_Bayesian)_(SMEAR=Smear)_(Q2_y_Bin_11)_(z_pT_Bin_8)_(MultiDim_Q2_y_z_pT_phi_h)_(Normalized)[0m (Histo Num 53893)
Fitting for: [1m(MultiDim_5D_Histo)_(Bayesian)_(SMEAR=Smear)_(Q2_y_Bin_11)_(z_pT_Bin_9)_(MultiDim_Q2_y_z_pT_phi_h)_(Normalized)[0m (Histo Num 53895)
Fitting for: [1m(MultiDim_5D_Histo)_(RC_Bayesian)_(SMEAR=Smear)_(Q2_y_Bin_11)_(z_pT_Bin_9)_(MultiDim_Q2_y_z_pT_phi_h)_(Normalized)[0m (Histo Num 53896)
Fitting for: [1m(MultiDim_5D_Histo)_(BC_RC_Bayesian)_(SMEAR=Smear)_(Q2_y_Bin_11)_(z_pT_Bin_9)_(MultiDim_Q2_y_z_pT_phi_h)_(Normalized)[0m (Histo Num 53897)
Fitting for: [1m(MultiDim_5D_Histo)_(Bayesian)_(SMEAR=Smear)_(Q2_y_Bin_11)_(z_pT_Bin_10)_(MultiDim_Q2_y_z_pT_phi_h)_(Normalized)[0m (Histo Num 53899)
Fitting for: [1m(MultiDim_5D_Histo)_(RC_Bayesian)_(SMEAR=Smear)_(Q2_y_Bin_11)_(z_pT_Bin_10)_(MultiDim_Q2_y_z_pT_phi_h)_(Normalized)[0m (Histo Num 53900)
Fitting for: [1m(MultiDim_5D_Histo)_(BC_RC_Bayesian)_(SMEAR=Smear)_(Q2_y_Bin_11)_(z_pT_Bin_10)_(MultiDim_Q2_y_z_pT_phi_h)_(Normalized)[0m (Histo Num 53901)
Fitting for: [1m(MultiDim_5D_Histo)_(Bayesian)_(SMEAR=Smear)_(Q2_y_Bin_11)_(z_pT_Bin_11)_(MultiDim_Q2_y_z_pT_phi_h)_(Normalized)[0m (Histo Num 53903)
Fitting for: [1m(MultiDim_5D_Histo)_(RC_Bayesian)_(SMEAR=Smear)_(Q2_y_Bin_11)_(z_pT_Bin_11)_(MultiDim_Q2_y_z_pT_phi_h)_(Normalized)[0m (Histo Num 53904)
Fitting for: [1m(MultiDim_5D_Histo)_(BC_RC_Bayesian)_(SMEAR=Smear)_(Q2_y_Bin_11)_(z_pT_Bin_11)_(MultiDim_Q2_y_z_pT_phi_h)_(Normalized)[0m (Histo Num 53905)
Fitting for: [1m(MultiDim_5D_Histo)_(Bayesian)_(SMEAR=Smear)_(Q2_y_Bin_11)_(z_pT_Bin_12)_(MultiDim_Q2_y_z_pT_phi_h)_(Normalized)[0m (Histo Num 53907)
Fitting for: [1m(MultiDim_5D_Histo)_(RC_Bayesian)_(SMEAR=Smear)_(Q2_y_Bin_11)_(z_pT_Bin_12)_(MultiDim_Q2_y_z_pT_phi_h)_(Normalized)[0m (Histo Num 53908)
Fitting for: [1m(MultiDim_5D_Histo)_(BC_RC_Bayesian)_(SMEAR=Smear)_(Q2_y_Bin_11)_(z_pT_Bin_12)_(MultiDim_Q2_y_z_pT_phi_h)_(Normalized)[0m (Histo Num 53909)
Fitting for: [1m(MultiDim_5D_Histo)_(Bayesian)_(SMEAR=Smear)_(Q2_y_Bin_11)_(z_pT_Bin_13)_(MultiDim_Q2_y_z_pT_phi_h)_(Normalized)[0m (Histo Num 53911)
Fitting for: [1m(MultiDim_5D_Histo)_(RC_Bayesian)_(SMEAR=Smear)_(Q2_y_Bin_11)_(z_pT_Bin_13)_(MultiDim_Q2_y_z_pT_phi_h)_(Normalized)[0m (Histo Num 53912)
Fitting for: [1m(MultiDim_5D_Histo)_(BC_RC_Bayesian)_(SMEAR=Smear)_(Q2_y_Bin_11)_(z_pT_Bin_13)_(MultiDim_Q2_y_z_pT_phi_h)_(Normalized)[0m (Histo Num 53913)
Fitting for: [1m(MultiDim_5D_Histo)_(Bayesian)_(SMEAR=Smear)_(Q2_y_Bin_11)_(z_pT_Bin_14)_(MultiDim_Q2_y_z_pT_phi_h)_(Normalized)[0m (Histo Num 53915)
Fitting for: [1m(MultiDim_5D_Histo)_(RC_Bayesian)_(SMEAR=Smear)_(Q2_y_Bin_11)_(z_pT_Bin_14)_(MultiDim_Q2_y_z_pT_phi_h)_(Normalized)[0m (Histo Num 53916)
Fitting for: [1m(MultiDim_5D_Histo)_(BC_RC_Bayesian)_(SMEAR=Smear)_(Q2_y_Bin_11)_(z_pT_Bin_14)_(MultiDim_Q2_y_z_pT_phi_h)_(Normalized)[0m (Histo Num 53917)
Fitting for: [1m(MultiDim_5D_Histo)_(Bayesian)_(SMEAR=Smear)_(Q2_y_Bin_11)_(z_pT_Bin_15)_(MultiDim_Q2_y_z_pT_phi_h)_(Normalized)[0m (Histo Num 53919)
Fitting for: [1m(MultiDim_5D_Histo)_(RC_Bayesian)_(SMEAR=Smear)_(Q2_y_Bin_11)_(z_pT_Bin_15)_(MultiDim_Q2_y_z_pT_phi_h)_(Normalized)[0m (Histo Num 53920)
Fitting for: [1m(MultiDim_5D_Histo)_(BC_RC_Bayesian)_(SMEAR=Smear)_(Q2_y_Bin_11)_(z_pT_Bin_15)_(MultiDim_Q2_y_z_pT_phi_h)_(Normalized)[0m (Histo Num 53921)
Fitting for: [1m(MultiDim_5D_Histo)_(Bayesian)_(SMEAR=Smear)_(Q2_y_Bin_11)_(z_pT_Bin_16)_(MultiDim_Q2_y_z_pT_phi_h)_(Normalized)[0m (Histo Num 53923)
Fitting for: [1m(MultiDim_5D_Histo)_(RC_Bayesian)_(SMEAR=Smear)_(Q2_y_Bin_11)_(z_pT_Bin_16)_(MultiDim_Q2_y_z_pT_phi_h)_(Normalized)[0m (Histo Num 53924)
Fitting for: [1m(MultiDim_5D_Histo)_(BC_RC_Bayesian)_(SMEAR=Smear)_(Q2_y_Bin_11)_(z_pT_Bin_16)_(MultiDim_Q2_y_z_pT_phi_h)_(Normalized)[0m (Histo Num 53925)
Fitting for: [1m(MultiDim_5D_Histo)_(Bayesian)_(SMEAR=Smear)_(Q2_y_Bin_11)_(z_pT_Bin_17)_(MultiDim_Q2_y_z_pT_phi_h)_(Normalized)[0m (Histo Num 53927)
Fitting for: [1m(MultiDim_5D_Histo)_(RC_Bayesian)_(SMEAR=Smear)_(Q2_y_Bin_11)_(z_pT_Bin_17)_(MultiDim_Q2_y_z_pT_phi_h)_(Normalized)[0m (Histo Num 53928)
Fitting for: [1m(MultiDim_5D_Histo)_(BC_RC_Bayesian)_(SMEAR=Smear)_(Q2_y_Bin_11)_(z_pT_Bin_17)_(MultiDim_Q2_y_z_pT_phi_h)_(Normalized)[0m (Histo Num 53929)
Fitting for: [1m(MultiDim_5D_Histo)_(Bayesian)_(SMEAR=Smear)_(Q2_y_Bin_11)_(z_pT_Bin_18)_(MultiDim_Q2_y_z_pT_phi_h)_(Normalized)[0m (Histo Num 53931)
Fitting for: [1m(MultiDim_5D_Histo)_(RC_Bayesian)_(SMEAR=Smear)_(Q2_y_Bin_11)_(z_pT_Bin_18)_(MultiDim_Q2_y_z_pT_phi_h)_(Normalized)[0m (Histo Num 53932)
Fitting for: [1m(MultiDim_5D_Histo)_(BC_RC_Bayesian)_(SMEAR=Smear)_(Q2_y_Bin_11)_(z_pT_Bin_18)_(MultiDim_Q2_y_z_pT_phi_h)_(Normalized)[0m (Histo Num 53933)
Fitting for: [1m(MultiDim_5D_Histo)_(Bayesian)_(SMEAR=Smear)_(Q2_y_Bin_11)_(z_pT_Bin_19)_(MultiDim_Q2_y_z_pT_phi_h)_(Normalized)[0m (Histo Num 53935)
Fitting for: [1m(MultiDim_5D_Histo)_(RC_Bayesian)_(SMEAR=Smear)_(Q2_y_Bin_11)_(z_pT_Bin_19)_(MultiDim_Q2_y_z_pT_phi_h)_(Normalized)[0m (Histo Num 53936)
Fitting for: [1m(MultiDim_5D_Histo)_(BC_RC_Bayesian)_(SMEAR=Smear)_(Q2_y_Bin_11)_(z_pT_Bin_19)_(MultiDim_Q2_y_z_pT_phi_h)_(Normalized)[0m (Histo Num 53937)
Fitting for: [1m(MultiDim_5D_Histo)_(Bayesian)_(SMEAR=Smear)_(Q2_y_Bin_11)_(z_pT_Bin_20)_(MultiDim_Q2_y_z_pT_phi_h)_(Normalized)[0m (Histo Num 53939)
Fitting for: [1m(MultiDim_5D_Histo)_(RC_Bayesian)_(SMEAR=Smear)_(Q2_y_Bin_11)_(z_pT_Bin_20)_(MultiDim_Q2_y_z_pT_phi_h)_(Normalized)[0m (Histo Num 53940)
Fitting for: [1m(MultiDim_5D_Histo)_(BC_RC_Bayesian)_(SMEAR=Smear)_(Q2_y_Bin_11)_(z_pT_Bin_20)_(MultiDim_Q2_y_z_pT_phi_h)_(Normalized)[0m (Histo Num 53941)
Fitting for: [1m(MultiDim_5D_Histo)_(Bayesian)_(SMEAR=Smear)_(Q2_y_Bin_11)_(z_pT_Bin_21)_(MultiDim_Q2_y_z_pT_phi_h)_(Normalized)[0m (Histo Num 53943)
Fitting for: [1m(MultiDim_5D_Histo)_(RC_Bayesian)_(SMEAR=Smear)_(Q2_y_Bin_11)_(z_pT_Bin_21)_(MultiDim_Q2_y_z_pT_phi_h)_(Normalized)[0m (Histo Num 53944)
Fitting for: [1m(MultiDim_5D_Histo)_(BC_RC_Bayesian)_(SMEAR=Smear)_(Q2_y_Bin_11)_(z_pT_Bin_21)_(MultiDim_Q2_y_z_pT_phi_h)_(Normalized)[0m (Histo Num 53945)
Fitting for: [1m(MultiDim_5D_Histo)_(Bayesian)_(SMEAR=Smear)_(Q2_y_Bin_11)_(z_pT_Bin_22)_(MultiDim_Q2_y_z_pT_phi_h)_(Normalized)[0m (Histo Num 53947)
Fitting for: [1m(MultiDim_5D_Histo)_(RC_Bayesian)_(SMEAR=Smear)_(Q2_y_Bin_11)_(z_pT_Bin_22)_(MultiDim_Q2_y_z_pT_phi_h)_(Normalized)[0m (Histo Num 53948)
Fitting for: [1m(MultiDim_5D_Histo)_(BC_RC_Bayesian)_(SMEAR=Smear)_(Q2_y_Bin_11)_(z_pT_Bin_22)_(MultiDim_Q2_y_z_pT_phi_h)_(Normalized)[0m (Histo Num 53949)
Fitting for: [1m(MultiDim_5D_Histo)_(Bayesian)_(SMEAR=Smear)_(Q2_y_Bin_11)_(z_pT_Bin_23)_(MultiDim_Q2_y_z_pT_phi_h)_(Normalized)[0m (Histo Num 53951)
Fitting for: [1m(MultiDim_5D_Histo)_(RC_Bayesian)_(SMEAR=Smear)_(Q2_y_Bin_11)_(z_pT_Bin_23)_(MultiDim_Q2_y_z_pT_phi_h)_(Normalized)[0m (Histo Num 53952)
Fitting for: [1m(MultiDim_5D_Histo)_(BC_RC_Bayesian)_(SMEAR=Smear)_(Q2_y_Bin_11)_(z_pT_Bin_23)_(MultiDim_Q2_y_z_pT_phi_h)_(Normalized)[0m (Histo Num 53953)
Fitting for: [1m(MultiDim_5D_Histo)_(Bayesian)_(SMEAR=Smear)_(Q2_y_Bin_11)_(z_pT_Bin_24)_(MultiDim_Q2_y_z_pT_phi_h)_(Normalized)[0m (Histo Num 53955)
Fitting for: [1m(MultiDim_5D_Histo)_(RC_Bayesian)_(SMEAR=Smear)_(Q2_y_Bin_11)_(z_pT_Bin_24)_(MultiDim_Q2_y_z_pT_phi_h)_(Normalized)[0m (Histo Num 53956)
Fitting for: [1m(MultiDim_5D_Histo)_(BC_RC_Bayesian)_(SMEAR=Smear)_(Q2_y_Bin_11)_(z_pT_Bin_24)_(MultiDim_Q2_y_z_pT_phi_h)_(Normalized)[0m (Histo Num 53957)
Fitting for: [1m(MultiDim_5D_Histo)_(Bayesian)_(SMEAR=Smear)_(Q2_y_Bin_12)_(z_pT_Bin_6)_(MultiDim_Q2_y_z_pT_phi_h)_(Normalized)[0m (Histo Num 53959)
Fitting for: [1m(MultiDim_5D_Histo)_(RC_Bayesian)_(SMEAR=Smear)_(Q2_y_Bin_12)_(z_pT_Bin_6)_(MultiDim_Q2_y_z_pT_phi_h)_(Normalized)[0m (Histo Num 53960)
Fitting for: [1m(MultiDim_5D_Histo)_(BC_RC_Bayesian)_(SMEAR=Smear)_(Q2_y_Bin_12)_(z_pT_Bin_6)_(MultiDim_Q2_y_z_pT_phi_h)_(Normalized)[0m (Histo Num 53961)
Fitting for: [1m(MultiDim_5D_Histo)_(Bayesian)_(SMEAR=Smear)_(Q2_y_Bin_12)_(z_pT_Bin_7)_(MultiDim_Q2_y_z_pT_phi_h)_(Normalized)[0m (Histo Num 53963)
Fitting for: [1m(MultiDim_5D_Histo)_(RC_Bayesian)_(SMEAR=Smear)_(Q2_y_Bin_12)_(z_pT_Bin_7)_(MultiDim_Q2_y_z_pT_phi_h)_(Normalized)[0m (Histo Num 53964)
Fitting for: [1m(MultiDim_5D_Histo)_(BC_RC_Bayesian)_(SMEAR=Smear)_(Q2_y_Bin_12)_(z_pT_Bin_7)_(MultiDim_Q2_y_z_pT_phi_h)_(Normalized)[0m (Histo Num 53965)
Fitting for: [1m(MultiDim_5D_Histo)_(Bayesian)_(SMEAR=Smear)_(Q2_y_Bin_12)_(z_pT_Bin_8)_(MultiDim_Q2_y_z_pT_phi_h)_(Normalized)[0m (Histo Num 53967)
Fitting for: [1m(MultiDim_5D_Histo)_(RC_Bayesian)_(SMEAR=Smear)_(Q2_y_Bin_12)_(z_pT_Bin_8)_(MultiDim_Q2_y_z_pT_phi_h)_(Normalized)[0m (Histo Num 53968)
Fitting for: [1m(MultiDim_5D_Histo)_(BC_RC_Bayesian)_(SMEAR=Smear)_(Q2_y_Bin_12)_(z_pT_Bin_8)_(MultiDim_Q2_y_z_pT_phi_h)_(Normalized)[0m (Histo Num 53969)
Fitting for: [1m(MultiDim_5D_Histo)_(Bayesian)_(SMEAR=Smear)_(Q2_y_Bin_12)_(z_pT_Bin_9)_(MultiDim_Q2_y_z_pT_phi_h)_(Normalized)[0m (Histo Num 53971)
Fitting for: [1m(MultiDim_5D_Histo)_(RC_Bayesian)_(SMEAR=Smear)_(Q2_y_Bin_12)_(z_pT_Bin_9)_(MultiDim_Q2_y_z_pT_phi_h)_(Normalized)[0m (Histo Num 53972)
Fitting for: [1m(MultiDim_5D_Histo)_(BC_RC_Bayesian)_(SMEAR=Smear)_(Q2_y_Bin_12)_(z_pT_Bin_9)_(MultiDim_Q2_y_z_pT_phi_h)_(Normalized)[0m (Histo Num 53973)
Fitting for: [1m(MultiDim_5D_Histo)_(Bayesian)_(SMEAR=Smear)_(Q2_y_Bin_12)_(z_pT_Bin_10)_(MultiDim_Q2_y_z_pT_phi_h)_(Normalized)[0m (Histo Num 53975)
Fitting for: [1m(MultiDim_5D_Histo)_(RC_Bayesian)_(SMEAR=Smear)_(Q2_y_Bin_12)_(z_pT_Bin_10)_(MultiDim_Q2_y_z_pT_phi_h)_(Normalized)[0m (Histo Num 53976)
Fitting for: [1m(MultiDim_5D_Histo)_(BC_RC_Bayesian)_(SMEAR=Smear)_(Q2_y_Bin_12)_(z_pT_Bin_10)_(MultiDim_Q2_y_z_pT_phi_h)_(Normalized)[0m (Histo Num 53977)
Fitting for: [1m(MultiDim_5D_Histo)_(Bayesian)_(SMEAR=Smear)_(Q2_y_Bin_12)_(z_pT_Bin_11)_(MultiDim_Q2_y_z_pT_phi_h)_(Normalized)[0m (Histo Num 53979)
Fitting for: [1m(MultiDim_5D_Histo)_(RC_Bayesian)_(SMEAR=Smear)_(Q2_y_Bin_12)_(z_pT_Bin_11)_(MultiDim_Q2_y_z_pT_phi_h)_(Normalized)[0m (Histo Num 53980)
Fitting for: [1m(MultiDim_5D_Histo)_(BC_RC_Bayesian)_(SMEAR=Smear)_(Q2_y_Bin_12)_(z_pT_Bin_11)_(MultiDim_Q2_y_z_pT_phi_h)_(Normalized)[0m (Histo Num 53981)
Fitting for: [1m(MultiDim_5D_Histo)_(Bayesian)_(SMEAR=Smear)_(Q2_y_Bin_12)_(z_pT_Bin_12)_(MultiDim_Q2_y_z_pT_phi_h)_(Normalized)[0m (Histo Num 53983)
Fitting for: [1m(MultiDim_5D_Histo)_(RC_Bayesian)_(SMEAR=Smear)_(Q2_y_Bin_12)_(z_pT_Bin_12)_(MultiDim_Q2_y_z_pT_phi_h)_(Normalized)[0m (Histo Num 53984)
Fitting for: [1m(MultiDim_5D_Histo)_(BC_RC_Bayesian)_(SMEAR=Smear)_(Q2_y_Bin_12)_(z_pT_Bin_12)_(MultiDim_Q2_y_z_pT_phi_h)_(Normalized)[0m (Histo Num 53985)
Fitting for: [1m(MultiDim_5D_Histo)_(Bayesian)_(SMEAR=Smear)_(Q2_y_Bin_12)_(z_pT_Bin_13)_(MultiDim_Q2_y_z_pT_phi_h)_(Normalized)[0m (Histo Num 53987)
Fitting for: [1m(MultiDim_5D_Histo)_(RC_Bayesian)_(SMEAR=Smear)_(Q2_y_Bin_12)_(z_pT_Bin_13)_(MultiDim_Q2_y_z_pT_phi_h)_(Normalized)[0m (Histo Num 53988)
Fitting for: [1m(MultiDim_5D_Histo)_(BC_RC_Bayesian)_(SMEAR=Smear)_(Q2_y_Bin_12)_(z_pT_Bin_13)_(MultiDim_Q2_y_z_pT_phi_h)_(Normalized)[0m (Histo Num 53989)
Fitting for: [1m(MultiDim_5D_Histo)_(Bayesian)_(SMEAR=Smear)_(Q2_y_Bin_12)_(z_pT_Bin_14)_(MultiDim_Q2_y_z_pT_phi_h)_(Normalized)[0m (Histo Num 53991)
Fitting for: [1m(MultiDim_5D_Histo)_(RC_Bayesian)_(SMEAR=Smear)_(Q2_y_Bin_12)_(z_pT_Bin_14)_(MultiDim_Q2_y_z_pT_phi_h)_(Normalized)[0m (Histo Num 53992)
Fitting for: [1m(MultiDim_5D_Histo)_(BC_RC_Bayesian)_(SMEAR=Smear)_(Q2_y_Bin_12)_(z_pT_Bin_14)_(MultiDim_Q2_y_z_pT_phi_h)_(Normalized)[0m (Histo Num 53993)
Fitting for: [1m(MultiDim_5D_Histo)_(Bayesian)_(SMEAR=Smear)_(Q2_y_Bin_12)_(z_pT_Bin_15)_(MultiDim_Q2_y_z_pT_phi_h)_(Normalized)[0m (Histo Num 53995)
Fitting for: [1m(MultiDim_5D_Histo)_(RC_Bayesian)_(SMEAR=Smear)_(Q2_y_Bin_12)_(z_pT_Bin_15)_(MultiDim_Q2_y_z_pT_phi_h)_(Normalized)[0m (Histo Num 53996)
Fitting for: [1m(MultiDim_5D_Histo)_(BC_RC_Bayesian)_(SMEAR=Smear)_(Q2_y_Bin_12)_(z_pT_Bin_15)_(MultiDim_Q2_y_z_pT_phi_h)_(Normalized)[0m (Histo Num 53997)
Fitting for: [1m(MultiDim_5D_Histo)_(Bayesian)_(SMEAR=Smear)_(Q2_y_Bin_12)_(z_pT_Bin_16)_(MultiDim_Q2_y_z_pT_phi_h)_(Normalized)[0m (Histo Num 53999)
Fitting for: [1m(MultiDim_5D_Histo)_(RC_Bayesian)_(SMEAR=Smear)_(Q2_y_Bin_12)_(z_pT_Bin_16)_(MultiDim_Q2_y_z_pT_phi_h)_(Normalized)[0m (Histo Num 54000)
Fitting for: [1m(MultiDim_5D_Histo)_(BC_RC_Bayesian)_(SMEAR=Smear)_(Q2_y_Bin_12)_(z_pT_Bin_16)_(MultiDim_Q2_y_z_pT_phi_h)_(Normalized)[0m (Histo Num 54001)
Fitting for: [1m(MultiDim_5D_Histo)_(Bayesian)_(SMEAR=Smear)_(Q2_y_Bin_12)_(z_pT_Bin_17)_(MultiDim_Q2_y_z_pT_phi_h)_(Normalized)[0m (Histo Num 54003)
Fitting for: [1m(MultiDim_5D_Histo)_(RC_Bayesian)_(SMEAR=Smear)_(Q2_y_Bin_12)_(z_pT_Bin_17)_(MultiDim_Q2_y_z_pT_phi_h)_(Normalized)[0m (Histo Num 54004)
Fitting for: [1m(MultiDim_5D_Histo)_(BC_RC_Bayesian)_(SMEAR=Smear)_(Q2_y_Bin_12)_(z_pT_Bin_17)_(MultiDim_Q2_y_z_pT_phi_h)_(Normalized)[0m (Histo Num 54005)
Fitting for: [1m(MultiDim_5D_Histo)_(Bayesian)_(SMEAR=Smear)_(Q2_y_Bin_12)_(z_pT_Bin_18)_(MultiDim_Q2_y_z_pT_phi_h)_(Normalized)[0m (Histo Num 54007)
Fitting for: [1m(MultiDim_5D_Histo)_(RC_Bayesian)_(SMEAR=Smear)_(Q2_y_Bin_12)_(z_pT_Bin_18)_(MultiDim_Q2_y_z_pT_phi_h)_(Normalized)[0m (Histo Num 54008)
Fitting for: [1m(MultiDim_5D_Histo)_(BC_RC_Bayesian)_(SMEAR=Smear)_(Q2_y_Bin_12)_(z_pT_Bin_18)_(MultiDim_Q2_y_z_pT_phi_h)_(Normalized)[0m (Histo Num 54009)
Fitting for: [1m(MultiDim_5D_Histo)_(Bayesian)_(SMEAR=Smear)_(Q2_y_Bin_12)_(z_pT_Bin_19)_(MultiDim_Q2_y_z_pT_phi_h)_(Normalized)[0m (Histo Num 54011)
Fitting for: [1m(MultiDim_5D_Histo)_(RC_Bayesian)_(SMEAR=Smear)_(Q2_y_Bin_12)_(z_pT_Bin_19)_(MultiDim_Q2_y_z_pT_phi_h)_(Normalized)[0m (Histo Num 54012)
Fitting for: [1m(MultiDim_5D_Histo)_(BC_RC_Bayesian)_(SMEAR=Smear)_(Q2_y_Bin_12)_(z_pT_Bin_19)_(MultiDim_Q2_y_z_pT_phi_h)_(Normalized)[0m (Histo Num 54013)
Fitting for: [1m(MultiDim_5D_Histo)_(Bayesian)_(SMEAR=Smear)_(Q2_y_Bin_12)_(z_pT_Bin_20)_(MultiDim_Q2_y_z_pT_phi_h)_(Normalized)[0m (Histo Num 54015)
Fitting for: [1m(MultiDim_5D_Histo)_(RC_Bayesian)_(SMEAR=Smear)_(Q2_y_Bin_12)_(z_pT_Bin_20)_(MultiDim_Q2_y_z_pT_phi_h)_(Normalized)[0m (Histo Num 54016)
Fitting for: [1m(MultiDim_5D_Histo)_(BC_RC_Bayesian)_(SMEAR=Smear)_(Q2_y_Bin_12)_(z_pT_Bin_20)_(MultiDim_Q2_y_z_pT_phi_h)_(Normalized)[0m (Histo Num 54017)
Fitting for: [1m(MultiDim_5D_Histo)_(Bayesian)_(SMEAR=Smear)_(Q2_y_Bin_12)_(z_pT_Bin_21)_(MultiDim_Q2_y_z_pT_phi_h)_(Normalized)[0m (Histo Num 54019)
Fitting for: [1m(MultiDim_5D_Histo)_(RC_Bayesian)_(SMEAR=Smear)_(Q2_y_Bin_12)_(z_pT_Bin_21)_(MultiDim_Q2_y_z_pT_phi_h)_(Normalized)[0m (Histo Num 54020)
Fitting for: [1m(MultiDim_5D_Histo)_(BC_RC_Bayesian)_(SMEAR=Smear)_(Q2_y_Bin_12)_(z_pT_Bin_21)_(MultiDim_Q2_y_z_pT_phi_h)_(Normalized)[0m (Histo Num 54021)
Fitting for: [1m(MultiDim_5D_Histo)_(Bayesian)_(SMEAR=Smear)_(Q2_y_Bin_12)_(z_pT_Bin_22)_(MultiDim_Q2_y_z_pT_phi_h)_(Normalized)[0m (Histo Num 54023)
Fitting for: [1m(MultiDim_5D_Histo)_(RC_Bayesian)_(SMEAR=Smear)_(Q2_y_Bin_12)_(z_pT_Bin_22)_(MultiDim_Q2_y_z_pT_phi_h)_(Normalized)[0m (Histo Num 54024)
Fitting for: [1m(MultiDim_5D_Histo)_(BC_RC_Bayesian)_(SMEAR=Smear)_(Q2_y_Bin_12)_(z_pT_Bin_22)_(MultiDim_Q2_y_z_pT_phi_h)_(Normalized)[0m (Histo Num 54025)
Fitting for: [1m(MultiDim_5D_Histo)_(Bayesian)_(SMEAR=Smear)_(Q2_y_Bin_12)_(z_pT_Bin_23)_(MultiDim_Q2_y_z_pT_phi_h)_(Normalized)[0m (Histo Num 54027)
Fitting for: [1m(MultiDim_5D_Histo)_(RC_Bayesian)_(SMEAR=Smear)_(Q2_y_Bin_12)_(z_pT_Bin_23)_(MultiDim_Q2_y_z_pT_phi_h)_(Normalized)[0m (Histo Num 54028)
Fitting for: [1m(MultiDim_5D_Histo)_(BC_RC_Bayesian)_(SMEAR=Smear)_(Q2_y_Bin_12)_(z_pT_Bin_23)_(MultiDim_Q2_y_z_pT_phi_h)_(Normalized)[0m (Histo Num 54029)
Fitting for: [1m(MultiDim_5D_Histo)_(Bayesian)_(SMEAR=Smear)_(Q2_y_Bin_12)_(z_pT_Bin_24)_(MultiDim_Q2_y_z_pT_phi_h)_(Normalized)[0m (Histo Num 54031)
Fitting for: [1m(MultiDim_5D_Histo)_(RC_Bayesian)_(SMEAR=Smear)_(Q2_y_Bin_12)_(z_pT_Bin_24)_(MultiDim_Q2_y_z_pT_phi_h)_(Normalized)[0m (Histo Num 54032)
Fitting for: [1m(MultiDim_5D_Histo)_(BC_RC_Bayesian)_(SMEAR=Smear)_(Q2_y_Bin_12)_(z_pT_Bin_24)_(MultiDim_Q2_y_z_pT_phi_h)_(Normalized)[0m (Histo Num 54033)
Fitting for: [1m(MultiDim_5D_Histo)_(Bayesian)_(SMEAR=Smear)_(Q2_y_Bin_13)_(z_pT_Bin_1)_(MultiDim_Q2_y_z_pT_phi_h)_(Normalized)[0m (Histo Num 54035)
Fitting for: [1m(MultiDim_5D_Histo)_(RC_Bayesian)_(SMEAR=Smear)_(Q2_y_Bin_13)_(z_pT_Bin_1)_(MultiDim_Q2_y_z_pT_phi_h)_(Normalized)[0m (Histo Num 54036)
Fitting for: [1m(MultiDim_5D_Histo)_(BC_RC_Bayesian)_(SMEAR=Smear)_(Q2_y_Bin_13)_(z_pT_Bin_1)_(MultiDim_Q2_y_z_pT_phi_h)_(Normalized)[0m (Histo Num 54037)
Fitting for: [1m(MultiDim_5D_Histo)_(Bayesian)_(SMEAR=Smear)_(Q2_y_Bin_13)_(z_pT_Bin_2)_(MultiDim_Q2_y_z_pT_phi_h)_(Normalized)[0m (Histo Num 54039)
Fitting for: [1m(MultiDim_5D_Histo)_(RC_Bayesian)_(SMEAR=Smear)_(Q2_y_Bin_13)_(z_pT_Bin_2)_(MultiDim_Q2_y_z_pT_phi_h)_(Normalized)[0m (Histo Num 54040)
Fitting for: [1m(MultiDim_5D_Histo)_(BC_RC_Bayesian)_(SMEAR=Smear)_(Q2_y_Bin_13)_(z_pT_Bin_2)_(MultiDim_Q2_y_z_pT_phi_h)_(Normalized)[0m (Histo Num 54041)
Fitting for: [1m(MultiDim_5D_Histo)_(Bayesian)_(SMEAR=Smear)_(Q2_y_Bin_13)_(z_pT_Bin_3)_(MultiDim_Q2_y_z_pT_phi_h)_(Normalized)[0m (Histo Num 54043)
Fitting for: [1m(MultiDim_5D_Histo)_(RC_Bayesian)_(SMEAR=Smear)_(Q2_y_Bin_13)_(z_pT_Bin_3)_(MultiDim_Q2_y_z_pT_phi_h)_(Normalized)[0m (Histo Num 54044)
Fitting for: [1m(MultiDim_5D_Histo)_(BC_RC_Bayesian)_(SMEAR=Smear)_(Q2_y_Bin_13)_(z_pT_Bin_3)_(MultiDim_Q2_y_z_pT_phi_h)_(Normalized)[0m (Histo Num 54045)
Fitting for: [1m(MultiDim_5D_Histo)_(Bayesian)_(SMEAR=Smear)_(Q2_y_Bin_13)_(z_pT_Bin_4)_(MultiDim_Q2_y_z_pT_phi_h)_(Normalized)[0m (Histo Num 54047)
Fitting for: [1m(MultiDim_5D_Histo)_(RC_Bayesian)_(SMEAR=Smear)_(Q2_y_Bin_13)_(z_pT_Bin_4)_(MultiDim_Q2_y_z_pT_phi_h)_(Normalized)[0m (Histo Num 54048)
Fitting for: [1m(MultiDim_5D_Histo)_(BC_RC_Bayesian)_(SMEAR=Smear)_(Q2_y_Bin_13)_(z_pT_Bin_4)_(MultiDim_Q2_y_z_pT_phi_h)_(Normalized)[0m (Histo Num 54049)
Fitting for: [1m(MultiDim_5D_Histo)_(Bayesian)_(SMEAR=Smear)_(Q2_y_Bin_13)_(z_pT_Bin_5)_(MultiDim_Q2_y_z_pT_phi_h)_(Normalized)[0m (Histo Num 54051)
Fitting for: [1m(MultiDim_5D_Histo)_(RC_Bayesian)_(SMEAR=Smear)_(Q2_y_Bin_13)_(z_pT_Bin_5)_(MultiDim_Q2_y_z_pT_phi_h)_(Normalized)[0m (Histo Num 54052)
Fitting for: [1m(MultiDim_5D_Histo)_(BC_RC_Bayesian)_(SMEAR=Smear)_(Q2_y_Bin_13)_(z_pT_Bin_5)_(MultiDim_Q2_y_z_pT_phi_h)_(Normalized)[0m (Histo Num 54053)
Fitting for: [1m(MultiDim_5D_Histo)_(Bayesian)_(SMEAR=Smear)_(Q2_y_Bin_13)_(z_pT_Bin_6)_(MultiDim_Q2_y_z_pT_phi_h)_(Normalized)[0m (Histo Num 54055)
Fitting for: [1m(MultiDim_5D_Histo)_(RC_Bayesian)_(SMEAR=Smear)_(Q2_y_Bin_13)_(z_pT_Bin_6)_(MultiDim_Q2_y_z_pT_phi_h)_(Normalized)[0m (Histo Num 54056)
Fitting for: [1m(MultiDim_5D_Histo)_(BC_RC_Bayesian)_(SMEAR=Smear)_(Q2_y_Bin_13)_(z_pT_Bin_6)_(MultiDim_Q2_y_z_pT_phi_h)_(Normalized)[0m (Histo Num 54057)
Fitting for: [1m(MultiDim_5D_Histo)_(Bayesian)_(SMEAR=Smear)_(Q2_y_Bin_13)_(z_pT_Bin_7)_(MultiDim_Q2_y_z_pT_phi_h)_(Normalized)[0m (Histo Num 54059)
Fitting for: [1m(MultiDim_5D_Histo)_(RC_Bayesian)_(SMEAR=Smear)_(Q2_y_Bin_13)_(z_pT_Bin_7)_(MultiDim_Q2_y_z_pT_phi_h)_(Normalized)[0m (Histo Num 54060)
Fitting for: [1m(MultiDim_5D_Histo)_(BC_RC_Bayesian)_(SMEAR=Smear)_(Q2_y_Bin_13)_(z_pT_Bin_7)_(MultiDim_Q2_y_z_pT_phi_h)_(Normalized)[0m (Histo Num 54061)
Fitting for: [1m(MultiDim_5D_Histo)_(Bayesian)_(SMEAR=Smear)_(Q2_y_Bin_13)_(z_pT_Bin_8)_(MultiDim_Q2_y_z_pT_phi_h)_(Normalized)[0m (Histo Num 54063)
Fitting for: [1m(MultiDim_5D_Histo)_(RC_Bayesian)_(SMEAR=Smear)_(Q2_y_Bin_13)_(z_pT_Bin_8)_(MultiDim_Q2_y_z_pT_phi_h)_(Normalized)[0m (Histo Num 54064)
Fitting for: [1m(MultiDim_5D_Histo)_(BC_RC_Bayesian)_(SMEAR=Smear)_(Q2_y_Bin_13)_(z_pT_Bin_8)_(MultiDim_Q2_y_z_pT_phi_h)_(Normalized)[0m (Histo Num 54065)
Fitting for: [1m(MultiDim_5D_Histo)_(Bayesian)_(SMEAR=Smear)_(Q2_y_Bin_13)_(z_pT_Bin_9)_(MultiDim_Q2_y_z_pT_phi_h)_(Normalized)[0m (Histo Num 54067)
Fitting for: [1m(MultiDim_5D_Histo)_(RC_Bayesian)_(SMEAR=Smear)_(Q2_y_Bin_13)_(z_pT_Bin_9)_(MultiDim_Q2_y_z_pT_phi_h)_(Normalized)[0m (Histo Num 54068)
Fitting for: [1m(MultiDim_5D_Histo)_(BC_RC_Bayesian)_(SMEAR=Smear)_(Q2_y_Bin_13)_(z_pT_Bin_9)_(MultiDim_Q2_y_z_pT_phi_h)_(Normalized)[0m (Histo Num 54069)
Fitting for: [1m(MultiDim_5D_Histo)_(Bayesian)_(SMEAR=Smear)_(Q2_y_Bin_13)_(z_pT_Bin_10)_(MultiDim_Q2_y_z_pT_phi_h)_(Normalized)[0m (Histo Num 54071)
Fitting for: [1m(MultiDim_5D_Histo)_(RC_Bayesian)_(SMEAR=Smear)_(Q2_y_Bin_13)_(z_pT_Bin_10)_(MultiDim_Q2_y_z_pT_phi_h)_(Normalized)[0m (Histo Num 54072)
Fitting for: [1m(MultiDim_5D_Histo)_(BC_RC_Bayesian)_(SMEAR=Smear)_(Q2_y_Bin_13)_(z_pT_Bin_10)_(MultiDim_Q2_y_z_pT_phi_h)_(Normalized)[0m (Histo Num 54073)
Fitting for: [1m(MultiDim_5D_Histo)_(Bayesian)_(SMEAR=Smear)_(Q2_y_Bin_13)_(z_pT_Bin_11)_(MultiDim_Q2_y_z_pT_phi_h)_(Normalized)[0m (Histo Num 54075)
Fitting for: [1m(MultiDim_5D_Histo)_(RC_Bayesian)_(SMEAR=Smear)_(Q2_y_Bin_13)_(z_pT_Bin_11)_(MultiDim_Q2_y_z_pT_phi_h)_(Normalized)[0m (Histo Num 54076)
Fitting for: [1m(MultiDim_5D_Histo)_(BC_RC_Bayesian)_(SMEAR=Smear)_(Q2_y_Bin_13)_(z_pT_Bin_11)_(MultiDim_Q2_y_z_pT_phi_h)_(Normalized)[0m (Histo Num 54077)
Fitting for: [1m(MultiDim_5D_Histo)_(Bayesian)_(SMEAR=Smear)_(Q2_y_Bin_13)_(z_pT_Bin_12)_(MultiDim_Q2_y_z_pT_phi_h)_(Normalized)[0m (Histo Num 54079)
Fitting for: [1m(MultiDim_5D_Histo)_(RC_Bayesian)_(SMEAR=Smear)_(Q2_y_Bin_13)_(z_pT_Bin_12)_(MultiDim_Q2_y_z_pT_phi_h)_(Normalized)[0m (Histo Num 54080)
Fitting for: [1m(MultiDim_5D_Histo)_(BC_RC_Bayesian)_(SMEAR=Smear)_(Q2_y_Bin_13)_(z_pT_Bin_12)_(MultiDim_Q2_y_z_pT_phi_h)_(Normalized)[0m (Histo Num 54081)
Fitting for: [1m(MultiDim_5D_Histo)_(Bayesian)_(SMEAR=Smear)_(Q2_y_Bin_13)_(z_pT_Bin_13)_(MultiDim_Q2_y_z_pT_phi_h)_(Normalized)[0m (Histo Num 54083)
Fitting for: [1m(MultiDim_5D_Histo)_(RC_Bayesian)_(SMEAR=Smear)_(Q2_y_Bin_13)_(z_pT_Bin_13)_(MultiDim_Q2_y_z_pT_phi_h)_(Normalized)[0m (Histo Num 54084)
Fitting for: [1m(MultiDim_5D_Histo)_(BC_RC_Bayesian)_(SMEAR=Smear)_(Q2_y_Bin_13)_(z_pT_Bin_13)_(MultiDim_Q2_y_z_pT_phi_h)_(Normalized)[0m (Histo Num 54085)
Fitting for: [1m(MultiDim_5D_Histo)_(Bayesian)_(SMEAR=Smear)_(Q2_y_Bin_13)_(z_pT_Bin_14)_(MultiDim_Q2_y_z_pT_phi_h)_(Normalized)[0m (Histo Num 54087)
Fitting for: [1m(MultiDim_5D_Histo)_(RC_Bayesian)_(SMEAR=Smear)_(Q2_y_Bin_13)_(z_pT_Bin_14)_(MultiDim_Q2_y_z_pT_phi_h)_(Normalized)[0m (Histo Num 54088)
Fitting for: [1m(MultiDim_5D_Histo)_(BC_RC_Bayesian)_(SMEAR=Smear)_(Q2_y_Bin_13)_(z_pT_Bin_14)_(MultiDim_Q2_y_z_pT_phi_h)_(Normalized)[0m (Histo Num 54089)
Fitting for: [1m(MultiDim_5D_Histo)_(Bayesian)_(SMEAR=Smear)_(Q2_y_Bin_13)_(z_pT_Bin_15)_(MultiDim_Q2_y_z_pT_phi_h)_(Normalized)[0m (Histo Num 54091)
Fitting for: [1m(MultiDim_5D_Histo)_(RC_Bayesian)_(SMEAR=Smear)_(Q2_y_Bin_13)_(z_pT_Bin_15)_(MultiDim_Q2_y_z_pT_phi_h)_(Normalized)[0m (Histo Num 54092)
Fitting for: [1m(MultiDim_5D_Histo)_(BC_RC_Bayesian)_(SMEAR=Smear)_(Q2_y_Bin_13)_(z_pT_Bin_15)_(MultiDim_Q2_y_z_pT_phi_h)_(Normalized)[0m (Histo Num 54093)
Fitting for: [1m(MultiDim_5D_Histo)_(Bayesian)_(SMEAR=Smear)_(Q2_y_Bin_13)_(z_pT_Bin_16)_(MultiDim_Q2_y_z_pT_phi_h)_(Normalized)[0m (Histo Num 54095)
Fitting for: [1m(MultiDim_5D_Histo)_(RC_Bayesian)_(SMEAR=Smear)_(Q2_y_Bin_13)_(z_pT_Bin_16)_(MultiDim_Q2_y_z_pT_phi_h)_(Normalized)[0m (Histo Num 54096)
Fitting for: [1m(MultiDim_5D_Histo)_(BC_RC_Bayesian)_(SMEAR=Smear)_(Q2_y_Bin_13)_(z_pT_Bin_16)_(MultiDim_Q2_y_z_pT_phi_h)_(Normalized)[0m (Histo Num 54097)
Fitting for: [1m(MultiDim_5D_Histo)_(Bayesian)_(SMEAR=Smear)_(Q2_y_Bin_13)_(z_pT_Bin_17)_(MultiDim_Q2_y_z_pT_phi_h)_(Normalized)[0m (Histo Num 54099)
Fitting for: [1m(MultiDim_5D_Histo)_(RC_Bayesian)_(SMEAR=Smear)_(Q2_y_Bin_13)_(z_pT_Bin_17)_(MultiDim_Q2_y_z_pT_phi_h)_(Normalized)[0m (Histo Num 54100)
Fitting for: [1m(MultiDim_5D_Histo)_(BC_RC_Bayesian)_(SMEAR=Smear)_(Q2_y_Bin_13)_(z_pT_Bin_17)_(MultiDim_Q2_y_z_pT_phi_h)_(Normalized)[0m (Histo Num 54101)
Fitting for: [1m(MultiDim_5D_Histo)_(Bayesian)_(SMEAR=Smear)_(Q2_y_Bin_13)_(z_pT_Bin_18)_(MultiDim_Q2_y_z_pT_phi_h)_(Normalized)[0m (Histo Num 54103)
Fitting for: [1m(MultiDim_5D_Histo)_(RC_Bayesian)_(SMEAR=Smear)_(Q2_y_Bin_13)_(z_pT_Bin_18)_(MultiDim_Q2_y_z_pT_phi_h)_(Normalized)[0m (Histo Num 54104)
Fitting for: [1m(MultiDim_5D_Histo)_(BC_RC_Bayesian)_(SMEAR=Smear)_(Q2_y_Bin_13)_(z_pT_Bin_18)_(MultiDim_Q2_y_z_pT_phi_h)_(Normalized)[0m (Histo Num 54105)
Fitting for: [1m(MultiDim_5D_Histo)_(Bayesian)_(SMEAR=Smear)_(Q2_y_Bin_13)_(z_pT_Bin_19)_(MultiDim_Q2_y_z_pT_phi_h)_(Normalized)[0m (Histo Num 54107)
Fitting for: [1m(MultiDim_5D_Histo)_(RC_Bayesian)_(SMEAR=Smear)_(Q2_y_Bin_13)_(z_pT_Bin_19)_(MultiDim_Q2_y_z_pT_phi_h)_(Normalized)[0m (Histo Num 54108)
Fitting for: [1m(MultiDim_5D_Histo)_(BC_RC_Bayesian)_(SMEAR=Smear)_(Q2_y_Bin_13)_(z_pT_Bin_19)_(MultiDim_Q2_y_z_pT_phi_h)_(Normalized)[0m (Histo Num 54109)
Fitting for: [1m(MultiDim_5D_Histo)_(Bayesian)_(SMEAR=Smear)_(Q2_y_Bin_13)_(z_pT_Bin_21)_(MultiDim_Q2_y_z_pT_phi_h)_(Normalized)[0m (Histo Num 54111)
Fitting for: [1m(MultiDim_5D_Histo)_(RC_Bayesian)_(SMEAR=Smear)_(Q2_y_Bin_13)_(z_pT_Bin_21)_(MultiDim_Q2_y_z_pT_phi_h)_(Normalized)[0m (Histo Num 54112)
Fitting for: [1m(MultiDim_5D_Histo)_(BC_RC_Bayesian)_(SMEAR=Smear)_(Q2_y_Bin_13)_(z_pT_Bin_21)_(MultiDim_Q2_y_z_pT_phi_h)_(Normalized)[0m (Histo Num 54113)
Fitting for: [1m(MultiDim_5D_Histo)_(Bayesian)_(SMEAR=Smear)_(Q2_y_Bin_13)_(z_pT_Bin_22)_(MultiDim_Q2_y_z_pT_phi_h)_(Normalized)[0m (Histo Num 54115)
Fitting for: [1m(MultiDim_5D_Histo)_(RC_Bayesian)_(SMEAR=Smear)_(Q2_y_Bin_13)_(z_pT_Bin_22)_(MultiDim_Q2_y_z_pT_phi_h)_(Normalized)[0m (Histo Num 54116)
Fitting for: [1m(MultiDim_5D_Histo)_(BC_RC_Bayesian)_(SMEAR=Smear)_(Q2_y_Bin_13)_(z_pT_Bin_22)_(MultiDim_Q2_y_z_pT_phi_h)_(Normalized)[0m (Histo Num 54117)
Fitting for: [1m(MultiDim_5D_Histo)_(Bayesian)_(SMEAR=Smear)_(Q2_y_Bin_13)_(z_pT_Bin_23)_(MultiDim_Q2_y_z_pT_phi_h)_(Normalized)[0m (Histo Num 54119)
Fitting for: [1m(MultiDim_5D_Histo)_(RC_Bayesian)_(SMEAR=Smear)_(Q2_y_Bin_13)_(z_pT_Bin_23)_(MultiDim_Q2_y_z_pT_phi_h)_(Normalized)[0m (Histo Num 54120)
Fitting for: [1m(MultiDim_5D_Histo)_(BC_RC_Bayesian)_(SMEAR=Smear)_(Q2_y_Bin_13)_(z_pT_Bin_23)_(MultiDim_Q2_y_z_pT_phi_h)_(Normalized)[0m (Histo Num 54121)
Fitting for: [1m(MultiDim_5D_Histo)_(Bayesian)_(SMEAR=Smear)_(Q2_y_Bin_13)_(z_pT_Bin_24)_(MultiDim_Q2_y_z_pT_phi_h)_(Normalized)[0m (Histo Num 54123)
Fitting for: [1m(MultiDim_5D_Histo)_(RC_Bayesian)_(SMEAR=Smear)_(Q2_y_Bin_13)_(z_pT_Bin_24)_(MultiDim_Q2_y_z_pT_phi_h)_(Normalized)[0m (Histo Num 54124)
Fitting for: [1m(MultiDim_5D_Histo)_(BC_RC_Bayesian)_(SMEAR=Smear)_(Q2_y_Bin_13)_(z_pT_Bin_24)_(MultiDim_Q2_y_z_pT_phi_h)_(Normalized)[0m (Histo Num 54125)
Fitting for: [1m(MultiDim_5D_Histo)_(Bayesian)_(SMEAR=Smear)_(Q2_y_Bin_13)_(z_pT_Bin_26)_(MultiDim_Q2_y_z_pT_phi_h)_(Normalized)[0m (Histo Num 54127)
Fitting for: [1m(MultiDim_5D_Histo)_(RC_Bayesian)_(SMEAR=Smear)_(Q2_y_Bin_13)_(z_pT_Bin_26)_(MultiDim_Q2_y_z_pT_phi_h)_(Normalized)[0m (Histo Num 54128)
Fitting for: [1m(MultiDim_5D_Histo)_(BC_RC_Bayesian)_(SMEAR=Smear)_(Q2_y_Bin_13)_(z_pT_Bin_26)_(MultiDim_Q2_y_z_pT_phi_h)_(Normalized)[0m (Histo Num 54129)
Fitting for: [1m(MultiDim_5D_Histo)_(Bayesian)_(SMEAR=Smear)_(Q2_y_Bin_13)_(z_pT_Bin_27)_(MultiDim_Q2_y_z_pT_phi_h)_(Normalized)[0m (Histo Num 54131)
Fitting for: [1m(MultiDim_5D_Histo)_(RC_Bayesian)_(SMEAR=Smear)_(Q2_y_Bin_13)_(z_pT_Bin_27)_(MultiDim_Q2_y_z_pT_phi_h)_(Normalized)[0m (Histo Num 54132)
Fitting for: [1m(MultiDim_5D_Histo)_(BC_RC_Bayesian)_(SMEAR=Smear)_(Q2_y_Bin_13)_(z_pT_Bin_27)_(MultiDim_Q2_y_z_pT_phi_h)_(Normalized)[0m (Histo Num 54133)
Fitting for: [1m(MultiDim_5D_Histo)_(Bayesian)_(SMEAR=Smear)_(Q2_y_Bin_13)_(z_pT_Bin_28)_(MultiDim_Q2_y_z_pT_phi_h)_(Normalized)[0m (Histo Num 54135)
Fitting for: [1m(MultiDim_5D_Histo)_(RC_Bayesian)_(SMEAR=Smear)_(Q2_y_Bin_13)_(z_pT_Bin_28)_(MultiDim_Q2_y_z_pT_phi_h)_(Normalized)[0m (Histo Num 54136)
Fitting for: [1m(MultiDim_5D_Histo)_(BC_RC_Bayesian)_(SMEAR=Smear)_(Q2_y_Bin_13)_(z_pT_Bin_28)_(MultiDim_Q2_y_z_pT_phi_h)_(Normalized)[0m (Histo Num 54137)
Fitting for: [1m(MultiDim_5D_Histo)_(Bayesian)_(SMEAR=Smear)_(Q2_y_Bin_14)_(z_pT_Bin_1)_(MultiDim_Q2_y_z_pT_phi_h)_(Normalized)[0m (Histo Num 54139)
Fitting for: [1m(MultiDim_5D_Histo)_(RC_Bayesian)_(SMEAR=Smear)_(Q2_y_Bin_14)_(z_pT_Bin_1)_(MultiDim_Q2_y_z_pT_phi_h)_(Normalized)[0m (Histo Num 54140)
Fitting for: [1m(MultiDim_5D_Histo)_(BC_RC_Bayesian)_(SMEAR=Smear)_(Q2_y_Bin_14)_(z_pT_Bin_1)_(MultiDim_Q2_y_z_pT_phi_h)_(Normalized)[0m (Histo Num 54141)
Fitting for: [1m(MultiDim_5D_Histo)_(Bayesian)_(SMEAR=Smear)_(Q2_y_Bin_14)_(z_pT_Bin_2)_(MultiDim_Q2_y_z_pT_phi_h)_(Normalized)[0m (Histo Num 54143)
Fitting for: [1m(MultiDim_5D_Histo)_(RC_Bayesian)_(SMEAR=Smear)_(Q2_y_Bin_14)_(z_pT_Bin_2)_(MultiDim_Q2_y_z_pT_phi_h)_(Normalized)[0m (Histo Num 54144)
Fitting for: [1m(MultiDim_5D_Histo)_(BC_RC_Bayesian)_(SMEAR=Smear)_(Q2_y_Bin_14)_(z_pT_Bin_2)_(MultiDim_Q2_y_z_pT_phi_h)_(Normalized)[0m (Histo Num 54145)
Fitting for: [1m(MultiDim_5D_Histo)_(Bayesian)_(SMEAR=Smear)_(Q2_y_Bin_14)_(z_pT_Bin_3)_(MultiDim_Q2_y_z_pT_phi_h)_(Normalized)[0m (Histo Num 54147)
Fitting for: [1m(MultiDim_5D_Histo)_(RC_Bayesian)_(SMEAR=Smear)_(Q2_y_Bin_14)_(z_pT_Bin_3)_(MultiDim_Q2_y_z_pT_phi_h)_(Normalized)[0m (Histo Num 54148)
Fitting for: [1m(MultiDim_5D_Histo)_(BC_RC_Bayesian)_(SMEAR=Smear)_(Q2_y_Bin_14)_(z_pT_Bin_3)_(MultiDim_Q2_y_z_pT_phi_h)_(Normalized)[0m (Histo Num 54149)
Fitting for: [1m(MultiDim_5D_Histo)_(Bayesian)_(SMEAR=Smear)_(Q2_y_Bin_14)_(z_pT_Bin_4)_(MultiDim_Q2_y_z_pT_phi_h)_(Normalized)[0m (Histo Num 54151)
Fitting for: [1m(MultiDim_5D_Histo)_(RC_Bayesian)_(SMEAR=Smear)_(Q2_y_Bin_14)_(z_pT_Bin_4)_(MultiDim_Q2_y_z_pT_phi_h)_(Normalized)[0m (Histo Num 54152)
Fitting for: [1m(MultiDim_5D_Histo)_(BC_RC_Bayesian)_(SMEAR=Smear)_(Q2_y_Bin_14)_(z_pT_Bin_4)_(MultiDim_Q2_y_z_pT_phi_h)_(Normalized)[0m (Histo Num 54153)
Fitting for: [1m(MultiDim_5D_Histo)_(Bayesian)_(SMEAR=Smear)_(Q2_y_Bin_14)_(z_pT_Bin_5)_(MultiDim_Q2_y_z_pT_phi_h)_(Normalized)[0m (Histo Num 54155)
Fitting for: [1m(MultiDim_5D_Histo)_(RC_Bayesian)_(SMEAR=Smear)_(Q2_y_Bin_14)_(z_pT_Bin_5)_(MultiDim_Q2_y_z_pT_phi_h)_(Normalized)[0m (Histo Num 54156)
Fitting for: [1m(MultiDim_5D_Histo)_(BC_RC_Bayesian)_(SMEAR=Smear)_(Q2_y_Bin_14)_(z_pT_Bin_5)_(MultiDim_Q2_y_z_pT_phi_h)_(Normalized)[0m (Histo Num 54157)
Fitting for: [1m(MultiDim_5D_Histo)_(Bayesian)_(SMEAR=Smear)_(Q2_y_Bin_14)_(z_pT_Bin_7)_(MultiDim_Q2_y_z_pT_phi_h)_(Normalized)[0m (Histo Num 54159)
Fitting for: [1m(MultiDim_5D_Histo)_(RC_Bayesian)_(SMEAR=Smear)_(Q2_y_Bin_14)_(z_pT_Bin_7)_(MultiDim_Q2_y_z_pT_phi_h)_(Normalized)[0m (Histo Num 54160)
Fitting for: [1m(MultiDim_5D_Histo)_(BC_RC_Bayesian)_(SMEAR=Smear)_(Q2_y_Bin_14)_(z_pT_Bin_7)_(MultiDim_Q2_y_z_pT_phi_h)_(Normalized)[0m (Histo Num 54161)
Fitting for: [1m(MultiDim_5D_Histo)_(Bayesian)_(SMEAR=Smear)_(Q2_y_Bin_14)_(z_pT_Bin_8)_(MultiDim_Q2_y_z_pT_phi_h)_(Normalized)[0m (Histo Num 54163)
Fitting for: [1m(MultiDim_5D_Histo)_(RC_Bayesian)_(SMEAR=Smear)_(Q2_y_Bin_14)_(z_pT_Bin_8)_(MultiDim_Q2_y_z_pT_phi_h)_(Normalized)[0m (Histo Num 54164)
Fitting for: [1m(MultiDim_5D_Histo)_(BC_RC_Bayesian)_(SMEAR=Smear)_(Q2_y_Bin_14)_(z_pT_Bin_8)_(MultiDim_Q2_y_z_pT_phi_h)_(Normalized)[0m (Histo Num 54165)
Fitting for: [1m(MultiDim_5D_Histo)_(Bayesian)_(SMEAR=Smear)_(Q2_y_Bin_14)_(z_pT_Bin_9)_(MultiDim_Q2_y_z_pT_phi_h)_(Normalized)[0m (Histo Num 54167)
Fitting for: [1m(MultiDim_5D_Histo)_(RC_Bayesian)_(SMEAR=Smear)_(Q2_y_Bin_14)_(z_pT_Bin_9)_(MultiDim_Q2_y_z_pT_phi_h)_(Normalized)[0m (Histo Num 54168)
Fitting for: [1m(MultiDim_5D_Histo)_(BC_RC_Bayesian)_(SMEAR=Smear)_(Q2_y_Bin_14)_(z_pT_Bin_9)_(MultiDim_Q2_y_z_pT_phi_h)_(Normalized)[0m (Histo Num 54169)
Fitting for: [1m(MultiDim_5D_Histo)_(Bayesian)_(SMEAR=Smear)_(Q2_y_Bin_14)_(z_pT_Bin_10)_(MultiDim_Q2_y_z_pT_phi_h)_(Normalized)[0m (Histo Num 54171)
Fitting for: [1m(MultiDim_5D_Histo)_(RC_Bayesian)_(SMEAR=Smear)_(Q2_y_Bin_14)_(z_pT_Bin_10)_(MultiDim_Q2_y_z_pT_phi_h)_(Normalized)[0m (Histo Num 54172)
Fitting for: [1m(MultiDim_5D_Histo)_(BC_RC_Bayesian)_(SMEAR=Smear)_(Q2_y_Bin_14)_(z_pT_Bin_10)_(MultiDim_Q2_y_z_pT_phi_h)_(Normalized)[0m (Histo Num 54173)
Fitting for: [1m(MultiDim_5D_Histo)_(Bayesian)_(SMEAR=Smear)_(Q2_y_Bin_14)_(z_pT_Bin_11)_(MultiDim_Q2_y_z_pT_phi_h)_(Normalized)[0m (Histo Num 54175)
Fitting for: [1m(MultiDim_5D_Histo)_(RC_Bayesian)_(SMEAR=Smear)_(Q2_y_Bin_14)_(z_pT_Bin_11)_(MultiDim_Q2_y_z_pT_phi_h)_(Normalized)[0m (Histo Num 54176)
Fitting for: [1m(MultiDim_5D_Histo)_(BC_RC_Bayesian)_(SMEAR=Smear)_(Q2_y_Bin_14)_(z_pT_Bin_11)_(MultiDim_Q2_y_z_pT_phi_h)_(Normalized)[0m (Histo Num 54177)
Fitting for: [1m(MultiDim_5D_Histo)_(Bayesian)_(SMEAR=Smear)_(Q2_y_Bin_14)_(z_pT_Bin_12)_(MultiDim_Q2_y_z_pT_phi_h)_(Normalized)[0m (Histo Num 54179)
Fitting for: [1m(MultiDim_5D_Histo)_(RC_Bayesian)_(SMEAR=Smear)_(Q2_y_Bin_14)_(z_pT_Bin_12)_(MultiDim_Q2_y_z_pT_phi_h)_(Normalized)[0m (Histo Num 54180)
Fitting for: [1m(MultiDim_5D_Histo)_(BC_RC_Bayesian)_(SMEAR=Smear)_(Q2_y_Bin_14)_(z_pT_Bin_12)_(MultiDim_Q2_y_z_pT_phi_h)_(Normalized)[0m (Histo Num 54181)
Fitting for: [1m(MultiDim_5D_Histo)_(Bayesian)_(SMEAR=Smear)_(Q2_y_Bin_14)_(z_pT_Bin_13)_(MultiDim_Q2_y_z_pT_phi_h)_(Normalized)[0m (Histo Num 54183)
Fitting for: [1m(MultiDim_5D_Histo)_(RC_Bayesian)_(SMEAR=Smear)_(Q2_y_Bin_14)_(z_pT_Bin_13)_(MultiDim_Q2_y_z_pT_phi_h)_(Normalized)[0m (Histo Num 54184)
Fitting for: [1m(MultiDim_5D_Histo)_(BC_RC_Bayesian)_(SMEAR=Smear)_(Q2_y_Bin_14)_(z_pT_Bin_13)_(MultiDim_Q2_y_z_pT_phi_h)_(Normalized)[0m (Histo Num 54185)
Fitting for: [1m(MultiDim_5D_Histo)_(Bayesian)_(SMEAR=Smear)_(Q2_y_Bin_14)_(z_pT_Bin_14)_(MultiDim_Q2_y_z_pT_phi_h)_(Normalized)[0m (Histo Num 54187)
Fitting for: [1m(MultiDim_5D_Histo)_(RC_Bayesian)_(SMEAR=Smear)_(Q2_y_Bin_14)_(z_pT_Bin_14)_(MultiDim_Q2_y_z_pT_phi_h)_(Normalized)[0m (Histo Num 54188)
Fitting for: [1m(MultiDim_5D_Histo)_(BC_RC_Bayesian)_(SMEAR=Smear)_(Q2_y_Bin_14)_(z_pT_Bin_14)_(MultiDim_Q2_y_z_pT_phi_h)_(Normalized)[0m (Histo Num 54189)
Fitting for: [1m(MultiDim_5D_Histo)_(Bayesian)_(SMEAR=Smear)_(Q2_y_Bin_14)_(z_pT_Bin_15)_(MultiDim_Q2_y_z_pT_phi_h)_(Normalized)[0m (Histo Num 54191)
Fitting for: [1m(MultiDim_5D_Histo)_(RC_Bayesian)_(SMEAR=Smear)_(Q2_y_Bin_14)_(z_pT_Bin_15)_(MultiDim_Q2_y_z_pT_phi_h)_(Normalized)[0m (Histo Num 54192)
Fitting for: [1m(MultiDim_5D_Histo)_(BC_RC_Bayesian)_(SMEAR=Smear)_(Q2_y_Bin_14)_(z_pT_Bin_15)_(MultiDim_Q2_y_z_pT_phi_h)_(Normalized)[0m (Histo Num 54193)
Fitting for: [1m(MultiDim_5D_Histo)_(Bayesian)_(SMEAR=Smear)_(Q2_y_Bin_14)_(z_pT_Bin_16)_(MultiDim_Q2_y_z_pT_phi_h)_(Normalized)[0m (Histo Num 54195)
Fitting for: [1m(MultiDim_5D_Histo)_(RC_Bayesian)_(SMEAR=Smear)_(Q2_y_Bin_14)_(z_pT_Bin_16)_(MultiDim_Q2_y_z_pT_phi_h)_(Normalized)[0m (Histo Num 54196)
Fitting for: [1m(MultiDim_5D_Histo)_(BC_RC_Bayesian)_(SMEAR=Smear)_(Q2_y_Bin_14)_(z_pT_Bin_16)_(MultiDim_Q2_y_z_pT_phi_h)_(Normalized)[0m (Histo Num 54197)
Fitting for: [1m(MultiDim_5D_Histo)_(Bayesian)_(SMEAR=Smear)_(Q2_y_Bin_14)_(z_pT_Bin_17)_(MultiDim_Q2_y_z_pT_phi_h)_(Normalized)[0m (Histo Num 54199)
Fitting for: [1m(MultiDim_5D_Histo)_(RC_Bayesian)_(SMEAR=Smear)_(Q2_y_Bin_14)_(z_pT_Bin_17)_(MultiDim_Q2_y_z_pT_phi_h)_(Normalized)[0m (Histo Num 54200)
Fitting for: [1m(MultiDim_5D_Histo)_(BC_RC_Bayesian)_(SMEAR=Smear)_(Q2_y_Bin_14)_(z_pT_Bin_17)_(MultiDim_Q2_y_z_pT_phi_h)_(Normalized)[0m (Histo Num 54201)
Fitting for: [1m(MultiDim_5D_Histo)_(Bayesian)_(SMEAR=Smear)_(Q2_y_Bin_14)_(z_pT_Bin_18)_(MultiDim_Q2_y_z_pT_phi_h)_(Normalized)[0m (Histo Num 54203)
Fitting for: [1m(MultiDim_5D_Histo)_(RC_Bayesian)_(SMEAR=Smear)_(Q2_y_Bin_14)_(z_pT_Bin_18)_(MultiDim_Q2_y_z_pT_phi_h)_(Normalized)[0m (Histo Num 54204)
Fitting for: [1m(MultiDim_5D_Histo)_(BC_RC_Bayesian)_(SMEAR=Smear)_(Q2_y_Bin_14)_(z_pT_Bin_18)_(MultiDim_Q2_y_z_pT_phi_h)_(Normalized)[0m (Histo Num 54205)
Fitting for: [1m(MultiDim_5D_Histo)_(Bayesian)_(SMEAR=Smear)_(Q2_y_Bin_14)_(z_pT_Bin_19)_(MultiDim_Q2_y_z_pT_phi_h)_(Normalized)[0m (Histo Num 54207)
Fitting for: [1m(MultiDim_5D_Histo)_(RC_Bayesian)_(SMEAR=Smear)_(Q2_y_Bin_14)_(z_pT_Bin_19)_(MultiDim_Q2_y_z_pT_phi_h)_(Normalized)[0m (Histo Num 54208)
Fitting for: [1m(MultiDim_5D_Histo)_(BC_RC_Bayesian)_(SMEAR=Smear)_(Q2_y_Bin_14)_(z_pT_Bin_19)_(MultiDim_Q2_y_z_pT_phi_h)_(Normalized)[0m (Histo Num 54209)
Fitting for: [1m(MultiDim_5D_Histo)_(Bayesian)_(SMEAR=Smear)_(Q2_y_Bin_14)_(z_pT_Bin_20)_(MultiDim_Q2_y_z_pT_phi_h)_(Normalized)[0m (Histo Num 54211)
Fitting for: [1m(MultiDim_5D_Histo)_(RC_Bayesian)_(SMEAR=Smear)_(Q2_y_Bin_14)_(z_pT_Bin_20)_(MultiDim_Q2_y_z_pT_phi_h)_(Normalized)[0m (Histo Num 54212)
Fitting for: [1m(MultiDim_5D_Histo)_(BC_RC_Bayesian)_(SMEAR=Smear)_(Q2_y_Bin_14)_(z_pT_Bin_20)_(MultiDim_Q2_y_z_pT_phi_h)_(Normalized)[0m (Histo Num 54213)
Fitting for: [1m(MultiDim_5D_Histo)_(Bayesian)_(SMEAR=Smear)_(Q2_y_Bin_14)_(z_pT_Bin_21)_(MultiDim_Q2_y_z_pT_phi_h)_(Normalized)[0m (Histo Num 54215)
Fitting for: [1m(MultiDim_5D_Histo)_(RC_Bayesian)_(SMEAR=Smear)_(Q2_y_Bin_14)_(z_pT_Bin_21)_(MultiDim_Q2_y_z_pT_phi_h)_(Normalized)[0m (Histo Num 54216)
Fitting for: [1m(MultiDim_5D_Histo)_(BC_RC_Bayesian)_(SMEAR=Smear)_(Q2_y_Bin_14)_(z_pT_Bin_21)_(MultiDim_Q2_y_z_pT_phi_h)_(Normalized)[0m (Histo Num 54217)
Fitting for: [1m(MultiDim_5D_Histo)_(Bayesian)_(SMEAR=Smear)_(Q2_y_Bin_14)_(z_pT_Bin_22)_(MultiDim_Q2_y_z_pT_phi_h)_(Normalized)[0m (Histo Num 54219)
Fitting for: [1m(MultiDim_5D_Histo)_(RC_Bayesian)_(SMEAR=Smear)_(Q2_y_Bin_14)_(z_pT_Bin_22)_(MultiDim_Q2_y_z_pT_phi_h)_(Normalized)[0m (Histo Num 54220)
Fitting for: [1m(MultiDim_5D_Histo)_(BC_RC_Bayesian)_(SMEAR=Smear)_(Q2_y_Bin_14)_(z_pT_Bin_22)_(MultiDim_Q2_y_z_pT_phi_h)_(Normalized)[0m (Histo Num 54221)
Fitting for: [1m(MultiDim_5D_Histo)_(Bayesian)_(SMEAR=Smear)_(Q2_y_Bin_14)_(z_pT_Bin_23)_(MultiDim_Q2_y_z_pT_phi_h)_(Normalized)[0m (Histo Num 54223)
Fitting for: [1m(MultiDim_5D_Histo)_(RC_Bayesian)_(SMEAR=Smear)_(Q2_y_Bin_14)_(z_pT_Bin_23)_(MultiDim_Q2_y_z_pT_phi_h)_(Normalized)[0m (Histo Num 54224)
Fitting for: [1m(MultiDim_5D_Histo)_(BC_RC_Bayesian)_(SMEAR=Smear)_(Q2_y_Bin_14)_(z_pT_Bin_23)_(MultiDim_Q2_y_z_pT_phi_h)_(Normalized)[0m (Histo Num 54225)
Fitting for: [1m(MultiDim_5D_Histo)_(Bayesian)_(SMEAR=Smear)_(Q2_y_Bin_14)_(z_pT_Bin_25)_(MultiDim_Q2_y_z_pT_phi_h)_(Normalized)[0m (Histo Num 54227)
Fitting for: [1m(MultiDim_5D_Histo)_(RC_Bayesian)_(SMEAR=Smear)_(Q2_y_Bin_14)_(z_pT_Bin_25)_(MultiDim_Q2_y_z_pT_phi_h)_(Normalized)[0m (Histo Num 54228)
Fitting for: [1m(MultiDim_5D_Histo)_(BC_RC_Bayesian)_(SMEAR=Smear)_(Q2_y_Bin_14)_(z_pT_Bin_25)_(MultiDim_Q2_y_z_pT_phi_h)_(Normalized)[0m (Histo Num 54229)
Fitting for: [1m(MultiDim_5D_Histo)_(Bayesian)_(SMEAR=Smear)_(Q2_y_Bin_14)_(z_pT_Bin_26)_(MultiDim_Q2_y_z_pT_phi_h)_(Normalized)[0m (Histo Num 54231)
Fitting for: [1m(MultiDim_5D_Histo)_(RC_Bayesian)_(SMEAR=Smear)_(Q2_y_Bin_14)_(z_pT_Bin_26)_(MultiDim_Q2_y_z_pT_phi_h)_(Normalized)[0m (Histo Num 54232)
Fitting for: [1m(MultiDim_5D_Histo)_(BC_RC_Bayesian)_(SMEAR=Smear)_(Q2_y_Bin_14)_(z_pT_Bin_26)_(MultiDim_Q2_y_z_pT_phi_h)_(Normalized)[0m (Histo Num 54233)
Fitting for: [1m(MultiDim_5D_Histo)_(Bayesian)_(SMEAR=Smear)_(Q2_y_Bin_14)_(z_pT_Bin_27)_(MultiDim_Q2_y_z_pT_phi_h)_(Normalized)[0m (Histo Num 54235)
Fitting for: [1m(MultiDim_5D_Histo)_(RC_Bayesian)_(SMEAR=Smear)_(Q2_y_Bin_14)_(z_pT_Bin_27)_(MultiDim_Q2_y_z_pT_phi_h)_(Normalized)[0m (Histo Num 54236)
Fitting for: [1m(MultiDim_5D_Histo)_(BC_RC_Bayesian)_(SMEAR=Smear)_(Q2_y_Bin_14)_(z_pT_Bin_27)_(MultiDim_Q2_y_z_pT_phi_h)_(Normalized)[0m (Histo Num 54237)
Fitting for: [1m(MultiDim_5D_Histo)_(Bayesian)_(SMEAR=Smear)_(Q2_y_Bin_14)_(z_pT_Bin_28)_(MultiDim_Q2_y_z_pT_phi_h)_(Normalized)[0m (Histo Num 54239)
Fitting for: [1m(MultiDim_5D_Histo)_(RC_Bayesian)_(SMEAR=Smear)_(Q2_y_Bin_14)_(z_pT_Bin_28)_(MultiDim_Q2_y_z_pT_phi_h)_(Normalized)[0m (Histo Num 54240)
Fitting for: [1m(MultiDim_5D_Histo)_(BC_RC_Bayesian)_(SMEAR=Smear)_(Q2_y_Bin_14)_(z_pT_Bin_28)_(MultiDim_Q2_y_z_pT_phi_h)_(Normalized)[0m (Histo Num 54241)
Fitting for: [1m(MultiDim_5D_Histo)_(Bayesian)_(SMEAR=Smear)_(Q2_y_Bin_14)_(z_pT_Bin_29)_(MultiDim_Q2_y_z_pT_phi_h)_(Normalized)[0m (Histo Num 54243)
Fitting for: [1m(MultiDim_5D_Histo)_(RC_Bayesian)_(SMEAR=Smear)_(Q2_y_Bin_14)_(z_pT_Bin_29)_(MultiDim_Q2_y_z_pT_phi_h)_(Normalized)[0m (Histo Num 54244)
Fitting for: [1m(MultiDim_5D_Histo)_(BC_RC_Bayesian)_(SMEAR=Smear)_(Q2_y_Bin_14)_(z_pT_Bin_29)_(MultiDim_Q2_y_z_pT_phi_h)_(Normalized)[0m (Histo Num 54245)
Fitting for: [1m(MultiDim_5D_Histo)_(Bayesian)_(SMEAR=Smear)_(Q2_y_Bin_14)_(z_pT_Bin_31)_(MultiDim_Q2_y_z_pT_phi_h)_(Normalized)[0m (Histo Num 54247)
Fitting for: [1m(MultiDim_5D_Histo)_(RC_Bayesian)_(SMEAR=Smear)_(Q2_y_Bin_14)_(z_pT_Bin_31)_(MultiDim_Q2_y_z_pT_phi_h)_(Normalized)[0m (Histo Num 54248)
Fitting for: [1m(MultiDim_5D_Histo)_(BC_RC_Bayesian)_(SMEAR=Smear)_(Q2_y_Bin_14)_(z_pT_Bin_31)_(MultiDim_Q2_y_z_pT_phi_h)_(Normalized)[0m (Histo Num 54249)
Fitting for: [1m(MultiDim_5D_Histo)_(Bayesian)_(SMEAR=Smear)_(Q2_y_Bin_14)_(z_pT_Bin_32)_(MultiDim_Q2_y_z_pT_phi_h)_(Normalized)[0m (Histo Num 54251)
Fitting for: [1m(MultiDim_5D_Histo)_(RC_Bayesian)_(SMEAR=Smear)_(Q2_y_Bin_14)_(z_pT_Bin_32)_(MultiDim_Q2_y_z_pT_phi_h)_(Normalized)[0m (Histo Num 54252)
Fitting for: [1m(MultiDim_5D_Histo)_(BC_RC_Bayesian)_(SMEAR=Smear)_(Q2_y_Bin_14)_(z_pT_Bin_32)_(MultiDim_Q2_y_z_pT_phi_h)_(Normalized)[0m (Histo Num 54253)
Fitting for: [1m(MultiDim_5D_Histo)_(Bayesian)_(SMEAR=Smear)_(Q2_y_Bin_14)_(z_pT_Bin_33)_(MultiDim_Q2_y_z_pT_phi_h)_(Normalized)[0m (Histo Num 54255)
Fitting for: [1m(MultiDim_5D_Histo)_(RC_Bayesian)_(SMEAR=Smear)_(Q2_y_Bin_14)_(z_pT_Bin_33)_(MultiDim_Q2_y_z_pT_phi_h)_(Normalized)[0m (Histo Num 54256)
Fitting for: [1m(MultiDim_5D_Histo)_(BC_RC_Bayesian)_(SMEAR=Smear)_(Q2_y_Bin_14)_(z_pT_Bin_33)_(MultiDim_Q2_y_z_pT_phi_h)_(Normalized)[0m (Histo Num 54257)
Fitting for: [1m(MultiDim_5D_Histo)_(Bayesian)_(SMEAR=Smear)_(Q2_y_Bin_14)_(z_pT_Bin_34)_(MultiDim_Q2_y_z_pT_phi_h)_(Normalized)[0m (Histo Num 54259)
Fitting for: [1m(MultiDim_5D_Histo)_(RC_Bayesian)_(SMEAR=Smear)_(Q2_y_Bin_14)_(z_pT_Bin_34)_(MultiDim_Q2_y_z_pT_phi_h)_(Normalized)[0m (Histo Num 54260)
Fitting for: [1m(MultiDim_5D_Histo)_(BC_RC_Bayesian)_(SMEAR=Smear)_(Q2_y_Bin_14)_(z_pT_Bin_34)_(MultiDim_Q2_y_z_pT_phi_h)_(Normalized)[0m (Histo Num 54261)
Fitting for: [1m(MultiDim_5D_Histo)_(Bayesian)_(SMEAR=Smear)_(Q2_y_Bin_15)_(z_pT_Bin_1)_(MultiDim_Q2_y_z_pT_phi_h)_(Normalized)[0m (Histo Num 54263)
Fitting for: [1m(MultiDim_5D_Histo)_(RC_Bayesian)_(SMEAR=Smear)_(Q2_y_Bin_15)_(z_pT_Bin_1)_(MultiDim_Q2_y_z_pT_phi_h)_(Normalized)[0m (Histo Num 54264)
Fitting for: [1m(MultiDim_5D_Histo)_(BC_RC_Bayesian)_(SMEAR=Smear)_(Q2_y_Bin_15)_(z_pT_Bin_1)_(MultiDim_Q2_y_z_pT_phi_h)_(Normalized)[0m (Histo Num 54265)
Fitting for: [1m(MultiDim_5D_Histo)_(Bayesian)_(SMEAR=Smear)_(Q2_y_Bin_15)_(z_pT_Bin_2)_(MultiDim_Q2_y_z_pT_phi_h)_(Normalized)[0m (Histo Num 54267)
Fitting for: [1m(MultiDim_5D_Histo)_(RC_Bayesian)_(SMEAR=Smear)_(Q2_y_Bin_15)_(z_pT_Bin_2)_(MultiDim_Q2_y_z_pT_phi_h)_(Normalized)[0m (Histo Num 54268)
Fitting for: [1m(MultiDim_5D_Histo)_(BC_RC_Bayesian)_(SMEAR=Smear)_(Q2_y_Bin_15)_(z_pT_Bin_2)_(MultiDim_Q2_y_z_pT_phi_h)_(Normalized)[0m (Histo Num 54269)
Fitting for: [1m(MultiDim_5D_Histo)_(Bayesian)_(SMEAR=Smear)_(Q2_y_Bin_15)_(z_pT_Bin_3)_(MultiDim_Q2_y_z_pT_phi_h)_(Normalized)[0m (Histo Num 54271)
Fitting for: [1m(MultiDim_5D_Histo)_(RC_Bayesian)_(SMEAR=Smear)_(Q2_y_Bin_15)_(z_pT_Bin_3)_(MultiDim_Q2_y_z_pT_phi_h)_(Normalized)[0m (Histo Num 54272)
Fitting for: [1m(MultiDim_5D_Histo)_(BC_RC_Bayesian)_(SMEAR=Smear)_(Q2_y_Bin_15)_(z_pT_Bin_3)_(MultiDim_Q2_y_z_pT_phi_h)_(Normalized)[0m (Histo Num 54273)
Fitting for: [1m(MultiDim_5D_Histo)_(Bayesian)_(SMEAR=Smear)_(Q2_y_Bin_15)_(z_pT_Bin_4)_(MultiDim_Q2_y_z_pT_phi_h)_(Normalized)[0m (Histo Num 54275)
Fitting for: [1m(MultiDim_5D_Histo)_(RC_Bayesian)_(SMEAR=Smear)_(Q2_y_Bin_15)_(z_pT_Bin_4)_(MultiDim_Q2_y_z_pT_phi_h)_(Normalized)[0m (Histo Num 54276)
Fitting for: [1m(MultiDim_5D_Histo)_(BC_RC_Bayesian)_(SMEAR=Smear)_(Q2_y_Bin_15)_(z_pT_Bin_4)_(MultiDim_Q2_y_z_pT_phi_h)_(Normalized)[0m (Histo Num 54277)
Fitting for: [1m(MultiDim_5D_Histo)_(Bayesian)_(SMEAR=Smear)_(Q2_y_Bin_15)_(z_pT_Bin_6)_(MultiDim_Q2_y_z_pT_phi_h)_(Normalized)[0m (Histo Num 54279)
Fitting for: [1m(MultiDim_5D_Histo)_(RC_Bayesian)_(SMEAR=Smear)_(Q2_y_Bin_15)_(z_pT_Bin_6)_(MultiDim_Q2_y_z_pT_phi_h)_(Normalized)[0m (Histo Num 54280)
Fitting for: [1m(MultiDim_5D_Histo)_(BC_RC_Bayesian)_(SMEAR=Smear)_(Q2_y_Bin_15)_(z_pT_Bin_6)_(MultiDim_Q2_y_z_pT_phi_h)_(Normalized)[0m (Histo Num 54281)
Fitting for: [1m(MultiDim_5D_Histo)_(Bayesian)_(SMEAR=Smear)_(Q2_y_Bin_15)_(z_pT_Bin_7)_(MultiDim_Q2_y_z_pT_phi_h)_(Normalized)[0m (Histo Num 54283)
Fitting for: [1m(MultiDim_5D_Histo)_(RC_Bayesian)_(SMEAR=Smear)_(Q2_y_Bin_15)_(z_pT_Bin_7)_(MultiDim_Q2_y_z_pT_phi_h)_(Normalized)[0m (Histo Num 54284)
Fitting for: [1m(MultiDim_5D_Histo)_(BC_RC_Bayesian)_(SMEAR=Smear)_(Q2_y_Bin_15)_(z_pT_Bin_7)_(MultiDim_Q2_y_z_pT_phi_h)_(Normalized)[0m (Histo Num 54285)
Fitting for: [1m(MultiDim_5D_Histo)_(Bayesian)_(SMEAR=Smear)_(Q2_y_Bin_15)_(z_pT_Bin_8)_(MultiDim_Q2_y_z_pT_phi_h)_(Normalized)[0m (Histo Num 54287)
Fitting for: [1m(MultiDim_5D_Histo)_(RC_Bayesian)_(SMEAR=Smear)_(Q2_y_Bin_15)_(z_pT_Bin_8)_(MultiDim_Q2_y_z_pT_phi_h)_(Normalized)[0m (Histo Num 54288)
Fitting for: [1m(MultiDim_5D_Histo)_(BC_RC_Bayesian)_(SMEAR=Smear)_(Q2_y_Bin_15)_(z_pT_Bin_8)_(MultiDim_Q2_y_z_pT_phi_h)_(Normalized)[0m (Histo Num 54289)
Fitting for: [1m(MultiDim_5D_Histo)_(Bayesian)_(SMEAR=Smear)_(Q2_y_Bin_15)_(z_pT_Bin_9)_(MultiDim_Q2_y_z_pT_phi_h)_(Normalized)[0m (Histo Num 54291)
Fitting for: [1m(MultiDim_5D_Histo)_(RC_Bayesian)_(SMEAR=Smear)_(Q2_y_Bin_15)_(z_pT_Bin_9)_(MultiDim_Q2_y_z_pT_phi_h)_(Normalized)[0m (Histo Num 54292)
Fitting for: [1m(MultiDim_5D_Histo)_(BC_RC_Bayesian)_(SMEAR=Smear)_(Q2_y_Bin_15)_(z_pT_Bin_9)_(MultiDim_Q2_y_z_pT_phi_h)_(Normalized)[0m (Histo Num 54293)
Fitting for: [1m(MultiDim_5D_Histo)_(Bayesian)_(SMEAR=Smear)_(Q2_y_Bin_15)_(z_pT_Bin_10)_(MultiDim_Q2_y_z_pT_phi_h)_(Normalized)[0m (Histo Num 54295)
Fitting for: [1m(MultiDim_5D_Histo)_(RC_Bayesian)_(SMEAR=Smear)_(Q2_y_Bin_15)_(z_pT_Bin_10)_(MultiDim_Q2_y_z_pT_phi_h)_(Normalized)[0m (Histo Num 54296)
Fitting for: [1m(MultiDim_5D_Histo)_(BC_RC_Bayesian)_(SMEAR=Smear)_(Q2_y_Bin_15)_(z_pT_Bin_10)_(MultiDim_Q2_y_z_pT_phi_h)_(Normalized)[0m (Histo Num 54297)
Fitting for: [1m(MultiDim_5D_Histo)_(Bayesian)_(SMEAR=Smear)_(Q2_y_Bin_15)_(z_pT_Bin_11)_(MultiDim_Q2_y_z_pT_phi_h)_(Normalized)[0m (Histo Num 54299)
Fitting for: [1m(MultiDim_5D_Histo)_(RC_Bayesian)_(SMEAR=Smear)_(Q2_y_Bin_15)_(z_pT_Bin_11)_(MultiDim_Q2_y_z_pT_phi_h)_(Normalized)[0m (Histo Num 54300)
Fitting for: [1m(MultiDim_5D_Histo)_(BC_RC_Bayesian)_(SMEAR=Smear)_(Q2_y_Bin_15)_(z_pT_Bin_11)_(MultiDim_Q2_y_z_pT_phi_h)_(Normalized)[0m (Histo Num 54301)
Fitting for: [1m(MultiDim_5D_Histo)_(Bayesian)_(SMEAR=Smear)_(Q2_y_Bin_15)_(z_pT_Bin_12)_(MultiDim_Q2_y_z_pT_phi_h)_(Normalized)[0m (Histo Num 54303)
Fitting for: [1m(MultiDim_5D_Histo)_(RC_Bayesian)_(SMEAR=Smear)_(Q2_y_Bin_15)_(z_pT_Bin_12)_(MultiDim_Q2_y_z_pT_phi_h)_(Normalized)[0m (Histo Num 54304)
Fitting for: [1m(MultiDim_5D_Histo)_(BC_RC_Bayesian)_(SMEAR=Smear)_(Q2_y_Bin_15)_(z_pT_Bin_12)_(MultiDim_Q2_y_z_pT_phi_h)_(Normalized)[0m (Histo Num 54305)
Fitting for: [1m(MultiDim_5D_Histo)_(Bayesian)_(SMEAR=Smear)_(Q2_y_Bin_15)_(z_pT_Bin_13)_(MultiDim_Q2_y_z_pT_phi_h)_(Normalized)[0m (Histo Num 54307)
Fitting for: [1m(MultiDim_5D_Histo)_(RC_Bayesian)_(SMEAR=Smear)_(Q2_y_Bin_15)_(z_pT_Bin_13)_(MultiDim_Q2_y_z_pT_phi_h)_(Normalized)[0m (Histo Num 54308)
Fitting for: [1m(MultiDim_5D_Histo)_(BC_RC_Bayesian)_(SMEAR=Smear)_(Q2_y_Bin_15)_(z_pT_Bin_13)_(MultiDim_Q2_y_z_pT_phi_h)_(Normalized)[0m (Histo Num 54309)
Fitting for: [1m(MultiDim_5D_Histo)_(Bayesian)_(SMEAR=Smear)_(Q2_y_Bin_15)_(z_pT_Bin_14)_(MultiDim_Q2_y_z_pT_phi_h)_(Normalized)[0m (Histo Num 54311)
Fitting for: [1m(MultiDim_5D_Histo)_(RC_Bayesian)_(SMEAR=Smear)_(Q2_y_Bin_15)_(z_pT_Bin_14)_(MultiDim_Q2_y_z_pT_phi_h)_(Normalized)[0m (Histo Num 54312)
Fitting for: [1m(MultiDim_5D_Histo)_(BC_RC_Bayesian)_(SMEAR=Smear)_(Q2_y_Bin_15)_(z_pT_Bin_14)_(MultiDim_Q2_y_z_pT_phi_h)_(Normalized)[0m (Histo Num 54313)
Fitting for: [1m(MultiDim_5D_Histo)_(Bayesian)_(SMEAR=Smear)_(Q2_y_Bin_15)_(z_pT_Bin_15)_(MultiDim_Q2_y_z_pT_phi_h)_(Normalized)[0m (Histo Num 54315)
Fitting for: [1m(MultiDim_5D_Histo)_(RC_Bayesian)_(SMEAR=Smear)_(Q2_y_Bin_15)_(z_pT_Bin_15)_(MultiDim_Q2_y_z_pT_phi_h)_(Normalized)[0m (Histo Num 54316)
Fitting for: [1m(MultiDim_5D_Histo)_(BC_RC_Bayesian)_(SMEAR=Smear)_(Q2_y_Bin_15)_(z_pT_Bin_15)_(MultiDim_Q2_y_z_pT_phi_h)_(Normalized)[0m (Histo Num 54317)
Fitting for: [1m(MultiDim_5D_Histo)_(Bayesian)_(SMEAR=Smear)_(Q2_y_Bin_15)_(z_pT_Bin_16)_(MultiDim_Q2_y_z_pT_phi_h)_(Normalized)[0m (Histo Num 54319)
Fitting for: [1m(MultiDim_5D_Histo)_(RC_Bayesian)_(SMEAR=Smear)_(Q2_y_Bin_15)_(z_pT_Bin_16)_(MultiDim_Q2_y_z_pT_phi_h)_(Normalized)[0m (Histo Num 54320)
Fitting for: [1m(MultiDim_5D_Histo)_(BC_RC_Bayesian)_(SMEAR=Smear)_(Q2_y_Bin_15)_(z_pT_Bin_16)_(MultiDim_Q2_y_z_pT_phi_h)_(Normalized)[0m (Histo Num 54321)
Fitting for: [1m(MultiDim_5D_Histo)_(Bayesian)_(SMEAR=Smear)_(Q2_y_Bin_15)_(z_pT_Bin_17)_(MultiDim_Q2_y_z_pT_phi_h)_(Normalized)[0m (Histo Num 54323)
Fitting for: [1m(MultiDim_5D_Histo)_(RC_Bayesian)_(SMEAR=Smear)_(Q2_y_Bin_15)_(z_pT_Bin_17)_(MultiDim_Q2_y_z_pT_phi_h)_(Normalized)[0m (Histo Num 54324)
Fitting for: [1m(MultiDim_5D_Histo)_(BC_RC_Bayesian)_(SMEAR=Smear)_(Q2_y_Bin_15)_(z_pT_Bin_17)_(MultiDim_Q2_y_z_pT_phi_h)_(Normalized)[0m (Histo Num 54325)
Fitting for: [1m(MultiDim_5D_Histo)_(Bayesian)_(SMEAR=Smear)_(Q2_y_Bin_15)_(z_pT_Bin_18)_(MultiDim_Q2_y_z_pT_phi_h)_(Normalized)[0m (Histo Num 54327)
Fitting for: [1m(MultiDim_5D_Histo)_(RC_Bayesian)_(SMEAR=Smear)_(Q2_y_Bin_15)_(z_pT_Bin_18)_(MultiDim_Q2_y_z_pT_phi_h)_(Normalized)[0m (Histo Num 54328)
Fitting for: [1m(MultiDim_5D_Histo)_(BC_RC_Bayesian)_(SMEAR=Smear)_(Q2_y_Bin_15)_(z_pT_Bin_18)_(MultiDim_Q2_y_z_pT_phi_h)_(Normalized)[0m (Histo Num 54329)
Fitting for: [1m(MultiDim_5D_Histo)_(Bayesian)_(SMEAR=Smear)_(Q2_y_Bin_15)_(z_pT_Bin_19)_(MultiDim_Q2_y_z_pT_phi_h)_(Normalized)[0m (Histo Num 54331)
Fitting for: [1m(MultiDim_5D_Histo)_(RC_Bayesian)_(SMEAR=Smear)_(Q2_y_Bin_15)_(z_pT_Bin_19)_(MultiDim_Q2_y_z_pT_phi_h)_(Normalized)[0m (Histo Num 54332)
Fitting for: [1m(MultiDim_5D_Histo)_(BC_RC_Bayesian)_(SMEAR=Smear)_(Q2_y_Bin_15)_(z_pT_Bin_19)_(MultiDim_Q2_y_z_pT_phi_h)_(Normalized)[0m (Histo Num 54333)
Fitting for: [1m(MultiDim_5D_Histo)_(Bayesian)_(SMEAR=Smear)_(Q2_y_Bin_15)_(z_pT_Bin_21)_(MultiDim_Q2_y_z_pT_phi_h)_(Normalized)[0m (Histo Num 54335)
Fitting for: [1m(MultiDim_5D_Histo)_(RC_Bayesian)_(SMEAR=Smear)_(Q2_y_Bin_15)_(z_pT_Bin_21)_(MultiDim_Q2_y_z_pT_phi_h)_(Normalized)[0m (Histo Num 54336)
Fitting for: [1m(MultiDim_5D_Histo)_(BC_RC_Bayesian)_(SMEAR=Smear)_(Q2_y_Bin_15)_(z_pT_Bin_21)_(MultiDim_Q2_y_z_pT_phi_h)_(Normalized)[0m (Histo Num 54337)
Fitting for: [1m(MultiDim_5D_Histo)_(Bayesian)_(SMEAR=Smear)_(Q2_y_Bin_15)_(z_pT_Bin_22)_(MultiDim_Q2_y_z_pT_phi_h)_(Normalized)[0m (Histo Num 54339)
Fitting for: [1m(MultiDim_5D_Histo)_(RC_Bayesian)_(SMEAR=Smear)_(Q2_y_Bin_15)_(z_pT_Bin_22)_(MultiDim_Q2_y_z_pT_phi_h)_(Normalized)[0m (Histo Num 54340)
Fitting for: [1m(MultiDim_5D_Histo)_(BC_RC_Bayesian)_(SMEAR=Smear)_(Q2_y_Bin_15)_(z_pT_Bin_22)_(MultiDim_Q2_y_z_pT_phi_h)_(Normalized)[0m (Histo Num 54341)
Fitting for: [1m(MultiDim_5D_Histo)_(Bayesian)_(SMEAR=Smear)_(Q2_y_Bin_15)_(z_pT_Bin_23)_(MultiDim_Q2_y_z_pT_phi_h)_(Normalized)[0m (Histo Num 54343)
Fitting for: [1m(MultiDim_5D_Histo)_(RC_Bayesian)_(SMEAR=Smear)_(Q2_y_Bin_15)_(z_pT_Bin_23)_(MultiDim_Q2_y_z_pT_phi_h)_(Normalized)[0m (Histo Num 54344)
Fitting for: [1m(MultiDim_5D_Histo)_(BC_RC_Bayesian)_(SMEAR=Smear)_(Q2_y_Bin_15)_(z_pT_Bin_23)_(MultiDim_Q2_y_z_pT_phi_h)_(Normalized)[0m (Histo Num 54345)
Fitting for: [1m(MultiDim_5D_Histo)_(Bayesian)_(SMEAR=Smear)_(Q2_y_Bin_15)_(z_pT_Bin_24)_(MultiDim_Q2_y_z_pT_phi_h)_(Normalized)[0m (Histo Num 54347)
Fitting for: [1m(MultiDim_5D_Histo)_(RC_Bayesian)_(SMEAR=Smear)_(Q2_y_Bin_15)_(z_pT_Bin_24)_(MultiDim_Q2_y_z_pT_phi_h)_(Normalized)[0m (Histo Num 54348)
Fitting for: [1m(MultiDim_5D_Histo)_(BC_RC_Bayesian)_(SMEAR=Smear)_(Q2_y_Bin_15)_(z_pT_Bin_24)_(MultiDim_Q2_y_z_pT_phi_h)_(Normalized)[0m (Histo Num 54349)
Fitting for: [1m(MultiDim_5D_Histo)_(Bayesian)_(SMEAR=Smear)_(Q2_y_Bin_16)_(z_pT_Bin_1)_(MultiDim_Q2_y_z_pT_phi_h)_(Normalized)[0m (Histo Num 54351)
Fitting for: [1m(MultiDim_5D_Histo)_(RC_Bayesian)_(SMEAR=Smear)_(Q2_y_Bin_16)_(z_pT_Bin_1)_(MultiDim_Q2_y_z_pT_phi_h)_(Normalized)[0m (Histo Num 54352)
Fitting for: [1m(MultiDim_5D_Histo)_(BC_RC_Bayesian)_(SMEAR=Smear)_(Q2_y_Bin_16)_(z_pT_Bin_1)_(MultiDim_Q2_y_z_pT_phi_h)_(Normalized)[0m (Histo Num 54353)
Fitting for: [1m(MultiDim_5D_Histo)_(Bayesian)_(SMEAR=Smear)_(Q2_y_Bin_16)_(z_pT_Bin_2)_(MultiDim_Q2_y_z_pT_phi_h)_(Normalized)[0m (Histo Num 54355)
Fitting for: [1m(MultiDim_5D_Histo)_(RC_Bayesian)_(SMEAR=Smear)_(Q2_y_Bin_16)_(z_pT_Bin_2)_(MultiDim_Q2_y_z_pT_phi_h)_(Normalized)[0m (Histo Num 54356)
Fitting for: [1m(MultiDim_5D_Histo)_(BC_RC_Bayesian)_(SMEAR=Smear)_(Q2_y_Bin_16)_(z_pT_Bin_2)_(MultiDim_Q2_y_z_pT_phi_h)_(Normalized)[0m (Histo Num 54357)
Fitting for: [1m(MultiDim_5D_Histo)_(Bayesian)_(SMEAR=Smear)_(Q2_y_Bin_16)_(z_pT_Bin_3)_(MultiDim_Q2_y_z_pT_phi_h)_(Normalized)[0m (Histo Num 54359)
Fitting for: [1m(MultiDim_5D_Histo)_(RC_Bayesian)_(SMEAR=Smear)_(Q2_y_Bin_16)_(z_pT_Bin_3)_(MultiDim_Q2_y_z_pT_phi_h)_(Normalized)[0m (Histo Num 54360)
Fitting for: [1m(MultiDim_5D_Histo)_(BC_RC_Bayesian)_(SMEAR=Smear)_(Q2_y_Bin_16)_(z_pT_Bin_3)_(MultiDim_Q2_y_z_pT_phi_h)_(Normalized)[0m (Histo Num 54361)
Fitting for: [1m(MultiDim_5D_Histo)_(Bayesian)_(SMEAR=Smear)_(Q2_y_Bin_16)_(z_pT_Bin_4)_(MultiDim_Q2_y_z_pT_phi_h)_(Normalized)[0m (Histo Num 54363)
Fitting for: [1m(MultiDim_5D_Histo)_(RC_Bayesian)_(SMEAR=Smear)_(Q2_y_Bin_16)_(z_pT_Bin_4)_(MultiDim_Q2_y_z_pT_phi_h)_(Normalized)[0m (Histo Num 54364)
Fitting for: [1m(MultiDim_5D_Histo)_(BC_RC_Bayesian)_(SMEAR=Smear)_(Q2_y_Bin_16)_(z_pT_Bin_4)_(MultiDim_Q2_y_z_pT_phi_h)_(Normalized)[0m (Histo Num 54365)
Fitting for: [1m(MultiDim_5D_Histo)_(Bayesian)_(SMEAR=Smear)_(Q2_y_Bin_16)_(z_pT_Bin_5)_(MultiDim_Q2_y_z_pT_phi_h)_(Normalized)[0m (Histo Num 54367)
Fitting for: [1m(MultiDim_5D_Histo)_(RC_Bayesian)_(SMEAR=Smear)_(Q2_y_Bin_16)_(z_pT_Bin_5)_(MultiDim_Q2_y_z_pT_phi_h)_(Normalized)[0m (Histo Num 54368)
Fitting for: [1m(MultiDim_5D_Histo)_(BC_RC_Bayesian)_(SMEAR=Smear)_(Q2_y_Bin_16)_(z_pT_Bin_5)_(MultiDim_Q2_y_z_pT_phi_h)_(Normalized)[0m (Histo Num 54369)
Fitting for: [1m(MultiDim_5D_Histo)_(Bayesian)_(SMEAR=Smear)_(Q2_y_Bin_16)_(z_pT_Bin_6)_(MultiDim_Q2_y_z_pT_phi_h)_(Normalized)[0m (Histo Num 54371)
Fitting for: [1m(MultiDim_5D_Histo)_(RC_Bayesian)_(SMEAR=Smear)_(Q2_y_Bin_16)_(z_pT_Bin_6)_(MultiDim_Q2_y_z_pT_phi_h)_(Normalized)[0m (Histo Num 54372)
Fitting for: [1m(MultiDim_5D_Histo)_(BC_RC_Bayesian)_(SMEAR=Smear)_(Q2_y_Bin_16)_(z_pT_Bin_6)_(MultiDim_Q2_y_z_pT_phi_h)_(Normalized)[0m (Histo Num 54373)
Fitting for: [1m(MultiDim_5D_Histo)_(Bayesian)_(SMEAR=Smear)_(Q2_y_Bin_16)_(z_pT_Bin_7)_(MultiDim_Q2_y_z_pT_phi_h)_(Normalized)[0m (Histo Num 54375)
Fitting for: [1m(MultiDim_5D_Histo)_(RC_Bayesian)_(SMEAR=Smear)_(Q2_y_Bin_16)_(z_pT_Bin_7)_(MultiDim_Q2_y_z_pT_phi_h)_(Normalized)[0m (Histo Num 54376)
Fitting for: [1m(MultiDim_5D_Histo)_(BC_RC_Bayesian)_(SMEAR=Smear)_(Q2_y_Bin_16)_(z_pT_Bin_7)_(MultiDim_Q2_y_z_pT_phi_h)_(Normalized)[0m (Histo Num 54377)
Fitting for: [1m(MultiDim_5D_Histo)_(Bayesian)_(SMEAR=Smear)_(Q2_y_Bin_16)_(z_pT_Bin_8)_(MultiDim_Q2_y_z_pT_phi_h)_(Normalized)[0m (Histo Num 54379)
Fitting for: [1m(MultiDim_5D_Histo)_(RC_Bayesian)_(SMEAR=Smear)_(Q2_y_Bin_16)_(z_pT_Bin_8)_(MultiDim_Q2_y_z_pT_phi_h)_(Normalized)[0m (Histo Num 54380)
Fitting for: [1m(MultiDim_5D_Histo)_(BC_RC_Bayesian)_(SMEAR=Smear)_(Q2_y_Bin_16)_(z_pT_Bin_8)_(MultiDim_Q2_y_z_pT_phi_h)_(Normalized)[0m (Histo Num 54381)
Fitting for: [1m(MultiDim_5D_Histo)_(Bayesian)_(SMEAR=Smear)_(Q2_y_Bin_16)_(z_pT_Bin_9)_(MultiDim_Q2_y_z_pT_phi_h)_(Normalized)[0m (Histo Num 54383)
Fitting for: [1m(MultiDim_5D_Histo)_(RC_Bayesian)_(SMEAR=Smear)_(Q2_y_Bin_16)_(z_pT_Bin_9)_(MultiDim_Q2_y_z_pT_phi_h)_(Normalized)[0m (Histo Num 54384)
Fitting for: [1m(MultiDim_5D_Histo)_(BC_RC_Bayesian)_(SMEAR=Smear)_(Q2_y_Bin_16)_(z_pT_Bin_9)_(MultiDim_Q2_y_z_pT_phi_h)_(Normalized)[0m (Histo Num 54385)
Fitting for: [1m(MultiDim_5D_Histo)_(Bayesian)_(SMEAR=Smear)_(Q2_y_Bin_16)_(z_pT_Bin_10)_(MultiDim_Q2_y_z_pT_phi_h)_(Normalized)[0m (Histo Num 54387)
Fitting for: [1m(MultiDim_5D_Histo)_(RC_Bayesian)_(SMEAR=Smear)_(Q2_y_Bin_16)_(z_pT_Bin_10)_(MultiDim_Q2_y_z_pT_phi_h)_(Normalized)[0m (Histo Num 54388)
Fitting for: [1m(MultiDim_5D_Histo)_(BC_RC_Bayesian)_(SMEAR=Smear)_(Q2_y_Bin_16)_(z_pT_Bin_10)_(MultiDim_Q2_y_z_pT_phi_h)_(Normalized)[0m (Histo Num 54389)
Fitting for: [1m(MultiDim_5D_Histo)_(Bayesian)_(SMEAR=Smear)_(Q2_y_Bin_16)_(z_pT_Bin_11)_(MultiDim_Q2_y_z_pT_phi_h)_(Normalized)[0m (Histo Num 54391)
Fitting for: [1m(MultiDim_5D_Histo)_(RC_Bayesian)_(SMEAR=Smear)_(Q2_y_Bin_16)_(z_pT_Bin_11)_(MultiDim_Q2_y_z_pT_phi_h)_(Normalized)[0m (Histo Num 54392)
Fitting for: [1m(MultiDim_5D_Histo)_(BC_RC_Bayesian)_(SMEAR=Smear)_(Q2_y_Bin_16)_(z_pT_Bin_11)_(MultiDim_Q2_y_z_pT_phi_h)_(Normalized)[0m (Histo Num 54393)
Fitting for: [1m(MultiDim_5D_Histo)_(Bayesian)_(SMEAR=Smear)_(Q2_y_Bin_16)_(z_pT_Bin_12)_(MultiDim_Q2_y_z_pT_phi_h)_(Normalized)[0m (Histo Num 54395)
Fitting for: [1m(MultiDim_5D_Histo)_(RC_Bayesian)_(SMEAR=Smear)_(Q2_y_Bin_16)_(z_pT_Bin_12)_(MultiDim_Q2_y_z_pT_phi_h)_(Normalized)[0m (Histo Num 54396)
Fitting for: [1m(MultiDim_5D_Histo)_(BC_RC_Bayesian)_(SMEAR=Smear)_(Q2_y_Bin_16)_(z_pT_Bin_12)_(MultiDim_Q2_y_z_pT_phi_h)_(Normalized)[0m (Histo Num 54397)
Fitting for: [1m(MultiDim_5D_Histo)_(Bayesian)_(SMEAR=Smear)_(Q2_y_Bin_16)_(z_pT_Bin_13)_(MultiDim_Q2_y_z_pT_phi_h)_(Normalized)[0m (Histo Num 54399)
Fitting for: [1m(MultiDim_5D_Histo)_(RC_Bayesian)_(SMEAR=Smear)_(Q2_y_Bin_16)_(z_pT_Bin_13)_(MultiDim_Q2_y_z_pT_phi_h)_(Normalized)[0m (Histo Num 54400)
Fitting for: [1m(MultiDim_5D_Histo)_(BC_RC_Bayesian)_(SMEAR=Smear)_(Q2_y_Bin_16)_(z_pT_Bin_13)_(MultiDim_Q2_y_z_pT_phi_h)_(Normalized)[0m (Histo Num 54401)
Fitting for: [1m(MultiDim_5D_Histo)_(Bayesian)_(SMEAR=Smear)_(Q2_y_Bin_16)_(z_pT_Bin_14)_(MultiDim_Q2_y_z_pT_phi_h)_(Normalized)[0m (Histo Num 54403)
Fitting for: [1m(MultiDim_5D_Histo)_(RC_Bayesian)_(SMEAR=Smear)_(Q2_y_Bin_16)_(z_pT_Bin_14)_(MultiDim_Q2_y_z_pT_phi_h)_(Normalized)[0m (Histo Num 54404)
Fitting for: [1m(MultiDim_5D_Histo)_(BC_RC_Bayesian)_(SMEAR=Smear)_(Q2_y_Bin_16)_(z_pT_Bin_14)_(MultiDim_Q2_y_z_pT_phi_h)_(Normalized)[0m (Histo Num 54405)
Fitting for: [1m(MultiDim_5D_Histo)_(Bayesian)_(SMEAR=Smear)_(Q2_y_Bin_16)_(z_pT_Bin_15)_(MultiDim_Q2_y_z_pT_phi_h)_(Normalized)[0m (Histo Num 54407)
Fitting for: [1m(MultiDim_5D_Histo)_(RC_Bayesian)_(SMEAR=Smear)_(Q2_y_Bin_16)_(z_pT_Bin_15)_(MultiDim_Q2_y_z_pT_phi_h)_(Normalized)[0m (Histo Num 54408)
Fitting for: [1m(MultiDim_5D_Histo)_(BC_RC_Bayesian)_(SMEAR=Smear)_(Q2_y_Bin_16)_(z_pT_Bin_15)_(MultiDim_Q2_y_z_pT_phi_h)_(Normalized)[0m (Histo Num 54409)
Fitting for: [1m(MultiDim_5D_Histo)_(Bayesian)_(SMEAR=Smear)_(Q2_y_Bin_16)_(z_pT_Bin_16)_(MultiDim_Q2_y_z_pT_phi_h)_(Normalized)[0m (Histo Num 54411)
Fitting for: [1m(MultiDim_5D_Histo)_(RC_Bayesian)_(SMEAR=Smear)_(Q2_y_Bin_16)_(z_pT_Bin_16)_(MultiDim_Q2_y_z_pT_phi_h)_(Normalized)[0m (Histo Num 54412)
Fitting for: [1m(MultiDim_5D_Histo)_(BC_RC_Bayesian)_(SMEAR=Smear)_(Q2_y_Bin_16)_(z_pT_Bin_16)_(MultiDim_Q2_y_z_pT_phi_h)_(Normalized)[0m (Histo Num 54413)
Fitting for: [1m(MultiDim_5D_Histo)_(Bayesian)_(SMEAR=Smear)_(Q2_y_Bin_16)_(z_pT_Bin_17)_(MultiDim_Q2_y_z_pT_phi_h)_(Normalized)[0m (Histo Num 54415)
Fitting for: [1m(MultiDim_5D_Histo)_(RC_Bayesian)_(SMEAR=Smear)_(Q2_y_Bin_16)_(z_pT_Bin_17)_(MultiDim_Q2_y_z_pT_phi_h)_(Normalized)[0m (Histo Num 54416)
Fitting for: [1m(MultiDim_5D_Histo)_(BC_RC_Bayesian)_(SMEAR=Smear)_(Q2_y_Bin_16)_(z_pT_Bin_17)_(MultiDim_Q2_y_z_pT_phi_h)_(Normalized)[0m (Histo Num 54417)
Fitting for: [1m(MultiDim_5D_Histo)_(Bayesian)_(SMEAR=Smear)_(Q2_y_Bin_16)_(z_pT_Bin_19)_(MultiDim_Q2_y_z_pT_phi_h)_(Normalized)[0m (Histo Num 54419)
Fitting for: [1m(MultiDim_5D_Histo)_(RC_Bayesian)_(SMEAR=Smear)_(Q2_y_Bin_16)_(z_pT_Bin_19)_(MultiDim_Q2_y_z_pT_phi_h)_(Normalized)[0m (Histo Num 54420)
Fitting for: [1m(MultiDim_5D_Histo)_(BC_RC_Bayesian)_(SMEAR=Smear)_(Q2_y_Bin_16)_(z_pT_Bin_19)_(MultiDim_Q2_y_z_pT_phi_h)_(Normalized)[0m (Histo Num 54421)
Fitting for: [1m(MultiDim_5D_Histo)_(Bayesian)_(SMEAR=Smear)_(Q2_y_Bin_16)_(z_pT_Bin_20)_(MultiDim_Q2_y_z_pT_phi_h)_(Normalized)[0m (Histo Num 54423)
Fitting for: [1m(MultiDim_5D_Histo)_(RC_Bayesian)_(SMEAR=Smear)_(Q2_y_Bin_16)_(z_pT_Bin_20)_(MultiDim_Q2_y_z_pT_phi_h)_(Normalized)[0m (Histo Num 54424)
Fitting for: [1m(MultiDim_5D_Histo)_(BC_RC_Bayesian)_(SMEAR=Smear)_(Q2_y_Bin_16)_(z_pT_Bin_20)_(MultiDim_Q2_y_z_pT_phi_h)_(Normalized)[0m (Histo Num 54425)
Fitting for: [1m(MultiDim_5D_Histo)_(Bayesian)_(SMEAR=Smear)_(Q2_y_Bin_16)_(z_pT_Bin_21)_(MultiDim_Q2_y_z_pT_phi_h)_(Normalized)[0m (Histo Num 54427)
Fitting for: [1m(MultiDim_5D_Histo)_(RC_Bayesian)_(SMEAR=Smear)_(Q2_y_Bin_16)_(z_pT_Bin_21)_(MultiDim_Q2_y_z_pT_phi_h)_(Normalized)[0m (Histo Num 54428)
Fitting for: [1m(MultiDim_5D_Histo)_(BC_RC_Bayesian)_(SMEAR=Smear)_(Q2_y_Bin_16)_(z_pT_Bin_21)_(MultiDim_Q2_y_z_pT_phi_h)_(Normalized)[0m (Histo Num 54429)
Fitting for: [1m(MultiDim_5D_Histo)_(Bayesian)_(SMEAR=Smear)_(Q2_y_Bin_16)_(z_pT_Bin_22)_(MultiDim_Q2_y_z_pT_phi_h)_(Normalized)[0m (Histo Num 54431)
Fitting for: [1m(MultiDim_5D_Histo)_(RC_Bayesian)_(SMEAR=Smear)_(Q2_y_Bin_16)_(z_pT_Bin_22)_(MultiDim_Q2_y_z_pT_phi_h)_(Normalized)[0m (Histo Num 54432)
Fitting for: [1m(MultiDim_5D_Histo)_(BC_RC_Bayesian)_(SMEAR=Smear)_(Q2_y_Bin_16)_(z_pT_Bin_22)_(MultiDim_Q2_y_z_pT_phi_h)_(Normalized)[0m (Histo Num 54433)
Fitting for: [1m(MultiDim_5D_Histo)_(Bayesian)_(SMEAR=Smear)_(Q2_y_Bin_16)_(z_pT_Bin_25)_(MultiDim_Q2_y_z_pT_phi_h)_(Normalized)[0m (Histo Num 54435)
Fitting for: [1m(MultiDim_5D_Histo)_(RC_Bayesian)_(SMEAR=Smear)_(Q2_y_Bin_16)_(z_pT_Bin_25)_(MultiDim_Q2_y_z_pT_phi_h)_(Normalized)[0m (Histo Num 54436)
Fitting for: [1m(MultiDim_5D_Histo)_(BC_RC_Bayesian)_(SMEAR=Smear)_(Q2_y_Bin_16)_(z_pT_Bin_25)_(MultiDim_Q2_y_z_pT_phi_h)_(Normalized)[0m (Histo Num 54437)
Fitting for: [1m(MultiDim_5D_Histo)_(Bayesian)_(SMEAR=Smear)_(Q2_y_Bin_16)_(z_pT_Bin_26)_(MultiDim_Q2_y_z_pT_phi_h)_(Normalized)[0m (Histo Num 54439)
Fitting for: [1m(MultiDim_5D_Histo)_(RC_Bayesian)_(SMEAR=Smear)_(Q2_y_Bin_16)_(z_pT_Bin_26)_(MultiDim_Q2_y_z_pT_phi_h)_(Normalized)[0m (Histo Num 54440)
Fitting for: [1m(MultiDim_5D_Histo)_(BC_RC_Bayesian)_(SMEAR=Smear)_(Q2_y_Bin_16)_(z_pT_Bin_26)_(MultiDim_Q2_y_z_pT_phi_h)_(Normalized)[0m (Histo Num 54441)
Fitting for: [1m(MultiDim_5D_Histo)_(Bayesian)_(SMEAR=Smear)_(Q2_y_Bin_16)_(z_pT_Bin_27)_(MultiDim_Q2_y_z_pT_phi_h)_(Normalized)[0m (Histo Num 54443)
Fitting for: [1m(MultiDim_5D_Histo)_(RC_Bayesian)_(SMEAR=Smear)_(Q2_y_Bin_16)_(z_pT_Bin_27)_(MultiDim_Q2_y_z_pT_phi_h)_(Normalized)[0m (Histo Num 54444)
Fitting for: [1m(MultiDim_5D_Histo)_(BC_RC_Bayesian)_(SMEAR=Smear)_(Q2_y_Bin_16)_(z_pT_Bin_27)_(MultiDim_Q2_y_z_pT_phi_h)_(Normalized)[0m (Histo Num 54445)
Fitting for: [1m(MultiDim_5D_Histo)_(Bayesian)_(SMEAR=Smear)_(Q2_y_Bin_17)_(z_pT_Bin_1)_(MultiDim_Q2_y_z_pT_phi_h)_(Normalized)[0m (Histo Num 54447)
Fitting for: [1m(MultiDim_5D_Histo)_(RC_Bayesian)_(SMEAR=Smear)_(Q2_y_Bin_17)_(z_pT_Bin_1)_(MultiDim_Q2_y_z_pT_phi_h)_(Normalized)[0m (Histo Num 54448)
Fitting for: [1m(MultiDim_5D_Histo)_(BC_RC_Bayesian)_(SMEAR=Smear)_(Q2_y_Bin_17)_(z_pT_Bin_1)_(MultiDim_Q2_y_z_pT_phi_h)_(Normalized)[0m (Histo Num 54449)
Fitting for: [1m(MultiDim_5D_Histo)_(Bayesian)_(SMEAR=Smear)_(Q2_y_Bin_17)_(z_pT_Bin_2)_(MultiDim_Q2_y_z_pT_phi_h)_(Normalized)[0m (Histo Num 54451)
Fitting for: [1m(MultiDim_5D_Histo)_(RC_Bayesian)_(SMEAR=Smear)_(Q2_y_Bin_17)_(z_pT_Bin_2)_(MultiDim_Q2_y_z_pT_phi_h)_(Normalized)[0m (Histo Num 54452)
Fitting for: [1m(MultiDim_5D_Histo)_(BC_RC_Bayesian)_(SMEAR=Smear)_(Q2_y_Bin_17)_(z_pT_Bin_2)_(MultiDim_Q2_y_z_pT_phi_h)_(Normalized)[0m (Histo Num 54453)
Fitting for: [1m(MultiDim_5D_Histo)_(Bayesian)_(SMEAR=Smear)_(Q2_y_Bin_17)_(z_pT_Bin_3)_(MultiDim_Q2_y_z_pT_phi_h)_(Normalized)[0m (Histo Num 54455)
Fitting for: [1m(MultiDim_5D_Histo)_(RC_Bayesian)_(SMEAR=Smear)_(Q2_y_Bin_17)_(z_pT_Bin_3)_(MultiDim_Q2_y_z_pT_phi_h)_(Normalized)[0m (Histo Num 54456)
Fitting for: [1m(MultiDim_5D_Histo)_(BC_RC_Bayesian)_(SMEAR=Smear)_(Q2_y_Bin_17)_(z_pT_Bin_3)_(MultiDim_Q2_y_z_pT_phi_h)_(Normalized)[0m (Histo Num 54457)
Fitting for: [1m(MultiDim_5D_Histo)_(Bayesian)_(SMEAR=Smear)_(Q2_y_Bin_17)_(z_pT_Bin_4)_(MultiDim_Q2_y_z_pT_phi_h)_(Normalized)[0m (Histo Num 54459)
Fitting for: [1m(MultiDim_5D_Histo)_(RC_Bayesian)_(SMEAR=Smear)_(Q2_y_Bin_17)_(z_pT_Bin_4)_(MultiDim_Q2_y_z_pT_phi_h)_(Normalized)[0m (Histo Num 54460)
Fitting for: [1m(MultiDim_5D_Histo)_(BC_RC_Bayesian)_(SMEAR=Smear)_(Q2_y_Bin_17)_(z_pT_Bin_4)_(MultiDim_Q2_y_z_pT_phi_h)_(Normalized)[0m (Histo Num 54461)
Fitting for: [1m(MultiDim_5D_Histo)_(Bayesian)_(SMEAR=Smear)_(Q2_y_Bin_17)_(z_pT_Bin_5)_(MultiDim_Q2_y_z_pT_phi_h)_(Normalized)[0m (Histo Num 54463)
Fitting for: [1m(MultiDim_5D_Histo)_(RC_Bayesian)_(SMEAR=Smear)_(Q2_y_Bin_17)_(z_pT_Bin_5)_(MultiDim_Q2_y_z_pT_phi_h)_(Normalized)[0m (Histo Num 54464)
Fitting for: [1m(MultiDim_5D_Histo)_(BC_RC_Bayesian)_(SMEAR=Smear)_(Q2_y_Bin_17)_(z_pT_Bin_5)_(MultiDim_Q2_y_z_pT_phi_h)_(Normalized)[0m (Histo Num 54465)
Fitting for: [1m(MultiDim_5D_Histo)_(Bayesian)_(SMEAR=Smear)_(Q2_y_Bin_17)_(z_pT_Bin_7)_(MultiDim_Q2_y_z_pT_phi_h)_(Normalized)[0m (Histo Num 54467)
Fitting for: [1m(MultiDim_5D_Histo)_(RC_Bayesian)_(SMEAR=Smear)_(Q2_y_Bin_17)_(z_pT_Bin_7)_(MultiDim_Q2_y_z_pT_phi_h)_(Normalized)[0m (Histo Num 54468)
Fitting for: [1m(MultiDim_5D_Histo)_(BC_RC_Bayesian)_(SMEAR=Smear)_(Q2_y_Bin_17)_(z_pT_Bin_7)_(MultiDim_Q2_y_z_pT_phi_h)_(Normalized)[0m (Histo Num 54469)
Fitting for: [1m(MultiDim_5D_Histo)_(Bayesian)_(SMEAR=Smear)_(Q2_y_Bin_17)_(z_pT_Bin_8)_(MultiDim_Q2_y_z_pT_phi_h)_(Normalized)[0m (Histo Num 54471)
Fitting for: [1m(MultiDim_5D_Histo)_(RC_Bayesian)_(SMEAR=Smear)_(Q2_y_Bin_17)_(z_pT_Bin_8)_(MultiDim_Q2_y_z_pT_phi_h)_(Normalized)[0m (Histo Num 54472)
Fitting for: [1m(MultiDim_5D_Histo)_(BC_RC_Bayesian)_(SMEAR=Smear)_(Q2_y_Bin_17)_(z_pT_Bin_8)_(MultiDim_Q2_y_z_pT_phi_h)_(Normalized)[0m (Histo Num 54473)
Fitting for: [1m(MultiDim_5D_Histo)_(Bayesian)_(SMEAR=Smear)_(Q2_y_Bin_17)_(z_pT_Bin_9)_(MultiDim_Q2_y_z_pT_phi_h)_(Normalized)[0m (Histo Num 54475)
Fitting for: [1m(MultiDim_5D_Histo)_(RC_Bayesian)_(SMEAR=Smear)_(Q2_y_Bin_17)_(z_pT_Bin_9)_(MultiDim_Q2_y_z_pT_phi_h)_(Normalized)[0m (Histo Num 54476)
Fitting for: [1m(MultiDim_5D_Histo)_(BC_RC_Bayesian)_(SMEAR=Smear)_(Q2_y_Bin_17)_(z_pT_Bin_9)_(MultiDim_Q2_y_z_pT_phi_h)_(Normalized)[0m (Histo Num 54477)
Fitting for: [1m(MultiDim_5D_Histo)_(Bayesian)_(SMEAR=Smear)_(Q2_y_Bin_17)_(z_pT_Bin_10)_(MultiDim_Q2_y_z_pT_phi_h)_(Normalized)[0m (Histo Num 54479)
Fitting for: [1m(MultiDim_5D_Histo)_(RC_Bayesian)_(SMEAR=Smear)_(Q2_y_Bin_17)_(z_pT_Bin_10)_(MultiDim_Q2_y_z_pT_phi_h)_(Normalized)[0m (Histo Num 54480)
Fitting for: [1m(MultiDim_5D_Histo)_(BC_RC_Bayesian)_(SMEAR=Smear)_(Q2_y_Bin_17)_(z_pT_Bin_10)_(MultiDim_Q2_y_z_pT_phi_h)_(Normalized)[0m (Histo Num 54481)
Fitting for: [1m(MultiDim_5D_Histo)_(Bayesian)_(SMEAR=Smear)_(Q2_y_Bin_17)_(z_pT_Bin_11)_(MultiDim_Q2_y_z_pT_phi_h)_(Normalized)[0m (Histo Num 54483)
Fitting for: [1m(MultiDim_5D_Histo)_(RC_Bayesian)_(SMEAR=Smear)_(Q2_y_Bin_17)_(z_pT_Bin_11)_(MultiDim_Q2_y_z_pT_phi_h)_(Normalized)[0m (Histo Num 54484)
Fitting for: [1m(MultiDim_5D_Histo)_(BC_RC_Bayesian)_(SMEAR=Smear)_(Q2_y_Bin_17)_(z_pT_Bin_11)_(MultiDim_Q2_y_z_pT_phi_h)_(Normalized)[0m (Histo Num 54485)
Fitting for: [1m(MultiDim_5D_Histo)_(Bayesian)_(SMEAR=Smear)_(Q2_y_Bin_17)_(z_pT_Bin_12)_(MultiDim_Q2_y_z_pT_phi_h)_(Normalized)[0m (Histo Num 54487)
Fitting for: [1m(MultiDim_5D_Histo)_(RC_Bayesian)_(SMEAR=Smear)_(Q2_y_Bin_17)_(z_pT_Bin_12)_(MultiDim_Q2_y_z_pT_phi_h)_(Normalized)[0m (Histo Num 54488)
Fitting for: [1m(MultiDim_5D_Histo)_(BC_RC_Bayesian)_(SMEAR=Smear)_(Q2_y_Bin_17)_(z_pT_Bin_12)_(MultiDim_Q2_y_z_pT_phi_h)_(Normalized)[0m (Histo Num 54489)Fit:0: RuntimeWarning: Fit data is empty 
Fit:0: RuntimeWarning: Fit data is empty 
Fit:0: RuntimeWarning: Fit data is empty 
Fit:0: RuntimeWarning: Fit data is empty 
Fit:0: RuntimeWarning: Fit data is empty 
Fit:0: RuntimeWarning: Fit data is empty 
Fit:0: RuntimeWarning: Fit data is empty 
Fit:0: RuntimeWarning: Fit data is empty 
Fit:0: RuntimeWarning: Fit data is empty 
Fit:0: RuntimeWarning: Fit data is empty 
Fit:0: RuntimeWarning: Fit data is empty 
Fit:0: RuntimeWarning: Fit data is empty 
Fit:0: RuntimeWarning: Fit data is empty 
Fit:0: RuntimeWarning: Fit data is empty 
Fit:0: RuntimeWarning: Fit data is empty 
Fit:0: RuntimeWarning: Fit data is empty 
Fit:0: RuntimeWarning: Fit data is empty 
Fit:0: RuntimeWarning: Fit data is empty 
Fit:0: RuntimeWarning: Fit data is empty 
Fit:0: RuntimeWarning: Fit data is empty 
Fit:0: RuntimeWarning: Fit data is empty 
Fit:0: RuntimeWarning: Fit data is empty 
Fit:0: RuntimeWarning: Fit data is empty 
Fit:0: RuntimeWarning: Fit data is empty 

Fitting for: [1m(MultiDim_5D_Histo)_(Bayesian)_(SMEAR=Smear)_(Q2_y_Bin_17)_(z_pT_Bin_13)_(MultiDim_Q2_y_z_pT_phi_h)_(Normalized)[0m (Histo Num 54491)
Fitting for: [1m(MultiDim_5D_Histo)_(RC_Bayesian)_(SMEAR=Smear)_(Q2_y_Bin_17)_(z_pT_Bin_13)_(MultiDim_Q2_y_z_pT_phi_h)_(Normalized)[0m (Histo Num 54492)
Fitting for: [1m(MultiDim_5D_Histo)_(BC_RC_Bayesian)_(SMEAR=Smear)_(Q2_y_Bin_17)_(z_pT_Bin_13)_(MultiDim_Q2_y_z_pT_phi_h)_(Normalized)[0m (Histo Num 54493)
Fitting for: [1m(MultiDim_5D_Histo)_(Bayesian)_(SMEAR=Smear)_(Q2_y_Bin_17)_(z_pT_Bin_14)_(MultiDim_Q2_y_z_pT_phi_h)_(Normalized)[0m (Histo Num 54495)
Fitting for: [1m(MultiDim_5D_Histo)_(RC_Bayesian)_(SMEAR=Smear)_(Q2_y_Bin_17)_(z_pT_Bin_14)_(MultiDim_Q2_y_z_pT_phi_h)_(Normalized)[0m (Histo Num 54496)
Fitting for: [1m(MultiDim_5D_Histo)_(BC_RC_Bayesian)_(SMEAR=Smear)_(Q2_y_Bin_17)_(z_pT_Bin_14)_(MultiDim_Q2_y_z_pT_phi_h)_(Normalized)[0m (Histo Num 54497)
Fitting for: [1m(MultiDim_5D_Histo)_(Bayesian)_(SMEAR=Smear)_(Q2_y_Bin_17)_(z_pT_Bin_15)_(MultiDim_Q2_y_z_pT_phi_h)_(Normalized)[0m (Histo Num 54499)
Fitting for: [1m(MultiDim_5D_Histo)_(RC_Bayesian)_(SMEAR=Smear)_(Q2_y_Bin_17)_(z_pT_Bin_15)_(MultiDim_Q2_y_z_pT_phi_h)_(Normalized)[0m (Histo Num 54500)
Fitting for: [1m(MultiDim_5D_Histo)_(BC_RC_Bayesian)_(SMEAR=Smear)_(Q2_y_Bin_17)_(z_pT_Bin_15)_(MultiDim_Q2_y_z_pT_phi_h)_(Normalized)[0m (Histo Num 54501)
Fitting for: [1m(MultiDim_5D_Histo)_(Bayesian)_(SMEAR=Smear)_(Q2_y_Bin_17)_(z_pT_Bin_16)_(MultiDim_Q2_y_z_pT_phi_h)_(Normalized)[0m (Histo Num 54503)
Fitting for: [1m(MultiDim_5D_Histo)_(RC_Bayesian)_(SMEAR=Smear)_(Q2_y_Bin_17)_(z_pT_Bin_16)_(MultiDim_Q2_y_z_pT_phi_h)_(Normalized)[0m (Histo Num 54504)
Fitting for: [1m(MultiDim_5D_Histo)_(BC_RC_Bayesian)_(SMEAR=Smear)_(Q2_y_Bin_17)_(z_pT_Bin_16)_(MultiDim_Q2_y_z_pT_phi_h)_(Normalized)[0m (Histo Num 54505)
Fitting for: [1m(MultiDim_5D_Histo)_(Bayesian)_(SMEAR=Smear)_(Q2_y_Bin_17)_(z_pT_Bin_17)_(MultiDim_Q2_y_z_pT_phi_h)_(Normalized)[0m (Histo Num 54507)
Fitting for: [1m(MultiDim_5D_Histo)_(RC_Bayesian)_(SMEAR=Smear)_(Q2_y_Bin_17)_(z_pT_Bin_17)_(MultiDim_Q2_y_z_pT_phi_h)_(Normalized)[0m (Histo Num 54508)
Fitting for: [1m(MultiDim_5D_Histo)_(BC_RC_Bayesian)_(SMEAR=Smear)_(Q2_y_Bin_17)_(z_pT_Bin_17)_(MultiDim_Q2_y_z_pT_phi_h)_(Normalized)[0m (Histo Num 54509)
Fitting for: [1m(MultiDim_5D_Histo)_(Bayesian)_(SMEAR=Smear)_(Q2_y_Bin_17)_(z_pT_Bin_18)_(MultiDim_Q2_y_z_pT_phi_h)_(Normalized)[0m (Histo Num 54511)
Fitting for: [1m(MultiDim_5D_Histo)_(RC_Bayesian)_(SMEAR=Smear)_(Q2_y_Bin_17)_(z_pT_Bin_18)_(MultiDim_Q2_y_z_pT_phi_h)_(Normalized)[0m (Histo Num 54512)
Fitting for: [1m(MultiDim_5D_Histo)_(BC_RC_Bayesian)_(SMEAR=Smear)_(Q2_y_Bin_17)_(z_pT_Bin_18)_(MultiDim_Q2_y_z_pT_phi_h)_(Normalized)[0m (Histo Num 54513)
Fitting for: [1m(MultiDim_5D_Histo)_(Bayesian)_(SMEAR=Smear)_(Q2_y_Bin_17)_(z_pT_Bin_19)_(MultiDim_Q2_y_z_pT_phi_h)_(Normalized)[0m (Histo Num 54515)
Fitting for: [1m(MultiDim_5D_Histo)_(RC_Bayesian)_(SMEAR=Smear)_(Q2_y_Bin_17)_(z_pT_Bin_19)_(MultiDim_Q2_y_z_pT_phi_h)_(Normalized)[0m (Histo Num 54516)
Fitting for: [1m(MultiDim_5D_Histo)_(BC_RC_Bayesian)_(SMEAR=Smear)_(Q2_y_Bin_17)_(z_pT_Bin_19)_(MultiDim_Q2_y_z_pT_phi_h)_(Normalized)[0m (Histo Num 54517)
Fitting for: [1m(MultiDim_5D_Histo)_(Bayesian)_(SMEAR=Smear)_(Q2_y_Bin_17)_(z_pT_Bin_20)_(MultiDim_Q2_y_z_pT_phi_h)_(Normalized)[0m (Histo Num 54519)
Fitting for: [1m(MultiDim_5D_Histo)_(RC_Bayesian)_(SMEAR=Smear)_(Q2_y_Bin_17)_(z_pT_Bin_20)_(MultiDim_Q2_y_z_pT_phi_h)_(Normalized)[0m (Histo Num 54520)
Fitting for: [1m(MultiDim_5D_Histo)_(BC_RC_Bayesian)_(SMEAR=Smear)_(Q2_y_Bin_17)_(z_pT_Bin_20)_(MultiDim_Q2_y_z_pT_phi_h)_(Normalized)[0m (Histo Num 54521)
Fitting for: [1m(MultiDim_5D_Histo)_(Bayesian)_(SMEAR=Smear)_(Q2_y_Bin_17)_(z_pT_Bin_21)_(MultiDim_Q2_y_z_pT_phi_h)_(Normalized)[0m (Histo Num 54523)
Fitting for: [1m(MultiDim_5D_Histo)_(RC_Bayesian)_(SMEAR=Smear)_(Q2_y_Bin_17)_(z_pT_Bin_21)_(MultiDim_Q2_y_z_pT_phi_h)_(Normalized)[0m (Histo Num 54524)
Fitting for: [1m(MultiDim_5D_Histo)_(BC_RC_Bayesian)_(SMEAR=Smear)_(Q2_y_Bin_17)_(z_pT_Bin_21)_(MultiDim_Q2_y_z_pT_phi_h)_(Normalized)[0m (Histo Num 54525)
Fitting for: [1m(MultiDim_5D_Histo)_(Bayesian)_(SMEAR=Smear)_(Q2_y_Bin_17)_(z_pT_Bin_22)_(MultiDim_Q2_y_z_pT_phi_h)_(Normalized)[0m (Histo Num 54527)
Fitting for: [1m(MultiDim_5D_Histo)_(RC_Bayesian)_(SMEAR=Smear)_(Q2_y_Bin_17)_(z_pT_Bin_22)_(MultiDim_Q2_y_z_pT_phi_h)_(Normalized)[0m (Histo Num 54528)
Fitting for: [1m(MultiDim_5D_Histo)_(BC_RC_Bayesian)_(SMEAR=Smear)_(Q2_y_Bin_17)_(z_pT_Bin_22)_(MultiDim_Q2_y_z_pT_phi_h)_(Normalized)[0m (Histo Num 54529)
Fitting for: [1m(MultiDim_5D_Histo)_(Bayesian)_(SMEAR=Smear)_(Q2_y_Bin_17)_(z_pT_Bin_23)_(MultiDim_Q2_y_z_pT_phi_h)_(Normalized)[0m (Histo Num 54531)
Fitting for: [1m(MultiDim_5D_Histo)_(RC_Bayesian)_(SMEAR=Smear)_(Q2_y_Bin_17)_(z_pT_Bin_23)_(MultiDim_Q2_y_z_pT_phi_h)_(Normalized)[0m (Histo Num 54532)
Fitting for: [1m(MultiDim_5D_Histo)_(BC_RC_Bayesian)_(SMEAR=Smear)_(Q2_y_Bin_17)_(z_pT_Bin_23)_(MultiDim_Q2_y_z_pT_phi_h)_(Normalized)[0m (Histo Num 54533)
Fitting for: [1m(MultiDim_5D_Histo)_(Bayesian)_(SMEAR=Smear)_(Q2_y_Bin_17)_(z_pT_Bin_25)_(MultiDim_Q2_y_z_pT_phi_h)_(Normalized)[0m (Histo Num 54535)
Fitting for: [1m(MultiDim_5D_Histo)_(RC_Bayesian)_(SMEAR=Smear)_(Q2_y_Bin_17)_(z_pT_Bin_25)_(MultiDim_Q2_y_z_pT_phi_h)_(Normalized)[0m (Histo Num 54536)
Fitting for: [1m(MultiDim_5D_Histo)_(BC_RC_Bayesian)_(SMEAR=Smear)_(Q2_y_Bin_17)_(z_pT_Bin_25)_(MultiDim_Q2_y_z_pT_phi_h)_(Normalized)[0m (Histo Num 54537)
Fitting for: [1m(MultiDim_5D_Histo)_(Bayesian)_(SMEAR=Smear)_(Q2_y_Bin_17)_(z_pT_Bin_26)_(MultiDim_Q2_y_z_pT_phi_h)_(Normalized)[0m (Histo Num 54539)
Fitting for: [1m(MultiDim_5D_Histo)_(RC_Bayesian)_(SMEAR=Smear)_(Q2_y_Bin_17)_(z_pT_Bin_26)_(MultiDim_Q2_y_z_pT_phi_h)_(Normalized)[0m (Histo Num 54540)
Fitting for: [1m(MultiDim_5D_Histo)_(BC_RC_Bayesian)_(SMEAR=Smear)_(Q2_y_Bin_17)_(z_pT_Bin_26)_(MultiDim_Q2_y_z_pT_phi_h)_(Normalized)[0m (Histo Num 54541)
Fitting for: [1m(MultiDim_5D_Histo)_(Bayesian)_(SMEAR=Smear)_(Q2_y_Bin_17)_(z_pT_Bin_27)_(MultiDim_Q2_y_z_pT_phi_h)_(Normalized)[0m (Histo Num 54543)
Fitting for: [1m(MultiDim_5D_Histo)_(RC_Bayesian)_(SMEAR=Smear)_(Q2_y_Bin_17)_(z_pT_Bin_27)_(MultiDim_Q2_y_z_pT_phi_h)_(Normalized)[0m (Histo Num 54544)
Fitting for: [1m(MultiDim_5D_Histo)_(BC_RC_Bayesian)_(SMEAR=Smear)_(Q2_y_Bin_17)_(z_pT_Bin_27)_(MultiDim_Q2_y_z_pT_phi_h)_(Normalized)[0m (Histo Num 54545)
Fitting for: [1m(MultiDim_5D_Histo)_(Bayesian)_(SMEAR=Smear)_(Q2_y_Bin_17)_(z_pT_Bin_28)_(MultiDim_Q2_y_z_pT_phi_h)_(Normalized)[0m (Histo Num 54547)
Fitting for: [1m(MultiDim_5D_Histo)_(RC_Bayesian)_(SMEAR=Smear)_(Q2_y_Bin_17)_(z_pT_Bin_28)_(MultiDim_Q2_y_z_pT_phi_h)_(Normalized)[0m (Histo Num 54548)
Fitting for: [1m(MultiDim_5D_Histo)_(BC_RC_Bayesian)_(SMEAR=Smear)_(Q2_y_Bin_17)_(z_pT_Bin_28)_(MultiDim_Q2_y_z_pT_phi_h)_(Normalized)[0m (Histo Num 54549)

[1m[94mFit/Added [0m[1m2794[1m[94m Histograms[0m[94m
Adding to Main List...[0m

[1m[92mLength of Main List of Histograms (After adding Fits): [0m[1m66175[0m


Current Time: [1m12:47 p.m.[0m
Time Elapsed Up To Now:
0 Day(s), 0 Hour(s), 3 Minute(s), and 49 Second(s).



Counting Total Number of/Saving collected histograms...
[1m[94mSaving to: [1m[92mHybrid_Unfolded_Parallel_SIDIS_epip_from_3D_and_5D_1st_Order_V2.root[0m

[1m[96mDone Saving![0m

Final Count = 66175


Current Time: [1m01:03 p.m.[0m
Time Elapsed Up To Now:
0 Day(s), 0 Hour(s), 20 Minute(s), and 14 Second(s).


[1m[94mSaved Fit Parameters JSON as [1m[92mFit_Pars_from_Simple_RooUnfold_SelfContained_using_Hybrid_Unfolded_Parallel_SIDIS_epip_from_3D_and_5D_1st_Order_V2.json[1m[94m (total entries now = 13)[0m

[1m[96mDone Saving JSON File.[0m
Time Elapsed Up To Now: 0 Day(s), 0 Hour(s), 20 Minute(s), and 14 Second(s). 

[1m[94mSaved Fit Parameters JSON as [1m[92mFit_Pars_from_Simple_RooUnfold_SelfContained_using_Hybrid_Unfolded_Parallel_SIDIS_epip_from_3D_and_5D_1st_Order_V2.json[1m[94m (total entries now = 13)[0m

[1m[96mDone Saving JSON File.[0m
Time Elapsed Up To Now: 0 Day(s), 0 Hour(s), 20 Minute(s), and 14 Second(s). 

[1m[94mSaved Fit Parameters JSON as [1m[92mFit_Pars_from_Simple_RooUnfold_SelfContained_using_Hybrid_Unfolded_Parallel_SIDIS_epip_from_3D_and_5D_1st_Order_V2.json[1m[94m (total entries now = 13)[0m

[1m[96mDone Saving JSON File.[0m
Time Elapsed Up To Now: 0 Day(s), 0 Hour(s), 20 Minute(s), and 14 Second(s). 




[1m[43mEMAIL MESSAGE TO SEND:[0m


The 'Simple_RooUnfold_SelfContained.py' script has finished running.
Started running on [1m8-17-2026[0m at [1m12:43 p.m.[0m

Input File:
	Hybrid_Unfolded_Parallel_SIDIS_epip_from_3D_and_5D_1st_Order_V2.root
Output File:
	Hybrid_Unfolded_Parallel_SIDIS_epip_from_3D_and_5D_1st_Order_V2.root

Iteration 1 5D remake using universal spline initializer.
[1m[96mDone Saving JSON File.[0m
Time Elapsed Up To Now: 0 Day(s), 0 Hour(s), 20 Minute(s), and 14 Second(s). 
[1m[96mDone Saving JSON File.[0m
Time Elapsed Up To Now: 0 Day(s), 0 Hour(s), 20 Minute(s), and 14 Second(s). 
[1m[96mDone Saving JSON File.[0m
Time Elapsed Up To Now: 0 Day(s), 0 Hour(s), 20 Minute(s), and 14 Second(s). 

Arguments:
--unfolding_1D (1D Unfolding Only)                  --> False
--unfolding_3D (3D Unfolding Only)                  --> False
--unfolding_5D (Ran 5D Unfolding Fits)              --> True
--run_sectors                                       --> False
--sectors_to_unfold                                 --> None
--allow_other_variables (for unfolding)             --> False
--simulation (unfolding synthetic data)             --> False
--modulation (data unfolded with modulated MC)      --> False
--closure  (modulated MC unfolded with itself)      --> False
--weighed_acceptance (use acceptance weights only)  --> False
--test                                              --> False
--verbose                                           --> False
--weight_tag                                        --> ''
--fit                                               --> True
--remake_fit                                        --> True
--CrossSection_Norm                                 --> False
--tag_proton                                        --> False
--cut_proton                                        --> False
--Common_Int_Bins                                   --> False
--bayes_iterations                                  --> None
--Num_Toys                                          --> 500
--Unfold_Methods                                    --> ['Bayesian']
--title                                             --> None
--EvGen                                             --> False
--Min_Allowed_Acceptance_Cut                        --> 0.0005
--Use_TTree                                         --> True
--Apply_RC                                          --> False
--Apply_BC                                          --> False
--Add_Uncertainties                                 --> False
--save_json                                         --> True
--json_name                                         --> 'Fit_Pars_from_Simple_RooUnfold_SelfContained_using_Hybrid_Unfolded_Parallel_SIDIS_epip_from_3D_and_5D_1st_Order_V2.json'
--old_json                                          --> False
--background_source                                 --> 'lundvpk'
--use_spline_init                                   --> True
--fit_init_file                                     --> None
--pass_version                                      --> 'Pass 2'
--smearing_options                                  --> 'smear'
--Q2_y_Bin_List                                     --> ['0', '1', '2', '3', '4', '5', '6', '7', '8', '9', '10', '11', '12', '13', '14', '15', '16', '17']
--Run_5D_Unfold                                     --> False
--run_sec_unfold                                    --> False


The time that this code finished is [1m01:03 p.m.[0m
The total time the code took to run is:
0 Day(s), 0 Hour(s), 20 Minute(s), and 14 Second(s).
Saved 66175 Histograms...
Rate = 54.51 Histograms/Seconds
    

[1m[92m[43m
    	                                   	   
    	This code has now finished running.	   
    	                                   	   [0m
    
    
