Info in <TCanvas::MakeDefCanvas>:  created default TCanvas with name c1


[1m[92m[43m

    Will be Fitting Plots    
[0m



[1m[94mSmear option selected is: Smear[0m


Running for Q2-xB/Q2-y Bins: '0', '1', '2', '3', '4', '5', '6', '7', '8', '9', '10', '11', '12', '13', '14', '15', '16', '17'
[1m
Starting RG-A SIDIS Analysis
[0m

Started running on [1m8-17-2026[0m at [1m12:20 p.m.[0m


[91m[1mUsing Existing TTree [0m[1m(File is: [4mHybrid_Unfolded_Parallel_SIDIS_epip_from_3D_and_5D_1st_Order_V2.root[0m[1m)[91m[1m instead of Creating New Unfolded Histograms[0m

[1m[94mRecovered: [1m[92m66175[0m[1m[94m items[0m


Current Time: [1m12:20 p.m.[0m
Time Elapsed Up To Now:
0 Day(s), 0 Hour(s), 0 Minute(s), and 4 Second(s).

[94mNormal Unfolding Fits Already Included? -> [91m[1mFalse[0m
[1mNot running RC... Did not check for RC fits.[0m
[1mNot running BC... Did not check for BC fits.[0m

[1m[94mMaking the fits...[0m

Fitting for: [1m(MultiDim_3D_Histo)_(Bayesian)_(SMEAR=Smear)_(Q2_y_Bin_12)_(z_pT_Bin_6)_(MultiDim_z_pT_Bin_Y_bin_phi_t)[0m (Histo Num 39689)
[92mLoaded special_fit_parameters_set from Prepare_Next_Iteration/Phi_h_Fit_Parameters_from_Spline.py[0m
Fitting for: [1m(MultiDim_3D_Histo)_(Bayesian)_(SMEAR=Smear)_(Q2_y_Bin_12)_(z_pT_Bin_7)_(MultiDim_z_pT_Bin_Y_bin_phi_t)[0m (Histo Num 39690)
Fitting for: [1m(MultiDim_3D_Histo)_(Bayesian)_(SMEAR=Smear)_(Q2_y_Bin_12)_(z_pT_Bin_8)_(MultiDim_z_pT_Bin_Y_bin_phi_t)[0m (Histo Num 39691)
Fitting for: [1m(MultiDim_3D_Histo)_(Bayesian)_(SMEAR=Smear)_(Q2_y_Bin_12)_(z_pT_Bin_9)_(MultiDim_z_pT_Bin_Y_bin_phi_t)[0m (Histo Num 39692)
Fitting for: [1m(MultiDim_3D_Histo)_(Bayesian)_(SMEAR=Smear)_(Q2_y_Bin_12)_(z_pT_Bin_10)_(MultiDim_z_pT_Bin_Y_bin_phi_t)[0m (Histo Num 39693)
Fitting for: [1m(MultiDim_3D_Histo)_(Bayesian)_(SMEAR=Smear)_(Q2_y_Bin_12)_(z_pT_Bin_11)_(MultiDim_z_pT_Bin_Y_bin_phi_t)[0m (Histo Num 39694)
Fitting for: [1m(MultiDim_3D_Histo)_(Bayesian)_(SMEAR=Smear)_(Q2_y_Bin_12)_(z_pT_Bin_12)_(MultiDim_z_pT_Bin_Y_bin_phi_t)[0m (Histo Num 39695)
Fitting for: [1m(MultiDim_3D_Histo)_(Bayesian)_(SMEAR=Smear)_(Q2_y_Bin_12)_(z_pT_Bin_13)_(MultiDim_z_pT_Bin_Y_bin_phi_t)[0m (Histo Num 39696)
Fitting for: [1m(MultiDim_3D_Histo)_(Bayesian)_(SMEAR=Smear)_(Q2_y_Bin_12)_(z_pT_Bin_14)_(MultiDim_z_pT_Bin_Y_bin_phi_t)[0m (Histo Num 39697)
Fitting for: [1m(MultiDim_3D_Histo)_(Bayesian)_(SMEAR=Smear)_(Q2_y_Bin_12)_(z_pT_Bin_15)_(MultiDim_z_pT_Bin_Y_bin_phi_t)[0m (Histo Num 39698)
Fitting for: [1m(MultiDim_3D_Histo)_(Bayesian)_(SMEAR=Smear)_(Q2_y_Bin_12)_(z_pT_Bin_16)_(MultiDim_z_pT_Bin_Y_bin_phi_t)[0m (Histo Num 39699)
Fitting for: [1m(MultiDim_3D_Histo)_(Bayesian)_(SMEAR=Smear)_(Q2_y_Bin_12)_(z_pT_Bin_17)_(MultiDim_z_pT_Bin_Y_bin_phi_t)[0m (Histo Num 39700)
Fitting for: [1m(MultiDim_3D_Histo)_(Bayesian)_(SMEAR=Smear)_(Q2_y_Bin_12)_(z_pT_Bin_18)_(MultiDim_z_pT_Bin_Y_bin_phi_t)[0m (Histo Num 39701)
Fitting for: [1m(MultiDim_3D_Histo)_(Bayesian)_(SMEAR=Smear)_(Q2_y_Bin_12)_(z_pT_Bin_19)_(MultiDim_z_pT_Bin_Y_bin_phi_t)[0m (Histo Num 39702)
Fitting for: [1m(MultiDim_3D_Histo)_(Bayesian)_(SMEAR=Smear)_(Q2_y_Bin_12)_(z_pT_Bin_20)_(MultiDim_z_pT_Bin_Y_bin_phi_t)[0m (Histo Num 39703)
Fitting for: [1m(MultiDim_3D_Histo)_(Bayesian)_(SMEAR=Smear)_(Q2_y_Bin_12)_(z_pT_Bin_21)_(MultiDim_z_pT_Bin_Y_bin_phi_t)[0m (Histo Num 39704)
Fitting for: [1m(MultiDim_3D_Histo)_(Bayesian)_(SMEAR=Smear)_(Q2_y_Bin_12)_(z_pT_Bin_22)_(MultiDim_z_pT_Bin_Y_bin_phi_t)[0m (Histo Num 39705)
Fitting for: [1m(MultiDim_3D_Histo)_(Bayesian)_(SMEAR=Smear)_(Q2_y_Bin_12)_(z_pT_Bin_23)_(MultiDim_z_pT_Bin_Y_bin_phi_t)[0m (Histo Num 39706)
Fitting for: [1m(MultiDim_3D_Histo)_(Bayesian)_(SMEAR=Smear)_(Q2_y_Bin_12)_(z_pT_Bin_24)_(MultiDim_z_pT_Bin_Y_bin_phi_t)[0m (Histo Num 39707)
Fitting for: [1m(MultiDim_3D_Histo)_(Bayesian)_(SMEAR=Smear)_(Q2_y_Bin_11)_(z_pT_Bin_1)_(MultiDim_z_pT_Bin_Y_bin_phi_t)[0m (Histo Num 39735)
Fitting for: [1m(MultiDim_3D_Histo)_(Bayesian)_(SMEAR=Smear)_(Q2_y_Bin_11)_(z_pT_Bin_2)_(MultiDim_z_pT_Bin_Y_bin_phi_t)[0m (Histo Num 39736)
Fitting for: [1m(MultiDim_3D_Histo)_(Bayesian)_(SMEAR=Smear)_(Q2_y_Bin_11)_(z_pT_Bin_3)_(MultiDim_z_pT_Bin_Y_bin_phi_t)[0m (Histo Num 39737)
Fitting for: [1m(MultiDim_3D_Histo)_(Bayesian)_(SMEAR=Smear)_(Q2_y_Bin_11)_(z_pT_Bin_4)_(MultiDim_z_pT_Bin_Y_bin_phi_t)[0m (Histo Num 39738)
Fitting for: [1m(MultiDim_3D_Histo)_(Bayesian)_(SMEAR=Smear)_(Q2_y_Bin_11)_(z_pT_Bin_6)_(MultiDim_z_pT_Bin_Y_bin_phi_t)[0m (Histo Num 39739)
Fitting for: [1m(MultiDim_3D_Histo)_(Bayesian)_(SMEAR=Smear)_(Q2_y_Bin_11)_(z_pT_Bin_7)_(MultiDim_z_pT_Bin_Y_bin_phi_t)[0m (Histo Num 39740)
Fitting for: [1m(MultiDim_3D_Histo)_(Bayesian)_(SMEAR=Smear)_(Q2_y_Bin_11)_(z_pT_Bin_8)_(MultiDim_z_pT_Bin_Y_bin_phi_t)[0m (Histo Num 39741)
Fitting for: [1m(MultiDim_3D_Histo)_(Bayesian)_(SMEAR=Smear)_(Q2_y_Bin_11)_(z_pT_Bin_9)_(MultiDim_z_pT_Bin_Y_bin_phi_t)[0m (Histo Num 39742)
Fitting for: [1m(MultiDim_3D_Histo)_(Bayesian)_(SMEAR=Smear)_(Q2_y_Bin_11)_(z_pT_Bin_10)_(MultiDim_z_pT_Bin_Y_bin_phi_t)[0m (Histo Num 39743)
Fitting for: [1m(MultiDim_3D_Histo)_(Bayesian)_(SMEAR=Smear)_(Q2_y_Bin_11)_(z_pT_Bin_11)_(MultiDim_z_pT_Bin_Y_bin_phi_t)[0m (Histo Num 39744)
Fitting for: [1m(MultiDim_3D_Histo)_(Bayesian)_(SMEAR=Smear)_(Q2_y_Bin_11)_(z_pT_Bin_12)_(MultiDim_z_pT_Bin_Y_bin_phi_t)[0m (Histo Num 39745)
Fitting for: [1m(MultiDim_3D_Histo)_(Bayesian)_(SMEAR=Smear)_(Q2_y_Bin_11)_(z_pT_Bin_13)_(MultiDim_z_pT_Bin_Y_bin_phi_t)[0m (Histo Num 39746)
Fitting for: [1m(MultiDim_3D_Histo)_(Bayesian)_(SMEAR=Smear)_(Q2_y_Bin_11)_(z_pT_Bin_14)_(MultiDim_z_pT_Bin_Y_bin_phi_t)[0m (Histo Num 39747)
Fitting for: [1m(MultiDim_3D_Histo)_(Bayesian)_(SMEAR=Smear)_(Q2_y_Bin_11)_(z_pT_Bin_15)_(MultiDim_z_pT_Bin_Y_bin_phi_t)[0m (Histo Num 39748)
Fitting for: [1m(MultiDim_3D_Histo)_(Bayesian)_(SMEAR=Smear)_(Q2_y_Bin_11)_(z_pT_Bin_16)_(MultiDim_z_pT_Bin_Y_bin_phi_t)[0m (Histo Num 39749)
Fitting for: [1m(MultiDim_3D_Histo)_(Bayesian)_(SMEAR=Smear)_(Q2_y_Bin_11)_(z_pT_Bin_17)_(MultiDim_z_pT_Bin_Y_bin_phi_t)[0m (Histo Num 39750)
Fitting for: [1m(MultiDim_3D_Histo)_(Bayesian)_(SMEAR=Smear)_(Q2_y_Bin_11)_(z_pT_Bin_18)_(MultiDim_z_pT_Bin_Y_bin_phi_t)[0m (Histo Num 39751)
Fitting for: [1m(MultiDim_3D_Histo)_(Bayesian)_(SMEAR=Smear)_(Q2_y_Bin_11)_(z_pT_Bin_19)_(MultiDim_z_pT_Bin_Y_bin_phi_t)[0m (Histo Num 39752)
Fitting for: [1m(MultiDim_3D_Histo)_(Bayesian)_(SMEAR=Smear)_(Q2_y_Bin_11)_(z_pT_Bin_20)_(MultiDim_z_pT_Bin_Y_bin_phi_t)[0m (Histo Num 39753)
Fitting for: [1m(MultiDim_3D_Histo)_(Bayesian)_(SMEAR=Smear)_(Q2_y_Bin_11)_(z_pT_Bin_21)_(MultiDim_z_pT_Bin_Y_bin_phi_t)[0m (Histo Num 39754)
Fitting for: [1m(MultiDim_3D_Histo)_(Bayesian)_(SMEAR=Smear)_(Q2_y_Bin_11)_(z_pT_Bin_22)_(MultiDim_z_pT_Bin_Y_bin_phi_t)[0m (Histo Num 39755)
Fitting for: [1m(MultiDim_3D_Histo)_(Bayesian)_(SMEAR=Smear)_(Q2_y_Bin_11)_(z_pT_Bin_23)_(MultiDim_z_pT_Bin_Y_bin_phi_t)[0m (Histo Num 39756)
Fitting for: [1m(MultiDim_3D_Histo)_(Bayesian)_(SMEAR=Smear)_(Q2_y_Bin_11)_(z_pT_Bin_24)_(MultiDim_z_pT_Bin_Y_bin_phi_t)[0m (Histo Num 39757)
Fitting for: [1m(MultiDim_3D_Histo)_(Bayesian)_(SMEAR=Smear)_(Q2_y_Bin_16)_(z_pT_Bin_1)_(MultiDim_z_pT_Bin_Y_bin_phi_t)[0m (Histo Num 39786)
Fitting for: [1m(MultiDim_3D_Histo)_(Bayesian)_(SMEAR=Smear)_(Q2_y_Bin_16)_(z_pT_Bin_2)_(MultiDim_z_pT_Bin_Y_bin_phi_t)[0m (Histo Num 39787)
Fitting for: [1m(MultiDim_3D_Histo)_(Bayesian)_(SMEAR=Smear)_(Q2_y_Bin_16)_(z_pT_Bin_3)_(MultiDim_z_pT_Bin_Y_bin_phi_t)[0m (Histo Num 39788)
Fitting for: [1m(MultiDim_3D_Histo)_(Bayesian)_(SMEAR=Smear)_(Q2_y_Bin_16)_(z_pT_Bin_4)_(MultiDim_z_pT_Bin_Y_bin_phi_t)[0m (Histo Num 39789)
Fitting for: [1m(MultiDim_3D_Histo)_(Bayesian)_(SMEAR=Smear)_(Q2_y_Bin_16)_(z_pT_Bin_5)_(MultiDim_z_pT_Bin_Y_bin_phi_t)[0m (Histo Num 39790)
Fitting for: [1m(MultiDim_3D_Histo)_(Bayesian)_(SMEAR=Smear)_(Q2_y_Bin_16)_(z_pT_Bin_6)_(MultiDim_z_pT_Bin_Y_bin_phi_t)[0m (Histo Num 39791)
Fitting for: [1m(MultiDim_3D_Histo)_(Bayesian)_(SMEAR=Smear)_(Q2_y_Bin_16)_(z_pT_Bin_7)_(MultiDim_z_pT_Bin_Y_bin_phi_t)[0m (Histo Num 39792)
Fitting for: [1m(MultiDim_3D_Histo)_(Bayesian)_(SMEAR=Smear)_(Q2_y_Bin_16)_(z_pT_Bin_8)_(MultiDim_z_pT_Bin_Y_bin_phi_t)[0m (Histo Num 39793)
Fitting for: [1m(MultiDim_3D_Histo)_(Bayesian)_(SMEAR=Smear)_(Q2_y_Bin_16)_(z_pT_Bin_9)_(MultiDim_z_pT_Bin_Y_bin_phi_t)[0m (Histo Num 39794)
Fitting for: [1m(MultiDim_3D_Histo)_(Bayesian)_(SMEAR=Smear)_(Q2_y_Bin_16)_(z_pT_Bin_10)_(MultiDim_z_pT_Bin_Y_bin_phi_t)[0m (Histo Num 39795)
Fitting for: [1m(MultiDim_3D_Histo)_(Bayesian)_(SMEAR=Smear)_(Q2_y_Bin_16)_(z_pT_Bin_11)_(MultiDim_z_pT_Bin_Y_bin_phi_t)[0m (Histo Num 39796)
Fitting for: [1m(MultiDim_3D_Histo)_(Bayesian)_(SMEAR=Smear)_(Q2_y_Bin_16)_(z_pT_Bin_12)_(MultiDim_z_pT_Bin_Y_bin_phi_t)[0m (Histo Num 39797)
Fitting for: [1m(MultiDim_3D_Histo)_(Bayesian)_(SMEAR=Smear)_(Q2_y_Bin_16)_(z_pT_Bin_13)_(MultiDim_z_pT_Bin_Y_bin_phi_t)[0m (Histo Num 39798)
Fitting for: [1m(MultiDim_3D_Histo)_(Bayesian)_(SMEAR=Smear)_(Q2_y_Bin_16)_(z_pT_Bin_14)_(MultiDim_z_pT_Bin_Y_bin_phi_t)[0m (Histo Num 39799)
Fitting for: [1m(MultiDim_3D_Histo)_(Bayesian)_(SMEAR=Smear)_(Q2_y_Bin_16)_(z_pT_Bin_15)_(MultiDim_z_pT_Bin_Y_bin_phi_t)[0m (Histo Num 39800)
Fitting for: [1m(MultiDim_3D_Histo)_(Bayesian)_(SMEAR=Smear)_(Q2_y_Bin_16)_(z_pT_Bin_16)_(MultiDim_z_pT_Bin_Y_bin_phi_t)[0m (Histo Num 39801)
Fitting for: [1m(MultiDim_3D_Histo)_(Bayesian)_(SMEAR=Smear)_(Q2_y_Bin_16)_(z_pT_Bin_17)_(MultiDim_z_pT_Bin_Y_bin_phi_t)[0m (Histo Num 39802)
Fitting for: [1m(MultiDim_3D_Histo)_(Bayesian)_(SMEAR=Smear)_(Q2_y_Bin_16)_(z_pT_Bin_19)_(MultiDim_z_pT_Bin_Y_bin_phi_t)[0m (Histo Num 39803)
Fitting for: [1m(MultiDim_3D_Histo)_(Bayesian)_(SMEAR=Smear)_(Q2_y_Bin_16)_(z_pT_Bin_20)_(MultiDim_z_pT_Bin_Y_bin_phi_t)[0m (Histo Num 39804)
Fitting for: [1m(MultiDim_3D_Histo)_(Bayesian)_(SMEAR=Smear)_(Q2_y_Bin_16)_(z_pT_Bin_21)_(MultiDim_z_pT_Bin_Y_bin_phi_t)[0m (Histo Num 39805)
Fitting for: [1m(MultiDim_3D_Histo)_(Bayesian)_(SMEAR=Smear)_(Q2_y_Bin_16)_(z_pT_Bin_22)_(MultiDim_z_pT_Bin_Y_bin_phi_t)[0m (Histo Num 39806)
Fitting for: [1m(MultiDim_3D_Histo)_(Bayesian)_(SMEAR=Smear)_(Q2_y_Bin_16)_(z_pT_Bin_25)_(MultiDim_z_pT_Bin_Y_bin_phi_t)[0m (Histo Num 39807)
Fitting for: [1m(MultiDim_3D_Histo)_(Bayesian)_(SMEAR=Smear)_(Q2_y_Bin_16)_(z_pT_Bin_26)_(MultiDim_z_pT_Bin_Y_bin_phi_t)[0m (Histo Num 39808)
Fitting for: [1m(MultiDim_3D_Histo)_(Bayesian)_(SMEAR=Smear)_(Q2_y_Bin_16)_(z_pT_Bin_27)_(MultiDim_z_pT_Bin_Y_bin_phi_t)[0m (Histo Num 39809)
Fitting for: [1m(MultiDim_3D_Histo)_(Bayesian)_(SMEAR=Smear)_(Q2_y_Bin_15)_(z_pT_Bin_1)_(MultiDim_z_pT_Bin_Y_bin_phi_t)[0m (Histo Num 39836)
Fitting for: [1m(MultiDim_3D_Histo)_(Bayesian)_(SMEAR=Smear)_(Q2_y_Bin_15)_(z_pT_Bin_2)_(MultiDim_z_pT_Bin_Y_bin_phi_t)[0m (Histo Num 39837)
Fitting for: [1m(MultiDim_3D_Histo)_(Bayesian)_(SMEAR=Smear)_(Q2_y_Bin_15)_(z_pT_Bin_3)_(MultiDim_z_pT_Bin_Y_bin_phi_t)[0m (Histo Num 39838)
Fitting for: [1m(MultiDim_3D_Histo)_(Bayesian)_(SMEAR=Smear)_(Q2_y_Bin_15)_(z_pT_Bin_4)_(MultiDim_z_pT_Bin_Y_bin_phi_t)[0m (Histo Num 39839)
Fitting for: [1m(MultiDim_3D_Histo)_(Bayesian)_(SMEAR=Smear)_(Q2_y_Bin_15)_(z_pT_Bin_6)_(MultiDim_z_pT_Bin_Y_bin_phi_t)[0m (Histo Num 39840)
Fitting for: [1m(MultiDim_3D_Histo)_(Bayesian)_(SMEAR=Smear)_(Q2_y_Bin_15)_(z_pT_Bin_7)_(MultiDim_z_pT_Bin_Y_bin_phi_t)[0m (Histo Num 39841)
Fitting for: [1m(MultiDim_3D_Histo)_(Bayesian)_(SMEAR=Smear)_(Q2_y_Bin_15)_(z_pT_Bin_8)_(MultiDim_z_pT_Bin_Y_bin_phi_t)[0m (Histo Num 39842)
Fitting for: [1m(MultiDim_3D_Histo)_(Bayesian)_(SMEAR=Smear)_(Q2_y_Bin_15)_(z_pT_Bin_9)_(MultiDim_z_pT_Bin_Y_bin_phi_t)[0m (Histo Num 39843)
Fitting for: [1m(MultiDim_3D_Histo)_(Bayesian)_(SMEAR=Smear)_(Q2_y_Bin_15)_(z_pT_Bin_10)_(MultiDim_z_pT_Bin_Y_bin_phi_t)[0m (Histo Num 39844)
Fitting for: [1m(MultiDim_3D_Histo)_(Bayesian)_(SMEAR=Smear)_(Q2_y_Bin_15)_(z_pT_Bin_11)_(MultiDim_z_pT_Bin_Y_bin_phi_t)[0m (Histo Num 39845)
Fitting for: [1m(MultiDim_3D_Histo)_(Bayesian)_(SMEAR=Smear)_(Q2_y_Bin_15)_(z_pT_Bin_12)_(MultiDim_z_pT_Bin_Y_bin_phi_t)[0m (Histo Num 39846)
Fitting for: [1m(MultiDim_3D_Histo)_(Bayesian)_(SMEAR=Smear)_(Q2_y_Bin_15)_(z_pT_Bin_13)_(MultiDim_z_pT_Bin_Y_bin_phi_t)[0m (Histo Num 39847)
Fitting for: [1m(MultiDim_3D_Histo)_(Bayesian)_(SMEAR=Smear)_(Q2_y_Bin_15)_(z_pT_Bin_14)_(MultiDim_z_pT_Bin_Y_bin_phi_t)[0m (Histo Num 39848)
Fitting for: [1m(MultiDim_3D_Histo)_(Bayesian)_(SMEAR=Smear)_(Q2_y_Bin_15)_(z_pT_Bin_15)_(MultiDim_z_pT_Bin_Y_bin_phi_t)[0m (Histo Num 39849)
Fitting for: [1m(MultiDim_3D_Histo)_(Bayesian)_(SMEAR=Smear)_(Q2_y_Bin_15)_(z_pT_Bin_16)_(MultiDim_z_pT_Bin_Y_bin_phi_t)[0m (Histo Num 39850)
Fitting for: [1m(MultiDim_3D_Histo)_(Bayesian)_(SMEAR=Smear)_(Q2_y_Bin_15)_(z_pT_Bin_17)_(MultiDim_z_pT_Bin_Y_bin_phi_t)[0m (Histo Num 39851)
Fitting for: [1m(MultiDim_3D_Histo)_(Bayesian)_(SMEAR=Smear)_(Q2_y_Bin_15)_(z_pT_Bin_18)_(MultiDim_z_pT_Bin_Y_bin_phi_t)[0m (Histo Num 39852)
Fitting for: [1m(MultiDim_3D_Histo)_(Bayesian)_(SMEAR=Smear)_(Q2_y_Bin_15)_(z_pT_Bin_19)_(MultiDim_z_pT_Bin_Y_bin_phi_t)[0m (Histo Num 39853)
Fitting for: [1m(MultiDim_3D_Histo)_(Bayesian)_(SMEAR=Smear)_(Q2_y_Bin_15)_(z_pT_Bin_21)_(MultiDim_z_pT_Bin_Y_bin_phi_t)[0m (Histo Num 39854)
Fitting for: [1m(MultiDim_3D_Histo)_(Bayesian)_(SMEAR=Smear)_(Q2_y_Bin_15)_(z_pT_Bin_22)_(MultiDim_z_pT_Bin_Y_bin_phi_t)[0m (Histo Num 39855)
Fitting for: [1m(MultiDim_3D_Histo)_(Bayesian)_(SMEAR=Smear)_(Q2_y_Bin_15)_(z_pT_Bin_23)_(MultiDim_z_pT_Bin_Y_bin_phi_t)[0m (Histo Num 39856)
Fitting for: [1m(MultiDim_3D_Histo)_(Bayesian)_(SMEAR=Smear)_(Q2_y_Bin_15)_(z_pT_Bin_24)_(MultiDim_z_pT_Bin_Y_bin_phi_t)[0m (Histo Num 39857)
Fitting for: [1m(MultiDim_3D_Histo)_(Bayesian)_(SMEAR=Smear)_(Q2_y_Bin_6)_(z_pT_Bin_1)_(MultiDim_z_pT_Bin_Y_bin_phi_t)[0m (Histo Num 39888)
Fitting for: [1m(MultiDim_3D_Histo)_(Bayesian)_(SMEAR=Smear)_(Q2_y_Bin_6)_(z_pT_Bin_2)_(MultiDim_z_pT_Bin_Y_bin_phi_t)[0m (Histo Num 39889)
Fitting for: [1m(MultiDim_3D_Histo)_(Bayesian)_(SMEAR=Smear)_(Q2_y_Bin_6)_(z_pT_Bin_3)_(MultiDim_z_pT_Bin_Y_bin_phi_t)[0m (Histo Num 39890)
Fitting for: [1m(MultiDim_3D_Histo)_(Bayesian)_(SMEAR=Smear)_(Q2_y_Bin_6)_(z_pT_Bin_4)_(MultiDim_z_pT_Bin_Y_bin_phi_t)[0m (Histo Num 39891)
Fitting for: [1m(MultiDim_3D_Histo)_(Bayesian)_(SMEAR=Smear)_(Q2_y_Bin_6)_(z_pT_Bin_5)_(MultiDim_z_pT_Bin_Y_bin_phi_t)[0m (Histo Num 39892)
Fitting for: [1m(MultiDim_3D_Histo)_(Bayesian)_(SMEAR=Smear)_(Q2_y_Bin_6)_(z_pT_Bin_6)_(MultiDim_z_pT_Bin_Y_bin_phi_t)[0m (Histo Num 39893)
Fitting for: [1m(MultiDim_3D_Histo)_(Bayesian)_(SMEAR=Smear)_(Q2_y_Bin_6)_(z_pT_Bin_7)_(MultiDim_z_pT_Bin_Y_bin_phi_t)[0m (Histo Num 39894)
Fitting for: [1m(MultiDim_3D_Histo)_(Bayesian)_(SMEAR=Smear)_(Q2_y_Bin_6)_(z_pT_Bin_8)_(MultiDim_z_pT_Bin_Y_bin_phi_t)[0m (Histo Num 39895)
Fitting for: [1m(MultiDim_3D_Histo)_(Bayesian)_(SMEAR=Smear)_(Q2_y_Bin_6)_(z_pT_Bin_9)_(MultiDim_z_pT_Bin_Y_bin_phi_t)[0m (Histo Num 39896)
Fitting for: [1m(MultiDim_3D_Histo)_(Bayesian)_(SMEAR=Smear)_(Q2_y_Bin_6)_(z_pT_Bin_10)_(MultiDim_z_pT_Bin_Y_bin_phi_t)[0m (Histo Num 39897)
Fitting for: [1m(MultiDim_3D_Histo)_(Bayesian)_(SMEAR=Smear)_(Q2_y_Bin_6)_(z_pT_Bin_11)_(MultiDim_z_pT_Bin_Y_bin_phi_t)[0m (Histo Num 39898)
Fitting for: [1m(MultiDim_3D_Histo)_(Bayesian)_(SMEAR=Smear)_(Q2_y_Bin_6)_(z_pT_Bin_12)_(MultiDim_z_pT_Bin_Y_bin_phi_t)[0m (Histo Num 39899)
Fitting for: [1m(MultiDim_3D_Histo)_(Bayesian)_(SMEAR=Smear)_(Q2_y_Bin_6)_(z_pT_Bin_13)_(MultiDim_z_pT_Bin_Y_bin_phi_t)[0m (Histo Num 39900)
Fitting for: [1m(MultiDim_3D_Histo)_(Bayesian)_(SMEAR=Smear)_(Q2_y_Bin_6)_(z_pT_Bin_14)_(MultiDim_z_pT_Bin_Y_bin_phi_t)[0m (Histo Num 39901)
Fitting for: [1m(MultiDim_3D_Histo)_(Bayesian)_(SMEAR=Smear)_(Q2_y_Bin_6)_(z_pT_Bin_15)_(MultiDim_z_pT_Bin_Y_bin_phi_t)[0m (Histo Num 39902)
Fitting for: [1m(MultiDim_3D_Histo)_(Bayesian)_(SMEAR=Smear)_(Q2_y_Bin_6)_(z_pT_Bin_16)_(MultiDim_z_pT_Bin_Y_bin_phi_t)[0m (Histo Num 39903)
Fitting for: [1m(MultiDim_3D_Histo)_(Bayesian)_(SMEAR=Smear)_(Q2_y_Bin_6)_(z_pT_Bin_17)_(MultiDim_z_pT_Bin_Y_bin_phi_t)[0m (Histo Num 39904)
Fitting for: [1m(MultiDim_3D_Histo)_(Bayesian)_(SMEAR=Smear)_(Q2_y_Bin_6)_(z_pT_Bin_19)_(MultiDim_z_pT_Bin_Y_bin_phi_t)[0m (Histo Num 39905)
Fitting for: [1m(MultiDim_3D_Histo)_(Bayesian)_(SMEAR=Smear)_(Q2_y_Bin_6)_(z_pT_Bin_20)_(MultiDim_z_pT_Bin_Y_bin_phi_t)[0m (Histo Num 39906)
Fitting for: [1m(MultiDim_3D_Histo)_(Bayesian)_(SMEAR=Smear)_(Q2_y_Bin_6)_(z_pT_Bin_21)_(MultiDim_z_pT_Bin_Y_bin_phi_t)[0m (Histo Num 39907)
Fitting for: [1m(MultiDim_3D_Histo)_(Bayesian)_(SMEAR=Smear)_(Q2_y_Bin_6)_(z_pT_Bin_22)_(MultiDim_z_pT_Bin_Y_bin_phi_t)[0m (Histo Num 39908)
Fitting for: [1m(MultiDim_3D_Histo)_(Bayesian)_(SMEAR=Smear)_(Q2_y_Bin_6)_(z_pT_Bin_23)_(MultiDim_z_pT_Bin_Y_bin_phi_t)[0m (Histo Num 39909)
Fitting for: [1m(MultiDim_3D_Histo)_(Bayesian)_(SMEAR=Smear)_(Q2_y_Bin_6)_(z_pT_Bin_25)_(MultiDim_z_pT_Bin_Y_bin_phi_t)[0m (Histo Num 39910)
Fitting for: [1m(MultiDim_3D_Histo)_(Bayesian)_(SMEAR=Smear)_(Q2_y_Bin_6)_(z_pT_Bin_26)_(MultiDim_z_pT_Bin_Y_bin_phi_t)[0m (Histo Num 39911)
Fitting for: [1m(MultiDim_3D_Histo)_(Bayesian)_(SMEAR=Smear)_(Q2_y_Bin_6)_(z_pT_Bin_27)_(MultiDim_z_pT_Bin_Y_bin_phi_t)[0m (Histo Num 39912)
Fitting for: [1m(MultiDim_3D_Histo)_(Bayesian)_(SMEAR=Smear)_(Q2_y_Bin_6)_(z_pT_Bin_28)_(MultiDim_z_pT_Bin_Y_bin_phi_t)[0m (Histo Num 39913)
Fitting for: [1m(MultiDim_3D_Histo)_(Bayesian)_(SMEAR=Smear)_(Q2_y_Bin_14)_(z_pT_Bin_1)_(MultiDim_z_pT_Bin_Y_bin_phi_t)[0m (Histo Num 39949)
Fitting for: [1m(MultiDim_3D_Histo)_(Bayesian)_(SMEAR=Smear)_(Q2_y_Bin_14)_(z_pT_Bin_2)_(MultiDim_z_pT_Bin_Y_bin_phi_t)[0m (Histo Num 39950)
Fitting for: [1m(MultiDim_3D_Histo)_(Bayesian)_(SMEAR=Smear)_(Q2_y_Bin_14)_(z_pT_Bin_3)_(MultiDim_z_pT_Bin_Y_bin_phi_t)[0m (Histo Num 39951)
Fitting for: [1m(MultiDim_3D_Histo)_(Bayesian)_(SMEAR=Smear)_(Q2_y_Bin_14)_(z_pT_Bin_4)_(MultiDim_z_pT_Bin_Y_bin_phi_t)[0m (Histo Num 39952)
Fitting for: [1m(MultiDim_3D_Histo)_(Bayesian)_(SMEAR=Smear)_(Q2_y_Bin_14)_(z_pT_Bin_5)_(MultiDim_z_pT_Bin_Y_bin_phi_t)[0m (Histo Num 39953)
Fitting for: [1m(MultiDim_3D_Histo)_(Bayesian)_(SMEAR=Smear)_(Q2_y_Bin_14)_(z_pT_Bin_7)_(MultiDim_z_pT_Bin_Y_bin_phi_t)[0m (Histo Num 39954)
Fitting for: [1m(MultiDim_3D_Histo)_(Bayesian)_(SMEAR=Smear)_(Q2_y_Bin_14)_(z_pT_Bin_8)_(MultiDim_z_pT_Bin_Y_bin_phi_t)[0m (Histo Num 39955)
Fitting for: [1m(MultiDim_3D_Histo)_(Bayesian)_(SMEAR=Smear)_(Q2_y_Bin_14)_(z_pT_Bin_9)_(MultiDim_z_pT_Bin_Y_bin_phi_t)[0m (Histo Num 39956)
Fitting for: [1m(MultiDim_3D_Histo)_(Bayesian)_(SMEAR=Smear)_(Q2_y_Bin_14)_(z_pT_Bin_10)_(MultiDim_z_pT_Bin_Y_bin_phi_t)[0m (Histo Num 39957)
Fitting for: [1m(MultiDim_3D_Histo)_(Bayesian)_(SMEAR=Smear)_(Q2_y_Bin_14)_(z_pT_Bin_11)_(MultiDim_z_pT_Bin_Y_bin_phi_t)[0m (Histo Num 39958)
Fitting for: [1m(MultiDim_3D_Histo)_(Bayesian)_(SMEAR=Smear)_(Q2_y_Bin_14)_(z_pT_Bin_12)_(MultiDim_z_pT_Bin_Y_bin_phi_t)[0m (Histo Num 39959)
Fitting for: [1m(MultiDim_3D_Histo)_(Bayesian)_(SMEAR=Smear)_(Q2_y_Bin_14)_(z_pT_Bin_13)_(MultiDim_z_pT_Bin_Y_bin_phi_t)[0m (Histo Num 39960)
Fitting for: [1m(MultiDim_3D_Histo)_(Bayesian)_(SMEAR=Smear)_(Q2_y_Bin_14)_(z_pT_Bin_14)_(MultiDim_z_pT_Bin_Y_bin_phi_t)[0m (Histo Num 39961)
Fitting for: [1m(MultiDim_3D_Histo)_(Bayesian)_(SMEAR=Smear)_(Q2_y_Bin_14)_(z_pT_Bin_15)_(MultiDim_z_pT_Bin_Y_bin_phi_t)[0m (Histo Num 39962)
Fitting for: [1m(MultiDim_3D_Histo)_(Bayesian)_(SMEAR=Smear)_(Q2_y_Bin_14)_(z_pT_Bin_16)_(MultiDim_z_pT_Bin_Y_bin_phi_t)[0m (Histo Num 39963)
Fitting for: [1m(MultiDim_3D_Histo)_(Bayesian)_(SMEAR=Smear)_(Q2_y_Bin_14)_(z_pT_Bin_17)_(MultiDim_z_pT_Bin_Y_bin_phi_t)[0m (Histo Num 39964)
Fitting for: [1m(MultiDim_3D_Histo)_(Bayesian)_(SMEAR=Smear)_(Q2_y_Bin_14)_(z_pT_Bin_18)_(MultiDim_z_pT_Bin_Y_bin_phi_t)[0m (Histo Num 39965)
Fitting for: [1m(MultiDim_3D_Histo)_(Bayesian)_(SMEAR=Smear)_(Q2_y_Bin_14)_(z_pT_Bin_19)_(MultiDim_z_pT_Bin_Y_bin_phi_t)[0m (Histo Num 39966)
Fitting for: [1m(MultiDim_3D_Histo)_(Bayesian)_(SMEAR=Smear)_(Q2_y_Bin_14)_(z_pT_Bin_20)_(MultiDim_z_pT_Bin_Y_bin_phi_t)[0m (Histo Num 39967)
Fitting for: [1m(MultiDim_3D_Histo)_(Bayesian)_(SMEAR=Smear)_(Q2_y_Bin_14)_(z_pT_Bin_21)_(MultiDim_z_pT_Bin_Y_bin_phi_t)[0m (Histo Num 39968)
Fitting for: [1m(MultiDim_3D_Histo)_(Bayesian)_(SMEAR=Smear)_(Q2_y_Bin_14)_(z_pT_Bin_22)_(MultiDim_z_pT_Bin_Y_bin_phi_t)[0m (Histo Num 39969)
Fitting for: [1m(MultiDim_3D_Histo)_(Bayesian)_(SMEAR=Smear)_(Q2_y_Bin_14)_(z_pT_Bin_23)_(MultiDim_z_pT_Bin_Y_bin_phi_t)[0m (Histo Num 39970)
Fitting for: [1m(MultiDim_3D_Histo)_(Bayesian)_(SMEAR=Smear)_(Q2_y_Bin_14)_(z_pT_Bin_25)_(MultiDim_z_pT_Bin_Y_bin_phi_t)[0m (Histo Num 39971)
Fitting for: [1m(MultiDim_3D_Histo)_(Bayesian)_(SMEAR=Smear)_(Q2_y_Bin_14)_(z_pT_Bin_26)_(MultiDim_z_pT_Bin_Y_bin_phi_t)[0m (Histo Num 39972)
Fitting for: [1m(MultiDim_3D_Histo)_(Bayesian)_(SMEAR=Smear)_(Q2_y_Bin_14)_(z_pT_Bin_27)_(MultiDim_z_pT_Bin_Y_bin_phi_t)[0m (Histo Num 39973)
Fitting for: [1m(MultiDim_3D_Histo)_(Bayesian)_(SMEAR=Smear)_(Q2_y_Bin_14)_(z_pT_Bin_28)_(MultiDim_z_pT_Bin_Y_bin_phi_t)[0m (Histo Num 39974)
Fitting for: [1m(MultiDim_3D_Histo)_(Bayesian)_(SMEAR=Smear)_(Q2_y_Bin_14)_(z_pT_Bin_29)_(MultiDim_z_pT_Bin_Y_bin_phi_t)[0m (Histo Num 39975)
Fitting for: [1m(MultiDim_3D_Histo)_(Bayesian)_(SMEAR=Smear)_(Q2_y_Bin_14)_(z_pT_Bin_31)_(MultiDim_z_pT_Bin_Y_bin_phi_t)[0m (Histo Num 39976)
Fitting for: [1m(MultiDim_3D_Histo)_(Bayesian)_(SMEAR=Smear)_(Q2_y_Bin_14)_(z_pT_Bin_32)_(MultiDim_z_pT_Bin_Y_bin_phi_t)[0m (Histo Num 39977)
Fitting for: [1m(MultiDim_3D_Histo)_(Bayesian)_(SMEAR=Smear)_(Q2_y_Bin_14)_(z_pT_Bin_33)_(MultiDim_z_pT_Bin_Y_bin_phi_t)[0m (Histo Num 39978)
Fitting for: [1m(MultiDim_3D_Histo)_(Bayesian)_(SMEAR=Smear)_(Q2_y_Bin_14)_(z_pT_Bin_34)_(MultiDim_z_pT_Bin_Y_bin_phi_t)[0m (Histo Num 39979)
Fitting for: [1m(MultiDim_3D_Histo)_(Bayesian)_(SMEAR=Smear)_(Q2_y_Bin_17)_(z_pT_Bin_1)_(MultiDim_z_pT_Bin_Y_bin_phi_t)[0m (Histo Num 40010)
Fitting for: [1m(MultiDim_3D_Histo)_(Bayesian)_(SMEAR=Smear)_(Q2_y_Bin_17)_(z_pT_Bin_2)_(MultiDim_z_pT_Bin_Y_bin_phi_t)[0m (Histo Num 40011)
Fitting for: [1m(MultiDim_3D_Histo)_(Bayesian)_(SMEAR=Smear)_(Q2_y_Bin_17)_(z_pT_Bin_3)_(MultiDim_z_pT_Bin_Y_bin_phi_t)[0m (Histo Num 40012)
Fitting for: [1m(MultiDim_3D_Histo)_(Bayesian)_(SMEAR=Smear)_(Q2_y_Bin_17)_(z_pT_Bin_4)_(MultiDim_z_pT_Bin_Y_bin_phi_t)[0m (Histo Num 40013)
Fitting for: [1m(MultiDim_3D_Histo)_(Bayesian)_(SMEAR=Smear)_(Q2_y_Bin_17)_(z_pT_Bin_5)_(MultiDim_z_pT_Bin_Y_bin_phi_t)[0m (Histo Num 40014)
Fitting for: [1m(MultiDim_3D_Histo)_(Bayesian)_(SMEAR=Smear)_(Q2_y_Bin_17)_(z_pT_Bin_7)_(MultiDim_z_pT_Bin_Y_bin_phi_t)[0m (Histo Num 40015)
Fitting for: [1m(MultiDim_3D_Histo)_(Bayesian)_(SMEAR=Smear)_(Q2_y_Bin_17)_(z_pT_Bin_8)_(MultiDim_z_pT_Bin_Y_bin_phi_t)[0m (Histo Num 40016)
Fitting for: [1m(MultiDim_3D_Histo)_(Bayesian)_(SMEAR=Smear)_(Q2_y_Bin_17)_(z_pT_Bin_9)_(MultiDim_z_pT_Bin_Y_bin_phi_t)[0m (Histo Num 40017)
Fitting for: [1m(MultiDim_3D_Histo)_(Bayesian)_(SMEAR=Smear)_(Q2_y_Bin_17)_(z_pT_Bin_10)_(MultiDim_z_pT_Bin_Y_bin_phi_t)[0m (Histo Num 40018)
Fitting for: [1m(MultiDim_3D_Histo)_(Bayesian)_(SMEAR=Smear)_(Q2_y_Bin_17)_(z_pT_Bin_11)_(MultiDim_z_pT_Bin_Y_bin_phi_t)[0m (Histo Num 40019)
Fitting for: [1m(MultiDim_3D_Histo)_(Bayesian)_(SMEAR=Smear)_(Q2_y_Bin_17)_(z_pT_Bin_12)_(MultiDim_z_pT_Bin_Y_bin_phi_t)[0m (Histo Num 40020)
Fitting for: [1m(MultiDim_3D_Histo)_(Bayesian)_(SMEAR=Smear)_(Q2_y_Bin_17)_(z_pT_Bin_13)_(MultiDim_z_pT_Bin_Y_bin_phi_t)[0m (Histo Num 40021)
Fitting for: [1m(MultiDim_3D_Histo)_(Bayesian)_(SMEAR=Smear)_(Q2_y_Bin_17)_(z_pT_Bin_14)_(MultiDim_z_pT_Bin_Y_bin_phi_t)[0m (Histo Num 40022)
Fitting for: [1m(MultiDim_3D_Histo)_(Bayesian)_(SMEAR=Smear)_(Q2_y_Bin_17)_(z_pT_Bin_15)_(MultiDim_z_pT_Bin_Y_bin_phi_t)[0m (Histo Num 40023)
Fitting for: [1m(MultiDim_3D_Histo)_(Bayesian)_(SMEAR=Smear)_(Q2_y_Bin_17)_(z_pT_Bin_16)_(MultiDim_z_pT_Bin_Y_bin_phi_t)[0m (Histo Num 40024)
Fitting for: [1m(MultiDim_3D_Histo)_(Bayesian)_(SMEAR=Smear)_(Q2_y_Bin_17)_(z_pT_Bin_17)_(MultiDim_z_pT_Bin_Y_bin_phi_t)[0m (Histo Num 40025)
Fitting for: [1m(MultiDim_3D_Histo)_(Bayesian)_(SMEAR=Smear)_(Q2_y_Bin_17)_(z_pT_Bin_18)_(MultiDim_z_pT_Bin_Y_bin_phi_t)[0m (Histo Num 40026)
Fitting for: [1m(MultiDim_3D_Histo)_(Bayesian)_(SMEAR=Smear)_(Q2_y_Bin_17)_(z_pT_Bin_19)_(MultiDim_z_pT_Bin_Y_bin_phi_t)[0m (Histo Num 40027)
Fitting for: [1m(MultiDim_3D_Histo)_(Bayesian)_(SMEAR=Smear)_(Q2_y_Bin_17)_(z_pT_Bin_20)_(MultiDim_z_pT_Bin_Y_bin_phi_t)[0m (Histo Num 40028)
Fitting for: [1m(MultiDim_3D_Histo)_(Bayesian)_(SMEAR=Smear)_(Q2_y_Bin_17)_(z_pT_Bin_21)_(MultiDim_z_pT_Bin_Y_bin_phi_t)[0m (Histo Num 40029)
Fitting for: [1m(MultiDim_3D_Histo)_(Bayesian)_(SMEAR=Smear)_(Q2_y_Bin_17)_(z_pT_Bin_22)_(MultiDim_z_pT_Bin_Y_bin_phi_t)[0m (Histo Num 40030)
Fitting for: [1m(MultiDim_3D_Histo)_(Bayesian)_(SMEAR=Smear)_(Q2_y_Bin_17)_(z_pT_Bin_23)_(MultiDim_z_pT_Bin_Y_bin_phi_t)[0m (Histo Num 40031)
Fitting for: [1m(MultiDim_3D_Histo)_(Bayesian)_(SMEAR=Smear)_(Q2_y_Bin_17)_(z_pT_Bin_25)_(MultiDim_z_pT_Bin_Y_bin_phi_t)[0m (Histo Num 40032)
Fitting for: [1m(MultiDim_3D_Histo)_(Bayesian)_(SMEAR=Smear)_(Q2_y_Bin_17)_(z_pT_Bin_26)_(MultiDim_z_pT_Bin_Y_bin_phi_t)[0m (Histo Num 40033)
Fitting for: [1m(MultiDim_3D_Histo)_(Bayesian)_(SMEAR=Smear)_(Q2_y_Bin_17)_(z_pT_Bin_27)_(MultiDim_z_pT_Bin_Y_bin_phi_t)[0m (Histo Num 40034)
Fitting for: [1m(MultiDim_3D_Histo)_(Bayesian)_(SMEAR=Smear)_(Q2_y_Bin_17)_(z_pT_Bin_28)_(MultiDim_z_pT_Bin_Y_bin_phi_t)[0m (Histo Num 40035)
Fitting for: [1m(MultiDim_3D_Histo)_(Bayesian)_(SMEAR=Smear)_(Q2_y_Bin_13)_(z_pT_Bin_1)_(MultiDim_z_pT_Bin_Y_bin_phi_t)[0m (Histo Num 40066)
Fitting for: [1m(MultiDim_3D_Histo)_(Bayesian)_(SMEAR=Smear)_(Q2_y_Bin_13)_(z_pT_Bin_2)_(MultiDim_z_pT_Bin_Y_bin_phi_t)[0m (Histo Num 40067)
Fitting for: [1m(MultiDim_3D_Histo)_(Bayesian)_(SMEAR=Smear)_(Q2_y_Bin_13)_(z_pT_Bin_3)_(MultiDim_z_pT_Bin_Y_bin_phi_t)[0m (Histo Num 40068)
Fitting for: [1m(MultiDim_3D_Histo)_(Bayesian)_(SMEAR=Smear)_(Q2_y_Bin_13)_(z_pT_Bin_4)_(MultiDim_z_pT_Bin_Y_bin_phi_t)[0m (Histo Num 40069)
Fitting for: [1m(MultiDim_3D_Histo)_(Bayesian)_(SMEAR=Smear)_(Q2_y_Bin_13)_(z_pT_Bin_5)_(MultiDim_z_pT_Bin_Y_bin_phi_t)[0m (Histo Num 40070)
Fitting for: [1m(MultiDim_3D_Histo)_(Bayesian)_(SMEAR=Smear)_(Q2_y_Bin_13)_(z_pT_Bin_6)_(MultiDim_z_pT_Bin_Y_bin_phi_t)[0m (Histo Num 40071)
Fitting for: [1m(MultiDim_3D_Histo)_(Bayesian)_(SMEAR=Smear)_(Q2_y_Bin_13)_(z_pT_Bin_7)_(MultiDim_z_pT_Bin_Y_bin_phi_t)[0m (Histo Num 40072)
Fitting for: [1m(MultiDim_3D_Histo)_(Bayesian)_(SMEAR=Smear)_(Q2_y_Bin_13)_(z_pT_Bin_8)_(MultiDim_z_pT_Bin_Y_bin_phi_t)[0m (Histo Num 40073)
Fitting for: [1m(MultiDim_3D_Histo)_(Bayesian)_(SMEAR=Smear)_(Q2_y_Bin_13)_(z_pT_Bin_9)_(MultiDim_z_pT_Bin_Y_bin_phi_t)[0m (Histo Num 40074)
Fitting for: [1m(MultiDim_3D_Histo)_(Bayesian)_(SMEAR=Smear)_(Q2_y_Bin_13)_(z_pT_Bin_10)_(MultiDim_z_pT_Bin_Y_bin_phi_t)[0m (Histo Num 40075)
Fitting for: [1m(MultiDim_3D_Histo)_(Bayesian)_(SMEAR=Smear)_(Q2_y_Bin_13)_(z_pT_Bin_11)_(MultiDim_z_pT_Bin_Y_bin_phi_t)[0m (Histo Num 40076)
Fitting for: [1m(MultiDim_3D_Histo)_(Bayesian)_(SMEAR=Smear)_(Q2_y_Bin_13)_(z_pT_Bin_12)_(MultiDim_z_pT_Bin_Y_bin_phi_t)[0m (Histo Num 40077)
Fitting for: [1m(MultiDim_3D_Histo)_(Bayesian)_(SMEAR=Smear)_(Q2_y_Bin_13)_(z_pT_Bin_13)_(MultiDim_z_pT_Bin_Y_bin_phi_t)[0m (Histo Num 40078)
Fitting for: [1m(MultiDim_3D_Histo)_(Bayesian)_(SMEAR=Smear)_(Q2_y_Bin_13)_(z_pT_Bin_14)_(MultiDim_z_pT_Bin_Y_bin_phi_t)[0m (Histo Num 40079)
Fitting for: [1m(MultiDim_3D_Histo)_(Bayesian)_(SMEAR=Smear)_(Q2_y_Bin_13)_(z_pT_Bin_15)_(MultiDim_z_pT_Bin_Y_bin_phi_t)[0m (Histo Num 40080)
Fitting for: [1m(MultiDim_3D_Histo)_(Bayesian)_(SMEAR=Smear)_(Q2_y_Bin_13)_(z_pT_Bin_16)_(MultiDim_z_pT_Bin_Y_bin_phi_t)[0m (Histo Num 40081)
Fitting for: [1m(MultiDim_3D_Histo)_(Bayesian)_(SMEAR=Smear)_(Q2_y_Bin_13)_(z_pT_Bin_17)_(MultiDim_z_pT_Bin_Y_bin_phi_t)[0m (Histo Num 40082)
Fitting for: [1m(MultiDim_3D_Histo)_(Bayesian)_(SMEAR=Smear)_(Q2_y_Bin_13)_(z_pT_Bin_18)_(MultiDim_z_pT_Bin_Y_bin_phi_t)[0m (Histo Num 40083)
Fitting for: [1m(MultiDim_3D_Histo)_(Bayesian)_(SMEAR=Smear)_(Q2_y_Bin_13)_(z_pT_Bin_19)_(MultiDim_z_pT_Bin_Y_bin_phi_t)[0m (Histo Num 40084)
Fitting for: [1m(MultiDim_3D_Histo)_(Bayesian)_(SMEAR=Smear)_(Q2_y_Bin_13)_(z_pT_Bin_21)_(MultiDim_z_pT_Bin_Y_bin_phi_t)[0m (Histo Num 40085)
Fitting for: [1m(MultiDim_3D_Histo)_(Bayesian)_(SMEAR=Smear)_(Q2_y_Bin_13)_(z_pT_Bin_22)_(MultiDim_z_pT_Bin_Y_bin_phi_t)[0m (Histo Num 40086)
Fitting for: [1m(MultiDim_3D_Histo)_(Bayesian)_(SMEAR=Smear)_(Q2_y_Bin_13)_(z_pT_Bin_23)_(MultiDim_z_pT_Bin_Y_bin_phi_t)[0m (Histo Num 40087)
Fitting for: [1m(MultiDim_3D_Histo)_(Bayesian)_(SMEAR=Smear)_(Q2_y_Bin_13)_(z_pT_Bin_24)_(MultiDim_z_pT_Bin_Y_bin_phi_t)[0m (Histo Num 40088)
Fitting for: [1m(MultiDim_3D_Histo)_(Bayesian)_(SMEAR=Smear)_(Q2_y_Bin_13)_(z_pT_Bin_26)_(MultiDim_z_pT_Bin_Y_bin_phi_t)[0m (Histo Num 40089)
Fitting for: [1m(MultiDim_3D_Histo)_(Bayesian)_(SMEAR=Smear)_(Q2_y_Bin_13)_(z_pT_Bin_27)_(MultiDim_z_pT_Bin_Y_bin_phi_t)[0m (Histo Num 40090)
Fitting for: [1m(MultiDim_3D_Histo)_(Bayesian)_(SMEAR=Smear)_(Q2_y_Bin_13)_(z_pT_Bin_28)_(MultiDim_z_pT_Bin_Y_bin_phi_t)[0m (Histo Num 40091)
Fitting for: [1m(MultiDim_3D_Histo)_(Bayesian)_(SMEAR=Smear)_(Q2_y_Bin_4)_(z_pT_Bin_7)_(MultiDim_z_pT_Bin_Y_bin_phi_t)[0m (Histo Num 40120)
Fitting for: [1m(MultiDim_3D_Histo)_(Bayesian)_(SMEAR=Smear)_(Q2_y_Bin_4)_(z_pT_Bin_8)_(MultiDim_z_pT_Bin_Y_bin_phi_t)[0m (Histo Num 40121)
Fitting for: [1m(MultiDim_3D_Histo)_(Bayesian)_(SMEAR=Smear)_(Q2_y_Bin_4)_(z_pT_Bin_9)_(MultiDim_z_pT_Bin_Y_bin_phi_t)[0m (Histo Num 40122)
Fitting for: [1m(MultiDim_3D_Histo)_(Bayesian)_(SMEAR=Smear)_(Q2_y_Bin_4)_(z_pT_Bin_10)_(MultiDim_z_pT_Bin_Y_bin_phi_t)[0m (Histo Num 40123)
Fitting for: [1m(MultiDim_3D_Histo)_(Bayesian)_(SMEAR=Smear)_(Q2_y_Bin_4)_(z_pT_Bin_11)_(MultiDim_z_pT_Bin_Y_bin_phi_t)[0m (Histo Num 40124)
Fitting for: [1m(MultiDim_3D_Histo)_(Bayesian)_(SMEAR=Smear)_(Q2_y_Bin_4)_(z_pT_Bin_13)_(MultiDim_z_pT_Bin_Y_bin_phi_t)[0m (Histo Num 40125)
Fitting for: [1m(MultiDim_3D_Histo)_(Bayesian)_(SMEAR=Smear)_(Q2_y_Bin_4)_(z_pT_Bin_14)_(MultiDim_z_pT_Bin_Y_bin_phi_t)[0m (Histo Num 40126)
Fitting for: [1m(MultiDim_3D_Histo)_(Bayesian)_(SMEAR=Smear)_(Q2_y_Bin_4)_(z_pT_Bin_15)_(MultiDim_z_pT_Bin_Y_bin_phi_t)[0m (Histo Num 40127)
Fitting for: [1m(MultiDim_3D_Histo)_(Bayesian)_(SMEAR=Smear)_(Q2_y_Bin_4)_(z_pT_Bin_16)_(MultiDim_z_pT_Bin_Y_bin_phi_t)[0m (Histo Num 40128)
Fitting for: [1m(MultiDim_3D_Histo)_(Bayesian)_(SMEAR=Smear)_(Q2_y_Bin_4)_(z_pT_Bin_17)_(MultiDim_z_pT_Bin_Y_bin_phi_t)[0m (Histo Num 40129)
Fitting for: [1m(MultiDim_3D_Histo)_(Bayesian)_(SMEAR=Smear)_(Q2_y_Bin_4)_(z_pT_Bin_19)_(MultiDim_z_pT_Bin_Y_bin_phi_t)[0m (Histo Num 40130)
Fitting for: [1m(MultiDim_3D_Histo)_(Bayesian)_(SMEAR=Smear)_(Q2_y_Bin_4)_(z_pT_Bin_20)_(MultiDim_z_pT_Bin_Y_bin_phi_t)[0m (Histo Num 40131)
Fitting for: [1m(MultiDim_3D_Histo)_(Bayesian)_(SMEAR=Smear)_(Q2_y_Bin_4)_(z_pT_Bin_21)_(MultiDim_z_pT_Bin_Y_bin_phi_t)[0m (Histo Num 40132)
Fitting for: [1m(MultiDim_3D_Histo)_(Bayesian)_(SMEAR=Smear)_(Q2_y_Bin_4)_(z_pT_Bin_22)_(MultiDim_z_pT_Bin_Y_bin_phi_t)[0m (Histo Num 40133)
Fitting for: [1m(MultiDim_3D_Histo)_(Bayesian)_(SMEAR=Smear)_(Q2_y_Bin_4)_(z_pT_Bin_23)_(MultiDim_z_pT_Bin_Y_bin_phi_t)[0m (Histo Num 40134)
Fitting for: [1m(MultiDim_3D_Histo)_(Bayesian)_(SMEAR=Smear)_(Q2_y_Bin_4)_(z_pT_Bin_25)_(MultiDim_z_pT_Bin_Y_bin_phi_t)[0m (Histo Num 40135)
Fitting for: [1m(MultiDim_3D_Histo)_(Bayesian)_(SMEAR=Smear)_(Q2_y_Bin_4)_(z_pT_Bin_26)_(MultiDim_z_pT_Bin_Y_bin_phi_t)[0m (Histo Num 40136)
Fitting for: [1m(MultiDim_3D_Histo)_(Bayesian)_(SMEAR=Smear)_(Q2_y_Bin_4)_(z_pT_Bin_27)_(MultiDim_z_pT_Bin_Y_bin_phi_t)[0m (Histo Num 40137)
Fitting for: [1m(MultiDim_3D_Histo)_(Bayesian)_(SMEAR=Smear)_(Q2_y_Bin_4)_(z_pT_Bin_28)_(MultiDim_z_pT_Bin_Y_bin_phi_t)[0m (Histo Num 40138)
Fitting for: [1m(MultiDim_3D_Histo)_(Bayesian)_(SMEAR=Smear)_(Q2_y_Bin_4)_(z_pT_Bin_29)_(MultiDim_z_pT_Bin_Y_bin_phi_t)[0m (Histo Num 40139)
Fitting for: [1m(MultiDim_3D_Histo)_(Bayesian)_(SMEAR=Smear)_(Q2_y_Bin_4)_(z_pT_Bin_31)_(MultiDim_z_pT_Bin_Y_bin_phi_t)[0m (Histo Num 40140)
Fitting for: [1m(MultiDim_3D_Histo)_(Bayesian)_(SMEAR=Smear)_(Q2_y_Bin_4)_(z_pT_Bin_32)_(MultiDim_z_pT_Bin_Y_bin_phi_t)[0m (Histo Num 40141)
Fitting for: [1m(MultiDim_3D_Histo)_(Bayesian)_(SMEAR=Smear)_(Q2_y_Bin_4)_(z_pT_Bin_33)_(MultiDim_z_pT_Bin_Y_bin_phi_t)[0m (Histo Num 40142)
Fitting for: [1m(MultiDim_3D_Histo)_(Bayesian)_(SMEAR=Smear)_(Q2_y_Bin_4)_(z_pT_Bin_34)_(MultiDim_z_pT_Bin_Y_bin_phi_t)[0m (Histo Num 40143)
Fitting for: [1m(MultiDim_3D_Histo)_(Bayesian)_(SMEAR=Smear)_(Q2_y_Bin_9)_(z_pT_Bin_1)_(MultiDim_z_pT_Bin_Y_bin_phi_t)[0m (Histo Num 40177)
Fitting for: [1m(MultiDim_3D_Histo)_(Bayesian)_(SMEAR=Smear)_(Q2_y_Bin_9)_(z_pT_Bin_2)_(MultiDim_z_pT_Bin_Y_bin_phi_t)[0m (Histo Num 40178)
Fitting for: [1m(MultiDim_3D_Histo)_(Bayesian)_(SMEAR=Smear)_(Q2_y_Bin_9)_(z_pT_Bin_3)_(MultiDim_z_pT_Bin_Y_bin_phi_t)[0m (Histo Num 40179)
Fitting for: [1m(MultiDim_3D_Histo)_(Bayesian)_(SMEAR=Smear)_(Q2_y_Bin_9)_(z_pT_Bin_4)_(MultiDim_z_pT_Bin_Y_bin_phi_t)[0m (Histo Num 40180)
Fitting for: [1m(MultiDim_3D_Histo)_(Bayesian)_(SMEAR=Smear)_(Q2_y_Bin_9)_(z_pT_Bin_5)_(MultiDim_z_pT_Bin_Y_bin_phi_t)[0m (Histo Num 40181)
Fitting for: [1m(MultiDim_3D_Histo)_(Bayesian)_(SMEAR=Smear)_(Q2_y_Bin_9)_(z_pT_Bin_6)_(MultiDim_z_pT_Bin_Y_bin_phi_t)[0m (Histo Num 40182)
Fitting for: [1m(MultiDim_3D_Histo)_(Bayesian)_(SMEAR=Smear)_(Q2_y_Bin_9)_(z_pT_Bin_7)_(MultiDim_z_pT_Bin_Y_bin_phi_t)[0m (Histo Num 40183)
Fitting for: [1m(MultiDim_3D_Histo)_(Bayesian)_(SMEAR=Smear)_(Q2_y_Bin_9)_(z_pT_Bin_8)_(MultiDim_z_pT_Bin_Y_bin_phi_t)[0m (Histo Num 40184)
Fitting for: [1m(MultiDim_3D_Histo)_(Bayesian)_(SMEAR=Smear)_(Q2_y_Bin_9)_(z_pT_Bin_9)_(MultiDim_z_pT_Bin_Y_bin_phi_t)[0m (Histo Num 40185)
Fitting for: [1m(MultiDim_3D_Histo)_(Bayesian)_(SMEAR=Smear)_(Q2_y_Bin_9)_(z_pT_Bin_10)_(MultiDim_z_pT_Bin_Y_bin_phi_t)[0m (Histo Num 40186)
Fitting for: [1m(MultiDim_3D_Histo)_(Bayesian)_(SMEAR=Smear)_(Q2_y_Bin_9)_(z_pT_Bin_11)_(MultiDim_z_pT_Bin_Y_bin_phi_t)[0m (Histo Num 40187)
Fitting for: [1m(MultiDim_3D_Histo)_(Bayesian)_(SMEAR=Smear)_(Q2_y_Bin_9)_(z_pT_Bin_12)_(MultiDim_z_pT_Bin_Y_bin_phi_t)[0m (Histo Num 40188)
Fitting for: [1m(MultiDim_3D_Histo)_(Bayesian)_(SMEAR=Smear)_(Q2_y_Bin_9)_(z_pT_Bin_13)_(MultiDim_z_pT_Bin_Y_bin_phi_t)[0m (Histo Num 40189)
Fitting for: [1m(MultiDim_3D_Histo)_(Bayesian)_(SMEAR=Smear)_(Q2_y_Bin_9)_(z_pT_Bin_14)_(MultiDim_z_pT_Bin_Y_bin_phi_t)[0m (Histo Num 40190)
Fitting for: [1m(MultiDim_3D_Histo)_(Bayesian)_(SMEAR=Smear)_(Q2_y_Bin_9)_(z_pT_Bin_15)_(MultiDim_z_pT_Bin_Y_bin_phi_t)[0m (Histo Num 40191)
Fitting for: [1m(MultiDim_3D_Histo)_(Bayesian)_(SMEAR=Smear)_(Q2_y_Bin_9)_(z_pT_Bin_16)_(MultiDim_z_pT_Bin_Y_bin_phi_t)[0m (Histo Num 40192)
Fitting for: [1m(MultiDim_3D_Histo)_(Bayesian)_(SMEAR=Smear)_(Q2_y_Bin_9)_(z_pT_Bin_17)_(MultiDim_z_pT_Bin_Y_bin_phi_t)[0m (Histo Num 40193)
Fitting for: [1m(MultiDim_3D_Histo)_(Bayesian)_(SMEAR=Smear)_(Q2_y_Bin_9)_(z_pT_Bin_18)_(MultiDim_z_pT_Bin_Y_bin_phi_t)[0m (Histo Num 40194)
Fitting for: [1m(MultiDim_3D_Histo)_(Bayesian)_(SMEAR=Smear)_(Q2_y_Bin_9)_(z_pT_Bin_19)_(MultiDim_z_pT_Bin_Y_bin_phi_t)[0m (Histo Num 40195)
Fitting for: [1m(MultiDim_3D_Histo)_(Bayesian)_(SMEAR=Smear)_(Q2_y_Bin_9)_(z_pT_Bin_20)_(MultiDim_z_pT_Bin_Y_bin_phi_t)[0m (Histo Num 40196)
Fitting for: [1m(MultiDim_3D_Histo)_(Bayesian)_(SMEAR=Smear)_(Q2_y_Bin_9)_(z_pT_Bin_22)_(MultiDim_z_pT_Bin_Y_bin_phi_t)[0m (Histo Num 40197)
Fitting for: [1m(MultiDim_3D_Histo)_(Bayesian)_(SMEAR=Smear)_(Q2_y_Bin_9)_(z_pT_Bin_23)_(MultiDim_z_pT_Bin_Y_bin_phi_t)[0m (Histo Num 40198)
Fitting for: [1m(MultiDim_3D_Histo)_(Bayesian)_(SMEAR=Smear)_(Q2_y_Bin_9)_(z_pT_Bin_24)_(MultiDim_z_pT_Bin_Y_bin_phi_t)[0m (Histo Num 40199)
Fitting for: [1m(MultiDim_3D_Histo)_(Bayesian)_(SMEAR=Smear)_(Q2_y_Bin_9)_(z_pT_Bin_25)_(MultiDim_z_pT_Bin_Y_bin_phi_t)[0m (Histo Num 40200)
Fitting for: [1m(MultiDim_3D_Histo)_(Bayesian)_(SMEAR=Smear)_(Q2_y_Bin_9)_(z_pT_Bin_26)_(MultiDim_z_pT_Bin_Y_bin_phi_t)[0m (Histo Num 40201)
Fitting for: [1m(MultiDim_3D_Histo)_(Bayesian)_(SMEAR=Smear)_(Q2_y_Bin_9)_(z_pT_Bin_29)_(MultiDim_z_pT_Bin_Y_bin_phi_t)[0m (Histo Num 40202)
Fitting for: [1m(MultiDim_3D_Histo)_(Bayesian)_(SMEAR=Smear)_(Q2_y_Bin_9)_(z_pT_Bin_30)_(MultiDim_z_pT_Bin_Y_bin_phi_t)[0m (Histo Num 40203)
Fitting for: [1m(MultiDim_3D_Histo)_(Bayesian)_(SMEAR=Smear)_(Q2_y_Bin_9)_(z_pT_Bin_31)_(MultiDim_z_pT_Bin_Y_bin_phi_t)[0m (Histo Num 40204)
Fitting for: [1m(MultiDim_3D_Histo)_(Bayesian)_(SMEAR=Smear)_(Q2_y_Bin_9)_(z_pT_Bin_32)_(MultiDim_z_pT_Bin_Y_bin_phi_t)[0m (Histo Num 40205)
Fitting for: [1m(MultiDim_3D_Histo)_(Bayesian)_(SMEAR=Smear)_(Q2_y_Bin_2)_(z_pT_Bin_1)_(MultiDim_z_pT_Bin_Y_bin_phi_t)[0m (Histo Num 40242)
Fitting for: [1m(MultiDim_3D_Histo)_(Bayesian)_(SMEAR=Smear)_(Q2_y_Bin_2)_(z_pT_Bin_2)_(MultiDim_z_pT_Bin_Y_bin_phi_t)[0m (Histo Num 40243)
Fitting for: [1m(MultiDim_3D_Histo)_(Bayesian)_(SMEAR=Smear)_(Q2_y_Bin_2)_(z_pT_Bin_3)_(MultiDim_z_pT_Bin_Y_bin_phi_t)[0m (Histo Num 40244)
Fitting for: [1m(MultiDim_3D_Histo)_(Bayesian)_(SMEAR=Smear)_(Q2_y_Bin_2)_(z_pT_Bin_4)_(MultiDim_z_pT_Bin_Y_bin_phi_t)[0m (Histo Num 40245)
Fitting for: [1m(MultiDim_3D_Histo)_(Bayesian)_(SMEAR=Smear)_(Q2_y_Bin_2)_(z_pT_Bin_5)_(MultiDim_z_pT_Bin_Y_bin_phi_t)[0m (Histo Num 40246)
Fitting for: [1m(MultiDim_3D_Histo)_(Bayesian)_(SMEAR=Smear)_(Q2_y_Bin_2)_(z_pT_Bin_6)_(MultiDim_z_pT_Bin_Y_bin_phi_t)[0m (Histo Num 40247)
Fitting for: [1m(MultiDim_3D_Histo)_(Bayesian)_(SMEAR=Smear)_(Q2_y_Bin_2)_(z_pT_Bin_7)_(MultiDim_z_pT_Bin_Y_bin_phi_t)[0m (Histo Num 40248)
Fitting for: [1m(MultiDim_3D_Histo)_(Bayesian)_(SMEAR=Smear)_(Q2_y_Bin_2)_(z_pT_Bin_8)_(MultiDim_z_pT_Bin_Y_bin_phi_t)[0m (Histo Num 40249)
Fitting for: [1m(MultiDim_3D_Histo)_(Bayesian)_(SMEAR=Smear)_(Q2_y_Bin_2)_(z_pT_Bin_9)_(MultiDim_z_pT_Bin_Y_bin_phi_t)[0m (Histo Num 40250)
Fitting for: [1m(MultiDim_3D_Histo)_(Bayesian)_(SMEAR=Smear)_(Q2_y_Bin_2)_(z_pT_Bin_10)_(MultiDim_z_pT_Bin_Y_bin_phi_t)[0m (Histo Num 40251)
Fitting for: [1m(MultiDim_3D_Histo)_(Bayesian)_(SMEAR=Smear)_(Q2_y_Bin_2)_(z_pT_Bin_11)_(MultiDim_z_pT_Bin_Y_bin_phi_t)[0m (Histo Num 40252)
Fitting for: [1m(MultiDim_3D_Histo)_(Bayesian)_(SMEAR=Smear)_(Q2_y_Bin_2)_(z_pT_Bin_12)_(MultiDim_z_pT_Bin_Y_bin_phi_t)[0m (Histo Num 40253)
Fitting for: [1m(MultiDim_3D_Histo)_(Bayesian)_(SMEAR=Smear)_(Q2_y_Bin_2)_(z_pT_Bin_13)_(MultiDim_z_pT_Bin_Y_bin_phi_t)[0m (Histo Num 40254)
Fitting for: [1m(MultiDim_3D_Histo)_(Bayesian)_(SMEAR=Smear)_(Q2_y_Bin_2)_(z_pT_Bin_14)_(MultiDim_z_pT_Bin_Y_bin_phi_t)[0m (Histo Num 40255)
Fitting for: [1m(MultiDim_3D_Histo)_(Bayesian)_(SMEAR=Smear)_(Q2_y_Bin_2)_(z_pT_Bin_15)_(MultiDim_z_pT_Bin_Y_bin_phi_t)[0m (Histo Num 40256)
Fitting for: [1m(MultiDim_3D_Histo)_(Bayesian)_(SMEAR=Smear)_(Q2_y_Bin_2)_(z_pT_Bin_16)_(MultiDim_z_pT_Bin_Y_bin_phi_t)[0m (Histo Num 40257)
Fitting for: [1m(MultiDim_3D_Histo)_(Bayesian)_(SMEAR=Smear)_(Q2_y_Bin_2)_(z_pT_Bin_17)_(MultiDim_z_pT_Bin_Y_bin_phi_t)[0m (Histo Num 40258)
Fitting for: [1m(MultiDim_3D_Histo)_(Bayesian)_(SMEAR=Smear)_(Q2_y_Bin_2)_(z_pT_Bin_18)_(MultiDim_z_pT_Bin_Y_bin_phi_t)[0m (Histo Num 40259)
Fitting for: [1m(MultiDim_3D_Histo)_(Bayesian)_(SMEAR=Smear)_(Q2_y_Bin_2)_(z_pT_Bin_19)_(MultiDim_z_pT_Bin_Y_bin_phi_t)[0m (Histo Num 40260)
Fitting for: [1m(MultiDim_3D_Histo)_(Bayesian)_(SMEAR=Smear)_(Q2_y_Bin_2)_(z_pT_Bin_20)_(MultiDim_z_pT_Bin_Y_bin_phi_t)[0m (Histo Num 40261)
Fitting for: [1m(MultiDim_3D_Histo)_(Bayesian)_(SMEAR=Smear)_(Q2_y_Bin_2)_(z_pT_Bin_21)_(MultiDim_z_pT_Bin_Y_bin_phi_t)[0m (Histo Num 40262)
Fitting for: [1m(MultiDim_3D_Histo)_(Bayesian)_(SMEAR=Smear)_(Q2_y_Bin_2)_(z_pT_Bin_22)_(MultiDim_z_pT_Bin_Y_bin_phi_t)[0m (Histo Num 40263)
Fitting for: [1m(MultiDim_3D_Histo)_(Bayesian)_(SMEAR=Smear)_(Q2_y_Bin_2)_(z_pT_Bin_23)_(MultiDim_z_pT_Bin_Y_bin_phi_t)[0m (Histo Num 40264)
Fitting for: [1m(MultiDim_3D_Histo)_(Bayesian)_(SMEAR=Smear)_(Q2_y_Bin_2)_(z_pT_Bin_25)_(MultiDim_z_pT_Bin_Y_bin_phi_t)[0m (Histo Num 40265)
Fitting for: [1m(MultiDim_3D_Histo)_(Bayesian)_(SMEAR=Smear)_(Q2_y_Bin_2)_(z_pT_Bin_26)_(MultiDim_z_pT_Bin_Y_bin_phi_t)[0m (Histo Num 40266)
Fitting for: [1m(MultiDim_3D_Histo)_(Bayesian)_(SMEAR=Smear)_(Q2_y_Bin_2)_(z_pT_Bin_27)_(MultiDim_z_pT_Bin_Y_bin_phi_t)[0m (Histo Num 40267)
Fitting for: [1m(MultiDim_3D_Histo)_(Bayesian)_(SMEAR=Smear)_(Q2_y_Bin_2)_(z_pT_Bin_28)_(MultiDim_z_pT_Bin_Y_bin_phi_t)[0m (Histo Num 40268)
Fitting for: [1m(MultiDim_3D_Histo)_(Bayesian)_(SMEAR=Smear)_(Q2_y_Bin_2)_(z_pT_Bin_29)_(MultiDim_z_pT_Bin_Y_bin_phi_t)[0m (Histo Num 40269)
Fitting for: [1m(MultiDim_3D_Histo)_(Bayesian)_(SMEAR=Smear)_(Q2_y_Bin_2)_(z_pT_Bin_31)_(MultiDim_z_pT_Bin_Y_bin_phi_t)[0m (Histo Num 40270)
Fitting for: [1m(MultiDim_3D_Histo)_(Bayesian)_(SMEAR=Smear)_(Q2_y_Bin_2)_(z_pT_Bin_32)_(MultiDim_z_pT_Bin_Y_bin_phi_t)[0m (Histo Num 40271)
Fitting for: [1m(MultiDim_3D_Histo)_(Bayesian)_(SMEAR=Smear)_(Q2_y_Bin_2)_(z_pT_Bin_33)_(MultiDim_z_pT_Bin_Y_bin_phi_t)[0m (Histo Num 40272)
Fitting for: [1m(MultiDim_3D_Histo)_(Bayesian)_(SMEAR=Smear)_(Q2_y_Bin_2)_(z_pT_Bin_34)_(MultiDim_z_pT_Bin_Y_bin_phi_t)[0m (Histo Num 40273)
Fitting for: [1m(MultiDim_3D_Histo)_(Bayesian)_(SMEAR=Smear)_(Q2_y_Bin_3)_(z_pT_Bin_1)_(MultiDim_z_pT_Bin_Y_bin_phi_t)[0m (Histo Num 40306)
Fitting for: [1m(MultiDim_3D_Histo)_(Bayesian)_(SMEAR=Smear)_(Q2_y_Bin_3)_(z_pT_Bin_2)_(MultiDim_z_pT_Bin_Y_bin_phi_t)[0m (Histo Num 40307)
Fitting for: [1m(MultiDim_3D_Histo)_(Bayesian)_(SMEAR=Smear)_(Q2_y_Bin_3)_(z_pT_Bin_3)_(MultiDim_z_pT_Bin_Y_bin_phi_t)[0m (Histo Num 40308)
Fitting for: [1m(MultiDim_3D_Histo)_(Bayesian)_(SMEAR=Smear)_(Q2_y_Bin_3)_(z_pT_Bin_4)_(MultiDim_z_pT_Bin_Y_bin_phi_t)[0m (Histo Num 40309)
Fitting for: [1m(MultiDim_3D_Histo)_(Bayesian)_(SMEAR=Smear)_(Q2_y_Bin_3)_(z_pT_Bin_5)_(MultiDim_z_pT_Bin_Y_bin_phi_t)[0m (Histo Num 40310)
Fitting for: [1m(MultiDim_3D_Histo)_(Bayesian)_(SMEAR=Smear)_(Q2_y_Bin_3)_(z_pT_Bin_7)_(MultiDim_z_pT_Bin_Y_bin_phi_t)[0m (Histo Num 40311)
Fitting for: [1m(MultiDim_3D_Histo)_(Bayesian)_(SMEAR=Smear)_(Q2_y_Bin_3)_(z_pT_Bin_8)_(MultiDim_z_pT_Bin_Y_bin_phi_t)[0m (Histo Num 40312)
Fitting for: [1m(MultiDim_3D_Histo)_(Bayesian)_(SMEAR=Smear)_(Q2_y_Bin_3)_(z_pT_Bin_9)_(MultiDim_z_pT_Bin_Y_bin_phi_t)[0m (Histo Num 40313)
Fitting for: [1m(MultiDim_3D_Histo)_(Bayesian)_(SMEAR=Smear)_(Q2_y_Bin_3)_(z_pT_Bin_10)_(MultiDim_z_pT_Bin_Y_bin_phi_t)[0m (Histo Num 40314)
Fitting for: [1m(MultiDim_3D_Histo)_(Bayesian)_(SMEAR=Smear)_(Q2_y_Bin_3)_(z_pT_Bin_11)_(MultiDim_z_pT_Bin_Y_bin_phi_t)[0m (Histo Num 40315)
Fitting for: [1m(MultiDim_3D_Histo)_(Bayesian)_(SMEAR=Smear)_(Q2_y_Bin_3)_(z_pT_Bin_12)_(MultiDim_z_pT_Bin_Y_bin_phi_t)[0m (Histo Num 40316)
Fitting for: [1m(MultiDim_3D_Histo)_(Bayesian)_(SMEAR=Smear)_(Q2_y_Bin_3)_(z_pT_Bin_13)_(MultiDim_z_pT_Bin_Y_bin_phi_t)[0m (Histo Num 40317)
Fitting for: [1m(MultiDim_3D_Histo)_(Bayesian)_(SMEAR=Smear)_(Q2_y_Bin_3)_(z_pT_Bin_14)_(MultiDim_z_pT_Bin_Y_bin_phi_t)[0m (Histo Num 40318)
Fitting for: [1m(MultiDim_3D_Histo)_(Bayesian)_(SMEAR=Smear)_(Q2_y_Bin_3)_(z_pT_Bin_15)_(MultiDim_z_pT_Bin_Y_bin_phi_t)[0m (Histo Num 40319)
Fitting for: [1m(MultiDim_3D_Histo)_(Bayesian)_(SMEAR=Smear)_(Q2_y_Bin_3)_(z_pT_Bin_16)_(MultiDim_z_pT_Bin_Y_bin_phi_t)[0m (Histo Num 40320)
Fitting for: [1m(MultiDim_3D_Histo)_(Bayesian)_(SMEAR=Smear)_(Q2_y_Bin_3)_(z_pT_Bin_17)_(MultiDim_z_pT_Bin_Y_bin_phi_t)[0m (Histo Num 40321)
Fitting for: [1m(MultiDim_3D_Histo)_(Bayesian)_(SMEAR=Smear)_(Q2_y_Bin_3)_(z_pT_Bin_18)_(MultiDim_z_pT_Bin_Y_bin_phi_t)[0m (Histo Num 40322)
Fitting for: [1m(MultiDim_3D_Histo)_(Bayesian)_(SMEAR=Smear)_(Q2_y_Bin_3)_(z_pT_Bin_19)_(MultiDim_z_pT_Bin_Y_bin_phi_t)[0m (Histo Num 40323)
Fitting for: [1m(MultiDim_3D_Histo)_(Bayesian)_(SMEAR=Smear)_(Q2_y_Bin_3)_(z_pT_Bin_20)_(MultiDim_z_pT_Bin_Y_bin_phi_t)[0m (Histo Num 40324)
Fitting for: [1m(MultiDim_3D_Histo)_(Bayesian)_(SMEAR=Smear)_(Q2_y_Bin_3)_(z_pT_Bin_21)_(MultiDim_z_pT_Bin_Y_bin_phi_t)[0m (Histo Num 40325)
Fitting for: [1m(MultiDim_3D_Histo)_(Bayesian)_(SMEAR=Smear)_(Q2_y_Bin_3)_(z_pT_Bin_22)_(MultiDim_z_pT_Bin_Y_bin_phi_t)[0m (Histo Num 40326)
Fitting for: [1m(MultiDim_3D_Histo)_(Bayesian)_(SMEAR=Smear)_(Q2_y_Bin_3)_(z_pT_Bin_23)_(MultiDim_z_pT_Bin_Y_bin_phi_t)[0m (Histo Num 40327)
Fitting for: [1m(MultiDim_3D_Histo)_(Bayesian)_(SMEAR=Smear)_(Q2_y_Bin_3)_(z_pT_Bin_24)_(MultiDim_z_pT_Bin_Y_bin_phi_t)[0m (Histo Num 40328)
Fitting for: [1m(MultiDim_3D_Histo)_(Bayesian)_(SMEAR=Smear)_(Q2_y_Bin_3)_(z_pT_Bin_25)_(MultiDim_z_pT_Bin_Y_bin_phi_t)[0m (Histo Num 40329)
Fitting for: [1m(MultiDim_3D_Histo)_(Bayesian)_(SMEAR=Smear)_(Q2_y_Bin_3)_(z_pT_Bin_26)_(MultiDim_z_pT_Bin_Y_bin_phi_t)[0m (Histo Num 40330)
Fitting for: [1m(MultiDim_3D_Histo)_(Bayesian)_(SMEAR=Smear)_(Q2_y_Bin_3)_(z_pT_Bin_27)_(MultiDim_z_pT_Bin_Y_bin_phi_t)[0m (Histo Num 40331)
Fitting for: [1m(MultiDim_3D_Histo)_(Bayesian)_(SMEAR=Smear)_(Q2_y_Bin_3)_(z_pT_Bin_28)_(MultiDim_z_pT_Bin_Y_bin_phi_t)[0m (Histo Num 40332)
Fitting for: [1m(MultiDim_3D_Histo)_(Bayesian)_(SMEAR=Smear)_(Q2_y_Bin_3)_(z_pT_Bin_29)_(MultiDim_z_pT_Bin_Y_bin_phi_t)[0m (Histo Num 40333)
Fitting for: [1m(MultiDim_3D_Histo)_(Bayesian)_(SMEAR=Smear)_(Q2_y_Bin_8)_(z_pT_Bin_6)_(MultiDim_z_pT_Bin_Y_bin_phi_t)[0m (Histo Num 40367)
Fitting for: [1m(MultiDim_3D_Histo)_(Bayesian)_(SMEAR=Smear)_(Q2_y_Bin_8)_(z_pT_Bin_7)_(MultiDim_z_pT_Bin_Y_bin_phi_t)[0m (Histo Num 40368)
Fitting for: [1m(MultiDim_3D_Histo)_(Bayesian)_(SMEAR=Smear)_(Q2_y_Bin_8)_(z_pT_Bin_8)_(MultiDim_z_pT_Bin_Y_bin_phi_t)[0m (Histo Num 40369)
Fitting for: [1m(MultiDim_3D_Histo)_(Bayesian)_(SMEAR=Smear)_(Q2_y_Bin_8)_(z_pT_Bin_9)_(MultiDim_z_pT_Bin_Y_bin_phi_t)[0m (Histo Num 40370)
Fitting for: [1m(MultiDim_3D_Histo)_(Bayesian)_(SMEAR=Smear)_(Q2_y_Bin_8)_(z_pT_Bin_10)_(MultiDim_z_pT_Bin_Y_bin_phi_t)[0m (Histo Num 40371)
Fitting for: [1m(MultiDim_3D_Histo)_(Bayesian)_(SMEAR=Smear)_(Q2_y_Bin_8)_(z_pT_Bin_11)_(MultiDim_z_pT_Bin_Y_bin_phi_t)[0m (Histo Num 40372)
Fitting for: [1m(MultiDim_3D_Histo)_(Bayesian)_(SMEAR=Smear)_(Q2_y_Bin_8)_(z_pT_Bin_12)_(MultiDim_z_pT_Bin_Y_bin_phi_t)[0m (Histo Num 40373)
Fitting for: [1m(MultiDim_3D_Histo)_(Bayesian)_(SMEAR=Smear)_(Q2_y_Bin_8)_(z_pT_Bin_13)_(MultiDim_z_pT_Bin_Y_bin_phi_t)[0m (Histo Num 40374)
Fitting for: [1m(MultiDim_3D_Histo)_(Bayesian)_(SMEAR=Smear)_(Q2_y_Bin_8)_(z_pT_Bin_14)_(MultiDim_z_pT_Bin_Y_bin_phi_t)[0m (Histo Num 40375)
Fitting for: [1m(MultiDim_3D_Histo)_(Bayesian)_(SMEAR=Smear)_(Q2_y_Bin_8)_(z_pT_Bin_15)_(MultiDim_z_pT_Bin_Y_bin_phi_t)[0m (Histo Num 40376)
Fitting for: [1m(MultiDim_3D_Histo)_(Bayesian)_(SMEAR=Smear)_(Q2_y_Bin_8)_(z_pT_Bin_16)_(MultiDim_z_pT_Bin_Y_bin_phi_t)[0m (Histo Num 40377)
Fitting for: [1m(MultiDim_3D_Histo)_(Bayesian)_(SMEAR=Smear)_(Q2_y_Bin_8)_(z_pT_Bin_17)_(MultiDim_z_pT_Bin_Y_bin_phi_t)[0m (Histo Num 40378)
Fitting for: [1m(MultiDim_3D_Histo)_(Bayesian)_(SMEAR=Smear)_(Q2_y_Bin_8)_(z_pT_Bin_18)_(MultiDim_z_pT_Bin_Y_bin_phi_t)[0m (Histo Num 40379)
Fitting for: [1m(MultiDim_3D_Histo)_(Bayesian)_(SMEAR=Smear)_(Q2_y_Bin_8)_(z_pT_Bin_19)_(MultiDim_z_pT_Bin_Y_bin_phi_t)[0m (Histo Num 40380)
Fitting for: [1m(MultiDim_3D_Histo)_(Bayesian)_(SMEAR=Smear)_(Q2_y_Bin_8)_(z_pT_Bin_20)_(MultiDim_z_pT_Bin_Y_bin_phi_t)[0m (Histo Num 40381)
Fitting for: [1m(MultiDim_3D_Histo)_(Bayesian)_(SMEAR=Smear)_(Q2_y_Bin_8)_(z_pT_Bin_21)_(MultiDim_z_pT_Bin_Y_bin_phi_t)[0m (Histo Num 40382)
Fitting for: [1m(MultiDim_3D_Histo)_(Bayesian)_(SMEAR=Smear)_(Q2_y_Bin_8)_(z_pT_Bin_22)_(MultiDim_z_pT_Bin_Y_bin_phi_t)[0m (Histo Num 40383)
Fitting for: [1m(MultiDim_3D_Histo)_(Bayesian)_(SMEAR=Smear)_(Q2_y_Bin_8)_(z_pT_Bin_23)_(MultiDim_z_pT_Bin_Y_bin_phi_t)[0m (Histo Num 40384)
Fitting for: [1m(MultiDim_3D_Histo)_(Bayesian)_(SMEAR=Smear)_(Q2_y_Bin_8)_(z_pT_Bin_24)_(MultiDim_z_pT_Bin_Y_bin_phi_t)[0m (Histo Num 40385)
Fitting for: [1m(MultiDim_3D_Histo)_(Bayesian)_(SMEAR=Smear)_(Q2_y_Bin_8)_(z_pT_Bin_25)_(MultiDim_z_pT_Bin_Y_bin_phi_t)[0m (Histo Num 40386)
Fitting for: [1m(MultiDim_3D_Histo)_(Bayesian)_(SMEAR=Smear)_(Q2_y_Bin_8)_(z_pT_Bin_26)_(MultiDim_z_pT_Bin_Y_bin_phi_t)[0m (Histo Num 40387)
Fitting for: [1m(MultiDim_3D_Histo)_(Bayesian)_(SMEAR=Smear)_(Q2_y_Bin_8)_(z_pT_Bin_27)_(MultiDim_z_pT_Bin_Y_bin_phi_t)[0m (Histo Num 40388)
Fitting for: [1m(MultiDim_3D_Histo)_(Bayesian)_(SMEAR=Smear)_(Q2_y_Bin_8)_(z_pT_Bin_28)_(MultiDim_z_pT_Bin_Y_bin_phi_t)[0m (Histo Num 40389)
Fitting for: [1m(MultiDim_3D_Histo)_(Bayesian)_(SMEAR=Smear)_(Q2_y_Bin_8)_(z_pT_Bin_29)_(MultiDim_z_pT_Bin_Y_bin_phi_t)[0m (Histo Num 40390)
Fitting for: [1m(MultiDim_3D_Histo)_(Bayesian)_(SMEAR=Smear)_(Q2_y_Bin_8)_(z_pT_Bin_30)_(MultiDim_z_pT_Bin_Y_bin_phi_t)[0m (Histo Num 40391)
Fitting for: [1m(MultiDim_3D_Histo)_(Bayesian)_(SMEAR=Smear)_(Q2_y_Bin_8)_(z_pT_Bin_31)_(MultiDim_z_pT_Bin_Y_bin_phi_t)[0m (Histo Num 40392)
Fitting for: [1m(MultiDim_3D_Histo)_(Bayesian)_(SMEAR=Smear)_(Q2_y_Bin_8)_(z_pT_Bin_32)_(MultiDim_z_pT_Bin_Y_bin_phi_t)[0m (Histo Num 40393)
Fitting for: [1m(MultiDim_3D_Histo)_(Bayesian)_(SMEAR=Smear)_(Q2_y_Bin_8)_(z_pT_Bin_33)_(MultiDim_z_pT_Bin_Y_bin_phi_t)[0m (Histo Num 40394)
Fitting for: [1m(MultiDim_3D_Histo)_(Bayesian)_(SMEAR=Smear)_(Q2_y_Bin_8)_(z_pT_Bin_34)_(MultiDim_z_pT_Bin_Y_bin_phi_t)[0m (Histo Num 40395)
Fitting for: [1m(MultiDim_3D_Histo)_(Bayesian)_(SMEAR=Smear)_(Q2_y_Bin_1)_(z_pT_Bin_1)_(MultiDim_z_pT_Bin_Y_bin_phi_t)[0m (Histo Num 40429)
Fitting for: [1m(MultiDim_3D_Histo)_(Bayesian)_(SMEAR=Smear)_(Q2_y_Bin_1)_(z_pT_Bin_2)_(MultiDim_z_pT_Bin_Y_bin_phi_t)[0m (Histo Num 40430)
Fitting for: [1m(MultiDim_3D_Histo)_(Bayesian)_(SMEAR=Smear)_(Q2_y_Bin_1)_(z_pT_Bin_3)_(MultiDim_z_pT_Bin_Y_bin_phi_t)[0m (Histo Num 40431)
Fitting for: [1m(MultiDim_3D_Histo)_(Bayesian)_(SMEAR=Smear)_(Q2_y_Bin_1)_(z_pT_Bin_4)_(MultiDim_z_pT_Bin_Y_bin_phi_t)[0m (Histo Num 40432)
Fitting for: [1m(MultiDim_3D_Histo)_(Bayesian)_(SMEAR=Smear)_(Q2_y_Bin_1)_(z_pT_Bin_5)_(MultiDim_z_pT_Bin_Y_bin_phi_t)[0m (Histo Num 40433)
Fitting for: [1m(MultiDim_3D_Histo)_(Bayesian)_(SMEAR=Smear)_(Q2_y_Bin_1)_(z_pT_Bin_6)_(MultiDim_z_pT_Bin_Y_bin_phi_t)[0m (Histo Num 40434)
Fitting for: [1m(MultiDim_3D_Histo)_(Bayesian)_(SMEAR=Smear)_(Q2_y_Bin_1)_(z_pT_Bin_7)_(MultiDim_z_pT_Bin_Y_bin_phi_t)[0m (Histo Num 40435)
Fitting for: [1m(MultiDim_3D_Histo)_(Bayesian)_(SMEAR=Smear)_(Q2_y_Bin_1)_(z_pT_Bin_8)_(MultiDim_z_pT_Bin_Y_bin_phi_t)[0m (Histo Num 40436)
Fitting for: [1m(MultiDim_3D_Histo)_(Bayesian)_(SMEAR=Smear)_(Q2_y_Bin_1)_(z_pT_Bin_9)_(MultiDim_z_pT_Bin_Y_bin_phi_t)[0m (Histo Num 40437)
Fitting for: [1m(MultiDim_3D_Histo)_(Bayesian)_(SMEAR=Smear)_(Q2_y_Bin_1)_(z_pT_Bin_10)_(MultiDim_z_pT_Bin_Y_bin_phi_t)[0m (Histo Num 40438)
Fitting for: [1m(MultiDim_3D_Histo)_(Bayesian)_(SMEAR=Smear)_(Q2_y_Bin_1)_(z_pT_Bin_11)_(MultiDim_z_pT_Bin_Y_bin_phi_t)[0m (Histo Num 40439)
Fitting for: [1m(MultiDim_3D_Histo)_(Bayesian)_(SMEAR=Smear)_(Q2_y_Bin_1)_(z_pT_Bin_12)_(MultiDim_z_pT_Bin_Y_bin_phi_t)[0m (Histo Num 40440)
Fitting for: [1m(MultiDim_3D_Histo)_(Bayesian)_(SMEAR=Smear)_(Q2_y_Bin_1)_(z_pT_Bin_13)_(MultiDim_z_pT_Bin_Y_bin_phi_t)[0m (Histo Num 40441)
Fitting for: [1m(MultiDim_3D_Histo)_(Bayesian)_(SMEAR=Smear)_(Q2_y_Bin_1)_(z_pT_Bin_14)_(MultiDim_z_pT_Bin_Y_bin_phi_t)[0m (Histo Num 40442)
Fitting for: [1m(MultiDim_3D_Histo)_(Bayesian)_(SMEAR=Smear)_(Q2_y_Bin_1)_(z_pT_Bin_15)_(MultiDim_z_pT_Bin_Y_bin_phi_t)[0m (Histo Num 40443)
Fitting for: [1m(MultiDim_3D_Histo)_(Bayesian)_(SMEAR=Smear)_(Q2_y_Bin_1)_(z_pT_Bin_16)_(MultiDim_z_pT_Bin_Y_bin_phi_t)[0m (Histo Num 40444)
Fitting for: [1m(MultiDim_3D_Histo)_(Bayesian)_(SMEAR=Smear)_(Q2_y_Bin_1)_(z_pT_Bin_17)_(MultiDim_z_pT_Bin_Y_bin_phi_t)[0m (Histo Num 40445)
Fitting for: [1m(MultiDim_3D_Histo)_(Bayesian)_(SMEAR=Smear)_(Q2_y_Bin_1)_(z_pT_Bin_18)_(MultiDim_z_pT_Bin_Y_bin_phi_t)[0m (Histo Num 40446)
Fitting for: [1m(MultiDim_3D_Histo)_(Bayesian)_(SMEAR=Smear)_(Q2_y_Bin_1)_(z_pT_Bin_19)_(MultiDim_z_pT_Bin_Y_bin_phi_t)[0m (Histo Num 40447)
Fitting for: [1m(MultiDim_3D_Histo)_(Bayesian)_(SMEAR=Smear)_(Q2_y_Bin_1)_(z_pT_Bin_20)_(MultiDim_z_pT_Bin_Y_bin_phi_t)[0m (Histo Num 40448)
Fitting for: [1m(MultiDim_3D_Histo)_(Bayesian)_(SMEAR=Smear)_(Q2_y_Bin_1)_(z_pT_Bin_22)_(MultiDim_z_pT_Bin_Y_bin_phi_t)[0m (Histo Num 40449)
Fitting for: [1m(MultiDim_3D_Histo)_(Bayesian)_(SMEAR=Smear)_(Q2_y_Bin_1)_(z_pT_Bin_23)_(MultiDim_z_pT_Bin_Y_bin_phi_t)[0m (Histo Num 40450)
Fitting for: [1m(MultiDim_3D_Histo)_(Bayesian)_(SMEAR=Smear)_(Q2_y_Bin_1)_(z_pT_Bin_24)_(MultiDim_z_pT_Bin_Y_bin_phi_t)[0m (Histo Num 40451)
Fitting for: [1m(MultiDim_3D_Histo)_(Bayesian)_(SMEAR=Smear)_(Q2_y_Bin_1)_(z_pT_Bin_25)_(MultiDim_z_pT_Bin_Y_bin_phi_t)[0m (Histo Num 40452)
Fitting for: [1m(MultiDim_3D_Histo)_(Bayesian)_(SMEAR=Smear)_(Q2_y_Bin_1)_(z_pT_Bin_26)_(MultiDim_z_pT_Bin_Y_bin_phi_t)[0m (Histo Num 40453)
Fitting for: [1m(MultiDim_3D_Histo)_(Bayesian)_(SMEAR=Smear)_(Q2_y_Bin_1)_(z_pT_Bin_29)_(MultiDim_z_pT_Bin_Y_bin_phi_t)[0m (Histo Num 40454)
Fitting for: [1m(MultiDim_3D_Histo)_(Bayesian)_(SMEAR=Smear)_(Q2_y_Bin_1)_(z_pT_Bin_30)_(MultiDim_z_pT_Bin_Y_bin_phi_t)[0m (Histo Num 40455)
Fitting for: [1m(MultiDim_3D_Histo)_(Bayesian)_(SMEAR=Smear)_(Q2_y_Bin_1)_(z_pT_Bin_31)_(MultiDim_z_pT_Bin_Y_bin_phi_t)[0m (Histo Num 40456)
Fitting for: [1m(MultiDim_3D_Histo)_(Bayesian)_(SMEAR=Smear)_(Q2_y_Bin_1)_(z_pT_Bin_32)_(MultiDim_z_pT_Bin_Y_bin_phi_t)[0m (Histo Num 40457)
Fitting for: [1m(MultiDim_3D_Histo)_(Bayesian)_(SMEAR=Smear)_(Q2_y_Bin_5)_(z_pT_Bin_1)_(MultiDim_z_pT_Bin_Y_bin_phi_t)[0m (Histo Num 40494)
Fitting for: [1m(MultiDim_3D_Histo)_(Bayesian)_(SMEAR=Smear)_(Q2_y_Bin_5)_(z_pT_Bin_2)_(MultiDim_z_pT_Bin_Y_bin_phi_t)[0m (Histo Num 40495)
Fitting for: [1m(MultiDim_3D_Histo)_(Bayesian)_(SMEAR=Smear)_(Q2_y_Bin_5)_(z_pT_Bin_3)_(MultiDim_z_pT_Bin_Y_bin_phi_t)[0m (Histo Num 40496)
Fitting for: [1m(MultiDim_3D_Histo)_(Bayesian)_(SMEAR=Smear)_(Q2_y_Bin_5)_(z_pT_Bin_4)_(MultiDim_z_pT_Bin_Y_bin_phi_t)[0m (Histo Num 40497)
Fitting for: [1m(MultiDim_3D_Histo)_(Bayesian)_(SMEAR=Smear)_(Q2_y_Bin_5)_(z_pT_Bin_5)_(MultiDim_z_pT_Bin_Y_bin_phi_t)[0m (Histo Num 40498)
Fitting for: [1m(MultiDim_3D_Histo)_(Bayesian)_(SMEAR=Smear)_(Q2_y_Bin_5)_(z_pT_Bin_6)_(MultiDim_z_pT_Bin_Y_bin_phi_t)[0m (Histo Num 40499)
Fitting for: [1m(MultiDim_3D_Histo)_(Bayesian)_(SMEAR=Smear)_(Q2_y_Bin_5)_(z_pT_Bin_7)_(MultiDim_z_pT_Bin_Y_bin_phi_t)[0m (Histo Num 40500)
Fitting for: [1m(MultiDim_3D_Histo)_(Bayesian)_(SMEAR=Smear)_(Q2_y_Bin_5)_(z_pT_Bin_8)_(MultiDim_z_pT_Bin_Y_bin_phi_t)[0m (Histo Num 40501)
Fitting for: [1m(MultiDim_3D_Histo)_(Bayesian)_(SMEAR=Smear)_(Q2_y_Bin_5)_(z_pT_Bin_9)_(MultiDim_z_pT_Bin_Y_bin_phi_t)[0m (Histo Num 40502)
Fitting for: [1m(MultiDim_3D_Histo)_(Bayesian)_(SMEAR=Smear)_(Q2_y_Bin_5)_(z_pT_Bin_10)_(MultiDim_z_pT_Bin_Y_bin_phi_t)[0m (Histo Num 40503)
Fitting for: [1m(MultiDim_3D_Histo)_(Bayesian)_(SMEAR=Smear)_(Q2_y_Bin_5)_(z_pT_Bin_11)_(MultiDim_z_pT_Bin_Y_bin_phi_t)[0m (Histo Num 40504)
Fitting for: [1m(MultiDim_3D_Histo)_(Bayesian)_(SMEAR=Smear)_(Q2_y_Bin_5)_(z_pT_Bin_12)_(MultiDim_z_pT_Bin_Y_bin_phi_t)[0m (Histo Num 40505)
Fitting for: [1m(MultiDim_3D_Histo)_(Bayesian)_(SMEAR=Smear)_(Q2_y_Bin_5)_(z_pT_Bin_13)_(MultiDim_z_pT_Bin_Y_bin_phi_t)[0m (Histo Num 40506)
Fitting for: [1m(MultiDim_3D_Histo)_(Bayesian)_(SMEAR=Smear)_(Q2_y_Bin_5)_(z_pT_Bin_14)_(MultiDim_z_pT_Bin_Y_bin_phi_t)[0m (Histo Num 40507)
Fitting for: [1m(MultiDim_3D_Histo)_(Bayesian)_(SMEAR=Smear)_(Q2_y_Bin_5)_(z_pT_Bin_15)_(MultiDim_z_pT_Bin_Y_bin_phi_t)[0m (Histo Num 40508)
Fitting for: [1m(MultiDim_3D_Histo)_(Bayesian)_(SMEAR=Smear)_(Q2_y_Bin_5)_(z_pT_Bin_16)_(MultiDim_z_pT_Bin_Y_bin_phi_t)[0m (Histo Num 40509)
Fitting for: [1m(MultiDim_3D_Histo)_(Bayesian)_(SMEAR=Smear)_(Q2_y_Bin_5)_(z_pT_Bin_17)_(MultiDim_z_pT_Bin_Y_bin_phi_t)[0m (Histo Num 40510)
Fitting for: [1m(MultiDim_3D_Histo)_(Bayesian)_(SMEAR=Smear)_(Q2_y_Bin_5)_(z_pT_Bin_18)_(MultiDim_z_pT_Bin_Y_bin_phi_t)[0m (Histo Num 40511)
Fitting for: [1m(MultiDim_3D_Histo)_(Bayesian)_(SMEAR=Smear)_(Q2_y_Bin_5)_(z_pT_Bin_19)_(MultiDim_z_pT_Bin_Y_bin_phi_t)[0m (Histo Num 40512)
Fitting for: [1m(MultiDim_3D_Histo)_(Bayesian)_(SMEAR=Smear)_(Q2_y_Bin_5)_(z_pT_Bin_20)_(MultiDim_z_pT_Bin_Y_bin_phi_t)[0m (Histo Num 40513)
Fitting for: [1m(MultiDim_3D_Histo)_(Bayesian)_(SMEAR=Smear)_(Q2_y_Bin_5)_(z_pT_Bin_21)_(MultiDim_z_pT_Bin_Y_bin_phi_t)[0m (Histo Num 40514)
Fitting for: [1m(MultiDim_3D_Histo)_(Bayesian)_(SMEAR=Smear)_(Q2_y_Bin_5)_(z_pT_Bin_22)_(MultiDim_z_pT_Bin_Y_bin_phi_t)[0m (Histo Num 40515)
Fitting for: [1m(MultiDim_3D_Histo)_(Bayesian)_(SMEAR=Smear)_(Q2_y_Bin_5)_(z_pT_Bin_23)_(MultiDim_z_pT_Bin_Y_bin_phi_t)[0m (Histo Num 40516)
Fitting for: [1m(MultiDim_3D_Histo)_(Bayesian)_(SMEAR=Smear)_(Q2_y_Bin_5)_(z_pT_Bin_25)_(MultiDim_z_pT_Bin_Y_bin_phi_t)[0m (Histo Num 40517)
Fitting for: [1m(MultiDim_3D_Histo)_(Bayesian)_(SMEAR=Smear)_(Q2_y_Bin_5)_(z_pT_Bin_26)_(MultiDim_z_pT_Bin_Y_bin_phi_t)[0m (Histo Num 40518)
Fitting for: [1m(MultiDim_3D_Histo)_(Bayesian)_(SMEAR=Smear)_(Q2_y_Bin_5)_(z_pT_Bin_27)_(MultiDim_z_pT_Bin_Y_bin_phi_t)[0m (Histo Num 40519)
Fitting for: [1m(MultiDim_3D_Histo)_(Bayesian)_(SMEAR=Smear)_(Q2_y_Bin_5)_(z_pT_Bin_28)_(MultiDim_z_pT_Bin_Y_bin_phi_t)[0m (Histo Num 40520)
Fitting for: [1m(MultiDim_3D_Histo)_(Bayesian)_(SMEAR=Smear)_(Q2_y_Bin_5)_(z_pT_Bin_29)_(MultiDim_z_pT_Bin_Y_bin_phi_t)[0m (Histo Num 40521)
Fitting for: [1m(MultiDim_3D_Histo)_(Bayesian)_(SMEAR=Smear)_(Q2_y_Bin_5)_(z_pT_Bin_31)_(MultiDim_z_pT_Bin_Y_bin_phi_t)[0m (Histo Num 40522)
Fitting for: [1m(MultiDim_3D_Histo)_(Bayesian)_(SMEAR=Smear)_(Q2_y_Bin_5)_(z_pT_Bin_32)_(MultiDim_z_pT_Bin_Y_bin_phi_t)[0m (Histo Num 40523)
Fitting for: [1m(MultiDim_3D_Histo)_(Bayesian)_(SMEAR=Smear)_(Q2_y_Bin_5)_(z_pT_Bin_33)_(MultiDim_z_pT_Bin_Y_bin_phi_t)[0m (Histo Num 40524)
Fitting for: [1m(MultiDim_3D_Histo)_(Bayesian)_(SMEAR=Smear)_(Q2_y_Bin_5)_(z_pT_Bin_34)_(MultiDim_z_pT_Bin_Y_bin_phi_t)[0m (Histo Num 40525)
Fitting for: [1m(MultiDim_3D_Histo)_(Bayesian)_(SMEAR=Smear)_(Q2_y_Bin_10)_(z_pT_Bin_1)_(MultiDim_z_pT_Bin_Y_bin_phi_t)[0m (Histo Num 40562)
Fitting for: [1m(MultiDim_3D_Histo)_(Bayesian)_(SMEAR=Smear)_(Q2_y_Bin_10)_(z_pT_Bin_2)_(MultiDim_z_pT_Bin_Y_bin_phi_t)[0m (Histo Num 40563)
Fitting for: [1m(MultiDim_3D_Histo)_(Bayesian)_(SMEAR=Smear)_(Q2_y_Bin_10)_(z_pT_Bin_3)_(MultiDim_z_pT_Bin_Y_bin_phi_t)[0m (Histo Num 40564)
Fitting for: [1m(MultiDim_3D_Histo)_(Bayesian)_(SMEAR=Smear)_(Q2_y_Bin_10)_(z_pT_Bin_4)_(MultiDim_z_pT_Bin_Y_bin_phi_t)[0m (Histo Num 40565)
Fitting for: [1m(MultiDim_3D_Histo)_(Bayesian)_(SMEAR=Smear)_(Q2_y_Bin_10)_(z_pT_Bin_5)_(MultiDim_z_pT_Bin_Y_bin_phi_t)[0m (Histo Num 40566)
Fitting for: [1m(MultiDim_3D_Histo)_(Bayesian)_(SMEAR=Smear)_(Q2_y_Bin_10)_(z_pT_Bin_6)_(MultiDim_z_pT_Bin_Y_bin_phi_t)[0m (Histo Num 40567)
Fitting for: [1m(MultiDim_3D_Histo)_(Bayesian)_(SMEAR=Smear)_(Q2_y_Bin_10)_(z_pT_Bin_7)_(MultiDim_z_pT_Bin_Y_bin_phi_t)[0m (Histo Num 40568)
Fitting for: [1m(MultiDim_3D_Histo)_(Bayesian)_(SMEAR=Smear)_(Q2_y_Bin_10)_(z_pT_Bin_8)_(MultiDim_z_pT_Bin_Y_bin_phi_t)[0m (Histo Num 40569)
Fitting for: [1m(MultiDim_3D_Histo)_(Bayesian)_(SMEAR=Smear)_(Q2_y_Bin_10)_(z_pT_Bin_9)_(MultiDim_z_pT_Bin_Y_bin_phi_t)[0m (Histo Num 40570)
Fitting for: [1m(MultiDim_3D_Histo)_(Bayesian)_(SMEAR=Smear)_(Q2_y_Bin_10)_(z_pT_Bin_10)_(MultiDim_z_pT_Bin_Y_bin_phi_t)[0m (Histo Num 40571)
Fitting for: [1m(MultiDim_3D_Histo)_(Bayesian)_(SMEAR=Smear)_(Q2_y_Bin_10)_(z_pT_Bin_11)_(MultiDim_z_pT_Bin_Y_bin_phi_t)[0m (Histo Num 40572)
Fitting for: [1m(MultiDim_3D_Histo)_(Bayesian)_(SMEAR=Smear)_(Q2_y_Bin_10)_(z_pT_Bin_12)_(MultiDim_z_pT_Bin_Y_bin_phi_t)[0m (Histo Num 40573)
Fitting for: [1m(MultiDim_3D_Histo)_(Bayesian)_(SMEAR=Smear)_(Q2_y_Bin_10)_(z_pT_Bin_13)_(MultiDim_z_pT_Bin_Y_bin_phi_t)[0m (Histo Num 40574)
Fitting for: [1m(MultiDim_3D_Histo)_(Bayesian)_(SMEAR=Smear)_(Q2_y_Bin_10)_(z_pT_Bin_14)_(MultiDim_z_pT_Bin_Y_bin_phi_t)[0m (Histo Num 40575)
Fitting for: [1m(MultiDim_3D_Histo)_(Bayesian)_(SMEAR=Smear)_(Q2_y_Bin_10)_(z_pT_Bin_15)_(MultiDim_z_pT_Bin_Y_bin_phi_t)[0m (Histo Num 40576)
Fitting for: [1m(MultiDim_3D_Histo)_(Bayesian)_(SMEAR=Smear)_(Q2_y_Bin_10)_(z_pT_Bin_16)_(MultiDim_z_pT_Bin_Y_bin_phi_t)[0m (Histo Num 40577)
Fitting for: [1m(MultiDim_3D_Histo)_(Bayesian)_(SMEAR=Smear)_(Q2_y_Bin_10)_(z_pT_Bin_17)_(MultiDim_z_pT_Bin_Y_bin_phi_t)[0m (Histo Num 40578)
Fitting for: [1m(MultiDim_3D_Histo)_(Bayesian)_(SMEAR=Smear)_(Q2_y_Bin_10)_(z_pT_Bin_18)_(MultiDim_z_pT_Bin_Y_bin_phi_t)[0m (Histo Num 40579)
Fitting for: [1m(MultiDim_3D_Histo)_(Bayesian)_(SMEAR=Smear)_(Q2_y_Bin_10)_(z_pT_Bin_19)_(MultiDim_z_pT_Bin_Y_bin_phi_t)[0m (Histo Num 40580)
Fitting for: [1m(MultiDim_3D_Histo)_(Bayesian)_(SMEAR=Smear)_(Q2_y_Bin_10)_(z_pT_Bin_20)_(MultiDim_z_pT_Bin_Y_bin_phi_t)[0m (Histo Num 40581)
Fitting for: [1m(MultiDim_3D_Histo)_(Bayesian)_(SMEAR=Smear)_(Q2_y_Bin_10)_(z_pT_Bin_21)_(MultiDim_z_pT_Bin_Y_bin_phi_t)[0m (Histo Num 40582)
Fitting for: [1m(MultiDim_3D_Histo)_(Bayesian)_(SMEAR=Smear)_(Q2_y_Bin_10)_(z_pT_Bin_22)_(MultiDim_z_pT_Bin_Y_bin_phi_t)[0m (Histo Num 40583)
Fitting for: [1m(MultiDim_3D_Histo)_(Bayesian)_(SMEAR=Smear)_(Q2_y_Bin_10)_(z_pT_Bin_23)_(MultiDim_z_pT_Bin_Y_bin_phi_t)[0m (Histo Num 40584)
Fitting for: [1m(MultiDim_3D_Histo)_(Bayesian)_(SMEAR=Smear)_(Q2_y_Bin_10)_(z_pT_Bin_25)_(MultiDim_z_pT_Bin_Y_bin_phi_t)[0m (Histo Num 40585)
Fitting for: [1m(MultiDim_3D_Histo)_(Bayesian)_(SMEAR=Smear)_(Q2_y_Bin_10)_(z_pT_Bin_26)_(MultiDim_z_pT_Bin_Y_bin_phi_t)[0m (Histo Num 40586)
Fitting for: [1m(MultiDim_3D_Histo)_(Bayesian)_(SMEAR=Smear)_(Q2_y_Bin_10)_(z_pT_Bin_27)_(MultiDim_z_pT_Bin_Y_bin_phi_t)[0m (Histo Num 40587)
Fitting for: [1m(MultiDim_3D_Histo)_(Bayesian)_(SMEAR=Smear)_(Q2_y_Bin_10)_(z_pT_Bin_28)_(MultiDim_z_pT_Bin_Y_bin_phi_t)[0m (Histo Num 40588)
Fitting for: [1m(MultiDim_3D_Histo)_(Bayesian)_(SMEAR=Smear)_(Q2_y_Bin_10)_(z_pT_Bin_29)_(MultiDim_z_pT_Bin_Y_bin_phi_t)[0m (Histo Num 40589)
Fitting for: [1m(MultiDim_3D_Histo)_(Bayesian)_(SMEAR=Smear)_(Q2_y_Bin_10)_(z_pT_Bin_31)_(MultiDim_z_pT_Bin_Y_bin_phi_t)[0m (Histo Num 40590)
Fitting for: [1m(MultiDim_3D_Histo)_(Bayesian)_(SMEAR=Smear)_(Q2_y_Bin_10)_(z_pT_Bin_32)_(MultiDim_z_pT_Bin_Y_bin_phi_t)[0m (Histo Num 40591)
Fitting for: [1m(MultiDim_3D_Histo)_(Bayesian)_(SMEAR=Smear)_(Q2_y_Bin_10)_(z_pT_Bin_33)_(MultiDim_z_pT_Bin_Y_bin_phi_t)[0m (Histo Num 40592)
Fitting for: [1m(MultiDim_3D_Histo)_(Bayesian)_(SMEAR=Smear)_(Q2_y_Bin_10)_(z_pT_Bin_34)_(MultiDim_z_pT_Bin_Y_bin_phi_t)[0m (Histo Num 40593)
Fitting for: [1m(MultiDim_3D_Histo)_(Bayesian)_(SMEAR=Smear)_(Q2_y_Bin_7)_(z_pT_Bin_1)_(MultiDim_z_pT_Bin_Y_bin_phi_t)[0m (Histo Num 40631)
Fitting for: [1m(MultiDim_3D_Histo)_(Bayesian)_(SMEAR=Smear)_(Q2_y_Bin_7)_(z_pT_Bin_2)_(MultiDim_z_pT_Bin_Y_bin_phi_t)[0m (Histo Num 40632)
Fitting for: [1m(MultiDim_3D_Histo)_(Bayesian)_(SMEAR=Smear)_(Q2_y_Bin_7)_(z_pT_Bin_3)_(MultiDim_z_pT_Bin_Y_bin_phi_t)[0m (Histo Num 40633)
Fitting for: [1m(MultiDim_3D_Histo)_(Bayesian)_(SMEAR=Smear)_(Q2_y_Bin_7)_(z_pT_Bin_4)_(MultiDim_z_pT_Bin_Y_bin_phi_t)[0m (Histo Num 40634)
Fitting for: [1m(MultiDim_3D_Histo)_(Bayesian)_(SMEAR=Smear)_(Q2_y_Bin_7)_(z_pT_Bin_5)_(MultiDim_z_pT_Bin_Y_bin_phi_t)[0m (Histo Num 40635)
Fitting for: [1m(MultiDim_3D_Histo)_(Bayesian)_(SMEAR=Smear)_(Q2_y_Bin_7)_(z_pT_Bin_7)_(MultiDim_z_pT_Bin_Y_bin_phi_t)[0m (Histo Num 40636)
Fitting for: [1m(MultiDim_3D_Histo)_(Bayesian)_(SMEAR=Smear)_(Q2_y_Bin_7)_(z_pT_Bin_8)_(MultiDim_z_pT_Bin_Y_bin_phi_t)[0m (Histo Num 40637)
Fitting for: [1m(MultiDim_3D_Histo)_(Bayesian)_(SMEAR=Smear)_(Q2_y_Bin_7)_(z_pT_Bin_9)_(MultiDim_z_pT_Bin_Y_bin_phi_t)[0m (Histo Num 40638)
Fitting for: [1m(MultiDim_3D_Histo)_(Bayesian)_(SMEAR=Smear)_(Q2_y_Bin_7)_(z_pT_Bin_10)_(MultiDim_z_pT_Bin_Y_bin_phi_t)[0m (Histo Num 40639)
Fitting for: [1m(MultiDim_3D_Histo)_(Bayesian)_(SMEAR=Smear)_(Q2_y_Bin_7)_(z_pT_Bin_11)_(MultiDim_z_pT_Bin_Y_bin_phi_t)[0m (Histo Num 40640)
Fitting for: [1m(MultiDim_3D_Histo)_(Bayesian)_(SMEAR=Smear)_(Q2_y_Bin_7)_(z_pT_Bin_12)_(MultiDim_z_pT_Bin_Y_bin_phi_t)[0m (Histo Num 40641)
Fitting for: [1m(MultiDim_3D_Histo)_(Bayesian)_(SMEAR=Smear)_(Q2_y_Bin_7)_(z_pT_Bin_13)_(MultiDim_z_pT_Bin_Y_bin_phi_t)[0m (Histo Num 40642)
Fitting for: [1m(MultiDim_3D_Histo)_(Bayesian)_(SMEAR=Smear)_(Q2_y_Bin_7)_(z_pT_Bin_14)_(MultiDim_z_pT_Bin_Y_bin_phi_t)[0m (Histo Num 40643)
Fitting for: [1m(MultiDim_3D_Histo)_(Bayesian)_(SMEAR=Smear)_(Q2_y_Bin_7)_(z_pT_Bin_15)_(MultiDim_z_pT_Bin_Y_bin_phi_t)[0m (Histo Num 40644)
Fitting for: [1m(MultiDim_3D_Histo)_(Bayesian)_(SMEAR=Smear)_(Q2_y_Bin_7)_(z_pT_Bin_16)_(MultiDim_z_pT_Bin_Y_bin_phi_t)[0m (Histo Num 40645)
Fitting for: [1m(MultiDim_3D_Histo)_(Bayesian)_(SMEAR=Smear)_(Q2_y_Bin_7)_(z_pT_Bin_17)_(MultiDim_z_pT_Bin_Y_bin_phi_t)[0m (Histo Num 40646)
Fitting for: [1m(MultiDim_3D_Histo)_(Bayesian)_(SMEAR=Smear)_(Q2_y_Bin_7)_(z_pT_Bin_18)_(MultiDim_z_pT_Bin_Y_bin_phi_t)[0m (Histo Num 40647)
Fitting for: [1m(MultiDim_3D_Histo)_(Bayesian)_(SMEAR=Smear)_(Q2_y_Bin_7)_(z_pT_Bin_19)_(MultiDim_z_pT_Bin_Y_bin_phi_t)[0m (Histo Num 40648)
Fitting for: [1m(MultiDim_3D_Histo)_(Bayesian)_(SMEAR=Smear)_(Q2_y_Bin_7)_(z_pT_Bin_20)_(MultiDim_z_pT_Bin_Y_bin_phi_t)[0m (Histo Num 40649)
Fitting for: [1m(MultiDim_3D_Histo)_(Bayesian)_(SMEAR=Smear)_(Q2_y_Bin_7)_(z_pT_Bin_21)_(MultiDim_z_pT_Bin_Y_bin_phi_t)[0m (Histo Num 40650)
Fitting for: [1m(MultiDim_3D_Histo)_(Bayesian)_(SMEAR=Smear)_(Q2_y_Bin_7)_(z_pT_Bin_22)_(MultiDim_z_pT_Bin_Y_bin_phi_t)[0m (Histo Num 40651)
Fitting for: [1m(MultiDim_3D_Histo)_(Bayesian)_(SMEAR=Smear)_(Q2_y_Bin_7)_(z_pT_Bin_23)_(MultiDim_z_pT_Bin_Y_bin_phi_t)[0m (Histo Num 40652)
Fitting for: [1m(MultiDim_3D_Histo)_(Bayesian)_(SMEAR=Smear)_(Q2_y_Bin_7)_(z_pT_Bin_24)_(MultiDim_z_pT_Bin_Y_bin_phi_t)[0m (Histo Num 40653)
Fitting for: [1m(MultiDim_3D_Histo)_(Bayesian)_(SMEAR=Smear)_(Q2_y_Bin_7)_(z_pT_Bin_25)_(MultiDim_z_pT_Bin_Y_bin_phi_t)[0m (Histo Num 40654)
Fitting for: [1m(MultiDim_3D_Histo)_(Bayesian)_(SMEAR=Smear)_(Q2_y_Bin_7)_(z_pT_Bin_26)_(MultiDim_z_pT_Bin_Y_bin_phi_t)[0m (Histo Num 40655)
Fitting for: [1m(MultiDim_3D_Histo)_(Bayesian)_(SMEAR=Smear)_(Q2_y_Bin_7)_(z_pT_Bin_27)_(MultiDim_z_pT_Bin_Y_bin_phi_t)[0m (Histo Num 40656)
Fitting for: [1m(MultiDim_3D_Histo)_(Bayesian)_(SMEAR=Smear)_(Q2_y_Bin_7)_(z_pT_Bin_28)_(MultiDim_z_pT_Bin_Y_bin_phi_t)[0m (Histo Num 40657)
Fitting for: [1m(MultiDim_3D_Histo)_(Bayesian)_(SMEAR=Smear)_(Q2_y_Bin_7)_(z_pT_Bin_29)_(MultiDim_z_pT_Bin_Y_bin_phi_t)[0m (Histo Num 40658)
Fitting for: [1m(MultiDim_3D_Histo)_(Bayesian)_(SMEAR=Smear)_(Q2_y_Bin_7)_(z_pT_Bin_31)_(MultiDim_z_pT_Bin_Y_bin_phi_t)[0m (Histo Num 40659)
Fitting for: [1m(MultiDim_3D_Histo)_(Bayesian)_(SMEAR=Smear)_(Q2_y_Bin_7)_(z_pT_Bin_32)_(MultiDim_z_pT_Bin_Y_bin_phi_t)[0m (Histo Num 40660)
Fitting for: [1m(MultiDim_3D_Histo)_(Bayesian)_(SMEAR=Smear)_(Q2_y_Bin_7)_(z_pT_Bin_33)_(MultiDim_z_pT_Bin_Y_bin_phi_t)[0m (Histo Num 40661)
Fitting for: [1m(MultiDim_3D_Histo)_(Bayesian)_(SMEAR=Smear)_(Q2_y_Bin_7)_(z_pT_Bin_34)_(MultiDim_z_pT_Bin_Y_bin_phi_t)[0m (Histo Num 40662)
Fitting for: [1m(MultiDim_3D_Histo)_(Bayesian)_(SMEAR=Smear)_(Q2_y_Bin_7)_(z_pT_Bin_35)_(MultiDim_z_pT_Bin_Y_bin_phi_t)[0m (Histo Num 40663)
Fitting for: [1m(MultiDim_3D_Histo)_(RC_Bayesian)_(SMEAR=Smear)_(Q2_y_Bin_1)_(z_pT_Bin_1)_(MultiDim_z_pT_Bin_Y_bin_phi_t)[0m (Histo Num 43083)
Fitting for: [1m(MultiDim_3D_Histo)_(RC_Bayesian)_(SMEAR=Smear)_(Q2_y_Bin_1)_(z_pT_Bin_2)_(MultiDim_z_pT_Bin_Y_bin_phi_t)[0m (Histo Num 43084)
Fitting for: [1m(MultiDim_3D_Histo)_(RC_Bayesian)_(SMEAR=Smear)_(Q2_y_Bin_1)_(z_pT_Bin_3)_(MultiDim_z_pT_Bin_Y_bin_phi_t)[0m (Histo Num 43085)
Fitting for: [1m(MultiDim_3D_Histo)_(RC_Bayesian)_(SMEAR=Smear)_(Q2_y_Bin_1)_(z_pT_Bin_4)_(MultiDim_z_pT_Bin_Y_bin_phi_t)[0m (Histo Num 43086)
Fitting for: [1m(MultiDim_3D_Histo)_(RC_Bayesian)_(SMEAR=Smear)_(Q2_y_Bin_1)_(z_pT_Bin_5)_(MultiDim_z_pT_Bin_Y_bin_phi_t)[0m (Histo Num 43087)
Fitting for: [1m(MultiDim_3D_Histo)_(RC_Bayesian)_(SMEAR=Smear)_(Q2_y_Bin_1)_(z_pT_Bin_6)_(MultiDim_z_pT_Bin_Y_bin_phi_t)[0m (Histo Num 43088)
Fitting for: [1m(MultiDim_3D_Histo)_(RC_Bayesian)_(SMEAR=Smear)_(Q2_y_Bin_1)_(z_pT_Bin_7)_(MultiDim_z_pT_Bin_Y_bin_phi_t)[0m (Histo Num 43089)
Fitting for: [1m(MultiDim_3D_Histo)_(RC_Bayesian)_(SMEAR=Smear)_(Q2_y_Bin_1)_(z_pT_Bin_8)_(MultiDim_z_pT_Bin_Y_bin_phi_t)[0m (Histo Num 43090)
Fitting for: [1m(MultiDim_3D_Histo)_(RC_Bayesian)_(SMEAR=Smear)_(Q2_y_Bin_1)_(z_pT_Bin_9)_(MultiDim_z_pT_Bin_Y_bin_phi_t)[0m (Histo Num 43091)
Fitting for: [1m(MultiDim_3D_Histo)_(RC_Bayesian)_(SMEAR=Smear)_(Q2_y_Bin_1)_(z_pT_Bin_10)_(MultiDim_z_pT_Bin_Y_bin_phi_t)[0m (Histo Num 43092)
Fitting for: [1m(MultiDim_3D_Histo)_(RC_Bayesian)_(SMEAR=Smear)_(Q2_y_Bin_1)_(z_pT_Bin_11)_(MultiDim_z_pT_Bin_Y_bin_phi_t)[0m (Histo Num 43093)
Fitting for: [1m(MultiDim_3D_Histo)_(RC_Bayesian)_(SMEAR=Smear)_(Q2_y_Bin_1)_(z_pT_Bin_12)_(MultiDim_z_pT_Bin_Y_bin_phi_t)[0m (Histo Num 43094)
Fitting for: [1m(MultiDim_3D_Histo)_(RC_Bayesian)_(SMEAR=Smear)_(Q2_y_Bin_1)_(z_pT_Bin_13)_(MultiDim_z_pT_Bin_Y_bin_phi_t)[0m (Histo Num 43095)
Fitting for: [1m(MultiDim_3D_Histo)_(RC_Bayesian)_(SMEAR=Smear)_(Q2_y_Bin_1)_(z_pT_Bin_14)_(MultiDim_z_pT_Bin_Y_bin_phi_t)[0m (Histo Num 43096)
Fitting for: [1m(MultiDim_3D_Histo)_(RC_Bayesian)_(SMEAR=Smear)_(Q2_y_Bin_1)_(z_pT_Bin_15)_(MultiDim_z_pT_Bin_Y_bin_phi_t)[0m (Histo Num 43097)
Fitting for: [1m(MultiDim_3D_Histo)_(RC_Bayesian)_(SMEAR=Smear)_(Q2_y_Bin_1)_(z_pT_Bin_16)_(MultiDim_z_pT_Bin_Y_bin_phi_t)[0m (Histo Num 43098)
Fitting for: [1m(MultiDim_3D_Histo)_(RC_Bayesian)_(SMEAR=Smear)_(Q2_y_Bin_1)_(z_pT_Bin_17)_(MultiDim_z_pT_Bin_Y_bin_phi_t)[0m (Histo Num 43099)
Fitting for: [1m(MultiDim_3D_Histo)_(RC_Bayesian)_(SMEAR=Smear)_(Q2_y_Bin_1)_(z_pT_Bin_18)_(MultiDim_z_pT_Bin_Y_bin_phi_t)[0m (Histo Num 43100)
Fitting for: [1m(MultiDim_3D_Histo)_(RC_Bayesian)_(SMEAR=Smear)_(Q2_y_Bin_1)_(z_pT_Bin_19)_(MultiDim_z_pT_Bin_Y_bin_phi_t)[0m (Histo Num 43101)
Fitting for: [1m(MultiDim_3D_Histo)_(RC_Bayesian)_(SMEAR=Smear)_(Q2_y_Bin_1)_(z_pT_Bin_20)_(MultiDim_z_pT_Bin_Y_bin_phi_t)[0m (Histo Num 43102)
Fitting for: [1m(MultiDim_3D_Histo)_(RC_Bayesian)_(SMEAR=Smear)_(Q2_y_Bin_1)_(z_pT_Bin_22)_(MultiDim_z_pT_Bin_Y_bin_phi_t)[0m (Histo Num 43103)
Fitting for: [1m(MultiDim_3D_Histo)_(RC_Bayesian)_(SMEAR=Smear)_(Q2_y_Bin_1)_(z_pT_Bin_23)_(MultiDim_z_pT_Bin_Y_bin_phi_t)[0m (Histo Num 43104)
Fitting for: [1m(MultiDim_3D_Histo)_(RC_Bayesian)_(SMEAR=Smear)_(Q2_y_Bin_1)_(z_pT_Bin_24)_(MultiDim_z_pT_Bin_Y_bin_phi_t)[0m (Histo Num 43105)
Fitting for: [1m(MultiDim_3D_Histo)_(RC_Bayesian)_(SMEAR=Smear)_(Q2_y_Bin_1)_(z_pT_Bin_25)_(MultiDim_z_pT_Bin_Y_bin_phi_t)[0m (Histo Num 43106)
Fitting for: [1m(MultiDim_3D_Histo)_(RC_Bayesian)_(SMEAR=Smear)_(Q2_y_Bin_1)_(z_pT_Bin_26)_(MultiDim_z_pT_Bin_Y_bin_phi_t)[0m (Histo Num 43107)
Fitting for: [1m(MultiDim_3D_Histo)_(RC_Bayesian)_(SMEAR=Smear)_(Q2_y_Bin_1)_(z_pT_Bin_29)_(MultiDim_z_pT_Bin_Y_bin_phi_t)[0m (Histo Num 43108)
Fitting for: [1m(MultiDim_3D_Histo)_(RC_Bayesian)_(SMEAR=Smear)_(Q2_y_Bin_1)_(z_pT_Bin_30)_(MultiDim_z_pT_Bin_Y_bin_phi_t)[0m (Histo Num 43109)
Fitting for: [1m(MultiDim_3D_Histo)_(RC_Bayesian)_(SMEAR=Smear)_(Q2_y_Bin_1)_(z_pT_Bin_31)_(MultiDim_z_pT_Bin_Y_bin_phi_t)[0m (Histo Num 43110)
Fitting for: [1m(MultiDim_3D_Histo)_(RC_Bayesian)_(SMEAR=Smear)_(Q2_y_Bin_1)_(z_pT_Bin_32)_(MultiDim_z_pT_Bin_Y_bin_phi_t)[0m (Histo Num 43111)
Fitting for: [1m(MultiDim_3D_Histo)_(RC_Bayesian)_(SMEAR=Smear)_(Q2_y_Bin_2)_(z_pT_Bin_1)_(MultiDim_z_pT_Bin_Y_bin_phi_t)[0m (Histo Num 43113)
Fitting for: [1m(MultiDim_3D_Histo)_(RC_Bayesian)_(SMEAR=Smear)_(Q2_y_Bin_2)_(z_pT_Bin_2)_(MultiDim_z_pT_Bin_Y_bin_phi_t)[0m (Histo Num 43114)
Fitting for: [1m(MultiDim_3D_Histo)_(RC_Bayesian)_(SMEAR=Smear)_(Q2_y_Bin_2)_(z_pT_Bin_3)_(MultiDim_z_pT_Bin_Y_bin_phi_t)[0m (Histo Num 43115)
Fitting for: [1m(MultiDim_3D_Histo)_(RC_Bayesian)_(SMEAR=Smear)_(Q2_y_Bin_2)_(z_pT_Bin_4)_(MultiDim_z_pT_Bin_Y_bin_phi_t)[0m (Histo Num 43116)
Fitting for: [1m(MultiDim_3D_Histo)_(RC_Bayesian)_(SMEAR=Smear)_(Q2_y_Bin_2)_(z_pT_Bin_5)_(MultiDim_z_pT_Bin_Y_bin_phi_t)[0m (Histo Num 43117)
Fitting for: [1m(MultiDim_3D_Histo)_(RC_Bayesian)_(SMEAR=Smear)_(Q2_y_Bin_2)_(z_pT_Bin_6)_(MultiDim_z_pT_Bin_Y_bin_phi_t)[0m (Histo Num 43118)
Fitting for: [1m(MultiDim_3D_Histo)_(RC_Bayesian)_(SMEAR=Smear)_(Q2_y_Bin_2)_(z_pT_Bin_7)_(MultiDim_z_pT_Bin_Y_bin_phi_t)[0m (Histo Num 43119)
Fitting for: [1m(MultiDim_3D_Histo)_(RC_Bayesian)_(SMEAR=Smear)_(Q2_y_Bin_2)_(z_pT_Bin_8)_(MultiDim_z_pT_Bin_Y_bin_phi_t)[0m (Histo Num 43120)
Fitting for: [1m(MultiDim_3D_Histo)_(RC_Bayesian)_(SMEAR=Smear)_(Q2_y_Bin_2)_(z_pT_Bin_9)_(MultiDim_z_pT_Bin_Y_bin_phi_t)[0m (Histo Num 43121)
Fitting for: [1m(MultiDim_3D_Histo)_(RC_Bayesian)_(SMEAR=Smear)_(Q2_y_Bin_2)_(z_pT_Bin_10)_(MultiDim_z_pT_Bin_Y_bin_phi_t)[0m (Histo Num 43122)
Fitting for: [1m(MultiDim_3D_Histo)_(RC_Bayesian)_(SMEAR=Smear)_(Q2_y_Bin_2)_(z_pT_Bin_11)_(MultiDim_z_pT_Bin_Y_bin_phi_t)[0m (Histo Num 43123)
Fitting for: [1m(MultiDim_3D_Histo)_(RC_Bayesian)_(SMEAR=Smear)_(Q2_y_Bin_2)_(z_pT_Bin_12)_(MultiDim_z_pT_Bin_Y_bin_phi_t)[0m (Histo Num 43124)
Fitting for: [1m(MultiDim_3D_Histo)_(RC_Bayesian)_(SMEAR=Smear)_(Q2_y_Bin_2)_(z_pT_Bin_13)_(MultiDim_z_pT_Bin_Y_bin_phi_t)[0m (Histo Num 43125)
Fitting for: [1m(MultiDim_3D_Histo)_(RC_Bayesian)_(SMEAR=Smear)_(Q2_y_Bin_2)_(z_pT_Bin_14)_(MultiDim_z_pT_Bin_Y_bin_phi_t)[0m (Histo Num 43126)
Fitting for: [1m(MultiDim_3D_Histo)_(RC_Bayesian)_(SMEAR=Smear)_(Q2_y_Bin_2)_(z_pT_Bin_15)_(MultiDim_z_pT_Bin_Y_bin_phi_t)[0m (Histo Num 43127)
Fitting for: [1m(MultiDim_3D_Histo)_(RC_Bayesian)_(SMEAR=Smear)_(Q2_y_Bin_2)_(z_pT_Bin_16)_(MultiDim_z_pT_Bin_Y_bin_phi_t)[0m (Histo Num 43128)
Fitting for: [1m(MultiDim_3D_Histo)_(RC_Bayesian)_(SMEAR=Smear)_(Q2_y_Bin_2)_(z_pT_Bin_17)_(MultiDim_z_pT_Bin_Y_bin_phi_t)[0m (Histo Num 43129)
Fitting for: [1m(MultiDim_3D_Histo)_(RC_Bayesian)_(SMEAR=Smear)_(Q2_y_Bin_2)_(z_pT_Bin_18)_(MultiDim_z_pT_Bin_Y_bin_phi_t)[0m (Histo Num 43130)
Fitting for: [1m(MultiDim_3D_Histo)_(RC_Bayesian)_(SMEAR=Smear)_(Q2_y_Bin_2)_(z_pT_Bin_19)_(MultiDim_z_pT_Bin_Y_bin_phi_t)[0m (Histo Num 43131)
Fitting for: [1m(MultiDim_3D_Histo)_(RC_Bayesian)_(SMEAR=Smear)_(Q2_y_Bin_2)_(z_pT_Bin_20)_(MultiDim_z_pT_Bin_Y_bin_phi_t)[0m (Histo Num 43132)
Fitting for: [1m(MultiDim_3D_Histo)_(RC_Bayesian)_(SMEAR=Smear)_(Q2_y_Bin_2)_(z_pT_Bin_21)_(MultiDim_z_pT_Bin_Y_bin_phi_t)[0m (Histo Num 43133)
Fitting for: [1m(MultiDim_3D_Histo)_(RC_Bayesian)_(SMEAR=Smear)_(Q2_y_Bin_2)_(z_pT_Bin_22)_(MultiDim_z_pT_Bin_Y_bin_phi_t)[0m (Histo Num 43134)
Fitting for: [1m(MultiDim_3D_Histo)_(RC_Bayesian)_(SMEAR=Smear)_(Q2_y_Bin_2)_(z_pT_Bin_23)_(MultiDim_z_pT_Bin_Y_bin_phi_t)[0m (Histo Num 43135)
Fitting for: [1m(MultiDim_3D_Histo)_(RC_Bayesian)_(SMEAR=Smear)_(Q2_y_Bin_2)_(z_pT_Bin_25)_(MultiDim_z_pT_Bin_Y_bin_phi_t)[0m (Histo Num 43136)
Fitting for: [1m(MultiDim_3D_Histo)_(RC_Bayesian)_(SMEAR=Smear)_(Q2_y_Bin_2)_(z_pT_Bin_26)_(MultiDim_z_pT_Bin_Y_bin_phi_t)[0m (Histo Num 43137)
Fitting for: [1m(MultiDim_3D_Histo)_(RC_Bayesian)_(SMEAR=Smear)_(Q2_y_Bin_2)_(z_pT_Bin_27)_(MultiDim_z_pT_Bin_Y_bin_phi_t)[0m (Histo Num 43138)
Fitting for: [1m(MultiDim_3D_Histo)_(RC_Bayesian)_(SMEAR=Smear)_(Q2_y_Bin_2)_(z_pT_Bin_28)_(MultiDim_z_pT_Bin_Y_bin_phi_t)[0m (Histo Num 43139)
Fitting for: [1m(MultiDim_3D_Histo)_(RC_Bayesian)_(SMEAR=Smear)_(Q2_y_Bin_2)_(z_pT_Bin_29)_(MultiDim_z_pT_Bin_Y_bin_phi_t)[0m (Histo Num 43140)
Fitting for: [1m(MultiDim_3D_Histo)_(RC_Bayesian)_(SMEAR=Smear)_(Q2_y_Bin_2)_(z_pT_Bin_31)_(MultiDim_z_pT_Bin_Y_bin_phi_t)[0m (Histo Num 43141)
Fitting for: [1m(MultiDim_3D_Histo)_(RC_Bayesian)_(SMEAR=Smear)_(Q2_y_Bin_2)_(z_pT_Bin_32)_(MultiDim_z_pT_Bin_Y_bin_phi_t)[0m (Histo Num 43142)
Fitting for: [1m(MultiDim_3D_Histo)_(RC_Bayesian)_(SMEAR=Smear)_(Q2_y_Bin_2)_(z_pT_Bin_33)_(MultiDim_z_pT_Bin_Y_bin_phi_t)[0m (Histo Num 43143)
Fitting for: [1m(MultiDim_3D_Histo)_(RC_Bayesian)_(SMEAR=Smear)_(Q2_y_Bin_2)_(z_pT_Bin_34)_(MultiDim_z_pT_Bin_Y_bin_phi_t)[0m (Histo Num 43144)
Fitting for: [1m(MultiDim_3D_Histo)_(RC_Bayesian)_(SMEAR=Smear)_(Q2_y_Bin_3)_(z_pT_Bin_1)_(MultiDim_z_pT_Bin_Y_bin_phi_t)[0m (Histo Num 43146)
Fitting for: [1m(MultiDim_3D_Histo)_(RC_Bayesian)_(SMEAR=Smear)_(Q2_y_Bin_3)_(z_pT_Bin_2)_(MultiDim_z_pT_Bin_Y_bin_phi_t)[0m (Histo Num 43147)
Fitting for: [1m(MultiDim_3D_Histo)_(RC_Bayesian)_(SMEAR=Smear)_(Q2_y_Bin_3)_(z_pT_Bin_3)_(MultiDim_z_pT_Bin_Y_bin_phi_t)[0m (Histo Num 43148)
Fitting for: [1m(MultiDim_3D_Histo)_(RC_Bayesian)_(SMEAR=Smear)_(Q2_y_Bin_3)_(z_pT_Bin_4)_(MultiDim_z_pT_Bin_Y_bin_phi_t)[0m (Histo Num 43149)
Fitting for: [1m(MultiDim_3D_Histo)_(RC_Bayesian)_(SMEAR=Smear)_(Q2_y_Bin_3)_(z_pT_Bin_5)_(MultiDim_z_pT_Bin_Y_bin_phi_t)[0m (Histo Num 43150)
Fitting for: [1m(MultiDim_3D_Histo)_(RC_Bayesian)_(SMEAR=Smear)_(Q2_y_Bin_3)_(z_pT_Bin_7)_(MultiDim_z_pT_Bin_Y_bin_phi_t)[0m (Histo Num 43151)
Fitting for: [1m(MultiDim_3D_Histo)_(RC_Bayesian)_(SMEAR=Smear)_(Q2_y_Bin_3)_(z_pT_Bin_8)_(MultiDim_z_pT_Bin_Y_bin_phi_t)[0m (Histo Num 43152)
Fitting for: [1m(MultiDim_3D_Histo)_(RC_Bayesian)_(SMEAR=Smear)_(Q2_y_Bin_3)_(z_pT_Bin_9)_(MultiDim_z_pT_Bin_Y_bin_phi_t)[0m (Histo Num 43153)
Fitting for: [1m(MultiDim_3D_Histo)_(RC_Bayesian)_(SMEAR=Smear)_(Q2_y_Bin_3)_(z_pT_Bin_10)_(MultiDim_z_pT_Bin_Y_bin_phi_t)[0m (Histo Num 43154)
Fitting for: [1m(MultiDim_3D_Histo)_(RC_Bayesian)_(SMEAR=Smear)_(Q2_y_Bin_3)_(z_pT_Bin_11)_(MultiDim_z_pT_Bin_Y_bin_phi_t)[0m (Histo Num 43155)
Fitting for: [1m(MultiDim_3D_Histo)_(RC_Bayesian)_(SMEAR=Smear)_(Q2_y_Bin_3)_(z_pT_Bin_12)_(MultiDim_z_pT_Bin_Y_bin_phi_t)[0m (Histo Num 43156)
Fitting for: [1m(MultiDim_3D_Histo)_(RC_Bayesian)_(SMEAR=Smear)_(Q2_y_Bin_3)_(z_pT_Bin_13)_(MultiDim_z_pT_Bin_Y_bin_phi_t)[0m (Histo Num 43157)
Fitting for: [1m(MultiDim_3D_Histo)_(RC_Bayesian)_(SMEAR=Smear)_(Q2_y_Bin_3)_(z_pT_Bin_14)_(MultiDim_z_pT_Bin_Y_bin_phi_t)[0m (Histo Num 43158)
Fitting for: [1m(MultiDim_3D_Histo)_(RC_Bayesian)_(SMEAR=Smear)_(Q2_y_Bin_3)_(z_pT_Bin_15)_(MultiDim_z_pT_Bin_Y_bin_phi_t)[0m (Histo Num 43159)
Fitting for: [1m(MultiDim_3D_Histo)_(RC_Bayesian)_(SMEAR=Smear)_(Q2_y_Bin_3)_(z_pT_Bin_16)_(MultiDim_z_pT_Bin_Y_bin_phi_t)[0m (Histo Num 43160)
Fitting for: [1m(MultiDim_3D_Histo)_(RC_Bayesian)_(SMEAR=Smear)_(Q2_y_Bin_3)_(z_pT_Bin_17)_(MultiDim_z_pT_Bin_Y_bin_phi_t)[0m (Histo Num 43161)
Fitting for: [1m(MultiDim_3D_Histo)_(RC_Bayesian)_(SMEAR=Smear)_(Q2_y_Bin_3)_(z_pT_Bin_18)_(MultiDim_z_pT_Bin_Y_bin_phi_t)[0m (Histo Num 43162)
Fitting for: [1m(MultiDim_3D_Histo)_(RC_Bayesian)_(SMEAR=Smear)_(Q2_y_Bin_3)_(z_pT_Bin_19)_(MultiDim_z_pT_Bin_Y_bin_phi_t)[0m (Histo Num 43163)
Fitting for: [1m(MultiDim_3D_Histo)_(RC_Bayesian)_(SMEAR=Smear)_(Q2_y_Bin_3)_(z_pT_Bin_20)_(MultiDim_z_pT_Bin_Y_bin_phi_t)[0m (Histo Num 43164)
Fitting for: [1m(MultiDim_3D_Histo)_(RC_Bayesian)_(SMEAR=Smear)_(Q2_y_Bin_3)_(z_pT_Bin_21)_(MultiDim_z_pT_Bin_Y_bin_phi_t)[0m (Histo Num 43165)
Fitting for: [1m(MultiDim_3D_Histo)_(RC_Bayesian)_(SMEAR=Smear)_(Q2_y_Bin_3)_(z_pT_Bin_22)_(MultiDim_z_pT_Bin_Y_bin_phi_t)[0m (Histo Num 43166)
Fitting for: [1m(MultiDim_3D_Histo)_(RC_Bayesian)_(SMEAR=Smear)_(Q2_y_Bin_3)_(z_pT_Bin_23)_(MultiDim_z_pT_Bin_Y_bin_phi_t)[0m (Histo Num 43167)
Fitting for: [1m(MultiDim_3D_Histo)_(RC_Bayesian)_(SMEAR=Smear)_(Q2_y_Bin_3)_(z_pT_Bin_24)_(MultiDim_z_pT_Bin_Y_bin_phi_t)[0m (Histo Num 43168)
Fitting for: [1m(MultiDim_3D_Histo)_(RC_Bayesian)_(SMEAR=Smear)_(Q2_y_Bin_3)_(z_pT_Bin_25)_(MultiDim_z_pT_Bin_Y_bin_phi_t)[0m (Histo Num 43169)
Fitting for: [1m(MultiDim_3D_Histo)_(RC_Bayesian)_(SMEAR=Smear)_(Q2_y_Bin_3)_(z_pT_Bin_26)_(MultiDim_z_pT_Bin_Y_bin_phi_t)[0m (Histo Num 43170)
Fitting for: [1m(MultiDim_3D_Histo)_(RC_Bayesian)_(SMEAR=Smear)_(Q2_y_Bin_3)_(z_pT_Bin_27)_(MultiDim_z_pT_Bin_Y_bin_phi_t)[0m (Histo Num 43171)
Fitting for: [1m(MultiDim_3D_Histo)_(RC_Bayesian)_(SMEAR=Smear)_(Q2_y_Bin_3)_(z_pT_Bin_28)_(MultiDim_z_pT_Bin_Y_bin_phi_t)[0m (Histo Num 43172)
Fitting for: [1m(MultiDim_3D_Histo)_(RC_Bayesian)_(SMEAR=Smear)_(Q2_y_Bin_3)_(z_pT_Bin_29)_(MultiDim_z_pT_Bin_Y_bin_phi_t)[0m (Histo Num 43173)
Fitting for: [1m(MultiDim_3D_Histo)_(RC_Bayesian)_(SMEAR=Smear)_(Q2_y_Bin_4)_(z_pT_Bin_7)_(MultiDim_z_pT_Bin_Y_bin_phi_t)[0m (Histo Num 43175)
Fitting for: [1m(MultiDim_3D_Histo)_(RC_Bayesian)_(SMEAR=Smear)_(Q2_y_Bin_4)_(z_pT_Bin_8)_(MultiDim_z_pT_Bin_Y_bin_phi_t)[0m (Histo Num 43176)
Fitting for: [1m(MultiDim_3D_Histo)_(RC_Bayesian)_(SMEAR=Smear)_(Q2_y_Bin_4)_(z_pT_Bin_9)_(MultiDim_z_pT_Bin_Y_bin_phi_t)[0m (Histo Num 43177)
Fitting for: [1m(MultiDim_3D_Histo)_(RC_Bayesian)_(SMEAR=Smear)_(Q2_y_Bin_4)_(z_pT_Bin_10)_(MultiDim_z_pT_Bin_Y_bin_phi_t)[0m (Histo Num 43178)
Fitting for: [1m(MultiDim_3D_Histo)_(RC_Bayesian)_(SMEAR=Smear)_(Q2_y_Bin_4)_(z_pT_Bin_11)_(MultiDim_z_pT_Bin_Y_bin_phi_t)[0m (Histo Num 43179)
Fitting for: [1m(MultiDim_3D_Histo)_(RC_Bayesian)_(SMEAR=Smear)_(Q2_y_Bin_4)_(z_pT_Bin_13)_(MultiDim_z_pT_Bin_Y_bin_phi_t)[0m (Histo Num 43180)
Fitting for: [1m(MultiDim_3D_Histo)_(RC_Bayesian)_(SMEAR=Smear)_(Q2_y_Bin_4)_(z_pT_Bin_14)_(MultiDim_z_pT_Bin_Y_bin_phi_t)[0m (Histo Num 43181)
Fitting for: [1m(MultiDim_3D_Histo)_(RC_Bayesian)_(SMEAR=Smear)_(Q2_y_Bin_4)_(z_pT_Bin_15)_(MultiDim_z_pT_Bin_Y_bin_phi_t)[0m (Histo Num 43182)
Fitting for: [1m(MultiDim_3D_Histo)_(RC_Bayesian)_(SMEAR=Smear)_(Q2_y_Bin_4)_(z_pT_Bin_16)_(MultiDim_z_pT_Bin_Y_bin_phi_t)[0m (Histo Num 43183)
Fitting for: [1m(MultiDim_3D_Histo)_(RC_Bayesian)_(SMEAR=Smear)_(Q2_y_Bin_4)_(z_pT_Bin_17)_(MultiDim_z_pT_Bin_Y_bin_phi_t)[0m (Histo Num 43184)
Fitting for: [1m(MultiDim_3D_Histo)_(RC_Bayesian)_(SMEAR=Smear)_(Q2_y_Bin_4)_(z_pT_Bin_19)_(MultiDim_z_pT_Bin_Y_bin_phi_t)[0m (Histo Num 43185)
Fitting for: [1m(MultiDim_3D_Histo)_(RC_Bayesian)_(SMEAR=Smear)_(Q2_y_Bin_4)_(z_pT_Bin_20)_(MultiDim_z_pT_Bin_Y_bin_phi_t)[0m (Histo Num 43186)
Fitting for: [1m(MultiDim_3D_Histo)_(RC_Bayesian)_(SMEAR=Smear)_(Q2_y_Bin_4)_(z_pT_Bin_21)_(MultiDim_z_pT_Bin_Y_bin_phi_t)[0m (Histo Num 43187)
Fitting for: [1m(MultiDim_3D_Histo)_(RC_Bayesian)_(SMEAR=Smear)_(Q2_y_Bin_4)_(z_pT_Bin_22)_(MultiDim_z_pT_Bin_Y_bin_phi_t)[0m (Histo Num 43188)
Fitting for: [1m(MultiDim_3D_Histo)_(RC_Bayesian)_(SMEAR=Smear)_(Q2_y_Bin_4)_(z_pT_Bin_23)_(MultiDim_z_pT_Bin_Y_bin_phi_t)[0m (Histo Num 43189)
Fitting for: [1m(MultiDim_3D_Histo)_(RC_Bayesian)_(SMEAR=Smear)_(Q2_y_Bin_4)_(z_pT_Bin_25)_(MultiDim_z_pT_Bin_Y_bin_phi_t)[0m (Histo Num 43190)
Fitting for: [1m(MultiDim_3D_Histo)_(RC_Bayesian)_(SMEAR=Smear)_(Q2_y_Bin_4)_(z_pT_Bin_26)_(MultiDim_z_pT_Bin_Y_bin_phi_t)[0m (Histo Num 43191)
Fitting for: [1m(MultiDim_3D_Histo)_(RC_Bayesian)_(SMEAR=Smear)_(Q2_y_Bin_4)_(z_pT_Bin_27)_(MultiDim_z_pT_Bin_Y_bin_phi_t)[0m (Histo Num 43192)
Fitting for: [1m(MultiDim_3D_Histo)_(RC_Bayesian)_(SMEAR=Smear)_(Q2_y_Bin_4)_(z_pT_Bin_28)_(MultiDim_z_pT_Bin_Y_bin_phi_t)[0m (Histo Num 43193)
Fitting for: [1m(MultiDim_3D_Histo)_(RC_Bayesian)_(SMEAR=Smear)_(Q2_y_Bin_4)_(z_pT_Bin_29)_(MultiDim_z_pT_Bin_Y_bin_phi_t)[0m (Histo Num 43194)
Fitting for: [1m(MultiDim_3D_Histo)_(RC_Bayesian)_(SMEAR=Smear)_(Q2_y_Bin_4)_(z_pT_Bin_31)_(MultiDim_z_pT_Bin_Y_bin_phi_t)[0m (Histo Num 43195)
Fitting for: [1m(MultiDim_3D_Histo)_(RC_Bayesian)_(SMEAR=Smear)_(Q2_y_Bin_4)_(z_pT_Bin_32)_(MultiDim_z_pT_Bin_Y_bin_phi_t)[0m (Histo Num 43196)
Fitting for: [1m(MultiDim_3D_Histo)_(RC_Bayesian)_(SMEAR=Smear)_(Q2_y_Bin_4)_(z_pT_Bin_33)_(MultiDim_z_pT_Bin_Y_bin_phi_t)[0m (Histo Num 43197)
Fitting for: [1m(MultiDim_3D_Histo)_(RC_Bayesian)_(SMEAR=Smear)_(Q2_y_Bin_4)_(z_pT_Bin_34)_(MultiDim_z_pT_Bin_Y_bin_phi_t)[0m (Histo Num 43198)
Fitting for: [1m(MultiDim_3D_Histo)_(RC_Bayesian)_(SMEAR=Smear)_(Q2_y_Bin_5)_(z_pT_Bin_1)_(MultiDim_z_pT_Bin_Y_bin_phi_t)[0m (Histo Num 43200)
Fitting for: [1m(MultiDim_3D_Histo)_(RC_Bayesian)_(SMEAR=Smear)_(Q2_y_Bin_5)_(z_pT_Bin_2)_(MultiDim_z_pT_Bin_Y_bin_phi_t)[0m (Histo Num 43201)
Fitting for: [1m(MultiDim_3D_Histo)_(RC_Bayesian)_(SMEAR=Smear)_(Q2_y_Bin_5)_(z_pT_Bin_3)_(MultiDim_z_pT_Bin_Y_bin_phi_t)[0m (Histo Num 43202)
Fitting for: [1m(MultiDim_3D_Histo)_(RC_Bayesian)_(SMEAR=Smear)_(Q2_y_Bin_5)_(z_pT_Bin_4)_(MultiDim_z_pT_Bin_Y_bin_phi_t)[0m (Histo Num 43203)
Fitting for: [1m(MultiDim_3D_Histo)_(RC_Bayesian)_(SMEAR=Smear)_(Q2_y_Bin_5)_(z_pT_Bin_5)_(MultiDim_z_pT_Bin_Y_bin_phi_t)[0m (Histo Num 43204)
Fitting for: [1m(MultiDim_3D_Histo)_(RC_Bayesian)_(SMEAR=Smear)_(Q2_y_Bin_5)_(z_pT_Bin_6)_(MultiDim_z_pT_Bin_Y_bin_phi_t)[0m (Histo Num 43205)
Fitting for: [1m(MultiDim_3D_Histo)_(RC_Bayesian)_(SMEAR=Smear)_(Q2_y_Bin_5)_(z_pT_Bin_7)_(MultiDim_z_pT_Bin_Y_bin_phi_t)[0m (Histo Num 43206)
Fitting for: [1m(MultiDim_3D_Histo)_(RC_Bayesian)_(SMEAR=Smear)_(Q2_y_Bin_5)_(z_pT_Bin_8)_(MultiDim_z_pT_Bin_Y_bin_phi_t)[0m (Histo Num 43207)
Fitting for: [1m(MultiDim_3D_Histo)_(RC_Bayesian)_(SMEAR=Smear)_(Q2_y_Bin_5)_(z_pT_Bin_9)_(MultiDim_z_pT_Bin_Y_bin_phi_t)[0m (Histo Num 43208)
Fitting for: [1m(MultiDim_3D_Histo)_(RC_Bayesian)_(SMEAR=Smear)_(Q2_y_Bin_5)_(z_pT_Bin_10)_(MultiDim_z_pT_Bin_Y_bin_phi_t)[0m (Histo Num 43209)
Fitting for: [1m(MultiDim_3D_Histo)_(RC_Bayesian)_(SMEAR=Smear)_(Q2_y_Bin_5)_(z_pT_Bin_11)_(MultiDim_z_pT_Bin_Y_bin_phi_t)[0m (Histo Num 43210)
Fitting for: [1m(MultiDim_3D_Histo)_(RC_Bayesian)_(SMEAR=Smear)_(Q2_y_Bin_5)_(z_pT_Bin_12)_(MultiDim_z_pT_Bin_Y_bin_phi_t)[0m (Histo Num 43211)
Fitting for: [1m(MultiDim_3D_Histo)_(RC_Bayesian)_(SMEAR=Smear)_(Q2_y_Bin_5)_(z_pT_Bin_13)_(MultiDim_z_pT_Bin_Y_bin_phi_t)[0m (Histo Num 43212)
Fitting for: [1m(MultiDim_3D_Histo)_(RC_Bayesian)_(SMEAR=Smear)_(Q2_y_Bin_5)_(z_pT_Bin_14)_(MultiDim_z_pT_Bin_Y_bin_phi_t)[0m (Histo Num 43213)
Fitting for: [1m(MultiDim_3D_Histo)_(RC_Bayesian)_(SMEAR=Smear)_(Q2_y_Bin_5)_(z_pT_Bin_15)_(MultiDim_z_pT_Bin_Y_bin_phi_t)[0m (Histo Num 43214)
Fitting for: [1m(MultiDim_3D_Histo)_(RC_Bayesian)_(SMEAR=Smear)_(Q2_y_Bin_5)_(z_pT_Bin_16)_(MultiDim_z_pT_Bin_Y_bin_phi_t)[0m (Histo Num 43215)
Fitting for: [1m(MultiDim_3D_Histo)_(RC_Bayesian)_(SMEAR=Smear)_(Q2_y_Bin_5)_(z_pT_Bin_17)_(MultiDim_z_pT_Bin_Y_bin_phi_t)[0m (Histo Num 43216)
Fitting for: [1m(MultiDim_3D_Histo)_(RC_Bayesian)_(SMEAR=Smear)_(Q2_y_Bin_5)_(z_pT_Bin_18)_(MultiDim_z_pT_Bin_Y_bin_phi_t)[0m (Histo Num 43217)
Fitting for: [1m(MultiDim_3D_Histo)_(RC_Bayesian)_(SMEAR=Smear)_(Q2_y_Bin_5)_(z_pT_Bin_19)_(MultiDim_z_pT_Bin_Y_bin_phi_t)[0m (Histo Num 43218)
Fitting for: [1m(MultiDim_3D_Histo)_(RC_Bayesian)_(SMEAR=Smear)_(Q2_y_Bin_5)_(z_pT_Bin_20)_(MultiDim_z_pT_Bin_Y_bin_phi_t)[0m (Histo Num 43219)
Fitting for: [1m(MultiDim_3D_Histo)_(RC_Bayesian)_(SMEAR=Smear)_(Q2_y_Bin_5)_(z_pT_Bin_21)_(MultiDim_z_pT_Bin_Y_bin_phi_t)[0m (Histo Num 43220)
Fitting for: [1m(MultiDim_3D_Histo)_(RC_Bayesian)_(SMEAR=Smear)_(Q2_y_Bin_5)_(z_pT_Bin_22)_(MultiDim_z_pT_Bin_Y_bin_phi_t)[0m (Histo Num 43221)
Fitting for: [1m(MultiDim_3D_Histo)_(RC_Bayesian)_(SMEAR=Smear)_(Q2_y_Bin_5)_(z_pT_Bin_23)_(MultiDim_z_pT_Bin_Y_bin_phi_t)[0m (Histo Num 43222)
Fitting for: [1m(MultiDim_3D_Histo)_(RC_Bayesian)_(SMEAR=Smear)_(Q2_y_Bin_5)_(z_pT_Bin_25)_(MultiDim_z_pT_Bin_Y_bin_phi_t)[0m (Histo Num 43223)
Fitting for: [1m(MultiDim_3D_Histo)_(RC_Bayesian)_(SMEAR=Smear)_(Q2_y_Bin_5)_(z_pT_Bin_26)_(MultiDim_z_pT_Bin_Y_bin_phi_t)[0m (Histo Num 43224)
Fitting for: [1m(MultiDim_3D_Histo)_(RC_Bayesian)_(SMEAR=Smear)_(Q2_y_Bin_5)_(z_pT_Bin_27)_(MultiDim_z_pT_Bin_Y_bin_phi_t)[0m (Histo Num 43225)
Fitting for: [1m(MultiDim_3D_Histo)_(RC_Bayesian)_(SMEAR=Smear)_(Q2_y_Bin_5)_(z_pT_Bin_28)_(MultiDim_z_pT_Bin_Y_bin_phi_t)[0m (Histo Num 43226)
Fitting for: [1m(MultiDim_3D_Histo)_(RC_Bayesian)_(SMEAR=Smear)_(Q2_y_Bin_5)_(z_pT_Bin_29)_(MultiDim_z_pT_Bin_Y_bin_phi_t)[0m (Histo Num 43227)
Fitting for: [1m(MultiDim_3D_Histo)_(RC_Bayesian)_(SMEAR=Smear)_(Q2_y_Bin_5)_(z_pT_Bin_31)_(MultiDim_z_pT_Bin_Y_bin_phi_t)[0m (Histo Num 43228)
Fitting for: [1m(MultiDim_3D_Histo)_(RC_Bayesian)_(SMEAR=Smear)_(Q2_y_Bin_5)_(z_pT_Bin_32)_(MultiDim_z_pT_Bin_Y_bin_phi_t)[0m (Histo Num 43229)
Fitting for: [1m(MultiDim_3D_Histo)_(RC_Bayesian)_(SMEAR=Smear)_(Q2_y_Bin_5)_(z_pT_Bin_33)_(MultiDim_z_pT_Bin_Y_bin_phi_t)[0m (Histo Num 43230)
Fitting for: [1m(MultiDim_3D_Histo)_(RC_Bayesian)_(SMEAR=Smear)_(Q2_y_Bin_5)_(z_pT_Bin_34)_(MultiDim_z_pT_Bin_Y_bin_phi_t)[0m (Histo Num 43231)
Fitting for: [1m(MultiDim_3D_Histo)_(RC_Bayesian)_(SMEAR=Smear)_(Q2_y_Bin_6)_(z_pT_Bin_1)_(MultiDim_z_pT_Bin_Y_bin_phi_t)[0m (Histo Num 43233)
Fitting for: [1m(MultiDim_3D_Histo)_(RC_Bayesian)_(SMEAR=Smear)_(Q2_y_Bin_6)_(z_pT_Bin_2)_(MultiDim_z_pT_Bin_Y_bin_phi_t)[0m (Histo Num 43234)
Fitting for: [1m(MultiDim_3D_Histo)_(RC_Bayesian)_(SMEAR=Smear)_(Q2_y_Bin_6)_(z_pT_Bin_3)_(MultiDim_z_pT_Bin_Y_bin_phi_t)[0m (Histo Num 43235)
Fitting for: [1m(MultiDim_3D_Histo)_(RC_Bayesian)_(SMEAR=Smear)_(Q2_y_Bin_6)_(z_pT_Bin_4)_(MultiDim_z_pT_Bin_Y_bin_phi_t)[0m (Histo Num 43236)
Fitting for: [1m(MultiDim_3D_Histo)_(RC_Bayesian)_(SMEAR=Smear)_(Q2_y_Bin_6)_(z_pT_Bin_5)_(MultiDim_z_pT_Bin_Y_bin_phi_t)[0m (Histo Num 43237)
Fitting for: [1m(MultiDim_3D_Histo)_(RC_Bayesian)_(SMEAR=Smear)_(Q2_y_Bin_6)_(z_pT_Bin_6)_(MultiDim_z_pT_Bin_Y_bin_phi_t)[0m (Histo Num 43238)
Fitting for: [1m(MultiDim_3D_Histo)_(RC_Bayesian)_(SMEAR=Smear)_(Q2_y_Bin_6)_(z_pT_Bin_7)_(MultiDim_z_pT_Bin_Y_bin_phi_t)[0m (Histo Num 43239)
Fitting for: [1m(MultiDim_3D_Histo)_(RC_Bayesian)_(SMEAR=Smear)_(Q2_y_Bin_6)_(z_pT_Bin_8)_(MultiDim_z_pT_Bin_Y_bin_phi_t)[0m (Histo Num 43240)
Fitting for: [1m(MultiDim_3D_Histo)_(RC_Bayesian)_(SMEAR=Smear)_(Q2_y_Bin_6)_(z_pT_Bin_9)_(MultiDim_z_pT_Bin_Y_bin_phi_t)[0m (Histo Num 43241)
Fitting for: [1m(MultiDim_3D_Histo)_(RC_Bayesian)_(SMEAR=Smear)_(Q2_y_Bin_6)_(z_pT_Bin_10)_(MultiDim_z_pT_Bin_Y_bin_phi_t)[0m (Histo Num 43242)
Fitting for: [1m(MultiDim_3D_Histo)_(RC_Bayesian)_(SMEAR=Smear)_(Q2_y_Bin_6)_(z_pT_Bin_11)_(MultiDim_z_pT_Bin_Y_bin_phi_t)[0m (Histo Num 43243)
Fitting for: [1m(MultiDim_3D_Histo)_(RC_Bayesian)_(SMEAR=Smear)_(Q2_y_Bin_6)_(z_pT_Bin_12)_(MultiDim_z_pT_Bin_Y_bin_phi_t)[0m (Histo Num 43244)
Fitting for: [1m(MultiDim_3D_Histo)_(RC_Bayesian)_(SMEAR=Smear)_(Q2_y_Bin_6)_(z_pT_Bin_13)_(MultiDim_z_pT_Bin_Y_bin_phi_t)[0m (Histo Num 43245)
Fitting for: [1m(MultiDim_3D_Histo)_(RC_Bayesian)_(SMEAR=Smear)_(Q2_y_Bin_6)_(z_pT_Bin_14)_(MultiDim_z_pT_Bin_Y_bin_phi_t)[0m (Histo Num 43246)
Fitting for: [1m(MultiDim_3D_Histo)_(RC_Bayesian)_(SMEAR=Smear)_(Q2_y_Bin_6)_(z_pT_Bin_15)_(MultiDim_z_pT_Bin_Y_bin_phi_t)[0m (Histo Num 43247)
Fitting for: [1m(MultiDim_3D_Histo)_(RC_Bayesian)_(SMEAR=Smear)_(Q2_y_Bin_6)_(z_pT_Bin_16)_(MultiDim_z_pT_Bin_Y_bin_phi_t)[0m (Histo Num 43248)
Fitting for: [1m(MultiDim_3D_Histo)_(RC_Bayesian)_(SMEAR=Smear)_(Q2_y_Bin_6)_(z_pT_Bin_17)_(MultiDim_z_pT_Bin_Y_bin_phi_t)[0m (Histo Num 43249)
Fitting for: [1m(MultiDim_3D_Histo)_(RC_Bayesian)_(SMEAR=Smear)_(Q2_y_Bin_6)_(z_pT_Bin_19)_(MultiDim_z_pT_Bin_Y_bin_phi_t)[0m (Histo Num 43250)
Fitting for: [1m(MultiDim_3D_Histo)_(RC_Bayesian)_(SMEAR=Smear)_(Q2_y_Bin_6)_(z_pT_Bin_20)_(MultiDim_z_pT_Bin_Y_bin_phi_t)[0m (Histo Num 43251)
Fitting for: [1m(MultiDim_3D_Histo)_(RC_Bayesian)_(SMEAR=Smear)_(Q2_y_Bin_6)_(z_pT_Bin_21)_(MultiDim_z_pT_Bin_Y_bin_phi_t)[0m (Histo Num 43252)
Fitting for: [1m(MultiDim_3D_Histo)_(RC_Bayesian)_(SMEAR=Smear)_(Q2_y_Bin_6)_(z_pT_Bin_22)_(MultiDim_z_pT_Bin_Y_bin_phi_t)[0m (Histo Num 43253)
Fitting for: [1m(MultiDim_3D_Histo)_(RC_Bayesian)_(SMEAR=Smear)_(Q2_y_Bin_6)_(z_pT_Bin_23)_(MultiDim_z_pT_Bin_Y_bin_phi_t)[0m (Histo Num 43254)
Fitting for: [1m(MultiDim_3D_Histo)_(RC_Bayesian)_(SMEAR=Smear)_(Q2_y_Bin_6)_(z_pT_Bin_25)_(MultiDim_z_pT_Bin_Y_bin_phi_t)[0m (Histo Num 43255)
Fitting for: [1m(MultiDim_3D_Histo)_(RC_Bayesian)_(SMEAR=Smear)_(Q2_y_Bin_6)_(z_pT_Bin_26)_(MultiDim_z_pT_Bin_Y_bin_phi_t)[0m (Histo Num 43256)
Fitting for: [1m(MultiDim_3D_Histo)_(RC_Bayesian)_(SMEAR=Smear)_(Q2_y_Bin_6)_(z_pT_Bin_27)_(MultiDim_z_pT_Bin_Y_bin_phi_t)[0m (Histo Num 43257)
Fitting for: [1m(MultiDim_3D_Histo)_(RC_Bayesian)_(SMEAR=Smear)_(Q2_y_Bin_6)_(z_pT_Bin_28)_(MultiDim_z_pT_Bin_Y_bin_phi_t)[0m (Histo Num 43258)
Fitting for: [1m(MultiDim_3D_Histo)_(RC_Bayesian)_(SMEAR=Smear)_(Q2_y_Bin_7)_(z_pT_Bin_1)_(MultiDim_z_pT_Bin_Y_bin_phi_t)[0m (Histo Num 43260)
Fitting for: [1m(MultiDim_3D_Histo)_(RC_Bayesian)_(SMEAR=Smear)_(Q2_y_Bin_7)_(z_pT_Bin_2)_(MultiDim_z_pT_Bin_Y_bin_phi_t)[0m (Histo Num 43261)
Fitting for: [1m(MultiDim_3D_Histo)_(RC_Bayesian)_(SMEAR=Smear)_(Q2_y_Bin_7)_(z_pT_Bin_3)_(MultiDim_z_pT_Bin_Y_bin_phi_t)[0m (Histo Num 43262)
Fitting for: [1m(MultiDim_3D_Histo)_(RC_Bayesian)_(SMEAR=Smear)_(Q2_y_Bin_7)_(z_pT_Bin_4)_(MultiDim_z_pT_Bin_Y_bin_phi_t)[0m (Histo Num 43263)
Fitting for: [1m(MultiDim_3D_Histo)_(RC_Bayesian)_(SMEAR=Smear)_(Q2_y_Bin_7)_(z_pT_Bin_5)_(MultiDim_z_pT_Bin_Y_bin_phi_t)[0m (Histo Num 43264)
Fitting for: [1m(MultiDim_3D_Histo)_(RC_Bayesian)_(SMEAR=Smear)_(Q2_y_Bin_7)_(z_pT_Bin_7)_(MultiDim_z_pT_Bin_Y_bin_phi_t)[0m (Histo Num 43265)
Fitting for: [1m(MultiDim_3D_Histo)_(RC_Bayesian)_(SMEAR=Smear)_(Q2_y_Bin_7)_(z_pT_Bin_8)_(MultiDim_z_pT_Bin_Y_bin_phi_t)[0m (Histo Num 43266)
Fitting for: [1m(MultiDim_3D_Histo)_(RC_Bayesian)_(SMEAR=Smear)_(Q2_y_Bin_7)_(z_pT_Bin_9)_(MultiDim_z_pT_Bin_Y_bin_phi_t)[0m (Histo Num 43267)
Fitting for: [1m(MultiDim_3D_Histo)_(RC_Bayesian)_(SMEAR=Smear)_(Q2_y_Bin_7)_(z_pT_Bin_10)_(MultiDim_z_pT_Bin_Y_bin_phi_t)[0m (Histo Num 43268)
Fitting for: [1m(MultiDim_3D_Histo)_(RC_Bayesian)_(SMEAR=Smear)_(Q2_y_Bin_7)_(z_pT_Bin_11)_(MultiDim_z_pT_Bin_Y_bin_phi_t)[0m (Histo Num 43269)
Fitting for: [1m(MultiDim_3D_Histo)_(RC_Bayesian)_(SMEAR=Smear)_(Q2_y_Bin_7)_(z_pT_Bin_12)_(MultiDim_z_pT_Bin_Y_bin_phi_t)[0m (Histo Num 43270)
Fitting for: [1m(MultiDim_3D_Histo)_(RC_Bayesian)_(SMEAR=Smear)_(Q2_y_Bin_7)_(z_pT_Bin_13)_(MultiDim_z_pT_Bin_Y_bin_phi_t)[0m (Histo Num 43271)
Fitting for: [1m(MultiDim_3D_Histo)_(RC_Bayesian)_(SMEAR=Smear)_(Q2_y_Bin_7)_(z_pT_Bin_14)_(MultiDim_z_pT_Bin_Y_bin_phi_t)[0m (Histo Num 43272)
Fitting for: [1m(MultiDim_3D_Histo)_(RC_Bayesian)_(SMEAR=Smear)_(Q2_y_Bin_7)_(z_pT_Bin_15)_(MultiDim_z_pT_Bin_Y_bin_phi_t)[0m (Histo Num 43273)
Fitting for: [1m(MultiDim_3D_Histo)_(RC_Bayesian)_(SMEAR=Smear)_(Q2_y_Bin_7)_(z_pT_Bin_16)_(MultiDim_z_pT_Bin_Y_bin_phi_t)[0m (Histo Num 43274)
Fitting for: [1m(MultiDim_3D_Histo)_(RC_Bayesian)_(SMEAR=Smear)_(Q2_y_Bin_7)_(z_pT_Bin_17)_(MultiDim_z_pT_Bin_Y_bin_phi_t)[0m (Histo Num 43275)
Fitting for: [1m(MultiDim_3D_Histo)_(RC_Bayesian)_(SMEAR=Smear)_(Q2_y_Bin_7)_(z_pT_Bin_18)_(MultiDim_z_pT_Bin_Y_bin_phi_t)[0m (Histo Num 43276)
Fitting for: [1m(MultiDim_3D_Histo)_(RC_Bayesian)_(SMEAR=Smear)_(Q2_y_Bin_7)_(z_pT_Bin_19)_(MultiDim_z_pT_Bin_Y_bin_phi_t)[0m (Histo Num 43277)
Fitting for: [1m(MultiDim_3D_Histo)_(RC_Bayesian)_(SMEAR=Smear)_(Q2_y_Bin_7)_(z_pT_Bin_20)_(MultiDim_z_pT_Bin_Y_bin_phi_t)[0m (Histo Num 43278)
Fitting for: [1m(MultiDim_3D_Histo)_(RC_Bayesian)_(SMEAR=Smear)_(Q2_y_Bin_7)_(z_pT_Bin_21)_(MultiDim_z_pT_Bin_Y_bin_phi_t)[0m (Histo Num 43279)
Fitting for: [1m(MultiDim_3D_Histo)_(RC_Bayesian)_(SMEAR=Smear)_(Q2_y_Bin_7)_(z_pT_Bin_22)_(MultiDim_z_pT_Bin_Y_bin_phi_t)[0m (Histo Num 43280)
Fitting for: [1m(MultiDim_3D_Histo)_(RC_Bayesian)_(SMEAR=Smear)_(Q2_y_Bin_7)_(z_pT_Bin_23)_(MultiDim_z_pT_Bin_Y_bin_phi_t)[0m (Histo Num 43281)
Fitting for: [1m(MultiDim_3D_Histo)_(RC_Bayesian)_(SMEAR=Smear)_(Q2_y_Bin_7)_(z_pT_Bin_24)_(MultiDim_z_pT_Bin_Y_bin_phi_t)[0m (Histo Num 43282)
Fitting for: [1m(MultiDim_3D_Histo)_(RC_Bayesian)_(SMEAR=Smear)_(Q2_y_Bin_7)_(z_pT_Bin_25)_(MultiDim_z_pT_Bin_Y_bin_phi_t)[0m (Histo Num 43283)
Fitting for: [1m(MultiDim_3D_Histo)_(RC_Bayesian)_(SMEAR=Smear)_(Q2_y_Bin_7)_(z_pT_Bin_26)_(MultiDim_z_pT_Bin_Y_bin_phi_t)[0m (Histo Num 43284)
Fitting for: [1m(MultiDim_3D_Histo)_(RC_Bayesian)_(SMEAR=Smear)_(Q2_y_Bin_7)_(z_pT_Bin_27)_(MultiDim_z_pT_Bin_Y_bin_phi_t)[0m (Histo Num 43285)
Fitting for: [1m(MultiDim_3D_Histo)_(RC_Bayesian)_(SMEAR=Smear)_(Q2_y_Bin_7)_(z_pT_Bin_28)_(MultiDim_z_pT_Bin_Y_bin_phi_t)[0m (Histo Num 43286)
Fitting for: [1m(MultiDim_3D_Histo)_(RC_Bayesian)_(SMEAR=Smear)_(Q2_y_Bin_7)_(z_pT_Bin_29)_(MultiDim_z_pT_Bin_Y_bin_phi_t)[0m (Histo Num 43287)
Fitting for: [1m(MultiDim_3D_Histo)_(RC_Bayesian)_(SMEAR=Smear)_(Q2_y_Bin_7)_(z_pT_Bin_31)_(MultiDim_z_pT_Bin_Y_bin_phi_t)[0m (Histo Num 43288)
Fitting for: [1m(MultiDim_3D_Histo)_(RC_Bayesian)_(SMEAR=Smear)_(Q2_y_Bin_7)_(z_pT_Bin_32)_(MultiDim_z_pT_Bin_Y_bin_phi_t)[0m (Histo Num 43289)
Fitting for: [1m(MultiDim_3D_Histo)_(RC_Bayesian)_(SMEAR=Smear)_(Q2_y_Bin_7)_(z_pT_Bin_33)_(MultiDim_z_pT_Bin_Y_bin_phi_t)[0m (Histo Num 43290)
Fitting for: [1m(MultiDim_3D_Histo)_(RC_Bayesian)_(SMEAR=Smear)_(Q2_y_Bin_7)_(z_pT_Bin_34)_(MultiDim_z_pT_Bin_Y_bin_phi_t)[0m (Histo Num 43291)
Fitting for: [1m(MultiDim_3D_Histo)_(RC_Bayesian)_(SMEAR=Smear)_(Q2_y_Bin_7)_(z_pT_Bin_35)_(MultiDim_z_pT_Bin_Y_bin_phi_t)[0m (Histo Num 43292)
Fitting for: [1m(MultiDim_3D_Histo)_(RC_Bayesian)_(SMEAR=Smear)_(Q2_y_Bin_8)_(z_pT_Bin_6)_(MultiDim_z_pT_Bin_Y_bin_phi_t)[0m (Histo Num 43294)
Fitting for: [1m(MultiDim_3D_Histo)_(RC_Bayesian)_(SMEAR=Smear)_(Q2_y_Bin_8)_(z_pT_Bin_7)_(MultiDim_z_pT_Bin_Y_bin_phi_t)[0m (Histo Num 43295)
Fitting for: [1m(MultiDim_3D_Histo)_(RC_Bayesian)_(SMEAR=Smear)_(Q2_y_Bin_8)_(z_pT_Bin_8)_(MultiDim_z_pT_Bin_Y_bin_phi_t)[0m (Histo Num 43296)
Fitting for: [1m(MultiDim_3D_Histo)_(RC_Bayesian)_(SMEAR=Smear)_(Q2_y_Bin_8)_(z_pT_Bin_9)_(MultiDim_z_pT_Bin_Y_bin_phi_t)[0m (Histo Num 43297)
Fitting for: [1m(MultiDim_3D_Histo)_(RC_Bayesian)_(SMEAR=Smear)_(Q2_y_Bin_8)_(z_pT_Bin_10)_(MultiDim_z_pT_Bin_Y_bin_phi_t)[0m (Histo Num 43298)
Fitting for: [1m(MultiDim_3D_Histo)_(RC_Bayesian)_(SMEAR=Smear)_(Q2_y_Bin_8)_(z_pT_Bin_11)_(MultiDim_z_pT_Bin_Y_bin_phi_t)[0m (Histo Num 43299)
Fitting for: [1m(MultiDim_3D_Histo)_(RC_Bayesian)_(SMEAR=Smear)_(Q2_y_Bin_8)_(z_pT_Bin_12)_(MultiDim_z_pT_Bin_Y_bin_phi_t)[0m (Histo Num 43300)
Fitting for: [1m(MultiDim_3D_Histo)_(RC_Bayesian)_(SMEAR=Smear)_(Q2_y_Bin_8)_(z_pT_Bin_13)_(MultiDim_z_pT_Bin_Y_bin_phi_t)[0m (Histo Num 43301)
Fitting for: [1m(MultiDim_3D_Histo)_(RC_Bayesian)_(SMEAR=Smear)_(Q2_y_Bin_8)_(z_pT_Bin_14)_(MultiDim_z_pT_Bin_Y_bin_phi_t)[0m (Histo Num 43302)
Fitting for: [1m(MultiDim_3D_Histo)_(RC_Bayesian)_(SMEAR=Smear)_(Q2_y_Bin_8)_(z_pT_Bin_15)_(MultiDim_z_pT_Bin_Y_bin_phi_t)[0m (Histo Num 43303)
Fitting for: [1m(MultiDim_3D_Histo)_(RC_Bayesian)_(SMEAR=Smear)_(Q2_y_Bin_8)_(z_pT_Bin_16)_(MultiDim_z_pT_Bin_Y_bin_phi_t)[0m (Histo Num 43304)
Fitting for: [1m(MultiDim_3D_Histo)_(RC_Bayesian)_(SMEAR=Smear)_(Q2_y_Bin_8)_(z_pT_Bin_17)_(MultiDim_z_pT_Bin_Y_bin_phi_t)[0m (Histo Num 43305)
Fitting for: [1m(MultiDim_3D_Histo)_(RC_Bayesian)_(SMEAR=Smear)_(Q2_y_Bin_8)_(z_pT_Bin_18)_(MultiDim_z_pT_Bin_Y_bin_phi_t)[0m (Histo Num 43306)
Fitting for: [1m(MultiDim_3D_Histo)_(RC_Bayesian)_(SMEAR=Smear)_(Q2_y_Bin_8)_(z_pT_Bin_19)_(MultiDim_z_pT_Bin_Y_bin_phi_t)[0m (Histo Num 43307)
Fitting for: [1m(MultiDim_3D_Histo)_(RC_Bayesian)_(SMEAR=Smear)_(Q2_y_Bin_8)_(z_pT_Bin_20)_(MultiDim_z_pT_Bin_Y_bin_phi_t)[0m (Histo Num 43308)
Fitting for: [1m(MultiDim_3D_Histo)_(RC_Bayesian)_(SMEAR=Smear)_(Q2_y_Bin_8)_(z_pT_Bin_21)_(MultiDim_z_pT_Bin_Y_bin_phi_t)[0m (Histo Num 43309)
Fitting for: [1m(MultiDim_3D_Histo)_(RC_Bayesian)_(SMEAR=Smear)_(Q2_y_Bin_8)_(z_pT_Bin_22)_(MultiDim_z_pT_Bin_Y_bin_phi_t)[0m (Histo Num 43310)
Fitting for: [1m(MultiDim_3D_Histo)_(RC_Bayesian)_(SMEAR=Smear)_(Q2_y_Bin_8)_(z_pT_Bin_23)_(MultiDim_z_pT_Bin_Y_bin_phi_t)[0m (Histo Num 43311)
Fitting for: [1m(MultiDim_3D_Histo)_(RC_Bayesian)_(SMEAR=Smear)_(Q2_y_Bin_8)_(z_pT_Bin_24)_(MultiDim_z_pT_Bin_Y_bin_phi_t)[0m (Histo Num 43312)
Fitting for: [1m(MultiDim_3D_Histo)_(RC_Bayesian)_(SMEAR=Smear)_(Q2_y_Bin_8)_(z_pT_Bin_25)_(MultiDim_z_pT_Bin_Y_bin_phi_t)[0m (Histo Num 43313)
Fitting for: [1m(MultiDim_3D_Histo)_(RC_Bayesian)_(SMEAR=Smear)_(Q2_y_Bin_8)_(z_pT_Bin_26)_(MultiDim_z_pT_Bin_Y_bin_phi_t)[0m (Histo Num 43314)
Fitting for: [1m(MultiDim_3D_Histo)_(RC_Bayesian)_(SMEAR=Smear)_(Q2_y_Bin_8)_(z_pT_Bin_27)_(MultiDim_z_pT_Bin_Y_bin_phi_t)[0m (Histo Num 43315)
Fitting for: [1m(MultiDim_3D_Histo)_(RC_Bayesian)_(SMEAR=Smear)_(Q2_y_Bin_8)_(z_pT_Bin_28)_(MultiDim_z_pT_Bin_Y_bin_phi_t)[0m (Histo Num 43316)
Fitting for: [1m(MultiDim_3D_Histo)_(RC_Bayesian)_(SMEAR=Smear)_(Q2_y_Bin_8)_(z_pT_Bin_29)_(MultiDim_z_pT_Bin_Y_bin_phi_t)[0m (Histo Num 43317)
Fitting for: [1m(MultiDim_3D_Histo)_(RC_Bayesian)_(SMEAR=Smear)_(Q2_y_Bin_8)_(z_pT_Bin_30)_(MultiDim_z_pT_Bin_Y_bin_phi_t)[0m (Histo Num 43318)
Fitting for: [1m(MultiDim_3D_Histo)_(RC_Bayesian)_(SMEAR=Smear)_(Q2_y_Bin_8)_(z_pT_Bin_31)_(MultiDim_z_pT_Bin_Y_bin_phi_t)[0m (Histo Num 43319)
Fitting for: [1m(MultiDim_3D_Histo)_(RC_Bayesian)_(SMEAR=Smear)_(Q2_y_Bin_8)_(z_pT_Bin_32)_(MultiDim_z_pT_Bin_Y_bin_phi_t)[0m (Histo Num 43320)
Fitting for: [1m(MultiDim_3D_Histo)_(RC_Bayesian)_(SMEAR=Smear)_(Q2_y_Bin_8)_(z_pT_Bin_33)_(MultiDim_z_pT_Bin_Y_bin_phi_t)[0m (Histo Num 43321)
Fitting for: [1m(MultiDim_3D_Histo)_(RC_Bayesian)_(SMEAR=Smear)_(Q2_y_Bin_8)_(z_pT_Bin_34)_(MultiDim_z_pT_Bin_Y_bin_phi_t)[0m (Histo Num 43322)
Fitting for: [1m(MultiDim_3D_Histo)_(RC_Bayesian)_(SMEAR=Smear)_(Q2_y_Bin_9)_(z_pT_Bin_1)_(MultiDim_z_pT_Bin_Y_bin_phi_t)[0m (Histo Num 43324)
Fitting for: [1m(MultiDim_3D_Histo)_(RC_Bayesian)_(SMEAR=Smear)_(Q2_y_Bin_9)_(z_pT_Bin_2)_(MultiDim_z_pT_Bin_Y_bin_phi_t)[0m (Histo Num 43325)
Fitting for: [1m(MultiDim_3D_Histo)_(RC_Bayesian)_(SMEAR=Smear)_(Q2_y_Bin_9)_(z_pT_Bin_3)_(MultiDim_z_pT_Bin_Y_bin_phi_t)[0m (Histo Num 43326)
Fitting for: [1m(MultiDim_3D_Histo)_(RC_Bayesian)_(SMEAR=Smear)_(Q2_y_Bin_9)_(z_pT_Bin_4)_(MultiDim_z_pT_Bin_Y_bin_phi_t)[0m (Histo Num 43327)
Fitting for: [1m(MultiDim_3D_Histo)_(RC_Bayesian)_(SMEAR=Smear)_(Q2_y_Bin_9)_(z_pT_Bin_5)_(MultiDim_z_pT_Bin_Y_bin_phi_t)[0m (Histo Num 43328)
Fitting for: [1m(MultiDim_3D_Histo)_(RC_Bayesian)_(SMEAR=Smear)_(Q2_y_Bin_9)_(z_pT_Bin_6)_(MultiDim_z_pT_Bin_Y_bin_phi_t)[0m (Histo Num 43329)
Fitting for: [1m(MultiDim_3D_Histo)_(RC_Bayesian)_(SMEAR=Smear)_(Q2_y_Bin_9)_(z_pT_Bin_7)_(MultiDim_z_pT_Bin_Y_bin_phi_t)[0m (Histo Num 43330)
Fitting for: [1m(MultiDim_3D_Histo)_(RC_Bayesian)_(SMEAR=Smear)_(Q2_y_Bin_9)_(z_pT_Bin_8)_(MultiDim_z_pT_Bin_Y_bin_phi_t)[0m (Histo Num 43331)
Fitting for: [1m(MultiDim_3D_Histo)_(RC_Bayesian)_(SMEAR=Smear)_(Q2_y_Bin_9)_(z_pT_Bin_9)_(MultiDim_z_pT_Bin_Y_bin_phi_t)[0m (Histo Num 43332)
Fitting for: [1m(MultiDim_3D_Histo)_(RC_Bayesian)_(SMEAR=Smear)_(Q2_y_Bin_9)_(z_pT_Bin_10)_(MultiDim_z_pT_Bin_Y_bin_phi_t)[0m (Histo Num 43333)
Fitting for: [1m(MultiDim_3D_Histo)_(RC_Bayesian)_(SMEAR=Smear)_(Q2_y_Bin_9)_(z_pT_Bin_11)_(MultiDim_z_pT_Bin_Y_bin_phi_t)[0m (Histo Num 43334)
Fitting for: [1m(MultiDim_3D_Histo)_(RC_Bayesian)_(SMEAR=Smear)_(Q2_y_Bin_9)_(z_pT_Bin_12)_(MultiDim_z_pT_Bin_Y_bin_phi_t)[0m (Histo Num 43335)
Fitting for: [1m(MultiDim_3D_Histo)_(RC_Bayesian)_(SMEAR=Smear)_(Q2_y_Bin_9)_(z_pT_Bin_13)_(MultiDim_z_pT_Bin_Y_bin_phi_t)[0m (Histo Num 43336)
Fitting for: [1m(MultiDim_3D_Histo)_(RC_Bayesian)_(SMEAR=Smear)_(Q2_y_Bin_9)_(z_pT_Bin_14)_(MultiDim_z_pT_Bin_Y_bin_phi_t)[0m (Histo Num 43337)
Fitting for: [1m(MultiDim_3D_Histo)_(RC_Bayesian)_(SMEAR=Smear)_(Q2_y_Bin_9)_(z_pT_Bin_15)_(MultiDim_z_pT_Bin_Y_bin_phi_t)[0m (Histo Num 43338)
Fitting for: [1m(MultiDim_3D_Histo)_(RC_Bayesian)_(SMEAR=Smear)_(Q2_y_Bin_9)_(z_pT_Bin_16)_(MultiDim_z_pT_Bin_Y_bin_phi_t)[0m (Histo Num 43339)
Fitting for: [1m(MultiDim_3D_Histo)_(RC_Bayesian)_(SMEAR=Smear)_(Q2_y_Bin_9)_(z_pT_Bin_17)_(MultiDim_z_pT_Bin_Y_bin_phi_t)[0m (Histo Num 43340)
Fitting for: [1m(MultiDim_3D_Histo)_(RC_Bayesian)_(SMEAR=Smear)_(Q2_y_Bin_9)_(z_pT_Bin_18)_(MultiDim_z_pT_Bin_Y_bin_phi_t)[0m (Histo Num 43341)
Fitting for: [1m(MultiDim_3D_Histo)_(RC_Bayesian)_(SMEAR=Smear)_(Q2_y_Bin_9)_(z_pT_Bin_19)_(MultiDim_z_pT_Bin_Y_bin_phi_t)[0m (Histo Num 43342)
Fitting for: [1m(MultiDim_3D_Histo)_(RC_Bayesian)_(SMEAR=Smear)_(Q2_y_Bin_9)_(z_pT_Bin_20)_(MultiDim_z_pT_Bin_Y_bin_phi_t)[0m (Histo Num 43343)
Fitting for: [1m(MultiDim_3D_Histo)_(RC_Bayesian)_(SMEAR=Smear)_(Q2_y_Bin_9)_(z_pT_Bin_22)_(MultiDim_z_pT_Bin_Y_bin_phi_t)[0m (Histo Num 43344)
Fitting for: [1m(MultiDim_3D_Histo)_(RC_Bayesian)_(SMEAR=Smear)_(Q2_y_Bin_9)_(z_pT_Bin_23)_(MultiDim_z_pT_Bin_Y_bin_phi_t)[0m (Histo Num 43345)
Fitting for: [1m(MultiDim_3D_Histo)_(RC_Bayesian)_(SMEAR=Smear)_(Q2_y_Bin_9)_(z_pT_Bin_24)_(MultiDim_z_pT_Bin_Y_bin_phi_t)[0m (Histo Num 43346)
Fitting for: [1m(MultiDim_3D_Histo)_(RC_Bayesian)_(SMEAR=Smear)_(Q2_y_Bin_9)_(z_pT_Bin_25)_(MultiDim_z_pT_Bin_Y_bin_phi_t)[0m (Histo Num 43347)
Fitting for: [1m(MultiDim_3D_Histo)_(RC_Bayesian)_(SMEAR=Smear)_(Q2_y_Bin_9)_(z_pT_Bin_26)_(MultiDim_z_pT_Bin_Y_bin_phi_t)[0m (Histo Num 43348)
Fitting for: [1m(MultiDim_3D_Histo)_(RC_Bayesian)_(SMEAR=Smear)_(Q2_y_Bin_9)_(z_pT_Bin_29)_(MultiDim_z_pT_Bin_Y_bin_phi_t)[0m (Histo Num 43349)
Fitting for: [1m(MultiDim_3D_Histo)_(RC_Bayesian)_(SMEAR=Smear)_(Q2_y_Bin_9)_(z_pT_Bin_30)_(MultiDim_z_pT_Bin_Y_bin_phi_t)[0m (Histo Num 43350)
Fitting for: [1m(MultiDim_3D_Histo)_(RC_Bayesian)_(SMEAR=Smear)_(Q2_y_Bin_9)_(z_pT_Bin_31)_(MultiDim_z_pT_Bin_Y_bin_phi_t)[0m (Histo Num 43351)
Fitting for: [1m(MultiDim_3D_Histo)_(RC_Bayesian)_(SMEAR=Smear)_(Q2_y_Bin_9)_(z_pT_Bin_32)_(MultiDim_z_pT_Bin_Y_bin_phi_t)[0m (Histo Num 43352)
Fitting for: [1m(MultiDim_3D_Histo)_(RC_Bayesian)_(SMEAR=Smear)_(Q2_y_Bin_10)_(z_pT_Bin_1)_(MultiDim_z_pT_Bin_Y_bin_phi_t)[0m (Histo Num 43354)
Fitting for: [1m(MultiDim_3D_Histo)_(RC_Bayesian)_(SMEAR=Smear)_(Q2_y_Bin_10)_(z_pT_Bin_2)_(MultiDim_z_pT_Bin_Y_bin_phi_t)[0m (Histo Num 43355)
Fitting for: [1m(MultiDim_3D_Histo)_(RC_Bayesian)_(SMEAR=Smear)_(Q2_y_Bin_10)_(z_pT_Bin_3)_(MultiDim_z_pT_Bin_Y_bin_phi_t)[0m (Histo Num 43356)
Fitting for: [1m(MultiDim_3D_Histo)_(RC_Bayesian)_(SMEAR=Smear)_(Q2_y_Bin_10)_(z_pT_Bin_4)_(MultiDim_z_pT_Bin_Y_bin_phi_t)[0m (Histo Num 43357)
Fitting for: [1m(MultiDim_3D_Histo)_(RC_Bayesian)_(SMEAR=Smear)_(Q2_y_Bin_10)_(z_pT_Bin_5)_(MultiDim_z_pT_Bin_Y_bin_phi_t)[0m (Histo Num 43358)
Fitting for: [1m(MultiDim_3D_Histo)_(RC_Bayesian)_(SMEAR=Smear)_(Q2_y_Bin_10)_(z_pT_Bin_6)_(MultiDim_z_pT_Bin_Y_bin_phi_t)[0m (Histo Num 43359)
Fitting for: [1m(MultiDim_3D_Histo)_(RC_Bayesian)_(SMEAR=Smear)_(Q2_y_Bin_10)_(z_pT_Bin_7)_(MultiDim_z_pT_Bin_Y_bin_phi_t)[0m (Histo Num 43360)
Fitting for: [1m(MultiDim_3D_Histo)_(RC_Bayesian)_(SMEAR=Smear)_(Q2_y_Bin_10)_(z_pT_Bin_8)_(MultiDim_z_pT_Bin_Y_bin_phi_t)[0m (Histo Num 43361)
Fitting for: [1m(MultiDim_3D_Histo)_(RC_Bayesian)_(SMEAR=Smear)_(Q2_y_Bin_10)_(z_pT_Bin_9)_(MultiDim_z_pT_Bin_Y_bin_phi_t)[0m (Histo Num 43362)
Fitting for: [1m(MultiDim_3D_Histo)_(RC_Bayesian)_(SMEAR=Smear)_(Q2_y_Bin_10)_(z_pT_Bin_10)_(MultiDim_z_pT_Bin_Y_bin_phi_t)[0m (Histo Num 43363)
Fitting for: [1m(MultiDim_3D_Histo)_(RC_Bayesian)_(SMEAR=Smear)_(Q2_y_Bin_10)_(z_pT_Bin_11)_(MultiDim_z_pT_Bin_Y_bin_phi_t)[0m (Histo Num 43364)
Fitting for: [1m(MultiDim_3D_Histo)_(RC_Bayesian)_(SMEAR=Smear)_(Q2_y_Bin_10)_(z_pT_Bin_12)_(MultiDim_z_pT_Bin_Y_bin_phi_t)[0m (Histo Num 43365)
Fitting for: [1m(MultiDim_3D_Histo)_(RC_Bayesian)_(SMEAR=Smear)_(Q2_y_Bin_10)_(z_pT_Bin_13)_(MultiDim_z_pT_Bin_Y_bin_phi_t)[0m (Histo Num 43366)
Fitting for: [1m(MultiDim_3D_Histo)_(RC_Bayesian)_(SMEAR=Smear)_(Q2_y_Bin_10)_(z_pT_Bin_14)_(MultiDim_z_pT_Bin_Y_bin_phi_t)[0m (Histo Num 43367)
Fitting for: [1m(MultiDim_3D_Histo)_(RC_Bayesian)_(SMEAR=Smear)_(Q2_y_Bin_10)_(z_pT_Bin_15)_(MultiDim_z_pT_Bin_Y_bin_phi_t)[0m (Histo Num 43368)
Fitting for: [1m(MultiDim_3D_Histo)_(RC_Bayesian)_(SMEAR=Smear)_(Q2_y_Bin_10)_(z_pT_Bin_16)_(MultiDim_z_pT_Bin_Y_bin_phi_t)[0m (Histo Num 43369)
Fitting for: [1m(MultiDim_3D_Histo)_(RC_Bayesian)_(SMEAR=Smear)_(Q2_y_Bin_10)_(z_pT_Bin_17)_(MultiDim_z_pT_Bin_Y_bin_phi_t)[0m (Histo Num 43370)
Fitting for: [1m(MultiDim_3D_Histo)_(RC_Bayesian)_(SMEAR=Smear)_(Q2_y_Bin_10)_(z_pT_Bin_18)_(MultiDim_z_pT_Bin_Y_bin_phi_t)[0m (Histo Num 43371)
Fitting for: [1m(MultiDim_3D_Histo)_(RC_Bayesian)_(SMEAR=Smear)_(Q2_y_Bin_10)_(z_pT_Bin_19)_(MultiDim_z_pT_Bin_Y_bin_phi_t)[0m (Histo Num 43372)
Fitting for: [1m(MultiDim_3D_Histo)_(RC_Bayesian)_(SMEAR=Smear)_(Q2_y_Bin_10)_(z_pT_Bin_20)_(MultiDim_z_pT_Bin_Y_bin_phi_t)[0m (Histo Num 43373)
Fitting for: [1m(MultiDim_3D_Histo)_(RC_Bayesian)_(SMEAR=Smear)_(Q2_y_Bin_10)_(z_pT_Bin_21)_(MultiDim_z_pT_Bin_Y_bin_phi_t)[0m (Histo Num 43374)
Fitting for: [1m(MultiDim_3D_Histo)_(RC_Bayesian)_(SMEAR=Smear)_(Q2_y_Bin_10)_(z_pT_Bin_22)_(MultiDim_z_pT_Bin_Y_bin_phi_t)[0m (Histo Num 43375)
Fitting for: [1m(MultiDim_3D_Histo)_(RC_Bayesian)_(SMEAR=Smear)_(Q2_y_Bin_10)_(z_pT_Bin_23)_(MultiDim_z_pT_Bin_Y_bin_phi_t)[0m (Histo Num 43376)
Fitting for: [1m(MultiDim_3D_Histo)_(RC_Bayesian)_(SMEAR=Smear)_(Q2_y_Bin_10)_(z_pT_Bin_25)_(MultiDim_z_pT_Bin_Y_bin_phi_t)[0m (Histo Num 43377)
Fitting for: [1m(MultiDim_3D_Histo)_(RC_Bayesian)_(SMEAR=Smear)_(Q2_y_Bin_10)_(z_pT_Bin_26)_(MultiDim_z_pT_Bin_Y_bin_phi_t)[0m (Histo Num 43378)
Fitting for: [1m(MultiDim_3D_Histo)_(RC_Bayesian)_(SMEAR=Smear)_(Q2_y_Bin_10)_(z_pT_Bin_27)_(MultiDim_z_pT_Bin_Y_bin_phi_t)[0m (Histo Num 43379)
Fitting for: [1m(MultiDim_3D_Histo)_(RC_Bayesian)_(SMEAR=Smear)_(Q2_y_Bin_10)_(z_pT_Bin_28)_(MultiDim_z_pT_Bin_Y_bin_phi_t)[0m (Histo Num 43380)
Fitting for: [1m(MultiDim_3D_Histo)_(RC_Bayesian)_(SMEAR=Smear)_(Q2_y_Bin_10)_(z_pT_Bin_29)_(MultiDim_z_pT_Bin_Y_bin_phi_t)[0m (Histo Num 43381)
Fitting for: [1m(MultiDim_3D_Histo)_(RC_Bayesian)_(SMEAR=Smear)_(Q2_y_Bin_10)_(z_pT_Bin_31)_(MultiDim_z_pT_Bin_Y_bin_phi_t)[0m (Histo Num 43382)
Fitting for: [1m(MultiDim_3D_Histo)_(RC_Bayesian)_(SMEAR=Smear)_(Q2_y_Bin_10)_(z_pT_Bin_32)_(MultiDim_z_pT_Bin_Y_bin_phi_t)[0m (Histo Num 43383)
Fitting for: [1m(MultiDim_3D_Histo)_(RC_Bayesian)_(SMEAR=Smear)_(Q2_y_Bin_10)_(z_pT_Bin_33)_(MultiDim_z_pT_Bin_Y_bin_phi_t)[0m (Histo Num 43384)
Fitting for: [1m(MultiDim_3D_Histo)_(RC_Bayesian)_(SMEAR=Smear)_(Q2_y_Bin_10)_(z_pT_Bin_34)_(MultiDim_z_pT_Bin_Y_bin_phi_t)[0m (Histo Num 43385)
Fitting for: [1m(MultiDim_3D_Histo)_(RC_Bayesian)_(SMEAR=Smear)_(Q2_y_Bin_11)_(z_pT_Bin_1)_(MultiDim_z_pT_Bin_Y_bin_phi_t)[0m (Histo Num 43387)
Fitting for: [1m(MultiDim_3D_Histo)_(RC_Bayesian)_(SMEAR=Smear)_(Q2_y_Bin_11)_(z_pT_Bin_2)_(MultiDim_z_pT_Bin_Y_bin_phi_t)[0m (Histo Num 43388)
Fitting for: [1m(MultiDim_3D_Histo)_(RC_Bayesian)_(SMEAR=Smear)_(Q2_y_Bin_11)_(z_pT_Bin_3)_(MultiDim_z_pT_Bin_Y_bin_phi_t)[0m (Histo Num 43389)
Fitting for: [1m(MultiDim_3D_Histo)_(RC_Bayesian)_(SMEAR=Smear)_(Q2_y_Bin_11)_(z_pT_Bin_4)_(MultiDim_z_pT_Bin_Y_bin_phi_t)[0m (Histo Num 43390)
Fitting for: [1m(MultiDim_3D_Histo)_(RC_Bayesian)_(SMEAR=Smear)_(Q2_y_Bin_11)_(z_pT_Bin_6)_(MultiDim_z_pT_Bin_Y_bin_phi_t)[0m (Histo Num 43391)
Fitting for: [1m(MultiDim_3D_Histo)_(RC_Bayesian)_(SMEAR=Smear)_(Q2_y_Bin_11)_(z_pT_Bin_7)_(MultiDim_z_pT_Bin_Y_bin_phi_t)[0m (Histo Num 43392)
Fitting for: [1m(MultiDim_3D_Histo)_(RC_Bayesian)_(SMEAR=Smear)_(Q2_y_Bin_11)_(z_pT_Bin_8)_(MultiDim_z_pT_Bin_Y_bin_phi_t)[0m (Histo Num 43393)
Fitting for: [1m(MultiDim_3D_Histo)_(RC_Bayesian)_(SMEAR=Smear)_(Q2_y_Bin_11)_(z_pT_Bin_9)_(MultiDim_z_pT_Bin_Y_bin_phi_t)[0m (Histo Num 43394)
Fitting for: [1m(MultiDim_3D_Histo)_(RC_Bayesian)_(SMEAR=Smear)_(Q2_y_Bin_11)_(z_pT_Bin_10)_(MultiDim_z_pT_Bin_Y_bin_phi_t)[0m (Histo Num 43395)
Fitting for: [1m(MultiDim_3D_Histo)_(RC_Bayesian)_(SMEAR=Smear)_(Q2_y_Bin_11)_(z_pT_Bin_11)_(MultiDim_z_pT_Bin_Y_bin_phi_t)[0m (Histo Num 43396)
Fitting for: [1m(MultiDim_3D_Histo)_(RC_Bayesian)_(SMEAR=Smear)_(Q2_y_Bin_11)_(z_pT_Bin_12)_(MultiDim_z_pT_Bin_Y_bin_phi_t)[0m (Histo Num 43397)
Fitting for: [1m(MultiDim_3D_Histo)_(RC_Bayesian)_(SMEAR=Smear)_(Q2_y_Bin_11)_(z_pT_Bin_13)_(MultiDim_z_pT_Bin_Y_bin_phi_t)[0m (Histo Num 43398)
Fitting for: [1m(MultiDim_3D_Histo)_(RC_Bayesian)_(SMEAR=Smear)_(Q2_y_Bin_11)_(z_pT_Bin_14)_(MultiDim_z_pT_Bin_Y_bin_phi_t)[0m (Histo Num 43399)
Fitting for: [1m(MultiDim_3D_Histo)_(RC_Bayesian)_(SMEAR=Smear)_(Q2_y_Bin_11)_(z_pT_Bin_15)_(MultiDim_z_pT_Bin_Y_bin_phi_t)[0m (Histo Num 43400)
Fitting for: [1m(MultiDim_3D_Histo)_(RC_Bayesian)_(SMEAR=Smear)_(Q2_y_Bin_11)_(z_pT_Bin_16)_(MultiDim_z_pT_Bin_Y_bin_phi_t)[0m (Histo Num 43401)
Fitting for: [1m(MultiDim_3D_Histo)_(RC_Bayesian)_(SMEAR=Smear)_(Q2_y_Bin_11)_(z_pT_Bin_17)_(MultiDim_z_pT_Bin_Y_bin_phi_t)[0m (Histo Num 43402)
Fitting for: [1m(MultiDim_3D_Histo)_(RC_Bayesian)_(SMEAR=Smear)_(Q2_y_Bin_11)_(z_pT_Bin_18)_(MultiDim_z_pT_Bin_Y_bin_phi_t)[0m (Histo Num 43403)
Fitting for: [1m(MultiDim_3D_Histo)_(RC_Bayesian)_(SMEAR=Smear)_(Q2_y_Bin_11)_(z_pT_Bin_19)_(MultiDim_z_pT_Bin_Y_bin_phi_t)[0m (Histo Num 43404)
Fitting for: [1m(MultiDim_3D_Histo)_(RC_Bayesian)_(SMEAR=Smear)_(Q2_y_Bin_11)_(z_pT_Bin_20)_(MultiDim_z_pT_Bin_Y_bin_phi_t)[0m (Histo Num 43405)
Fitting for: [1m(MultiDim_3D_Histo)_(RC_Bayesian)_(SMEAR=Smear)_(Q2_y_Bin_11)_(z_pT_Bin_21)_(MultiDim_z_pT_Bin_Y_bin_phi_t)[0m (Histo Num 43406)
Fitting for: [1m(MultiDim_3D_Histo)_(RC_Bayesian)_(SMEAR=Smear)_(Q2_y_Bin_11)_(z_pT_Bin_22)_(MultiDim_z_pT_Bin_Y_bin_phi_t)[0m (Histo Num 43407)
Fitting for: [1m(MultiDim_3D_Histo)_(RC_Bayesian)_(SMEAR=Smear)_(Q2_y_Bin_11)_(z_pT_Bin_23)_(MultiDim_z_pT_Bin_Y_bin_phi_t)[0m (Histo Num 43408)
Fitting for: [1m(MultiDim_3D_Histo)_(RC_Bayesian)_(SMEAR=Smear)_(Q2_y_Bin_11)_(z_pT_Bin_24)_(MultiDim_z_pT_Bin_Y_bin_phi_t)[0m (Histo Num 43409)
Fitting for: [1m(MultiDim_3D_Histo)_(RC_Bayesian)_(SMEAR=Smear)_(Q2_y_Bin_12)_(z_pT_Bin_6)_(MultiDim_z_pT_Bin_Y_bin_phi_t)[0m (Histo Num 43411)
Fitting for: [1m(MultiDim_3D_Histo)_(RC_Bayesian)_(SMEAR=Smear)_(Q2_y_Bin_12)_(z_pT_Bin_7)_(MultiDim_z_pT_Bin_Y_bin_phi_t)[0m (Histo Num 43412)
Fitting for: [1m(MultiDim_3D_Histo)_(RC_Bayesian)_(SMEAR=Smear)_(Q2_y_Bin_12)_(z_pT_Bin_8)_(MultiDim_z_pT_Bin_Y_bin_phi_t)[0m (Histo Num 43413)
Fitting for: [1m(MultiDim_3D_Histo)_(RC_Bayesian)_(SMEAR=Smear)_(Q2_y_Bin_12)_(z_pT_Bin_9)_(MultiDim_z_pT_Bin_Y_bin_phi_t)[0m (Histo Num 43414)
Fitting for: [1m(MultiDim_3D_Histo)_(RC_Bayesian)_(SMEAR=Smear)_(Q2_y_Bin_12)_(z_pT_Bin_10)_(MultiDim_z_pT_Bin_Y_bin_phi_t)[0m (Histo Num 43415)
Fitting for: [1m(MultiDim_3D_Histo)_(RC_Bayesian)_(SMEAR=Smear)_(Q2_y_Bin_12)_(z_pT_Bin_11)_(MultiDim_z_pT_Bin_Y_bin_phi_t)[0m (Histo Num 43416)
Fitting for: [1m(MultiDim_3D_Histo)_(RC_Bayesian)_(SMEAR=Smear)_(Q2_y_Bin_12)_(z_pT_Bin_12)_(MultiDim_z_pT_Bin_Y_bin_phi_t)[0m (Histo Num 43417)
Fitting for: [1m(MultiDim_3D_Histo)_(RC_Bayesian)_(SMEAR=Smear)_(Q2_y_Bin_12)_(z_pT_Bin_13)_(MultiDim_z_pT_Bin_Y_bin_phi_t)[0m (Histo Num 43418)
Fitting for: [1m(MultiDim_3D_Histo)_(RC_Bayesian)_(SMEAR=Smear)_(Q2_y_Bin_12)_(z_pT_Bin_14)_(MultiDim_z_pT_Bin_Y_bin_phi_t)[0m (Histo Num 43419)
Fitting for: [1m(MultiDim_3D_Histo)_(RC_Bayesian)_(SMEAR=Smear)_(Q2_y_Bin_12)_(z_pT_Bin_15)_(MultiDim_z_pT_Bin_Y_bin_phi_t)[0m (Histo Num 43420)
Fitting for: [1m(MultiDim_3D_Histo)_(RC_Bayesian)_(SMEAR=Smear)_(Q2_y_Bin_12)_(z_pT_Bin_16)_(MultiDim_z_pT_Bin_Y_bin_phi_t)[0m (Histo Num 43421)
Fitting for: [1m(MultiDim_3D_Histo)_(RC_Bayesian)_(SMEAR=Smear)_(Q2_y_Bin_12)_(z_pT_Bin_17)_(MultiDim_z_pT_Bin_Y_bin_phi_t)[0m (Histo Num 43422)
Fitting for: [1m(MultiDim_3D_Histo)_(RC_Bayesian)_(SMEAR=Smear)_(Q2_y_Bin_12)_(z_pT_Bin_18)_(MultiDim_z_pT_Bin_Y_bin_phi_t)[0m (Histo Num 43423)
Fitting for: [1m(MultiDim_3D_Histo)_(RC_Bayesian)_(SMEAR=Smear)_(Q2_y_Bin_12)_(z_pT_Bin_19)_(MultiDim_z_pT_Bin_Y_bin_phi_t)[0m (Histo Num 43424)
Fitting for: [1m(MultiDim_3D_Histo)_(RC_Bayesian)_(SMEAR=Smear)_(Q2_y_Bin_12)_(z_pT_Bin_20)_(MultiDim_z_pT_Bin_Y_bin_phi_t)[0m (Histo Num 43425)
Fitting for: [1m(MultiDim_3D_Histo)_(RC_Bayesian)_(SMEAR=Smear)_(Q2_y_Bin_12)_(z_pT_Bin_21)_(MultiDim_z_pT_Bin_Y_bin_phi_t)[0m (Histo Num 43426)
Fitting for: [1m(MultiDim_3D_Histo)_(RC_Bayesian)_(SMEAR=Smear)_(Q2_y_Bin_12)_(z_pT_Bin_22)_(MultiDim_z_pT_Bin_Y_bin_phi_t)[0m (Histo Num 43427)
Fitting for: [1m(MultiDim_3D_Histo)_(RC_Bayesian)_(SMEAR=Smear)_(Q2_y_Bin_12)_(z_pT_Bin_23)_(MultiDim_z_pT_Bin_Y_bin_phi_t)[0m (Histo Num 43428)
Fitting for: [1m(MultiDim_3D_Histo)_(RC_Bayesian)_(SMEAR=Smear)_(Q2_y_Bin_12)_(z_pT_Bin_24)_(MultiDim_z_pT_Bin_Y_bin_phi_t)[0m (Histo Num 43429)
Fitting for: [1m(MultiDim_3D_Histo)_(RC_Bayesian)_(SMEAR=Smear)_(Q2_y_Bin_13)_(z_pT_Bin_1)_(MultiDim_z_pT_Bin_Y_bin_phi_t)[0m (Histo Num 43431)
Fitting for: [1m(MultiDim_3D_Histo)_(RC_Bayesian)_(SMEAR=Smear)_(Q2_y_Bin_13)_(z_pT_Bin_2)_(MultiDim_z_pT_Bin_Y_bin_phi_t)[0m (Histo Num 43432)
Fitting for: [1m(MultiDim_3D_Histo)_(RC_Bayesian)_(SMEAR=Smear)_(Q2_y_Bin_13)_(z_pT_Bin_3)_(MultiDim_z_pT_Bin_Y_bin_phi_t)[0m (Histo Num 43433)
Fitting for: [1m(MultiDim_3D_Histo)_(RC_Bayesian)_(SMEAR=Smear)_(Q2_y_Bin_13)_(z_pT_Bin_4)_(MultiDim_z_pT_Bin_Y_bin_phi_t)[0m (Histo Num 43434)
Fitting for: [1m(MultiDim_3D_Histo)_(RC_Bayesian)_(SMEAR=Smear)_(Q2_y_Bin_13)_(z_pT_Bin_5)_(MultiDim_z_pT_Bin_Y_bin_phi_t)[0m (Histo Num 43435)
Fitting for: [1m(MultiDim_3D_Histo)_(RC_Bayesian)_(SMEAR=Smear)_(Q2_y_Bin_13)_(z_pT_Bin_6)_(MultiDim_z_pT_Bin_Y_bin_phi_t)[0m (Histo Num 43436)
Fitting for: [1m(MultiDim_3D_Histo)_(RC_Bayesian)_(SMEAR=Smear)_(Q2_y_Bin_13)_(z_pT_Bin_7)_(MultiDim_z_pT_Bin_Y_bin_phi_t)[0m (Histo Num 43437)
Fitting for: [1m(MultiDim_3D_Histo)_(RC_Bayesian)_(SMEAR=Smear)_(Q2_y_Bin_13)_(z_pT_Bin_8)_(MultiDim_z_pT_Bin_Y_bin_phi_t)[0m (Histo Num 43438)
Fitting for: [1m(MultiDim_3D_Histo)_(RC_Bayesian)_(SMEAR=Smear)_(Q2_y_Bin_13)_(z_pT_Bin_9)_(MultiDim_z_pT_Bin_Y_bin_phi_t)[0m (Histo Num 43439)
Fitting for: [1m(MultiDim_3D_Histo)_(RC_Bayesian)_(SMEAR=Smear)_(Q2_y_Bin_13)_(z_pT_Bin_10)_(MultiDim_z_pT_Bin_Y_bin_phi_t)[0m (Histo Num 43440)
Fitting for: [1m(MultiDim_3D_Histo)_(RC_Bayesian)_(SMEAR=Smear)_(Q2_y_Bin_13)_(z_pT_Bin_11)_(MultiDim_z_pT_Bin_Y_bin_phi_t)[0m (Histo Num 43441)
Fitting for: [1m(MultiDim_3D_Histo)_(RC_Bayesian)_(SMEAR=Smear)_(Q2_y_Bin_13)_(z_pT_Bin_12)_(MultiDim_z_pT_Bin_Y_bin_phi_t)[0m (Histo Num 43442)
Fitting for: [1m(MultiDim_3D_Histo)_(RC_Bayesian)_(SMEAR=Smear)_(Q2_y_Bin_13)_(z_pT_Bin_13)_(MultiDim_z_pT_Bin_Y_bin_phi_t)[0m (Histo Num 43443)
Fitting for: [1m(MultiDim_3D_Histo)_(RC_Bayesian)_(SMEAR=Smear)_(Q2_y_Bin_13)_(z_pT_Bin_14)_(MultiDim_z_pT_Bin_Y_bin_phi_t)[0m (Histo Num 43444)
Fitting for: [1m(MultiDim_3D_Histo)_(RC_Bayesian)_(SMEAR=Smear)_(Q2_y_Bin_13)_(z_pT_Bin_15)_(MultiDim_z_pT_Bin_Y_bin_phi_t)[0m (Histo Num 43445)
Fitting for: [1m(MultiDim_3D_Histo)_(RC_Bayesian)_(SMEAR=Smear)_(Q2_y_Bin_13)_(z_pT_Bin_16)_(MultiDim_z_pT_Bin_Y_bin_phi_t)[0m (Histo Num 43446)
Fitting for: [1m(MultiDim_3D_Histo)_(RC_Bayesian)_(SMEAR=Smear)_(Q2_y_Bin_13)_(z_pT_Bin_17)_(MultiDim_z_pT_Bin_Y_bin_phi_t)[0m (Histo Num 43447)
Fitting for: [1m(MultiDim_3D_Histo)_(RC_Bayesian)_(SMEAR=Smear)_(Q2_y_Bin_13)_(z_pT_Bin_18)_(MultiDim_z_pT_Bin_Y_bin_phi_t)[0m (Histo Num 43448)
Fitting for: [1m(MultiDim_3D_Histo)_(RC_Bayesian)_(SMEAR=Smear)_(Q2_y_Bin_13)_(z_pT_Bin_19)_(MultiDim_z_pT_Bin_Y_bin_phi_t)[0m (Histo Num 43449)
Fitting for: [1m(MultiDim_3D_Histo)_(RC_Bayesian)_(SMEAR=Smear)_(Q2_y_Bin_13)_(z_pT_Bin_21)_(MultiDim_z_pT_Bin_Y_bin_phi_t)[0m (Histo Num 43450)
Fitting for: [1m(MultiDim_3D_Histo)_(RC_Bayesian)_(SMEAR=Smear)_(Q2_y_Bin_13)_(z_pT_Bin_22)_(MultiDim_z_pT_Bin_Y_bin_phi_t)[0m (Histo Num 43451)
Fitting for: [1m(MultiDim_3D_Histo)_(RC_Bayesian)_(SMEAR=Smear)_(Q2_y_Bin_13)_(z_pT_Bin_23)_(MultiDim_z_pT_Bin_Y_bin_phi_t)[0m (Histo Num 43452)
Fitting for: [1m(MultiDim_3D_Histo)_(RC_Bayesian)_(SMEAR=Smear)_(Q2_y_Bin_13)_(z_pT_Bin_24)_(MultiDim_z_pT_Bin_Y_bin_phi_t)[0m (Histo Num 43453)
Fitting for: [1m(MultiDim_3D_Histo)_(RC_Bayesian)_(SMEAR=Smear)_(Q2_y_Bin_13)_(z_pT_Bin_26)_(MultiDim_z_pT_Bin_Y_bin_phi_t)[0m (Histo Num 43454)
Fitting for: [1m(MultiDim_3D_Histo)_(RC_Bayesian)_(SMEAR=Smear)_(Q2_y_Bin_13)_(z_pT_Bin_27)_(MultiDim_z_pT_Bin_Y_bin_phi_t)[0m (Histo Num 43455)
Fitting for: [1m(MultiDim_3D_Histo)_(RC_Bayesian)_(SMEAR=Smear)_(Q2_y_Bin_13)_(z_pT_Bin_28)_(MultiDim_z_pT_Bin_Y_bin_phi_t)[0m (Histo Num 43456)
Fitting for: [1m(MultiDim_3D_Histo)_(RC_Bayesian)_(SMEAR=Smear)_(Q2_y_Bin_14)_(z_pT_Bin_1)_(MultiDim_z_pT_Bin_Y_bin_phi_t)[0m (Histo Num 43458)
Fitting for: [1m(MultiDim_3D_Histo)_(RC_Bayesian)_(SMEAR=Smear)_(Q2_y_Bin_14)_(z_pT_Bin_2)_(MultiDim_z_pT_Bin_Y_bin_phi_t)[0m (Histo Num 43459)
Fitting for: [1m(MultiDim_3D_Histo)_(RC_Bayesian)_(SMEAR=Smear)_(Q2_y_Bin_14)_(z_pT_Bin_3)_(MultiDim_z_pT_Bin_Y_bin_phi_t)[0m (Histo Num 43460)
Fitting for: [1m(MultiDim_3D_Histo)_(RC_Bayesian)_(SMEAR=Smear)_(Q2_y_Bin_14)_(z_pT_Bin_4)_(MultiDim_z_pT_Bin_Y_bin_phi_t)[0m (Histo Num 43461)
Fitting for: [1m(MultiDim_3D_Histo)_(RC_Bayesian)_(SMEAR=Smear)_(Q2_y_Bin_14)_(z_pT_Bin_5)_(MultiDim_z_pT_Bin_Y_bin_phi_t)[0m (Histo Num 43462)
Fitting for: [1m(MultiDim_3D_Histo)_(RC_Bayesian)_(SMEAR=Smear)_(Q2_y_Bin_14)_(z_pT_Bin_7)_(MultiDim_z_pT_Bin_Y_bin_phi_t)[0m (Histo Num 43463)
Fitting for: [1m(MultiDim_3D_Histo)_(RC_Bayesian)_(SMEAR=Smear)_(Q2_y_Bin_14)_(z_pT_Bin_8)_(MultiDim_z_pT_Bin_Y_bin_phi_t)[0m (Histo Num 43464)
Fitting for: [1m(MultiDim_3D_Histo)_(RC_Bayesian)_(SMEAR=Smear)_(Q2_y_Bin_14)_(z_pT_Bin_9)_(MultiDim_z_pT_Bin_Y_bin_phi_t)[0m (Histo Num 43465)
Fitting for: [1m(MultiDim_3D_Histo)_(RC_Bayesian)_(SMEAR=Smear)_(Q2_y_Bin_14)_(z_pT_Bin_10)_(MultiDim_z_pT_Bin_Y_bin_phi_t)[0m (Histo Num 43466)
Fitting for: [1m(MultiDim_3D_Histo)_(RC_Bayesian)_(SMEAR=Smear)_(Q2_y_Bin_14)_(z_pT_Bin_11)_(MultiDim_z_pT_Bin_Y_bin_phi_t)[0m (Histo Num 43467)
Fitting for: [1m(MultiDim_3D_Histo)_(RC_Bayesian)_(SMEAR=Smear)_(Q2_y_Bin_14)_(z_pT_Bin_12)_(MultiDim_z_pT_Bin_Y_bin_phi_t)[0m (Histo Num 43468)
Fitting for: [1m(MultiDim_3D_Histo)_(RC_Bayesian)_(SMEAR=Smear)_(Q2_y_Bin_14)_(z_pT_Bin_13)_(MultiDim_z_pT_Bin_Y_bin_phi_t)[0m (Histo Num 43469)
Fitting for: [1m(MultiDim_3D_Histo)_(RC_Bayesian)_(SMEAR=Smear)_(Q2_y_Bin_14)_(z_pT_Bin_14)_(MultiDim_z_pT_Bin_Y_bin_phi_t)[0m (Histo Num 43470)
Fitting for: [1m(MultiDim_3D_Histo)_(RC_Bayesian)_(SMEAR=Smear)_(Q2_y_Bin_14)_(z_pT_Bin_15)_(MultiDim_z_pT_Bin_Y_bin_phi_t)[0m (Histo Num 43471)
Fitting for: [1m(MultiDim_3D_Histo)_(RC_Bayesian)_(SMEAR=Smear)_(Q2_y_Bin_14)_(z_pT_Bin_16)_(MultiDim_z_pT_Bin_Y_bin_phi_t)[0m (Histo Num 43472)
Fitting for: [1m(MultiDim_3D_Histo)_(RC_Bayesian)_(SMEAR=Smear)_(Q2_y_Bin_14)_(z_pT_Bin_17)_(MultiDim_z_pT_Bin_Y_bin_phi_t)[0m (Histo Num 43473)
Fitting for: [1m(MultiDim_3D_Histo)_(RC_Bayesian)_(SMEAR=Smear)_(Q2_y_Bin_14)_(z_pT_Bin_18)_(MultiDim_z_pT_Bin_Y_bin_phi_t)[0m (Histo Num 43474)
Fitting for: [1m(MultiDim_3D_Histo)_(RC_Bayesian)_(SMEAR=Smear)_(Q2_y_Bin_14)_(z_pT_Bin_19)_(MultiDim_z_pT_Bin_Y_bin_phi_t)[0m (Histo Num 43475)
Fitting for: [1m(MultiDim_3D_Histo)_(RC_Bayesian)_(SMEAR=Smear)_(Q2_y_Bin_14)_(z_pT_Bin_20)_(MultiDim_z_pT_Bin_Y_bin_phi_t)[0m (Histo Num 43476)
Fitting for: [1m(MultiDim_3D_Histo)_(RC_Bayesian)_(SMEAR=Smear)_(Q2_y_Bin_14)_(z_pT_Bin_21)_(MultiDim_z_pT_Bin_Y_bin_phi_t)[0m (Histo Num 43477)
Fitting for: [1m(MultiDim_3D_Histo)_(RC_Bayesian)_(SMEAR=Smear)_(Q2_y_Bin_14)_(z_pT_Bin_22)_(MultiDim_z_pT_Bin_Y_bin_phi_t)[0m (Histo Num 43478)
Fitting for: [1m(MultiDim_3D_Histo)_(RC_Bayesian)_(SMEAR=Smear)_(Q2_y_Bin_14)_(z_pT_Bin_23)_(MultiDim_z_pT_Bin_Y_bin_phi_t)[0m (Histo Num 43479)
Fitting for: [1m(MultiDim_3D_Histo)_(RC_Bayesian)_(SMEAR=Smear)_(Q2_y_Bin_14)_(z_pT_Bin_25)_(MultiDim_z_pT_Bin_Y_bin_phi_t)[0m (Histo Num 43480)
Fitting for: [1m(MultiDim_3D_Histo)_(RC_Bayesian)_(SMEAR=Smear)_(Q2_y_Bin_14)_(z_pT_Bin_26)_(MultiDim_z_pT_Bin_Y_bin_phi_t)[0m (Histo Num 43481)
Fitting for: [1m(MultiDim_3D_Histo)_(RC_Bayesian)_(SMEAR=Smear)_(Q2_y_Bin_14)_(z_pT_Bin_27)_(MultiDim_z_pT_Bin_Y_bin_phi_t)[0m (Histo Num 43482)
Fitting for: [1m(MultiDim_3D_Histo)_(RC_Bayesian)_(SMEAR=Smear)_(Q2_y_Bin_14)_(z_pT_Bin_28)_(MultiDim_z_pT_Bin_Y_bin_phi_t)[0m (Histo Num 43483)
Fitting for: [1m(MultiDim_3D_Histo)_(RC_Bayesian)_(SMEAR=Smear)_(Q2_y_Bin_14)_(z_pT_Bin_29)_(MultiDim_z_pT_Bin_Y_bin_phi_t)[0m (Histo Num 43484)
Fitting for: [1m(MultiDim_3D_Histo)_(RC_Bayesian)_(SMEAR=Smear)_(Q2_y_Bin_14)_(z_pT_Bin_31)_(MultiDim_z_pT_Bin_Y_bin_phi_t)[0m (Histo Num 43485)
Fitting for: [1m(MultiDim_3D_Histo)_(RC_Bayesian)_(SMEAR=Smear)_(Q2_y_Bin_14)_(z_pT_Bin_32)_(MultiDim_z_pT_Bin_Y_bin_phi_t)[0m (Histo Num 43486)
Fitting for: [1m(MultiDim_3D_Histo)_(RC_Bayesian)_(SMEAR=Smear)_(Q2_y_Bin_14)_(z_pT_Bin_33)_(MultiDim_z_pT_Bin_Y_bin_phi_t)[0m (Histo Num 43487)
Fitting for: [1m(MultiDim_3D_Histo)_(RC_Bayesian)_(SMEAR=Smear)_(Q2_y_Bin_14)_(z_pT_Bin_34)_(MultiDim_z_pT_Bin_Y_bin_phi_t)[0m (Histo Num 43488)
Fitting for: [1m(MultiDim_3D_Histo)_(RC_Bayesian)_(SMEAR=Smear)_(Q2_y_Bin_15)_(z_pT_Bin_1)_(MultiDim_z_pT_Bin_Y_bin_phi_t)[0m (Histo Num 43490)
Fitting for: [1m(MultiDim_3D_Histo)_(RC_Bayesian)_(SMEAR=Smear)_(Q2_y_Bin_15)_(z_pT_Bin_2)_(MultiDim_z_pT_Bin_Y_bin_phi_t)[0m (Histo Num 43491)
Fitting for: [1m(MultiDim_3D_Histo)_(RC_Bayesian)_(SMEAR=Smear)_(Q2_y_Bin_15)_(z_pT_Bin_3)_(MultiDim_z_pT_Bin_Y_bin_phi_t)[0m (Histo Num 43492)
Fitting for: [1m(MultiDim_3D_Histo)_(RC_Bayesian)_(SMEAR=Smear)_(Q2_y_Bin_15)_(z_pT_Bin_4)_(MultiDim_z_pT_Bin_Y_bin_phi_t)[0m (Histo Num 43493)
Fitting for: [1m(MultiDim_3D_Histo)_(RC_Bayesian)_(SMEAR=Smear)_(Q2_y_Bin_15)_(z_pT_Bin_6)_(MultiDim_z_pT_Bin_Y_bin_phi_t)[0m (Histo Num 43494)
Fitting for: [1m(MultiDim_3D_Histo)_(RC_Bayesian)_(SMEAR=Smear)_(Q2_y_Bin_15)_(z_pT_Bin_7)_(MultiDim_z_pT_Bin_Y_bin_phi_t)[0m (Histo Num 43495)
Fitting for: [1m(MultiDim_3D_Histo)_(RC_Bayesian)_(SMEAR=Smear)_(Q2_y_Bin_15)_(z_pT_Bin_8)_(MultiDim_z_pT_Bin_Y_bin_phi_t)[0m (Histo Num 43496)
Fitting for: [1m(MultiDim_3D_Histo)_(RC_Bayesian)_(SMEAR=Smear)_(Q2_y_Bin_15)_(z_pT_Bin_9)_(MultiDim_z_pT_Bin_Y_bin_phi_t)[0m (Histo Num 43497)
Fitting for: [1m(MultiDim_3D_Histo)_(RC_Bayesian)_(SMEAR=Smear)_(Q2_y_Bin_15)_(z_pT_Bin_10)_(MultiDim_z_pT_Bin_Y_bin_phi_t)[0m (Histo Num 43498)
Fitting for: [1m(MultiDim_3D_Histo)_(RC_Bayesian)_(SMEAR=Smear)_(Q2_y_Bin_15)_(z_pT_Bin_11)_(MultiDim_z_pT_Bin_Y_bin_phi_t)[0m (Histo Num 43499)
Fitting for: [1m(MultiDim_3D_Histo)_(RC_Bayesian)_(SMEAR=Smear)_(Q2_y_Bin_15)_(z_pT_Bin_12)_(MultiDim_z_pT_Bin_Y_bin_phi_t)[0m (Histo Num 43500)
Fitting for: [1m(MultiDim_3D_Histo)_(RC_Bayesian)_(SMEAR=Smear)_(Q2_y_Bin_15)_(z_pT_Bin_13)_(MultiDim_z_pT_Bin_Y_bin_phi_t)[0m (Histo Num 43501)
Fitting for: [1m(MultiDim_3D_Histo)_(RC_Bayesian)_(SMEAR=Smear)_(Q2_y_Bin_15)_(z_pT_Bin_14)_(MultiDim_z_pT_Bin_Y_bin_phi_t)[0m (Histo Num 43502)
Fitting for: [1m(MultiDim_3D_Histo)_(RC_Bayesian)_(SMEAR=Smear)_(Q2_y_Bin_15)_(z_pT_Bin_15)_(MultiDim_z_pT_Bin_Y_bin_phi_t)[0m (Histo Num 43503)
Fitting for: [1m(MultiDim_3D_Histo)_(RC_Bayesian)_(SMEAR=Smear)_(Q2_y_Bin_15)_(z_pT_Bin_16)_(MultiDim_z_pT_Bin_Y_bin_phi_t)[0m (Histo Num 43504)
Fitting for: [1m(MultiDim_3D_Histo)_(RC_Bayesian)_(SMEAR=Smear)_(Q2_y_Bin_15)_(z_pT_Bin_17)_(MultiDim_z_pT_Bin_Y_bin_phi_t)[0m (Histo Num 43505)
Fitting for: [1m(MultiDim_3D_Histo)_(RC_Bayesian)_(SMEAR=Smear)_(Q2_y_Bin_15)_(z_pT_Bin_18)_(MultiDim_z_pT_Bin_Y_bin_phi_t)[0m (Histo Num 43506)
Fitting for: [1m(MultiDim_3D_Histo)_(RC_Bayesian)_(SMEAR=Smear)_(Q2_y_Bin_15)_(z_pT_Bin_19)_(MultiDim_z_pT_Bin_Y_bin_phi_t)[0m (Histo Num 43507)
Fitting for: [1m(MultiDim_3D_Histo)_(RC_Bayesian)_(SMEAR=Smear)_(Q2_y_Bin_15)_(z_pT_Bin_21)_(MultiDim_z_pT_Bin_Y_bin_phi_t)[0m (Histo Num 43508)
Fitting for: [1m(MultiDim_3D_Histo)_(RC_Bayesian)_(SMEAR=Smear)_(Q2_y_Bin_15)_(z_pT_Bin_22)_(MultiDim_z_pT_Bin_Y_bin_phi_t)[0m (Histo Num 43509)
Fitting for: [1m(MultiDim_3D_Histo)_(RC_Bayesian)_(SMEAR=Smear)_(Q2_y_Bin_15)_(z_pT_Bin_23)_(MultiDim_z_pT_Bin_Y_bin_phi_t)[0m (Histo Num 43510)
Fitting for: [1m(MultiDim_3D_Histo)_(RC_Bayesian)_(SMEAR=Smear)_(Q2_y_Bin_15)_(z_pT_Bin_24)_(MultiDim_z_pT_Bin_Y_bin_phi_t)[0m (Histo Num 43511)
Fitting for: [1m(MultiDim_3D_Histo)_(RC_Bayesian)_(SMEAR=Smear)_(Q2_y_Bin_16)_(z_pT_Bin_1)_(MultiDim_z_pT_Bin_Y_bin_phi_t)[0m (Histo Num 43513)
Fitting for: [1m(MultiDim_3D_Histo)_(RC_Bayesian)_(SMEAR=Smear)_(Q2_y_Bin_16)_(z_pT_Bin_2)_(MultiDim_z_pT_Bin_Y_bin_phi_t)[0m (Histo Num 43514)
Fitting for: [1m(MultiDim_3D_Histo)_(RC_Bayesian)_(SMEAR=Smear)_(Q2_y_Bin_16)_(z_pT_Bin_3)_(MultiDim_z_pT_Bin_Y_bin_phi_t)[0m (Histo Num 43515)
Fitting for: [1m(MultiDim_3D_Histo)_(RC_Bayesian)_(SMEAR=Smear)_(Q2_y_Bin_16)_(z_pT_Bin_4)_(MultiDim_z_pT_Bin_Y_bin_phi_t)[0m (Histo Num 43516)
Fitting for: [1m(MultiDim_3D_Histo)_(RC_Bayesian)_(SMEAR=Smear)_(Q2_y_Bin_16)_(z_pT_Bin_5)_(MultiDim_z_pT_Bin_Y_bin_phi_t)[0m (Histo Num 43517)
Fitting for: [1m(MultiDim_3D_Histo)_(RC_Bayesian)_(SMEAR=Smear)_(Q2_y_Bin_16)_(z_pT_Bin_6)_(MultiDim_z_pT_Bin_Y_bin_phi_t)[0m (Histo Num 43518)
Fitting for: [1m(MultiDim_3D_Histo)_(RC_Bayesian)_(SMEAR=Smear)_(Q2_y_Bin_16)_(z_pT_Bin_7)_(MultiDim_z_pT_Bin_Y_bin_phi_t)[0m (Histo Num 43519)
Fitting for: [1m(MultiDim_3D_Histo)_(RC_Bayesian)_(SMEAR=Smear)_(Q2_y_Bin_16)_(z_pT_Bin_8)_(MultiDim_z_pT_Bin_Y_bin_phi_t)[0m (Histo Num 43520)
Fitting for: [1m(MultiDim_3D_Histo)_(RC_Bayesian)_(SMEAR=Smear)_(Q2_y_Bin_16)_(z_pT_Bin_9)_(MultiDim_z_pT_Bin_Y_bin_phi_t)[0m (Histo Num 43521)
Fitting for: [1m(MultiDim_3D_Histo)_(RC_Bayesian)_(SMEAR=Smear)_(Q2_y_Bin_16)_(z_pT_Bin_10)_(MultiDim_z_pT_Bin_Y_bin_phi_t)[0m (Histo Num 43522)
Fitting for: [1m(MultiDim_3D_Histo)_(RC_Bayesian)_(SMEAR=Smear)_(Q2_y_Bin_16)_(z_pT_Bin_11)_(MultiDim_z_pT_Bin_Y_bin_phi_t)[0m (Histo Num 43523)
Fitting for: [1m(MultiDim_3D_Histo)_(RC_Bayesian)_(SMEAR=Smear)_(Q2_y_Bin_16)_(z_pT_Bin_12)_(MultiDim_z_pT_Bin_Y_bin_phi_t)[0m (Histo Num 43524)
Fitting for: [1m(MultiDim_3D_Histo)_(RC_Bayesian)_(SMEAR=Smear)_(Q2_y_Bin_16)_(z_pT_Bin_13)_(MultiDim_z_pT_Bin_Y_bin_phi_t)[0m (Histo Num 43525)
Fitting for: [1m(MultiDim_3D_Histo)_(RC_Bayesian)_(SMEAR=Smear)_(Q2_y_Bin_16)_(z_pT_Bin_14)_(MultiDim_z_pT_Bin_Y_bin_phi_t)[0m (Histo Num 43526)
Fitting for: [1m(MultiDim_3D_Histo)_(RC_Bayesian)_(SMEAR=Smear)_(Q2_y_Bin_16)_(z_pT_Bin_15)_(MultiDim_z_pT_Bin_Y_bin_phi_t)[0m (Histo Num 43527)
Fitting for: [1m(MultiDim_3D_Histo)_(RC_Bayesian)_(SMEAR=Smear)_(Q2_y_Bin_16)_(z_pT_Bin_16)_(MultiDim_z_pT_Bin_Y_bin_phi_t)[0m (Histo Num 43528)
Fitting for: [1m(MultiDim_3D_Histo)_(RC_Bayesian)_(SMEAR=Smear)_(Q2_y_Bin_16)_(z_pT_Bin_17)_(MultiDim_z_pT_Bin_Y_bin_phi_t)[0m (Histo Num 43529)
Fitting for: [1m(MultiDim_3D_Histo)_(RC_Bayesian)_(SMEAR=Smear)_(Q2_y_Bin_16)_(z_pT_Bin_19)_(MultiDim_z_pT_Bin_Y_bin_phi_t)[0m (Histo Num 43530)
Fitting for: [1m(MultiDim_3D_Histo)_(RC_Bayesian)_(SMEAR=Smear)_(Q2_y_Bin_16)_(z_pT_Bin_20)_(MultiDim_z_pT_Bin_Y_bin_phi_t)[0m (Histo Num 43531)
Fitting for: [1m(MultiDim_3D_Histo)_(RC_Bayesian)_(SMEAR=Smear)_(Q2_y_Bin_16)_(z_pT_Bin_21)_(MultiDim_z_pT_Bin_Y_bin_phi_t)[0m (Histo Num 43532)
Fitting for: [1m(MultiDim_3D_Histo)_(RC_Bayesian)_(SMEAR=Smear)_(Q2_y_Bin_16)_(z_pT_Bin_22)_(MultiDim_z_pT_Bin_Y_bin_phi_t)[0m (Histo Num 43533)
Fitting for: [1m(MultiDim_3D_Histo)_(RC_Bayesian)_(SMEAR=Smear)_(Q2_y_Bin_16)_(z_pT_Bin_25)_(MultiDim_z_pT_Bin_Y_bin_phi_t)[0m (Histo Num 43534)
Fitting for: [1m(MultiDim_3D_Histo)_(RC_Bayesian)_(SMEAR=Smear)_(Q2_y_Bin_16)_(z_pT_Bin_26)_(MultiDim_z_pT_Bin_Y_bin_phi_t)[0m (Histo Num 43535)
Fitting for: [1m(MultiDim_3D_Histo)_(RC_Bayesian)_(SMEAR=Smear)_(Q2_y_Bin_16)_(z_pT_Bin_27)_(MultiDim_z_pT_Bin_Y_bin_phi_t)[0m (Histo Num 43536)
Fitting for: [1m(MultiDim_3D_Histo)_(RC_Bayesian)_(SMEAR=Smear)_(Q2_y_Bin_17)_(z_pT_Bin_1)_(MultiDim_z_pT_Bin_Y_bin_phi_t)[0m (Histo Num 43538)
Fitting for: [1m(MultiDim_3D_Histo)_(RC_Bayesian)_(SMEAR=Smear)_(Q2_y_Bin_17)_(z_pT_Bin_2)_(MultiDim_z_pT_Bin_Y_bin_phi_t)[0m (Histo Num 43539)
Fitting for: [1m(MultiDim_3D_Histo)_(RC_Bayesian)_(SMEAR=Smear)_(Q2_y_Bin_17)_(z_pT_Bin_3)_(MultiDim_z_pT_Bin_Y_bin_phi_t)[0m (Histo Num 43540)
Fitting for: [1m(MultiDim_3D_Histo)_(RC_Bayesian)_(SMEAR=Smear)_(Q2_y_Bin_17)_(z_pT_Bin_4)_(MultiDim_z_pT_Bin_Y_bin_phi_t)[0m (Histo Num 43541)
Fitting for: [1m(MultiDim_3D_Histo)_(RC_Bayesian)_(SMEAR=Smear)_(Q2_y_Bin_17)_(z_pT_Bin_5)_(MultiDim_z_pT_Bin_Y_bin_phi_t)[0m (Histo Num 43542)
Fitting for: [1m(MultiDim_3D_Histo)_(RC_Bayesian)_(SMEAR=Smear)_(Q2_y_Bin_17)_(z_pT_Bin_7)_(MultiDim_z_pT_Bin_Y_bin_phi_t)[0m (Histo Num 43543)
Fitting for: [1m(MultiDim_3D_Histo)_(RC_Bayesian)_(SMEAR=Smear)_(Q2_y_Bin_17)_(z_pT_Bin_8)_(MultiDim_z_pT_Bin_Y_bin_phi_t)[0m (Histo Num 43544)
Fitting for: [1m(MultiDim_3D_Histo)_(RC_Bayesian)_(SMEAR=Smear)_(Q2_y_Bin_17)_(z_pT_Bin_9)_(MultiDim_z_pT_Bin_Y_bin_phi_t)[0m (Histo Num 43545)
Fitting for: [1m(MultiDim_3D_Histo)_(RC_Bayesian)_(SMEAR=Smear)_(Q2_y_Bin_17)_(z_pT_Bin_10)_(MultiDim_z_pT_Bin_Y_bin_phi_t)[0m (Histo Num 43546)
Fitting for: [1m(MultiDim_3D_Histo)_(RC_Bayesian)_(SMEAR=Smear)_(Q2_y_Bin_17)_(z_pT_Bin_11)_(MultiDim_z_pT_Bin_Y_bin_phi_t)[0m (Histo Num 43547)
Fitting for: [1m(MultiDim_3D_Histo)_(RC_Bayesian)_(SMEAR=Smear)_(Q2_y_Bin_17)_(z_pT_Bin_12)_(MultiDim_z_pT_Bin_Y_bin_phi_t)[0m (Histo Num 43548)
Fitting for: [1m(MultiDim_3D_Histo)_(RC_Bayesian)_(SMEAR=Smear)_(Q2_y_Bin_17)_(z_pT_Bin_13)_(MultiDim_z_pT_Bin_Y_bin_phi_t)[0m (Histo Num 43549)
Fitting for: [1m(MultiDim_3D_Histo)_(RC_Bayesian)_(SMEAR=Smear)_(Q2_y_Bin_17)_(z_pT_Bin_14)_(MultiDim_z_pT_Bin_Y_bin_phi_t)[0m (Histo Num 43550)
Fitting for: [1m(MultiDim_3D_Histo)_(RC_Bayesian)_(SMEAR=Smear)_(Q2_y_Bin_17)_(z_pT_Bin_15)_(MultiDim_z_pT_Bin_Y_bin_phi_t)[0m (Histo Num 43551)
Fitting for: [1m(MultiDim_3D_Histo)_(RC_Bayesian)_(SMEAR=Smear)_(Q2_y_Bin_17)_(z_pT_Bin_16)_(MultiDim_z_pT_Bin_Y_bin_phi_t)[0m (Histo Num 43552)
Fitting for: [1m(MultiDim_3D_Histo)_(RC_Bayesian)_(SMEAR=Smear)_(Q2_y_Bin_17)_(z_pT_Bin_17)_(MultiDim_z_pT_Bin_Y_bin_phi_t)[0m (Histo Num 43553)
Fitting for: [1m(MultiDim_3D_Histo)_(RC_Bayesian)_(SMEAR=Smear)_(Q2_y_Bin_17)_(z_pT_Bin_18)_(MultiDim_z_pT_Bin_Y_bin_phi_t)[0m (Histo Num 43554)
Fitting for: [1m(MultiDim_3D_Histo)_(RC_Bayesian)_(SMEAR=Smear)_(Q2_y_Bin_17)_(z_pT_Bin_19)_(MultiDim_z_pT_Bin_Y_bin_phi_t)[0m (Histo Num 43555)
Fitting for: [1m(MultiDim_3D_Histo)_(RC_Bayesian)_(SMEAR=Smear)_(Q2_y_Bin_17)_(z_pT_Bin_20)_(MultiDim_z_pT_Bin_Y_bin_phi_t)[0m (Histo Num 43556)
Fitting for: [1m(MultiDim_3D_Histo)_(RC_Bayesian)_(SMEAR=Smear)_(Q2_y_Bin_17)_(z_pT_Bin_21)_(MultiDim_z_pT_Bin_Y_bin_phi_t)[0m (Histo Num 43557)
Fitting for: [1m(MultiDim_3D_Histo)_(RC_Bayesian)_(SMEAR=Smear)_(Q2_y_Bin_17)_(z_pT_Bin_22)_(MultiDim_z_pT_Bin_Y_bin_phi_t)[0m (Histo Num 43558)
Fitting for: [1m(MultiDim_3D_Histo)_(RC_Bayesian)_(SMEAR=Smear)_(Q2_y_Bin_17)_(z_pT_Bin_23)_(MultiDim_z_pT_Bin_Y_bin_phi_t)[0m (Histo Num 43559)
Fitting for: [1m(MultiDim_3D_Histo)_(RC_Bayesian)_(SMEAR=Smear)_(Q2_y_Bin_17)_(z_pT_Bin_25)_(MultiDim_z_pT_Bin_Y_bin_phi_t)[0m (Histo Num 43560)
Fitting for: [1m(MultiDim_3D_Histo)_(RC_Bayesian)_(SMEAR=Smear)_(Q2_y_Bin_17)_(z_pT_Bin_26)_(MultiDim_z_pT_Bin_Y_bin_phi_t)[0m (Histo Num 43561)
Fitting for: [1m(MultiDim_3D_Histo)_(RC_Bayesian)_(SMEAR=Smear)_(Q2_y_Bin_17)_(z_pT_Bin_27)_(MultiDim_z_pT_Bin_Y_bin_phi_t)[0m (Histo Num 43562)
Fitting for: [1m(MultiDim_3D_Histo)_(RC_Bayesian)_(SMEAR=Smear)_(Q2_y_Bin_17)_(z_pT_Bin_28)_(MultiDim_z_pT_Bin_Y_bin_phi_t)[0m (Histo Num 43563)
Fitting for: [1m(MultiDim_3D_Histo)_(BC_RC_Bayesian)_(SMEAR=Smear)_(Q2_y_Bin_1)_(z_pT_Bin_1)_(MultiDim_z_pT_Bin_Y_bin_phi_t)[0m (Histo Num 43564)
Fitting for: [1m(MultiDim_3D_Histo)_(BC_RC_Bayesian)_(SMEAR=Smear)_(Q2_y_Bin_1)_(z_pT_Bin_2)_(MultiDim_z_pT_Bin_Y_bin_phi_t)[0m (Histo Num 43565)
Fitting for: [1m(MultiDim_3D_Histo)_(BC_RC_Bayesian)_(SMEAR=Smear)_(Q2_y_Bin_1)_(z_pT_Bin_3)_(MultiDim_z_pT_Bin_Y_bin_phi_t)[0m (Histo Num 43566)
Fitting for: [1m(MultiDim_3D_Histo)_(BC_RC_Bayesian)_(SMEAR=Smear)_(Q2_y_Bin_1)_(z_pT_Bin_4)_(MultiDim_z_pT_Bin_Y_bin_phi_t)[0m (Histo Num 43567)
Fitting for: [1m(MultiDim_3D_Histo)_(BC_RC_Bayesian)_(SMEAR=Smear)_(Q2_y_Bin_1)_(z_pT_Bin_5)_(MultiDim_z_pT_Bin_Y_bin_phi_t)[0m (Histo Num 43568)
Fitting for: [1m(MultiDim_3D_Histo)_(BC_RC_Bayesian)_(SMEAR=Smear)_(Q2_y_Bin_1)_(z_pT_Bin_6)_(MultiDim_z_pT_Bin_Y_bin_phi_t)[0m (Histo Num 43569)
Fitting for: [1m(MultiDim_3D_Histo)_(BC_RC_Bayesian)_(SMEAR=Smear)_(Q2_y_Bin_1)_(z_pT_Bin_7)_(MultiDim_z_pT_Bin_Y_bin_phi_t)[0m (Histo Num 43570)
Fitting for: [1m(MultiDim_3D_Histo)_(BC_RC_Bayesian)_(SMEAR=Smear)_(Q2_y_Bin_1)_(z_pT_Bin_8)_(MultiDim_z_pT_Bin_Y_bin_phi_t)[0m (Histo Num 43571)
Fitting for: [1m(MultiDim_3D_Histo)_(BC_RC_Bayesian)_(SMEAR=Smear)_(Q2_y_Bin_1)_(z_pT_Bin_9)_(MultiDim_z_pT_Bin_Y_bin_phi_t)[0m (Histo Num 43572)
Fitting for: [1m(MultiDim_3D_Histo)_(BC_RC_Bayesian)_(SMEAR=Smear)_(Q2_y_Bin_1)_(z_pT_Bin_10)_(MultiDim_z_pT_Bin_Y_bin_phi_t)[0m (Histo Num 43573)
Fitting for: [1m(MultiDim_3D_Histo)_(BC_RC_Bayesian)_(SMEAR=Smear)_(Q2_y_Bin_1)_(z_pT_Bin_11)_(MultiDim_z_pT_Bin_Y_bin_phi_t)[0m (Histo Num 43574)
Fitting for: [1m(MultiDim_3D_Histo)_(BC_RC_Bayesian)_(SMEAR=Smear)_(Q2_y_Bin_1)_(z_pT_Bin_12)_(MultiDim_z_pT_Bin_Y_bin_phi_t)[0m (Histo Num 43575)
Fitting for: [1m(MultiDim_3D_Histo)_(BC_RC_Bayesian)_(SMEAR=Smear)_(Q2_y_Bin_1)_(z_pT_Bin_13)_(MultiDim_z_pT_Bin_Y_bin_phi_t)[0m (Histo Num 43576)
Fitting for: [1m(MultiDim_3D_Histo)_(BC_RC_Bayesian)_(SMEAR=Smear)_(Q2_y_Bin_1)_(z_pT_Bin_14)_(MultiDim_z_pT_Bin_Y_bin_phi_t)[0m (Histo Num 43577)
Fitting for: [1m(MultiDim_3D_Histo)_(BC_RC_Bayesian)_(SMEAR=Smear)_(Q2_y_Bin_1)_(z_pT_Bin_15)_(MultiDim_z_pT_Bin_Y_bin_phi_t)[0m (Histo Num 43578)
Fitting for: [1m(MultiDim_3D_Histo)_(BC_RC_Bayesian)_(SMEAR=Smear)_(Q2_y_Bin_1)_(z_pT_Bin_16)_(MultiDim_z_pT_Bin_Y_bin_phi_t)[0m (Histo Num 43579)
Fitting for: [1m(MultiDim_3D_Histo)_(BC_RC_Bayesian)_(SMEAR=Smear)_(Q2_y_Bin_1)_(z_pT_Bin_17)_(MultiDim_z_pT_Bin_Y_bin_phi_t)[0m (Histo Num 43580)
Fitting for: [1m(MultiDim_3D_Histo)_(BC_RC_Bayesian)_(SMEAR=Smear)_(Q2_y_Bin_1)_(z_pT_Bin_18)_(MultiDim_z_pT_Bin_Y_bin_phi_t)[0m (Histo Num 43581)
Fitting for: [1m(MultiDim_3D_Histo)_(BC_RC_Bayesian)_(SMEAR=Smear)_(Q2_y_Bin_1)_(z_pT_Bin_19)_(MultiDim_z_pT_Bin_Y_bin_phi_t)[0m (Histo Num 43582)
Fitting for: [1m(MultiDim_3D_Histo)_(BC_RC_Bayesian)_(SMEAR=Smear)_(Q2_y_Bin_1)_(z_pT_Bin_20)_(MultiDim_z_pT_Bin_Y_bin_phi_t)[0m (Histo Num 43583)
Fitting for: [1m(MultiDim_3D_Histo)_(BC_RC_Bayesian)_(SMEAR=Smear)_(Q2_y_Bin_1)_(z_pT_Bin_22)_(MultiDim_z_pT_Bin_Y_bin_phi_t)[0m (Histo Num 43584)
Fitting for: [1m(MultiDim_3D_Histo)_(BC_RC_Bayesian)_(SMEAR=Smear)_(Q2_y_Bin_1)_(z_pT_Bin_23)_(MultiDim_z_pT_Bin_Y_bin_phi_t)[0m (Histo Num 43585)
Fitting for: [1m(MultiDim_3D_Histo)_(BC_RC_Bayesian)_(SMEAR=Smear)_(Q2_y_Bin_1)_(z_pT_Bin_24)_(MultiDim_z_pT_Bin_Y_bin_phi_t)[0m (Histo Num 43586)
Fitting for: [1m(MultiDim_3D_Histo)_(BC_RC_Bayesian)_(SMEAR=Smear)_(Q2_y_Bin_1)_(z_pT_Bin_25)_(MultiDim_z_pT_Bin_Y_bin_phi_t)[0m (Histo Num 43587)
Fitting for: [1m(MultiDim_3D_Histo)_(BC_RC_Bayesian)_(SMEAR=Smear)_(Q2_y_Bin_1)_(z_pT_Bin_26)_(MultiDim_z_pT_Bin_Y_bin_phi_t)[0m (Histo Num 43588)
Fitting for: [1m(MultiDim_3D_Histo)_(BC_RC_Bayesian)_(SMEAR=Smear)_(Q2_y_Bin_1)_(z_pT_Bin_29)_(MultiDim_z_pT_Bin_Y_bin_phi_t)[0m (Histo Num 43589)
Fitting for: [1m(MultiDim_3D_Histo)_(BC_RC_Bayesian)_(SMEAR=Smear)_(Q2_y_Bin_1)_(z_pT_Bin_30)_(MultiDim_z_pT_Bin_Y_bin_phi_t)[0m (Histo Num 43590)
Fitting for: [1m(MultiDim_3D_Histo)_(BC_RC_Bayesian)_(SMEAR=Smear)_(Q2_y_Bin_1)_(z_pT_Bin_31)_(MultiDim_z_pT_Bin_Y_bin_phi_t)[0m (Histo Num 43591)
Fitting for: [1m(MultiDim_3D_Histo)_(BC_RC_Bayesian)_(SMEAR=Smear)_(Q2_y_Bin_1)_(z_pT_Bin_32)_(MultiDim_z_pT_Bin_Y_bin_phi_t)[0m (Histo Num 43592)
Fitting for: [1m(MultiDim_3D_Histo)_(BC_RC_Bayesian)_(SMEAR=Smear)_(Q2_y_Bin_2)_(z_pT_Bin_1)_(MultiDim_z_pT_Bin_Y_bin_phi_t)[0m (Histo Num 43593)
Fitting for: [1m(MultiDim_3D_Histo)_(BC_RC_Bayesian)_(SMEAR=Smear)_(Q2_y_Bin_2)_(z_pT_Bin_2)_(MultiDim_z_pT_Bin_Y_bin_phi_t)[0m (Histo Num 43594)
Fitting for: [1m(MultiDim_3D_Histo)_(BC_RC_Bayesian)_(SMEAR=Smear)_(Q2_y_Bin_2)_(z_pT_Bin_3)_(MultiDim_z_pT_Bin_Y_bin_phi_t)[0m (Histo Num 43595)
Fitting for: [1m(MultiDim_3D_Histo)_(BC_RC_Bayesian)_(SMEAR=Smear)_(Q2_y_Bin_2)_(z_pT_Bin_4)_(MultiDim_z_pT_Bin_Y_bin_phi_t)[0m (Histo Num 43596)
Fitting for: [1m(MultiDim_3D_Histo)_(BC_RC_Bayesian)_(SMEAR=Smear)_(Q2_y_Bin_2)_(z_pT_Bin_5)_(MultiDim_z_pT_Bin_Y_bin_phi_t)[0m (Histo Num 43597)
Fitting for: [1m(MultiDim_3D_Histo)_(BC_RC_Bayesian)_(SMEAR=Smear)_(Q2_y_Bin_2)_(z_pT_Bin_6)_(MultiDim_z_pT_Bin_Y_bin_phi_t)[0m (Histo Num 43598)
Fitting for: [1m(MultiDim_3D_Histo)_(BC_RC_Bayesian)_(SMEAR=Smear)_(Q2_y_Bin_2)_(z_pT_Bin_7)_(MultiDim_z_pT_Bin_Y_bin_phi_t)[0m (Histo Num 43599)
Fitting for: [1m(MultiDim_3D_Histo)_(BC_RC_Bayesian)_(SMEAR=Smear)_(Q2_y_Bin_2)_(z_pT_Bin_8)_(MultiDim_z_pT_Bin_Y_bin_phi_t)[0m (Histo Num 43600)
Fitting for: [1m(MultiDim_3D_Histo)_(BC_RC_Bayesian)_(SMEAR=Smear)_(Q2_y_Bin_2)_(z_pT_Bin_9)_(MultiDim_z_pT_Bin_Y_bin_phi_t)[0m (Histo Num 43601)
Fitting for: [1m(MultiDim_3D_Histo)_(BC_RC_Bayesian)_(SMEAR=Smear)_(Q2_y_Bin_2)_(z_pT_Bin_10)_(MultiDim_z_pT_Bin_Y_bin_phi_t)[0m (Histo Num 43602)
Fitting for: [1m(MultiDim_3D_Histo)_(BC_RC_Bayesian)_(SMEAR=Smear)_(Q2_y_Bin_2)_(z_pT_Bin_11)_(MultiDim_z_pT_Bin_Y_bin_phi_t)[0m (Histo Num 43603)
Fitting for: [1m(MultiDim_3D_Histo)_(BC_RC_Bayesian)_(SMEAR=Smear)_(Q2_y_Bin_2)_(z_pT_Bin_12)_(MultiDim_z_pT_Bin_Y_bin_phi_t)[0m (Histo Num 43604)
Fitting for: [1m(MultiDim_3D_Histo)_(BC_RC_Bayesian)_(SMEAR=Smear)_(Q2_y_Bin_2)_(z_pT_Bin_13)_(MultiDim_z_pT_Bin_Y_bin_phi_t)[0m (Histo Num 43605)
Fitting for: [1m(MultiDim_3D_Histo)_(BC_RC_Bayesian)_(SMEAR=Smear)_(Q2_y_Bin_2)_(z_pT_Bin_14)_(MultiDim_z_pT_Bin_Y_bin_phi_t)[0m (Histo Num 43606)
Fitting for: [1m(MultiDim_3D_Histo)_(BC_RC_Bayesian)_(SMEAR=Smear)_(Q2_y_Bin_2)_(z_pT_Bin_15)_(MultiDim_z_pT_Bin_Y_bin_phi_t)[0m (Histo Num 43607)
Fitting for: [1m(MultiDim_3D_Histo)_(BC_RC_Bayesian)_(SMEAR=Smear)_(Q2_y_Bin_2)_(z_pT_Bin_16)_(MultiDim_z_pT_Bin_Y_bin_phi_t)[0m (Histo Num 43608)
Fitting for: [1m(MultiDim_3D_Histo)_(BC_RC_Bayesian)_(SMEAR=Smear)_(Q2_y_Bin_2)_(z_pT_Bin_17)_(MultiDim_z_pT_Bin_Y_bin_phi_t)[0m (Histo Num 43609)
Fitting for: [1m(MultiDim_3D_Histo)_(BC_RC_Bayesian)_(SMEAR=Smear)_(Q2_y_Bin_2)_(z_pT_Bin_18)_(MultiDim_z_pT_Bin_Y_bin_phi_t)[0m (Histo Num 43610)
Fitting for: [1m(MultiDim_3D_Histo)_(BC_RC_Bayesian)_(SMEAR=Smear)_(Q2_y_Bin_2)_(z_pT_Bin_19)_(MultiDim_z_pT_Bin_Y_bin_phi_t)[0m (Histo Num 43611)
Fitting for: [1m(MultiDim_3D_Histo)_(BC_RC_Bayesian)_(SMEAR=Smear)_(Q2_y_Bin_2)_(z_pT_Bin_20)_(MultiDim_z_pT_Bin_Y_bin_phi_t)[0m (Histo Num 43612)
Fitting for: [1m(MultiDim_3D_Histo)_(BC_RC_Bayesian)_(SMEAR=Smear)_(Q2_y_Bin_2)_(z_pT_Bin_21)_(MultiDim_z_pT_Bin_Y_bin_phi_t)[0m (Histo Num 43613)
Fitting for: [1m(MultiDim_3D_Histo)_(BC_RC_Bayesian)_(SMEAR=Smear)_(Q2_y_Bin_2)_(z_pT_Bin_22)_(MultiDim_z_pT_Bin_Y_bin_phi_t)[0m (Histo Num 43614)
Fitting for: [1m(MultiDim_3D_Histo)_(BC_RC_Bayesian)_(SMEAR=Smear)_(Q2_y_Bin_2)_(z_pT_Bin_23)_(MultiDim_z_pT_Bin_Y_bin_phi_t)[0m (Histo Num 43615)
Fitting for: [1m(MultiDim_3D_Histo)_(BC_RC_Bayesian)_(SMEAR=Smear)_(Q2_y_Bin_2)_(z_pT_Bin_25)_(MultiDim_z_pT_Bin_Y_bin_phi_t)[0m (Histo Num 43616)
Fitting for: [1m(MultiDim_3D_Histo)_(BC_RC_Bayesian)_(SMEAR=Smear)_(Q2_y_Bin_2)_(z_pT_Bin_26)_(MultiDim_z_pT_Bin_Y_bin_phi_t)[0m (Histo Num 43617)
Fitting for: [1m(MultiDim_3D_Histo)_(BC_RC_Bayesian)_(SMEAR=Smear)_(Q2_y_Bin_2)_(z_pT_Bin_27)_(MultiDim_z_pT_Bin_Y_bin_phi_t)[0m (Histo Num 43618)
Fitting for: [1m(MultiDim_3D_Histo)_(BC_RC_Bayesian)_(SMEAR=Smear)_(Q2_y_Bin_2)_(z_pT_Bin_28)_(MultiDim_z_pT_Bin_Y_bin_phi_t)[0m (Histo Num 43619)
Fitting for: [1m(MultiDim_3D_Histo)_(BC_RC_Bayesian)_(SMEAR=Smear)_(Q2_y_Bin_2)_(z_pT_Bin_29)_(MultiDim_z_pT_Bin_Y_bin_phi_t)[0m (Histo Num 43620)
Fitting for: [1m(MultiDim_3D_Histo)_(BC_RC_Bayesian)_(SMEAR=Smear)_(Q2_y_Bin_2)_(z_pT_Bin_31)_(MultiDim_z_pT_Bin_Y_bin_phi_t)[0m (Histo Num 43621)
Fitting for: [1m(MultiDim_3D_Histo)_(BC_RC_Bayesian)_(SMEAR=Smear)_(Q2_y_Bin_2)_(z_pT_Bin_32)_(MultiDim_z_pT_Bin_Y_bin_phi_t)[0m (Histo Num 43622)
Fitting for: [1m(MultiDim_3D_Histo)_(BC_RC_Bayesian)_(SMEAR=Smear)_(Q2_y_Bin_2)_(z_pT_Bin_33)_(MultiDim_z_pT_Bin_Y_bin_phi_t)[0m (Histo Num 43623)
Fitting for: [1m(MultiDim_3D_Histo)_(BC_RC_Bayesian)_(SMEAR=Smear)_(Q2_y_Bin_2)_(z_pT_Bin_34)_(MultiDim_z_pT_Bin_Y_bin_phi_t)[0m (Histo Num 43624)
Fitting for: [1m(MultiDim_3D_Histo)_(BC_RC_Bayesian)_(SMEAR=Smear)_(Q2_y_Bin_3)_(z_pT_Bin_1)_(MultiDim_z_pT_Bin_Y_bin_phi_t)[0m (Histo Num 43625)
Fitting for: [1m(MultiDim_3D_Histo)_(BC_RC_Bayesian)_(SMEAR=Smear)_(Q2_y_Bin_3)_(z_pT_Bin_2)_(MultiDim_z_pT_Bin_Y_bin_phi_t)[0m (Histo Num 43626)
Fitting for: [1m(MultiDim_3D_Histo)_(BC_RC_Bayesian)_(SMEAR=Smear)_(Q2_y_Bin_3)_(z_pT_Bin_3)_(MultiDim_z_pT_Bin_Y_bin_phi_t)[0m (Histo Num 43627)
Fitting for: [1m(MultiDim_3D_Histo)_(BC_RC_Bayesian)_(SMEAR=Smear)_(Q2_y_Bin_3)_(z_pT_Bin_4)_(MultiDim_z_pT_Bin_Y_bin_phi_t)[0m (Histo Num 43628)
Fitting for: [1m(MultiDim_3D_Histo)_(BC_RC_Bayesian)_(SMEAR=Smear)_(Q2_y_Bin_3)_(z_pT_Bin_5)_(MultiDim_z_pT_Bin_Y_bin_phi_t)[0m (Histo Num 43629)
Fitting for: [1m(MultiDim_3D_Histo)_(BC_RC_Bayesian)_(SMEAR=Smear)_(Q2_y_Bin_3)_(z_pT_Bin_7)_(MultiDim_z_pT_Bin_Y_bin_phi_t)[0m (Histo Num 43630)
Fitting for: [1m(MultiDim_3D_Histo)_(BC_RC_Bayesian)_(SMEAR=Smear)_(Q2_y_Bin_3)_(z_pT_Bin_8)_(MultiDim_z_pT_Bin_Y_bin_phi_t)[0m (Histo Num 43631)
Fitting for: [1m(MultiDim_3D_Histo)_(BC_RC_Bayesian)_(SMEAR=Smear)_(Q2_y_Bin_3)_(z_pT_Bin_9)_(MultiDim_z_pT_Bin_Y_bin_phi_t)[0m (Histo Num 43632)
Fitting for: [1m(MultiDim_3D_Histo)_(BC_RC_Bayesian)_(SMEAR=Smear)_(Q2_y_Bin_3)_(z_pT_Bin_10)_(MultiDim_z_pT_Bin_Y_bin_phi_t)[0m (Histo Num 43633)
Fitting for: [1m(MultiDim_3D_Histo)_(BC_RC_Bayesian)_(SMEAR=Smear)_(Q2_y_Bin_3)_(z_pT_Bin_11)_(MultiDim_z_pT_Bin_Y_bin_phi_t)[0m (Histo Num 43634)
Fitting for: [1m(MultiDim_3D_Histo)_(BC_RC_Bayesian)_(SMEAR=Smear)_(Q2_y_Bin_3)_(z_pT_Bin_12)_(MultiDim_z_pT_Bin_Y_bin_phi_t)[0m (Histo Num 43635)
Fitting for: [1m(MultiDim_3D_Histo)_(BC_RC_Bayesian)_(SMEAR=Smear)_(Q2_y_Bin_3)_(z_pT_Bin_13)_(MultiDim_z_pT_Bin_Y_bin_phi_t)[0m (Histo Num 43636)
Fitting for: [1m(MultiDim_3D_Histo)_(BC_RC_Bayesian)_(SMEAR=Smear)_(Q2_y_Bin_3)_(z_pT_Bin_14)_(MultiDim_z_pT_Bin_Y_bin_phi_t)[0m (Histo Num 43637)
Fitting for: [1m(MultiDim_3D_Histo)_(BC_RC_Bayesian)_(SMEAR=Smear)_(Q2_y_Bin_3)_(z_pT_Bin_15)_(MultiDim_z_pT_Bin_Y_bin_phi_t)[0m (Histo Num 43638)
Fitting for: [1m(MultiDim_3D_Histo)_(BC_RC_Bayesian)_(SMEAR=Smear)_(Q2_y_Bin_3)_(z_pT_Bin_16)_(MultiDim_z_pT_Bin_Y_bin_phi_t)[0m (Histo Num 43639)
Fitting for: [1m(MultiDim_3D_Histo)_(BC_RC_Bayesian)_(SMEAR=Smear)_(Q2_y_Bin_3)_(z_pT_Bin_17)_(MultiDim_z_pT_Bin_Y_bin_phi_t)[0m (Histo Num 43640)
Fitting for: [1m(MultiDim_3D_Histo)_(BC_RC_Bayesian)_(SMEAR=Smear)_(Q2_y_Bin_3)_(z_pT_Bin_18)_(MultiDim_z_pT_Bin_Y_bin_phi_t)[0m (Histo Num 43641)
Fitting for: [1m(MultiDim_3D_Histo)_(BC_RC_Bayesian)_(SMEAR=Smear)_(Q2_y_Bin_3)_(z_pT_Bin_19)_(MultiDim_z_pT_Bin_Y_bin_phi_t)[0m (Histo Num 43642)
Fitting for: [1m(MultiDim_3D_Histo)_(BC_RC_Bayesian)_(SMEAR=Smear)_(Q2_y_Bin_3)_(z_pT_Bin_20)_(MultiDim_z_pT_Bin_Y_bin_phi_t)[0m (Histo Num 43643)
Fitting for: [1m(MultiDim_3D_Histo)_(BC_RC_Bayesian)_(SMEAR=Smear)_(Q2_y_Bin_3)_(z_pT_Bin_21)_(MultiDim_z_pT_Bin_Y_bin_phi_t)[0m (Histo Num 43644)
Fitting for: [1m(MultiDim_3D_Histo)_(BC_RC_Bayesian)_(SMEAR=Smear)_(Q2_y_Bin_3)_(z_pT_Bin_22)_(MultiDim_z_pT_Bin_Y_bin_phi_t)[0m (Histo Num 43645)
Fitting for: [1m(MultiDim_3D_Histo)_(BC_RC_Bayesian)_(SMEAR=Smear)_(Q2_y_Bin_3)_(z_pT_Bin_23)_(MultiDim_z_pT_Bin_Y_bin_phi_t)[0m (Histo Num 43646)
Fitting for: [1m(MultiDim_3D_Histo)_(BC_RC_Bayesian)_(SMEAR=Smear)_(Q2_y_Bin_3)_(z_pT_Bin_24)_(MultiDim_z_pT_Bin_Y_bin_phi_t)[0m (Histo Num 43647)
Fitting for: [1m(MultiDim_3D_Histo)_(BC_RC_Bayesian)_(SMEAR=Smear)_(Q2_y_Bin_3)_(z_pT_Bin_25)_(MultiDim_z_pT_Bin_Y_bin_phi_t)[0m (Histo Num 43648)
Fitting for: [1m(MultiDim_3D_Histo)_(BC_RC_Bayesian)_(SMEAR=Smear)_(Q2_y_Bin_3)_(z_pT_Bin_26)_(MultiDim_z_pT_Bin_Y_bin_phi_t)[0m (Histo Num 43649)
Fitting for: [1m(MultiDim_3D_Histo)_(BC_RC_Bayesian)_(SMEAR=Smear)_(Q2_y_Bin_3)_(z_pT_Bin_27)_(MultiDim_z_pT_Bin_Y_bin_phi_t)[0m (Histo Num 43650)
Fitting for: [1m(MultiDim_3D_Histo)_(BC_RC_Bayesian)_(SMEAR=Smear)_(Q2_y_Bin_3)_(z_pT_Bin_28)_(MultiDim_z_pT_Bin_Y_bin_phi_t)[0m (Histo Num 43651)
Fitting for: [1m(MultiDim_3D_Histo)_(BC_RC_Bayesian)_(SMEAR=Smear)_(Q2_y_Bin_3)_(z_pT_Bin_29)_(MultiDim_z_pT_Bin_Y_bin_phi_t)[0m (Histo Num 43652)
Fitting for: [1m(MultiDim_3D_Histo)_(BC_RC_Bayesian)_(SMEAR=Smear)_(Q2_y_Bin_4)_(z_pT_Bin_7)_(MultiDim_z_pT_Bin_Y_bin_phi_t)[0m (Histo Num 43653)
Fitting for: [1m(MultiDim_3D_Histo)_(BC_RC_Bayesian)_(SMEAR=Smear)_(Q2_y_Bin_4)_(z_pT_Bin_8)_(MultiDim_z_pT_Bin_Y_bin_phi_t)[0m (Histo Num 43654)
Fitting for: [1m(MultiDim_3D_Histo)_(BC_RC_Bayesian)_(SMEAR=Smear)_(Q2_y_Bin_4)_(z_pT_Bin_9)_(MultiDim_z_pT_Bin_Y_bin_phi_t)[0m (Histo Num 43655)
Fitting for: [1m(MultiDim_3D_Histo)_(BC_RC_Bayesian)_(SMEAR=Smear)_(Q2_y_Bin_4)_(z_pT_Bin_10)_(MultiDim_z_pT_Bin_Y_bin_phi_t)[0m (Histo Num 43656)
Fitting for: [1m(MultiDim_3D_Histo)_(BC_RC_Bayesian)_(SMEAR=Smear)_(Q2_y_Bin_4)_(z_pT_Bin_11)_(MultiDim_z_pT_Bin_Y_bin_phi_t)[0m (Histo Num 43657)
Fitting for: [1m(MultiDim_3D_Histo)_(BC_RC_Bayesian)_(SMEAR=Smear)_(Q2_y_Bin_4)_(z_pT_Bin_13)_(MultiDim_z_pT_Bin_Y_bin_phi_t)[0m (Histo Num 43658)
Fitting for: [1m(MultiDim_3D_Histo)_(BC_RC_Bayesian)_(SMEAR=Smear)_(Q2_y_Bin_4)_(z_pT_Bin_14)_(MultiDim_z_pT_Bin_Y_bin_phi_t)[0m (Histo Num 43659)
Fitting for: [1m(MultiDim_3D_Histo)_(BC_RC_Bayesian)_(SMEAR=Smear)_(Q2_y_Bin_4)_(z_pT_Bin_15)_(MultiDim_z_pT_Bin_Y_bin_phi_t)[0m (Histo Num 43660)
Fitting for: [1m(MultiDim_3D_Histo)_(BC_RC_Bayesian)_(SMEAR=Smear)_(Q2_y_Bin_4)_(z_pT_Bin_16)_(MultiDim_z_pT_Bin_Y_bin_phi_t)[0m (Histo Num 43661)
Fitting for: [1m(MultiDim_3D_Histo)_(BC_RC_Bayesian)_(SMEAR=Smear)_(Q2_y_Bin_4)_(z_pT_Bin_17)_(MultiDim_z_pT_Bin_Y_bin_phi_t)[0m (Histo Num 43662)
Fitting for: [1m(MultiDim_3D_Histo)_(BC_RC_Bayesian)_(SMEAR=Smear)_(Q2_y_Bin_4)_(z_pT_Bin_19)_(MultiDim_z_pT_Bin_Y_bin_phi_t)[0m (Histo Num 43663)
Fitting for: [1m(MultiDim_3D_Histo)_(BC_RC_Bayesian)_(SMEAR=Smear)_(Q2_y_Bin_4)_(z_pT_Bin_20)_(MultiDim_z_pT_Bin_Y_bin_phi_t)[0m (Histo Num 43664)
Fitting for: [1m(MultiDim_3D_Histo)_(BC_RC_Bayesian)_(SMEAR=Smear)_(Q2_y_Bin_4)_(z_pT_Bin_21)_(MultiDim_z_pT_Bin_Y_bin_phi_t)[0m (Histo Num 43665)
Fitting for: [1m(MultiDim_3D_Histo)_(BC_RC_Bayesian)_(SMEAR=Smear)_(Q2_y_Bin_4)_(z_pT_Bin_22)_(MultiDim_z_pT_Bin_Y_bin_phi_t)[0m (Histo Num 43666)
Fitting for: [1m(MultiDim_3D_Histo)_(BC_RC_Bayesian)_(SMEAR=Smear)_(Q2_y_Bin_4)_(z_pT_Bin_23)_(MultiDim_z_pT_Bin_Y_bin_phi_t)[0m (Histo Num 43667)
Fitting for: [1m(MultiDim_3D_Histo)_(BC_RC_Bayesian)_(SMEAR=Smear)_(Q2_y_Bin_4)_(z_pT_Bin_25)_(MultiDim_z_pT_Bin_Y_bin_phi_t)[0m (Histo Num 43668)
Fitting for: [1m(MultiDim_3D_Histo)_(BC_RC_Bayesian)_(SMEAR=Smear)_(Q2_y_Bin_4)_(z_pT_Bin_26)_(MultiDim_z_pT_Bin_Y_bin_phi_t)[0m (Histo Num 43669)
Fitting for: [1m(MultiDim_3D_Histo)_(BC_RC_Bayesian)_(SMEAR=Smear)_(Q2_y_Bin_4)_(z_pT_Bin_27)_(MultiDim_z_pT_Bin_Y_bin_phi_t)[0m (Histo Num 43670)
Fitting for: [1m(MultiDim_3D_Histo)_(BC_RC_Bayesian)_(SMEAR=Smear)_(Q2_y_Bin_4)_(z_pT_Bin_28)_(MultiDim_z_pT_Bin_Y_bin_phi_t)[0m (Histo Num 43671)
Fitting for: [1m(MultiDim_3D_Histo)_(BC_RC_Bayesian)_(SMEAR=Smear)_(Q2_y_Bin_4)_(z_pT_Bin_29)_(MultiDim_z_pT_Bin_Y_bin_phi_t)[0m (Histo Num 43672)
Fitting for: [1m(MultiDim_3D_Histo)_(BC_RC_Bayesian)_(SMEAR=Smear)_(Q2_y_Bin_4)_(z_pT_Bin_31)_(MultiDim_z_pT_Bin_Y_bin_phi_t)[0m (Histo Num 43673)
Fitting for: [1m(MultiDim_3D_Histo)_(BC_RC_Bayesian)_(SMEAR=Smear)_(Q2_y_Bin_4)_(z_pT_Bin_32)_(MultiDim_z_pT_Bin_Y_bin_phi_t)[0m (Histo Num 43674)
Fitting for: [1m(MultiDim_3D_Histo)_(BC_RC_Bayesian)_(SMEAR=Smear)_(Q2_y_Bin_4)_(z_pT_Bin_33)_(MultiDim_z_pT_Bin_Y_bin_phi_t)[0m (Histo Num 43675)
Fitting for: [1m(MultiDim_3D_Histo)_(BC_RC_Bayesian)_(SMEAR=Smear)_(Q2_y_Bin_4)_(z_pT_Bin_34)_(MultiDim_z_pT_Bin_Y_bin_phi_t)[0m (Histo Num 43676)
Fitting for: [1m(MultiDim_3D_Histo)_(BC_RC_Bayesian)_(SMEAR=Smear)_(Q2_y_Bin_5)_(z_pT_Bin_1)_(MultiDim_z_pT_Bin_Y_bin_phi_t)[0m (Histo Num 43677)
Fitting for: [1m(MultiDim_3D_Histo)_(BC_RC_Bayesian)_(SMEAR=Smear)_(Q2_y_Bin_5)_(z_pT_Bin_2)_(MultiDim_z_pT_Bin_Y_bin_phi_t)[0m (Histo Num 43678)
Fitting for: [1m(MultiDim_3D_Histo)_(BC_RC_Bayesian)_(SMEAR=Smear)_(Q2_y_Bin_5)_(z_pT_Bin_3)_(MultiDim_z_pT_Bin_Y_bin_phi_t)[0m (Histo Num 43679)
Fitting for: [1m(MultiDim_3D_Histo)_(BC_RC_Bayesian)_(SMEAR=Smear)_(Q2_y_Bin_5)_(z_pT_Bin_4)_(MultiDim_z_pT_Bin_Y_bin_phi_t)[0m (Histo Num 43680)
Fitting for: [1m(MultiDim_3D_Histo)_(BC_RC_Bayesian)_(SMEAR=Smear)_(Q2_y_Bin_5)_(z_pT_Bin_5)_(MultiDim_z_pT_Bin_Y_bin_phi_t)[0m (Histo Num 43681)
Fitting for: [1m(MultiDim_3D_Histo)_(BC_RC_Bayesian)_(SMEAR=Smear)_(Q2_y_Bin_5)_(z_pT_Bin_6)_(MultiDim_z_pT_Bin_Y_bin_phi_t)[0m (Histo Num 43682)
Fitting for: [1m(MultiDim_3D_Histo)_(BC_RC_Bayesian)_(SMEAR=Smear)_(Q2_y_Bin_5)_(z_pT_Bin_7)_(MultiDim_z_pT_Bin_Y_bin_phi_t)[0m (Histo Num 43683)
Fitting for: [1m(MultiDim_3D_Histo)_(BC_RC_Bayesian)_(SMEAR=Smear)_(Q2_y_Bin_5)_(z_pT_Bin_8)_(MultiDim_z_pT_Bin_Y_bin_phi_t)[0m (Histo Num 43684)
Fitting for: [1m(MultiDim_3D_Histo)_(BC_RC_Bayesian)_(SMEAR=Smear)_(Q2_y_Bin_5)_(z_pT_Bin_9)_(MultiDim_z_pT_Bin_Y_bin_phi_t)[0m (Histo Num 43685)
Fitting for: [1m(MultiDim_3D_Histo)_(BC_RC_Bayesian)_(SMEAR=Smear)_(Q2_y_Bin_5)_(z_pT_Bin_10)_(MultiDim_z_pT_Bin_Y_bin_phi_t)[0m (Histo Num 43686)
Fitting for: [1m(MultiDim_3D_Histo)_(BC_RC_Bayesian)_(SMEAR=Smear)_(Q2_y_Bin_5)_(z_pT_Bin_11)_(MultiDim_z_pT_Bin_Y_bin_phi_t)[0m (Histo Num 43687)
Fitting for: [1m(MultiDim_3D_Histo)_(BC_RC_Bayesian)_(SMEAR=Smear)_(Q2_y_Bin_5)_(z_pT_Bin_12)_(MultiDim_z_pT_Bin_Y_bin_phi_t)[0m (Histo Num 43688)
Fitting for: [1m(MultiDim_3D_Histo)_(BC_RC_Bayesian)_(SMEAR=Smear)_(Q2_y_Bin_5)_(z_pT_Bin_13)_(MultiDim_z_pT_Bin_Y_bin_phi_t)[0m (Histo Num 43689)
Fitting for: [1m(MultiDim_3D_Histo)_(BC_RC_Bayesian)_(SMEAR=Smear)_(Q2_y_Bin_5)_(z_pT_Bin_14)_(MultiDim_z_pT_Bin_Y_bin_phi_t)[0m (Histo Num 43690)
Fitting for: [1m(MultiDim_3D_Histo)_(BC_RC_Bayesian)_(SMEAR=Smear)_(Q2_y_Bin_5)_(z_pT_Bin_15)_(MultiDim_z_pT_Bin_Y_bin_phi_t)[0m (Histo Num 43691)
Fitting for: [1m(MultiDim_3D_Histo)_(BC_RC_Bayesian)_(SMEAR=Smear)_(Q2_y_Bin_5)_(z_pT_Bin_16)_(MultiDim_z_pT_Bin_Y_bin_phi_t)[0m (Histo Num 43692)
Fitting for: [1m(MultiDim_3D_Histo)_(BC_RC_Bayesian)_(SMEAR=Smear)_(Q2_y_Bin_5)_(z_pT_Bin_17)_(MultiDim_z_pT_Bin_Y_bin_phi_t)[0m (Histo Num 43693)
Fitting for: [1m(MultiDim_3D_Histo)_(BC_RC_Bayesian)_(SMEAR=Smear)_(Q2_y_Bin_5)_(z_pT_Bin_18)_(MultiDim_z_pT_Bin_Y_bin_phi_t)[0m (Histo Num 43694)
Fitting for: [1m(MultiDim_3D_Histo)_(BC_RC_Bayesian)_(SMEAR=Smear)_(Q2_y_Bin_5)_(z_pT_Bin_19)_(MultiDim_z_pT_Bin_Y_bin_phi_t)[0m (Histo Num 43695)
Fitting for: [1m(MultiDim_3D_Histo)_(BC_RC_Bayesian)_(SMEAR=Smear)_(Q2_y_Bin_5)_(z_pT_Bin_20)_(MultiDim_z_pT_Bin_Y_bin_phi_t)[0m (Histo Num 43696)
Fitting for: [1m(MultiDim_3D_Histo)_(BC_RC_Bayesian)_(SMEAR=Smear)_(Q2_y_Bin_5)_(z_pT_Bin_21)_(MultiDim_z_pT_Bin_Y_bin_phi_t)[0m (Histo Num 43697)
Fitting for: [1m(MultiDim_3D_Histo)_(BC_RC_Bayesian)_(SMEAR=Smear)_(Q2_y_Bin_5)_(z_pT_Bin_22)_(MultiDim_z_pT_Bin_Y_bin_phi_t)[0m (Histo Num 43698)
Fitting for: [1m(MultiDim_3D_Histo)_(BC_RC_Bayesian)_(SMEAR=Smear)_(Q2_y_Bin_5)_(z_pT_Bin_23)_(MultiDim_z_pT_Bin_Y_bin_phi_t)[0m (Histo Num 43699)
Fitting for: [1m(MultiDim_3D_Histo)_(BC_RC_Bayesian)_(SMEAR=Smear)_(Q2_y_Bin_5)_(z_pT_Bin_25)_(MultiDim_z_pT_Bin_Y_bin_phi_t)[0m (Histo Num 43700)
Fitting for: [1m(MultiDim_3D_Histo)_(BC_RC_Bayesian)_(SMEAR=Smear)_(Q2_y_Bin_5)_(z_pT_Bin_26)_(MultiDim_z_pT_Bin_Y_bin_phi_t)[0m (Histo Num 43701)
Fitting for: [1m(MultiDim_3D_Histo)_(BC_RC_Bayesian)_(SMEAR=Smear)_(Q2_y_Bin_5)_(z_pT_Bin_27)_(MultiDim_z_pT_Bin_Y_bin_phi_t)[0m (Histo Num 43702)
Fitting for: [1m(MultiDim_3D_Histo)_(BC_RC_Bayesian)_(SMEAR=Smear)_(Q2_y_Bin_5)_(z_pT_Bin_28)_(MultiDim_z_pT_Bin_Y_bin_phi_t)[0m (Histo Num 43703)
Fitting for: [1m(MultiDim_3D_Histo)_(BC_RC_Bayesian)_(SMEAR=Smear)_(Q2_y_Bin_5)_(z_pT_Bin_29)_(MultiDim_z_pT_Bin_Y_bin_phi_t)[0m (Histo Num 43704)
Fitting for: [1m(MultiDim_3D_Histo)_(BC_RC_Bayesian)_(SMEAR=Smear)_(Q2_y_Bin_5)_(z_pT_Bin_31)_(MultiDim_z_pT_Bin_Y_bin_phi_t)[0m (Histo Num 43705)
Fitting for: [1m(MultiDim_3D_Histo)_(BC_RC_Bayesian)_(SMEAR=Smear)_(Q2_y_Bin_5)_(z_pT_Bin_32)_(MultiDim_z_pT_Bin_Y_bin_phi_t)[0m (Histo Num 43706)
Fitting for: [1m(MultiDim_3D_Histo)_(BC_RC_Bayesian)_(SMEAR=Smear)_(Q2_y_Bin_5)_(z_pT_Bin_33)_(MultiDim_z_pT_Bin_Y_bin_phi_t)[0m (Histo Num 43707)
Fitting for: [1m(MultiDim_3D_Histo)_(BC_RC_Bayesian)_(SMEAR=Smear)_(Q2_y_Bin_5)_(z_pT_Bin_34)_(MultiDim_z_pT_Bin_Y_bin_phi_t)[0m (Histo Num 43708)
Fitting for: [1m(MultiDim_3D_Histo)_(BC_RC_Bayesian)_(SMEAR=Smear)_(Q2_y_Bin_6)_(z_pT_Bin_1)_(MultiDim_z_pT_Bin_Y_bin_phi_t)[0m (Histo Num 43709)
Fitting for: [1m(MultiDim_3D_Histo)_(BC_RC_Bayesian)_(SMEAR=Smear)_(Q2_y_Bin_6)_(z_pT_Bin_2)_(MultiDim_z_pT_Bin_Y_bin_phi_t)[0m (Histo Num 43710)
Fitting for: [1m(MultiDim_3D_Histo)_(BC_RC_Bayesian)_(SMEAR=Smear)_(Q2_y_Bin_6)_(z_pT_Bin_3)_(MultiDim_z_pT_Bin_Y_bin_phi_t)[0m (Histo Num 43711)
Fitting for: [1m(MultiDim_3D_Histo)_(BC_RC_Bayesian)_(SMEAR=Smear)_(Q2_y_Bin_6)_(z_pT_Bin_4)_(MultiDim_z_pT_Bin_Y_bin_phi_t)[0m (Histo Num 43712)
Fitting for: [1m(MultiDim_3D_Histo)_(BC_RC_Bayesian)_(SMEAR=Smear)_(Q2_y_Bin_6)_(z_pT_Bin_5)_(MultiDim_z_pT_Bin_Y_bin_phi_t)[0m (Histo Num 43713)
Fitting for: [1m(MultiDim_3D_Histo)_(BC_RC_Bayesian)_(SMEAR=Smear)_(Q2_y_Bin_6)_(z_pT_Bin_6)_(MultiDim_z_pT_Bin_Y_bin_phi_t)[0m (Histo Num 43714)
Fitting for: [1m(MultiDim_3D_Histo)_(BC_RC_Bayesian)_(SMEAR=Smear)_(Q2_y_Bin_6)_(z_pT_Bin_7)_(MultiDim_z_pT_Bin_Y_bin_phi_t)[0m (Histo Num 43715)
Fitting for: [1m(MultiDim_3D_Histo)_(BC_RC_Bayesian)_(SMEAR=Smear)_(Q2_y_Bin_6)_(z_pT_Bin_8)_(MultiDim_z_pT_Bin_Y_bin_phi_t)[0m (Histo Num 43716)
Fitting for: [1m(MultiDim_3D_Histo)_(BC_RC_Bayesian)_(SMEAR=Smear)_(Q2_y_Bin_6)_(z_pT_Bin_9)_(MultiDim_z_pT_Bin_Y_bin_phi_t)[0m (Histo Num 43717)
Fitting for: [1m(MultiDim_3D_Histo)_(BC_RC_Bayesian)_(SMEAR=Smear)_(Q2_y_Bin_6)_(z_pT_Bin_10)_(MultiDim_z_pT_Bin_Y_bin_phi_t)[0m (Histo Num 43718)
Fitting for: [1m(MultiDim_3D_Histo)_(BC_RC_Bayesian)_(SMEAR=Smear)_(Q2_y_Bin_6)_(z_pT_Bin_11)_(MultiDim_z_pT_Bin_Y_bin_phi_t)[0m (Histo Num 43719)
Fitting for: [1m(MultiDim_3D_Histo)_(BC_RC_Bayesian)_(SMEAR=Smear)_(Q2_y_Bin_6)_(z_pT_Bin_12)_(MultiDim_z_pT_Bin_Y_bin_phi_t)[0m (Histo Num 43720)
Fitting for: [1m(MultiDim_3D_Histo)_(BC_RC_Bayesian)_(SMEAR=Smear)_(Q2_y_Bin_6)_(z_pT_Bin_13)_(MultiDim_z_pT_Bin_Y_bin_phi_t)[0m (Histo Num 43721)
Fitting for: [1m(MultiDim_3D_Histo)_(BC_RC_Bayesian)_(SMEAR=Smear)_(Q2_y_Bin_6)_(z_pT_Bin_14)_(MultiDim_z_pT_Bin_Y_bin_phi_t)[0m (Histo Num 43722)
Fitting for: [1m(MultiDim_3D_Histo)_(BC_RC_Bayesian)_(SMEAR=Smear)_(Q2_y_Bin_6)_(z_pT_Bin_15)_(MultiDim_z_pT_Bin_Y_bin_phi_t)[0m (Histo Num 43723)
Fitting for: [1m(MultiDim_3D_Histo)_(BC_RC_Bayesian)_(SMEAR=Smear)_(Q2_y_Bin_6)_(z_pT_Bin_16)_(MultiDim_z_pT_Bin_Y_bin_phi_t)[0m (Histo Num 43724)
Fitting for: [1m(MultiDim_3D_Histo)_(BC_RC_Bayesian)_(SMEAR=Smear)_(Q2_y_Bin_6)_(z_pT_Bin_17)_(MultiDim_z_pT_Bin_Y_bin_phi_t)[0m (Histo Num 43725)
Fitting for: [1m(MultiDim_3D_Histo)_(BC_RC_Bayesian)_(SMEAR=Smear)_(Q2_y_Bin_6)_(z_pT_Bin_19)_(MultiDim_z_pT_Bin_Y_bin_phi_t)[0m (Histo Num 43726)
Fitting for: [1m(MultiDim_3D_Histo)_(BC_RC_Bayesian)_(SMEAR=Smear)_(Q2_y_Bin_6)_(z_pT_Bin_20)_(MultiDim_z_pT_Bin_Y_bin_phi_t)[0m (Histo Num 43727)
Fitting for: [1m(MultiDim_3D_Histo)_(BC_RC_Bayesian)_(SMEAR=Smear)_(Q2_y_Bin_6)_(z_pT_Bin_21)_(MultiDim_z_pT_Bin_Y_bin_phi_t)[0m (Histo Num 43728)
Fitting for: [1m(MultiDim_3D_Histo)_(BC_RC_Bayesian)_(SMEAR=Smear)_(Q2_y_Bin_6)_(z_pT_Bin_22)_(MultiDim_z_pT_Bin_Y_bin_phi_t)[0m (Histo Num 43729)
Fitting for: [1m(MultiDim_3D_Histo)_(BC_RC_Bayesian)_(SMEAR=Smear)_(Q2_y_Bin_6)_(z_pT_Bin_23)_(MultiDim_z_pT_Bin_Y_bin_phi_t)[0m (Histo Num 43730)
Fitting for: [1m(MultiDim_3D_Histo)_(BC_RC_Bayesian)_(SMEAR=Smear)_(Q2_y_Bin_6)_(z_pT_Bin_25)_(MultiDim_z_pT_Bin_Y_bin_phi_t)[0m (Histo Num 43731)
Fitting for: [1m(MultiDim_3D_Histo)_(BC_RC_Bayesian)_(SMEAR=Smear)_(Q2_y_Bin_6)_(z_pT_Bin_26)_(MultiDim_z_pT_Bin_Y_bin_phi_t)[0m (Histo Num 43732)
Fitting for: [1m(MultiDim_3D_Histo)_(BC_RC_Bayesian)_(SMEAR=Smear)_(Q2_y_Bin_6)_(z_pT_Bin_27)_(MultiDim_z_pT_Bin_Y_bin_phi_t)[0m (Histo Num 43733)
Fitting for: [1m(MultiDim_3D_Histo)_(BC_RC_Bayesian)_(SMEAR=Smear)_(Q2_y_Bin_6)_(z_pT_Bin_28)_(MultiDim_z_pT_Bin_Y_bin_phi_t)[0m (Histo Num 43734)
Fitting for: [1m(MultiDim_3D_Histo)_(BC_RC_Bayesian)_(SMEAR=Smear)_(Q2_y_Bin_7)_(z_pT_Bin_1)_(MultiDim_z_pT_Bin_Y_bin_phi_t)[0m (Histo Num 43735)
Fitting for: [1m(MultiDim_3D_Histo)_(BC_RC_Bayesian)_(SMEAR=Smear)_(Q2_y_Bin_7)_(z_pT_Bin_2)_(MultiDim_z_pT_Bin_Y_bin_phi_t)[0m (Histo Num 43736)
Fitting for: [1m(MultiDim_3D_Histo)_(BC_RC_Bayesian)_(SMEAR=Smear)_(Q2_y_Bin_7)_(z_pT_Bin_3)_(MultiDim_z_pT_Bin_Y_bin_phi_t)[0m (Histo Num 43737)
Fitting for: [1m(MultiDim_3D_Histo)_(BC_RC_Bayesian)_(SMEAR=Smear)_(Q2_y_Bin_7)_(z_pT_Bin_4)_(MultiDim_z_pT_Bin_Y_bin_phi_t)[0m (Histo Num 43738)
Fitting for: [1m(MultiDim_3D_Histo)_(BC_RC_Bayesian)_(SMEAR=Smear)_(Q2_y_Bin_7)_(z_pT_Bin_5)_(MultiDim_z_pT_Bin_Y_bin_phi_t)[0m (Histo Num 43739)
Fitting for: [1m(MultiDim_3D_Histo)_(BC_RC_Bayesian)_(SMEAR=Smear)_(Q2_y_Bin_7)_(z_pT_Bin_7)_(MultiDim_z_pT_Bin_Y_bin_phi_t)[0m (Histo Num 43740)
Fitting for: [1m(MultiDim_3D_Histo)_(BC_RC_Bayesian)_(SMEAR=Smear)_(Q2_y_Bin_7)_(z_pT_Bin_8)_(MultiDim_z_pT_Bin_Y_bin_phi_t)[0m (Histo Num 43741)
Fitting for: [1m(MultiDim_3D_Histo)_(BC_RC_Bayesian)_(SMEAR=Smear)_(Q2_y_Bin_7)_(z_pT_Bin_9)_(MultiDim_z_pT_Bin_Y_bin_phi_t)[0m (Histo Num 43742)
Fitting for: [1m(MultiDim_3D_Histo)_(BC_RC_Bayesian)_(SMEAR=Smear)_(Q2_y_Bin_7)_(z_pT_Bin_10)_(MultiDim_z_pT_Bin_Y_bin_phi_t)[0m (Histo Num 43743)
Fitting for: [1m(MultiDim_3D_Histo)_(BC_RC_Bayesian)_(SMEAR=Smear)_(Q2_y_Bin_7)_(z_pT_Bin_11)_(MultiDim_z_pT_Bin_Y_bin_phi_t)[0m (Histo Num 43744)
Fitting for: [1m(MultiDim_3D_Histo)_(BC_RC_Bayesian)_(SMEAR=Smear)_(Q2_y_Bin_7)_(z_pT_Bin_12)_(MultiDim_z_pT_Bin_Y_bin_phi_t)[0m (Histo Num 43745)
Fitting for: [1m(MultiDim_3D_Histo)_(BC_RC_Bayesian)_(SMEAR=Smear)_(Q2_y_Bin_7)_(z_pT_Bin_13)_(MultiDim_z_pT_Bin_Y_bin_phi_t)[0m (Histo Num 43746)
Fitting for: [1m(MultiDim_3D_Histo)_(BC_RC_Bayesian)_(SMEAR=Smear)_(Q2_y_Bin_7)_(z_pT_Bin_14)_(MultiDim_z_pT_Bin_Y_bin_phi_t)[0m (Histo Num 43747)
Fitting for: [1m(MultiDim_3D_Histo)_(BC_RC_Bayesian)_(SMEAR=Smear)_(Q2_y_Bin_7)_(z_pT_Bin_15)_(MultiDim_z_pT_Bin_Y_bin_phi_t)[0m (Histo Num 43748)
Fitting for: [1m(MultiDim_3D_Histo)_(BC_RC_Bayesian)_(SMEAR=Smear)_(Q2_y_Bin_7)_(z_pT_Bin_16)_(MultiDim_z_pT_Bin_Y_bin_phi_t)[0m (Histo Num 43749)
Fitting for: [1m(MultiDim_3D_Histo)_(BC_RC_Bayesian)_(SMEAR=Smear)_(Q2_y_Bin_7)_(z_pT_Bin_17)_(MultiDim_z_pT_Bin_Y_bin_phi_t)[0m (Histo Num 43750)
Fitting for: [1m(MultiDim_3D_Histo)_(BC_RC_Bayesian)_(SMEAR=Smear)_(Q2_y_Bin_7)_(z_pT_Bin_18)_(MultiDim_z_pT_Bin_Y_bin_phi_t)[0m (Histo Num 43751)
Fitting for: [1m(MultiDim_3D_Histo)_(BC_RC_Bayesian)_(SMEAR=Smear)_(Q2_y_Bin_7)_(z_pT_Bin_19)_(MultiDim_z_pT_Bin_Y_bin_phi_t)[0m (Histo Num 43752)
Fitting for: [1m(MultiDim_3D_Histo)_(BC_RC_Bayesian)_(SMEAR=Smear)_(Q2_y_Bin_7)_(z_pT_Bin_20)_(MultiDim_z_pT_Bin_Y_bin_phi_t)[0m (Histo Num 43753)
Fitting for: [1m(MultiDim_3D_Histo)_(BC_RC_Bayesian)_(SMEAR=Smear)_(Q2_y_Bin_7)_(z_pT_Bin_21)_(MultiDim_z_pT_Bin_Y_bin_phi_t)[0m (Histo Num 43754)
Fitting for: [1m(MultiDim_3D_Histo)_(BC_RC_Bayesian)_(SMEAR=Smear)_(Q2_y_Bin_7)_(z_pT_Bin_22)_(MultiDim_z_pT_Bin_Y_bin_phi_t)[0m (Histo Num 43755)
Fitting for: [1m(MultiDim_3D_Histo)_(BC_RC_Bayesian)_(SMEAR=Smear)_(Q2_y_Bin_7)_(z_pT_Bin_23)_(MultiDim_z_pT_Bin_Y_bin_phi_t)[0m (Histo Num 43756)
Fitting for: [1m(MultiDim_3D_Histo)_(BC_RC_Bayesian)_(SMEAR=Smear)_(Q2_y_Bin_7)_(z_pT_Bin_24)_(MultiDim_z_pT_Bin_Y_bin_phi_t)[0m (Histo Num 43757)
Fitting for: [1m(MultiDim_3D_Histo)_(BC_RC_Bayesian)_(SMEAR=Smear)_(Q2_y_Bin_7)_(z_pT_Bin_25)_(MultiDim_z_pT_Bin_Y_bin_phi_t)[0m (Histo Num 43758)
Fitting for: [1m(MultiDim_3D_Histo)_(BC_RC_Bayesian)_(SMEAR=Smear)_(Q2_y_Bin_7)_(z_pT_Bin_26)_(MultiDim_z_pT_Bin_Y_bin_phi_t)[0m (Histo Num 43759)
Fitting for: [1m(MultiDim_3D_Histo)_(BC_RC_Bayesian)_(SMEAR=Smear)_(Q2_y_Bin_7)_(z_pT_Bin_27)_(MultiDim_z_pT_Bin_Y_bin_phi_t)[0m (Histo Num 43760)
Fitting for: [1m(MultiDim_3D_Histo)_(BC_RC_Bayesian)_(SMEAR=Smear)_(Q2_y_Bin_7)_(z_pT_Bin_28)_(MultiDim_z_pT_Bin_Y_bin_phi_t)[0m (Histo Num 43761)
Fitting for: [1m(MultiDim_3D_Histo)_(BC_RC_Bayesian)_(SMEAR=Smear)_(Q2_y_Bin_7)_(z_pT_Bin_29)_(MultiDim_z_pT_Bin_Y_bin_phi_t)[0m (Histo Num 43762)
Fitting for: [1m(MultiDim_3D_Histo)_(BC_RC_Bayesian)_(SMEAR=Smear)_(Q2_y_Bin_7)_(z_pT_Bin_31)_(MultiDim_z_pT_Bin_Y_bin_phi_t)[0m (Histo Num 43763)
Fitting for: [1m(MultiDim_3D_Histo)_(BC_RC_Bayesian)_(SMEAR=Smear)_(Q2_y_Bin_7)_(z_pT_Bin_32)_(MultiDim_z_pT_Bin_Y_bin_phi_t)[0m (Histo Num 43764)
Fitting for: [1m(MultiDim_3D_Histo)_(BC_RC_Bayesian)_(SMEAR=Smear)_(Q2_y_Bin_7)_(z_pT_Bin_33)_(MultiDim_z_pT_Bin_Y_bin_phi_t)[0m (Histo Num 43765)
Fitting for: [1m(MultiDim_3D_Histo)_(BC_RC_Bayesian)_(SMEAR=Smear)_(Q2_y_Bin_7)_(z_pT_Bin_34)_(MultiDim_z_pT_Bin_Y_bin_phi_t)[0m (Histo Num 43766)
Fitting for: [1m(MultiDim_3D_Histo)_(BC_RC_Bayesian)_(SMEAR=Smear)_(Q2_y_Bin_7)_(z_pT_Bin_35)_(MultiDim_z_pT_Bin_Y_bin_phi_t)[0m (Histo Num 43767)
Fitting for: [1m(MultiDim_3D_Histo)_(BC_RC_Bayesian)_(SMEAR=Smear)_(Q2_y_Bin_8)_(z_pT_Bin_6)_(MultiDim_z_pT_Bin_Y_bin_phi_t)[0m (Histo Num 43768)
Fitting for: [1m(MultiDim_3D_Histo)_(BC_RC_Bayesian)_(SMEAR=Smear)_(Q2_y_Bin_8)_(z_pT_Bin_7)_(MultiDim_z_pT_Bin_Y_bin_phi_t)[0m (Histo Num 43769)
Fitting for: [1m(MultiDim_3D_Histo)_(BC_RC_Bayesian)_(SMEAR=Smear)_(Q2_y_Bin_8)_(z_pT_Bin_8)_(MultiDim_z_pT_Bin_Y_bin_phi_t)[0m (Histo Num 43770)
Fitting for: [1m(MultiDim_3D_Histo)_(BC_RC_Bayesian)_(SMEAR=Smear)_(Q2_y_Bin_8)_(z_pT_Bin_9)_(MultiDim_z_pT_Bin_Y_bin_phi_t)[0m (Histo Num 43771)
Fitting for: [1m(MultiDim_3D_Histo)_(BC_RC_Bayesian)_(SMEAR=Smear)_(Q2_y_Bin_8)_(z_pT_Bin_10)_(MultiDim_z_pT_Bin_Y_bin_phi_t)[0m (Histo Num 43772)
Fitting for: [1m(MultiDim_3D_Histo)_(BC_RC_Bayesian)_(SMEAR=Smear)_(Q2_y_Bin_8)_(z_pT_Bin_11)_(MultiDim_z_pT_Bin_Y_bin_phi_t)[0m (Histo Num 43773)
Fitting for: [1m(MultiDim_3D_Histo)_(BC_RC_Bayesian)_(SMEAR=Smear)_(Q2_y_Bin_8)_(z_pT_Bin_12)_(MultiDim_z_pT_Bin_Y_bin_phi_t)[0m (Histo Num 43774)
Fitting for: [1m(MultiDim_3D_Histo)_(BC_RC_Bayesian)_(SMEAR=Smear)_(Q2_y_Bin_8)_(z_pT_Bin_13)_(MultiDim_z_pT_Bin_Y_bin_phi_t)[0m (Histo Num 43775)
Fitting for: [1m(MultiDim_3D_Histo)_(BC_RC_Bayesian)_(SMEAR=Smear)_(Q2_y_Bin_8)_(z_pT_Bin_14)_(MultiDim_z_pT_Bin_Y_bin_phi_t)[0m (Histo Num 43776)
Fitting for: [1m(MultiDim_3D_Histo)_(BC_RC_Bayesian)_(SMEAR=Smear)_(Q2_y_Bin_8)_(z_pT_Bin_15)_(MultiDim_z_pT_Bin_Y_bin_phi_t)[0m (Histo Num 43777)
Fitting for: [1m(MultiDim_3D_Histo)_(BC_RC_Bayesian)_(SMEAR=Smear)_(Q2_y_Bin_8)_(z_pT_Bin_16)_(MultiDim_z_pT_Bin_Y_bin_phi_t)[0m (Histo Num 43778)
Fitting for: [1m(MultiDim_3D_Histo)_(BC_RC_Bayesian)_(SMEAR=Smear)_(Q2_y_Bin_8)_(z_pT_Bin_17)_(MultiDim_z_pT_Bin_Y_bin_phi_t)[0m (Histo Num 43779)
Fitting for: [1m(MultiDim_3D_Histo)_(BC_RC_Bayesian)_(SMEAR=Smear)_(Q2_y_Bin_8)_(z_pT_Bin_18)_(MultiDim_z_pT_Bin_Y_bin_phi_t)[0m (Histo Num 43780)
Fitting for: [1m(MultiDim_3D_Histo)_(BC_RC_Bayesian)_(SMEAR=Smear)_(Q2_y_Bin_8)_(z_pT_Bin_19)_(MultiDim_z_pT_Bin_Y_bin_phi_t)[0m (Histo Num 43781)
Fitting for: [1m(MultiDim_3D_Histo)_(BC_RC_Bayesian)_(SMEAR=Smear)_(Q2_y_Bin_8)_(z_pT_Bin_20)_(MultiDim_z_pT_Bin_Y_bin_phi_t)[0m (Histo Num 43782)
Fitting for: [1m(MultiDim_3D_Histo)_(BC_RC_Bayesian)_(SMEAR=Smear)_(Q2_y_Bin_8)_(z_pT_Bin_21)_(MultiDim_z_pT_Bin_Y_bin_phi_t)[0m (Histo Num 43783)
Fitting for: [1m(MultiDim_3D_Histo)_(BC_RC_Bayesian)_(SMEAR=Smear)_(Q2_y_Bin_8)_(z_pT_Bin_22)_(MultiDim_z_pT_Bin_Y_bin_phi_t)[0m (Histo Num 43784)
Fitting for: [1m(MultiDim_3D_Histo)_(BC_RC_Bayesian)_(SMEAR=Smear)_(Q2_y_Bin_8)_(z_pT_Bin_23)_(MultiDim_z_pT_Bin_Y_bin_phi_t)[0m (Histo Num 43785)
Fitting for: [1m(MultiDim_3D_Histo)_(BC_RC_Bayesian)_(SMEAR=Smear)_(Q2_y_Bin_8)_(z_pT_Bin_24)_(MultiDim_z_pT_Bin_Y_bin_phi_t)[0m (Histo Num 43786)
Fitting for: [1m(MultiDim_3D_Histo)_(BC_RC_Bayesian)_(SMEAR=Smear)_(Q2_y_Bin_8)_(z_pT_Bin_25)_(MultiDim_z_pT_Bin_Y_bin_phi_t)[0m (Histo Num 43787)
Fitting for: [1m(MultiDim_3D_Histo)_(BC_RC_Bayesian)_(SMEAR=Smear)_(Q2_y_Bin_8)_(z_pT_Bin_26)_(MultiDim_z_pT_Bin_Y_bin_phi_t)[0m (Histo Num 43788)
Fitting for: [1m(MultiDim_3D_Histo)_(BC_RC_Bayesian)_(SMEAR=Smear)_(Q2_y_Bin_8)_(z_pT_Bin_27)_(MultiDim_z_pT_Bin_Y_bin_phi_t)[0m (Histo Num 43789)
Fitting for: [1m(MultiDim_3D_Histo)_(BC_RC_Bayesian)_(SMEAR=Smear)_(Q2_y_Bin_8)_(z_pT_Bin_28)_(MultiDim_z_pT_Bin_Y_bin_phi_t)[0m (Histo Num 43790)
Fitting for: [1m(MultiDim_3D_Histo)_(BC_RC_Bayesian)_(SMEAR=Smear)_(Q2_y_Bin_8)_(z_pT_Bin_29)_(MultiDim_z_pT_Bin_Y_bin_phi_t)[0m (Histo Num 43791)
Fitting for: [1m(MultiDim_3D_Histo)_(BC_RC_Bayesian)_(SMEAR=Smear)_(Q2_y_Bin_8)_(z_pT_Bin_30)_(MultiDim_z_pT_Bin_Y_bin_phi_t)[0m (Histo Num 43792)
Fitting for: [1m(MultiDim_3D_Histo)_(BC_RC_Bayesian)_(SMEAR=Smear)_(Q2_y_Bin_8)_(z_pT_Bin_31)_(MultiDim_z_pT_Bin_Y_bin_phi_t)[0m (Histo Num 43793)
Fitting for: [1m(MultiDim_3D_Histo)_(BC_RC_Bayesian)_(SMEAR=Smear)_(Q2_y_Bin_8)_(z_pT_Bin_32)_(MultiDim_z_pT_Bin_Y_bin_phi_t)[0m (Histo Num 43794)
Fitting for: [1m(MultiDim_3D_Histo)_(BC_RC_Bayesian)_(SMEAR=Smear)_(Q2_y_Bin_8)_(z_pT_Bin_33)_(MultiDim_z_pT_Bin_Y_bin_phi_t)[0m (Histo Num 43795)
Fitting for: [1m(MultiDim_3D_Histo)_(BC_RC_Bayesian)_(SMEAR=Smear)_(Q2_y_Bin_8)_(z_pT_Bin_34)_(MultiDim_z_pT_Bin_Y_bin_phi_t)[0m (Histo Num 43796)
Fitting for: [1m(MultiDim_3D_Histo)_(BC_RC_Bayesian)_(SMEAR=Smear)_(Q2_y_Bin_9)_(z_pT_Bin_1)_(MultiDim_z_pT_Bin_Y_bin_phi_t)[0m (Histo Num 43797)
Fitting for: [1m(MultiDim_3D_Histo)_(BC_RC_Bayesian)_(SMEAR=Smear)_(Q2_y_Bin_9)_(z_pT_Bin_2)_(MultiDim_z_pT_Bin_Y_bin_phi_t)[0m (Histo Num 43798)
Fitting for: [1m(MultiDim_3D_Histo)_(BC_RC_Bayesian)_(SMEAR=Smear)_(Q2_y_Bin_9)_(z_pT_Bin_3)_(MultiDim_z_pT_Bin_Y_bin_phi_t)[0m (Histo Num 43799)
Fitting for: [1m(MultiDim_3D_Histo)_(BC_RC_Bayesian)_(SMEAR=Smear)_(Q2_y_Bin_9)_(z_pT_Bin_4)_(MultiDim_z_pT_Bin_Y_bin_phi_t)[0m (Histo Num 43800)
Fitting for: [1m(MultiDim_3D_Histo)_(BC_RC_Bayesian)_(SMEAR=Smear)_(Q2_y_Bin_9)_(z_pT_Bin_5)_(MultiDim_z_pT_Bin_Y_bin_phi_t)[0m (Histo Num 43801)
Fitting for: [1m(MultiDim_3D_Histo)_(BC_RC_Bayesian)_(SMEAR=Smear)_(Q2_y_Bin_9)_(z_pT_Bin_6)_(MultiDim_z_pT_Bin_Y_bin_phi_t)[0m (Histo Num 43802)
Fitting for: [1m(MultiDim_3D_Histo)_(BC_RC_Bayesian)_(SMEAR=Smear)_(Q2_y_Bin_9)_(z_pT_Bin_7)_(MultiDim_z_pT_Bin_Y_bin_phi_t)[0m (Histo Num 43803)
Fitting for: [1m(MultiDim_3D_Histo)_(BC_RC_Bayesian)_(SMEAR=Smear)_(Q2_y_Bin_9)_(z_pT_Bin_8)_(MultiDim_z_pT_Bin_Y_bin_phi_t)[0m (Histo Num 43804)
Fitting for: [1m(MultiDim_3D_Histo)_(BC_RC_Bayesian)_(SMEAR=Smear)_(Q2_y_Bin_9)_(z_pT_Bin_9)_(MultiDim_z_pT_Bin_Y_bin_phi_t)[0m (Histo Num 43805)
Fitting for: [1m(MultiDim_3D_Histo)_(BC_RC_Bayesian)_(SMEAR=Smear)_(Q2_y_Bin_9)_(z_pT_Bin_10)_(MultiDim_z_pT_Bin_Y_bin_phi_t)[0m (Histo Num 43806)
Fitting for: [1m(MultiDim_3D_Histo)_(BC_RC_Bayesian)_(SMEAR=Smear)_(Q2_y_Bin_9)_(z_pT_Bin_11)_(MultiDim_z_pT_Bin_Y_bin_phi_t)[0m (Histo Num 43807)
Fitting for: [1m(MultiDim_3D_Histo)_(BC_RC_Bayesian)_(SMEAR=Smear)_(Q2_y_Bin_9)_(z_pT_Bin_12)_(MultiDim_z_pT_Bin_Y_bin_phi_t)[0m (Histo Num 43808)
Fitting for: [1m(MultiDim_3D_Histo)_(BC_RC_Bayesian)_(SMEAR=Smear)_(Q2_y_Bin_9)_(z_pT_Bin_13)_(MultiDim_z_pT_Bin_Y_bin_phi_t)[0m (Histo Num 43809)
Fitting for: [1m(MultiDim_3D_Histo)_(BC_RC_Bayesian)_(SMEAR=Smear)_(Q2_y_Bin_9)_(z_pT_Bin_14)_(MultiDim_z_pT_Bin_Y_bin_phi_t)[0m (Histo Num 43810)
Fitting for: [1m(MultiDim_3D_Histo)_(BC_RC_Bayesian)_(SMEAR=Smear)_(Q2_y_Bin_9)_(z_pT_Bin_15)_(MultiDim_z_pT_Bin_Y_bin_phi_t)[0m (Histo Num 43811)
Fitting for: [1m(MultiDim_3D_Histo)_(BC_RC_Bayesian)_(SMEAR=Smear)_(Q2_y_Bin_9)_(z_pT_Bin_16)_(MultiDim_z_pT_Bin_Y_bin_phi_t)[0m (Histo Num 43812)
Fitting for: [1m(MultiDim_3D_Histo)_(BC_RC_Bayesian)_(SMEAR=Smear)_(Q2_y_Bin_9)_(z_pT_Bin_17)_(MultiDim_z_pT_Bin_Y_bin_phi_t)[0m (Histo Num 43813)
Fitting for: [1m(MultiDim_3D_Histo)_(BC_RC_Bayesian)_(SMEAR=Smear)_(Q2_y_Bin_9)_(z_pT_Bin_18)_(MultiDim_z_pT_Bin_Y_bin_phi_t)[0m (Histo Num 43814)
Fitting for: [1m(MultiDim_3D_Histo)_(BC_RC_Bayesian)_(SMEAR=Smear)_(Q2_y_Bin_9)_(z_pT_Bin_19)_(MultiDim_z_pT_Bin_Y_bin_phi_t)[0m (Histo Num 43815)
Fitting for: [1m(MultiDim_3D_Histo)_(BC_RC_Bayesian)_(SMEAR=Smear)_(Q2_y_Bin_9)_(z_pT_Bin_20)_(MultiDim_z_pT_Bin_Y_bin_phi_t)[0m (Histo Num 43816)
Fitting for: [1m(MultiDim_3D_Histo)_(BC_RC_Bayesian)_(SMEAR=Smear)_(Q2_y_Bin_9)_(z_pT_Bin_22)_(MultiDim_z_pT_Bin_Y_bin_phi_t)[0m (Histo Num 43817)
Fitting for: [1m(MultiDim_3D_Histo)_(BC_RC_Bayesian)_(SMEAR=Smear)_(Q2_y_Bin_9)_(z_pT_Bin_23)_(MultiDim_z_pT_Bin_Y_bin_phi_t)[0m (Histo Num 43818)
Fitting for: [1m(MultiDim_3D_Histo)_(BC_RC_Bayesian)_(SMEAR=Smear)_(Q2_y_Bin_9)_(z_pT_Bin_24)_(MultiDim_z_pT_Bin_Y_bin_phi_t)[0m (Histo Num 43819)
Fitting for: [1m(MultiDim_3D_Histo)_(BC_RC_Bayesian)_(SMEAR=Smear)_(Q2_y_Bin_9)_(z_pT_Bin_25)_(MultiDim_z_pT_Bin_Y_bin_phi_t)[0m (Histo Num 43820)
Fitting for: [1m(MultiDim_3D_Histo)_(BC_RC_Bayesian)_(SMEAR=Smear)_(Q2_y_Bin_9)_(z_pT_Bin_26)_(MultiDim_z_pT_Bin_Y_bin_phi_t)[0m (Histo Num 43821)
Fitting for: [1m(MultiDim_3D_Histo)_(BC_RC_Bayesian)_(SMEAR=Smear)_(Q2_y_Bin_9)_(z_pT_Bin_29)_(MultiDim_z_pT_Bin_Y_bin_phi_t)[0m (Histo Num 43822)
Fitting for: [1m(MultiDim_3D_Histo)_(BC_RC_Bayesian)_(SMEAR=Smear)_(Q2_y_Bin_9)_(z_pT_Bin_30)_(MultiDim_z_pT_Bin_Y_bin_phi_t)[0m (Histo Num 43823)
Fitting for: [1m(MultiDim_3D_Histo)_(BC_RC_Bayesian)_(SMEAR=Smear)_(Q2_y_Bin_9)_(z_pT_Bin_31)_(MultiDim_z_pT_Bin_Y_bin_phi_t)[0m (Histo Num 43824)
Fitting for: [1m(MultiDim_3D_Histo)_(BC_RC_Bayesian)_(SMEAR=Smear)_(Q2_y_Bin_9)_(z_pT_Bin_32)_(MultiDim_z_pT_Bin_Y_bin_phi_t)[0m (Histo Num 43825)
Fitting for: [1m(MultiDim_3D_Histo)_(BC_RC_Bayesian)_(SMEAR=Smear)_(Q2_y_Bin_10)_(z_pT_Bin_1)_(MultiDim_z_pT_Bin_Y_bin_phi_t)[0m (Histo Num 43826)
Fitting for: [1m(MultiDim_3D_Histo)_(BC_RC_Bayesian)_(SMEAR=Smear)_(Q2_y_Bin_10)_(z_pT_Bin_2)_(MultiDim_z_pT_Bin_Y_bin_phi_t)[0m (Histo Num 43827)
Fitting for: [1m(MultiDim_3D_Histo)_(BC_RC_Bayesian)_(SMEAR=Smear)_(Q2_y_Bin_10)_(z_pT_Bin_3)_(MultiDim_z_pT_Bin_Y_bin_phi_t)[0m (Histo Num 43828)
Fitting for: [1m(MultiDim_3D_Histo)_(BC_RC_Bayesian)_(SMEAR=Smear)_(Q2_y_Bin_10)_(z_pT_Bin_4)_(MultiDim_z_pT_Bin_Y_bin_phi_t)[0m (Histo Num 43829)
Fitting for: [1m(MultiDim_3D_Histo)_(BC_RC_Bayesian)_(SMEAR=Smear)_(Q2_y_Bin_10)_(z_pT_Bin_5)_(MultiDim_z_pT_Bin_Y_bin_phi_t)[0m (Histo Num 43830)
Fitting for: [1m(MultiDim_3D_Histo)_(BC_RC_Bayesian)_(SMEAR=Smear)_(Q2_y_Bin_10)_(z_pT_Bin_6)_(MultiDim_z_pT_Bin_Y_bin_phi_t)[0m (Histo Num 43831)
Fitting for: [1m(MultiDim_3D_Histo)_(BC_RC_Bayesian)_(SMEAR=Smear)_(Q2_y_Bin_10)_(z_pT_Bin_7)_(MultiDim_z_pT_Bin_Y_bin_phi_t)[0m (Histo Num 43832)
Fitting for: [1m(MultiDim_3D_Histo)_(BC_RC_Bayesian)_(SMEAR=Smear)_(Q2_y_Bin_10)_(z_pT_Bin_8)_(MultiDim_z_pT_Bin_Y_bin_phi_t)[0m (Histo Num 43833)
Fitting for: [1m(MultiDim_3D_Histo)_(BC_RC_Bayesian)_(SMEAR=Smear)_(Q2_y_Bin_10)_(z_pT_Bin_9)_(MultiDim_z_pT_Bin_Y_bin_phi_t)[0m (Histo Num 43834)
Fitting for: [1m(MultiDim_3D_Histo)_(BC_RC_Bayesian)_(SMEAR=Smear)_(Q2_y_Bin_10)_(z_pT_Bin_10)_(MultiDim_z_pT_Bin_Y_bin_phi_t)[0m (Histo Num 43835)
Fitting for: [1m(MultiDim_3D_Histo)_(BC_RC_Bayesian)_(SMEAR=Smear)_(Q2_y_Bin_10)_(z_pT_Bin_11)_(MultiDim_z_pT_Bin_Y_bin_phi_t)[0m (Histo Num 43836)
Fitting for: [1m(MultiDim_3D_Histo)_(BC_RC_Bayesian)_(SMEAR=Smear)_(Q2_y_Bin_10)_(z_pT_Bin_12)_(MultiDim_z_pT_Bin_Y_bin_phi_t)[0m (Histo Num 43837)
Fitting for: [1m(MultiDim_3D_Histo)_(BC_RC_Bayesian)_(SMEAR=Smear)_(Q2_y_Bin_10)_(z_pT_Bin_13)_(MultiDim_z_pT_Bin_Y_bin_phi_t)[0m (Histo Num 43838)
Fitting for: [1m(MultiDim_3D_Histo)_(BC_RC_Bayesian)_(SMEAR=Smear)_(Q2_y_Bin_10)_(z_pT_Bin_14)_(MultiDim_z_pT_Bin_Y_bin_phi_t)[0m (Histo Num 43839)
Fitting for: [1m(MultiDim_3D_Histo)_(BC_RC_Bayesian)_(SMEAR=Smear)_(Q2_y_Bin_10)_(z_pT_Bin_15)_(MultiDim_z_pT_Bin_Y_bin_phi_t)[0m (Histo Num 43840)
Fitting for: [1m(MultiDim_3D_Histo)_(BC_RC_Bayesian)_(SMEAR=Smear)_(Q2_y_Bin_10)_(z_pT_Bin_16)_(MultiDim_z_pT_Bin_Y_bin_phi_t)[0m (Histo Num 43841)
Fitting for: [1m(MultiDim_3D_Histo)_(BC_RC_Bayesian)_(SMEAR=Smear)_(Q2_y_Bin_10)_(z_pT_Bin_17)_(MultiDim_z_pT_Bin_Y_bin_phi_t)[0m (Histo Num 43842)
Fitting for: [1m(MultiDim_3D_Histo)_(BC_RC_Bayesian)_(SMEAR=Smear)_(Q2_y_Bin_10)_(z_pT_Bin_18)_(MultiDim_z_pT_Bin_Y_bin_phi_t)[0m (Histo Num 43843)
Fitting for: [1m(MultiDim_3D_Histo)_(BC_RC_Bayesian)_(SMEAR=Smear)_(Q2_y_Bin_10)_(z_pT_Bin_19)_(MultiDim_z_pT_Bin_Y_bin_phi_t)[0m (Histo Num 43844)
Fitting for: [1m(MultiDim_3D_Histo)_(BC_RC_Bayesian)_(SMEAR=Smear)_(Q2_y_Bin_10)_(z_pT_Bin_20)_(MultiDim_z_pT_Bin_Y_bin_phi_t)[0m (Histo Num 43845)
Fitting for: [1m(MultiDim_3D_Histo)_(BC_RC_Bayesian)_(SMEAR=Smear)_(Q2_y_Bin_10)_(z_pT_Bin_21)_(MultiDim_z_pT_Bin_Y_bin_phi_t)[0m (Histo Num 43846)
Fitting for: [1m(MultiDim_3D_Histo)_(BC_RC_Bayesian)_(SMEAR=Smear)_(Q2_y_Bin_10)_(z_pT_Bin_22)_(MultiDim_z_pT_Bin_Y_bin_phi_t)[0m (Histo Num 43847)
Fitting for: [1m(MultiDim_3D_Histo)_(BC_RC_Bayesian)_(SMEAR=Smear)_(Q2_y_Bin_10)_(z_pT_Bin_23)_(MultiDim_z_pT_Bin_Y_bin_phi_t)[0m (Histo Num 43848)
Fitting for: [1m(MultiDim_3D_Histo)_(BC_RC_Bayesian)_(SMEAR=Smear)_(Q2_y_Bin_10)_(z_pT_Bin_25)_(MultiDim_z_pT_Bin_Y_bin_phi_t)[0m (Histo Num 43849)
Fitting for: [1m(MultiDim_3D_Histo)_(BC_RC_Bayesian)_(SMEAR=Smear)_(Q2_y_Bin_10)_(z_pT_Bin_26)_(MultiDim_z_pT_Bin_Y_bin_phi_t)[0m (Histo Num 43850)
Fitting for: [1m(MultiDim_3D_Histo)_(BC_RC_Bayesian)_(SMEAR=Smear)_(Q2_y_Bin_10)_(z_pT_Bin_27)_(MultiDim_z_pT_Bin_Y_bin_phi_t)[0m (Histo Num 43851)
Fitting for: [1m(MultiDim_3D_Histo)_(BC_RC_Bayesian)_(SMEAR=Smear)_(Q2_y_Bin_10)_(z_pT_Bin_28)_(MultiDim_z_pT_Bin_Y_bin_phi_t)[0m (Histo Num 43852)
Fitting for: [1m(MultiDim_3D_Histo)_(BC_RC_Bayesian)_(SMEAR=Smear)_(Q2_y_Bin_10)_(z_pT_Bin_29)_(MultiDim_z_pT_Bin_Y_bin_phi_t)[0m (Histo Num 43853)
Fitting for: [1m(MultiDim_3D_Histo)_(BC_RC_Bayesian)_(SMEAR=Smear)_(Q2_y_Bin_10)_(z_pT_Bin_31)_(MultiDim_z_pT_Bin_Y_bin_phi_t)[0m (Histo Num 43854)
Fitting for: [1m(MultiDim_3D_Histo)_(BC_RC_Bayesian)_(SMEAR=Smear)_(Q2_y_Bin_10)_(z_pT_Bin_32)_(MultiDim_z_pT_Bin_Y_bin_phi_t)[0m (Histo Num 43855)
Fitting for: [1m(MultiDim_3D_Histo)_(BC_RC_Bayesian)_(SMEAR=Smear)_(Q2_y_Bin_10)_(z_pT_Bin_33)_(MultiDim_z_pT_Bin_Y_bin_phi_t)[0m (Histo Num 43856)
Fitting for: [1m(MultiDim_3D_Histo)_(BC_RC_Bayesian)_(SMEAR=Smear)_(Q2_y_Bin_10)_(z_pT_Bin_34)_(MultiDim_z_pT_Bin_Y_bin_phi_t)[0m (Histo Num 43857)
Fitting for: [1m(MultiDim_3D_Histo)_(BC_RC_Bayesian)_(SMEAR=Smear)_(Q2_y_Bin_11)_(z_pT_Bin_1)_(MultiDim_z_pT_Bin_Y_bin_phi_t)[0m (Histo Num 43858)
Fitting for: [1m(MultiDim_3D_Histo)_(BC_RC_Bayesian)_(SMEAR=Smear)_(Q2_y_Bin_11)_(z_pT_Bin_2)_(MultiDim_z_pT_Bin_Y_bin_phi_t)[0m (Histo Num 43859)
Fitting for: [1m(MultiDim_3D_Histo)_(BC_RC_Bayesian)_(SMEAR=Smear)_(Q2_y_Bin_11)_(z_pT_Bin_3)_(MultiDim_z_pT_Bin_Y_bin_phi_t)[0m (Histo Num 43860)
Fitting for: [1m(MultiDim_3D_Histo)_(BC_RC_Bayesian)_(SMEAR=Smear)_(Q2_y_Bin_11)_(z_pT_Bin_4)_(MultiDim_z_pT_Bin_Y_bin_phi_t)[0m (Histo Num 43861)
Fitting for: [1m(MultiDim_3D_Histo)_(BC_RC_Bayesian)_(SMEAR=Smear)_(Q2_y_Bin_11)_(z_pT_Bin_6)_(MultiDim_z_pT_Bin_Y_bin_phi_t)[0m (Histo Num 43862)
Fitting for: [1m(MultiDim_3D_Histo)_(BC_RC_Bayesian)_(SMEAR=Smear)_(Q2_y_Bin_11)_(z_pT_Bin_7)_(MultiDim_z_pT_Bin_Y_bin_phi_t)[0m (Histo Num 43863)
Fitting for: [1m(MultiDim_3D_Histo)_(BC_RC_Bayesian)_(SMEAR=Smear)_(Q2_y_Bin_11)_(z_pT_Bin_8)_(MultiDim_z_pT_Bin_Y_bin_phi_t)[0m (Histo Num 43864)
Fitting for: [1m(MultiDim_3D_Histo)_(BC_RC_Bayesian)_(SMEAR=Smear)_(Q2_y_Bin_11)_(z_pT_Bin_9)_(MultiDim_z_pT_Bin_Y_bin_phi_t)[0m (Histo Num 43865)
Fitting for: [1m(MultiDim_3D_Histo)_(BC_RC_Bayesian)_(SMEAR=Smear)_(Q2_y_Bin_11)_(z_pT_Bin_10)_(MultiDim_z_pT_Bin_Y_bin_phi_t)[0m (Histo Num 43866)
Fitting for: [1m(MultiDim_3D_Histo)_(BC_RC_Bayesian)_(SMEAR=Smear)_(Q2_y_Bin_11)_(z_pT_Bin_11)_(MultiDim_z_pT_Bin_Y_bin_phi_t)[0m (Histo Num 43867)
Fitting for: [1m(MultiDim_3D_Histo)_(BC_RC_Bayesian)_(SMEAR=Smear)_(Q2_y_Bin_11)_(z_pT_Bin_12)_(MultiDim_z_pT_Bin_Y_bin_phi_t)[0m (Histo Num 43868)
Fitting for: [1m(MultiDim_3D_Histo)_(BC_RC_Bayesian)_(SMEAR=Smear)_(Q2_y_Bin_11)_(z_pT_Bin_13)_(MultiDim_z_pT_Bin_Y_bin_phi_t)[0m (Histo Num 43869)
Fitting for: [1m(MultiDim_3D_Histo)_(BC_RC_Bayesian)_(SMEAR=Smear)_(Q2_y_Bin_11)_(z_pT_Bin_14)_(MultiDim_z_pT_Bin_Y_bin_phi_t)[0m (Histo Num 43870)
Fitting for: [1m(MultiDim_3D_Histo)_(BC_RC_Bayesian)_(SMEAR=Smear)_(Q2_y_Bin_11)_(z_pT_Bin_15)_(MultiDim_z_pT_Bin_Y_bin_phi_t)[0m (Histo Num 43871)
Fitting for: [1m(MultiDim_3D_Histo)_(BC_RC_Bayesian)_(SMEAR=Smear)_(Q2_y_Bin_11)_(z_pT_Bin_16)_(MultiDim_z_pT_Bin_Y_bin_phi_t)[0m (Histo Num 43872)
Fitting for: [1m(MultiDim_3D_Histo)_(BC_RC_Bayesian)_(SMEAR=Smear)_(Q2_y_Bin_11)_(z_pT_Bin_17)_(MultiDim_z_pT_Bin_Y_bin_phi_t)[0m (Histo Num 43873)
Fitting for: [1m(MultiDim_3D_Histo)_(BC_RC_Bayesian)_(SMEAR=Smear)_(Q2_y_Bin_11)_(z_pT_Bin_18)_(MultiDim_z_pT_Bin_Y_bin_phi_t)[0m (Histo Num 43874)
Fitting for: [1m(MultiDim_3D_Histo)_(BC_RC_Bayesian)_(SMEAR=Smear)_(Q2_y_Bin_11)_(z_pT_Bin_19)_(MultiDim_z_pT_Bin_Y_bin_phi_t)[0m (Histo Num 43875)
Fitting for: [1m(MultiDim_3D_Histo)_(BC_RC_Bayesian)_(SMEAR=Smear)_(Q2_y_Bin_11)_(z_pT_Bin_20)_(MultiDim_z_pT_Bin_Y_bin_phi_t)[0m (Histo Num 43876)
Fitting for: [1m(MultiDim_3D_Histo)_(BC_RC_Bayesian)_(SMEAR=Smear)_(Q2_y_Bin_11)_(z_pT_Bin_21)_(MultiDim_z_pT_Bin_Y_bin_phi_t)[0m (Histo Num 43877)
Fitting for: [1m(MultiDim_3D_Histo)_(BC_RC_Bayesian)_(SMEAR=Smear)_(Q2_y_Bin_11)_(z_pT_Bin_22)_(MultiDim_z_pT_Bin_Y_bin_phi_t)[0m (Histo Num 43878)
Fitting for: [1m(MultiDim_3D_Histo)_(BC_RC_Bayesian)_(SMEAR=Smear)_(Q2_y_Bin_11)_(z_pT_Bin_23)_(MultiDim_z_pT_Bin_Y_bin_phi_t)[0m (Histo Num 43879)
Fitting for: [1m(MultiDim_3D_Histo)_(BC_RC_Bayesian)_(SMEAR=Smear)_(Q2_y_Bin_11)_(z_pT_Bin_24)_(MultiDim_z_pT_Bin_Y_bin_phi_t)[0m (Histo Num 43880)
Fitting for: [1m(MultiDim_3D_Histo)_(BC_RC_Bayesian)_(SMEAR=Smear)_(Q2_y_Bin_12)_(z_pT_Bin_6)_(MultiDim_z_pT_Bin_Y_bin_phi_t)[0m (Histo Num 43881)
Fitting for: [1m(MultiDim_3D_Histo)_(BC_RC_Bayesian)_(SMEAR=Smear)_(Q2_y_Bin_12)_(z_pT_Bin_7)_(MultiDim_z_pT_Bin_Y_bin_phi_t)[0m (Histo Num 43882)
Fitting for: [1m(MultiDim_3D_Histo)_(BC_RC_Bayesian)_(SMEAR=Smear)_(Q2_y_Bin_12)_(z_pT_Bin_8)_(MultiDim_z_pT_Bin_Y_bin_phi_t)[0m (Histo Num 43883)
Fitting for: [1m(MultiDim_3D_Histo)_(BC_RC_Bayesian)_(SMEAR=Smear)_(Q2_y_Bin_12)_(z_pT_Bin_9)_(MultiDim_z_pT_Bin_Y_bin_phi_t)[0m (Histo Num 43884)
Fitting for: [1m(MultiDim_3D_Histo)_(BC_RC_Bayesian)_(SMEAR=Smear)_(Q2_y_Bin_12)_(z_pT_Bin_10)_(MultiDim_z_pT_Bin_Y_bin_phi_t)[0m (Histo Num 43885)
Fitting for: [1m(MultiDim_3D_Histo)_(BC_RC_Bayesian)_(SMEAR=Smear)_(Q2_y_Bin_12)_(z_pT_Bin_11)_(MultiDim_z_pT_Bin_Y_bin_phi_t)[0m (Histo Num 43886)
Fitting for: [1m(MultiDim_3D_Histo)_(BC_RC_Bayesian)_(SMEAR=Smear)_(Q2_y_Bin_12)_(z_pT_Bin_12)_(MultiDim_z_pT_Bin_Y_bin_phi_t)[0m (Histo Num 43887)
Fitting for: [1m(MultiDim_3D_Histo)_(BC_RC_Bayesian)_(SMEAR=Smear)_(Q2_y_Bin_12)_(z_pT_Bin_13)_(MultiDim_z_pT_Bin_Y_bin_phi_t)[0m (Histo Num 43888)
Fitting for: [1m(MultiDim_3D_Histo)_(BC_RC_Bayesian)_(SMEAR=Smear)_(Q2_y_Bin_12)_(z_pT_Bin_14)_(MultiDim_z_pT_Bin_Y_bin_phi_t)[0m (Histo Num 43889)
Fitting for: [1m(MultiDim_3D_Histo)_(BC_RC_Bayesian)_(SMEAR=Smear)_(Q2_y_Bin_12)_(z_pT_Bin_15)_(MultiDim_z_pT_Bin_Y_bin_phi_t)[0m (Histo Num 43890)
Fitting for: [1m(MultiDim_3D_Histo)_(BC_RC_Bayesian)_(SMEAR=Smear)_(Q2_y_Bin_12)_(z_pT_Bin_16)_(MultiDim_z_pT_Bin_Y_bin_phi_t)[0m (Histo Num 43891)
Fitting for: [1m(MultiDim_3D_Histo)_(BC_RC_Bayesian)_(SMEAR=Smear)_(Q2_y_Bin_12)_(z_pT_Bin_17)_(MultiDim_z_pT_Bin_Y_bin_phi_t)[0m (Histo Num 43892)
Fitting for: [1m(MultiDim_3D_Histo)_(BC_RC_Bayesian)_(SMEAR=Smear)_(Q2_y_Bin_12)_(z_pT_Bin_18)_(MultiDim_z_pT_Bin_Y_bin_phi_t)[0m (Histo Num 43893)
Fitting for: [1m(MultiDim_3D_Histo)_(BC_RC_Bayesian)_(SMEAR=Smear)_(Q2_y_Bin_12)_(z_pT_Bin_19)_(MultiDim_z_pT_Bin_Y_bin_phi_t)[0m (Histo Num 43894)
Fitting for: [1m(MultiDim_3D_Histo)_(BC_RC_Bayesian)_(SMEAR=Smear)_(Q2_y_Bin_12)_(z_pT_Bin_20)_(MultiDim_z_pT_Bin_Y_bin_phi_t)[0m (Histo Num 43895)
Fitting for: [1m(MultiDim_3D_Histo)_(BC_RC_Bayesian)_(SMEAR=Smear)_(Q2_y_Bin_12)_(z_pT_Bin_21)_(MultiDim_z_pT_Bin_Y_bin_phi_t)[0m (Histo Num 43896)
Fitting for: [1m(MultiDim_3D_Histo)_(BC_RC_Bayesian)_(SMEAR=Smear)_(Q2_y_Bin_12)_(z_pT_Bin_22)_(MultiDim_z_pT_Bin_Y_bin_phi_t)[0m (Histo Num 43897)
Fitting for: [1m(MultiDim_3D_Histo)_(BC_RC_Bayesian)_(SMEAR=Smear)_(Q2_y_Bin_12)_(z_pT_Bin_23)_(MultiDim_z_pT_Bin_Y_bin_phi_t)[0m (Histo Num 43898)
Fitting for: [1m(MultiDim_3D_Histo)_(BC_RC_Bayesian)_(SMEAR=Smear)_(Q2_y_Bin_12)_(z_pT_Bin_24)_(MultiDim_z_pT_Bin_Y_bin_phi_t)[0m (Histo Num 43899)
Fitting for: [1m(MultiDim_3D_Histo)_(BC_RC_Bayesian)_(SMEAR=Smear)_(Q2_y_Bin_13)_(z_pT_Bin_1)_(MultiDim_z_pT_Bin_Y_bin_phi_t)[0m (Histo Num 43900)
Fitting for: [1m(MultiDim_3D_Histo)_(BC_RC_Bayesian)_(SMEAR=Smear)_(Q2_y_Bin_13)_(z_pT_Bin_2)_(MultiDim_z_pT_Bin_Y_bin_phi_t)[0m (Histo Num 43901)
Fitting for: [1m(MultiDim_3D_Histo)_(BC_RC_Bayesian)_(SMEAR=Smear)_(Q2_y_Bin_13)_(z_pT_Bin_3)_(MultiDim_z_pT_Bin_Y_bin_phi_t)[0m (Histo Num 43902)
Fitting for: [1m(MultiDim_3D_Histo)_(BC_RC_Bayesian)_(SMEAR=Smear)_(Q2_y_Bin_13)_(z_pT_Bin_4)_(MultiDim_z_pT_Bin_Y_bin_phi_t)[0m (Histo Num 43903)
Fitting for: [1m(MultiDim_3D_Histo)_(BC_RC_Bayesian)_(SMEAR=Smear)_(Q2_y_Bin_13)_(z_pT_Bin_5)_(MultiDim_z_pT_Bin_Y_bin_phi_t)[0m (Histo Num 43904)
Fitting for: [1m(MultiDim_3D_Histo)_(BC_RC_Bayesian)_(SMEAR=Smear)_(Q2_y_Bin_13)_(z_pT_Bin_6)_(MultiDim_z_pT_Bin_Y_bin_phi_t)[0m (Histo Num 43905)
Fitting for: [1m(MultiDim_3D_Histo)_(BC_RC_Bayesian)_(SMEAR=Smear)_(Q2_y_Bin_13)_(z_pT_Bin_7)_(MultiDim_z_pT_Bin_Y_bin_phi_t)[0m (Histo Num 43906)
Fitting for: [1m(MultiDim_3D_Histo)_(BC_RC_Bayesian)_(SMEAR=Smear)_(Q2_y_Bin_13)_(z_pT_Bin_8)_(MultiDim_z_pT_Bin_Y_bin_phi_t)[0m (Histo Num 43907)
Fitting for: [1m(MultiDim_3D_Histo)_(BC_RC_Bayesian)_(SMEAR=Smear)_(Q2_y_Bin_13)_(z_pT_Bin_9)_(MultiDim_z_pT_Bin_Y_bin_phi_t)[0m (Histo Num 43908)
Fitting for: [1m(MultiDim_3D_Histo)_(BC_RC_Bayesian)_(SMEAR=Smear)_(Q2_y_Bin_13)_(z_pT_Bin_10)_(MultiDim_z_pT_Bin_Y_bin_phi_t)[0m (Histo Num 43909)
Fitting for: [1m(MultiDim_3D_Histo)_(BC_RC_Bayesian)_(SMEAR=Smear)_(Q2_y_Bin_13)_(z_pT_Bin_11)_(MultiDim_z_pT_Bin_Y_bin_phi_t)[0m (Histo Num 43910)
Fitting for: [1m(MultiDim_3D_Histo)_(BC_RC_Bayesian)_(SMEAR=Smear)_(Q2_y_Bin_13)_(z_pT_Bin_12)_(MultiDim_z_pT_Bin_Y_bin_phi_t)[0m (Histo Num 43911)
Fitting for: [1m(MultiDim_3D_Histo)_(BC_RC_Bayesian)_(SMEAR=Smear)_(Q2_y_Bin_13)_(z_pT_Bin_13)_(MultiDim_z_pT_Bin_Y_bin_phi_t)[0m (Histo Num 43912)
Fitting for: [1m(MultiDim_3D_Histo)_(BC_RC_Bayesian)_(SMEAR=Smear)_(Q2_y_Bin_13)_(z_pT_Bin_14)_(MultiDim_z_pT_Bin_Y_bin_phi_t)[0m (Histo Num 43913)
Fitting for: [1m(MultiDim_3D_Histo)_(BC_RC_Bayesian)_(SMEAR=Smear)_(Q2_y_Bin_13)_(z_pT_Bin_15)_(MultiDim_z_pT_Bin_Y_bin_phi_t)[0m (Histo Num 43914)
Fitting for: [1m(MultiDim_3D_Histo)_(BC_RC_Bayesian)_(SMEAR=Smear)_(Q2_y_Bin_13)_(z_pT_Bin_16)_(MultiDim_z_pT_Bin_Y_bin_phi_t)[0m (Histo Num 43915)
Fitting for: [1m(MultiDim_3D_Histo)_(BC_RC_Bayesian)_(SMEAR=Smear)_(Q2_y_Bin_13)_(z_pT_Bin_17)_(MultiDim_z_pT_Bin_Y_bin_phi_t)[0m (Histo Num 43916)
Fitting for: [1m(MultiDim_3D_Histo)_(BC_RC_Bayesian)_(SMEAR=Smear)_(Q2_y_Bin_13)_(z_pT_Bin_18)_(MultiDim_z_pT_Bin_Y_bin_phi_t)[0m (Histo Num 43917)
Fitting for: [1m(MultiDim_3D_Histo)_(BC_RC_Bayesian)_(SMEAR=Smear)_(Q2_y_Bin_13)_(z_pT_Bin_19)_(MultiDim_z_pT_Bin_Y_bin_phi_t)[0m (Histo Num 43918)
Fitting for: [1m(MultiDim_3D_Histo)_(BC_RC_Bayesian)_(SMEAR=Smear)_(Q2_y_Bin_13)_(z_pT_Bin_21)_(MultiDim_z_pT_Bin_Y_bin_phi_t)[0m (Histo Num 43919)
Fitting for: [1m(MultiDim_3D_Histo)_(BC_RC_Bayesian)_(SMEAR=Smear)_(Q2_y_Bin_13)_(z_pT_Bin_22)_(MultiDim_z_pT_Bin_Y_bin_phi_t)[0m (Histo Num 43920)
Fitting for: [1m(MultiDim_3D_Histo)_(BC_RC_Bayesian)_(SMEAR=Smear)_(Q2_y_Bin_13)_(z_pT_Bin_23)_(MultiDim_z_pT_Bin_Y_bin_phi_t)[0m (Histo Num 43921)
Fitting for: [1m(MultiDim_3D_Histo)_(BC_RC_Bayesian)_(SMEAR=Smear)_(Q2_y_Bin_13)_(z_pT_Bin_24)_(MultiDim_z_pT_Bin_Y_bin_phi_t)[0m (Histo Num 43922)
Fitting for: [1m(MultiDim_3D_Histo)_(BC_RC_Bayesian)_(SMEAR=Smear)_(Q2_y_Bin_13)_(z_pT_Bin_26)_(MultiDim_z_pT_Bin_Y_bin_phi_t)[0m (Histo Num 43923)
Fitting for: [1m(MultiDim_3D_Histo)_(BC_RC_Bayesian)_(SMEAR=Smear)_(Q2_y_Bin_13)_(z_pT_Bin_27)_(MultiDim_z_pT_Bin_Y_bin_phi_t)[0m (Histo Num 43924)
Fitting for: [1m(MultiDim_3D_Histo)_(BC_RC_Bayesian)_(SMEAR=Smear)_(Q2_y_Bin_13)_(z_pT_Bin_28)_(MultiDim_z_pT_Bin_Y_bin_phi_t)[0m (Histo Num 43925)
Fitting for: [1m(MultiDim_3D_Histo)_(BC_RC_Bayesian)_(SMEAR=Smear)_(Q2_y_Bin_14)_(z_pT_Bin_1)_(MultiDim_z_pT_Bin_Y_bin_phi_t)[0m (Histo Num 43926)
Fitting for: [1m(MultiDim_3D_Histo)_(BC_RC_Bayesian)_(SMEAR=Smear)_(Q2_y_Bin_14)_(z_pT_Bin_2)_(MultiDim_z_pT_Bin_Y_bin_phi_t)[0m (Histo Num 43927)
Fitting for: [1m(MultiDim_3D_Histo)_(BC_RC_Bayesian)_(SMEAR=Smear)_(Q2_y_Bin_14)_(z_pT_Bin_3)_(MultiDim_z_pT_Bin_Y_bin_phi_t)[0m (Histo Num 43928)
Fitting for: [1m(MultiDim_3D_Histo)_(BC_RC_Bayesian)_(SMEAR=Smear)_(Q2_y_Bin_14)_(z_pT_Bin_4)_(MultiDim_z_pT_Bin_Y_bin_phi_t)[0m (Histo Num 43929)
Fitting for: [1m(MultiDim_3D_Histo)_(BC_RC_Bayesian)_(SMEAR=Smear)_(Q2_y_Bin_14)_(z_pT_Bin_5)_(MultiDim_z_pT_Bin_Y_bin_phi_t)[0m (Histo Num 43930)
Fitting for: [1m(MultiDim_3D_Histo)_(BC_RC_Bayesian)_(SMEAR=Smear)_(Q2_y_Bin_14)_(z_pT_Bin_7)_(MultiDim_z_pT_Bin_Y_bin_phi_t)[0m (Histo Num 43931)
Fitting for: [1m(MultiDim_3D_Histo)_(BC_RC_Bayesian)_(SMEAR=Smear)_(Q2_y_Bin_14)_(z_pT_Bin_8)_(MultiDim_z_pT_Bin_Y_bin_phi_t)[0m (Histo Num 43932)
Fitting for: [1m(MultiDim_3D_Histo)_(BC_RC_Bayesian)_(SMEAR=Smear)_(Q2_y_Bin_14)_(z_pT_Bin_9)_(MultiDim_z_pT_Bin_Y_bin_phi_t)[0m (Histo Num 43933)
Fitting for: [1m(MultiDim_3D_Histo)_(BC_RC_Bayesian)_(SMEAR=Smear)_(Q2_y_Bin_14)_(z_pT_Bin_10)_(MultiDim_z_pT_Bin_Y_bin_phi_t)[0m (Histo Num 43934)
Fitting for: [1m(MultiDim_3D_Histo)_(BC_RC_Bayesian)_(SMEAR=Smear)_(Q2_y_Bin_14)_(z_pT_Bin_11)_(MultiDim_z_pT_Bin_Y_bin_phi_t)[0m (Histo Num 43935)
Fitting for: [1m(MultiDim_3D_Histo)_(BC_RC_Bayesian)_(SMEAR=Smear)_(Q2_y_Bin_14)_(z_pT_Bin_12)_(MultiDim_z_pT_Bin_Y_bin_phi_t)[0m (Histo Num 43936)
Fitting for: [1m(MultiDim_3D_Histo)_(BC_RC_Bayesian)_(SMEAR=Smear)_(Q2_y_Bin_14)_(z_pT_Bin_13)_(MultiDim_z_pT_Bin_Y_bin_phi_t)[0m (Histo Num 43937)
Fitting for: [1m(MultiDim_3D_Histo)_(BC_RC_Bayesian)_(SMEAR=Smear)_(Q2_y_Bin_14)_(z_pT_Bin_14)_(MultiDim_z_pT_Bin_Y_bin_phi_t)[0m (Histo Num 43938)
Fitting for: [1m(MultiDim_3D_Histo)_(BC_RC_Bayesian)_(SMEAR=Smear)_(Q2_y_Bin_14)_(z_pT_Bin_15)_(MultiDim_z_pT_Bin_Y_bin_phi_t)[0m (Histo Num 43939)
Fitting for: [1m(MultiDim_3D_Histo)_(BC_RC_Bayesian)_(SMEAR=Smear)_(Q2_y_Bin_14)_(z_pT_Bin_16)_(MultiDim_z_pT_Bin_Y_bin_phi_t)[0m (Histo Num 43940)
Fitting for: [1m(MultiDim_3D_Histo)_(BC_RC_Bayesian)_(SMEAR=Smear)_(Q2_y_Bin_14)_(z_pT_Bin_17)_(MultiDim_z_pT_Bin_Y_bin_phi_t)[0m (Histo Num 43941)
Fitting for: [1m(MultiDim_3D_Histo)_(BC_RC_Bayesian)_(SMEAR=Smear)_(Q2_y_Bin_14)_(z_pT_Bin_18)_(MultiDim_z_pT_Bin_Y_bin_phi_t)[0m (Histo Num 43942)
Fitting for: [1m(MultiDim_3D_Histo)_(BC_RC_Bayesian)_(SMEAR=Smear)_(Q2_y_Bin_14)_(z_pT_Bin_19)_(MultiDim_z_pT_Bin_Y_bin_phi_t)[0m (Histo Num 43943)
Fitting for: [1m(MultiDim_3D_Histo)_(BC_RC_Bayesian)_(SMEAR=Smear)_(Q2_y_Bin_14)_(z_pT_Bin_20)_(MultiDim_z_pT_Bin_Y_bin_phi_t)[0m (Histo Num 43944)
Fitting for: [1m(MultiDim_3D_Histo)_(BC_RC_Bayesian)_(SMEAR=Smear)_(Q2_y_Bin_14)_(z_pT_Bin_21)_(MultiDim_z_pT_Bin_Y_bin_phi_t)[0m (Histo Num 43945)
Fitting for: [1m(MultiDim_3D_Histo)_(BC_RC_Bayesian)_(SMEAR=Smear)_(Q2_y_Bin_14)_(z_pT_Bin_22)_(MultiDim_z_pT_Bin_Y_bin_phi_t)[0m (Histo Num 43946)
Fitting for: [1m(MultiDim_3D_Histo)_(BC_RC_Bayesian)_(SMEAR=Smear)_(Q2_y_Bin_14)_(z_pT_Bin_23)_(MultiDim_z_pT_Bin_Y_bin_phi_t)[0m (Histo Num 43947)
Fitting for: [1m(MultiDim_3D_Histo)_(BC_RC_Bayesian)_(SMEAR=Smear)_(Q2_y_Bin_14)_(z_pT_Bin_25)_(MultiDim_z_pT_Bin_Y_bin_phi_t)[0m (Histo Num 43948)
Fitting for: [1m(MultiDim_3D_Histo)_(BC_RC_Bayesian)_(SMEAR=Smear)_(Q2_y_Bin_14)_(z_pT_Bin_26)_(MultiDim_z_pT_Bin_Y_bin_phi_t)[0m (Histo Num 43949)
Fitting for: [1m(MultiDim_3D_Histo)_(BC_RC_Bayesian)_(SMEAR=Smear)_(Q2_y_Bin_14)_(z_pT_Bin_27)_(MultiDim_z_pT_Bin_Y_bin_phi_t)[0m (Histo Num 43950)
Fitting for: [1m(MultiDim_3D_Histo)_(BC_RC_Bayesian)_(SMEAR=Smear)_(Q2_y_Bin_14)_(z_pT_Bin_28)_(MultiDim_z_pT_Bin_Y_bin_phi_t)[0m (Histo Num 43951)
Fitting for: [1m(MultiDim_3D_Histo)_(BC_RC_Bayesian)_(SMEAR=Smear)_(Q2_y_Bin_14)_(z_pT_Bin_29)_(MultiDim_z_pT_Bin_Y_bin_phi_t)[0m (Histo Num 43952)
Fitting for: [1m(MultiDim_3D_Histo)_(BC_RC_Bayesian)_(SMEAR=Smear)_(Q2_y_Bin_14)_(z_pT_Bin_31)_(MultiDim_z_pT_Bin_Y_bin_phi_t)[0m (Histo Num 43953)
Fitting for: [1m(MultiDim_3D_Histo)_(BC_RC_Bayesian)_(SMEAR=Smear)_(Q2_y_Bin_14)_(z_pT_Bin_32)_(MultiDim_z_pT_Bin_Y_bin_phi_t)[0m (Histo Num 43954)
Fitting for: [1m(MultiDim_3D_Histo)_(BC_RC_Bayesian)_(SMEAR=Smear)_(Q2_y_Bin_14)_(z_pT_Bin_33)_(MultiDim_z_pT_Bin_Y_bin_phi_t)[0m (Histo Num 43955)
Fitting for: [1m(MultiDim_3D_Histo)_(BC_RC_Bayesian)_(SMEAR=Smear)_(Q2_y_Bin_14)_(z_pT_Bin_34)_(MultiDim_z_pT_Bin_Y_bin_phi_t)[0m (Histo Num 43956)
Fitting for: [1m(MultiDim_3D_Histo)_(BC_RC_Bayesian)_(SMEAR=Smear)_(Q2_y_Bin_15)_(z_pT_Bin_1)_(MultiDim_z_pT_Bin_Y_bin_phi_t)[0m (Histo Num 43957)
Fitting for: [1m(MultiDim_3D_Histo)_(BC_RC_Bayesian)_(SMEAR=Smear)_(Q2_y_Bin_15)_(z_pT_Bin_2)_(MultiDim_z_pT_Bin_Y_bin_phi_t)[0m (Histo Num 43958)
Fitting for: [1m(MultiDim_3D_Histo)_(BC_RC_Bayesian)_(SMEAR=Smear)_(Q2_y_Bin_15)_(z_pT_Bin_3)_(MultiDim_z_pT_Bin_Y_bin_phi_t)[0m (Histo Num 43959)
Fitting for: [1m(MultiDim_3D_Histo)_(BC_RC_Bayesian)_(SMEAR=Smear)_(Q2_y_Bin_15)_(z_pT_Bin_4)_(MultiDim_z_pT_Bin_Y_bin_phi_t)[0m (Histo Num 43960)
Fitting for: [1m(MultiDim_3D_Histo)_(BC_RC_Bayesian)_(SMEAR=Smear)_(Q2_y_Bin_15)_(z_pT_Bin_6)_(MultiDim_z_pT_Bin_Y_bin_phi_t)[0m (Histo Num 43961)
Fitting for: [1m(MultiDim_3D_Histo)_(BC_RC_Bayesian)_(SMEAR=Smear)_(Q2_y_Bin_15)_(z_pT_Bin_7)_(MultiDim_z_pT_Bin_Y_bin_phi_t)[0m (Histo Num 43962)
Fitting for: [1m(MultiDim_3D_Histo)_(BC_RC_Bayesian)_(SMEAR=Smear)_(Q2_y_Bin_15)_(z_pT_Bin_8)_(MultiDim_z_pT_Bin_Y_bin_phi_t)[0m (Histo Num 43963)
Fitting for: [1m(MultiDim_3D_Histo)_(BC_RC_Bayesian)_(SMEAR=Smear)_(Q2_y_Bin_15)_(z_pT_Bin_9)_(MultiDim_z_pT_Bin_Y_bin_phi_t)[0m (Histo Num 43964)
Fitting for: [1m(MultiDim_3D_Histo)_(BC_RC_Bayesian)_(SMEAR=Smear)_(Q2_y_Bin_15)_(z_pT_Bin_10)_(MultiDim_z_pT_Bin_Y_bin_phi_t)[0m (Histo Num 43965)
Fitting for: [1m(MultiDim_3D_Histo)_(BC_RC_Bayesian)_(SMEAR=Smear)_(Q2_y_Bin_15)_(z_pT_Bin_11)_(MultiDim_z_pT_Bin_Y_bin_phi_t)[0m (Histo Num 43966)
Fitting for: [1m(MultiDim_3D_Histo)_(BC_RC_Bayesian)_(SMEAR=Smear)_(Q2_y_Bin_15)_(z_pT_Bin_12)_(MultiDim_z_pT_Bin_Y_bin_phi_t)[0m (Histo Num 43967)
Fitting for: [1m(MultiDim_3D_Histo)_(BC_RC_Bayesian)_(SMEAR=Smear)_(Q2_y_Bin_15)_(z_pT_Bin_13)_(MultiDim_z_pT_Bin_Y_bin_phi_t)[0m (Histo Num 43968)
Fitting for: [1m(MultiDim_3D_Histo)_(BC_RC_Bayesian)_(SMEAR=Smear)_(Q2_y_Bin_15)_(z_pT_Bin_14)_(MultiDim_z_pT_Bin_Y_bin_phi_t)[0m (Histo Num 43969)
Fitting for: [1m(MultiDim_3D_Histo)_(BC_RC_Bayesian)_(SMEAR=Smear)_(Q2_y_Bin_15)_(z_pT_Bin_15)_(MultiDim_z_pT_Bin_Y_bin_phi_t)[0m (Histo Num 43970)
Fitting for: [1m(MultiDim_3D_Histo)_(BC_RC_Bayesian)_(SMEAR=Smear)_(Q2_y_Bin_15)_(z_pT_Bin_16)_(MultiDim_z_pT_Bin_Y_bin_phi_t)[0m (Histo Num 43971)
Fitting for: [1m(MultiDim_3D_Histo)_(BC_RC_Bayesian)_(SMEAR=Smear)_(Q2_y_Bin_15)_(z_pT_Bin_17)_(MultiDim_z_pT_Bin_Y_bin_phi_t)[0m (Histo Num 43972)
Fitting for: [1m(MultiDim_3D_Histo)_(BC_RC_Bayesian)_(SMEAR=Smear)_(Q2_y_Bin_15)_(z_pT_Bin_18)_(MultiDim_z_pT_Bin_Y_bin_phi_t)[0m (Histo Num 43973)
Fitting for: [1m(MultiDim_3D_Histo)_(BC_RC_Bayesian)_(SMEAR=Smear)_(Q2_y_Bin_15)_(z_pT_Bin_19)_(MultiDim_z_pT_Bin_Y_bin_phi_t)[0m (Histo Num 43974)
Fitting for: [1m(MultiDim_3D_Histo)_(BC_RC_Bayesian)_(SMEAR=Smear)_(Q2_y_Bin_15)_(z_pT_Bin_21)_(MultiDim_z_pT_Bin_Y_bin_phi_t)[0m (Histo Num 43975)
Fitting for: [1m(MultiDim_3D_Histo)_(BC_RC_Bayesian)_(SMEAR=Smear)_(Q2_y_Bin_15)_(z_pT_Bin_22)_(MultiDim_z_pT_Bin_Y_bin_phi_t)[0m (Histo Num 43976)
Fitting for: [1m(MultiDim_3D_Histo)_(BC_RC_Bayesian)_(SMEAR=Smear)_(Q2_y_Bin_15)_(z_pT_Bin_23)_(MultiDim_z_pT_Bin_Y_bin_phi_t)[0m (Histo Num 43977)
Fitting for: [1m(MultiDim_3D_Histo)_(BC_RC_Bayesian)_(SMEAR=Smear)_(Q2_y_Bin_15)_(z_pT_Bin_24)_(MultiDim_z_pT_Bin_Y_bin_phi_t)[0m (Histo Num 43978)
Fitting for: [1m(MultiDim_3D_Histo)_(BC_RC_Bayesian)_(SMEAR=Smear)_(Q2_y_Bin_16)_(z_pT_Bin_1)_(MultiDim_z_pT_Bin_Y_bin_phi_t)[0m (Histo Num 43979)
Fitting for: [1m(MultiDim_3D_Histo)_(BC_RC_Bayesian)_(SMEAR=Smear)_(Q2_y_Bin_16)_(z_pT_Bin_2)_(MultiDim_z_pT_Bin_Y_bin_phi_t)[0m (Histo Num 43980)
Fitting for: [1m(MultiDim_3D_Histo)_(BC_RC_Bayesian)_(SMEAR=Smear)_(Q2_y_Bin_16)_(z_pT_Bin_3)_(MultiDim_z_pT_Bin_Y_bin_phi_t)[0m (Histo Num 43981)
Fitting for: [1m(MultiDim_3D_Histo)_(BC_RC_Bayesian)_(SMEAR=Smear)_(Q2_y_Bin_16)_(z_pT_Bin_4)_(MultiDim_z_pT_Bin_Y_bin_phi_t)[0m (Histo Num 43982)
Fitting for: [1m(MultiDim_3D_Histo)_(BC_RC_Bayesian)_(SMEAR=Smear)_(Q2_y_Bin_16)_(z_pT_Bin_5)_(MultiDim_z_pT_Bin_Y_bin_phi_t)[0m (Histo Num 43983)
Fitting for: [1m(MultiDim_3D_Histo)_(BC_RC_Bayesian)_(SMEAR=Smear)_(Q2_y_Bin_16)_(z_pT_Bin_6)_(MultiDim_z_pT_Bin_Y_bin_phi_t)[0m (Histo Num 43984)
Fitting for: [1m(MultiDim_3D_Histo)_(BC_RC_Bayesian)_(SMEAR=Smear)_(Q2_y_Bin_16)_(z_pT_Bin_7)_(MultiDim_z_pT_Bin_Y_bin_phi_t)[0m (Histo Num 43985)
Fitting for: [1m(MultiDim_3D_Histo)_(BC_RC_Bayesian)_(SMEAR=Smear)_(Q2_y_Bin_16)_(z_pT_Bin_8)_(MultiDim_z_pT_Bin_Y_bin_phi_t)[0m (Histo Num 43986)
Fitting for: [1m(MultiDim_3D_Histo)_(BC_RC_Bayesian)_(SMEAR=Smear)_(Q2_y_Bin_16)_(z_pT_Bin_9)_(MultiDim_z_pT_Bin_Y_bin_phi_t)[0m (Histo Num 43987)
Fitting for: [1m(MultiDim_3D_Histo)_(BC_RC_Bayesian)_(SMEAR=Smear)_(Q2_y_Bin_16)_(z_pT_Bin_10)_(MultiDim_z_pT_Bin_Y_bin_phi_t)[0m (Histo Num 43988)
Fitting for: [1m(MultiDim_3D_Histo)_(BC_RC_Bayesian)_(SMEAR=Smear)_(Q2_y_Bin_16)_(z_pT_Bin_11)_(MultiDim_z_pT_Bin_Y_bin_phi_t)[0m (Histo Num 43989)
Fitting for: [1m(MultiDim_3D_Histo)_(BC_RC_Bayesian)_(SMEAR=Smear)_(Q2_y_Bin_16)_(z_pT_Bin_12)_(MultiDim_z_pT_Bin_Y_bin_phi_t)[0m (Histo Num 43990)
Fitting for: [1m(MultiDim_3D_Histo)_(BC_RC_Bayesian)_(SMEAR=Smear)_(Q2_y_Bin_16)_(z_pT_Bin_13)_(MultiDim_z_pT_Bin_Y_bin_phi_t)[0m (Histo Num 43991)
Fitting for: [1m(MultiDim_3D_Histo)_(BC_RC_Bayesian)_(SMEAR=Smear)_(Q2_y_Bin_16)_(z_pT_Bin_14)_(MultiDim_z_pT_Bin_Y_bin_phi_t)[0m (Histo Num 43992)
Fitting for: [1m(MultiDim_3D_Histo)_(BC_RC_Bayesian)_(SMEAR=Smear)_(Q2_y_Bin_16)_(z_pT_Bin_15)_(MultiDim_z_pT_Bin_Y_bin_phi_t)[0m (Histo Num 43993)
Fitting for: [1m(MultiDim_3D_Histo)_(BC_RC_Bayesian)_(SMEAR=Smear)_(Q2_y_Bin_16)_(z_pT_Bin_16)_(MultiDim_z_pT_Bin_Y_bin_phi_t)[0m (Histo Num 43994)
Fitting for: [1m(MultiDim_3D_Histo)_(BC_RC_Bayesian)_(SMEAR=Smear)_(Q2_y_Bin_16)_(z_pT_Bin_17)_(MultiDim_z_pT_Bin_Y_bin_phi_t)[0m (Histo Num 43995)
Fitting for: [1m(MultiDim_3D_Histo)_(BC_RC_Bayesian)_(SMEAR=Smear)_(Q2_y_Bin_16)_(z_pT_Bin_19)_(MultiDim_z_pT_Bin_Y_bin_phi_t)[0m (Histo Num 43996)
Fitting for: [1m(MultiDim_3D_Histo)_(BC_RC_Bayesian)_(SMEAR=Smear)_(Q2_y_Bin_16)_(z_pT_Bin_20)_(MultiDim_z_pT_Bin_Y_bin_phi_t)[0m (Histo Num 43997)
Fitting for: [1m(MultiDim_3D_Histo)_(BC_RC_Bayesian)_(SMEAR=Smear)_(Q2_y_Bin_16)_(z_pT_Bin_21)_(MultiDim_z_pT_Bin_Y_bin_phi_t)[0m (Histo Num 43998)
Fitting for: [1m(MultiDim_3D_Histo)_(BC_RC_Bayesian)_(SMEAR=Smear)_(Q2_y_Bin_16)_(z_pT_Bin_22)_(MultiDim_z_pT_Bin_Y_bin_phi_t)[0m (Histo Num 43999)
Fitting for: [1m(MultiDim_3D_Histo)_(BC_RC_Bayesian)_(SMEAR=Smear)_(Q2_y_Bin_16)_(z_pT_Bin_25)_(MultiDim_z_pT_Bin_Y_bin_phi_t)[0m (Histo Num 44000)
Fitting for: [1m(MultiDim_3D_Histo)_(BC_RC_Bayesian)_(SMEAR=Smear)_(Q2_y_Bin_16)_(z_pT_Bin_26)_(MultiDim_z_pT_Bin_Y_bin_phi_t)[0m (Histo Num 44001)
Fitting for: [1m(MultiDim_3D_Histo)_(BC_RC_Bayesian)_(SMEAR=Smear)_(Q2_y_Bin_16)_(z_pT_Bin_27)_(MultiDim_z_pT_Bin_Y_bin_phi_t)[0m (Histo Num 44002)
Fitting for: [1m(MultiDim_3D_Histo)_(BC_RC_Bayesian)_(SMEAR=Smear)_(Q2_y_Bin_17)_(z_pT_Bin_1)_(MultiDim_z_pT_Bin_Y_bin_phi_t)[0m (Histo Num 44003)
Fitting for: [1m(MultiDim_3D_Histo)_(BC_RC_Bayesian)_(SMEAR=Smear)_(Q2_y_Bin_17)_(z_pT_Bin_2)_(MultiDim_z_pT_Bin_Y_bin_phi_t)[0m (Histo Num 44004)
Fitting for: [1m(MultiDim_3D_Histo)_(BC_RC_Bayesian)_(SMEAR=Smear)_(Q2_y_Bin_17)_(z_pT_Bin_3)_(MultiDim_z_pT_Bin_Y_bin_phi_t)[0m (Histo Num 44005)
Fitting for: [1m(MultiDim_3D_Histo)_(BC_RC_Bayesian)_(SMEAR=Smear)_(Q2_y_Bin_17)_(z_pT_Bin_4)_(MultiDim_z_pT_Bin_Y_bin_phi_t)[0m (Histo Num 44006)
Fitting for: [1m(MultiDim_3D_Histo)_(BC_RC_Bayesian)_(SMEAR=Smear)_(Q2_y_Bin_17)_(z_pT_Bin_5)_(MultiDim_z_pT_Bin_Y_bin_phi_t)[0m (Histo Num 44007)
Fitting for: [1m(MultiDim_3D_Histo)_(BC_RC_Bayesian)_(SMEAR=Smear)_(Q2_y_Bin_17)_(z_pT_Bin_7)_(MultiDim_z_pT_Bin_Y_bin_phi_t)[0m (Histo Num 44008)
Fitting for: [1m(MultiDim_3D_Histo)_(BC_RC_Bayesian)_(SMEAR=Smear)_(Q2_y_Bin_17)_(z_pT_Bin_8)_(MultiDim_z_pT_Bin_Y_bin_phi_t)[0m (Histo Num 44009)
Fitting for: [1m(MultiDim_3D_Histo)_(BC_RC_Bayesian)_(SMEAR=Smear)_(Q2_y_Bin_17)_(z_pT_Bin_9)_(MultiDim_z_pT_Bin_Y_bin_phi_t)[0m (Histo Num 44010)
Fitting for: [1m(MultiDim_3D_Histo)_(BC_RC_Bayesian)_(SMEAR=Smear)_(Q2_y_Bin_17)_(z_pT_Bin_10)_(MultiDim_z_pT_Bin_Y_bin_phi_t)[0m (Histo Num 44011)
Fitting for: [1m(MultiDim_3D_Histo)_(BC_RC_Bayesian)_(SMEAR=Smear)_(Q2_y_Bin_17)_(z_pT_Bin_11)_(MultiDim_z_pT_Bin_Y_bin_phi_t)[0m (Histo Num 44012)
Fitting for: [1m(MultiDim_3D_Histo)_(BC_RC_Bayesian)_(SMEAR=Smear)_(Q2_y_Bin_17)_(z_pT_Bin_12)_(MultiDim_z_pT_Bin_Y_bin_phi_t)[0m (Histo Num 44013)
Fitting for: [1m(MultiDim_3D_Histo)_(BC_RC_Bayesian)_(SMEAR=Smear)_(Q2_y_Bin_17)_(z_pT_Bin_13)_(MultiDim_z_pT_Bin_Y_bin_phi_t)[0m (Histo Num 44014)
Fitting for: [1m(MultiDim_3D_Histo)_(BC_RC_Bayesian)_(SMEAR=Smear)_(Q2_y_Bin_17)_(z_pT_Bin_14)_(MultiDim_z_pT_Bin_Y_bin_phi_t)[0m (Histo Num 44015)
Fitting for: [1m(MultiDim_3D_Histo)_(BC_RC_Bayesian)_(SMEAR=Smear)_(Q2_y_Bin_17)_(z_pT_Bin_15)_(MultiDim_z_pT_Bin_Y_bin_phi_t)[0m (Histo Num 44016)
Fitting for: [1m(MultiDim_3D_Histo)_(BC_RC_Bayesian)_(SMEAR=Smear)_(Q2_y_Bin_17)_(z_pT_Bin_16)_(MultiDim_z_pT_Bin_Y_bin_phi_t)[0m (Histo Num 44017)
Fitting for: [1m(MultiDim_3D_Histo)_(BC_RC_Bayesian)_(SMEAR=Smear)_(Q2_y_Bin_17)_(z_pT_Bin_17)_(MultiDim_z_pT_Bin_Y_bin_phi_t)[0m (Histo Num 44018)
Fitting for: [1m(MultiDim_3D_Histo)_(BC_RC_Bayesian)_(SMEAR=Smear)_(Q2_y_Bin_17)_(z_pT_Bin_18)_(MultiDim_z_pT_Bin_Y_bin_phi_t)[0m (Histo Num 44019)
Fitting for: [1m(MultiDim_3D_Histo)_(BC_RC_Bayesian)_(SMEAR=Smear)_(Q2_y_Bin_17)_(z_pT_Bin_19)_(MultiDim_z_pT_Bin_Y_bin_phi_t)[0m (Histo Num 44020)
Fitting for: [1m(MultiDim_3D_Histo)_(BC_RC_Bayesian)_(SMEAR=Smear)_(Q2_y_Bin_17)_(z_pT_Bin_20)_(MultiDim_z_pT_Bin_Y_bin_phi_t)[0m (Histo Num 44021)
Fitting for: [1m(MultiDim_3D_Histo)_(BC_RC_Bayesian)_(SMEAR=Smear)_(Q2_y_Bin_17)_(z_pT_Bin_21)_(MultiDim_z_pT_Bin_Y_bin_phi_t)[0m (Histo Num 44022)
Fitting for: [1m(MultiDim_3D_Histo)_(BC_RC_Bayesian)_(SMEAR=Smear)_(Q2_y_Bin_17)_(z_pT_Bin_22)_(MultiDim_z_pT_Bin_Y_bin_phi_t)[0m (Histo Num 44023)
Fitting for: [1m(MultiDim_3D_Histo)_(BC_RC_Bayesian)_(SMEAR=Smear)_(Q2_y_Bin_17)_(z_pT_Bin_23)_(MultiDim_z_pT_Bin_Y_bin_phi_t)[0m (Histo Num 44024)
Fitting for: [1m(MultiDim_3D_Histo)_(BC_RC_Bayesian)_(SMEAR=Smear)_(Q2_y_Bin_17)_(z_pT_Bin_25)_(MultiDim_z_pT_Bin_Y_bin_phi_t)[0m (Histo Num 44025)
Fitting for: [1m(MultiDim_3D_Histo)_(BC_RC_Bayesian)_(SMEAR=Smear)_(Q2_y_Bin_17)_(z_pT_Bin_26)_(MultiDim_z_pT_Bin_Y_bin_phi_t)[0m (Histo Num 44026)
Fitting for: [1m(MultiDim_3D_Histo)_(BC_RC_Bayesian)_(SMEAR=Smear)_(Q2_y_Bin_17)_(z_pT_Bin_27)_(MultiDim_z_pT_Bin_Y_bin_phi_t)[0m (Histo Num 44027)
Fitting for: [1m(MultiDim_3D_Histo)_(BC_RC_Bayesian)_(SMEAR=Smear)_(Q2_y_Bin_17)_(z_pT_Bin_28)_(MultiDim_z_pT_Bin_Y_bin_phi_t)[0m (Histo Num 44028)
[91mSkipping: (MultiDim_5D_Histo)_(Bayesian)_(SMEAR=Smear)_(Q2_y_Bin_1)_(z_pT_Bin_1)_(MultiDim_Q2_y_z_pT_phi_h)[0m (Histo Num 46882)
[91mSkipping: (MultiDim_5D_Histo)_(Bayesian)_(SMEAR=Smear)_(Q2_y_Bin_1)_(z_pT_Bin_2)_(MultiDim_Q2_y_z_pT_phi_h)[0m (Histo Num 46883)
[91mSkipping: (MultiDim_5D_Histo)_(Bayesian)_(SMEAR=Smear)_(Q2_y_Bin_1)_(z_pT_Bin_3)_(MultiDim_Q2_y_z_pT_phi_h)[0m (Histo Num 46884)
[91mSkipping: (MultiDim_5D_Histo)_(Bayesian)_(SMEAR=Smear)_(Q2_y_Bin_1)_(z_pT_Bin_4)_(MultiDim_Q2_y_z_pT_phi_h)[0m (Histo Num 46885)
[91mSkipping: (MultiDim_5D_Histo)_(Bayesian)_(SMEAR=Smear)_(Q2_y_Bin_1)_(z_pT_Bin_5)_(MultiDim_Q2_y_z_pT_phi_h)[0m (Histo Num 46886)
[91mSkipping: (MultiDim_5D_Histo)_(Bayesian)_(SMEAR=Smear)_(Q2_y_Bin_1)_(z_pT_Bin_6)_(MultiDim_Q2_y_z_pT_phi_h)[0m (Histo Num 46887)
[91mSkipping: (MultiDim_5D_Histo)_(Bayesian)_(SMEAR=Smear)_(Q2_y_Bin_1)_(z_pT_Bin_7)_(MultiDim_Q2_y_z_pT_phi_h)[0m (Histo Num 46888)
[91mSkipping: (MultiDim_5D_Histo)_(Bayesian)_(SMEAR=Smear)_(Q2_y_Bin_1)_(z_pT_Bin_8)_(MultiDim_Q2_y_z_pT_phi_h)[0m (Histo Num 46889)
[91mSkipping: (MultiDim_5D_Histo)_(Bayesian)_(SMEAR=Smear)_(Q2_y_Bin_1)_(z_pT_Bin_9)_(MultiDim_Q2_y_z_pT_phi_h)[0m (Histo Num 46890)
[91mSkipping: (MultiDim_5D_Histo)_(Bayesian)_(SMEAR=Smear)_(Q2_y_Bin_1)_(z_pT_Bin_10)_(MultiDim_Q2_y_z_pT_phi_h)[0m (Histo Num 46891)
[91mSkipping: (MultiDim_5D_Histo)_(Bayesian)_(SMEAR=Smear)_(Q2_y_Bin_1)_(z_pT_Bin_11)_(MultiDim_Q2_y_z_pT_phi_h)[0m (Histo Num 46892)
[91mSkipping: (MultiDim_5D_Histo)_(Bayesian)_(SMEAR=Smear)_(Q2_y_Bin_1)_(z_pT_Bin_12)_(MultiDim_Q2_y_z_pT_phi_h)[0m (Histo Num 46893)
[91mSkipping: (MultiDim_5D_Histo)_(Bayesian)_(SMEAR=Smear)_(Q2_y_Bin_1)_(z_pT_Bin_13)_(MultiDim_Q2_y_z_pT_phi_h)[0m (Histo Num 46894)
[91mSkipping: (MultiDim_5D_Histo)_(Bayesian)_(SMEAR=Smear)_(Q2_y_Bin_1)_(z_pT_Bin_14)_(MultiDim_Q2_y_z_pT_phi_h)[0m (Histo Num 46895)
[91mSkipping: (MultiDim_5D_Histo)_(Bayesian)_(SMEAR=Smear)_(Q2_y_Bin_1)_(z_pT_Bin_15)_(MultiDim_Q2_y_z_pT_phi_h)[0m (Histo Num 46896)
[91mSkipping: (MultiDim_5D_Histo)_(Bayesian)_(SMEAR=Smear)_(Q2_y_Bin_1)_(z_pT_Bin_16)_(MultiDim_Q2_y_z_pT_phi_h)[0m (Histo Num 46897)
[91mSkipping: (MultiDim_5D_Histo)_(Bayesian)_(SMEAR=Smear)_(Q2_y_Bin_1)_(z_pT_Bin_17)_(MultiDim_Q2_y_z_pT_phi_h)[0m (Histo Num 46898)
[91mSkipping: (MultiDim_5D_Histo)_(Bayesian)_(SMEAR=Smear)_(Q2_y_Bin_1)_(z_pT_Bin_18)_(MultiDim_Q2_y_z_pT_phi_h)[0m (Histo Num 46899)
[91mSkipping: (MultiDim_5D_Histo)_(Bayesian)_(SMEAR=Smear)_(Q2_y_Bin_1)_(z_pT_Bin_19)_(MultiDim_Q2_y_z_pT_phi_h)[0m (Histo Num 46900)
[91mSkipping: (MultiDim_5D_Histo)_(Bayesian)_(SMEAR=Smear)_(Q2_y_Bin_1)_(z_pT_Bin_20)_(MultiDim_Q2_y_z_pT_phi_h)[0m (Histo Num 46901)
[91mSkipping: (MultiDim_5D_Histo)_(Bayesian)_(SMEAR=Smear)_(Q2_y_Bin_1)_(z_pT_Bin_22)_(MultiDim_Q2_y_z_pT_phi_h)[0m (Histo Num 46902)
[91mSkipping: (MultiDim_5D_Histo)_(Bayesian)_(SMEAR=Smear)_(Q2_y_Bin_1)_(z_pT_Bin_23)_(MultiDim_Q2_y_z_pT_phi_h)[0m (Histo Num 46903)
[91mSkipping: (MultiDim_5D_Histo)_(Bayesian)_(SMEAR=Smear)_(Q2_y_Bin_1)_(z_pT_Bin_24)_(MultiDim_Q2_y_z_pT_phi_h)[0m (Histo Num 46904)
[91mSkipping: (MultiDim_5D_Histo)_(Bayesian)_(SMEAR=Smear)_(Q2_y_Bin_1)_(z_pT_Bin_25)_(MultiDim_Q2_y_z_pT_phi_h)[0m (Histo Num 46905)
[91mSkipping: (MultiDim_5D_Histo)_(Bayesian)_(SMEAR=Smear)_(Q2_y_Bin_1)_(z_pT_Bin_26)_(MultiDim_Q2_y_z_pT_phi_h)[0m (Histo Num 46906)
[91mSkipping: (MultiDim_5D_Histo)_(Bayesian)_(SMEAR=Smear)_(Q2_y_Bin_1)_(z_pT_Bin_29)_(MultiDim_Q2_y_z_pT_phi_h)[0m (Histo Num 46907)
[91mSkipping: (MultiDim_5D_Histo)_(Bayesian)_(SMEAR=Smear)_(Q2_y_Bin_1)_(z_pT_Bin_30)_(MultiDim_Q2_y_z_pT_phi_h)[0m (Histo Num 46908)
[91mSkipping: (MultiDim_5D_Histo)_(Bayesian)_(SMEAR=Smear)_(Q2_y_Bin_1)_(z_pT_Bin_31)_(MultiDim_Q2_y_z_pT_phi_h)[0m (Histo Num 46909)
[91mSkipping: (MultiDim_5D_Histo)_(Bayesian)_(SMEAR=Smear)_(Q2_y_Bin_1)_(z_pT_Bin_32)_(MultiDim_Q2_y_z_pT_phi_h)[0m (Histo Num 46910)
[91mSkipping: (MultiDim_5D_Histo)_(Bayesian)_(SMEAR=Smear)_(Q2_y_Bin_2)_(z_pT_Bin_1)_(MultiDim_Q2_y_z_pT_phi_h)[0m (Histo Num 46912)
[91mSkipping: (MultiDim_5D_Histo)_(Bayesian)_(SMEAR=Smear)_(Q2_y_Bin_2)_(z_pT_Bin_2)_(MultiDim_Q2_y_z_pT_phi_h)[0m (Histo Num 46913)
[91mSkipping: (MultiDim_5D_Histo)_(Bayesian)_(SMEAR=Smear)_(Q2_y_Bin_2)_(z_pT_Bin_3)_(MultiDim_Q2_y_z_pT_phi_h)[0m (Histo Num 46914)
[91mSkipping: (MultiDim_5D_Histo)_(Bayesian)_(SMEAR=Smear)_(Q2_y_Bin_2)_(z_pT_Bin_4)_(MultiDim_Q2_y_z_pT_phi_h)[0m (Histo Num 46915)
[91mSkipping: (MultiDim_5D_Histo)_(Bayesian)_(SMEAR=Smear)_(Q2_y_Bin_2)_(z_pT_Bin_5)_(MultiDim_Q2_y_z_pT_phi_h)[0m (Histo Num 46916)
[91mSkipping: (MultiDim_5D_Histo)_(Bayesian)_(SMEAR=Smear)_(Q2_y_Bin_2)_(z_pT_Bin_6)_(MultiDim_Q2_y_z_pT_phi_h)[0m (Histo Num 46917)
[91mSkipping: (MultiDim_5D_Histo)_(Bayesian)_(SMEAR=Smear)_(Q2_y_Bin_2)_(z_pT_Bin_7)_(MultiDim_Q2_y_z_pT_phi_h)[0m (Histo Num 46918)
[91mSkipping: (MultiDim_5D_Histo)_(Bayesian)_(SMEAR=Smear)_(Q2_y_Bin_2)_(z_pT_Bin_8)_(MultiDim_Q2_y_z_pT_phi_h)[0m (Histo Num 46919)
[91mSkipping: (MultiDim_5D_Histo)_(Bayesian)_(SMEAR=Smear)_(Q2_y_Bin_2)_(z_pT_Bin_9)_(MultiDim_Q2_y_z_pT_phi_h)[0m (Histo Num 46920)
[91mSkipping: (MultiDim_5D_Histo)_(Bayesian)_(SMEAR=Smear)_(Q2_y_Bin_2)_(z_pT_Bin_10)_(MultiDim_Q2_y_z_pT_phi_h)[0m (Histo Num 46921)
[91mSkipping: (MultiDim_5D_Histo)_(Bayesian)_(SMEAR=Smear)_(Q2_y_Bin_2)_(z_pT_Bin_11)_(MultiDim_Q2_y_z_pT_phi_h)[0m (Histo Num 46922)
[91mSkipping: (MultiDim_5D_Histo)_(Bayesian)_(SMEAR=Smear)_(Q2_y_Bin_2)_(z_pT_Bin_12)_(MultiDim_Q2_y_z_pT_phi_h)[0m (Histo Num 46923)
[91mSkipping: (MultiDim_5D_Histo)_(Bayesian)_(SMEAR=Smear)_(Q2_y_Bin_2)_(z_pT_Bin_13)_(MultiDim_Q2_y_z_pT_phi_h)[0m (Histo Num 46924)
[91mSkipping: (MultiDim_5D_Histo)_(Bayesian)_(SMEAR=Smear)_(Q2_y_Bin_2)_(z_pT_Bin_14)_(MultiDim_Q2_y_z_pT_phi_h)[0m (Histo Num 46925)
[91mSkipping: (MultiDim_5D_Histo)_(Bayesian)_(SMEAR=Smear)_(Q2_y_Bin_2)_(z_pT_Bin_15)_(MultiDim_Q2_y_z_pT_phi_h)[0m (Histo Num 46926)
[91mSkipping: (MultiDim_5D_Histo)_(Bayesian)_(SMEAR=Smear)_(Q2_y_Bin_2)_(z_pT_Bin_16)_(MultiDim_Q2_y_z_pT_phi_h)[0m (Histo Num 46927)
[91mSkipping: (MultiDim_5D_Histo)_(Bayesian)_(SMEAR=Smear)_(Q2_y_Bin_2)_(z_pT_Bin_17)_(MultiDim_Q2_y_z_pT_phi_h)[0m (Histo Num 46928)
[91mSkipping: (MultiDim_5D_Histo)_(Bayesian)_(SMEAR=Smear)_(Q2_y_Bin_2)_(z_pT_Bin_18)_(MultiDim_Q2_y_z_pT_phi_h)[0m (Histo Num 46929)
[91mSkipping: (MultiDim_5D_Histo)_(Bayesian)_(SMEAR=Smear)_(Q2_y_Bin_2)_(z_pT_Bin_19)_(MultiDim_Q2_y_z_pT_phi_h)[0m (Histo Num 46930)
[91mSkipping: (MultiDim_5D_Histo)_(Bayesian)_(SMEAR=Smear)_(Q2_y_Bin_2)_(z_pT_Bin_20)_(MultiDim_Q2_y_z_pT_phi_h)[0m (Histo Num 46931)
[91mSkipping: (MultiDim_5D_Histo)_(Bayesian)_(SMEAR=Smear)_(Q2_y_Bin_2)_(z_pT_Bin_21)_(MultiDim_Q2_y_z_pT_phi_h)[0m (Histo Num 46932)
[91mSkipping: (MultiDim_5D_Histo)_(Bayesian)_(SMEAR=Smear)_(Q2_y_Bin_2)_(z_pT_Bin_22)_(MultiDim_Q2_y_z_pT_phi_h)[0m (Histo Num 46933)
[91mSkipping: (MultiDim_5D_Histo)_(Bayesian)_(SMEAR=Smear)_(Q2_y_Bin_2)_(z_pT_Bin_23)_(MultiDim_Q2_y_z_pT_phi_h)[0m (Histo Num 46934)
[91mSkipping: (MultiDim_5D_Histo)_(Bayesian)_(SMEAR=Smear)_(Q2_y_Bin_2)_(z_pT_Bin_25)_(MultiDim_Q2_y_z_pT_phi_h)[0m (Histo Num 46935)
[91mSkipping: (MultiDim_5D_Histo)_(Bayesian)_(SMEAR=Smear)_(Q2_y_Bin_2)_(z_pT_Bin_26)_(MultiDim_Q2_y_z_pT_phi_h)[0m (Histo Num 46936)
[91mSkipping: (MultiDim_5D_Histo)_(Bayesian)_(SMEAR=Smear)_(Q2_y_Bin_2)_(z_pT_Bin_27)_(MultiDim_Q2_y_z_pT_phi_h)[0m (Histo Num 46937)
[91mSkipping: (MultiDim_5D_Histo)_(Bayesian)_(SMEAR=Smear)_(Q2_y_Bin_2)_(z_pT_Bin_28)_(MultiDim_Q2_y_z_pT_phi_h)[0m (Histo Num 46938)
[91mSkipping: (MultiDim_5D_Histo)_(Bayesian)_(SMEAR=Smear)_(Q2_y_Bin_2)_(z_pT_Bin_29)_(MultiDim_Q2_y_z_pT_phi_h)[0m (Histo Num 46939)
[91mSkipping: (MultiDim_5D_Histo)_(Bayesian)_(SMEAR=Smear)_(Q2_y_Bin_2)_(z_pT_Bin_31)_(MultiDim_Q2_y_z_pT_phi_h)[0m (Histo Num 46940)
[91mSkipping: (MultiDim_5D_Histo)_(Bayesian)_(SMEAR=Smear)_(Q2_y_Bin_2)_(z_pT_Bin_32)_(MultiDim_Q2_y_z_pT_phi_h)[0m (Histo Num 46941)
[91mSkipping: (MultiDim_5D_Histo)_(Bayesian)_(SMEAR=Smear)_(Q2_y_Bin_2)_(z_pT_Bin_33)_(MultiDim_Q2_y_z_pT_phi_h)[0m (Histo Num 46942)
[91mSkipping: (MultiDim_5D_Histo)_(Bayesian)_(SMEAR=Smear)_(Q2_y_Bin_2)_(z_pT_Bin_34)_(MultiDim_Q2_y_z_pT_phi_h)[0m (Histo Num 46943)
[91mSkipping: (MultiDim_5D_Histo)_(Bayesian)_(SMEAR=Smear)_(Q2_y_Bin_3)_(z_pT_Bin_1)_(MultiDim_Q2_y_z_pT_phi_h)[0m (Histo Num 46945)
[91mSkipping: (MultiDim_5D_Histo)_(Bayesian)_(SMEAR=Smear)_(Q2_y_Bin_3)_(z_pT_Bin_2)_(MultiDim_Q2_y_z_pT_phi_h)[0m (Histo Num 46946)
[91mSkipping: (MultiDim_5D_Histo)_(Bayesian)_(SMEAR=Smear)_(Q2_y_Bin_3)_(z_pT_Bin_3)_(MultiDim_Q2_y_z_pT_phi_h)[0m (Histo Num 46947)
[91mSkipping: (MultiDim_5D_Histo)_(Bayesian)_(SMEAR=Smear)_(Q2_y_Bin_3)_(z_pT_Bin_4)_(MultiDim_Q2_y_z_pT_phi_h)[0m (Histo Num 46948)
[91mSkipping: (MultiDim_5D_Histo)_(Bayesian)_(SMEAR=Smear)_(Q2_y_Bin_3)_(z_pT_Bin_5)_(MultiDim_Q2_y_z_pT_phi_h)[0m (Histo Num 46949)
[91mSkipping: (MultiDim_5D_Histo)_(Bayesian)_(SMEAR=Smear)_(Q2_y_Bin_3)_(z_pT_Bin_6)_(MultiDim_Q2_y_z_pT_phi_h)[0m (Histo Num 46950)
[91mSkipping: (MultiDim_5D_Histo)_(Bayesian)_(SMEAR=Smear)_(Q2_y_Bin_3)_(z_pT_Bin_7)_(MultiDim_Q2_y_z_pT_phi_h)[0m (Histo Num 46951)
[91mSkipping: (MultiDim_5D_Histo)_(Bayesian)_(SMEAR=Smear)_(Q2_y_Bin_3)_(z_pT_Bin_8)_(MultiDim_Q2_y_z_pT_phi_h)[0m (Histo Num 46952)
[91mSkipping: (MultiDim_5D_Histo)_(Bayesian)_(SMEAR=Smear)_(Q2_y_Bin_3)_(z_pT_Bin_9)_(MultiDim_Q2_y_z_pT_phi_h)[0m (Histo Num 46953)
[91mSkipping: (MultiDim_5D_Histo)_(Bayesian)_(SMEAR=Smear)_(Q2_y_Bin_3)_(z_pT_Bin_10)_(MultiDim_Q2_y_z_pT_phi_h)[0m (Histo Num 46954)
[91mSkipping: (MultiDim_5D_Histo)_(Bayesian)_(SMEAR=Smear)_(Q2_y_Bin_3)_(z_pT_Bin_11)_(MultiDim_Q2_y_z_pT_phi_h)[0m (Histo Num 46955)
[91mSkipping: (MultiDim_5D_Histo)_(Bayesian)_(SMEAR=Smear)_(Q2_y_Bin_3)_(z_pT_Bin_12)_(MultiDim_Q2_y_z_pT_phi_h)[0m (Histo Num 46956)
[91mSkipping: (MultiDim_5D_Histo)_(Bayesian)_(SMEAR=Smear)_(Q2_y_Bin_3)_(z_pT_Bin_13)_(MultiDim_Q2_y_z_pT_phi_h)[0m (Histo Num 46957)
[91mSkipping: (MultiDim_5D_Histo)_(Bayesian)_(SMEAR=Smear)_(Q2_y_Bin_3)_(z_pT_Bin_14)_(MultiDim_Q2_y_z_pT_phi_h)[0m (Histo Num 46958)
[91mSkipping: (MultiDim_5D_Histo)_(Bayesian)_(SMEAR=Smear)_(Q2_y_Bin_3)_(z_pT_Bin_15)_(MultiDim_Q2_y_z_pT_phi_h)[0m (Histo Num 46959)
[91mSkipping: (MultiDim_5D_Histo)_(Bayesian)_(SMEAR=Smear)_(Q2_y_Bin_3)_(z_pT_Bin_16)_(MultiDim_Q2_y_z_pT_phi_h)[0m (Histo Num 46960)
[91mSkipping: (MultiDim_5D_Histo)_(Bayesian)_(SMEAR=Smear)_(Q2_y_Bin_3)_(z_pT_Bin_17)_(MultiDim_Q2_y_z_pT_phi_h)[0m (Histo Num 46961)
[91mSkipping: (MultiDim_5D_Histo)_(Bayesian)_(SMEAR=Smear)_(Q2_y_Bin_3)_(z_pT_Bin_18)_(MultiDim_Q2_y_z_pT_phi_h)[0m (Histo Num 46962)
[91mSkipping: (MultiDim_5D_Histo)_(Bayesian)_(SMEAR=Smear)_(Q2_y_Bin_3)_(z_pT_Bin_19)_(MultiDim_Q2_y_z_pT_phi_h)[0m (Histo Num 46963)
[91mSkipping: (MultiDim_5D_Histo)_(Bayesian)_(SMEAR=Smear)_(Q2_y_Bin_3)_(z_pT_Bin_20)_(MultiDim_Q2_y_z_pT_phi_h)[0m (Histo Num 46964)
[91mSkipping: (MultiDim_5D_Histo)_(Bayesian)_(SMEAR=Smear)_(Q2_y_Bin_3)_(z_pT_Bin_21)_(MultiDim_Q2_y_z_pT_phi_h)[0m (Histo Num 46965)
[91mSkipping: (MultiDim_5D_Histo)_(Bayesian)_(SMEAR=Smear)_(Q2_y_Bin_3)_(z_pT_Bin_22)_(MultiDim_Q2_y_z_pT_phi_h)[0m (Histo Num 46966)
[91mSkipping: (MultiDim_5D_Histo)_(Bayesian)_(SMEAR=Smear)_(Q2_y_Bin_3)_(z_pT_Bin_23)_(MultiDim_Q2_y_z_pT_phi_h)[0m (Histo Num 46967)
[91mSkipping: (MultiDim_5D_Histo)_(Bayesian)_(SMEAR=Smear)_(Q2_y_Bin_3)_(z_pT_Bin_24)_(MultiDim_Q2_y_z_pT_phi_h)[0m (Histo Num 46968)
[91mSkipping: (MultiDim_5D_Histo)_(Bayesian)_(SMEAR=Smear)_(Q2_y_Bin_3)_(z_pT_Bin_25)_(MultiDim_Q2_y_z_pT_phi_h)[0m (Histo Num 46969)
[91mSkipping: (MultiDim_5D_Histo)_(Bayesian)_(SMEAR=Smear)_(Q2_y_Bin_3)_(z_pT_Bin_26)_(MultiDim_Q2_y_z_pT_phi_h)[0m (Histo Num 46970)
[91mSkipping: (MultiDim_5D_Histo)_(Bayesian)_(SMEAR=Smear)_(Q2_y_Bin_3)_(z_pT_Bin_27)_(MultiDim_Q2_y_z_pT_phi_h)[0m (Histo Num 46971)
[91mSkipping: (MultiDim_5D_Histo)_(Bayesian)_(SMEAR=Smear)_(Q2_y_Bin_3)_(z_pT_Bin_28)_(MultiDim_Q2_y_z_pT_phi_h)[0m (Histo Num 46972)
[91mSkipping: (MultiDim_5D_Histo)_(Bayesian)_(SMEAR=Smear)_(Q2_y_Bin_3)_(z_pT_Bin_29)_(MultiDim_Q2_y_z_pT_phi_h)[0m (Histo Num 46973)
[91mSkipping: (MultiDim_5D_Histo)_(Bayesian)_(SMEAR=Smear)_(Q2_y_Bin_4)_(z_pT_Bin_7)_(MultiDim_Q2_y_z_pT_phi_h)[0m (Histo Num 46975)
[91mSkipping: (MultiDim_5D_Histo)_(Bayesian)_(SMEAR=Smear)_(Q2_y_Bin_4)_(z_pT_Bin_8)_(MultiDim_Q2_y_z_pT_phi_h)[0m (Histo Num 46976)
[91mSkipping: (MultiDim_5D_Histo)_(Bayesian)_(SMEAR=Smear)_(Q2_y_Bin_4)_(z_pT_Bin_9)_(MultiDim_Q2_y_z_pT_phi_h)[0m (Histo Num 46977)
[91mSkipping: (MultiDim_5D_Histo)_(Bayesian)_(SMEAR=Smear)_(Q2_y_Bin_4)_(z_pT_Bin_10)_(MultiDim_Q2_y_z_pT_phi_h)[0m (Histo Num 46978)
[91mSkipping: (MultiDim_5D_Histo)_(Bayesian)_(SMEAR=Smear)_(Q2_y_Bin_4)_(z_pT_Bin_11)_(MultiDim_Q2_y_z_pT_phi_h)[0m (Histo Num 46979)
[91mSkipping: (MultiDim_5D_Histo)_(Bayesian)_(SMEAR=Smear)_(Q2_y_Bin_4)_(z_pT_Bin_13)_(MultiDim_Q2_y_z_pT_phi_h)[0m (Histo Num 46980)
[91mSkipping: (MultiDim_5D_Histo)_(Bayesian)_(SMEAR=Smear)_(Q2_y_Bin_4)_(z_pT_Bin_14)_(MultiDim_Q2_y_z_pT_phi_h)[0m (Histo Num 46981)
[91mSkipping: (MultiDim_5D_Histo)_(Bayesian)_(SMEAR=Smear)_(Q2_y_Bin_4)_(z_pT_Bin_15)_(MultiDim_Q2_y_z_pT_phi_h)[0m (Histo Num 46982)
[91mSkipping: (MultiDim_5D_Histo)_(Bayesian)_(SMEAR=Smear)_(Q2_y_Bin_4)_(z_pT_Bin_16)_(MultiDim_Q2_y_z_pT_phi_h)[0m (Histo Num 46983)
[91mSkipping: (MultiDim_5D_Histo)_(Bayesian)_(SMEAR=Smear)_(Q2_y_Bin_4)_(z_pT_Bin_17)_(MultiDim_Q2_y_z_pT_phi_h)[0m (Histo Num 46984)
[91mSkipping: (MultiDim_5D_Histo)_(Bayesian)_(SMEAR=Smear)_(Q2_y_Bin_4)_(z_pT_Bin_19)_(MultiDim_Q2_y_z_pT_phi_h)[0m (Histo Num 46985)
[91mSkipping: (MultiDim_5D_Histo)_(Bayesian)_(SMEAR=Smear)_(Q2_y_Bin_4)_(z_pT_Bin_20)_(MultiDim_Q2_y_z_pT_phi_h)[0m (Histo Num 46986)
[91mSkipping: (MultiDim_5D_Histo)_(Bayesian)_(SMEAR=Smear)_(Q2_y_Bin_4)_(z_pT_Bin_21)_(MultiDim_Q2_y_z_pT_phi_h)[0m (Histo Num 46987)
[91mSkipping: (MultiDim_5D_Histo)_(Bayesian)_(SMEAR=Smear)_(Q2_y_Bin_4)_(z_pT_Bin_22)_(MultiDim_Q2_y_z_pT_phi_h)[0m (Histo Num 46988)
[91mSkipping: (MultiDim_5D_Histo)_(Bayesian)_(SMEAR=Smear)_(Q2_y_Bin_4)_(z_pT_Bin_23)_(MultiDim_Q2_y_z_pT_phi_h)[0m (Histo Num 46989)
[91mSkipping: (MultiDim_5D_Histo)_(Bayesian)_(SMEAR=Smear)_(Q2_y_Bin_4)_(z_pT_Bin_25)_(MultiDim_Q2_y_z_pT_phi_h)[0m (Histo Num 46990)
[91mSkipping: (MultiDim_5D_Histo)_(Bayesian)_(SMEAR=Smear)_(Q2_y_Bin_4)_(z_pT_Bin_26)_(MultiDim_Q2_y_z_pT_phi_h)[0m (Histo Num 46991)
[91mSkipping: (MultiDim_5D_Histo)_(Bayesian)_(SMEAR=Smear)_(Q2_y_Bin_4)_(z_pT_Bin_27)_(MultiDim_Q2_y_z_pT_phi_h)[0m (Histo Num 46992)
[91mSkipping: (MultiDim_5D_Histo)_(Bayesian)_(SMEAR=Smear)_(Q2_y_Bin_4)_(z_pT_Bin_28)_(MultiDim_Q2_y_z_pT_phi_h)[0m (Histo Num 46993)
[91mSkipping: (MultiDim_5D_Histo)_(Bayesian)_(SMEAR=Smear)_(Q2_y_Bin_4)_(z_pT_Bin_29)_(MultiDim_Q2_y_z_pT_phi_h)[0m (Histo Num 46994)
[91mSkipping: (MultiDim_5D_Histo)_(Bayesian)_(SMEAR=Smear)_(Q2_y_Bin_4)_(z_pT_Bin_31)_(MultiDim_Q2_y_z_pT_phi_h)[0m (Histo Num 46995)
[91mSkipping: (MultiDim_5D_Histo)_(Bayesian)_(SMEAR=Smear)_(Q2_y_Bin_4)_(z_pT_Bin_32)_(MultiDim_Q2_y_z_pT_phi_h)[0m (Histo Num 46996)
[91mSkipping: (MultiDim_5D_Histo)_(Bayesian)_(SMEAR=Smear)_(Q2_y_Bin_4)_(z_pT_Bin_33)_(MultiDim_Q2_y_z_pT_phi_h)[0m (Histo Num 46997)
[91mSkipping: (MultiDim_5D_Histo)_(Bayesian)_(SMEAR=Smear)_(Q2_y_Bin_4)_(z_pT_Bin_34)_(MultiDim_Q2_y_z_pT_phi_h)[0m (Histo Num 46998)
[91mSkipping: (MultiDim_5D_Histo)_(Bayesian)_(SMEAR=Smear)_(Q2_y_Bin_5)_(z_pT_Bin_1)_(MultiDim_Q2_y_z_pT_phi_h)[0m (Histo Num 47000)
[91mSkipping: (MultiDim_5D_Histo)_(Bayesian)_(SMEAR=Smear)_(Q2_y_Bin_5)_(z_pT_Bin_2)_(MultiDim_Q2_y_z_pT_phi_h)[0m (Histo Num 47001)
[91mSkipping: (MultiDim_5D_Histo)_(Bayesian)_(SMEAR=Smear)_(Q2_y_Bin_5)_(z_pT_Bin_3)_(MultiDim_Q2_y_z_pT_phi_h)[0m (Histo Num 47002)
[91mSkipping: (MultiDim_5D_Histo)_(Bayesian)_(SMEAR=Smear)_(Q2_y_Bin_5)_(z_pT_Bin_4)_(MultiDim_Q2_y_z_pT_phi_h)[0m (Histo Num 47003)
[91mSkipping: (MultiDim_5D_Histo)_(Bayesian)_(SMEAR=Smear)_(Q2_y_Bin_5)_(z_pT_Bin_5)_(MultiDim_Q2_y_z_pT_phi_h)[0m (Histo Num 47004)
[91mSkipping: (MultiDim_5D_Histo)_(Bayesian)_(SMEAR=Smear)_(Q2_y_Bin_5)_(z_pT_Bin_6)_(MultiDim_Q2_y_z_pT_phi_h)[0m (Histo Num 47005)
[91mSkipping: (MultiDim_5D_Histo)_(Bayesian)_(SMEAR=Smear)_(Q2_y_Bin_5)_(z_pT_Bin_7)_(MultiDim_Q2_y_z_pT_phi_h)[0m (Histo Num 47006)
[91mSkipping: (MultiDim_5D_Histo)_(Bayesian)_(SMEAR=Smear)_(Q2_y_Bin_5)_(z_pT_Bin_8)_(MultiDim_Q2_y_z_pT_phi_h)[0m (Histo Num 47007)
[91mSkipping: (MultiDim_5D_Histo)_(Bayesian)_(SMEAR=Smear)_(Q2_y_Bin_5)_(z_pT_Bin_9)_(MultiDim_Q2_y_z_pT_phi_h)[0m (Histo Num 47008)
[91mSkipping: (MultiDim_5D_Histo)_(Bayesian)_(SMEAR=Smear)_(Q2_y_Bin_5)_(z_pT_Bin_10)_(MultiDim_Q2_y_z_pT_phi_h)[0m (Histo Num 47009)
[91mSkipping: (MultiDim_5D_Histo)_(Bayesian)_(SMEAR=Smear)_(Q2_y_Bin_5)_(z_pT_Bin_11)_(MultiDim_Q2_y_z_pT_phi_h)[0m (Histo Num 47010)
[91mSkipping: (MultiDim_5D_Histo)_(Bayesian)_(SMEAR=Smear)_(Q2_y_Bin_5)_(z_pT_Bin_12)_(MultiDim_Q2_y_z_pT_phi_h)[0m (Histo Num 47011)
[91mSkipping: (MultiDim_5D_Histo)_(Bayesian)_(SMEAR=Smear)_(Q2_y_Bin_5)_(z_pT_Bin_13)_(MultiDim_Q2_y_z_pT_phi_h)[0m (Histo Num 47012)
[91mSkipping: (MultiDim_5D_Histo)_(Bayesian)_(SMEAR=Smear)_(Q2_y_Bin_5)_(z_pT_Bin_14)_(MultiDim_Q2_y_z_pT_phi_h)[0m (Histo Num 47013)
[91mSkipping: (MultiDim_5D_Histo)_(Bayesian)_(SMEAR=Smear)_(Q2_y_Bin_5)_(z_pT_Bin_15)_(MultiDim_Q2_y_z_pT_phi_h)[0m (Histo Num 47014)
[91mSkipping: (MultiDim_5D_Histo)_(Bayesian)_(SMEAR=Smear)_(Q2_y_Bin_5)_(z_pT_Bin_16)_(MultiDim_Q2_y_z_pT_phi_h)[0m (Histo Num 47015)
[91mSkipping: (MultiDim_5D_Histo)_(Bayesian)_(SMEAR=Smear)_(Q2_y_Bin_5)_(z_pT_Bin_17)_(MultiDim_Q2_y_z_pT_phi_h)[0m (Histo Num 47016)
[91mSkipping: (MultiDim_5D_Histo)_(Bayesian)_(SMEAR=Smear)_(Q2_y_Bin_5)_(z_pT_Bin_18)_(MultiDim_Q2_y_z_pT_phi_h)[0m (Histo Num 47017)
[91mSkipping: (MultiDim_5D_Histo)_(Bayesian)_(SMEAR=Smear)_(Q2_y_Bin_5)_(z_pT_Bin_19)_(MultiDim_Q2_y_z_pT_phi_h)[0m (Histo Num 47018)
[91mSkipping: (MultiDim_5D_Histo)_(Bayesian)_(SMEAR=Smear)_(Q2_y_Bin_5)_(z_pT_Bin_20)_(MultiDim_Q2_y_z_pT_phi_h)[0m (Histo Num 47019)
[91mSkipping: (MultiDim_5D_Histo)_(Bayesian)_(SMEAR=Smear)_(Q2_y_Bin_5)_(z_pT_Bin_21)_(MultiDim_Q2_y_z_pT_phi_h)[0m (Histo Num 47020)
[91mSkipping: (MultiDim_5D_Histo)_(Bayesian)_(SMEAR=Smear)_(Q2_y_Bin_5)_(z_pT_Bin_22)_(MultiDim_Q2_y_z_pT_phi_h)[0m (Histo Num 47021)
[91mSkipping: (MultiDim_5D_Histo)_(Bayesian)_(SMEAR=Smear)_(Q2_y_Bin_5)_(z_pT_Bin_23)_(MultiDim_Q2_y_z_pT_phi_h)[0m (Histo Num 47022)
[91mSkipping: (MultiDim_5D_Histo)_(Bayesian)_(SMEAR=Smear)_(Q2_y_Bin_5)_(z_pT_Bin_25)_(MultiDim_Q2_y_z_pT_phi_h)[0m (Histo Num 47023)
[91mSkipping: (MultiDim_5D_Histo)_(Bayesian)_(SMEAR=Smear)_(Q2_y_Bin_5)_(z_pT_Bin_26)_(MultiDim_Q2_y_z_pT_phi_h)[0m (Histo Num 47024)
[91mSkipping: (MultiDim_5D_Histo)_(Bayesian)_(SMEAR=Smear)_(Q2_y_Bin_5)_(z_pT_Bin_27)_(MultiDim_Q2_y_z_pT_phi_h)[0m (Histo Num 47025)
[91mSkipping: (MultiDim_5D_Histo)_(Bayesian)_(SMEAR=Smear)_(Q2_y_Bin_5)_(z_pT_Bin_28)_(MultiDim_Q2_y_z_pT_phi_h)[0m (Histo Num 47026)
[91mSkipping: (MultiDim_5D_Histo)_(Bayesian)_(SMEAR=Smear)_(Q2_y_Bin_5)_(z_pT_Bin_29)_(MultiDim_Q2_y_z_pT_phi_h)[0m (Histo Num 47027)
[91mSkipping: (MultiDim_5D_Histo)_(Bayesian)_(SMEAR=Smear)_(Q2_y_Bin_5)_(z_pT_Bin_31)_(MultiDim_Q2_y_z_pT_phi_h)[0m (Histo Num 47028)
[91mSkipping: (MultiDim_5D_Histo)_(Bayesian)_(SMEAR=Smear)_(Q2_y_Bin_5)_(z_pT_Bin_32)_(MultiDim_Q2_y_z_pT_phi_h)[0m (Histo Num 47029)
[91mSkipping: (MultiDim_5D_Histo)_(Bayesian)_(SMEAR=Smear)_(Q2_y_Bin_5)_(z_pT_Bin_33)_(MultiDim_Q2_y_z_pT_phi_h)[0m (Histo Num 47030)
[91mSkipping: (MultiDim_5D_Histo)_(Bayesian)_(SMEAR=Smear)_(Q2_y_Bin_5)_(z_pT_Bin_34)_(MultiDim_Q2_y_z_pT_phi_h)[0m (Histo Num 47031)
[91mSkipping: (MultiDim_5D_Histo)_(Bayesian)_(SMEAR=Smear)_(Q2_y_Bin_6)_(z_pT_Bin_1)_(MultiDim_Q2_y_z_pT_phi_h)[0m (Histo Num 47033)
[91mSkipping: (MultiDim_5D_Histo)_(Bayesian)_(SMEAR=Smear)_(Q2_y_Bin_6)_(z_pT_Bin_2)_(MultiDim_Q2_y_z_pT_phi_h)[0m (Histo Num 47034)
[91mSkipping: (MultiDim_5D_Histo)_(Bayesian)_(SMEAR=Smear)_(Q2_y_Bin_6)_(z_pT_Bin_3)_(MultiDim_Q2_y_z_pT_phi_h)[0m (Histo Num 47035)
[91mSkipping: (MultiDim_5D_Histo)_(Bayesian)_(SMEAR=Smear)_(Q2_y_Bin_6)_(z_pT_Bin_4)_(MultiDim_Q2_y_z_pT_phi_h)[0m (Histo Num 47036)
[91mSkipping: (MultiDim_5D_Histo)_(Bayesian)_(SMEAR=Smear)_(Q2_y_Bin_6)_(z_pT_Bin_5)_(MultiDim_Q2_y_z_pT_phi_h)[0m (Histo Num 47037)
[91mSkipping: (MultiDim_5D_Histo)_(Bayesian)_(SMEAR=Smear)_(Q2_y_Bin_6)_(z_pT_Bin_6)_(MultiDim_Q2_y_z_pT_phi_h)[0m (Histo Num 47038)
[91mSkipping: (MultiDim_5D_Histo)_(Bayesian)_(SMEAR=Smear)_(Q2_y_Bin_6)_(z_pT_Bin_7)_(MultiDim_Q2_y_z_pT_phi_h)[0m (Histo Num 47039)
[91mSkipping: (MultiDim_5D_Histo)_(Bayesian)_(SMEAR=Smear)_(Q2_y_Bin_6)_(z_pT_Bin_8)_(MultiDim_Q2_y_z_pT_phi_h)[0m (Histo Num 47040)
[91mSkipping: (MultiDim_5D_Histo)_(Bayesian)_(SMEAR=Smear)_(Q2_y_Bin_6)_(z_pT_Bin_9)_(MultiDim_Q2_y_z_pT_phi_h)[0m (Histo Num 47041)
[91mSkipping: (MultiDim_5D_Histo)_(Bayesian)_(SMEAR=Smear)_(Q2_y_Bin_6)_(z_pT_Bin_10)_(MultiDim_Q2_y_z_pT_phi_h)[0m (Histo Num 47042)
[91mSkipping: (MultiDim_5D_Histo)_(Bayesian)_(SMEAR=Smear)_(Q2_y_Bin_6)_(z_pT_Bin_11)_(MultiDim_Q2_y_z_pT_phi_h)[0m (Histo Num 47043)
[91mSkipping: (MultiDim_5D_Histo)_(Bayesian)_(SMEAR=Smear)_(Q2_y_Bin_6)_(z_pT_Bin_12)_(MultiDim_Q2_y_z_pT_phi_h)[0m (Histo Num 47044)
[91mSkipping: (MultiDim_5D_Histo)_(Bayesian)_(SMEAR=Smear)_(Q2_y_Bin_6)_(z_pT_Bin_13)_(MultiDim_Q2_y_z_pT_phi_h)[0m (Histo Num 47045)
[91mSkipping: (MultiDim_5D_Histo)_(Bayesian)_(SMEAR=Smear)_(Q2_y_Bin_6)_(z_pT_Bin_14)_(MultiDim_Q2_y_z_pT_phi_h)[0m (Histo Num 47046)
[91mSkipping: (MultiDim_5D_Histo)_(Bayesian)_(SMEAR=Smear)_(Q2_y_Bin_6)_(z_pT_Bin_15)_(MultiDim_Q2_y_z_pT_phi_h)[0m (Histo Num 47047)
[91mSkipping: (MultiDim_5D_Histo)_(Bayesian)_(SMEAR=Smear)_(Q2_y_Bin_6)_(z_pT_Bin_16)_(MultiDim_Q2_y_z_pT_phi_h)[0m (Histo Num 47048)
[91mSkipping: (MultiDim_5D_Histo)_(Bayesian)_(SMEAR=Smear)_(Q2_y_Bin_6)_(z_pT_Bin_17)_(MultiDim_Q2_y_z_pT_phi_h)[0m (Histo Num 47049)
[91mSkipping: (MultiDim_5D_Histo)_(Bayesian)_(SMEAR=Smear)_(Q2_y_Bin_6)_(z_pT_Bin_19)_(MultiDim_Q2_y_z_pT_phi_h)[0m (Histo Num 47050)
[91mSkipping: (MultiDim_5D_Histo)_(Bayesian)_(SMEAR=Smear)_(Q2_y_Bin_6)_(z_pT_Bin_20)_(MultiDim_Q2_y_z_pT_phi_h)[0m (Histo Num 47051)
[91mSkipping: (MultiDim_5D_Histo)_(Bayesian)_(SMEAR=Smear)_(Q2_y_Bin_6)_(z_pT_Bin_21)_(MultiDim_Q2_y_z_pT_phi_h)[0m (Histo Num 47052)
[91mSkipping: (MultiDim_5D_Histo)_(Bayesian)_(SMEAR=Smear)_(Q2_y_Bin_6)_(z_pT_Bin_22)_(MultiDim_Q2_y_z_pT_phi_h)[0m (Histo Num 47053)
[91mSkipping: (MultiDim_5D_Histo)_(Bayesian)_(SMEAR=Smear)_(Q2_y_Bin_6)_(z_pT_Bin_23)_(MultiDim_Q2_y_z_pT_phi_h)[0m (Histo Num 47054)
[91mSkipping: (MultiDim_5D_Histo)_(Bayesian)_(SMEAR=Smear)_(Q2_y_Bin_6)_(z_pT_Bin_25)_(MultiDim_Q2_y_z_pT_phi_h)[0m (Histo Num 47055)
[91mSkipping: (MultiDim_5D_Histo)_(Bayesian)_(SMEAR=Smear)_(Q2_y_Bin_6)_(z_pT_Bin_26)_(MultiDim_Q2_y_z_pT_phi_h)[0m (Histo Num 47056)
[91mSkipping: (MultiDim_5D_Histo)_(Bayesian)_(SMEAR=Smear)_(Q2_y_Bin_6)_(z_pT_Bin_27)_(MultiDim_Q2_y_z_pT_phi_h)[0m (Histo Num 47057)
[91mSkipping: (MultiDim_5D_Histo)_(Bayesian)_(SMEAR=Smear)_(Q2_y_Bin_6)_(z_pT_Bin_28)_(MultiDim_Q2_y_z_pT_phi_h)[0m (Histo Num 47058)
[91mSkipping: (MultiDim_5D_Histo)_(Bayesian)_(SMEAR=Smear)_(Q2_y_Bin_7)_(z_pT_Bin_1)_(MultiDim_Q2_y_z_pT_phi_h)[0m (Histo Num 47060)
[91mSkipping: (MultiDim_5D_Histo)_(Bayesian)_(SMEAR=Smear)_(Q2_y_Bin_7)_(z_pT_Bin_2)_(MultiDim_Q2_y_z_pT_phi_h)[0m (Histo Num 47061)
[91mSkipping: (MultiDim_5D_Histo)_(Bayesian)_(SMEAR=Smear)_(Q2_y_Bin_7)_(z_pT_Bin_3)_(MultiDim_Q2_y_z_pT_phi_h)[0m (Histo Num 47062)
[91mSkipping: (MultiDim_5D_Histo)_(Bayesian)_(SMEAR=Smear)_(Q2_y_Bin_7)_(z_pT_Bin_4)_(MultiDim_Q2_y_z_pT_phi_h)[0m (Histo Num 47063)
[91mSkipping: (MultiDim_5D_Histo)_(Bayesian)_(SMEAR=Smear)_(Q2_y_Bin_7)_(z_pT_Bin_5)_(MultiDim_Q2_y_z_pT_phi_h)[0m (Histo Num 47064)
[91mSkipping: (MultiDim_5D_Histo)_(Bayesian)_(SMEAR=Smear)_(Q2_y_Bin_7)_(z_pT_Bin_7)_(MultiDim_Q2_y_z_pT_phi_h)[0m (Histo Num 47065)
[91mSkipping: (MultiDim_5D_Histo)_(Bayesian)_(SMEAR=Smear)_(Q2_y_Bin_7)_(z_pT_Bin_8)_(MultiDim_Q2_y_z_pT_phi_h)[0m (Histo Num 47066)
[91mSkipping: (MultiDim_5D_Histo)_(Bayesian)_(SMEAR=Smear)_(Q2_y_Bin_7)_(z_pT_Bin_9)_(MultiDim_Q2_y_z_pT_phi_h)[0m (Histo Num 47067)
[91mSkipping: (MultiDim_5D_Histo)_(Bayesian)_(SMEAR=Smear)_(Q2_y_Bin_7)_(z_pT_Bin_10)_(MultiDim_Q2_y_z_pT_phi_h)[0m (Histo Num 47068)
[91mSkipping: (MultiDim_5D_Histo)_(Bayesian)_(SMEAR=Smear)_(Q2_y_Bin_7)_(z_pT_Bin_11)_(MultiDim_Q2_y_z_pT_phi_h)[0m (Histo Num 47069)
[91mSkipping: (MultiDim_5D_Histo)_(Bayesian)_(SMEAR=Smear)_(Q2_y_Bin_7)_(z_pT_Bin_12)_(MultiDim_Q2_y_z_pT_phi_h)[0m (Histo Num 47070)
[91mSkipping: (MultiDim_5D_Histo)_(Bayesian)_(SMEAR=Smear)_(Q2_y_Bin_7)_(z_pT_Bin_13)_(MultiDim_Q2_y_z_pT_phi_h)[0m (Histo Num 47071)
[91mSkipping: (MultiDim_5D_Histo)_(Bayesian)_(SMEAR=Smear)_(Q2_y_Bin_7)_(z_pT_Bin_14)_(MultiDim_Q2_y_z_pT_phi_h)[0m (Histo Num 47072)
[91mSkipping: (MultiDim_5D_Histo)_(Bayesian)_(SMEAR=Smear)_(Q2_y_Bin_7)_(z_pT_Bin_15)_(MultiDim_Q2_y_z_pT_phi_h)[0m (Histo Num 47073)
[91mSkipping: (MultiDim_5D_Histo)_(Bayesian)_(SMEAR=Smear)_(Q2_y_Bin_7)_(z_pT_Bin_16)_(MultiDim_Q2_y_z_pT_phi_h)[0m (Histo Num 47074)
[91mSkipping: (MultiDim_5D_Histo)_(Bayesian)_(SMEAR=Smear)_(Q2_y_Bin_7)_(z_pT_Bin_17)_(MultiDim_Q2_y_z_pT_phi_h)[0m (Histo Num 47075)
[91mSkipping: (MultiDim_5D_Histo)_(Bayesian)_(SMEAR=Smear)_(Q2_y_Bin_7)_(z_pT_Bin_18)_(MultiDim_Q2_y_z_pT_phi_h)[0m (Histo Num 47076)
[91mSkipping: (MultiDim_5D_Histo)_(Bayesian)_(SMEAR=Smear)_(Q2_y_Bin_7)_(z_pT_Bin_19)_(MultiDim_Q2_y_z_pT_phi_h)[0m (Histo Num 47077)
[91mSkipping: (MultiDim_5D_Histo)_(Bayesian)_(SMEAR=Smear)_(Q2_y_Bin_7)_(z_pT_Bin_20)_(MultiDim_Q2_y_z_pT_phi_h)[0m (Histo Num 47078)
[91mSkipping: (MultiDim_5D_Histo)_(Bayesian)_(SMEAR=Smear)_(Q2_y_Bin_7)_(z_pT_Bin_21)_(MultiDim_Q2_y_z_pT_phi_h)[0m (Histo Num 47079)
[91mSkipping: (MultiDim_5D_Histo)_(Bayesian)_(SMEAR=Smear)_(Q2_y_Bin_7)_(z_pT_Bin_22)_(MultiDim_Q2_y_z_pT_phi_h)[0m (Histo Num 47080)
[91mSkipping: (MultiDim_5D_Histo)_(Bayesian)_(SMEAR=Smear)_(Q2_y_Bin_7)_(z_pT_Bin_23)_(MultiDim_Q2_y_z_pT_phi_h)[0m (Histo Num 47081)
[91mSkipping: (MultiDim_5D_Histo)_(Bayesian)_(SMEAR=Smear)_(Q2_y_Bin_7)_(z_pT_Bin_24)_(MultiDim_Q2_y_z_pT_phi_h)[0m (Histo Num 47082)
[91mSkipping: (MultiDim_5D_Histo)_(Bayesian)_(SMEAR=Smear)_(Q2_y_Bin_7)_(z_pT_Bin_25)_(MultiDim_Q2_y_z_pT_phi_h)[0m (Histo Num 47083)
[91mSkipping: (MultiDim_5D_Histo)_(Bayesian)_(SMEAR=Smear)_(Q2_y_Bin_7)_(z_pT_Bin_26)_(MultiDim_Q2_y_z_pT_phi_h)[0m (Histo Num 47084)
[91mSkipping: (MultiDim_5D_Histo)_(Bayesian)_(SMEAR=Smear)_(Q2_y_Bin_7)_(z_pT_Bin_27)_(MultiDim_Q2_y_z_pT_phi_h)[0m (Histo Num 47085)
[91mSkipping: (MultiDim_5D_Histo)_(Bayesian)_(SMEAR=Smear)_(Q2_y_Bin_7)_(z_pT_Bin_28)_(MultiDim_Q2_y_z_pT_phi_h)[0m (Histo Num 47086)
[91mSkipping: (MultiDim_5D_Histo)_(Bayesian)_(SMEAR=Smear)_(Q2_y_Bin_7)_(z_pT_Bin_29)_(MultiDim_Q2_y_z_pT_phi_h)[0m (Histo Num 47087)
[91mSkipping: (MultiDim_5D_Histo)_(Bayesian)_(SMEAR=Smear)_(Q2_y_Bin_7)_(z_pT_Bin_31)_(MultiDim_Q2_y_z_pT_phi_h)[0m (Histo Num 47088)
[91mSkipping: (MultiDim_5D_Histo)_(Bayesian)_(SMEAR=Smear)_(Q2_y_Bin_7)_(z_pT_Bin_32)_(MultiDim_Q2_y_z_pT_phi_h)[0m (Histo Num 47089)
[91mSkipping: (MultiDim_5D_Histo)_(Bayesian)_(SMEAR=Smear)_(Q2_y_Bin_7)_(z_pT_Bin_33)_(MultiDim_Q2_y_z_pT_phi_h)[0m (Histo Num 47090)
[91mSkipping: (MultiDim_5D_Histo)_(Bayesian)_(SMEAR=Smear)_(Q2_y_Bin_7)_(z_pT_Bin_34)_(MultiDim_Q2_y_z_pT_phi_h)[0m (Histo Num 47091)
[91mSkipping: (MultiDim_5D_Histo)_(Bayesian)_(SMEAR=Smear)_(Q2_y_Bin_7)_(z_pT_Bin_35)_(MultiDim_Q2_y_z_pT_phi_h)[0m (Histo Num 47092)
[91mSkipping: (MultiDim_5D_Histo)_(Bayesian)_(SMEAR=Smear)_(Q2_y_Bin_8)_(z_pT_Bin_6)_(MultiDim_Q2_y_z_pT_phi_h)[0m (Histo Num 47094)
[91mSkipping: (MultiDim_5D_Histo)_(Bayesian)_(SMEAR=Smear)_(Q2_y_Bin_8)_(z_pT_Bin_7)_(MultiDim_Q2_y_z_pT_phi_h)[0m (Histo Num 47095)
[91mSkipping: (MultiDim_5D_Histo)_(Bayesian)_(SMEAR=Smear)_(Q2_y_Bin_8)_(z_pT_Bin_8)_(MultiDim_Q2_y_z_pT_phi_h)[0m (Histo Num 47096)
[91mSkipping: (MultiDim_5D_Histo)_(Bayesian)_(SMEAR=Smear)_(Q2_y_Bin_8)_(z_pT_Bin_9)_(MultiDim_Q2_y_z_pT_phi_h)[0m (Histo Num 47097)
[91mSkipping: (MultiDim_5D_Histo)_(Bayesian)_(SMEAR=Smear)_(Q2_y_Bin_8)_(z_pT_Bin_10)_(MultiDim_Q2_y_z_pT_phi_h)[0m (Histo Num 47098)
[91mSkipping: (MultiDim_5D_Histo)_(Bayesian)_(SMEAR=Smear)_(Q2_y_Bin_8)_(z_pT_Bin_11)_(MultiDim_Q2_y_z_pT_phi_h)[0m (Histo Num 47099)
[91mSkipping: (MultiDim_5D_Histo)_(Bayesian)_(SMEAR=Smear)_(Q2_y_Bin_8)_(z_pT_Bin_12)_(MultiDim_Q2_y_z_pT_phi_h)[0m (Histo Num 47100)
[91mSkipping: (MultiDim_5D_Histo)_(Bayesian)_(SMEAR=Smear)_(Q2_y_Bin_8)_(z_pT_Bin_13)_(MultiDim_Q2_y_z_pT_phi_h)[0m (Histo Num 47101)
[91mSkipping: (MultiDim_5D_Histo)_(Bayesian)_(SMEAR=Smear)_(Q2_y_Bin_8)_(z_pT_Bin_14)_(MultiDim_Q2_y_z_pT_phi_h)[0m (Histo Num 47102)
[91mSkipping: (MultiDim_5D_Histo)_(Bayesian)_(SMEAR=Smear)_(Q2_y_Bin_8)_(z_pT_Bin_15)_(MultiDim_Q2_y_z_pT_phi_h)[0m (Histo Num 47103)
[91mSkipping: (MultiDim_5D_Histo)_(Bayesian)_(SMEAR=Smear)_(Q2_y_Bin_8)_(z_pT_Bin_16)_(MultiDim_Q2_y_z_pT_phi_h)[0m (Histo Num 47104)
[91mSkipping: (MultiDim_5D_Histo)_(Bayesian)_(SMEAR=Smear)_(Q2_y_Bin_8)_(z_pT_Bin_17)_(MultiDim_Q2_y_z_pT_phi_h)[0m (Histo Num 47105)
[91mSkipping: (MultiDim_5D_Histo)_(Bayesian)_(SMEAR=Smear)_(Q2_y_Bin_8)_(z_pT_Bin_18)_(MultiDim_Q2_y_z_pT_phi_h)[0m (Histo Num 47106)
[91mSkipping: (MultiDim_5D_Histo)_(Bayesian)_(SMEAR=Smear)_(Q2_y_Bin_8)_(z_pT_Bin_19)_(MultiDim_Q2_y_z_pT_phi_h)[0m (Histo Num 47107)
[91mSkipping: (MultiDim_5D_Histo)_(Bayesian)_(SMEAR=Smear)_(Q2_y_Bin_8)_(z_pT_Bin_20)_(MultiDim_Q2_y_z_pT_phi_h)[0m (Histo Num 47108)
[91mSkipping: (MultiDim_5D_Histo)_(Bayesian)_(SMEAR=Smear)_(Q2_y_Bin_8)_(z_pT_Bin_21)_(MultiDim_Q2_y_z_pT_phi_h)[0m (Histo Num 47109)
[91mSkipping: (MultiDim_5D_Histo)_(Bayesian)_(SMEAR=Smear)_(Q2_y_Bin_8)_(z_pT_Bin_22)_(MultiDim_Q2_y_z_pT_phi_h)[0m (Histo Num 47110)
[91mSkipping: (MultiDim_5D_Histo)_(Bayesian)_(SMEAR=Smear)_(Q2_y_Bin_8)_(z_pT_Bin_23)_(MultiDim_Q2_y_z_pT_phi_h)[0m (Histo Num 47111)
[91mSkipping: (MultiDim_5D_Histo)_(Bayesian)_(SMEAR=Smear)_(Q2_y_Bin_8)_(z_pT_Bin_24)_(MultiDim_Q2_y_z_pT_phi_h)[0m (Histo Num 47112)
[91mSkipping: (MultiDim_5D_Histo)_(Bayesian)_(SMEAR=Smear)_(Q2_y_Bin_8)_(z_pT_Bin_25)_(MultiDim_Q2_y_z_pT_phi_h)[0m (Histo Num 47113)
[91mSkipping: (MultiDim_5D_Histo)_(Bayesian)_(SMEAR=Smear)_(Q2_y_Bin_8)_(z_pT_Bin_26)_(MultiDim_Q2_y_z_pT_phi_h)[0m (Histo Num 47114)
[91mSkipping: (MultiDim_5D_Histo)_(Bayesian)_(SMEAR=Smear)_(Q2_y_Bin_8)_(z_pT_Bin_27)_(MultiDim_Q2_y_z_pT_phi_h)[0m (Histo Num 47115)
[91mSkipping: (MultiDim_5D_Histo)_(Bayesian)_(SMEAR=Smear)_(Q2_y_Bin_8)_(z_pT_Bin_28)_(MultiDim_Q2_y_z_pT_phi_h)[0m (Histo Num 47116)
[91mSkipping: (MultiDim_5D_Histo)_(Bayesian)_(SMEAR=Smear)_(Q2_y_Bin_8)_(z_pT_Bin_29)_(MultiDim_Q2_y_z_pT_phi_h)[0m (Histo Num 47117)
[91mSkipping: (MultiDim_5D_Histo)_(Bayesian)_(SMEAR=Smear)_(Q2_y_Bin_8)_(z_pT_Bin_30)_(MultiDim_Q2_y_z_pT_phi_h)[0m (Histo Num 47118)
[91mSkipping: (MultiDim_5D_Histo)_(Bayesian)_(SMEAR=Smear)_(Q2_y_Bin_8)_(z_pT_Bin_31)_(MultiDim_Q2_y_z_pT_phi_h)[0m (Histo Num 47119)
[91mSkipping: (MultiDim_5D_Histo)_(Bayesian)_(SMEAR=Smear)_(Q2_y_Bin_8)_(z_pT_Bin_32)_(MultiDim_Q2_y_z_pT_phi_h)[0m (Histo Num 47120)
[91mSkipping: (MultiDim_5D_Histo)_(Bayesian)_(SMEAR=Smear)_(Q2_y_Bin_8)_(z_pT_Bin_33)_(MultiDim_Q2_y_z_pT_phi_h)[0m (Histo Num 47121)
[91mSkipping: (MultiDim_5D_Histo)_(Bayesian)_(SMEAR=Smear)_(Q2_y_Bin_8)_(z_pT_Bin_34)_(MultiDim_Q2_y_z_pT_phi_h)[0m (Histo Num 47122)
[91mSkipping: (MultiDim_5D_Histo)_(Bayesian)_(SMEAR=Smear)_(Q2_y_Bin_9)_(z_pT_Bin_1)_(MultiDim_Q2_y_z_pT_phi_h)[0m (Histo Num 47124)
[91mSkipping: (MultiDim_5D_Histo)_(Bayesian)_(SMEAR=Smear)_(Q2_y_Bin_9)_(z_pT_Bin_2)_(MultiDim_Q2_y_z_pT_phi_h)[0m (Histo Num 47125)
[91mSkipping: (MultiDim_5D_Histo)_(Bayesian)_(SMEAR=Smear)_(Q2_y_Bin_9)_(z_pT_Bin_3)_(MultiDim_Q2_y_z_pT_phi_h)[0m (Histo Num 47126)
[91mSkipping: (MultiDim_5D_Histo)_(Bayesian)_(SMEAR=Smear)_(Q2_y_Bin_9)_(z_pT_Bin_4)_(MultiDim_Q2_y_z_pT_phi_h)[0m (Histo Num 47127)
[91mSkipping: (MultiDim_5D_Histo)_(Bayesian)_(SMEAR=Smear)_(Q2_y_Bin_9)_(z_pT_Bin_5)_(MultiDim_Q2_y_z_pT_phi_h)[0m (Histo Num 47128)
[91mSkipping: (MultiDim_5D_Histo)_(Bayesian)_(SMEAR=Smear)_(Q2_y_Bin_9)_(z_pT_Bin_6)_(MultiDim_Q2_y_z_pT_phi_h)[0m (Histo Num 47129)
[91mSkipping: (MultiDim_5D_Histo)_(Bayesian)_(SMEAR=Smear)_(Q2_y_Bin_9)_(z_pT_Bin_7)_(MultiDim_Q2_y_z_pT_phi_h)[0m (Histo Num 47130)
[91mSkipping: (MultiDim_5D_Histo)_(Bayesian)_(SMEAR=Smear)_(Q2_y_Bin_9)_(z_pT_Bin_8)_(MultiDim_Q2_y_z_pT_phi_h)[0m (Histo Num 47131)
[91mSkipping: (MultiDim_5D_Histo)_(Bayesian)_(SMEAR=Smear)_(Q2_y_Bin_9)_(z_pT_Bin_9)_(MultiDim_Q2_y_z_pT_phi_h)[0m (Histo Num 47132)
[91mSkipping: (MultiDim_5D_Histo)_(Bayesian)_(SMEAR=Smear)_(Q2_y_Bin_9)_(z_pT_Bin_10)_(MultiDim_Q2_y_z_pT_phi_h)[0m (Histo Num 47133)
[91mSkipping: (MultiDim_5D_Histo)_(Bayesian)_(SMEAR=Smear)_(Q2_y_Bin_9)_(z_pT_Bin_11)_(MultiDim_Q2_y_z_pT_phi_h)[0m (Histo Num 47134)
[91mSkipping: (MultiDim_5D_Histo)_(Bayesian)_(SMEAR=Smear)_(Q2_y_Bin_9)_(z_pT_Bin_12)_(MultiDim_Q2_y_z_pT_phi_h)[0m (Histo Num 47135)
[91mSkipping: (MultiDim_5D_Histo)_(Bayesian)_(SMEAR=Smear)_(Q2_y_Bin_9)_(z_pT_Bin_13)_(MultiDim_Q2_y_z_pT_phi_h)[0m (Histo Num 47136)
[91mSkipping: (MultiDim_5D_Histo)_(Bayesian)_(SMEAR=Smear)_(Q2_y_Bin_9)_(z_pT_Bin_14)_(MultiDim_Q2_y_z_pT_phi_h)[0m (Histo Num 47137)
[91mSkipping: (MultiDim_5D_Histo)_(Bayesian)_(SMEAR=Smear)_(Q2_y_Bin_9)_(z_pT_Bin_15)_(MultiDim_Q2_y_z_pT_phi_h)[0m (Histo Num 47138)
[91mSkipping: (MultiDim_5D_Histo)_(Bayesian)_(SMEAR=Smear)_(Q2_y_Bin_9)_(z_pT_Bin_16)_(MultiDim_Q2_y_z_pT_phi_h)[0m (Histo Num 47139)
[91mSkipping: (MultiDim_5D_Histo)_(Bayesian)_(SMEAR=Smear)_(Q2_y_Bin_9)_(z_pT_Bin_17)_(MultiDim_Q2_y_z_pT_phi_h)[0m (Histo Num 47140)
[91mSkipping: (MultiDim_5D_Histo)_(Bayesian)_(SMEAR=Smear)_(Q2_y_Bin_9)_(z_pT_Bin_18)_(MultiDim_Q2_y_z_pT_phi_h)[0m (Histo Num 47141)
[91mSkipping: (MultiDim_5D_Histo)_(Bayesian)_(SMEAR=Smear)_(Q2_y_Bin_9)_(z_pT_Bin_19)_(MultiDim_Q2_y_z_pT_phi_h)[0m (Histo Num 47142)
[91mSkipping: (MultiDim_5D_Histo)_(Bayesian)_(SMEAR=Smear)_(Q2_y_Bin_9)_(z_pT_Bin_20)_(MultiDim_Q2_y_z_pT_phi_h)[0m (Histo Num 47143)
[91mSkipping: (MultiDim_5D_Histo)_(Bayesian)_(SMEAR=Smear)_(Q2_y_Bin_9)_(z_pT_Bin_22)_(MultiDim_Q2_y_z_pT_phi_h)[0m (Histo Num 47144)
[91mSkipping: (MultiDim_5D_Histo)_(Bayesian)_(SMEAR=Smear)_(Q2_y_Bin_9)_(z_pT_Bin_23)_(MultiDim_Q2_y_z_pT_phi_h)[0m (Histo Num 47145)
[91mSkipping: (MultiDim_5D_Histo)_(Bayesian)_(SMEAR=Smear)_(Q2_y_Bin_9)_(z_pT_Bin_24)_(MultiDim_Q2_y_z_pT_phi_h)[0m (Histo Num 47146)
[91mSkipping: (MultiDim_5D_Histo)_(Bayesian)_(SMEAR=Smear)_(Q2_y_Bin_9)_(z_pT_Bin_25)_(MultiDim_Q2_y_z_pT_phi_h)[0m (Histo Num 47147)
[91mSkipping: (MultiDim_5D_Histo)_(Bayesian)_(SMEAR=Smear)_(Q2_y_Bin_9)_(z_pT_Bin_26)_(MultiDim_Q2_y_z_pT_phi_h)[0m (Histo Num 47148)
[91mSkipping: (MultiDim_5D_Histo)_(Bayesian)_(SMEAR=Smear)_(Q2_y_Bin_9)_(z_pT_Bin_29)_(MultiDim_Q2_y_z_pT_phi_h)[0m (Histo Num 47149)
[91mSkipping: (MultiDim_5D_Histo)_(Bayesian)_(SMEAR=Smear)_(Q2_y_Bin_9)_(z_pT_Bin_30)_(MultiDim_Q2_y_z_pT_phi_h)[0m (Histo Num 47150)
[91mSkipping: (MultiDim_5D_Histo)_(Bayesian)_(SMEAR=Smear)_(Q2_y_Bin_9)_(z_pT_Bin_31)_(MultiDim_Q2_y_z_pT_phi_h)[0m (Histo Num 47151)
[91mSkipping: (MultiDim_5D_Histo)_(Bayesian)_(SMEAR=Smear)_(Q2_y_Bin_9)_(z_pT_Bin_32)_(MultiDim_Q2_y_z_pT_phi_h)[0m (Histo Num 47152)
[91mSkipping: (MultiDim_5D_Histo)_(Bayesian)_(SMEAR=Smear)_(Q2_y_Bin_10)_(z_pT_Bin_1)_(MultiDim_Q2_y_z_pT_phi_h)[0m (Histo Num 47154)
[91mSkipping: (MultiDim_5D_Histo)_(Bayesian)_(SMEAR=Smear)_(Q2_y_Bin_10)_(z_pT_Bin_2)_(MultiDim_Q2_y_z_pT_phi_h)[0m (Histo Num 47155)
[91mSkipping: (MultiDim_5D_Histo)_(Bayesian)_(SMEAR=Smear)_(Q2_y_Bin_10)_(z_pT_Bin_3)_(MultiDim_Q2_y_z_pT_phi_h)[0m (Histo Num 47156)
[91mSkipping: (MultiDim_5D_Histo)_(Bayesian)_(SMEAR=Smear)_(Q2_y_Bin_10)_(z_pT_Bin_4)_(MultiDim_Q2_y_z_pT_phi_h)[0m (Histo Num 47157)
[91mSkipping: (MultiDim_5D_Histo)_(Bayesian)_(SMEAR=Smear)_(Q2_y_Bin_10)_(z_pT_Bin_5)_(MultiDim_Q2_y_z_pT_phi_h)[0m (Histo Num 47158)
[91mSkipping: (MultiDim_5D_Histo)_(Bayesian)_(SMEAR=Smear)_(Q2_y_Bin_10)_(z_pT_Bin_6)_(MultiDim_Q2_y_z_pT_phi_h)[0m (Histo Num 47159)
[91mSkipping: (MultiDim_5D_Histo)_(Bayesian)_(SMEAR=Smear)_(Q2_y_Bin_10)_(z_pT_Bin_7)_(MultiDim_Q2_y_z_pT_phi_h)[0m (Histo Num 47160)
[91mSkipping: (MultiDim_5D_Histo)_(Bayesian)_(SMEAR=Smear)_(Q2_y_Bin_10)_(z_pT_Bin_8)_(MultiDim_Q2_y_z_pT_phi_h)[0m (Histo Num 47161)
[91mSkipping: (MultiDim_5D_Histo)_(Bayesian)_(SMEAR=Smear)_(Q2_y_Bin_10)_(z_pT_Bin_9)_(MultiDim_Q2_y_z_pT_phi_h)[0m (Histo Num 47162)
[91mSkipping: (MultiDim_5D_Histo)_(Bayesian)_(SMEAR=Smear)_(Q2_y_Bin_10)_(z_pT_Bin_10)_(MultiDim_Q2_y_z_pT_phi_h)[0m (Histo Num 47163)
[91mSkipping: (MultiDim_5D_Histo)_(Bayesian)_(SMEAR=Smear)_(Q2_y_Bin_10)_(z_pT_Bin_11)_(MultiDim_Q2_y_z_pT_phi_h)[0m (Histo Num 47164)
[91mSkipping: (MultiDim_5D_Histo)_(Bayesian)_(SMEAR=Smear)_(Q2_y_Bin_10)_(z_pT_Bin_12)_(MultiDim_Q2_y_z_pT_phi_h)[0m (Histo Num 47165)
[91mSkipping: (MultiDim_5D_Histo)_(Bayesian)_(SMEAR=Smear)_(Q2_y_Bin_10)_(z_pT_Bin_13)_(MultiDim_Q2_y_z_pT_phi_h)[0m (Histo Num 47166)
[91mSkipping: (MultiDim_5D_Histo)_(Bayesian)_(SMEAR=Smear)_(Q2_y_Bin_10)_(z_pT_Bin_14)_(MultiDim_Q2_y_z_pT_phi_h)[0m (Histo Num 47167)
[91mSkipping: (MultiDim_5D_Histo)_(Bayesian)_(SMEAR=Smear)_(Q2_y_Bin_10)_(z_pT_Bin_15)_(MultiDim_Q2_y_z_pT_phi_h)[0m (Histo Num 47168)
[91mSkipping: (MultiDim_5D_Histo)_(Bayesian)_(SMEAR=Smear)_(Q2_y_Bin_10)_(z_pT_Bin_16)_(MultiDim_Q2_y_z_pT_phi_h)[0m (Histo Num 47169)
[91mSkipping: (MultiDim_5D_Histo)_(Bayesian)_(SMEAR=Smear)_(Q2_y_Bin_10)_(z_pT_Bin_17)_(MultiDim_Q2_y_z_pT_phi_h)[0m (Histo Num 47170)
[91mSkipping: (MultiDim_5D_Histo)_(Bayesian)_(SMEAR=Smear)_(Q2_y_Bin_10)_(z_pT_Bin_18)_(MultiDim_Q2_y_z_pT_phi_h)[0m (Histo Num 47171)
[91mSkipping: (MultiDim_5D_Histo)_(Bayesian)_(SMEAR=Smear)_(Q2_y_Bin_10)_(z_pT_Bin_19)_(MultiDim_Q2_y_z_pT_phi_h)[0m (Histo Num 47172)
[91mSkipping: (MultiDim_5D_Histo)_(Bayesian)_(SMEAR=Smear)_(Q2_y_Bin_10)_(z_pT_Bin_20)_(MultiDim_Q2_y_z_pT_phi_h)[0m (Histo Num 47173)
[91mSkipping: (MultiDim_5D_Histo)_(Bayesian)_(SMEAR=Smear)_(Q2_y_Bin_10)_(z_pT_Bin_21)_(MultiDim_Q2_y_z_pT_phi_h)[0m (Histo Num 47174)
[91mSkipping: (MultiDim_5D_Histo)_(Bayesian)_(SMEAR=Smear)_(Q2_y_Bin_10)_(z_pT_Bin_22)_(MultiDim_Q2_y_z_pT_phi_h)[0m (Histo Num 47175)
[91mSkipping: (MultiDim_5D_Histo)_(Bayesian)_(SMEAR=Smear)_(Q2_y_Bin_10)_(z_pT_Bin_23)_(MultiDim_Q2_y_z_pT_phi_h)[0m (Histo Num 47176)
[91mSkipping: (MultiDim_5D_Histo)_(Bayesian)_(SMEAR=Smear)_(Q2_y_Bin_10)_(z_pT_Bin_25)_(MultiDim_Q2_y_z_pT_phi_h)[0m (Histo Num 47177)
[91mSkipping: (MultiDim_5D_Histo)_(Bayesian)_(SMEAR=Smear)_(Q2_y_Bin_10)_(z_pT_Bin_26)_(MultiDim_Q2_y_z_pT_phi_h)[0m (Histo Num 47178)
[91mSkipping: (MultiDim_5D_Histo)_(Bayesian)_(SMEAR=Smear)_(Q2_y_Bin_10)_(z_pT_Bin_27)_(MultiDim_Q2_y_z_pT_phi_h)[0m (Histo Num 47179)
[91mSkipping: (MultiDim_5D_Histo)_(Bayesian)_(SMEAR=Smear)_(Q2_y_Bin_10)_(z_pT_Bin_28)_(MultiDim_Q2_y_z_pT_phi_h)[0m (Histo Num 47180)
[91mSkipping: (MultiDim_5D_Histo)_(Bayesian)_(SMEAR=Smear)_(Q2_y_Bin_10)_(z_pT_Bin_29)_(MultiDim_Q2_y_z_pT_phi_h)[0m (Histo Num 47181)
[91mSkipping: (MultiDim_5D_Histo)_(Bayesian)_(SMEAR=Smear)_(Q2_y_Bin_10)_(z_pT_Bin_31)_(MultiDim_Q2_y_z_pT_phi_h)[0m (Histo Num 47182)
[91mSkipping: (MultiDim_5D_Histo)_(Bayesian)_(SMEAR=Smear)_(Q2_y_Bin_10)_(z_pT_Bin_32)_(MultiDim_Q2_y_z_pT_phi_h)[0m (Histo Num 47183)
[91mSkipping: (MultiDim_5D_Histo)_(Bayesian)_(SMEAR=Smear)_(Q2_y_Bin_10)_(z_pT_Bin_33)_(MultiDim_Q2_y_z_pT_phi_h)[0m (Histo Num 47184)
[91mSkipping: (MultiDim_5D_Histo)_(Bayesian)_(SMEAR=Smear)_(Q2_y_Bin_10)_(z_pT_Bin_34)_(MultiDim_Q2_y_z_pT_phi_h)[0m (Histo Num 47185)
[91mSkipping: (MultiDim_5D_Histo)_(Bayesian)_(SMEAR=Smear)_(Q2_y_Bin_11)_(z_pT_Bin_1)_(MultiDim_Q2_y_z_pT_phi_h)[0m (Histo Num 47187)
[91mSkipping: (MultiDim_5D_Histo)_(Bayesian)_(SMEAR=Smear)_(Q2_y_Bin_11)_(z_pT_Bin_2)_(MultiDim_Q2_y_z_pT_phi_h)[0m (Histo Num 47188)
[91mSkipping: (MultiDim_5D_Histo)_(Bayesian)_(SMEAR=Smear)_(Q2_y_Bin_11)_(z_pT_Bin_3)_(MultiDim_Q2_y_z_pT_phi_h)[0m (Histo Num 47189)
[91mSkipping: (MultiDim_5D_Histo)_(Bayesian)_(SMEAR=Smear)_(Q2_y_Bin_11)_(z_pT_Bin_4)_(MultiDim_Q2_y_z_pT_phi_h)[0m (Histo Num 47190)
[91mSkipping: (MultiDim_5D_Histo)_(Bayesian)_(SMEAR=Smear)_(Q2_y_Bin_11)_(z_pT_Bin_5)_(MultiDim_Q2_y_z_pT_phi_h)[0m (Histo Num 47191)
[91mSkipping: (MultiDim_5D_Histo)_(Bayesian)_(SMEAR=Smear)_(Q2_y_Bin_11)_(z_pT_Bin_6)_(MultiDim_Q2_y_z_pT_phi_h)[0m (Histo Num 47192)
[91mSkipping: (MultiDim_5D_Histo)_(Bayesian)_(SMEAR=Smear)_(Q2_y_Bin_11)_(z_pT_Bin_7)_(MultiDim_Q2_y_z_pT_phi_h)[0m (Histo Num 47193)
[91mSkipping: (MultiDim_5D_Histo)_(Bayesian)_(SMEAR=Smear)_(Q2_y_Bin_11)_(z_pT_Bin_8)_(MultiDim_Q2_y_z_pT_phi_h)[0m (Histo Num 47194)
[91mSkipping: (MultiDim_5D_Histo)_(Bayesian)_(SMEAR=Smear)_(Q2_y_Bin_11)_(z_pT_Bin_9)_(MultiDim_Q2_y_z_pT_phi_h)[0m (Histo Num 47195)
[91mSkipping: (MultiDim_5D_Histo)_(Bayesian)_(SMEAR=Smear)_(Q2_y_Bin_11)_(z_pT_Bin_10)_(MultiDim_Q2_y_z_pT_phi_h)[0m (Histo Num 47196)
[91mSkipping: (MultiDim_5D_Histo)_(Bayesian)_(SMEAR=Smear)_(Q2_y_Bin_11)_(z_pT_Bin_11)_(MultiDim_Q2_y_z_pT_phi_h)[0m (Histo Num 47197)
[91mSkipping: (MultiDim_5D_Histo)_(Bayesian)_(SMEAR=Smear)_(Q2_y_Bin_11)_(z_pT_Bin_12)_(MultiDim_Q2_y_z_pT_phi_h)[0m (Histo Num 47198)
[91mSkipping: (MultiDim_5D_Histo)_(Bayesian)_(SMEAR=Smear)_(Q2_y_Bin_11)_(z_pT_Bin_13)_(MultiDim_Q2_y_z_pT_phi_h)[0m (Histo Num 47199)
[91mSkipping: (MultiDim_5D_Histo)_(Bayesian)_(SMEAR=Smear)_(Q2_y_Bin_11)_(z_pT_Bin_14)_(MultiDim_Q2_y_z_pT_phi_h)[0m (Histo Num 47200)
[91mSkipping: (MultiDim_5D_Histo)_(Bayesian)_(SMEAR=Smear)_(Q2_y_Bin_11)_(z_pT_Bin_15)_(MultiDim_Q2_y_z_pT_phi_h)[0m (Histo Num 47201)
[91mSkipping: (MultiDim_5D_Histo)_(Bayesian)_(SMEAR=Smear)_(Q2_y_Bin_11)_(z_pT_Bin_16)_(MultiDim_Q2_y_z_pT_phi_h)[0m (Histo Num 47202)
[91mSkipping: (MultiDim_5D_Histo)_(Bayesian)_(SMEAR=Smear)_(Q2_y_Bin_11)_(z_pT_Bin_17)_(MultiDim_Q2_y_z_pT_phi_h)[0m (Histo Num 47203)
[91mSkipping: (MultiDim_5D_Histo)_(Bayesian)_(SMEAR=Smear)_(Q2_y_Bin_11)_(z_pT_Bin_18)_(MultiDim_Q2_y_z_pT_phi_h)[0m (Histo Num 47204)
[91mSkipping: (MultiDim_5D_Histo)_(Bayesian)_(SMEAR=Smear)_(Q2_y_Bin_11)_(z_pT_Bin_19)_(MultiDim_Q2_y_z_pT_phi_h)[0m (Histo Num 47205)
[91mSkipping: (MultiDim_5D_Histo)_(Bayesian)_(SMEAR=Smear)_(Q2_y_Bin_11)_(z_pT_Bin_20)_(MultiDim_Q2_y_z_pT_phi_h)[0m (Histo Num 47206)
[91mSkipping: (MultiDim_5D_Histo)_(Bayesian)_(SMEAR=Smear)_(Q2_y_Bin_11)_(z_pT_Bin_21)_(MultiDim_Q2_y_z_pT_phi_h)[0m (Histo Num 47207)
[91mSkipping: (MultiDim_5D_Histo)_(Bayesian)_(SMEAR=Smear)_(Q2_y_Bin_11)_(z_pT_Bin_22)_(MultiDim_Q2_y_z_pT_phi_h)[0m (Histo Num 47208)
[91mSkipping: (MultiDim_5D_Histo)_(Bayesian)_(SMEAR=Smear)_(Q2_y_Bin_11)_(z_pT_Bin_23)_(MultiDim_Q2_y_z_pT_phi_h)[0m (Histo Num 47209)
[91mSkipping: (MultiDim_5D_Histo)_(Bayesian)_(SMEAR=Smear)_(Q2_y_Bin_11)_(z_pT_Bin_24)_(MultiDim_Q2_y_z_pT_phi_h)[0m (Histo Num 47210)
[91mSkipping: (MultiDim_5D_Histo)_(Bayesian)_(SMEAR=Smear)_(Q2_y_Bin_12)_(z_pT_Bin_6)_(MultiDim_Q2_y_z_pT_phi_h)[0m (Histo Num 47212)
[91mSkipping: (MultiDim_5D_Histo)_(Bayesian)_(SMEAR=Smear)_(Q2_y_Bin_12)_(z_pT_Bin_7)_(MultiDim_Q2_y_z_pT_phi_h)[0m (Histo Num 47213)
[91mSkipping: (MultiDim_5D_Histo)_(Bayesian)_(SMEAR=Smear)_(Q2_y_Bin_12)_(z_pT_Bin_8)_(MultiDim_Q2_y_z_pT_phi_h)[0m (Histo Num 47214)
[91mSkipping: (MultiDim_5D_Histo)_(Bayesian)_(SMEAR=Smear)_(Q2_y_Bin_12)_(z_pT_Bin_9)_(MultiDim_Q2_y_z_pT_phi_h)[0m (Histo Num 47215)
[91mSkipping: (MultiDim_5D_Histo)_(Bayesian)_(SMEAR=Smear)_(Q2_y_Bin_12)_(z_pT_Bin_10)_(MultiDim_Q2_y_z_pT_phi_h)[0m (Histo Num 47216)
[91mSkipping: (MultiDim_5D_Histo)_(Bayesian)_(SMEAR=Smear)_(Q2_y_Bin_12)_(z_pT_Bin_11)_(MultiDim_Q2_y_z_pT_phi_h)[0m (Histo Num 47217)
[91mSkipping: (MultiDim_5D_Histo)_(Bayesian)_(SMEAR=Smear)_(Q2_y_Bin_12)_(z_pT_Bin_12)_(MultiDim_Q2_y_z_pT_phi_h)[0m (Histo Num 47218)
[91mSkipping: (MultiDim_5D_Histo)_(Bayesian)_(SMEAR=Smear)_(Q2_y_Bin_12)_(z_pT_Bin_13)_(MultiDim_Q2_y_z_pT_phi_h)[0m (Histo Num 47219)
[91mSkipping: (MultiDim_5D_Histo)_(Bayesian)_(SMEAR=Smear)_(Q2_y_Bin_12)_(z_pT_Bin_14)_(MultiDim_Q2_y_z_pT_phi_h)[0m (Histo Num 47220)
[91mSkipping: (MultiDim_5D_Histo)_(Bayesian)_(SMEAR=Smear)_(Q2_y_Bin_12)_(z_pT_Bin_15)_(MultiDim_Q2_y_z_pT_phi_h)[0m (Histo Num 47221)
[91mSkipping: (MultiDim_5D_Histo)_(Bayesian)_(SMEAR=Smear)_(Q2_y_Bin_12)_(z_pT_Bin_16)_(MultiDim_Q2_y_z_pT_phi_h)[0m (Histo Num 47222)
[91mSkipping: (MultiDim_5D_Histo)_(Bayesian)_(SMEAR=Smear)_(Q2_y_Bin_12)_(z_pT_Bin_17)_(MultiDim_Q2_y_z_pT_phi_h)[0m (Histo Num 47223)
[91mSkipping: (MultiDim_5D_Histo)_(Bayesian)_(SMEAR=Smear)_(Q2_y_Bin_12)_(z_pT_Bin_18)_(MultiDim_Q2_y_z_pT_phi_h)[0m (Histo Num 47224)
[91mSkipping: (MultiDim_5D_Histo)_(Bayesian)_(SMEAR=Smear)_(Q2_y_Bin_12)_(z_pT_Bin_19)_(MultiDim_Q2_y_z_pT_phi_h)[0m (Histo Num 47225)
[91mSkipping: (MultiDim_5D_Histo)_(Bayesian)_(SMEAR=Smear)_(Q2_y_Bin_12)_(z_pT_Bin_20)_(MultiDim_Q2_y_z_pT_phi_h)[0m (Histo Num 47226)
[91mSkipping: (MultiDim_5D_Histo)_(Bayesian)_(SMEAR=Smear)_(Q2_y_Bin_12)_(z_pT_Bin_21)_(MultiDim_Q2_y_z_pT_phi_h)[0m (Histo Num 47227)
[91mSkipping: (MultiDim_5D_Histo)_(Bayesian)_(SMEAR=Smear)_(Q2_y_Bin_12)_(z_pT_Bin_22)_(MultiDim_Q2_y_z_pT_phi_h)[0m (Histo Num 47228)
[91mSkipping: (MultiDim_5D_Histo)_(Bayesian)_(SMEAR=Smear)_(Q2_y_Bin_12)_(z_pT_Bin_23)_(MultiDim_Q2_y_z_pT_phi_h)[0m (Histo Num 47229)
[91mSkipping: (MultiDim_5D_Histo)_(Bayesian)_(SMEAR=Smear)_(Q2_y_Bin_12)_(z_pT_Bin_24)_(MultiDim_Q2_y_z_pT_phi_h)[0m (Histo Num 47230)
[91mSkipping: (MultiDim_5D_Histo)_(Bayesian)_(SMEAR=Smear)_(Q2_y_Bin_13)_(z_pT_Bin_1)_(MultiDim_Q2_y_z_pT_phi_h)[0m (Histo Num 47232)
[91mSkipping: (MultiDim_5D_Histo)_(Bayesian)_(SMEAR=Smear)_(Q2_y_Bin_13)_(z_pT_Bin_2)_(MultiDim_Q2_y_z_pT_phi_h)[0m (Histo Num 47233)
[91mSkipping: (MultiDim_5D_Histo)_(Bayesian)_(SMEAR=Smear)_(Q2_y_Bin_13)_(z_pT_Bin_3)_(MultiDim_Q2_y_z_pT_phi_h)[0m (Histo Num 47234)
[91mSkipping: (MultiDim_5D_Histo)_(Bayesian)_(SMEAR=Smear)_(Q2_y_Bin_13)_(z_pT_Bin_4)_(MultiDim_Q2_y_z_pT_phi_h)[0m (Histo Num 47235)
[91mSkipping: (MultiDim_5D_Histo)_(Bayesian)_(SMEAR=Smear)_(Q2_y_Bin_13)_(z_pT_Bin_5)_(MultiDim_Q2_y_z_pT_phi_h)[0m (Histo Num 47236)
[91mSkipping: (MultiDim_5D_Histo)_(Bayesian)_(SMEAR=Smear)_(Q2_y_Bin_13)_(z_pT_Bin_6)_(MultiDim_Q2_y_z_pT_phi_h)[0m (Histo Num 47237)
[91mSkipping: (MultiDim_5D_Histo)_(Bayesian)_(SMEAR=Smear)_(Q2_y_Bin_13)_(z_pT_Bin_7)_(MultiDim_Q2_y_z_pT_phi_h)[0m (Histo Num 47238)
[91mSkipping: (MultiDim_5D_Histo)_(Bayesian)_(SMEAR=Smear)_(Q2_y_Bin_13)_(z_pT_Bin_8)_(MultiDim_Q2_y_z_pT_phi_h)[0m (Histo Num 47239)
[91mSkipping: (MultiDim_5D_Histo)_(Bayesian)_(SMEAR=Smear)_(Q2_y_Bin_13)_(z_pT_Bin_9)_(MultiDim_Q2_y_z_pT_phi_h)[0m (Histo Num 47240)
[91mSkipping: (MultiDim_5D_Histo)_(Bayesian)_(SMEAR=Smear)_(Q2_y_Bin_13)_(z_pT_Bin_10)_(MultiDim_Q2_y_z_pT_phi_h)[0m (Histo Num 47241)
[91mSkipping: (MultiDim_5D_Histo)_(Bayesian)_(SMEAR=Smear)_(Q2_y_Bin_13)_(z_pT_Bin_11)_(MultiDim_Q2_y_z_pT_phi_h)[0m (Histo Num 47242)
[91mSkipping: (MultiDim_5D_Histo)_(Bayesian)_(SMEAR=Smear)_(Q2_y_Bin_13)_(z_pT_Bin_12)_(MultiDim_Q2_y_z_pT_phi_h)[0m (Histo Num 47243)
[91mSkipping: (MultiDim_5D_Histo)_(Bayesian)_(SMEAR=Smear)_(Q2_y_Bin_13)_(z_pT_Bin_13)_(MultiDim_Q2_y_z_pT_phi_h)[0m (Histo Num 47244)
[91mSkipping: (MultiDim_5D_Histo)_(Bayesian)_(SMEAR=Smear)_(Q2_y_Bin_13)_(z_pT_Bin_14)_(MultiDim_Q2_y_z_pT_phi_h)[0m (Histo Num 47245)
[91mSkipping: (MultiDim_5D_Histo)_(Bayesian)_(SMEAR=Smear)_(Q2_y_Bin_13)_(z_pT_Bin_15)_(MultiDim_Q2_y_z_pT_phi_h)[0m (Histo Num 47246)
[91mSkipping: (MultiDim_5D_Histo)_(Bayesian)_(SMEAR=Smear)_(Q2_y_Bin_13)_(z_pT_Bin_16)_(MultiDim_Q2_y_z_pT_phi_h)[0m (Histo Num 47247)
[91mSkipping: (MultiDim_5D_Histo)_(Bayesian)_(SMEAR=Smear)_(Q2_y_Bin_13)_(z_pT_Bin_17)_(MultiDim_Q2_y_z_pT_phi_h)[0m (Histo Num 47248)
[91mSkipping: (MultiDim_5D_Histo)_(Bayesian)_(SMEAR=Smear)_(Q2_y_Bin_13)_(z_pT_Bin_18)_(MultiDim_Q2_y_z_pT_phi_h)[0m (Histo Num 47249)
[91mSkipping: (MultiDim_5D_Histo)_(Bayesian)_(SMEAR=Smear)_(Q2_y_Bin_13)_(z_pT_Bin_19)_(MultiDim_Q2_y_z_pT_phi_h)[0m (Histo Num 47250)
[91mSkipping: (MultiDim_5D_Histo)_(Bayesian)_(SMEAR=Smear)_(Q2_y_Bin_13)_(z_pT_Bin_21)_(MultiDim_Q2_y_z_pT_phi_h)[0m (Histo Num 47251)
[91mSkipping: (MultiDim_5D_Histo)_(Bayesian)_(SMEAR=Smear)_(Q2_y_Bin_13)_(z_pT_Bin_22)_(MultiDim_Q2_y_z_pT_phi_h)[0m (Histo Num 47252)
[91mSkipping: (MultiDim_5D_Histo)_(Bayesian)_(SMEAR=Smear)_(Q2_y_Bin_13)_(z_pT_Bin_23)_(MultiDim_Q2_y_z_pT_phi_h)[0m (Histo Num 47253)
[91mSkipping: (MultiDim_5D_Histo)_(Bayesian)_(SMEAR=Smear)_(Q2_y_Bin_13)_(z_pT_Bin_24)_(MultiDim_Q2_y_z_pT_phi_h)[0m (Histo Num 47254)
[91mSkipping: (MultiDim_5D_Histo)_(Bayesian)_(SMEAR=Smear)_(Q2_y_Bin_13)_(z_pT_Bin_26)_(MultiDim_Q2_y_z_pT_phi_h)[0m (Histo Num 47255)
[91mSkipping: (MultiDim_5D_Histo)_(Bayesian)_(SMEAR=Smear)_(Q2_y_Bin_13)_(z_pT_Bin_27)_(MultiDim_Q2_y_z_pT_phi_h)[0m (Histo Num 47256)
[91mSkipping: (MultiDim_5D_Histo)_(Bayesian)_(SMEAR=Smear)_(Q2_y_Bin_13)_(z_pT_Bin_28)_(MultiDim_Q2_y_z_pT_phi_h)[0m (Histo Num 47257)
[91mSkipping: (MultiDim_5D_Histo)_(Bayesian)_(SMEAR=Smear)_(Q2_y_Bin_14)_(z_pT_Bin_1)_(MultiDim_Q2_y_z_pT_phi_h)[0m (Histo Num 47259)
[91mSkipping: (MultiDim_5D_Histo)_(Bayesian)_(SMEAR=Smear)_(Q2_y_Bin_14)_(z_pT_Bin_2)_(MultiDim_Q2_y_z_pT_phi_h)[0m (Histo Num 47260)
[91mSkipping: (MultiDim_5D_Histo)_(Bayesian)_(SMEAR=Smear)_(Q2_y_Bin_14)_(z_pT_Bin_3)_(MultiDim_Q2_y_z_pT_phi_h)[0m (Histo Num 47261)
[91mSkipping: (MultiDim_5D_Histo)_(Bayesian)_(SMEAR=Smear)_(Q2_y_Bin_14)_(z_pT_Bin_4)_(MultiDim_Q2_y_z_pT_phi_h)[0m (Histo Num 47262)
[91mSkipping: (MultiDim_5D_Histo)_(Bayesian)_(SMEAR=Smear)_(Q2_y_Bin_14)_(z_pT_Bin_5)_(MultiDim_Q2_y_z_pT_phi_h)[0m (Histo Num 47263)
[91mSkipping: (MultiDim_5D_Histo)_(Bayesian)_(SMEAR=Smear)_(Q2_y_Bin_14)_(z_pT_Bin_6)_(MultiDim_Q2_y_z_pT_phi_h)[0m (Histo Num 47264)
[91mSkipping: (MultiDim_5D_Histo)_(Bayesian)_(SMEAR=Smear)_(Q2_y_Bin_14)_(z_pT_Bin_7)_(MultiDim_Q2_y_z_pT_phi_h)[0m (Histo Num 47265)
[91mSkipping: (MultiDim_5D_Histo)_(Bayesian)_(SMEAR=Smear)_(Q2_y_Bin_14)_(z_pT_Bin_8)_(MultiDim_Q2_y_z_pT_phi_h)[0m (Histo Num 47266)
[91mSkipping: (MultiDim_5D_Histo)_(Bayesian)_(SMEAR=Smear)_(Q2_y_Bin_14)_(z_pT_Bin_9)_(MultiDim_Q2_y_z_pT_phi_h)[0m (Histo Num 47267)
[91mSkipping: (MultiDim_5D_Histo)_(Bayesian)_(SMEAR=Smear)_(Q2_y_Bin_14)_(z_pT_Bin_10)_(MultiDim_Q2_y_z_pT_phi_h)[0m (Histo Num 47268)
[91mSkipping: (MultiDim_5D_Histo)_(Bayesian)_(SMEAR=Smear)_(Q2_y_Bin_14)_(z_pT_Bin_11)_(MultiDim_Q2_y_z_pT_phi_h)[0m (Histo Num 47269)
[91mSkipping: (MultiDim_5D_Histo)_(Bayesian)_(SMEAR=Smear)_(Q2_y_Bin_14)_(z_pT_Bin_12)_(MultiDim_Q2_y_z_pT_phi_h)[0m (Histo Num 47270)
[91mSkipping: (MultiDim_5D_Histo)_(Bayesian)_(SMEAR=Smear)_(Q2_y_Bin_14)_(z_pT_Bin_13)_(MultiDim_Q2_y_z_pT_phi_h)[0m (Histo Num 47271)
[91mSkipping: (MultiDim_5D_Histo)_(Bayesian)_(SMEAR=Smear)_(Q2_y_Bin_14)_(z_pT_Bin_14)_(MultiDim_Q2_y_z_pT_phi_h)[0m (Histo Num 47272)
[91mSkipping: (MultiDim_5D_Histo)_(Bayesian)_(SMEAR=Smear)_(Q2_y_Bin_14)_(z_pT_Bin_15)_(MultiDim_Q2_y_z_pT_phi_h)[0m (Histo Num 47273)
[91mSkipping: (MultiDim_5D_Histo)_(Bayesian)_(SMEAR=Smear)_(Q2_y_Bin_14)_(z_pT_Bin_16)_(MultiDim_Q2_y_z_pT_phi_h)[0m (Histo Num 47274)
[91mSkipping: (MultiDim_5D_Histo)_(Bayesian)_(SMEAR=Smear)_(Q2_y_Bin_14)_(z_pT_Bin_17)_(MultiDim_Q2_y_z_pT_phi_h)[0m (Histo Num 47275)
[91mSkipping: (MultiDim_5D_Histo)_(Bayesian)_(SMEAR=Smear)_(Q2_y_Bin_14)_(z_pT_Bin_18)_(MultiDim_Q2_y_z_pT_phi_h)[0m (Histo Num 47276)
[91mSkipping: (MultiDim_5D_Histo)_(Bayesian)_(SMEAR=Smear)_(Q2_y_Bin_14)_(z_pT_Bin_19)_(MultiDim_Q2_y_z_pT_phi_h)[0m (Histo Num 47277)
[91mSkipping: (MultiDim_5D_Histo)_(Bayesian)_(SMEAR=Smear)_(Q2_y_Bin_14)_(z_pT_Bin_20)_(MultiDim_Q2_y_z_pT_phi_h)[0m (Histo Num 47278)
[91mSkipping: (MultiDim_5D_Histo)_(Bayesian)_(SMEAR=Smear)_(Q2_y_Bin_14)_(z_pT_Bin_21)_(MultiDim_Q2_y_z_pT_phi_h)[0m (Histo Num 47279)
[91mSkipping: (MultiDim_5D_Histo)_(Bayesian)_(SMEAR=Smear)_(Q2_y_Bin_14)_(z_pT_Bin_22)_(MultiDim_Q2_y_z_pT_phi_h)[0m (Histo Num 47280)
[91mSkipping: (MultiDim_5D_Histo)_(Bayesian)_(SMEAR=Smear)_(Q2_y_Bin_14)_(z_pT_Bin_23)_(MultiDim_Q2_y_z_pT_phi_h)[0m (Histo Num 47281)
[91mSkipping: (MultiDim_5D_Histo)_(Bayesian)_(SMEAR=Smear)_(Q2_y_Bin_14)_(z_pT_Bin_25)_(MultiDim_Q2_y_z_pT_phi_h)[0m (Histo Num 47282)
[91mSkipping: (MultiDim_5D_Histo)_(Bayesian)_(SMEAR=Smear)_(Q2_y_Bin_14)_(z_pT_Bin_26)_(MultiDim_Q2_y_z_pT_phi_h)[0m (Histo Num 47283)
[91mSkipping: (MultiDim_5D_Histo)_(Bayesian)_(SMEAR=Smear)_(Q2_y_Bin_14)_(z_pT_Bin_27)_(MultiDim_Q2_y_z_pT_phi_h)[0m (Histo Num 47284)
[91mSkipping: (MultiDim_5D_Histo)_(Bayesian)_(SMEAR=Smear)_(Q2_y_Bin_14)_(z_pT_Bin_28)_(MultiDim_Q2_y_z_pT_phi_h)[0m (Histo Num 47285)
[91mSkipping: (MultiDim_5D_Histo)_(Bayesian)_(SMEAR=Smear)_(Q2_y_Bin_14)_(z_pT_Bin_29)_(MultiDim_Q2_y_z_pT_phi_h)[0m (Histo Num 47286)
[91mSkipping: (MultiDim_5D_Histo)_(Bayesian)_(SMEAR=Smear)_(Q2_y_Bin_14)_(z_pT_Bin_31)_(MultiDim_Q2_y_z_pT_phi_h)[0m (Histo Num 47287)
[91mSkipping: (MultiDim_5D_Histo)_(Bayesian)_(SMEAR=Smear)_(Q2_y_Bin_14)_(z_pT_Bin_32)_(MultiDim_Q2_y_z_pT_phi_h)[0m (Histo Num 47288)
[91mSkipping: (MultiDim_5D_Histo)_(Bayesian)_(SMEAR=Smear)_(Q2_y_Bin_14)_(z_pT_Bin_33)_(MultiDim_Q2_y_z_pT_phi_h)[0m (Histo Num 47289)
[91mSkipping: (MultiDim_5D_Histo)_(Bayesian)_(SMEAR=Smear)_(Q2_y_Bin_14)_(z_pT_Bin_34)_(MultiDim_Q2_y_z_pT_phi_h)[0m (Histo Num 47290)
[91mSkipping: (MultiDim_5D_Histo)_(Bayesian)_(SMEAR=Smear)_(Q2_y_Bin_15)_(z_pT_Bin_1)_(MultiDim_Q2_y_z_pT_phi_h)[0m (Histo Num 47292)
[91mSkipping: (MultiDim_5D_Histo)_(Bayesian)_(SMEAR=Smear)_(Q2_y_Bin_15)_(z_pT_Bin_2)_(MultiDim_Q2_y_z_pT_phi_h)[0m (Histo Num 47293)
[91mSkipping: (MultiDim_5D_Histo)_(Bayesian)_(SMEAR=Smear)_(Q2_y_Bin_15)_(z_pT_Bin_3)_(MultiDim_Q2_y_z_pT_phi_h)[0m (Histo Num 47294)
[91mSkipping: (MultiDim_5D_Histo)_(Bayesian)_(SMEAR=Smear)_(Q2_y_Bin_15)_(z_pT_Bin_4)_(MultiDim_Q2_y_z_pT_phi_h)[0m (Histo Num 47295)
[91mSkipping: (MultiDim_5D_Histo)_(Bayesian)_(SMEAR=Smear)_(Q2_y_Bin_15)_(z_pT_Bin_6)_(MultiDim_Q2_y_z_pT_phi_h)[0m (Histo Num 47296)
[91mSkipping: (MultiDim_5D_Histo)_(Bayesian)_(SMEAR=Smear)_(Q2_y_Bin_15)_(z_pT_Bin_7)_(MultiDim_Q2_y_z_pT_phi_h)[0m (Histo Num 47297)
[91mSkipping: (MultiDim_5D_Histo)_(Bayesian)_(SMEAR=Smear)_(Q2_y_Bin_15)_(z_pT_Bin_8)_(MultiDim_Q2_y_z_pT_phi_h)[0m (Histo Num 47298)
[91mSkipping: (MultiDim_5D_Histo)_(Bayesian)_(SMEAR=Smear)_(Q2_y_Bin_15)_(z_pT_Bin_9)_(MultiDim_Q2_y_z_pT_phi_h)[0m (Histo Num 47299)
[91mSkipping: (MultiDim_5D_Histo)_(Bayesian)_(SMEAR=Smear)_(Q2_y_Bin_15)_(z_pT_Bin_10)_(MultiDim_Q2_y_z_pT_phi_h)[0m (Histo Num 47300)
[91mSkipping: (MultiDim_5D_Histo)_(Bayesian)_(SMEAR=Smear)_(Q2_y_Bin_15)_(z_pT_Bin_11)_(MultiDim_Q2_y_z_pT_phi_h)[0m (Histo Num 47301)
[91mSkipping: (MultiDim_5D_Histo)_(Bayesian)_(SMEAR=Smear)_(Q2_y_Bin_15)_(z_pT_Bin_12)_(MultiDim_Q2_y_z_pT_phi_h)[0m (Histo Num 47302)
[91mSkipping: (MultiDim_5D_Histo)_(Bayesian)_(SMEAR=Smear)_(Q2_y_Bin_15)_(z_pT_Bin_13)_(MultiDim_Q2_y_z_pT_phi_h)[0m (Histo Num 47303)
[91mSkipping: (MultiDim_5D_Histo)_(Bayesian)_(SMEAR=Smear)_(Q2_y_Bin_15)_(z_pT_Bin_14)_(MultiDim_Q2_y_z_pT_phi_h)[0m (Histo Num 47304)
[91mSkipping: (MultiDim_5D_Histo)_(Bayesian)_(SMEAR=Smear)_(Q2_y_Bin_15)_(z_pT_Bin_15)_(MultiDim_Q2_y_z_pT_phi_h)[0m (Histo Num 47305)
[91mSkipping: (MultiDim_5D_Histo)_(Bayesian)_(SMEAR=Smear)_(Q2_y_Bin_15)_(z_pT_Bin_16)_(MultiDim_Q2_y_z_pT_phi_h)[0m (Histo Num 47306)
[91mSkipping: (MultiDim_5D_Histo)_(Bayesian)_(SMEAR=Smear)_(Q2_y_Bin_15)_(z_pT_Bin_17)_(MultiDim_Q2_y_z_pT_phi_h)[0m (Histo Num 47307)
[91mSkipping: (MultiDim_5D_Histo)_(Bayesian)_(SMEAR=Smear)_(Q2_y_Bin_15)_(z_pT_Bin_18)_(MultiDim_Q2_y_z_pT_phi_h)[0m (Histo Num 47308)
[91mSkipping: (MultiDim_5D_Histo)_(Bayesian)_(SMEAR=Smear)_(Q2_y_Bin_15)_(z_pT_Bin_19)_(MultiDim_Q2_y_z_pT_phi_h)[0m (Histo Num 47309)
[91mSkipping: (MultiDim_5D_Histo)_(Bayesian)_(SMEAR=Smear)_(Q2_y_Bin_15)_(z_pT_Bin_21)_(MultiDim_Q2_y_z_pT_phi_h)[0m (Histo Num 47310)
[91mSkipping: (MultiDim_5D_Histo)_(Bayesian)_(SMEAR=Smear)_(Q2_y_Bin_15)_(z_pT_Bin_22)_(MultiDim_Q2_y_z_pT_phi_h)[0m (Histo Num 47311)
[91mSkipping: (MultiDim_5D_Histo)_(Bayesian)_(SMEAR=Smear)_(Q2_y_Bin_15)_(z_pT_Bin_23)_(MultiDim_Q2_y_z_pT_phi_h)[0m (Histo Num 47312)
[91mSkipping: (MultiDim_5D_Histo)_(Bayesian)_(SMEAR=Smear)_(Q2_y_Bin_15)_(z_pT_Bin_24)_(MultiDim_Q2_y_z_pT_phi_h)[0m (Histo Num 47313)
[91mSkipping: (MultiDim_5D_Histo)_(Bayesian)_(SMEAR=Smear)_(Q2_y_Bin_16)_(z_pT_Bin_1)_(MultiDim_Q2_y_z_pT_phi_h)[0m (Histo Num 47315)
[91mSkipping: (MultiDim_5D_Histo)_(Bayesian)_(SMEAR=Smear)_(Q2_y_Bin_16)_(z_pT_Bin_2)_(MultiDim_Q2_y_z_pT_phi_h)[0m (Histo Num 47316)
[91mSkipping: (MultiDim_5D_Histo)_(Bayesian)_(SMEAR=Smear)_(Q2_y_Bin_16)_(z_pT_Bin_3)_(MultiDim_Q2_y_z_pT_phi_h)[0m (Histo Num 47317)
[91mSkipping: (MultiDim_5D_Histo)_(Bayesian)_(SMEAR=Smear)_(Q2_y_Bin_16)_(z_pT_Bin_4)_(MultiDim_Q2_y_z_pT_phi_h)[0m (Histo Num 47318)
[91mSkipping: (MultiDim_5D_Histo)_(Bayesian)_(SMEAR=Smear)_(Q2_y_Bin_16)_(z_pT_Bin_5)_(MultiDim_Q2_y_z_pT_phi_h)[0m (Histo Num 47319)
[91mSkipping: (MultiDim_5D_Histo)_(Bayesian)_(SMEAR=Smear)_(Q2_y_Bin_16)_(z_pT_Bin_6)_(MultiDim_Q2_y_z_pT_phi_h)[0m (Histo Num 47320)
[91mSkipping: (MultiDim_5D_Histo)_(Bayesian)_(SMEAR=Smear)_(Q2_y_Bin_16)_(z_pT_Bin_7)_(MultiDim_Q2_y_z_pT_phi_h)[0m (Histo Num 47321)
[91mSkipping: (MultiDim_5D_Histo)_(Bayesian)_(SMEAR=Smear)_(Q2_y_Bin_16)_(z_pT_Bin_8)_(MultiDim_Q2_y_z_pT_phi_h)[0m (Histo Num 47322)
[91mSkipping: (MultiDim_5D_Histo)_(Bayesian)_(SMEAR=Smear)_(Q2_y_Bin_16)_(z_pT_Bin_9)_(MultiDim_Q2_y_z_pT_phi_h)[0m (Histo Num 47323)
[91mSkipping: (MultiDim_5D_Histo)_(Bayesian)_(SMEAR=Smear)_(Q2_y_Bin_16)_(z_pT_Bin_10)_(MultiDim_Q2_y_z_pT_phi_h)[0m (Histo Num 47324)
[91mSkipping: (MultiDim_5D_Histo)_(Bayesian)_(SMEAR=Smear)_(Q2_y_Bin_16)_(z_pT_Bin_11)_(MultiDim_Q2_y_z_pT_phi_h)[0m (Histo Num 47325)
[91mSkipping: (MultiDim_5D_Histo)_(Bayesian)_(SMEAR=Smear)_(Q2_y_Bin_16)_(z_pT_Bin_12)_(MultiDim_Q2_y_z_pT_phi_h)[0m (Histo Num 47326)
[91mSkipping: (MultiDim_5D_Histo)_(Bayesian)_(SMEAR=Smear)_(Q2_y_Bin_16)_(z_pT_Bin_13)_(MultiDim_Q2_y_z_pT_phi_h)[0m (Histo Num 47327)
[91mSkipping: (MultiDim_5D_Histo)_(Bayesian)_(SMEAR=Smear)_(Q2_y_Bin_16)_(z_pT_Bin_14)_(MultiDim_Q2_y_z_pT_phi_h)[0m (Histo Num 47328)
[91mSkipping: (MultiDim_5D_Histo)_(Bayesian)_(SMEAR=Smear)_(Q2_y_Bin_16)_(z_pT_Bin_15)_(MultiDim_Q2_y_z_pT_phi_h)[0m (Histo Num 47329)
[91mSkipping: (MultiDim_5D_Histo)_(Bayesian)_(SMEAR=Smear)_(Q2_y_Bin_16)_(z_pT_Bin_16)_(MultiDim_Q2_y_z_pT_phi_h)[0m (Histo Num 47330)
[91mSkipping: (MultiDim_5D_Histo)_(Bayesian)_(SMEAR=Smear)_(Q2_y_Bin_16)_(z_pT_Bin_17)_(MultiDim_Q2_y_z_pT_phi_h)[0m (Histo Num 47331)
[91mSkipping: (MultiDim_5D_Histo)_(Bayesian)_(SMEAR=Smear)_(Q2_y_Bin_16)_(z_pT_Bin_19)_(MultiDim_Q2_y_z_pT_phi_h)[0m (Histo Num 47332)
[91mSkipping: (MultiDim_5D_Histo)_(Bayesian)_(SMEAR=Smear)_(Q2_y_Bin_16)_(z_pT_Bin_20)_(MultiDim_Q2_y_z_pT_phi_h)[0m (Histo Num 47333)
[91mSkipping: (MultiDim_5D_Histo)_(Bayesian)_(SMEAR=Smear)_(Q2_y_Bin_16)_(z_pT_Bin_21)_(MultiDim_Q2_y_z_pT_phi_h)[0m (Histo Num 47334)
[91mSkipping: (MultiDim_5D_Histo)_(Bayesian)_(SMEAR=Smear)_(Q2_y_Bin_16)_(z_pT_Bin_22)_(MultiDim_Q2_y_z_pT_phi_h)[0m (Histo Num 47335)
[91mSkipping: (MultiDim_5D_Histo)_(Bayesian)_(SMEAR=Smear)_(Q2_y_Bin_16)_(z_pT_Bin_25)_(MultiDim_Q2_y_z_pT_phi_h)[0m (Histo Num 47336)
[91mSkipping: (MultiDim_5D_Histo)_(Bayesian)_(SMEAR=Smear)_(Q2_y_Bin_16)_(z_pT_Bin_26)_(MultiDim_Q2_y_z_pT_phi_h)[0m (Histo Num 47337)
[91mSkipping: (MultiDim_5D_Histo)_(Bayesian)_(SMEAR=Smear)_(Q2_y_Bin_16)_(z_pT_Bin_27)_(MultiDim_Q2_y_z_pT_phi_h)[0m (Histo Num 47338)
[91mSkipping: (MultiDim_5D_Histo)_(Bayesian)_(SMEAR=Smear)_(Q2_y_Bin_17)_(z_pT_Bin_1)_(MultiDim_Q2_y_z_pT_phi_h)[0m (Histo Num 47340)
[91mSkipping: (MultiDim_5D_Histo)_(Bayesian)_(SMEAR=Smear)_(Q2_y_Bin_17)_(z_pT_Bin_2)_(MultiDim_Q2_y_z_pT_phi_h)[0m (Histo Num 47341)
[91mSkipping: (MultiDim_5D_Histo)_(Bayesian)_(SMEAR=Smear)_(Q2_y_Bin_17)_(z_pT_Bin_3)_(MultiDim_Q2_y_z_pT_phi_h)[0m (Histo Num 47342)
[91mSkipping: (MultiDim_5D_Histo)_(Bayesian)_(SMEAR=Smear)_(Q2_y_Bin_17)_(z_pT_Bin_4)_(MultiDim_Q2_y_z_pT_phi_h)[0m (Histo Num 47343)
[91mSkipping: (MultiDim_5D_Histo)_(Bayesian)_(SMEAR=Smear)_(Q2_y_Bin_17)_(z_pT_Bin_5)_(MultiDim_Q2_y_z_pT_phi_h)[0m (Histo Num 47344)
[91mSkipping: (MultiDim_5D_Histo)_(Bayesian)_(SMEAR=Smear)_(Q2_y_Bin_17)_(z_pT_Bin_6)_(MultiDim_Q2_y_z_pT_phi_h)[0m (Histo Num 47345)
[91mSkipping: (MultiDim_5D_Histo)_(Bayesian)_(SMEAR=Smear)_(Q2_y_Bin_17)_(z_pT_Bin_7)_(MultiDim_Q2_y_z_pT_phi_h)[0m (Histo Num 47346)
[91mSkipping: (MultiDim_5D_Histo)_(Bayesian)_(SMEAR=Smear)_(Q2_y_Bin_17)_(z_pT_Bin_8)_(MultiDim_Q2_y_z_pT_phi_h)[0m (Histo Num 47347)
[91mSkipping: (MultiDim_5D_Histo)_(Bayesian)_(SMEAR=Smear)_(Q2_y_Bin_17)_(z_pT_Bin_9)_(MultiDim_Q2_y_z_pT_phi_h)[0m (Histo Num 47348)
[91mSkipping: (MultiDim_5D_Histo)_(Bayesian)_(SMEAR=Smear)_(Q2_y_Bin_17)_(z_pT_Bin_10)_(MultiDim_Q2_y_z_pT_phi_h)[0m (Histo Num 47349)
[91mSkipping: (MultiDim_5D_Histo)_(Bayesian)_(SMEAR=Smear)_(Q2_y_Bin_17)_(z_pT_Bin_11)_(MultiDim_Q2_y_z_pT_phi_h)[0m (Histo Num 47350)
[91mSkipping: (MultiDim_5D_Histo)_(Bayesian)_(SMEAR=Smear)_(Q2_y_Bin_17)_(z_pT_Bin_12)_(MultiDim_Q2_y_z_pT_phi_h)[0m (Histo Num 47351)
[91mSkipping: (MultiDim_5D_Histo)_(Bayesian)_(SMEAR=Smear)_(Q2_y_Bin_17)_(z_pT_Bin_13)_(MultiDim_Q2_y_z_pT_phi_h)[0m (Histo Num 47352)
[91mSkipping: (MultiDim_5D_Histo)_(Bayesian)_(SMEAR=Smear)_(Q2_y_Bin_17)_(z_pT_Bin_14)_(MultiDim_Q2_y_z_pT_phi_h)[0m (Histo Num 47353)
[91mSkipping: (MultiDim_5D_Histo)_(Bayesian)_(SMEAR=Smear)_(Q2_y_Bin_17)_(z_pT_Bin_15)_(MultiDim_Q2_y_z_pT_phi_h)[0m (Histo Num 47354)
[91mSkipping: (MultiDim_5D_Histo)_(Bayesian)_(SMEAR=Smear)_(Q2_y_Bin_17)_(z_pT_Bin_16)_(MultiDim_Q2_y_z_pT_phi_h)[0m (Histo Num 47355)
[91mSkipping: (MultiDim_5D_Histo)_(Bayesian)_(SMEAR=Smear)_(Q2_y_Bin_17)_(z_pT_Bin_17)_(MultiDim_Q2_y_z_pT_phi_h)[0m (Histo Num 47356)
[91mSkipping: (MultiDim_5D_Histo)_(Bayesian)_(SMEAR=Smear)_(Q2_y_Bin_17)_(z_pT_Bin_18)_(MultiDim_Q2_y_z_pT_phi_h)[0m (Histo Num 47357)
[91mSkipping: (MultiDim_5D_Histo)_(Bayesian)_(SMEAR=Smear)_(Q2_y_Bin_17)_(z_pT_Bin_19)_(MultiDim_Q2_y_z_pT_phi_h)[0m (Histo Num 47358)
[91mSkipping: (MultiDim_5D_Histo)_(Bayesian)_(SMEAR=Smear)_(Q2_y_Bin_17)_(z_pT_Bin_20)_(MultiDim_Q2_y_z_pT_phi_h)[0m (Histo Num 47359)
[91mSkipping: (MultiDim_5D_Histo)_(Bayesian)_(SMEAR=Smear)_(Q2_y_Bin_17)_(z_pT_Bin_21)_(MultiDim_Q2_y_z_pT_phi_h)[0m (Histo Num 47360)
[91mSkipping: (MultiDim_5D_Histo)_(Bayesian)_(SMEAR=Smear)_(Q2_y_Bin_17)_(z_pT_Bin_22)_(MultiDim_Q2_y_z_pT_phi_h)[0m (Histo Num 47361)
[91mSkipping: (MultiDim_5D_Histo)_(Bayesian)_(SMEAR=Smear)_(Q2_y_Bin_17)_(z_pT_Bin_23)_(MultiDim_Q2_y_z_pT_phi_h)[0m (Histo Num 47362)
[91mSkipping: (MultiDim_5D_Histo)_(Bayesian)_(SMEAR=Smear)_(Q2_y_Bin_17)_(z_pT_Bin_25)_(MultiDim_Q2_y_z_pT_phi_h)[0m (Histo Num 47363)
[91mSkipping: (MultiDim_5D_Histo)_(Bayesian)_(SMEAR=Smear)_(Q2_y_Bin_17)_(z_pT_Bin_26)_(MultiDim_Q2_y_z_pT_phi_h)[0m (Histo Num 47364)
[91mSkipping: (MultiDim_5D_Histo)_(Bayesian)_(SMEAR=Smear)_(Q2_y_Bin_17)_(z_pT_Bin_27)_(MultiDim_Q2_y_z_pT_phi_h)[0m (Histo Num 47365)
[91mSkipping: (MultiDim_5D_Histo)_(Bayesian)_(SMEAR=Smear)_(Q2_y_Bin_17)_(z_pT_Bin_28)_(MultiDim_Q2_y_z_pT_phi_h)[0m (Histo Num 47366)
[91mSkipping: (MultiDim_5D_Histo)_(RC_Bayesian)_(SMEAR=Smear)_(Q2_y_Bin_1)_(z_pT_Bin_1)_(MultiDim_Q2_y_z_pT_phi_h)[0m (Histo Num 47371)
[91mSkipping: (MultiDim_5D_Histo)_(RC_Bayesian)_(SMEAR=Smear)_(Q2_y_Bin_1)_(z_pT_Bin_2)_(MultiDim_Q2_y_z_pT_phi_h)[0m (Histo Num 47372)
[91mSkipping: (MultiDim_5D_Histo)_(RC_Bayesian)_(SMEAR=Smear)_(Q2_y_Bin_1)_(z_pT_Bin_3)_(MultiDim_Q2_y_z_pT_phi_h)[0m (Histo Num 47373)
[91mSkipping: (MultiDim_5D_Histo)_(RC_Bayesian)_(SMEAR=Smear)_(Q2_y_Bin_1)_(z_pT_Bin_4)_(MultiDim_Q2_y_z_pT_phi_h)[0m (Histo Num 47374)
[91mSkipping: (MultiDim_5D_Histo)_(RC_Bayesian)_(SMEAR=Smear)_(Q2_y_Bin_1)_(z_pT_Bin_5)_(MultiDim_Q2_y_z_pT_phi_h)[0m (Histo Num 47375)
[91mSkipping: (MultiDim_5D_Histo)_(RC_Bayesian)_(SMEAR=Smear)_(Q2_y_Bin_1)_(z_pT_Bin_6)_(MultiDim_Q2_y_z_pT_phi_h)[0m (Histo Num 47376)
[91mSkipping: (MultiDim_5D_Histo)_(RC_Bayesian)_(SMEAR=Smear)_(Q2_y_Bin_1)_(z_pT_Bin_7)_(MultiDim_Q2_y_z_pT_phi_h)[0m (Histo Num 47377)
[91mSkipping: (MultiDim_5D_Histo)_(RC_Bayesian)_(SMEAR=Smear)_(Q2_y_Bin_1)_(z_pT_Bin_8)_(MultiDim_Q2_y_z_pT_phi_h)[0m (Histo Num 47378)
[91mSkipping: (MultiDim_5D_Histo)_(RC_Bayesian)_(SMEAR=Smear)_(Q2_y_Bin_1)_(z_pT_Bin_9)_(MultiDim_Q2_y_z_pT_phi_h)[0m (Histo Num 47379)
[91mSkipping: (MultiDim_5D_Histo)_(RC_Bayesian)_(SMEAR=Smear)_(Q2_y_Bin_1)_(z_pT_Bin_10)_(MultiDim_Q2_y_z_pT_phi_h)[0m (Histo Num 47380)
[91mSkipping: (MultiDim_5D_Histo)_(RC_Bayesian)_(SMEAR=Smear)_(Q2_y_Bin_1)_(z_pT_Bin_11)_(MultiDim_Q2_y_z_pT_phi_h)[0m (Histo Num 47381)
[91mSkipping: (MultiDim_5D_Histo)_(RC_Bayesian)_(SMEAR=Smear)_(Q2_y_Bin_1)_(z_pT_Bin_12)_(MultiDim_Q2_y_z_pT_phi_h)[0m (Histo Num 47382)
[91mSkipping: (MultiDim_5D_Histo)_(RC_Bayesian)_(SMEAR=Smear)_(Q2_y_Bin_1)_(z_pT_Bin_13)_(MultiDim_Q2_y_z_pT_phi_h)[0m (Histo Num 47383)
[91mSkipping: (MultiDim_5D_Histo)_(RC_Bayesian)_(SMEAR=Smear)_(Q2_y_Bin_1)_(z_pT_Bin_14)_(MultiDim_Q2_y_z_pT_phi_h)[0m (Histo Num 47384)
[91mSkipping: (MultiDim_5D_Histo)_(RC_Bayesian)_(SMEAR=Smear)_(Q2_y_Bin_1)_(z_pT_Bin_15)_(MultiDim_Q2_y_z_pT_phi_h)[0m (Histo Num 47385)
[91mSkipping: (MultiDim_5D_Histo)_(RC_Bayesian)_(SMEAR=Smear)_(Q2_y_Bin_1)_(z_pT_Bin_16)_(MultiDim_Q2_y_z_pT_phi_h)[0m (Histo Num 47386)
[91mSkipping: (MultiDim_5D_Histo)_(RC_Bayesian)_(SMEAR=Smear)_(Q2_y_Bin_1)_(z_pT_Bin_17)_(MultiDim_Q2_y_z_pT_phi_h)[0m (Histo Num 47387)
[91mSkipping: (MultiDim_5D_Histo)_(RC_Bayesian)_(SMEAR=Smear)_(Q2_y_Bin_1)_(z_pT_Bin_18)_(MultiDim_Q2_y_z_pT_phi_h)[0m (Histo Num 47388)
[91mSkipping: (MultiDim_5D_Histo)_(RC_Bayesian)_(SMEAR=Smear)_(Q2_y_Bin_1)_(z_pT_Bin_19)_(MultiDim_Q2_y_z_pT_phi_h)[0m (Histo Num 47389)
[91mSkipping: (MultiDim_5D_Histo)_(RC_Bayesian)_(SMEAR=Smear)_(Q2_y_Bin_1)_(z_pT_Bin_20)_(MultiDim_Q2_y_z_pT_phi_h)[0m (Histo Num 47390)
[91mSkipping: (MultiDim_5D_Histo)_(RC_Bayesian)_(SMEAR=Smear)_(Q2_y_Bin_1)_(z_pT_Bin_22)_(MultiDim_Q2_y_z_pT_phi_h)[0m (Histo Num 47391)
[91mSkipping: (MultiDim_5D_Histo)_(RC_Bayesian)_(SMEAR=Smear)_(Q2_y_Bin_1)_(z_pT_Bin_23)_(MultiDim_Q2_y_z_pT_phi_h)[0m (Histo Num 47392)
[91mSkipping: (MultiDim_5D_Histo)_(RC_Bayesian)_(SMEAR=Smear)_(Q2_y_Bin_1)_(z_pT_Bin_24)_(MultiDim_Q2_y_z_pT_phi_h)[0m (Histo Num 47393)
[91mSkipping: (MultiDim_5D_Histo)_(RC_Bayesian)_(SMEAR=Smear)_(Q2_y_Bin_1)_(z_pT_Bin_25)_(MultiDim_Q2_y_z_pT_phi_h)[0m (Histo Num 47394)
[91mSkipping: (MultiDim_5D_Histo)_(RC_Bayesian)_(SMEAR=Smear)_(Q2_y_Bin_1)_(z_pT_Bin_26)_(MultiDim_Q2_y_z_pT_phi_h)[0m (Histo Num 47395)
[91mSkipping: (MultiDim_5D_Histo)_(RC_Bayesian)_(SMEAR=Smear)_(Q2_y_Bin_1)_(z_pT_Bin_29)_(MultiDim_Q2_y_z_pT_phi_h)[0m (Histo Num 47396)
[91mSkipping: (MultiDim_5D_Histo)_(RC_Bayesian)_(SMEAR=Smear)_(Q2_y_Bin_1)_(z_pT_Bin_30)_(MultiDim_Q2_y_z_pT_phi_h)[0m (Histo Num 47397)
[91mSkipping: (MultiDim_5D_Histo)_(RC_Bayesian)_(SMEAR=Smear)_(Q2_y_Bin_1)_(z_pT_Bin_31)_(MultiDim_Q2_y_z_pT_phi_h)[0m (Histo Num 47398)
[91mSkipping: (MultiDim_5D_Histo)_(RC_Bayesian)_(SMEAR=Smear)_(Q2_y_Bin_1)_(z_pT_Bin_32)_(MultiDim_Q2_y_z_pT_phi_h)[0m (Histo Num 47399)
[91mSkipping: (MultiDim_5D_Histo)_(RC_Bayesian)_(SMEAR=Smear)_(Q2_y_Bin_2)_(z_pT_Bin_1)_(MultiDim_Q2_y_z_pT_phi_h)[0m (Histo Num 47401)
[91mSkipping: (MultiDim_5D_Histo)_(RC_Bayesian)_(SMEAR=Smear)_(Q2_y_Bin_2)_(z_pT_Bin_2)_(MultiDim_Q2_y_z_pT_phi_h)[0m (Histo Num 47402)
[91mSkipping: (MultiDim_5D_Histo)_(RC_Bayesian)_(SMEAR=Smear)_(Q2_y_Bin_2)_(z_pT_Bin_3)_(MultiDim_Q2_y_z_pT_phi_h)[0m (Histo Num 47403)
[91mSkipping: (MultiDim_5D_Histo)_(RC_Bayesian)_(SMEAR=Smear)_(Q2_y_Bin_2)_(z_pT_Bin_4)_(MultiDim_Q2_y_z_pT_phi_h)[0m (Histo Num 47404)
[91mSkipping: (MultiDim_5D_Histo)_(RC_Bayesian)_(SMEAR=Smear)_(Q2_y_Bin_2)_(z_pT_Bin_5)_(MultiDim_Q2_y_z_pT_phi_h)[0m (Histo Num 47405)
[91mSkipping: (MultiDim_5D_Histo)_(RC_Bayesian)_(SMEAR=Smear)_(Q2_y_Bin_2)_(z_pT_Bin_6)_(MultiDim_Q2_y_z_pT_phi_h)[0m (Histo Num 47406)
[91mSkipping: (MultiDim_5D_Histo)_(RC_Bayesian)_(SMEAR=Smear)_(Q2_y_Bin_2)_(z_pT_Bin_7)_(MultiDim_Q2_y_z_pT_phi_h)[0m (Histo Num 47407)
[91mSkipping: (MultiDim_5D_Histo)_(RC_Bayesian)_(SMEAR=Smear)_(Q2_y_Bin_2)_(z_pT_Bin_8)_(MultiDim_Q2_y_z_pT_phi_h)[0m (Histo Num 47408)
[91mSkipping: (MultiDim_5D_Histo)_(RC_Bayesian)_(SMEAR=Smear)_(Q2_y_Bin_2)_(z_pT_Bin_9)_(MultiDim_Q2_y_z_pT_phi_h)[0m (Histo Num 47409)
[91mSkipping: (MultiDim_5D_Histo)_(RC_Bayesian)_(SMEAR=Smear)_(Q2_y_Bin_2)_(z_pT_Bin_10)_(MultiDim_Q2_y_z_pT_phi_h)[0m (Histo Num 47410)
[91mSkipping: (MultiDim_5D_Histo)_(RC_Bayesian)_(SMEAR=Smear)_(Q2_y_Bin_2)_(z_pT_Bin_11)_(MultiDim_Q2_y_z_pT_phi_h)[0m (Histo Num 47411)
[91mSkipping: (MultiDim_5D_Histo)_(RC_Bayesian)_(SMEAR=Smear)_(Q2_y_Bin_2)_(z_pT_Bin_12)_(MultiDim_Q2_y_z_pT_phi_h)[0m (Histo Num 47412)
[91mSkipping: (MultiDim_5D_Histo)_(RC_Bayesian)_(SMEAR=Smear)_(Q2_y_Bin_2)_(z_pT_Bin_13)_(MultiDim_Q2_y_z_pT_phi_h)[0m (Histo Num 47413)
[91mSkipping: (MultiDim_5D_Histo)_(RC_Bayesian)_(SMEAR=Smear)_(Q2_y_Bin_2)_(z_pT_Bin_14)_(MultiDim_Q2_y_z_pT_phi_h)[0m (Histo Num 47414)
[91mSkipping: (MultiDim_5D_Histo)_(RC_Bayesian)_(SMEAR=Smear)_(Q2_y_Bin_2)_(z_pT_Bin_15)_(MultiDim_Q2_y_z_pT_phi_h)[0m (Histo Num 47415)
[91mSkipping: (MultiDim_5D_Histo)_(RC_Bayesian)_(SMEAR=Smear)_(Q2_y_Bin_2)_(z_pT_Bin_16)_(MultiDim_Q2_y_z_pT_phi_h)[0m (Histo Num 47416)
[91mSkipping: (MultiDim_5D_Histo)_(RC_Bayesian)_(SMEAR=Smear)_(Q2_y_Bin_2)_(z_pT_Bin_17)_(MultiDim_Q2_y_z_pT_phi_h)[0m (Histo Num 47417)
[91mSkipping: (MultiDim_5D_Histo)_(RC_Bayesian)_(SMEAR=Smear)_(Q2_y_Bin_2)_(z_pT_Bin_18)_(MultiDim_Q2_y_z_pT_phi_h)[0m (Histo Num 47418)
[91mSkipping: (MultiDim_5D_Histo)_(RC_Bayesian)_(SMEAR=Smear)_(Q2_y_Bin_2)_(z_pT_Bin_19)_(MultiDim_Q2_y_z_pT_phi_h)[0m (Histo Num 47419)
[91mSkipping: (MultiDim_5D_Histo)_(RC_Bayesian)_(SMEAR=Smear)_(Q2_y_Bin_2)_(z_pT_Bin_20)_(MultiDim_Q2_y_z_pT_phi_h)[0m (Histo Num 47420)
[91mSkipping: (MultiDim_5D_Histo)_(RC_Bayesian)_(SMEAR=Smear)_(Q2_y_Bin_2)_(z_pT_Bin_21)_(MultiDim_Q2_y_z_pT_phi_h)[0m (Histo Num 47421)
[91mSkipping: (MultiDim_5D_Histo)_(RC_Bayesian)_(SMEAR=Smear)_(Q2_y_Bin_2)_(z_pT_Bin_22)_(MultiDim_Q2_y_z_pT_phi_h)[0m (Histo Num 47422)
[91mSkipping: (MultiDim_5D_Histo)_(RC_Bayesian)_(SMEAR=Smear)_(Q2_y_Bin_2)_(z_pT_Bin_23)_(MultiDim_Q2_y_z_pT_phi_h)[0m (Histo Num 47423)
[91mSkipping: (MultiDim_5D_Histo)_(RC_Bayesian)_(SMEAR=Smear)_(Q2_y_Bin_2)_(z_pT_Bin_25)_(MultiDim_Q2_y_z_pT_phi_h)[0m (Histo Num 47424)
[91mSkipping: (MultiDim_5D_Histo)_(RC_Bayesian)_(SMEAR=Smear)_(Q2_y_Bin_2)_(z_pT_Bin_26)_(MultiDim_Q2_y_z_pT_phi_h)[0m (Histo Num 47425)
[91mSkipping: (MultiDim_5D_Histo)_(RC_Bayesian)_(SMEAR=Smear)_(Q2_y_Bin_2)_(z_pT_Bin_27)_(MultiDim_Q2_y_z_pT_phi_h)[0m (Histo Num 47426)
[91mSkipping: (MultiDim_5D_Histo)_(RC_Bayesian)_(SMEAR=Smear)_(Q2_y_Bin_2)_(z_pT_Bin_28)_(MultiDim_Q2_y_z_pT_phi_h)[0m (Histo Num 47427)
[91mSkipping: (MultiDim_5D_Histo)_(RC_Bayesian)_(SMEAR=Smear)_(Q2_y_Bin_2)_(z_pT_Bin_29)_(MultiDim_Q2_y_z_pT_phi_h)[0m (Histo Num 47428)
[91mSkipping: (MultiDim_5D_Histo)_(RC_Bayesian)_(SMEAR=Smear)_(Q2_y_Bin_2)_(z_pT_Bin_31)_(MultiDim_Q2_y_z_pT_phi_h)[0m (Histo Num 47429)
[91mSkipping: (MultiDim_5D_Histo)_(RC_Bayesian)_(SMEAR=Smear)_(Q2_y_Bin_2)_(z_pT_Bin_32)_(MultiDim_Q2_y_z_pT_phi_h)[0m (Histo Num 47430)
[91mSkipping: (MultiDim_5D_Histo)_(RC_Bayesian)_(SMEAR=Smear)_(Q2_y_Bin_2)_(z_pT_Bin_33)_(MultiDim_Q2_y_z_pT_phi_h)[0m (Histo Num 47431)
[91mSkipping: (MultiDim_5D_Histo)_(RC_Bayesian)_(SMEAR=Smear)_(Q2_y_Bin_2)_(z_pT_Bin_34)_(MultiDim_Q2_y_z_pT_phi_h)[0m (Histo Num 47432)
[91mSkipping: (MultiDim_5D_Histo)_(RC_Bayesian)_(SMEAR=Smear)_(Q2_y_Bin_3)_(z_pT_Bin_1)_(MultiDim_Q2_y_z_pT_phi_h)[0m (Histo Num 47434)
[91mSkipping: (MultiDim_5D_Histo)_(RC_Bayesian)_(SMEAR=Smear)_(Q2_y_Bin_3)_(z_pT_Bin_2)_(MultiDim_Q2_y_z_pT_phi_h)[0m (Histo Num 47435)
[91mSkipping: (MultiDim_5D_Histo)_(RC_Bayesian)_(SMEAR=Smear)_(Q2_y_Bin_3)_(z_pT_Bin_3)_(MultiDim_Q2_y_z_pT_phi_h)[0m (Histo Num 47436)
[91mSkipping: (MultiDim_5D_Histo)_(RC_Bayesian)_(SMEAR=Smear)_(Q2_y_Bin_3)_(z_pT_Bin_4)_(MultiDim_Q2_y_z_pT_phi_h)[0m (Histo Num 47437)
[91mSkipping: (MultiDim_5D_Histo)_(RC_Bayesian)_(SMEAR=Smear)_(Q2_y_Bin_3)_(z_pT_Bin_5)_(MultiDim_Q2_y_z_pT_phi_h)[0m (Histo Num 47438)
[91mSkipping: (MultiDim_5D_Histo)_(RC_Bayesian)_(SMEAR=Smear)_(Q2_y_Bin_3)_(z_pT_Bin_7)_(MultiDim_Q2_y_z_pT_phi_h)[0m (Histo Num 47439)
[91mSkipping: (MultiDim_5D_Histo)_(RC_Bayesian)_(SMEAR=Smear)_(Q2_y_Bin_3)_(z_pT_Bin_8)_(MultiDim_Q2_y_z_pT_phi_h)[0m (Histo Num 47440)
[91mSkipping: (MultiDim_5D_Histo)_(RC_Bayesian)_(SMEAR=Smear)_(Q2_y_Bin_3)_(z_pT_Bin_9)_(MultiDim_Q2_y_z_pT_phi_h)[0m (Histo Num 47441)
[91mSkipping: (MultiDim_5D_Histo)_(RC_Bayesian)_(SMEAR=Smear)_(Q2_y_Bin_3)_(z_pT_Bin_10)_(MultiDim_Q2_y_z_pT_phi_h)[0m (Histo Num 47442)
[91mSkipping: (MultiDim_5D_Histo)_(RC_Bayesian)_(SMEAR=Smear)_(Q2_y_Bin_3)_(z_pT_Bin_11)_(MultiDim_Q2_y_z_pT_phi_h)[0m (Histo Num 47443)
[91mSkipping: (MultiDim_5D_Histo)_(RC_Bayesian)_(SMEAR=Smear)_(Q2_y_Bin_3)_(z_pT_Bin_12)_(MultiDim_Q2_y_z_pT_phi_h)[0m (Histo Num 47444)
[91mSkipping: (MultiDim_5D_Histo)_(RC_Bayesian)_(SMEAR=Smear)_(Q2_y_Bin_3)_(z_pT_Bin_13)_(MultiDim_Q2_y_z_pT_phi_h)[0m (Histo Num 47445)
[91mSkipping: (MultiDim_5D_Histo)_(RC_Bayesian)_(SMEAR=Smear)_(Q2_y_Bin_3)_(z_pT_Bin_14)_(MultiDim_Q2_y_z_pT_phi_h)[0m (Histo Num 47446)
[91mSkipping: (MultiDim_5D_Histo)_(RC_Bayesian)_(SMEAR=Smear)_(Q2_y_Bin_3)_(z_pT_Bin_15)_(MultiDim_Q2_y_z_pT_phi_h)[0m (Histo Num 47447)
[91mSkipping: (MultiDim_5D_Histo)_(RC_Bayesian)_(SMEAR=Smear)_(Q2_y_Bin_3)_(z_pT_Bin_16)_(MultiDim_Q2_y_z_pT_phi_h)[0m (Histo Num 47448)
[91mSkipping: (MultiDim_5D_Histo)_(RC_Bayesian)_(SMEAR=Smear)_(Q2_y_Bin_3)_(z_pT_Bin_17)_(MultiDim_Q2_y_z_pT_phi_h)[0m (Histo Num 47449)
[91mSkipping: (MultiDim_5D_Histo)_(RC_Bayesian)_(SMEAR=Smear)_(Q2_y_Bin_3)_(z_pT_Bin_18)_(MultiDim_Q2_y_z_pT_phi_h)[0m (Histo Num 47450)
[91mSkipping: (MultiDim_5D_Histo)_(RC_Bayesian)_(SMEAR=Smear)_(Q2_y_Bin_3)_(z_pT_Bin_19)_(MultiDim_Q2_y_z_pT_phi_h)[0m (Histo Num 47451)
[91mSkipping: (MultiDim_5D_Histo)_(RC_Bayesian)_(SMEAR=Smear)_(Q2_y_Bin_3)_(z_pT_Bin_20)_(MultiDim_Q2_y_z_pT_phi_h)[0m (Histo Num 47452)
[91mSkipping: (MultiDim_5D_Histo)_(RC_Bayesian)_(SMEAR=Smear)_(Q2_y_Bin_3)_(z_pT_Bin_21)_(MultiDim_Q2_y_z_pT_phi_h)[0m (Histo Num 47453)
[91mSkipping: (MultiDim_5D_Histo)_(RC_Bayesian)_(SMEAR=Smear)_(Q2_y_Bin_3)_(z_pT_Bin_22)_(MultiDim_Q2_y_z_pT_phi_h)[0m (Histo Num 47454)
[91mSkipping: (MultiDim_5D_Histo)_(RC_Bayesian)_(SMEAR=Smear)_(Q2_y_Bin_3)_(z_pT_Bin_23)_(MultiDim_Q2_y_z_pT_phi_h)[0m (Histo Num 47455)
[91mSkipping: (MultiDim_5D_Histo)_(RC_Bayesian)_(SMEAR=Smear)_(Q2_y_Bin_3)_(z_pT_Bin_24)_(MultiDim_Q2_y_z_pT_phi_h)[0m (Histo Num 47456)
[91mSkipping: (MultiDim_5D_Histo)_(RC_Bayesian)_(SMEAR=Smear)_(Q2_y_Bin_3)_(z_pT_Bin_25)_(MultiDim_Q2_y_z_pT_phi_h)[0m (Histo Num 47457)
[91mSkipping: (MultiDim_5D_Histo)_(RC_Bayesian)_(SMEAR=Smear)_(Q2_y_Bin_3)_(z_pT_Bin_26)_(MultiDim_Q2_y_z_pT_phi_h)[0m (Histo Num 47458)
[91mSkipping: (MultiDim_5D_Histo)_(RC_Bayesian)_(SMEAR=Smear)_(Q2_y_Bin_3)_(z_pT_Bin_27)_(MultiDim_Q2_y_z_pT_phi_h)[0m (Histo Num 47459)
[91mSkipping: (MultiDim_5D_Histo)_(RC_Bayesian)_(SMEAR=Smear)_(Q2_y_Bin_3)_(z_pT_Bin_28)_(MultiDim_Q2_y_z_pT_phi_h)[0m (Histo Num 47460)
[91mSkipping: (MultiDim_5D_Histo)_(RC_Bayesian)_(SMEAR=Smear)_(Q2_y_Bin_3)_(z_pT_Bin_29)_(MultiDim_Q2_y_z_pT_phi_h)[0m (Histo Num 47461)
[91mSkipping: (MultiDim_5D_Histo)_(RC_Bayesian)_(SMEAR=Smear)_(Q2_y_Bin_4)_(z_pT_Bin_7)_(MultiDim_Q2_y_z_pT_phi_h)[0m (Histo Num 47463)
[91mSkipping: (MultiDim_5D_Histo)_(RC_Bayesian)_(SMEAR=Smear)_(Q2_y_Bin_4)_(z_pT_Bin_8)_(MultiDim_Q2_y_z_pT_phi_h)[0m (Histo Num 47464)
[91mSkipping: (MultiDim_5D_Histo)_(RC_Bayesian)_(SMEAR=Smear)_(Q2_y_Bin_4)_(z_pT_Bin_9)_(MultiDim_Q2_y_z_pT_phi_h)[0m (Histo Num 47465)
[91mSkipping: (MultiDim_5D_Histo)_(RC_Bayesian)_(SMEAR=Smear)_(Q2_y_Bin_4)_(z_pT_Bin_10)_(MultiDim_Q2_y_z_pT_phi_h)[0m (Histo Num 47466)
[91mSkipping: (MultiDim_5D_Histo)_(RC_Bayesian)_(SMEAR=Smear)_(Q2_y_Bin_4)_(z_pT_Bin_11)_(MultiDim_Q2_y_z_pT_phi_h)[0m (Histo Num 47467)
[91mSkipping: (MultiDim_5D_Histo)_(RC_Bayesian)_(SMEAR=Smear)_(Q2_y_Bin_4)_(z_pT_Bin_13)_(MultiDim_Q2_y_z_pT_phi_h)[0m (Histo Num 47468)
[91mSkipping: (MultiDim_5D_Histo)_(RC_Bayesian)_(SMEAR=Smear)_(Q2_y_Bin_4)_(z_pT_Bin_14)_(MultiDim_Q2_y_z_pT_phi_h)[0m (Histo Num 47469)
[91mSkipping: (MultiDim_5D_Histo)_(RC_Bayesian)_(SMEAR=Smear)_(Q2_y_Bin_4)_(z_pT_Bin_15)_(MultiDim_Q2_y_z_pT_phi_h)[0m (Histo Num 47470)
[91mSkipping: (MultiDim_5D_Histo)_(RC_Bayesian)_(SMEAR=Smear)_(Q2_y_Bin_4)_(z_pT_Bin_16)_(MultiDim_Q2_y_z_pT_phi_h)[0m (Histo Num 47471)
[91mSkipping: (MultiDim_5D_Histo)_(RC_Bayesian)_(SMEAR=Smear)_(Q2_y_Bin_4)_(z_pT_Bin_17)_(MultiDim_Q2_y_z_pT_phi_h)[0m (Histo Num 47472)
[91mSkipping: (MultiDim_5D_Histo)_(RC_Bayesian)_(SMEAR=Smear)_(Q2_y_Bin_4)_(z_pT_Bin_19)_(MultiDim_Q2_y_z_pT_phi_h)[0m (Histo Num 47473)
[91mSkipping: (MultiDim_5D_Histo)_(RC_Bayesian)_(SMEAR=Smear)_(Q2_y_Bin_4)_(z_pT_Bin_20)_(MultiDim_Q2_y_z_pT_phi_h)[0m (Histo Num 47474)
[91mSkipping: (MultiDim_5D_Histo)_(RC_Bayesian)_(SMEAR=Smear)_(Q2_y_Bin_4)_(z_pT_Bin_21)_(MultiDim_Q2_y_z_pT_phi_h)[0m (Histo Num 47475)
[91mSkipping: (MultiDim_5D_Histo)_(RC_Bayesian)_(SMEAR=Smear)_(Q2_y_Bin_4)_(z_pT_Bin_22)_(MultiDim_Q2_y_z_pT_phi_h)[0m (Histo Num 47476)
[91mSkipping: (MultiDim_5D_Histo)_(RC_Bayesian)_(SMEAR=Smear)_(Q2_y_Bin_4)_(z_pT_Bin_23)_(MultiDim_Q2_y_z_pT_phi_h)[0m (Histo Num 47477)
[91mSkipping: (MultiDim_5D_Histo)_(RC_Bayesian)_(SMEAR=Smear)_(Q2_y_Bin_4)_(z_pT_Bin_25)_(MultiDim_Q2_y_z_pT_phi_h)[0m (Histo Num 47478)
[91mSkipping: (MultiDim_5D_Histo)_(RC_Bayesian)_(SMEAR=Smear)_(Q2_y_Bin_4)_(z_pT_Bin_26)_(MultiDim_Q2_y_z_pT_phi_h)[0m (Histo Num 47479)
[91mSkipping: (MultiDim_5D_Histo)_(RC_Bayesian)_(SMEAR=Smear)_(Q2_y_Bin_4)_(z_pT_Bin_27)_(MultiDim_Q2_y_z_pT_phi_h)[0m (Histo Num 47480)
[91mSkipping: (MultiDim_5D_Histo)_(RC_Bayesian)_(SMEAR=Smear)_(Q2_y_Bin_4)_(z_pT_Bin_28)_(MultiDim_Q2_y_z_pT_phi_h)[0m (Histo Num 47481)
[91mSkipping: (MultiDim_5D_Histo)_(RC_Bayesian)_(SMEAR=Smear)_(Q2_y_Bin_4)_(z_pT_Bin_29)_(MultiDim_Q2_y_z_pT_phi_h)[0m (Histo Num 47482)
[91mSkipping: (MultiDim_5D_Histo)_(RC_Bayesian)_(SMEAR=Smear)_(Q2_y_Bin_4)_(z_pT_Bin_31)_(MultiDim_Q2_y_z_pT_phi_h)[0m (Histo Num 47483)
[91mSkipping: (MultiDim_5D_Histo)_(RC_Bayesian)_(SMEAR=Smear)_(Q2_y_Bin_4)_(z_pT_Bin_32)_(MultiDim_Q2_y_z_pT_phi_h)[0m (Histo Num 47484)
[91mSkipping: (MultiDim_5D_Histo)_(RC_Bayesian)_(SMEAR=Smear)_(Q2_y_Bin_4)_(z_pT_Bin_33)_(MultiDim_Q2_y_z_pT_phi_h)[0m (Histo Num 47485)
[91mSkipping: (MultiDim_5D_Histo)_(RC_Bayesian)_(SMEAR=Smear)_(Q2_y_Bin_4)_(z_pT_Bin_34)_(MultiDim_Q2_y_z_pT_phi_h)[0m (Histo Num 47486)
[91mSkipping: (MultiDim_5D_Histo)_(RC_Bayesian)_(SMEAR=Smear)_(Q2_y_Bin_5)_(z_pT_Bin_1)_(MultiDim_Q2_y_z_pT_phi_h)[0m (Histo Num 47488)
[91mSkipping: (MultiDim_5D_Histo)_(RC_Bayesian)_(SMEAR=Smear)_(Q2_y_Bin_5)_(z_pT_Bin_2)_(MultiDim_Q2_y_z_pT_phi_h)[0m (Histo Num 47489)
[91mSkipping: (MultiDim_5D_Histo)_(RC_Bayesian)_(SMEAR=Smear)_(Q2_y_Bin_5)_(z_pT_Bin_3)_(MultiDim_Q2_y_z_pT_phi_h)[0m (Histo Num 47490)
[91mSkipping: (MultiDim_5D_Histo)_(RC_Bayesian)_(SMEAR=Smear)_(Q2_y_Bin_5)_(z_pT_Bin_4)_(MultiDim_Q2_y_z_pT_phi_h)[0m (Histo Num 47491)
[91mSkipping: (MultiDim_5D_Histo)_(RC_Bayesian)_(SMEAR=Smear)_(Q2_y_Bin_5)_(z_pT_Bin_5)_(MultiDim_Q2_y_z_pT_phi_h)[0m (Histo Num 47492)
[91mSkipping: (MultiDim_5D_Histo)_(RC_Bayesian)_(SMEAR=Smear)_(Q2_y_Bin_5)_(z_pT_Bin_6)_(MultiDim_Q2_y_z_pT_phi_h)[0m (Histo Num 47493)
[91mSkipping: (MultiDim_5D_Histo)_(RC_Bayesian)_(SMEAR=Smear)_(Q2_y_Bin_5)_(z_pT_Bin_7)_(MultiDim_Q2_y_z_pT_phi_h)[0m (Histo Num 47494)
[91mSkipping: (MultiDim_5D_Histo)_(RC_Bayesian)_(SMEAR=Smear)_(Q2_y_Bin_5)_(z_pT_Bin_8)_(MultiDim_Q2_y_z_pT_phi_h)[0m (Histo Num 47495)
[91mSkipping: (MultiDim_5D_Histo)_(RC_Bayesian)_(SMEAR=Smear)_(Q2_y_Bin_5)_(z_pT_Bin_9)_(MultiDim_Q2_y_z_pT_phi_h)[0m (Histo Num 47496)
[91mSkipping: (MultiDim_5D_Histo)_(RC_Bayesian)_(SMEAR=Smear)_(Q2_y_Bin_5)_(z_pT_Bin_10)_(MultiDim_Q2_y_z_pT_phi_h)[0m (Histo Num 47497)
[91mSkipping: (MultiDim_5D_Histo)_(RC_Bayesian)_(SMEAR=Smear)_(Q2_y_Bin_5)_(z_pT_Bin_11)_(MultiDim_Q2_y_z_pT_phi_h)[0m (Histo Num 47498)
[91mSkipping: (MultiDim_5D_Histo)_(RC_Bayesian)_(SMEAR=Smear)_(Q2_y_Bin_5)_(z_pT_Bin_12)_(MultiDim_Q2_y_z_pT_phi_h)[0m (Histo Num 47499)
[91mSkipping: (MultiDim_5D_Histo)_(RC_Bayesian)_(SMEAR=Smear)_(Q2_y_Bin_5)_(z_pT_Bin_13)_(MultiDim_Q2_y_z_pT_phi_h)[0m (Histo Num 47500)
[91mSkipping: (MultiDim_5D_Histo)_(RC_Bayesian)_(SMEAR=Smear)_(Q2_y_Bin_5)_(z_pT_Bin_14)_(MultiDim_Q2_y_z_pT_phi_h)[0m (Histo Num 47501)
[91mSkipping: (MultiDim_5D_Histo)_(RC_Bayesian)_(SMEAR=Smear)_(Q2_y_Bin_5)_(z_pT_Bin_15)_(MultiDim_Q2_y_z_pT_phi_h)[0m (Histo Num 47502)
[91mSkipping: (MultiDim_5D_Histo)_(RC_Bayesian)_(SMEAR=Smear)_(Q2_y_Bin_5)_(z_pT_Bin_16)_(MultiDim_Q2_y_z_pT_phi_h)[0m (Histo Num 47503)
[91mSkipping: (MultiDim_5D_Histo)_(RC_Bayesian)_(SMEAR=Smear)_(Q2_y_Bin_5)_(z_pT_Bin_17)_(MultiDim_Q2_y_z_pT_phi_h)[0m (Histo Num 47504)
[91mSkipping: (MultiDim_5D_Histo)_(RC_Bayesian)_(SMEAR=Smear)_(Q2_y_Bin_5)_(z_pT_Bin_18)_(MultiDim_Q2_y_z_pT_phi_h)[0m (Histo Num 47505)
[91mSkipping: (MultiDim_5D_Histo)_(RC_Bayesian)_(SMEAR=Smear)_(Q2_y_Bin_5)_(z_pT_Bin_19)_(MultiDim_Q2_y_z_pT_phi_h)[0m (Histo Num 47506)
[91mSkipping: (MultiDim_5D_Histo)_(RC_Bayesian)_(SMEAR=Smear)_(Q2_y_Bin_5)_(z_pT_Bin_20)_(MultiDim_Q2_y_z_pT_phi_h)[0m (Histo Num 47507)
[91mSkipping: (MultiDim_5D_Histo)_(RC_Bayesian)_(SMEAR=Smear)_(Q2_y_Bin_5)_(z_pT_Bin_21)_(MultiDim_Q2_y_z_pT_phi_h)[0m (Histo Num 47508)
[91mSkipping: (MultiDim_5D_Histo)_(RC_Bayesian)_(SMEAR=Smear)_(Q2_y_Bin_5)_(z_pT_Bin_22)_(MultiDim_Q2_y_z_pT_phi_h)[0m (Histo Num 47509)
[91mSkipping: (MultiDim_5D_Histo)_(RC_Bayesian)_(SMEAR=Smear)_(Q2_y_Bin_5)_(z_pT_Bin_23)_(MultiDim_Q2_y_z_pT_phi_h)[0m (Histo Num 47510)
[91mSkipping: (MultiDim_5D_Histo)_(RC_Bayesian)_(SMEAR=Smear)_(Q2_y_Bin_5)_(z_pT_Bin_25)_(MultiDim_Q2_y_z_pT_phi_h)[0m (Histo Num 47511)
[91mSkipping: (MultiDim_5D_Histo)_(RC_Bayesian)_(SMEAR=Smear)_(Q2_y_Bin_5)_(z_pT_Bin_26)_(MultiDim_Q2_y_z_pT_phi_h)[0m (Histo Num 47512)
[91mSkipping: (MultiDim_5D_Histo)_(RC_Bayesian)_(SMEAR=Smear)_(Q2_y_Bin_5)_(z_pT_Bin_27)_(MultiDim_Q2_y_z_pT_phi_h)[0m (Histo Num 47513)
[91mSkipping: (MultiDim_5D_Histo)_(RC_Bayesian)_(SMEAR=Smear)_(Q2_y_Bin_5)_(z_pT_Bin_28)_(MultiDim_Q2_y_z_pT_phi_h)[0m (Histo Num 47514)
[91mSkipping: (MultiDim_5D_Histo)_(RC_Bayesian)_(SMEAR=Smear)_(Q2_y_Bin_5)_(z_pT_Bin_29)_(MultiDim_Q2_y_z_pT_phi_h)[0m (Histo Num 47515)
[91mSkipping: (MultiDim_5D_Histo)_(RC_Bayesian)_(SMEAR=Smear)_(Q2_y_Bin_5)_(z_pT_Bin_31)_(MultiDim_Q2_y_z_pT_phi_h)[0m (Histo Num 47516)
[91mSkipping: (MultiDim_5D_Histo)_(RC_Bayesian)_(SMEAR=Smear)_(Q2_y_Bin_5)_(z_pT_Bin_32)_(MultiDim_Q2_y_z_pT_phi_h)[0m (Histo Num 47517)
[91mSkipping: (MultiDim_5D_Histo)_(RC_Bayesian)_(SMEAR=Smear)_(Q2_y_Bin_5)_(z_pT_Bin_33)_(MultiDim_Q2_y_z_pT_phi_h)[0m (Histo Num 47518)
[91mSkipping: (MultiDim_5D_Histo)_(RC_Bayesian)_(SMEAR=Smear)_(Q2_y_Bin_5)_(z_pT_Bin_34)_(MultiDim_Q2_y_z_pT_phi_h)[0m (Histo Num 47519)
[91mSkipping: (MultiDim_5D_Histo)_(RC_Bayesian)_(SMEAR=Smear)_(Q2_y_Bin_6)_(z_pT_Bin_1)_(MultiDim_Q2_y_z_pT_phi_h)[0m (Histo Num 47521)
[91mSkipping: (MultiDim_5D_Histo)_(RC_Bayesian)_(SMEAR=Smear)_(Q2_y_Bin_6)_(z_pT_Bin_2)_(MultiDim_Q2_y_z_pT_phi_h)[0m (Histo Num 47522)
[91mSkipping: (MultiDim_5D_Histo)_(RC_Bayesian)_(SMEAR=Smear)_(Q2_y_Bin_6)_(z_pT_Bin_3)_(MultiDim_Q2_y_z_pT_phi_h)[0m (Histo Num 47523)
[91mSkipping: (MultiDim_5D_Histo)_(RC_Bayesian)_(SMEAR=Smear)_(Q2_y_Bin_6)_(z_pT_Bin_4)_(MultiDim_Q2_y_z_pT_phi_h)[0m (Histo Num 47524)
[91mSkipping: (MultiDim_5D_Histo)_(RC_Bayesian)_(SMEAR=Smear)_(Q2_y_Bin_6)_(z_pT_Bin_5)_(MultiDim_Q2_y_z_pT_phi_h)[0m (Histo Num 47525)
[91mSkipping: (MultiDim_5D_Histo)_(RC_Bayesian)_(SMEAR=Smear)_(Q2_y_Bin_6)_(z_pT_Bin_6)_(MultiDim_Q2_y_z_pT_phi_h)[0m (Histo Num 47526)
[91mSkipping: (MultiDim_5D_Histo)_(RC_Bayesian)_(SMEAR=Smear)_(Q2_y_Bin_6)_(z_pT_Bin_7)_(MultiDim_Q2_y_z_pT_phi_h)[0m (Histo Num 47527)
[91mSkipping: (MultiDim_5D_Histo)_(RC_Bayesian)_(SMEAR=Smear)_(Q2_y_Bin_6)_(z_pT_Bin_8)_(MultiDim_Q2_y_z_pT_phi_h)[0m (Histo Num 47528)
[91mSkipping: (MultiDim_5D_Histo)_(RC_Bayesian)_(SMEAR=Smear)_(Q2_y_Bin_6)_(z_pT_Bin_9)_(MultiDim_Q2_y_z_pT_phi_h)[0m (Histo Num 47529)
[91mSkipping: (MultiDim_5D_Histo)_(RC_Bayesian)_(SMEAR=Smear)_(Q2_y_Bin_6)_(z_pT_Bin_10)_(MultiDim_Q2_y_z_pT_phi_h)[0m (Histo Num 47530)
[91mSkipping: (MultiDim_5D_Histo)_(RC_Bayesian)_(SMEAR=Smear)_(Q2_y_Bin_6)_(z_pT_Bin_11)_(MultiDim_Q2_y_z_pT_phi_h)[0m (Histo Num 47531)
[91mSkipping: (MultiDim_5D_Histo)_(RC_Bayesian)_(SMEAR=Smear)_(Q2_y_Bin_6)_(z_pT_Bin_12)_(MultiDim_Q2_y_z_pT_phi_h)[0m (Histo Num 47532)
[91mSkipping: (MultiDim_5D_Histo)_(RC_Bayesian)_(SMEAR=Smear)_(Q2_y_Bin_6)_(z_pT_Bin_13)_(MultiDim_Q2_y_z_pT_phi_h)[0m (Histo Num 47533)
[91mSkipping: (MultiDim_5D_Histo)_(RC_Bayesian)_(SMEAR=Smear)_(Q2_y_Bin_6)_(z_pT_Bin_14)_(MultiDim_Q2_y_z_pT_phi_h)[0m (Histo Num 47534)
[91mSkipping: (MultiDim_5D_Histo)_(RC_Bayesian)_(SMEAR=Smear)_(Q2_y_Bin_6)_(z_pT_Bin_15)_(MultiDim_Q2_y_z_pT_phi_h)[0m (Histo Num 47535)
[91mSkipping: (MultiDim_5D_Histo)_(RC_Bayesian)_(SMEAR=Smear)_(Q2_y_Bin_6)_(z_pT_Bin_16)_(MultiDim_Q2_y_z_pT_phi_h)[0m (Histo Num 47536)
[91mSkipping: (MultiDim_5D_Histo)_(RC_Bayesian)_(SMEAR=Smear)_(Q2_y_Bin_6)_(z_pT_Bin_17)_(MultiDim_Q2_y_z_pT_phi_h)[0m (Histo Num 47537)
[91mSkipping: (MultiDim_5D_Histo)_(RC_Bayesian)_(SMEAR=Smear)_(Q2_y_Bin_6)_(z_pT_Bin_19)_(MultiDim_Q2_y_z_pT_phi_h)[0m (Histo Num 47538)
[91mSkipping: (MultiDim_5D_Histo)_(RC_Bayesian)_(SMEAR=Smear)_(Q2_y_Bin_6)_(z_pT_Bin_20)_(MultiDim_Q2_y_z_pT_phi_h)[0m (Histo Num 47539)
[91mSkipping: (MultiDim_5D_Histo)_(RC_Bayesian)_(SMEAR=Smear)_(Q2_y_Bin_6)_(z_pT_Bin_21)_(MultiDim_Q2_y_z_pT_phi_h)[0m (Histo Num 47540)
[91mSkipping: (MultiDim_5D_Histo)_(RC_Bayesian)_(SMEAR=Smear)_(Q2_y_Bin_6)_(z_pT_Bin_22)_(MultiDim_Q2_y_z_pT_phi_h)[0m (Histo Num 47541)
[91mSkipping: (MultiDim_5D_Histo)_(RC_Bayesian)_(SMEAR=Smear)_(Q2_y_Bin_6)_(z_pT_Bin_23)_(MultiDim_Q2_y_z_pT_phi_h)[0m (Histo Num 47542)
[91mSkipping: (MultiDim_5D_Histo)_(RC_Bayesian)_(SMEAR=Smear)_(Q2_y_Bin_6)_(z_pT_Bin_25)_(MultiDim_Q2_y_z_pT_phi_h)[0m (Histo Num 47543)
[91mSkipping: (MultiDim_5D_Histo)_(RC_Bayesian)_(SMEAR=Smear)_(Q2_y_Bin_6)_(z_pT_Bin_26)_(MultiDim_Q2_y_z_pT_phi_h)[0m (Histo Num 47544)
[91mSkipping: (MultiDim_5D_Histo)_(RC_Bayesian)_(SMEAR=Smear)_(Q2_y_Bin_6)_(z_pT_Bin_27)_(MultiDim_Q2_y_z_pT_phi_h)[0m (Histo Num 47545)
[91mSkipping: (MultiDim_5D_Histo)_(RC_Bayesian)_(SMEAR=Smear)_(Q2_y_Bin_6)_(z_pT_Bin_28)_(MultiDim_Q2_y_z_pT_phi_h)[0m (Histo Num 47546)
[91mSkipping: (MultiDim_5D_Histo)_(RC_Bayesian)_(SMEAR=Smear)_(Q2_y_Bin_7)_(z_pT_Bin_1)_(MultiDim_Q2_y_z_pT_phi_h)[0m (Histo Num 47548)
[91mSkipping: (MultiDim_5D_Histo)_(RC_Bayesian)_(SMEAR=Smear)_(Q2_y_Bin_7)_(z_pT_Bin_2)_(MultiDim_Q2_y_z_pT_phi_h)[0m (Histo Num 47549)
[91mSkipping: (MultiDim_5D_Histo)_(RC_Bayesian)_(SMEAR=Smear)_(Q2_y_Bin_7)_(z_pT_Bin_3)_(MultiDim_Q2_y_z_pT_phi_h)[0m (Histo Num 47550)
[91mSkipping: (MultiDim_5D_Histo)_(RC_Bayesian)_(SMEAR=Smear)_(Q2_y_Bin_7)_(z_pT_Bin_4)_(MultiDim_Q2_y_z_pT_phi_h)[0m (Histo Num 47551)
[91mSkipping: (MultiDim_5D_Histo)_(RC_Bayesian)_(SMEAR=Smear)_(Q2_y_Bin_7)_(z_pT_Bin_5)_(MultiDim_Q2_y_z_pT_phi_h)[0m (Histo Num 47552)
[91mSkipping: (MultiDim_5D_Histo)_(RC_Bayesian)_(SMEAR=Smear)_(Q2_y_Bin_7)_(z_pT_Bin_7)_(MultiDim_Q2_y_z_pT_phi_h)[0m (Histo Num 47553)
[91mSkipping: (MultiDim_5D_Histo)_(RC_Bayesian)_(SMEAR=Smear)_(Q2_y_Bin_7)_(z_pT_Bin_8)_(MultiDim_Q2_y_z_pT_phi_h)[0m (Histo Num 47554)
[91mSkipping: (MultiDim_5D_Histo)_(RC_Bayesian)_(SMEAR=Smear)_(Q2_y_Bin_7)_(z_pT_Bin_9)_(MultiDim_Q2_y_z_pT_phi_h)[0m (Histo Num 47555)
[91mSkipping: (MultiDim_5D_Histo)_(RC_Bayesian)_(SMEAR=Smear)_(Q2_y_Bin_7)_(z_pT_Bin_10)_(MultiDim_Q2_y_z_pT_phi_h)[0m (Histo Num 47556)
[91mSkipping: (MultiDim_5D_Histo)_(RC_Bayesian)_(SMEAR=Smear)_(Q2_y_Bin_7)_(z_pT_Bin_11)_(MultiDim_Q2_y_z_pT_phi_h)[0m (Histo Num 47557)
[91mSkipping: (MultiDim_5D_Histo)_(RC_Bayesian)_(SMEAR=Smear)_(Q2_y_Bin_7)_(z_pT_Bin_12)_(MultiDim_Q2_y_z_pT_phi_h)[0m (Histo Num 47558)
[91mSkipping: (MultiDim_5D_Histo)_(RC_Bayesian)_(SMEAR=Smear)_(Q2_y_Bin_7)_(z_pT_Bin_13)_(MultiDim_Q2_y_z_pT_phi_h)[0m (Histo Num 47559)
[91mSkipping: (MultiDim_5D_Histo)_(RC_Bayesian)_(SMEAR=Smear)_(Q2_y_Bin_7)_(z_pT_Bin_14)_(MultiDim_Q2_y_z_pT_phi_h)[0m (Histo Num 47560)
[91mSkipping: (MultiDim_5D_Histo)_(RC_Bayesian)_(SMEAR=Smear)_(Q2_y_Bin_7)_(z_pT_Bin_15)_(MultiDim_Q2_y_z_pT_phi_h)[0m (Histo Num 47561)
[91mSkipping: (MultiDim_5D_Histo)_(RC_Bayesian)_(SMEAR=Smear)_(Q2_y_Bin_7)_(z_pT_Bin_16)_(MultiDim_Q2_y_z_pT_phi_h)[0m (Histo Num 47562)
[91mSkipping: (MultiDim_5D_Histo)_(RC_Bayesian)_(SMEAR=Smear)_(Q2_y_Bin_7)_(z_pT_Bin_17)_(MultiDim_Q2_y_z_pT_phi_h)[0m (Histo Num 47563)
[91mSkipping: (MultiDim_5D_Histo)_(RC_Bayesian)_(SMEAR=Smear)_(Q2_y_Bin_7)_(z_pT_Bin_18)_(MultiDim_Q2_y_z_pT_phi_h)[0m (Histo Num 47564)
[91mSkipping: (MultiDim_5D_Histo)_(RC_Bayesian)_(SMEAR=Smear)_(Q2_y_Bin_7)_(z_pT_Bin_19)_(MultiDim_Q2_y_z_pT_phi_h)[0m (Histo Num 47565)
[91mSkipping: (MultiDim_5D_Histo)_(RC_Bayesian)_(SMEAR=Smear)_(Q2_y_Bin_7)_(z_pT_Bin_20)_(MultiDim_Q2_y_z_pT_phi_h)[0m (Histo Num 47566)
[91mSkipping: (MultiDim_5D_Histo)_(RC_Bayesian)_(SMEAR=Smear)_(Q2_y_Bin_7)_(z_pT_Bin_21)_(MultiDim_Q2_y_z_pT_phi_h)[0m (Histo Num 47567)
[91mSkipping: (MultiDim_5D_Histo)_(RC_Bayesian)_(SMEAR=Smear)_(Q2_y_Bin_7)_(z_pT_Bin_22)_(MultiDim_Q2_y_z_pT_phi_h)[0m (Histo Num 47568)
[91mSkipping: (MultiDim_5D_Histo)_(RC_Bayesian)_(SMEAR=Smear)_(Q2_y_Bin_7)_(z_pT_Bin_23)_(MultiDim_Q2_y_z_pT_phi_h)[0m (Histo Num 47569)
[91mSkipping: (MultiDim_5D_Histo)_(RC_Bayesian)_(SMEAR=Smear)_(Q2_y_Bin_7)_(z_pT_Bin_24)_(MultiDim_Q2_y_z_pT_phi_h)[0m (Histo Num 47570)
[91mSkipping: (MultiDim_5D_Histo)_(RC_Bayesian)_(SMEAR=Smear)_(Q2_y_Bin_7)_(z_pT_Bin_25)_(MultiDim_Q2_y_z_pT_phi_h)[0m (Histo Num 47571)
[91mSkipping: (MultiDim_5D_Histo)_(RC_Bayesian)_(SMEAR=Smear)_(Q2_y_Bin_7)_(z_pT_Bin_26)_(MultiDim_Q2_y_z_pT_phi_h)[0m (Histo Num 47572)
[91mSkipping: (MultiDim_5D_Histo)_(RC_Bayesian)_(SMEAR=Smear)_(Q2_y_Bin_7)_(z_pT_Bin_27)_(MultiDim_Q2_y_z_pT_phi_h)[0m (Histo Num 47573)
[91mSkipping: (MultiDim_5D_Histo)_(RC_Bayesian)_(SMEAR=Smear)_(Q2_y_Bin_7)_(z_pT_Bin_28)_(MultiDim_Q2_y_z_pT_phi_h)[0m (Histo Num 47574)
[91mSkipping: (MultiDim_5D_Histo)_(RC_Bayesian)_(SMEAR=Smear)_(Q2_y_Bin_7)_(z_pT_Bin_29)_(MultiDim_Q2_y_z_pT_phi_h)[0m (Histo Num 47575)
[91mSkipping: (MultiDim_5D_Histo)_(RC_Bayesian)_(SMEAR=Smear)_(Q2_y_Bin_7)_(z_pT_Bin_31)_(MultiDim_Q2_y_z_pT_phi_h)[0m (Histo Num 47576)
[91mSkipping: (MultiDim_5D_Histo)_(RC_Bayesian)_(SMEAR=Smear)_(Q2_y_Bin_7)_(z_pT_Bin_32)_(MultiDim_Q2_y_z_pT_phi_h)[0m (Histo Num 47577)
[91mSkipping: (MultiDim_5D_Histo)_(RC_Bayesian)_(SMEAR=Smear)_(Q2_y_Bin_7)_(z_pT_Bin_33)_(MultiDim_Q2_y_z_pT_phi_h)[0m (Histo Num 47578)
[91mSkipping: (MultiDim_5D_Histo)_(RC_Bayesian)_(SMEAR=Smear)_(Q2_y_Bin_7)_(z_pT_Bin_34)_(MultiDim_Q2_y_z_pT_phi_h)[0m (Histo Num 47579)
[91mSkipping: (MultiDim_5D_Histo)_(RC_Bayesian)_(SMEAR=Smear)_(Q2_y_Bin_7)_(z_pT_Bin_35)_(MultiDim_Q2_y_z_pT_phi_h)[0m (Histo Num 47580)
[91mSkipping: (MultiDim_5D_Histo)_(RC_Bayesian)_(SMEAR=Smear)_(Q2_y_Bin_8)_(z_pT_Bin_6)_(MultiDim_Q2_y_z_pT_phi_h)[0m (Histo Num 47582)
[91mSkipping: (MultiDim_5D_Histo)_(RC_Bayesian)_(SMEAR=Smear)_(Q2_y_Bin_8)_(z_pT_Bin_7)_(MultiDim_Q2_y_z_pT_phi_h)[0m (Histo Num 47583)
[91mSkipping: (MultiDim_5D_Histo)_(RC_Bayesian)_(SMEAR=Smear)_(Q2_y_Bin_8)_(z_pT_Bin_8)_(MultiDim_Q2_y_z_pT_phi_h)[0m (Histo Num 47584)
[91mSkipping: (MultiDim_5D_Histo)_(RC_Bayesian)_(SMEAR=Smear)_(Q2_y_Bin_8)_(z_pT_Bin_9)_(MultiDim_Q2_y_z_pT_phi_h)[0m (Histo Num 47585)
[91mSkipping: (MultiDim_5D_Histo)_(RC_Bayesian)_(SMEAR=Smear)_(Q2_y_Bin_8)_(z_pT_Bin_10)_(MultiDim_Q2_y_z_pT_phi_h)[0m (Histo Num 47586)
[91mSkipping: (MultiDim_5D_Histo)_(RC_Bayesian)_(SMEAR=Smear)_(Q2_y_Bin_8)_(z_pT_Bin_11)_(MultiDim_Q2_y_z_pT_phi_h)[0m (Histo Num 47587)
[91mSkipping: (MultiDim_5D_Histo)_(RC_Bayesian)_(SMEAR=Smear)_(Q2_y_Bin_8)_(z_pT_Bin_12)_(MultiDim_Q2_y_z_pT_phi_h)[0m (Histo Num 47588)
[91mSkipping: (MultiDim_5D_Histo)_(RC_Bayesian)_(SMEAR=Smear)_(Q2_y_Bin_8)_(z_pT_Bin_13)_(MultiDim_Q2_y_z_pT_phi_h)[0m (Histo Num 47589)
[91mSkipping: (MultiDim_5D_Histo)_(RC_Bayesian)_(SMEAR=Smear)_(Q2_y_Bin_8)_(z_pT_Bin_14)_(MultiDim_Q2_y_z_pT_phi_h)[0m (Histo Num 47590)
[91mSkipping: (MultiDim_5D_Histo)_(RC_Bayesian)_(SMEAR=Smear)_(Q2_y_Bin_8)_(z_pT_Bin_15)_(MultiDim_Q2_y_z_pT_phi_h)[0m (Histo Num 47591)
[91mSkipping: (MultiDim_5D_Histo)_(RC_Bayesian)_(SMEAR=Smear)_(Q2_y_Bin_8)_(z_pT_Bin_16)_(MultiDim_Q2_y_z_pT_phi_h)[0m (Histo Num 47592)
[91mSkipping: (MultiDim_5D_Histo)_(RC_Bayesian)_(SMEAR=Smear)_(Q2_y_Bin_8)_(z_pT_Bin_17)_(MultiDim_Q2_y_z_pT_phi_h)[0m (Histo Num 47593)
[91mSkipping: (MultiDim_5D_Histo)_(RC_Bayesian)_(SMEAR=Smear)_(Q2_y_Bin_8)_(z_pT_Bin_18)_(MultiDim_Q2_y_z_pT_phi_h)[0m (Histo Num 47594)
[91mSkipping: (MultiDim_5D_Histo)_(RC_Bayesian)_(SMEAR=Smear)_(Q2_y_Bin_8)_(z_pT_Bin_19)_(MultiDim_Q2_y_z_pT_phi_h)[0m (Histo Num 47595)
[91mSkipping: (MultiDim_5D_Histo)_(RC_Bayesian)_(SMEAR=Smear)_(Q2_y_Bin_8)_(z_pT_Bin_20)_(MultiDim_Q2_y_z_pT_phi_h)[0m (Histo Num 47596)
[91mSkipping: (MultiDim_5D_Histo)_(RC_Bayesian)_(SMEAR=Smear)_(Q2_y_Bin_8)_(z_pT_Bin_21)_(MultiDim_Q2_y_z_pT_phi_h)[0m (Histo Num 47597)
[91mSkipping: (MultiDim_5D_Histo)_(RC_Bayesian)_(SMEAR=Smear)_(Q2_y_Bin_8)_(z_pT_Bin_22)_(MultiDim_Q2_y_z_pT_phi_h)[0m (Histo Num 47598)
[91mSkipping: (MultiDim_5D_Histo)_(RC_Bayesian)_(SMEAR=Smear)_(Q2_y_Bin_8)_(z_pT_Bin_23)_(MultiDim_Q2_y_z_pT_phi_h)[0m (Histo Num 47599)
[91mSkipping: (MultiDim_5D_Histo)_(RC_Bayesian)_(SMEAR=Smear)_(Q2_y_Bin_8)_(z_pT_Bin_24)_(MultiDim_Q2_y_z_pT_phi_h)[0m (Histo Num 47600)
[91mSkipping: (MultiDim_5D_Histo)_(RC_Bayesian)_(SMEAR=Smear)_(Q2_y_Bin_8)_(z_pT_Bin_25)_(MultiDim_Q2_y_z_pT_phi_h)[0m (Histo Num 47601)
[91mSkipping: (MultiDim_5D_Histo)_(RC_Bayesian)_(SMEAR=Smear)_(Q2_y_Bin_8)_(z_pT_Bin_26)_(MultiDim_Q2_y_z_pT_phi_h)[0m (Histo Num 47602)
[91mSkipping: (MultiDim_5D_Histo)_(RC_Bayesian)_(SMEAR=Smear)_(Q2_y_Bin_8)_(z_pT_Bin_27)_(MultiDim_Q2_y_z_pT_phi_h)[0m (Histo Num 47603)
[91mSkipping: (MultiDim_5D_Histo)_(RC_Bayesian)_(SMEAR=Smear)_(Q2_y_Bin_8)_(z_pT_Bin_28)_(MultiDim_Q2_y_z_pT_phi_h)[0m (Histo Num 47604)
[91mSkipping: (MultiDim_5D_Histo)_(RC_Bayesian)_(SMEAR=Smear)_(Q2_y_Bin_8)_(z_pT_Bin_29)_(MultiDim_Q2_y_z_pT_phi_h)[0m (Histo Num 47605)
[91mSkipping: (MultiDim_5D_Histo)_(RC_Bayesian)_(SMEAR=Smear)_(Q2_y_Bin_8)_(z_pT_Bin_30)_(MultiDim_Q2_y_z_pT_phi_h)[0m (Histo Num 47606)
[91mSkipping: (MultiDim_5D_Histo)_(RC_Bayesian)_(SMEAR=Smear)_(Q2_y_Bin_8)_(z_pT_Bin_31)_(MultiDim_Q2_y_z_pT_phi_h)[0m (Histo Num 47607)
[91mSkipping: (MultiDim_5D_Histo)_(RC_Bayesian)_(SMEAR=Smear)_(Q2_y_Bin_8)_(z_pT_Bin_32)_(MultiDim_Q2_y_z_pT_phi_h)[0m (Histo Num 47608)
[91mSkipping: (MultiDim_5D_Histo)_(RC_Bayesian)_(SMEAR=Smear)_(Q2_y_Bin_8)_(z_pT_Bin_33)_(MultiDim_Q2_y_z_pT_phi_h)[0m (Histo Num 47609)
[91mSkipping: (MultiDim_5D_Histo)_(RC_Bayesian)_(SMEAR=Smear)_(Q2_y_Bin_8)_(z_pT_Bin_34)_(MultiDim_Q2_y_z_pT_phi_h)[0m (Histo Num 47610)
[91mSkipping: (MultiDim_5D_Histo)_(RC_Bayesian)_(SMEAR=Smear)_(Q2_y_Bin_9)_(z_pT_Bin_1)_(MultiDim_Q2_y_z_pT_phi_h)[0m (Histo Num 47612)
[91mSkipping: (MultiDim_5D_Histo)_(RC_Bayesian)_(SMEAR=Smear)_(Q2_y_Bin_9)_(z_pT_Bin_2)_(MultiDim_Q2_y_z_pT_phi_h)[0m (Histo Num 47613)
[91mSkipping: (MultiDim_5D_Histo)_(RC_Bayesian)_(SMEAR=Smear)_(Q2_y_Bin_9)_(z_pT_Bin_3)_(MultiDim_Q2_y_z_pT_phi_h)[0m (Histo Num 47614)
[91mSkipping: (MultiDim_5D_Histo)_(RC_Bayesian)_(SMEAR=Smear)_(Q2_y_Bin_9)_(z_pT_Bin_4)_(MultiDim_Q2_y_z_pT_phi_h)[0m (Histo Num 47615)
[91mSkipping: (MultiDim_5D_Histo)_(RC_Bayesian)_(SMEAR=Smear)_(Q2_y_Bin_9)_(z_pT_Bin_5)_(MultiDim_Q2_y_z_pT_phi_h)[0m (Histo Num 47616)
[91mSkipping: (MultiDim_5D_Histo)_(RC_Bayesian)_(SMEAR=Smear)_(Q2_y_Bin_9)_(z_pT_Bin_6)_(MultiDim_Q2_y_z_pT_phi_h)[0m (Histo Num 47617)
[91mSkipping: (MultiDim_5D_Histo)_(RC_Bayesian)_(SMEAR=Smear)_(Q2_y_Bin_9)_(z_pT_Bin_7)_(MultiDim_Q2_y_z_pT_phi_h)[0m (Histo Num 47618)
[91mSkipping: (MultiDim_5D_Histo)_(RC_Bayesian)_(SMEAR=Smear)_(Q2_y_Bin_9)_(z_pT_Bin_8)_(MultiDim_Q2_y_z_pT_phi_h)[0m (Histo Num 47619)
[91mSkipping: (MultiDim_5D_Histo)_(RC_Bayesian)_(SMEAR=Smear)_(Q2_y_Bin_9)_(z_pT_Bin_9)_(MultiDim_Q2_y_z_pT_phi_h)[0m (Histo Num 47620)
[91mSkipping: (MultiDim_5D_Histo)_(RC_Bayesian)_(SMEAR=Smear)_(Q2_y_Bin_9)_(z_pT_Bin_10)_(MultiDim_Q2_y_z_pT_phi_h)[0m (Histo Num 47621)
[91mSkipping: (MultiDim_5D_Histo)_(RC_Bayesian)_(SMEAR=Smear)_(Q2_y_Bin_9)_(z_pT_Bin_11)_(MultiDim_Q2_y_z_pT_phi_h)[0m (Histo Num 47622)
[91mSkipping: (MultiDim_5D_Histo)_(RC_Bayesian)_(SMEAR=Smear)_(Q2_y_Bin_9)_(z_pT_Bin_12)_(MultiDim_Q2_y_z_pT_phi_h)[0m (Histo Num 47623)
[91mSkipping: (MultiDim_5D_Histo)_(RC_Bayesian)_(SMEAR=Smear)_(Q2_y_Bin_9)_(z_pT_Bin_13)_(MultiDim_Q2_y_z_pT_phi_h)[0m (Histo Num 47624)
[91mSkipping: (MultiDim_5D_Histo)_(RC_Bayesian)_(SMEAR=Smear)_(Q2_y_Bin_9)_(z_pT_Bin_14)_(MultiDim_Q2_y_z_pT_phi_h)[0m (Histo Num 47625)
[91mSkipping: (MultiDim_5D_Histo)_(RC_Bayesian)_(SMEAR=Smear)_(Q2_y_Bin_9)_(z_pT_Bin_15)_(MultiDim_Q2_y_z_pT_phi_h)[0m (Histo Num 47626)
[91mSkipping: (MultiDim_5D_Histo)_(RC_Bayesian)_(SMEAR=Smear)_(Q2_y_Bin_9)_(z_pT_Bin_16)_(MultiDim_Q2_y_z_pT_phi_h)[0m (Histo Num 47627)
[91mSkipping: (MultiDim_5D_Histo)_(RC_Bayesian)_(SMEAR=Smear)_(Q2_y_Bin_9)_(z_pT_Bin_17)_(MultiDim_Q2_y_z_pT_phi_h)[0m (Histo Num 47628)
[91mSkipping: (MultiDim_5D_Histo)_(RC_Bayesian)_(SMEAR=Smear)_(Q2_y_Bin_9)_(z_pT_Bin_18)_(MultiDim_Q2_y_z_pT_phi_h)[0m (Histo Num 47629)
[91mSkipping: (MultiDim_5D_Histo)_(RC_Bayesian)_(SMEAR=Smear)_(Q2_y_Bin_9)_(z_pT_Bin_19)_(MultiDim_Q2_y_z_pT_phi_h)[0m (Histo Num 47630)
[91mSkipping: (MultiDim_5D_Histo)_(RC_Bayesian)_(SMEAR=Smear)_(Q2_y_Bin_9)_(z_pT_Bin_20)_(MultiDim_Q2_y_z_pT_phi_h)[0m (Histo Num 47631)
[91mSkipping: (MultiDim_5D_Histo)_(RC_Bayesian)_(SMEAR=Smear)_(Q2_y_Bin_9)_(z_pT_Bin_22)_(MultiDim_Q2_y_z_pT_phi_h)[0m (Histo Num 47632)
[91mSkipping: (MultiDim_5D_Histo)_(RC_Bayesian)_(SMEAR=Smear)_(Q2_y_Bin_9)_(z_pT_Bin_23)_(MultiDim_Q2_y_z_pT_phi_h)[0m (Histo Num 47633)
[91mSkipping: (MultiDim_5D_Histo)_(RC_Bayesian)_(SMEAR=Smear)_(Q2_y_Bin_9)_(z_pT_Bin_24)_(MultiDim_Q2_y_z_pT_phi_h)[0m (Histo Num 47634)
[91mSkipping: (MultiDim_5D_Histo)_(RC_Bayesian)_(SMEAR=Smear)_(Q2_y_Bin_9)_(z_pT_Bin_25)_(MultiDim_Q2_y_z_pT_phi_h)[0m (Histo Num 47635)
[91mSkipping: (MultiDim_5D_Histo)_(RC_Bayesian)_(SMEAR=Smear)_(Q2_y_Bin_9)_(z_pT_Bin_26)_(MultiDim_Q2_y_z_pT_phi_h)[0m (Histo Num 47636)
[91mSkipping: (MultiDim_5D_Histo)_(RC_Bayesian)_(SMEAR=Smear)_(Q2_y_Bin_9)_(z_pT_Bin_29)_(MultiDim_Q2_y_z_pT_phi_h)[0m (Histo Num 47637)
[91mSkipping: (MultiDim_5D_Histo)_(RC_Bayesian)_(SMEAR=Smear)_(Q2_y_Bin_9)_(z_pT_Bin_30)_(MultiDim_Q2_y_z_pT_phi_h)[0m (Histo Num 47638)
[91mSkipping: (MultiDim_5D_Histo)_(RC_Bayesian)_(SMEAR=Smear)_(Q2_y_Bin_9)_(z_pT_Bin_31)_(MultiDim_Q2_y_z_pT_phi_h)[0m (Histo Num 47639)
[91mSkipping: (MultiDim_5D_Histo)_(RC_Bayesian)_(SMEAR=Smear)_(Q2_y_Bin_9)_(z_pT_Bin_32)_(MultiDim_Q2_y_z_pT_phi_h)[0m (Histo Num 47640)
[91mSkipping: (MultiDim_5D_Histo)_(RC_Bayesian)_(SMEAR=Smear)_(Q2_y_Bin_10)_(z_pT_Bin_1)_(MultiDim_Q2_y_z_pT_phi_h)[0m (Histo Num 47642)
[91mSkipping: (MultiDim_5D_Histo)_(RC_Bayesian)_(SMEAR=Smear)_(Q2_y_Bin_10)_(z_pT_Bin_2)_(MultiDim_Q2_y_z_pT_phi_h)[0m (Histo Num 47643)
[91mSkipping: (MultiDim_5D_Histo)_(RC_Bayesian)_(SMEAR=Smear)_(Q2_y_Bin_10)_(z_pT_Bin_3)_(MultiDim_Q2_y_z_pT_phi_h)[0m (Histo Num 47644)
[91mSkipping: (MultiDim_5D_Histo)_(RC_Bayesian)_(SMEAR=Smear)_(Q2_y_Bin_10)_(z_pT_Bin_4)_(MultiDim_Q2_y_z_pT_phi_h)[0m (Histo Num 47645)
[91mSkipping: (MultiDim_5D_Histo)_(RC_Bayesian)_(SMEAR=Smear)_(Q2_y_Bin_10)_(z_pT_Bin_5)_(MultiDim_Q2_y_z_pT_phi_h)[0m (Histo Num 47646)
[91mSkipping: (MultiDim_5D_Histo)_(RC_Bayesian)_(SMEAR=Smear)_(Q2_y_Bin_10)_(z_pT_Bin_6)_(MultiDim_Q2_y_z_pT_phi_h)[0m (Histo Num 47647)
[91mSkipping: (MultiDim_5D_Histo)_(RC_Bayesian)_(SMEAR=Smear)_(Q2_y_Bin_10)_(z_pT_Bin_7)_(MultiDim_Q2_y_z_pT_phi_h)[0m (Histo Num 47648)
[91mSkipping: (MultiDim_5D_Histo)_(RC_Bayesian)_(SMEAR=Smear)_(Q2_y_Bin_10)_(z_pT_Bin_8)_(MultiDim_Q2_y_z_pT_phi_h)[0m (Histo Num 47649)
[91mSkipping: (MultiDim_5D_Histo)_(RC_Bayesian)_(SMEAR=Smear)_(Q2_y_Bin_10)_(z_pT_Bin_9)_(MultiDim_Q2_y_z_pT_phi_h)[0m (Histo Num 47650)
[91mSkipping: (MultiDim_5D_Histo)_(RC_Bayesian)_(SMEAR=Smear)_(Q2_y_Bin_10)_(z_pT_Bin_10)_(MultiDim_Q2_y_z_pT_phi_h)[0m (Histo Num 47651)
[91mSkipping: (MultiDim_5D_Histo)_(RC_Bayesian)_(SMEAR=Smear)_(Q2_y_Bin_10)_(z_pT_Bin_11)_(MultiDim_Q2_y_z_pT_phi_h)[0m (Histo Num 47652)
[91mSkipping: (MultiDim_5D_Histo)_(RC_Bayesian)_(SMEAR=Smear)_(Q2_y_Bin_10)_(z_pT_Bin_12)_(MultiDim_Q2_y_z_pT_phi_h)[0m (Histo Num 47653)
[91mSkipping: (MultiDim_5D_Histo)_(RC_Bayesian)_(SMEAR=Smear)_(Q2_y_Bin_10)_(z_pT_Bin_13)_(MultiDim_Q2_y_z_pT_phi_h)[0m (Histo Num 47654)
[91mSkipping: (MultiDim_5D_Histo)_(RC_Bayesian)_(SMEAR=Smear)_(Q2_y_Bin_10)_(z_pT_Bin_14)_(MultiDim_Q2_y_z_pT_phi_h)[0m (Histo Num 47655)
[91mSkipping: (MultiDim_5D_Histo)_(RC_Bayesian)_(SMEAR=Smear)_(Q2_y_Bin_10)_(z_pT_Bin_15)_(MultiDim_Q2_y_z_pT_phi_h)[0m (Histo Num 47656)
[91mSkipping: (MultiDim_5D_Histo)_(RC_Bayesian)_(SMEAR=Smear)_(Q2_y_Bin_10)_(z_pT_Bin_16)_(MultiDim_Q2_y_z_pT_phi_h)[0m (Histo Num 47657)
[91mSkipping: (MultiDim_5D_Histo)_(RC_Bayesian)_(SMEAR=Smear)_(Q2_y_Bin_10)_(z_pT_Bin_17)_(MultiDim_Q2_y_z_pT_phi_h)[0m (Histo Num 47658)
[91mSkipping: (MultiDim_5D_Histo)_(RC_Bayesian)_(SMEAR=Smear)_(Q2_y_Bin_10)_(z_pT_Bin_18)_(MultiDim_Q2_y_z_pT_phi_h)[0m (Histo Num 47659)
[91mSkipping: (MultiDim_5D_Histo)_(RC_Bayesian)_(SMEAR=Smear)_(Q2_y_Bin_10)_(z_pT_Bin_19)_(MultiDim_Q2_y_z_pT_phi_h)[0m (Histo Num 47660)
[91mSkipping: (MultiDim_5D_Histo)_(RC_Bayesian)_(SMEAR=Smear)_(Q2_y_Bin_10)_(z_pT_Bin_20)_(MultiDim_Q2_y_z_pT_phi_h)[0m (Histo Num 47661)
[91mSkipping: (MultiDim_5D_Histo)_(RC_Bayesian)_(SMEAR=Smear)_(Q2_y_Bin_10)_(z_pT_Bin_21)_(MultiDim_Q2_y_z_pT_phi_h)[0m (Histo Num 47662)
[91mSkipping: (MultiDim_5D_Histo)_(RC_Bayesian)_(SMEAR=Smear)_(Q2_y_Bin_10)_(z_pT_Bin_22)_(MultiDim_Q2_y_z_pT_phi_h)[0m (Histo Num 47663)
[91mSkipping: (MultiDim_5D_Histo)_(RC_Bayesian)_(SMEAR=Smear)_(Q2_y_Bin_10)_(z_pT_Bin_23)_(MultiDim_Q2_y_z_pT_phi_h)[0m (Histo Num 47664)
[91mSkipping: (MultiDim_5D_Histo)_(RC_Bayesian)_(SMEAR=Smear)_(Q2_y_Bin_10)_(z_pT_Bin_25)_(MultiDim_Q2_y_z_pT_phi_h)[0m (Histo Num 47665)
[91mSkipping: (MultiDim_5D_Histo)_(RC_Bayesian)_(SMEAR=Smear)_(Q2_y_Bin_10)_(z_pT_Bin_26)_(MultiDim_Q2_y_z_pT_phi_h)[0m (Histo Num 47666)
[91mSkipping: (MultiDim_5D_Histo)_(RC_Bayesian)_(SMEAR=Smear)_(Q2_y_Bin_10)_(z_pT_Bin_27)_(MultiDim_Q2_y_z_pT_phi_h)[0m (Histo Num 47667)
[91mSkipping: (MultiDim_5D_Histo)_(RC_Bayesian)_(SMEAR=Smear)_(Q2_y_Bin_10)_(z_pT_Bin_28)_(MultiDim_Q2_y_z_pT_phi_h)[0m (Histo Num 47668)
[91mSkipping: (MultiDim_5D_Histo)_(RC_Bayesian)_(SMEAR=Smear)_(Q2_y_Bin_10)_(z_pT_Bin_29)_(MultiDim_Q2_y_z_pT_phi_h)[0m (Histo Num 47669)
[91mSkipping: (MultiDim_5D_Histo)_(RC_Bayesian)_(SMEAR=Smear)_(Q2_y_Bin_10)_(z_pT_Bin_31)_(MultiDim_Q2_y_z_pT_phi_h)[0m (Histo Num 47670)
[91mSkipping: (MultiDim_5D_Histo)_(RC_Bayesian)_(SMEAR=Smear)_(Q2_y_Bin_10)_(z_pT_Bin_32)_(MultiDim_Q2_y_z_pT_phi_h)[0m (Histo Num 47671)
[91mSkipping: (MultiDim_5D_Histo)_(RC_Bayesian)_(SMEAR=Smear)_(Q2_y_Bin_10)_(z_pT_Bin_33)_(MultiDim_Q2_y_z_pT_phi_h)[0m (Histo Num 47672)
[91mSkipping: (MultiDim_5D_Histo)_(RC_Bayesian)_(SMEAR=Smear)_(Q2_y_Bin_10)_(z_pT_Bin_34)_(MultiDim_Q2_y_z_pT_phi_h)[0m (Histo Num 47673)
[91mSkipping: (MultiDim_5D_Histo)_(RC_Bayesian)_(SMEAR=Smear)_(Q2_y_Bin_11)_(z_pT_Bin_1)_(MultiDim_Q2_y_z_pT_phi_h)[0m (Histo Num 47675)
[91mSkipping: (MultiDim_5D_Histo)_(RC_Bayesian)_(SMEAR=Smear)_(Q2_y_Bin_11)_(z_pT_Bin_2)_(MultiDim_Q2_y_z_pT_phi_h)[0m (Histo Num 47676)
[91mSkipping: (MultiDim_5D_Histo)_(RC_Bayesian)_(SMEAR=Smear)_(Q2_y_Bin_11)_(z_pT_Bin_3)_(MultiDim_Q2_y_z_pT_phi_h)[0m (Histo Num 47677)
[91mSkipping: (MultiDim_5D_Histo)_(RC_Bayesian)_(SMEAR=Smear)_(Q2_y_Bin_11)_(z_pT_Bin_4)_(MultiDim_Q2_y_z_pT_phi_h)[0m (Histo Num 47678)
[91mSkipping: (MultiDim_5D_Histo)_(RC_Bayesian)_(SMEAR=Smear)_(Q2_y_Bin_11)_(z_pT_Bin_6)_(MultiDim_Q2_y_z_pT_phi_h)[0m (Histo Num 47679)
[91mSkipping: (MultiDim_5D_Histo)_(RC_Bayesian)_(SMEAR=Smear)_(Q2_y_Bin_11)_(z_pT_Bin_7)_(MultiDim_Q2_y_z_pT_phi_h)[0m (Histo Num 47680)
[91mSkipping: (MultiDim_5D_Histo)_(RC_Bayesian)_(SMEAR=Smear)_(Q2_y_Bin_11)_(z_pT_Bin_8)_(MultiDim_Q2_y_z_pT_phi_h)[0m (Histo Num 47681)
[91mSkipping: (MultiDim_5D_Histo)_(RC_Bayesian)_(SMEAR=Smear)_(Q2_y_Bin_11)_(z_pT_Bin_9)_(MultiDim_Q2_y_z_pT_phi_h)[0m (Histo Num 47682)
[91mSkipping: (MultiDim_5D_Histo)_(RC_Bayesian)_(SMEAR=Smear)_(Q2_y_Bin_11)_(z_pT_Bin_10)_(MultiDim_Q2_y_z_pT_phi_h)[0m (Histo Num 47683)
[91mSkipping: (MultiDim_5D_Histo)_(RC_Bayesian)_(SMEAR=Smear)_(Q2_y_Bin_11)_(z_pT_Bin_11)_(MultiDim_Q2_y_z_pT_phi_h)[0m (Histo Num 47684)
[91mSkipping: (MultiDim_5D_Histo)_(RC_Bayesian)_(SMEAR=Smear)_(Q2_y_Bin_11)_(z_pT_Bin_12)_(MultiDim_Q2_y_z_pT_phi_h)[0m (Histo Num 47685)
[91mSkipping: (MultiDim_5D_Histo)_(RC_Bayesian)_(SMEAR=Smear)_(Q2_y_Bin_11)_(z_pT_Bin_13)_(MultiDim_Q2_y_z_pT_phi_h)[0m (Histo Num 47686)
[91mSkipping: (MultiDim_5D_Histo)_(RC_Bayesian)_(SMEAR=Smear)_(Q2_y_Bin_11)_(z_pT_Bin_14)_(MultiDim_Q2_y_z_pT_phi_h)[0m (Histo Num 47687)
[91mSkipping: (MultiDim_5D_Histo)_(RC_Bayesian)_(SMEAR=Smear)_(Q2_y_Bin_11)_(z_pT_Bin_15)_(MultiDim_Q2_y_z_pT_phi_h)[0m (Histo Num 47688)
[91mSkipping: (MultiDim_5D_Histo)_(RC_Bayesian)_(SMEAR=Smear)_(Q2_y_Bin_11)_(z_pT_Bin_16)_(MultiDim_Q2_y_z_pT_phi_h)[0m (Histo Num 47689)
[91mSkipping: (MultiDim_5D_Histo)_(RC_Bayesian)_(SMEAR=Smear)_(Q2_y_Bin_11)_(z_pT_Bin_17)_(MultiDim_Q2_y_z_pT_phi_h)[0m (Histo Num 47690)
[91mSkipping: (MultiDim_5D_Histo)_(RC_Bayesian)_(SMEAR=Smear)_(Q2_y_Bin_11)_(z_pT_Bin_18)_(MultiDim_Q2_y_z_pT_phi_h)[0m (Histo Num 47691)
[91mSkipping: (MultiDim_5D_Histo)_(RC_Bayesian)_(SMEAR=Smear)_(Q2_y_Bin_11)_(z_pT_Bin_19)_(MultiDim_Q2_y_z_pT_phi_h)[0m (Histo Num 47692)
[91mSkipping: (MultiDim_5D_Histo)_(RC_Bayesian)_(SMEAR=Smear)_(Q2_y_Bin_11)_(z_pT_Bin_20)_(MultiDim_Q2_y_z_pT_phi_h)[0m (Histo Num 47693)
[91mSkipping: (MultiDim_5D_Histo)_(RC_Bayesian)_(SMEAR=Smear)_(Q2_y_Bin_11)_(z_pT_Bin_21)_(MultiDim_Q2_y_z_pT_phi_h)[0m (Histo Num 47694)
[91mSkipping: (MultiDim_5D_Histo)_(RC_Bayesian)_(SMEAR=Smear)_(Q2_y_Bin_11)_(z_pT_Bin_22)_(MultiDim_Q2_y_z_pT_phi_h)[0m (Histo Num 47695)
[91mSkipping: (MultiDim_5D_Histo)_(RC_Bayesian)_(SMEAR=Smear)_(Q2_y_Bin_11)_(z_pT_Bin_23)_(MultiDim_Q2_y_z_pT_phi_h)[0m (Histo Num 47696)
[91mSkipping: (MultiDim_5D_Histo)_(RC_Bayesian)_(SMEAR=Smear)_(Q2_y_Bin_11)_(z_pT_Bin_24)_(MultiDim_Q2_y_z_pT_phi_h)[0m (Histo Num 47697)
[91mSkipping: (MultiDim_5D_Histo)_(RC_Bayesian)_(SMEAR=Smear)_(Q2_y_Bin_12)_(z_pT_Bin_6)_(MultiDim_Q2_y_z_pT_phi_h)[0m (Histo Num 47699)
[91mSkipping: (MultiDim_5D_Histo)_(RC_Bayesian)_(SMEAR=Smear)_(Q2_y_Bin_12)_(z_pT_Bin_7)_(MultiDim_Q2_y_z_pT_phi_h)[0m (Histo Num 47700)
[91mSkipping: (MultiDim_5D_Histo)_(RC_Bayesian)_(SMEAR=Smear)_(Q2_y_Bin_12)_(z_pT_Bin_8)_(MultiDim_Q2_y_z_pT_phi_h)[0m (Histo Num 47701)
[91mSkipping: (MultiDim_5D_Histo)_(RC_Bayesian)_(SMEAR=Smear)_(Q2_y_Bin_12)_(z_pT_Bin_9)_(MultiDim_Q2_y_z_pT_phi_h)[0m (Histo Num 47702)
[91mSkipping: (MultiDim_5D_Histo)_(RC_Bayesian)_(SMEAR=Smear)_(Q2_y_Bin_12)_(z_pT_Bin_10)_(MultiDim_Q2_y_z_pT_phi_h)[0m (Histo Num 47703)
[91mSkipping: (MultiDim_5D_Histo)_(RC_Bayesian)_(SMEAR=Smear)_(Q2_y_Bin_12)_(z_pT_Bin_11)_(MultiDim_Q2_y_z_pT_phi_h)[0m (Histo Num 47704)
[91mSkipping: (MultiDim_5D_Histo)_(RC_Bayesian)_(SMEAR=Smear)_(Q2_y_Bin_12)_(z_pT_Bin_12)_(MultiDim_Q2_y_z_pT_phi_h)[0m (Histo Num 47705)
[91mSkipping: (MultiDim_5D_Histo)_(RC_Bayesian)_(SMEAR=Smear)_(Q2_y_Bin_12)_(z_pT_Bin_13)_(MultiDim_Q2_y_z_pT_phi_h)[0m (Histo Num 47706)
[91mSkipping: (MultiDim_5D_Histo)_(RC_Bayesian)_(SMEAR=Smear)_(Q2_y_Bin_12)_(z_pT_Bin_14)_(MultiDim_Q2_y_z_pT_phi_h)[0m (Histo Num 47707)
[91mSkipping: (MultiDim_5D_Histo)_(RC_Bayesian)_(SMEAR=Smear)_(Q2_y_Bin_12)_(z_pT_Bin_15)_(MultiDim_Q2_y_z_pT_phi_h)[0m (Histo Num 47708)
[91mSkipping: (MultiDim_5D_Histo)_(RC_Bayesian)_(SMEAR=Smear)_(Q2_y_Bin_12)_(z_pT_Bin_16)_(MultiDim_Q2_y_z_pT_phi_h)[0m (Histo Num 47709)
[91mSkipping: (MultiDim_5D_Histo)_(RC_Bayesian)_(SMEAR=Smear)_(Q2_y_Bin_12)_(z_pT_Bin_17)_(MultiDim_Q2_y_z_pT_phi_h)[0m (Histo Num 47710)
[91mSkipping: (MultiDim_5D_Histo)_(RC_Bayesian)_(SMEAR=Smear)_(Q2_y_Bin_12)_(z_pT_Bin_18)_(MultiDim_Q2_y_z_pT_phi_h)[0m (Histo Num 47711)
[91mSkipping: (MultiDim_5D_Histo)_(RC_Bayesian)_(SMEAR=Smear)_(Q2_y_Bin_12)_(z_pT_Bin_19)_(MultiDim_Q2_y_z_pT_phi_h)[0m (Histo Num 47712)
[91mSkipping: (MultiDim_5D_Histo)_(RC_Bayesian)_(SMEAR=Smear)_(Q2_y_Bin_12)_(z_pT_Bin_20)_(MultiDim_Q2_y_z_pT_phi_h)[0m (Histo Num 47713)
[91mSkipping: (MultiDim_5D_Histo)_(RC_Bayesian)_(SMEAR=Smear)_(Q2_y_Bin_12)_(z_pT_Bin_21)_(MultiDim_Q2_y_z_pT_phi_h)[0m (Histo Num 47714)
[91mSkipping: (MultiDim_5D_Histo)_(RC_Bayesian)_(SMEAR=Smear)_(Q2_y_Bin_12)_(z_pT_Bin_22)_(MultiDim_Q2_y_z_pT_phi_h)[0m (Histo Num 47715)
[91mSkipping: (MultiDim_5D_Histo)_(RC_Bayesian)_(SMEAR=Smear)_(Q2_y_Bin_12)_(z_pT_Bin_23)_(MultiDim_Q2_y_z_pT_phi_h)[0m (Histo Num 47716)
[91mSkipping: (MultiDim_5D_Histo)_(RC_Bayesian)_(SMEAR=Smear)_(Q2_y_Bin_12)_(z_pT_Bin_24)_(MultiDim_Q2_y_z_pT_phi_h)[0m (Histo Num 47717)
[91mSkipping: (MultiDim_5D_Histo)_(RC_Bayesian)_(SMEAR=Smear)_(Q2_y_Bin_13)_(z_pT_Bin_1)_(MultiDim_Q2_y_z_pT_phi_h)[0m (Histo Num 47719)
[91mSkipping: (MultiDim_5D_Histo)_(RC_Bayesian)_(SMEAR=Smear)_(Q2_y_Bin_13)_(z_pT_Bin_2)_(MultiDim_Q2_y_z_pT_phi_h)[0m (Histo Num 47720)
[91mSkipping: (MultiDim_5D_Histo)_(RC_Bayesian)_(SMEAR=Smear)_(Q2_y_Bin_13)_(z_pT_Bin_3)_(MultiDim_Q2_y_z_pT_phi_h)[0m (Histo Num 47721)
[91mSkipping: (MultiDim_5D_Histo)_(RC_Bayesian)_(SMEAR=Smear)_(Q2_y_Bin_13)_(z_pT_Bin_4)_(MultiDim_Q2_y_z_pT_phi_h)[0m (Histo Num 47722)
[91mSkipping: (MultiDim_5D_Histo)_(RC_Bayesian)_(SMEAR=Smear)_(Q2_y_Bin_13)_(z_pT_Bin_5)_(MultiDim_Q2_y_z_pT_phi_h)[0m (Histo Num 47723)
[91mSkipping: (MultiDim_5D_Histo)_(RC_Bayesian)_(SMEAR=Smear)_(Q2_y_Bin_13)_(z_pT_Bin_6)_(MultiDim_Q2_y_z_pT_phi_h)[0m (Histo Num 47724)
[91mSkipping: (MultiDim_5D_Histo)_(RC_Bayesian)_(SMEAR=Smear)_(Q2_y_Bin_13)_(z_pT_Bin_7)_(MultiDim_Q2_y_z_pT_phi_h)[0m (Histo Num 47725)
[91mSkipping: (MultiDim_5D_Histo)_(RC_Bayesian)_(SMEAR=Smear)_(Q2_y_Bin_13)_(z_pT_Bin_8)_(MultiDim_Q2_y_z_pT_phi_h)[0m (Histo Num 47726)
[91mSkipping: (MultiDim_5D_Histo)_(RC_Bayesian)_(SMEAR=Smear)_(Q2_y_Bin_13)_(z_pT_Bin_9)_(MultiDim_Q2_y_z_pT_phi_h)[0m (Histo Num 47727)
[91mSkipping: (MultiDim_5D_Histo)_(RC_Bayesian)_(SMEAR=Smear)_(Q2_y_Bin_13)_(z_pT_Bin_10)_(MultiDim_Q2_y_z_pT_phi_h)[0m (Histo Num 47728)
[91mSkipping: (MultiDim_5D_Histo)_(RC_Bayesian)_(SMEAR=Smear)_(Q2_y_Bin_13)_(z_pT_Bin_11)_(MultiDim_Q2_y_z_pT_phi_h)[0m (Histo Num 47729)
[91mSkipping: (MultiDim_5D_Histo)_(RC_Bayesian)_(SMEAR=Smear)_(Q2_y_Bin_13)_(z_pT_Bin_12)_(MultiDim_Q2_y_z_pT_phi_h)[0m (Histo Num 47730)
[91mSkipping: (MultiDim_5D_Histo)_(RC_Bayesian)_(SMEAR=Smear)_(Q2_y_Bin_13)_(z_pT_Bin_13)_(MultiDim_Q2_y_z_pT_phi_h)[0m (Histo Num 47731)
[91mSkipping: (MultiDim_5D_Histo)_(RC_Bayesian)_(SMEAR=Smear)_(Q2_y_Bin_13)_(z_pT_Bin_14)_(MultiDim_Q2_y_z_pT_phi_h)[0m (Histo Num 47732)
[91mSkipping: (MultiDim_5D_Histo)_(RC_Bayesian)_(SMEAR=Smear)_(Q2_y_Bin_13)_(z_pT_Bin_15)_(MultiDim_Q2_y_z_pT_phi_h)[0m (Histo Num 47733)
[91mSkipping: (MultiDim_5D_Histo)_(RC_Bayesian)_(SMEAR=Smear)_(Q2_y_Bin_13)_(z_pT_Bin_16)_(MultiDim_Q2_y_z_pT_phi_h)[0m (Histo Num 47734)
[91mSkipping: (MultiDim_5D_Histo)_(RC_Bayesian)_(SMEAR=Smear)_(Q2_y_Bin_13)_(z_pT_Bin_17)_(MultiDim_Q2_y_z_pT_phi_h)[0m (Histo Num 47735)
[91mSkipping: (MultiDim_5D_Histo)_(RC_Bayesian)_(SMEAR=Smear)_(Q2_y_Bin_13)_(z_pT_Bin_18)_(MultiDim_Q2_y_z_pT_phi_h)[0m (Histo Num 47736)
[91mSkipping: (MultiDim_5D_Histo)_(RC_Bayesian)_(SMEAR=Smear)_(Q2_y_Bin_13)_(z_pT_Bin_19)_(MultiDim_Q2_y_z_pT_phi_h)[0m (Histo Num 47737)
[91mSkipping: (MultiDim_5D_Histo)_(RC_Bayesian)_(SMEAR=Smear)_(Q2_y_Bin_13)_(z_pT_Bin_21)_(MultiDim_Q2_y_z_pT_phi_h)[0m (Histo Num 47738)
[91mSkipping: (MultiDim_5D_Histo)_(RC_Bayesian)_(SMEAR=Smear)_(Q2_y_Bin_13)_(z_pT_Bin_22)_(MultiDim_Q2_y_z_pT_phi_h)[0m (Histo Num 47739)
[91mSkipping: (MultiDim_5D_Histo)_(RC_Bayesian)_(SMEAR=Smear)_(Q2_y_Bin_13)_(z_pT_Bin_23)_(MultiDim_Q2_y_z_pT_phi_h)[0m (Histo Num 47740)
[91mSkipping: (MultiDim_5D_Histo)_(RC_Bayesian)_(SMEAR=Smear)_(Q2_y_Bin_13)_(z_pT_Bin_24)_(MultiDim_Q2_y_z_pT_phi_h)[0m (Histo Num 47741)
[91mSkipping: (MultiDim_5D_Histo)_(RC_Bayesian)_(SMEAR=Smear)_(Q2_y_Bin_13)_(z_pT_Bin_26)_(MultiDim_Q2_y_z_pT_phi_h)[0m (Histo Num 47742)
[91mSkipping: (MultiDim_5D_Histo)_(RC_Bayesian)_(SMEAR=Smear)_(Q2_y_Bin_13)_(z_pT_Bin_27)_(MultiDim_Q2_y_z_pT_phi_h)[0m (Histo Num 47743)
[91mSkipping: (MultiDim_5D_Histo)_(RC_Bayesian)_(SMEAR=Smear)_(Q2_y_Bin_13)_(z_pT_Bin_28)_(MultiDim_Q2_y_z_pT_phi_h)[0m (Histo Num 47744)
[91mSkipping: (MultiDim_5D_Histo)_(RC_Bayesian)_(SMEAR=Smear)_(Q2_y_Bin_14)_(z_pT_Bin_1)_(MultiDim_Q2_y_z_pT_phi_h)[0m (Histo Num 47746)
[91mSkipping: (MultiDim_5D_Histo)_(RC_Bayesian)_(SMEAR=Smear)_(Q2_y_Bin_14)_(z_pT_Bin_2)_(MultiDim_Q2_y_z_pT_phi_h)[0m (Histo Num 47747)
[91mSkipping: (MultiDim_5D_Histo)_(RC_Bayesian)_(SMEAR=Smear)_(Q2_y_Bin_14)_(z_pT_Bin_3)_(MultiDim_Q2_y_z_pT_phi_h)[0m (Histo Num 47748)
[91mSkipping: (MultiDim_5D_Histo)_(RC_Bayesian)_(SMEAR=Smear)_(Q2_y_Bin_14)_(z_pT_Bin_4)_(MultiDim_Q2_y_z_pT_phi_h)[0m (Histo Num 47749)
[91mSkipping: (MultiDim_5D_Histo)_(RC_Bayesian)_(SMEAR=Smear)_(Q2_y_Bin_14)_(z_pT_Bin_5)_(MultiDim_Q2_y_z_pT_phi_h)[0m (Histo Num 47750)
[91mSkipping: (MultiDim_5D_Histo)_(RC_Bayesian)_(SMEAR=Smear)_(Q2_y_Bin_14)_(z_pT_Bin_7)_(MultiDim_Q2_y_z_pT_phi_h)[0m (Histo Num 47751)
[91mSkipping: (MultiDim_5D_Histo)_(RC_Bayesian)_(SMEAR=Smear)_(Q2_y_Bin_14)_(z_pT_Bin_8)_(MultiDim_Q2_y_z_pT_phi_h)[0m (Histo Num 47752)
[91mSkipping: (MultiDim_5D_Histo)_(RC_Bayesian)_(SMEAR=Smear)_(Q2_y_Bin_14)_(z_pT_Bin_9)_(MultiDim_Q2_y_z_pT_phi_h)[0m (Histo Num 47753)
[91mSkipping: (MultiDim_5D_Histo)_(RC_Bayesian)_(SMEAR=Smear)_(Q2_y_Bin_14)_(z_pT_Bin_10)_(MultiDim_Q2_y_z_pT_phi_h)[0m (Histo Num 47754)
[91mSkipping: (MultiDim_5D_Histo)_(RC_Bayesian)_(SMEAR=Smear)_(Q2_y_Bin_14)_(z_pT_Bin_11)_(MultiDim_Q2_y_z_pT_phi_h)[0m (Histo Num 47755)
[91mSkipping: (MultiDim_5D_Histo)_(RC_Bayesian)_(SMEAR=Smear)_(Q2_y_Bin_14)_(z_pT_Bin_12)_(MultiDim_Q2_y_z_pT_phi_h)[0m (Histo Num 47756)
[91mSkipping: (MultiDim_5D_Histo)_(RC_Bayesian)_(SMEAR=Smear)_(Q2_y_Bin_14)_(z_pT_Bin_13)_(MultiDim_Q2_y_z_pT_phi_h)[0m (Histo Num 47757)
[91mSkipping: (MultiDim_5D_Histo)_(RC_Bayesian)_(SMEAR=Smear)_(Q2_y_Bin_14)_(z_pT_Bin_14)_(MultiDim_Q2_y_z_pT_phi_h)[0m (Histo Num 47758)
[91mSkipping: (MultiDim_5D_Histo)_(RC_Bayesian)_(SMEAR=Smear)_(Q2_y_Bin_14)_(z_pT_Bin_15)_(MultiDim_Q2_y_z_pT_phi_h)[0m (Histo Num 47759)
[91mSkipping: (MultiDim_5D_Histo)_(RC_Bayesian)_(SMEAR=Smear)_(Q2_y_Bin_14)_(z_pT_Bin_16)_(MultiDim_Q2_y_z_pT_phi_h)[0m (Histo Num 47760)
[91mSkipping: (MultiDim_5D_Histo)_(RC_Bayesian)_(SMEAR=Smear)_(Q2_y_Bin_14)_(z_pT_Bin_17)_(MultiDim_Q2_y_z_pT_phi_h)[0m (Histo Num 47761)
[91mSkipping: (MultiDim_5D_Histo)_(RC_Bayesian)_(SMEAR=Smear)_(Q2_y_Bin_14)_(z_pT_Bin_18)_(MultiDim_Q2_y_z_pT_phi_h)[0m (Histo Num 47762)
[91mSkipping: (MultiDim_5D_Histo)_(RC_Bayesian)_(SMEAR=Smear)_(Q2_y_Bin_14)_(z_pT_Bin_19)_(MultiDim_Q2_y_z_pT_phi_h)[0m (Histo Num 47763)
[91mSkipping: (MultiDim_5D_Histo)_(RC_Bayesian)_(SMEAR=Smear)_(Q2_y_Bin_14)_(z_pT_Bin_20)_(MultiDim_Q2_y_z_pT_phi_h)[0m (Histo Num 47764)
[91mSkipping: (MultiDim_5D_Histo)_(RC_Bayesian)_(SMEAR=Smear)_(Q2_y_Bin_14)_(z_pT_Bin_21)_(MultiDim_Q2_y_z_pT_phi_h)[0m (Histo Num 47765)
[91mSkipping: (MultiDim_5D_Histo)_(RC_Bayesian)_(SMEAR=Smear)_(Q2_y_Bin_14)_(z_pT_Bin_22)_(MultiDim_Q2_y_z_pT_phi_h)[0m (Histo Num 47766)
[91mSkipping: (MultiDim_5D_Histo)_(RC_Bayesian)_(SMEAR=Smear)_(Q2_y_Bin_14)_(z_pT_Bin_23)_(MultiDim_Q2_y_z_pT_phi_h)[0m (Histo Num 47767)
[91mSkipping: (MultiDim_5D_Histo)_(RC_Bayesian)_(SMEAR=Smear)_(Q2_y_Bin_14)_(z_pT_Bin_25)_(MultiDim_Q2_y_z_pT_phi_h)[0m (Histo Num 47768)
[91mSkipping: (MultiDim_5D_Histo)_(RC_Bayesian)_(SMEAR=Smear)_(Q2_y_Bin_14)_(z_pT_Bin_26)_(MultiDim_Q2_y_z_pT_phi_h)[0m (Histo Num 47769)
[91mSkipping: (MultiDim_5D_Histo)_(RC_Bayesian)_(SMEAR=Smear)_(Q2_y_Bin_14)_(z_pT_Bin_27)_(MultiDim_Q2_y_z_pT_phi_h)[0m (Histo Num 47770)
[91mSkipping: (MultiDim_5D_Histo)_(RC_Bayesian)_(SMEAR=Smear)_(Q2_y_Bin_14)_(z_pT_Bin_28)_(MultiDim_Q2_y_z_pT_phi_h)[0m (Histo Num 47771)
[91mSkipping: (MultiDim_5D_Histo)_(RC_Bayesian)_(SMEAR=Smear)_(Q2_y_Bin_14)_(z_pT_Bin_29)_(MultiDim_Q2_y_z_pT_phi_h)[0m (Histo Num 47772)
[91mSkipping: (MultiDim_5D_Histo)_(RC_Bayesian)_(SMEAR=Smear)_(Q2_y_Bin_14)_(z_pT_Bin_31)_(MultiDim_Q2_y_z_pT_phi_h)[0m (Histo Num 47773)
[91mSkipping: (MultiDim_5D_Histo)_(RC_Bayesian)_(SMEAR=Smear)_(Q2_y_Bin_14)_(z_pT_Bin_32)_(MultiDim_Q2_y_z_pT_phi_h)[0m (Histo Num 47774)
[91mSkipping: (MultiDim_5D_Histo)_(RC_Bayesian)_(SMEAR=Smear)_(Q2_y_Bin_14)_(z_pT_Bin_33)_(MultiDim_Q2_y_z_pT_phi_h)[0m (Histo Num 47775)
[91mSkipping: (MultiDim_5D_Histo)_(RC_Bayesian)_(SMEAR=Smear)_(Q2_y_Bin_14)_(z_pT_Bin_34)_(MultiDim_Q2_y_z_pT_phi_h)[0m (Histo Num 47776)
[91mSkipping: (MultiDim_5D_Histo)_(RC_Bayesian)_(SMEAR=Smear)_(Q2_y_Bin_15)_(z_pT_Bin_1)_(MultiDim_Q2_y_z_pT_phi_h)[0m (Histo Num 47778)
[91mSkipping: (MultiDim_5D_Histo)_(RC_Bayesian)_(SMEAR=Smear)_(Q2_y_Bin_15)_(z_pT_Bin_2)_(MultiDim_Q2_y_z_pT_phi_h)[0m (Histo Num 47779)
[91mSkipping: (MultiDim_5D_Histo)_(RC_Bayesian)_(SMEAR=Smear)_(Q2_y_Bin_15)_(z_pT_Bin_3)_(MultiDim_Q2_y_z_pT_phi_h)[0m (Histo Num 47780)
[91mSkipping: (MultiDim_5D_Histo)_(RC_Bayesian)_(SMEAR=Smear)_(Q2_y_Bin_15)_(z_pT_Bin_4)_(MultiDim_Q2_y_z_pT_phi_h)[0m (Histo Num 47781)
[91mSkipping: (MultiDim_5D_Histo)_(RC_Bayesian)_(SMEAR=Smear)_(Q2_y_Bin_15)_(z_pT_Bin_6)_(MultiDim_Q2_y_z_pT_phi_h)[0m (Histo Num 47782)
[91mSkipping: (MultiDim_5D_Histo)_(RC_Bayesian)_(SMEAR=Smear)_(Q2_y_Bin_15)_(z_pT_Bin_7)_(MultiDim_Q2_y_z_pT_phi_h)[0m (Histo Num 47783)
[91mSkipping: (MultiDim_5D_Histo)_(RC_Bayesian)_(SMEAR=Smear)_(Q2_y_Bin_15)_(z_pT_Bin_8)_(MultiDim_Q2_y_z_pT_phi_h)[0m (Histo Num 47784)
[91mSkipping: (MultiDim_5D_Histo)_(RC_Bayesian)_(SMEAR=Smear)_(Q2_y_Bin_15)_(z_pT_Bin_9)_(MultiDim_Q2_y_z_pT_phi_h)[0m (Histo Num 47785)
[91mSkipping: (MultiDim_5D_Histo)_(RC_Bayesian)_(SMEAR=Smear)_(Q2_y_Bin_15)_(z_pT_Bin_10)_(MultiDim_Q2_y_z_pT_phi_h)[0m (Histo Num 47786)
[91mSkipping: (MultiDim_5D_Histo)_(RC_Bayesian)_(SMEAR=Smear)_(Q2_y_Bin_15)_(z_pT_Bin_11)_(MultiDim_Q2_y_z_pT_phi_h)[0m (Histo Num 47787)
[91mSkipping: (MultiDim_5D_Histo)_(RC_Bayesian)_(SMEAR=Smear)_(Q2_y_Bin_15)_(z_pT_Bin_12)_(MultiDim_Q2_y_z_pT_phi_h)[0m (Histo Num 47788)
[91mSkipping: (MultiDim_5D_Histo)_(RC_Bayesian)_(SMEAR=Smear)_(Q2_y_Bin_15)_(z_pT_Bin_13)_(MultiDim_Q2_y_z_pT_phi_h)[0m (Histo Num 47789)
[91mSkipping: (MultiDim_5D_Histo)_(RC_Bayesian)_(SMEAR=Smear)_(Q2_y_Bin_15)_(z_pT_Bin_14)_(MultiDim_Q2_y_z_pT_phi_h)[0m (Histo Num 47790)
[91mSkipping: (MultiDim_5D_Histo)_(RC_Bayesian)_(SMEAR=Smear)_(Q2_y_Bin_15)_(z_pT_Bin_15)_(MultiDim_Q2_y_z_pT_phi_h)[0m (Histo Num 47791)
[91mSkipping: (MultiDim_5D_Histo)_(RC_Bayesian)_(SMEAR=Smear)_(Q2_y_Bin_15)_(z_pT_Bin_16)_(MultiDim_Q2_y_z_pT_phi_h)[0m (Histo Num 47792)
[91mSkipping: (MultiDim_5D_Histo)_(RC_Bayesian)_(SMEAR=Smear)_(Q2_y_Bin_15)_(z_pT_Bin_17)_(MultiDim_Q2_y_z_pT_phi_h)[0m (Histo Num 47793)
[91mSkipping: (MultiDim_5D_Histo)_(RC_Bayesian)_(SMEAR=Smear)_(Q2_y_Bin_15)_(z_pT_Bin_18)_(MultiDim_Q2_y_z_pT_phi_h)[0m (Histo Num 47794)
[91mSkipping: (MultiDim_5D_Histo)_(RC_Bayesian)_(SMEAR=Smear)_(Q2_y_Bin_15)_(z_pT_Bin_19)_(MultiDim_Q2_y_z_pT_phi_h)[0m (Histo Num 47795)
[91mSkipping: (MultiDim_5D_Histo)_(RC_Bayesian)_(SMEAR=Smear)_(Q2_y_Bin_15)_(z_pT_Bin_21)_(MultiDim_Q2_y_z_pT_phi_h)[0m (Histo Num 47796)
[91mSkipping: (MultiDim_5D_Histo)_(RC_Bayesian)_(SMEAR=Smear)_(Q2_y_Bin_15)_(z_pT_Bin_22)_(MultiDim_Q2_y_z_pT_phi_h)[0m (Histo Num 47797)
[91mSkipping: (MultiDim_5D_Histo)_(RC_Bayesian)_(SMEAR=Smear)_(Q2_y_Bin_15)_(z_pT_Bin_23)_(MultiDim_Q2_y_z_pT_phi_h)[0m (Histo Num 47798)
[91mSkipping: (MultiDim_5D_Histo)_(RC_Bayesian)_(SMEAR=Smear)_(Q2_y_Bin_15)_(z_pT_Bin_24)_(MultiDim_Q2_y_z_pT_phi_h)[0m (Histo Num 47799)
[91mSkipping: (MultiDim_5D_Histo)_(RC_Bayesian)_(SMEAR=Smear)_(Q2_y_Bin_16)_(z_pT_Bin_1)_(MultiDim_Q2_y_z_pT_phi_h)[0m (Histo Num 47801)
[91mSkipping: (MultiDim_5D_Histo)_(RC_Bayesian)_(SMEAR=Smear)_(Q2_y_Bin_16)_(z_pT_Bin_2)_(MultiDim_Q2_y_z_pT_phi_h)[0m (Histo Num 47802)
[91mSkipping: (MultiDim_5D_Histo)_(RC_Bayesian)_(SMEAR=Smear)_(Q2_y_Bin_16)_(z_pT_Bin_3)_(MultiDim_Q2_y_z_pT_phi_h)[0m (Histo Num 47803)
[91mSkipping: (MultiDim_5D_Histo)_(RC_Bayesian)_(SMEAR=Smear)_(Q2_y_Bin_16)_(z_pT_Bin_4)_(MultiDim_Q2_y_z_pT_phi_h)[0m (Histo Num 47804)
[91mSkipping: (MultiDim_5D_Histo)_(RC_Bayesian)_(SMEAR=Smear)_(Q2_y_Bin_16)_(z_pT_Bin_5)_(MultiDim_Q2_y_z_pT_phi_h)[0m (Histo Num 47805)
[91mSkipping: (MultiDim_5D_Histo)_(RC_Bayesian)_(SMEAR=Smear)_(Q2_y_Bin_16)_(z_pT_Bin_6)_(MultiDim_Q2_y_z_pT_phi_h)[0m (Histo Num 47806)
[91mSkipping: (MultiDim_5D_Histo)_(RC_Bayesian)_(SMEAR=Smear)_(Q2_y_Bin_16)_(z_pT_Bin_7)_(MultiDim_Q2_y_z_pT_phi_h)[0m (Histo Num 47807)
[91mSkipping: (MultiDim_5D_Histo)_(RC_Bayesian)_(SMEAR=Smear)_(Q2_y_Bin_16)_(z_pT_Bin_8)_(MultiDim_Q2_y_z_pT_phi_h)[0m (Histo Num 47808)
[91mSkipping: (MultiDim_5D_Histo)_(RC_Bayesian)_(SMEAR=Smear)_(Q2_y_Bin_16)_(z_pT_Bin_9)_(MultiDim_Q2_y_z_pT_phi_h)[0m (Histo Num 47809)
[91mSkipping: (MultiDim_5D_Histo)_(RC_Bayesian)_(SMEAR=Smear)_(Q2_y_Bin_16)_(z_pT_Bin_10)_(MultiDim_Q2_y_z_pT_phi_h)[0m (Histo Num 47810)
[91mSkipping: (MultiDim_5D_Histo)_(RC_Bayesian)_(SMEAR=Smear)_(Q2_y_Bin_16)_(z_pT_Bin_11)_(MultiDim_Q2_y_z_pT_phi_h)[0m (Histo Num 47811)
[91mSkipping: (MultiDim_5D_Histo)_(RC_Bayesian)_(SMEAR=Smear)_(Q2_y_Bin_16)_(z_pT_Bin_12)_(MultiDim_Q2_y_z_pT_phi_h)[0m (Histo Num 47812)
[91mSkipping: (MultiDim_5D_Histo)_(RC_Bayesian)_(SMEAR=Smear)_(Q2_y_Bin_16)_(z_pT_Bin_13)_(MultiDim_Q2_y_z_pT_phi_h)[0m (Histo Num 47813)
[91mSkipping: (MultiDim_5D_Histo)_(RC_Bayesian)_(SMEAR=Smear)_(Q2_y_Bin_16)_(z_pT_Bin_14)_(MultiDim_Q2_y_z_pT_phi_h)[0m (Histo Num 47814)
[91mSkipping: (MultiDim_5D_Histo)_(RC_Bayesian)_(SMEAR=Smear)_(Q2_y_Bin_16)_(z_pT_Bin_15)_(MultiDim_Q2_y_z_pT_phi_h)[0m (Histo Num 47815)
[91mSkipping: (MultiDim_5D_Histo)_(RC_Bayesian)_(SMEAR=Smear)_(Q2_y_Bin_16)_(z_pT_Bin_16)_(MultiDim_Q2_y_z_pT_phi_h)[0m (Histo Num 47816)
[91mSkipping: (MultiDim_5D_Histo)_(RC_Bayesian)_(SMEAR=Smear)_(Q2_y_Bin_16)_(z_pT_Bin_17)_(MultiDim_Q2_y_z_pT_phi_h)[0m (Histo Num 47817)
[91mSkipping: (MultiDim_5D_Histo)_(RC_Bayesian)_(SMEAR=Smear)_(Q2_y_Bin_16)_(z_pT_Bin_19)_(MultiDim_Q2_y_z_pT_phi_h)[0m (Histo Num 47818)
[91mSkipping: (MultiDim_5D_Histo)_(RC_Bayesian)_(SMEAR=Smear)_(Q2_y_Bin_16)_(z_pT_Bin_20)_(MultiDim_Q2_y_z_pT_phi_h)[0m (Histo Num 47819)
[91mSkipping: (MultiDim_5D_Histo)_(RC_Bayesian)_(SMEAR=Smear)_(Q2_y_Bin_16)_(z_pT_Bin_21)_(MultiDim_Q2_y_z_pT_phi_h)[0m (Histo Num 47820)
[91mSkipping: (MultiDim_5D_Histo)_(RC_Bayesian)_(SMEAR=Smear)_(Q2_y_Bin_16)_(z_pT_Bin_22)_(MultiDim_Q2_y_z_pT_phi_h)[0m (Histo Num 47821)
[91mSkipping: (MultiDim_5D_Histo)_(RC_Bayesian)_(SMEAR=Smear)_(Q2_y_Bin_16)_(z_pT_Bin_25)_(MultiDim_Q2_y_z_pT_phi_h)[0m (Histo Num 47822)
[91mSkipping: (MultiDim_5D_Histo)_(RC_Bayesian)_(SMEAR=Smear)_(Q2_y_Bin_16)_(z_pT_Bin_26)_(MultiDim_Q2_y_z_pT_phi_h)[0m (Histo Num 47823)
[91mSkipping: (MultiDim_5D_Histo)_(RC_Bayesian)_(SMEAR=Smear)_(Q2_y_Bin_16)_(z_pT_Bin_27)_(MultiDim_Q2_y_z_pT_phi_h)[0m (Histo Num 47824)
[91mSkipping: (MultiDim_5D_Histo)_(RC_Bayesian)_(SMEAR=Smear)_(Q2_y_Bin_17)_(z_pT_Bin_1)_(MultiDim_Q2_y_z_pT_phi_h)[0m (Histo Num 47826)
[91mSkipping: (MultiDim_5D_Histo)_(RC_Bayesian)_(SMEAR=Smear)_(Q2_y_Bin_17)_(z_pT_Bin_2)_(MultiDim_Q2_y_z_pT_phi_h)[0m (Histo Num 47827)
[91mSkipping: (MultiDim_5D_Histo)_(RC_Bayesian)_(SMEAR=Smear)_(Q2_y_Bin_17)_(z_pT_Bin_3)_(MultiDim_Q2_y_z_pT_phi_h)[0m (Histo Num 47828)
[91mSkipping: (MultiDim_5D_Histo)_(RC_Bayesian)_(SMEAR=Smear)_(Q2_y_Bin_17)_(z_pT_Bin_4)_(MultiDim_Q2_y_z_pT_phi_h)[0m (Histo Num 47829)
[91mSkipping: (MultiDim_5D_Histo)_(RC_Bayesian)_(SMEAR=Smear)_(Q2_y_Bin_17)_(z_pT_Bin_5)_(MultiDim_Q2_y_z_pT_phi_h)[0m (Histo Num 47830)
[91mSkipping: (MultiDim_5D_Histo)_(RC_Bayesian)_(SMEAR=Smear)_(Q2_y_Bin_17)_(z_pT_Bin_7)_(MultiDim_Q2_y_z_pT_phi_h)[0m (Histo Num 47831)
[91mSkipping: (MultiDim_5D_Histo)_(RC_Bayesian)_(SMEAR=Smear)_(Q2_y_Bin_17)_(z_pT_Bin_8)_(MultiDim_Q2_y_z_pT_phi_h)[0m (Histo Num 47832)
[91mSkipping: (MultiDim_5D_Histo)_(RC_Bayesian)_(SMEAR=Smear)_(Q2_y_Bin_17)_(z_pT_Bin_9)_(MultiDim_Q2_y_z_pT_phi_h)[0m (Histo Num 47833)
[91mSkipping: (MultiDim_5D_Histo)_(RC_Bayesian)_(SMEAR=Smear)_(Q2_y_Bin_17)_(z_pT_Bin_10)_(MultiDim_Q2_y_z_pT_phi_h)[0m (Histo Num 47834)
[91mSkipping: (MultiDim_5D_Histo)_(RC_Bayesian)_(SMEAR=Smear)_(Q2_y_Bin_17)_(z_pT_Bin_11)_(MultiDim_Q2_y_z_pT_phi_h)[0m (Histo Num 47835)
[91mSkipping: (MultiDim_5D_Histo)_(RC_Bayesian)_(SMEAR=Smear)_(Q2_y_Bin_17)_(z_pT_Bin_12)_(MultiDim_Q2_y_z_pT_phi_h)[0m (Histo Num 47836)
[91mSkipping: (MultiDim_5D_Histo)_(RC_Bayesian)_(SMEAR=Smear)_(Q2_y_Bin_17)_(z_pT_Bin_13)_(MultiDim_Q2_y_z_pT_phi_h)[0m (Histo Num 47837)
[91mSkipping: (MultiDim_5D_Histo)_(RC_Bayesian)_(SMEAR=Smear)_(Q2_y_Bin_17)_(z_pT_Bin_14)_(MultiDim_Q2_y_z_pT_phi_h)[0m (Histo Num 47838)
[91mSkipping: (MultiDim_5D_Histo)_(RC_Bayesian)_(SMEAR=Smear)_(Q2_y_Bin_17)_(z_pT_Bin_15)_(MultiDim_Q2_y_z_pT_phi_h)[0m (Histo Num 47839)
[91mSkipping: (MultiDim_5D_Histo)_(RC_Bayesian)_(SMEAR=Smear)_(Q2_y_Bin_17)_(z_pT_Bin_16)_(MultiDim_Q2_y_z_pT_phi_h)[0m (Histo Num 47840)
[91mSkipping: (MultiDim_5D_Histo)_(RC_Bayesian)_(SMEAR=Smear)_(Q2_y_Bin_17)_(z_pT_Bin_17)_(MultiDim_Q2_y_z_pT_phi_h)[0m (Histo Num 47841)
[91mSkipping: (MultiDim_5D_Histo)_(RC_Bayesian)_(SMEAR=Smear)_(Q2_y_Bin_17)_(z_pT_Bin_18)_(MultiDim_Q2_y_z_pT_phi_h)[0m (Histo Num 47842)
[91mSkipping: (MultiDim_5D_Histo)_(RC_Bayesian)_(SMEAR=Smear)_(Q2_y_Bin_17)_(z_pT_Bin_19)_(MultiDim_Q2_y_z_pT_phi_h)[0m (Histo Num 47843)
[91mSkipping: (MultiDim_5D_Histo)_(RC_Bayesian)_(SMEAR=Smear)_(Q2_y_Bin_17)_(z_pT_Bin_20)_(MultiDim_Q2_y_z_pT_phi_h)[0m (Histo Num 47844)
[91mSkipping: (MultiDim_5D_Histo)_(RC_Bayesian)_(SMEAR=Smear)_(Q2_y_Bin_17)_(z_pT_Bin_21)_(MultiDim_Q2_y_z_pT_phi_h)[0m (Histo Num 47845)
[91mSkipping: (MultiDim_5D_Histo)_(RC_Bayesian)_(SMEAR=Smear)_(Q2_y_Bin_17)_(z_pT_Bin_22)_(MultiDim_Q2_y_z_pT_phi_h)[0m (Histo Num 47846)
[91mSkipping: (MultiDim_5D_Histo)_(RC_Bayesian)_(SMEAR=Smear)_(Q2_y_Bin_17)_(z_pT_Bin_23)_(MultiDim_Q2_y_z_pT_phi_h)[0m (Histo Num 47847)
[91mSkipping: (MultiDim_5D_Histo)_(RC_Bayesian)_(SMEAR=Smear)_(Q2_y_Bin_17)_(z_pT_Bin_25)_(MultiDim_Q2_y_z_pT_phi_h)[0m (Histo Num 47848)
[91mSkipping: (MultiDim_5D_Histo)_(RC_Bayesian)_(SMEAR=Smear)_(Q2_y_Bin_17)_(z_pT_Bin_26)_(MultiDim_Q2_y_z_pT_phi_h)[0m (Histo Num 47849)
[91mSkipping: (MultiDim_5D_Histo)_(RC_Bayesian)_(SMEAR=Smear)_(Q2_y_Bin_17)_(z_pT_Bin_27)_(MultiDim_Q2_y_z_pT_phi_h)[0m (Histo Num 47850)
[91mSkipping: (MultiDim_5D_Histo)_(RC_Bayesian)_(SMEAR=Smear)_(Q2_y_Bin_17)_(z_pT_Bin_28)_(MultiDim_Q2_y_z_pT_phi_h)[0m (Histo Num 47851)
[91mSkipping: (MultiDim_5D_Histo)_(BC_RC_Bayesian)_(SMEAR=Smear)_(Q2_y_Bin_1)_(z_pT_Bin_1)_(MultiDim_Q2_y_z_pT_phi_h)[0m (Histo Num 47852)
[91mSkipping: (MultiDim_5D_Histo)_(BC_RC_Bayesian)_(SMEAR=Smear)_(Q2_y_Bin_1)_(z_pT_Bin_2)_(MultiDim_Q2_y_z_pT_phi_h)[0m (Histo Num 47853)
[91mSkipping: (MultiDim_5D_Histo)_(BC_RC_Bayesian)_(SMEAR=Smear)_(Q2_y_Bin_1)_(z_pT_Bin_3)_(MultiDim_Q2_y_z_pT_phi_h)[0m (Histo Num 47854)
[91mSkipping: (MultiDim_5D_Histo)_(BC_RC_Bayesian)_(SMEAR=Smear)_(Q2_y_Bin_1)_(z_pT_Bin_4)_(MultiDim_Q2_y_z_pT_phi_h)[0m (Histo Num 47855)
[91mSkipping: (MultiDim_5D_Histo)_(BC_RC_Bayesian)_(SMEAR=Smear)_(Q2_y_Bin_1)_(z_pT_Bin_5)_(MultiDim_Q2_y_z_pT_phi_h)[0m (Histo Num 47856)
[91mSkipping: (MultiDim_5D_Histo)_(BC_RC_Bayesian)_(SMEAR=Smear)_(Q2_y_Bin_1)_(z_pT_Bin_6)_(MultiDim_Q2_y_z_pT_phi_h)[0m (Histo Num 47857)
[91mSkipping: (MultiDim_5D_Histo)_(BC_RC_Bayesian)_(SMEAR=Smear)_(Q2_y_Bin_1)_(z_pT_Bin_7)_(MultiDim_Q2_y_z_pT_phi_h)[0m (Histo Num 47858)
[91mSkipping: (MultiDim_5D_Histo)_(BC_RC_Bayesian)_(SMEAR=Smear)_(Q2_y_Bin_1)_(z_pT_Bin_8)_(MultiDim_Q2_y_z_pT_phi_h)[0m (Histo Num 47859)
[91mSkipping: (MultiDim_5D_Histo)_(BC_RC_Bayesian)_(SMEAR=Smear)_(Q2_y_Bin_1)_(z_pT_Bin_9)_(MultiDim_Q2_y_z_pT_phi_h)[0m (Histo Num 47860)
[91mSkipping: (MultiDim_5D_Histo)_(BC_RC_Bayesian)_(SMEAR=Smear)_(Q2_y_Bin_1)_(z_pT_Bin_10)_(MultiDim_Q2_y_z_pT_phi_h)[0m (Histo Num 47861)
[91mSkipping: (MultiDim_5D_Histo)_(BC_RC_Bayesian)_(SMEAR=Smear)_(Q2_y_Bin_1)_(z_pT_Bin_11)_(MultiDim_Q2_y_z_pT_phi_h)[0m (Histo Num 47862)
[91mSkipping: (MultiDim_5D_Histo)_(BC_RC_Bayesian)_(SMEAR=Smear)_(Q2_y_Bin_1)_(z_pT_Bin_12)_(MultiDim_Q2_y_z_pT_phi_h)[0m (Histo Num 47863)
[91mSkipping: (MultiDim_5D_Histo)_(BC_RC_Bayesian)_(SMEAR=Smear)_(Q2_y_Bin_1)_(z_pT_Bin_13)_(MultiDim_Q2_y_z_pT_phi_h)[0m (Histo Num 47864)
[91mSkipping: (MultiDim_5D_Histo)_(BC_RC_Bayesian)_(SMEAR=Smear)_(Q2_y_Bin_1)_(z_pT_Bin_14)_(MultiDim_Q2_y_z_pT_phi_h)[0m (Histo Num 47865)
[91mSkipping: (MultiDim_5D_Histo)_(BC_RC_Bayesian)_(SMEAR=Smear)_(Q2_y_Bin_1)_(z_pT_Bin_15)_(MultiDim_Q2_y_z_pT_phi_h)[0m (Histo Num 47866)
[91mSkipping: (MultiDim_5D_Histo)_(BC_RC_Bayesian)_(SMEAR=Smear)_(Q2_y_Bin_1)_(z_pT_Bin_16)_(MultiDim_Q2_y_z_pT_phi_h)[0m (Histo Num 47867)
[91mSkipping: (MultiDim_5D_Histo)_(BC_RC_Bayesian)_(SMEAR=Smear)_(Q2_y_Bin_1)_(z_pT_Bin_17)_(MultiDim_Q2_y_z_pT_phi_h)[0m (Histo Num 47868)
[91mSkipping: (MultiDim_5D_Histo)_(BC_RC_Bayesian)_(SMEAR=Smear)_(Q2_y_Bin_1)_(z_pT_Bin_18)_(MultiDim_Q2_y_z_pT_phi_h)[0m (Histo Num 47869)
[91mSkipping: (MultiDim_5D_Histo)_(BC_RC_Bayesian)_(SMEAR=Smear)_(Q2_y_Bin_1)_(z_pT_Bin_19)_(MultiDim_Q2_y_z_pT_phi_h)[0m (Histo Num 47870)
[91mSkipping: (MultiDim_5D_Histo)_(BC_RC_Bayesian)_(SMEAR=Smear)_(Q2_y_Bin_1)_(z_pT_Bin_20)_(MultiDim_Q2_y_z_pT_phi_h)[0m (Histo Num 47871)
[91mSkipping: (MultiDim_5D_Histo)_(BC_RC_Bayesian)_(SMEAR=Smear)_(Q2_y_Bin_1)_(z_pT_Bin_22)_(MultiDim_Q2_y_z_pT_phi_h)[0m (Histo Num 47872)
[91mSkipping: (MultiDim_5D_Histo)_(BC_RC_Bayesian)_(SMEAR=Smear)_(Q2_y_Bin_1)_(z_pT_Bin_23)_(MultiDim_Q2_y_z_pT_phi_h)[0m (Histo Num 47873)
[91mSkipping: (MultiDim_5D_Histo)_(BC_RC_Bayesian)_(SMEAR=Smear)_(Q2_y_Bin_1)_(z_pT_Bin_24)_(MultiDim_Q2_y_z_pT_phi_h)[0m (Histo Num 47874)
[91mSkipping: (MultiDim_5D_Histo)_(BC_RC_Bayesian)_(SMEAR=Smear)_(Q2_y_Bin_1)_(z_pT_Bin_25)_(MultiDim_Q2_y_z_pT_phi_h)[0m (Histo Num 47875)
[91mSkipping: (MultiDim_5D_Histo)_(BC_RC_Bayesian)_(SMEAR=Smear)_(Q2_y_Bin_1)_(z_pT_Bin_26)_(MultiDim_Q2_y_z_pT_phi_h)[0m (Histo Num 47876)
[91mSkipping: (MultiDim_5D_Histo)_(BC_RC_Bayesian)_(SMEAR=Smear)_(Q2_y_Bin_1)_(z_pT_Bin_29)_(MultiDim_Q2_y_z_pT_phi_h)[0m (Histo Num 47877)
[91mSkipping: (MultiDim_5D_Histo)_(BC_RC_Bayesian)_(SMEAR=Smear)_(Q2_y_Bin_1)_(z_pT_Bin_30)_(MultiDim_Q2_y_z_pT_phi_h)[0m (Histo Num 47878)
[91mSkipping: (MultiDim_5D_Histo)_(BC_RC_Bayesian)_(SMEAR=Smear)_(Q2_y_Bin_1)_(z_pT_Bin_31)_(MultiDim_Q2_y_z_pT_phi_h)[0m (Histo Num 47879)
[91mSkipping: (MultiDim_5D_Histo)_(BC_RC_Bayesian)_(SMEAR=Smear)_(Q2_y_Bin_1)_(z_pT_Bin_32)_(MultiDim_Q2_y_z_pT_phi_h)[0m (Histo Num 47880)
[91mSkipping: (MultiDim_5D_Histo)_(BC_RC_Bayesian)_(SMEAR=Smear)_(Q2_y_Bin_2)_(z_pT_Bin_1)_(MultiDim_Q2_y_z_pT_phi_h)[0m (Histo Num 47881)
[91mSkipping: (MultiDim_5D_Histo)_(BC_RC_Bayesian)_(SMEAR=Smear)_(Q2_y_Bin_2)_(z_pT_Bin_2)_(MultiDim_Q2_y_z_pT_phi_h)[0m (Histo Num 47882)
[91mSkipping: (MultiDim_5D_Histo)_(BC_RC_Bayesian)_(SMEAR=Smear)_(Q2_y_Bin_2)_(z_pT_Bin_3)_(MultiDim_Q2_y_z_pT_phi_h)[0m (Histo Num 47883)
[91mSkipping: (MultiDim_5D_Histo)_(BC_RC_Bayesian)_(SMEAR=Smear)_(Q2_y_Bin_2)_(z_pT_Bin_4)_(MultiDim_Q2_y_z_pT_phi_h)[0m (Histo Num 47884)
[91mSkipping: (MultiDim_5D_Histo)_(BC_RC_Bayesian)_(SMEAR=Smear)_(Q2_y_Bin_2)_(z_pT_Bin_5)_(MultiDim_Q2_y_z_pT_phi_h)[0m (Histo Num 47885)
[91mSkipping: (MultiDim_5D_Histo)_(BC_RC_Bayesian)_(SMEAR=Smear)_(Q2_y_Bin_2)_(z_pT_Bin_6)_(MultiDim_Q2_y_z_pT_phi_h)[0m (Histo Num 47886)
[91mSkipping: (MultiDim_5D_Histo)_(BC_RC_Bayesian)_(SMEAR=Smear)_(Q2_y_Bin_2)_(z_pT_Bin_7)_(MultiDim_Q2_y_z_pT_phi_h)[0m (Histo Num 47887)
[91mSkipping: (MultiDim_5D_Histo)_(BC_RC_Bayesian)_(SMEAR=Smear)_(Q2_y_Bin_2)_(z_pT_Bin_8)_(MultiDim_Q2_y_z_pT_phi_h)[0m (Histo Num 47888)
[91mSkipping: (MultiDim_5D_Histo)_(BC_RC_Bayesian)_(SMEAR=Smear)_(Q2_y_Bin_2)_(z_pT_Bin_9)_(MultiDim_Q2_y_z_pT_phi_h)[0m (Histo Num 47889)
[91mSkipping: (MultiDim_5D_Histo)_(BC_RC_Bayesian)_(SMEAR=Smear)_(Q2_y_Bin_2)_(z_pT_Bin_10)_(MultiDim_Q2_y_z_pT_phi_h)[0m (Histo Num 47890)
[91mSkipping: (MultiDim_5D_Histo)_(BC_RC_Bayesian)_(SMEAR=Smear)_(Q2_y_Bin_2)_(z_pT_Bin_11)_(MultiDim_Q2_y_z_pT_phi_h)[0m (Histo Num 47891)
[91mSkipping: (MultiDim_5D_Histo)_(BC_RC_Bayesian)_(SMEAR=Smear)_(Q2_y_Bin_2)_(z_pT_Bin_12)_(MultiDim_Q2_y_z_pT_phi_h)[0m (Histo Num 47892)
[91mSkipping: (MultiDim_5D_Histo)_(BC_RC_Bayesian)_(SMEAR=Smear)_(Q2_y_Bin_2)_(z_pT_Bin_13)_(MultiDim_Q2_y_z_pT_phi_h)[0m (Histo Num 47893)
[91mSkipping: (MultiDim_5D_Histo)_(BC_RC_Bayesian)_(SMEAR=Smear)_(Q2_y_Bin_2)_(z_pT_Bin_14)_(MultiDim_Q2_y_z_pT_phi_h)[0m (Histo Num 47894)
[91mSkipping: (MultiDim_5D_Histo)_(BC_RC_Bayesian)_(SMEAR=Smear)_(Q2_y_Bin_2)_(z_pT_Bin_15)_(MultiDim_Q2_y_z_pT_phi_h)[0m (Histo Num 47895)
[91mSkipping: (MultiDim_5D_Histo)_(BC_RC_Bayesian)_(SMEAR=Smear)_(Q2_y_Bin_2)_(z_pT_Bin_16)_(MultiDim_Q2_y_z_pT_phi_h)[0m (Histo Num 47896)
[91mSkipping: (MultiDim_5D_Histo)_(BC_RC_Bayesian)_(SMEAR=Smear)_(Q2_y_Bin_2)_(z_pT_Bin_17)_(MultiDim_Q2_y_z_pT_phi_h)[0m (Histo Num 47897)
[91mSkipping: (MultiDim_5D_Histo)_(BC_RC_Bayesian)_(SMEAR=Smear)_(Q2_y_Bin_2)_(z_pT_Bin_18)_(MultiDim_Q2_y_z_pT_phi_h)[0m (Histo Num 47898)
[91mSkipping: (MultiDim_5D_Histo)_(BC_RC_Bayesian)_(SMEAR=Smear)_(Q2_y_Bin_2)_(z_pT_Bin_19)_(MultiDim_Q2_y_z_pT_phi_h)[0m (Histo Num 47899)
[91mSkipping: (MultiDim_5D_Histo)_(BC_RC_Bayesian)_(SMEAR=Smear)_(Q2_y_Bin_2)_(z_pT_Bin_20)_(MultiDim_Q2_y_z_pT_phi_h)[0m (Histo Num 47900)
[91mSkipping: (MultiDim_5D_Histo)_(BC_RC_Bayesian)_(SMEAR=Smear)_(Q2_y_Bin_2)_(z_pT_Bin_21)_(MultiDim_Q2_y_z_pT_phi_h)[0m (Histo Num 47901)
[91mSkipping: (MultiDim_5D_Histo)_(BC_RC_Bayesian)_(SMEAR=Smear)_(Q2_y_Bin_2)_(z_pT_Bin_22)_(MultiDim_Q2_y_z_pT_phi_h)[0m (Histo Num 47902)
[91mSkipping: (MultiDim_5D_Histo)_(BC_RC_Bayesian)_(SMEAR=Smear)_(Q2_y_Bin_2)_(z_pT_Bin_23)_(MultiDim_Q2_y_z_pT_phi_h)[0m (Histo Num 47903)
[91mSkipping: (MultiDim_5D_Histo)_(BC_RC_Bayesian)_(SMEAR=Smear)_(Q2_y_Bin_2)_(z_pT_Bin_25)_(MultiDim_Q2_y_z_pT_phi_h)[0m (Histo Num 47904)
[91mSkipping: (MultiDim_5D_Histo)_(BC_RC_Bayesian)_(SMEAR=Smear)_(Q2_y_Bin_2)_(z_pT_Bin_26)_(MultiDim_Q2_y_z_pT_phi_h)[0m (Histo Num 47905)
[91mSkipping: (MultiDim_5D_Histo)_(BC_RC_Bayesian)_(SMEAR=Smear)_(Q2_y_Bin_2)_(z_pT_Bin_27)_(MultiDim_Q2_y_z_pT_phi_h)[0m (Histo Num 47906)
[91mSkipping: (MultiDim_5D_Histo)_(BC_RC_Bayesian)_(SMEAR=Smear)_(Q2_y_Bin_2)_(z_pT_Bin_28)_(MultiDim_Q2_y_z_pT_phi_h)[0m (Histo Num 47907)
[91mSkipping: (MultiDim_5D_Histo)_(BC_RC_Bayesian)_(SMEAR=Smear)_(Q2_y_Bin_2)_(z_pT_Bin_29)_(MultiDim_Q2_y_z_pT_phi_h)[0m (Histo Num 47908)
[91mSkipping: (MultiDim_5D_Histo)_(BC_RC_Bayesian)_(SMEAR=Smear)_(Q2_y_Bin_2)_(z_pT_Bin_31)_(MultiDim_Q2_y_z_pT_phi_h)[0m (Histo Num 47909)
[91mSkipping: (MultiDim_5D_Histo)_(BC_RC_Bayesian)_(SMEAR=Smear)_(Q2_y_Bin_2)_(z_pT_Bin_32)_(MultiDim_Q2_y_z_pT_phi_h)[0m (Histo Num 47910)
[91mSkipping: (MultiDim_5D_Histo)_(BC_RC_Bayesian)_(SMEAR=Smear)_(Q2_y_Bin_2)_(z_pT_Bin_33)_(MultiDim_Q2_y_z_pT_phi_h)[0m (Histo Num 47911)
[91mSkipping: (MultiDim_5D_Histo)_(BC_RC_Bayesian)_(SMEAR=Smear)_(Q2_y_Bin_2)_(z_pT_Bin_34)_(MultiDim_Q2_y_z_pT_phi_h)[0m (Histo Num 47912)
[91mSkipping: (MultiDim_5D_Histo)_(BC_RC_Bayesian)_(SMEAR=Smear)_(Q2_y_Bin_3)_(z_pT_Bin_1)_(MultiDim_Q2_y_z_pT_phi_h)[0m (Histo Num 47913)
[91mSkipping: (MultiDim_5D_Histo)_(BC_RC_Bayesian)_(SMEAR=Smear)_(Q2_y_Bin_3)_(z_pT_Bin_2)_(MultiDim_Q2_y_z_pT_phi_h)[0m (Histo Num 47914)
[91mSkipping: (MultiDim_5D_Histo)_(BC_RC_Bayesian)_(SMEAR=Smear)_(Q2_y_Bin_3)_(z_pT_Bin_3)_(MultiDim_Q2_y_z_pT_phi_h)[0m (Histo Num 47915)
[91mSkipping: (MultiDim_5D_Histo)_(BC_RC_Bayesian)_(SMEAR=Smear)_(Q2_y_Bin_3)_(z_pT_Bin_4)_(MultiDim_Q2_y_z_pT_phi_h)[0m (Histo Num 47916)
[91mSkipping: (MultiDim_5D_Histo)_(BC_RC_Bayesian)_(SMEAR=Smear)_(Q2_y_Bin_3)_(z_pT_Bin_5)_(MultiDim_Q2_y_z_pT_phi_h)[0m (Histo Num 47917)
[91mSkipping: (MultiDim_5D_Histo)_(BC_RC_Bayesian)_(SMEAR=Smear)_(Q2_y_Bin_3)_(z_pT_Bin_7)_(MultiDim_Q2_y_z_pT_phi_h)[0m (Histo Num 47918)
[91mSkipping: (MultiDim_5D_Histo)_(BC_RC_Bayesian)_(SMEAR=Smear)_(Q2_y_Bin_3)_(z_pT_Bin_8)_(MultiDim_Q2_y_z_pT_phi_h)[0m (Histo Num 47919)
[91mSkipping: (MultiDim_5D_Histo)_(BC_RC_Bayesian)_(SMEAR=Smear)_(Q2_y_Bin_3)_(z_pT_Bin_9)_(MultiDim_Q2_y_z_pT_phi_h)[0m (Histo Num 47920)
[91mSkipping: (MultiDim_5D_Histo)_(BC_RC_Bayesian)_(SMEAR=Smear)_(Q2_y_Bin_3)_(z_pT_Bin_10)_(MultiDim_Q2_y_z_pT_phi_h)[0m (Histo Num 47921)
[91mSkipping: (MultiDim_5D_Histo)_(BC_RC_Bayesian)_(SMEAR=Smear)_(Q2_y_Bin_3)_(z_pT_Bin_11)_(MultiDim_Q2_y_z_pT_phi_h)[0m (Histo Num 47922)
[91mSkipping: (MultiDim_5D_Histo)_(BC_RC_Bayesian)_(SMEAR=Smear)_(Q2_y_Bin_3)_(z_pT_Bin_12)_(MultiDim_Q2_y_z_pT_phi_h)[0m (Histo Num 47923)
[91mSkipping: (MultiDim_5D_Histo)_(BC_RC_Bayesian)_(SMEAR=Smear)_(Q2_y_Bin_3)_(z_pT_Bin_13)_(MultiDim_Q2_y_z_pT_phi_h)[0m (Histo Num 47924)
[91mSkipping: (MultiDim_5D_Histo)_(BC_RC_Bayesian)_(SMEAR=Smear)_(Q2_y_Bin_3)_(z_pT_Bin_14)_(MultiDim_Q2_y_z_pT_phi_h)[0m (Histo Num 47925)
[91mSkipping: (MultiDim_5D_Histo)_(BC_RC_Bayesian)_(SMEAR=Smear)_(Q2_y_Bin_3)_(z_pT_Bin_15)_(MultiDim_Q2_y_z_pT_phi_h)[0m (Histo Num 47926)
[91mSkipping: (MultiDim_5D_Histo)_(BC_RC_Bayesian)_(SMEAR=Smear)_(Q2_y_Bin_3)_(z_pT_Bin_16)_(MultiDim_Q2_y_z_pT_phi_h)[0m (Histo Num 47927)
[91mSkipping: (MultiDim_5D_Histo)_(BC_RC_Bayesian)_(SMEAR=Smear)_(Q2_y_Bin_3)_(z_pT_Bin_17)_(MultiDim_Q2_y_z_pT_phi_h)[0m (Histo Num 47928)
[91mSkipping: (MultiDim_5D_Histo)_(BC_RC_Bayesian)_(SMEAR=Smear)_(Q2_y_Bin_3)_(z_pT_Bin_18)_(MultiDim_Q2_y_z_pT_phi_h)[0m (Histo Num 47929)
[91mSkipping: (MultiDim_5D_Histo)_(BC_RC_Bayesian)_(SMEAR=Smear)_(Q2_y_Bin_3)_(z_pT_Bin_19)_(MultiDim_Q2_y_z_pT_phi_h)[0m (Histo Num 47930)
[91mSkipping: (MultiDim_5D_Histo)_(BC_RC_Bayesian)_(SMEAR=Smear)_(Q2_y_Bin_3)_(z_pT_Bin_20)_(MultiDim_Q2_y_z_pT_phi_h)[0m (Histo Num 47931)
[91mSkipping: (MultiDim_5D_Histo)_(BC_RC_Bayesian)_(SMEAR=Smear)_(Q2_y_Bin_3)_(z_pT_Bin_21)_(MultiDim_Q2_y_z_pT_phi_h)[0m (Histo Num 47932)
[91mSkipping: (MultiDim_5D_Histo)_(BC_RC_Bayesian)_(SMEAR=Smear)_(Q2_y_Bin_3)_(z_pT_Bin_22)_(MultiDim_Q2_y_z_pT_phi_h)[0m (Histo Num 47933)
[91mSkipping: (MultiDim_5D_Histo)_(BC_RC_Bayesian)_(SMEAR=Smear)_(Q2_y_Bin_3)_(z_pT_Bin_23)_(MultiDim_Q2_y_z_pT_phi_h)[0m (Histo Num 47934)
[91mSkipping: (MultiDim_5D_Histo)_(BC_RC_Bayesian)_(SMEAR=Smear)_(Q2_y_Bin_3)_(z_pT_Bin_24)_(MultiDim_Q2_y_z_pT_phi_h)[0m (Histo Num 47935)
[91mSkipping: (MultiDim_5D_Histo)_(BC_RC_Bayesian)_(SMEAR=Smear)_(Q2_y_Bin_3)_(z_pT_Bin_25)_(MultiDim_Q2_y_z_pT_phi_h)[0m (Histo Num 47936)
[91mSkipping: (MultiDim_5D_Histo)_(BC_RC_Bayesian)_(SMEAR=Smear)_(Q2_y_Bin_3)_(z_pT_Bin_26)_(MultiDim_Q2_y_z_pT_phi_h)[0m (Histo Num 47937)
[91mSkipping: (MultiDim_5D_Histo)_(BC_RC_Bayesian)_(SMEAR=Smear)_(Q2_y_Bin_3)_(z_pT_Bin_27)_(MultiDim_Q2_y_z_pT_phi_h)[0m (Histo Num 47938)
[91mSkipping: (MultiDim_5D_Histo)_(BC_RC_Bayesian)_(SMEAR=Smear)_(Q2_y_Bin_3)_(z_pT_Bin_28)_(MultiDim_Q2_y_z_pT_phi_h)[0m (Histo Num 47939)
[91mSkipping: (MultiDim_5D_Histo)_(BC_RC_Bayesian)_(SMEAR=Smear)_(Q2_y_Bin_3)_(z_pT_Bin_29)_(MultiDim_Q2_y_z_pT_phi_h)[0m (Histo Num 47940)
[91mSkipping: (MultiDim_5D_Histo)_(BC_RC_Bayesian)_(SMEAR=Smear)_(Q2_y_Bin_4)_(z_pT_Bin_7)_(MultiDim_Q2_y_z_pT_phi_h)[0m (Histo Num 47941)
[91mSkipping: (MultiDim_5D_Histo)_(BC_RC_Bayesian)_(SMEAR=Smear)_(Q2_y_Bin_4)_(z_pT_Bin_8)_(MultiDim_Q2_y_z_pT_phi_h)[0m (Histo Num 47942)
[91mSkipping: (MultiDim_5D_Histo)_(BC_RC_Bayesian)_(SMEAR=Smear)_(Q2_y_Bin_4)_(z_pT_Bin_9)_(MultiDim_Q2_y_z_pT_phi_h)[0m (Histo Num 47943)
[91mSkipping: (MultiDim_5D_Histo)_(BC_RC_Bayesian)_(SMEAR=Smear)_(Q2_y_Bin_4)_(z_pT_Bin_10)_(MultiDim_Q2_y_z_pT_phi_h)[0m (Histo Num 47944)
[91mSkipping: (MultiDim_5D_Histo)_(BC_RC_Bayesian)_(SMEAR=Smear)_(Q2_y_Bin_4)_(z_pT_Bin_11)_(MultiDim_Q2_y_z_pT_phi_h)[0m (Histo Num 47945)
[91mSkipping: (MultiDim_5D_Histo)_(BC_RC_Bayesian)_(SMEAR=Smear)_(Q2_y_Bin_4)_(z_pT_Bin_13)_(MultiDim_Q2_y_z_pT_phi_h)[0m (Histo Num 47946)
[91mSkipping: (MultiDim_5D_Histo)_(BC_RC_Bayesian)_(SMEAR=Smear)_(Q2_y_Bin_4)_(z_pT_Bin_14)_(MultiDim_Q2_y_z_pT_phi_h)[0m (Histo Num 47947)
[91mSkipping: (MultiDim_5D_Histo)_(BC_RC_Bayesian)_(SMEAR=Smear)_(Q2_y_Bin_4)_(z_pT_Bin_15)_(MultiDim_Q2_y_z_pT_phi_h)[0m (Histo Num 47948)
[91mSkipping: (MultiDim_5D_Histo)_(BC_RC_Bayesian)_(SMEAR=Smear)_(Q2_y_Bin_4)_(z_pT_Bin_16)_(MultiDim_Q2_y_z_pT_phi_h)[0m (Histo Num 47949)
[91mSkipping: (MultiDim_5D_Histo)_(BC_RC_Bayesian)_(SMEAR=Smear)_(Q2_y_Bin_4)_(z_pT_Bin_17)_(MultiDim_Q2_y_z_pT_phi_h)[0m (Histo Num 47950)
[91mSkipping: (MultiDim_5D_Histo)_(BC_RC_Bayesian)_(SMEAR=Smear)_(Q2_y_Bin_4)_(z_pT_Bin_19)_(MultiDim_Q2_y_z_pT_phi_h)[0m (Histo Num 47951)
[91mSkipping: (MultiDim_5D_Histo)_(BC_RC_Bayesian)_(SMEAR=Smear)_(Q2_y_Bin_4)_(z_pT_Bin_20)_(MultiDim_Q2_y_z_pT_phi_h)[0m (Histo Num 47952)
[91mSkipping: (MultiDim_5D_Histo)_(BC_RC_Bayesian)_(SMEAR=Smear)_(Q2_y_Bin_4)_(z_pT_Bin_21)_(MultiDim_Q2_y_z_pT_phi_h)[0m (Histo Num 47953)
[91mSkipping: (MultiDim_5D_Histo)_(BC_RC_Bayesian)_(SMEAR=Smear)_(Q2_y_Bin_4)_(z_pT_Bin_22)_(MultiDim_Q2_y_z_pT_phi_h)[0m (Histo Num 47954)
[91mSkipping: (MultiDim_5D_Histo)_(BC_RC_Bayesian)_(SMEAR=Smear)_(Q2_y_Bin_4)_(z_pT_Bin_23)_(MultiDim_Q2_y_z_pT_phi_h)[0m (Histo Num 47955)
[91mSkipping: (MultiDim_5D_Histo)_(BC_RC_Bayesian)_(SMEAR=Smear)_(Q2_y_Bin_4)_(z_pT_Bin_25)_(MultiDim_Q2_y_z_pT_phi_h)[0m (Histo Num 47956)
[91mSkipping: (MultiDim_5D_Histo)_(BC_RC_Bayesian)_(SMEAR=Smear)_(Q2_y_Bin_4)_(z_pT_Bin_26)_(MultiDim_Q2_y_z_pT_phi_h)[0m (Histo Num 47957)
[91mSkipping: (MultiDim_5D_Histo)_(BC_RC_Bayesian)_(SMEAR=Smear)_(Q2_y_Bin_4)_(z_pT_Bin_27)_(MultiDim_Q2_y_z_pT_phi_h)[0m (Histo Num 47958)
[91mSkipping: (MultiDim_5D_Histo)_(BC_RC_Bayesian)_(SMEAR=Smear)_(Q2_y_Bin_4)_(z_pT_Bin_28)_(MultiDim_Q2_y_z_pT_phi_h)[0m (Histo Num 47959)
[91mSkipping: (MultiDim_5D_Histo)_(BC_RC_Bayesian)_(SMEAR=Smear)_(Q2_y_Bin_4)_(z_pT_Bin_29)_(MultiDim_Q2_y_z_pT_phi_h)[0m (Histo Num 47960)
[91mSkipping: (MultiDim_5D_Histo)_(BC_RC_Bayesian)_(SMEAR=Smear)_(Q2_y_Bin_4)_(z_pT_Bin_31)_(MultiDim_Q2_y_z_pT_phi_h)[0m (Histo Num 47961)
[91mSkipping: (MultiDim_5D_Histo)_(BC_RC_Bayesian)_(SMEAR=Smear)_(Q2_y_Bin_4)_(z_pT_Bin_32)_(MultiDim_Q2_y_z_pT_phi_h)[0m (Histo Num 47962)
[91mSkipping: (MultiDim_5D_Histo)_(BC_RC_Bayesian)_(SMEAR=Smear)_(Q2_y_Bin_4)_(z_pT_Bin_33)_(MultiDim_Q2_y_z_pT_phi_h)[0m (Histo Num 47963)
[91mSkipping: (MultiDim_5D_Histo)_(BC_RC_Bayesian)_(SMEAR=Smear)_(Q2_y_Bin_4)_(z_pT_Bin_34)_(MultiDim_Q2_y_z_pT_phi_h)[0m (Histo Num 47964)
[91mSkipping: (MultiDim_5D_Histo)_(BC_RC_Bayesian)_(SMEAR=Smear)_(Q2_y_Bin_5)_(z_pT_Bin_1)_(MultiDim_Q2_y_z_pT_phi_h)[0m (Histo Num 47965)
[91mSkipping: (MultiDim_5D_Histo)_(BC_RC_Bayesian)_(SMEAR=Smear)_(Q2_y_Bin_5)_(z_pT_Bin_2)_(MultiDim_Q2_y_z_pT_phi_h)[0m (Histo Num 47966)
[91mSkipping: (MultiDim_5D_Histo)_(BC_RC_Bayesian)_(SMEAR=Smear)_(Q2_y_Bin_5)_(z_pT_Bin_3)_(MultiDim_Q2_y_z_pT_phi_h)[0m (Histo Num 47967)
[91mSkipping: (MultiDim_5D_Histo)_(BC_RC_Bayesian)_(SMEAR=Smear)_(Q2_y_Bin_5)_(z_pT_Bin_4)_(MultiDim_Q2_y_z_pT_phi_h)[0m (Histo Num 47968)
[91mSkipping: (MultiDim_5D_Histo)_(BC_RC_Bayesian)_(SMEAR=Smear)_(Q2_y_Bin_5)_(z_pT_Bin_5)_(MultiDim_Q2_y_z_pT_phi_h)[0m (Histo Num 47969)
[91mSkipping: (MultiDim_5D_Histo)_(BC_RC_Bayesian)_(SMEAR=Smear)_(Q2_y_Bin_5)_(z_pT_Bin_6)_(MultiDim_Q2_y_z_pT_phi_h)[0m (Histo Num 47970)
[91mSkipping: (MultiDim_5D_Histo)_(BC_RC_Bayesian)_(SMEAR=Smear)_(Q2_y_Bin_5)_(z_pT_Bin_7)_(MultiDim_Q2_y_z_pT_phi_h)[0m (Histo Num 47971)
[91mSkipping: (MultiDim_5D_Histo)_(BC_RC_Bayesian)_(SMEAR=Smear)_(Q2_y_Bin_5)_(z_pT_Bin_8)_(MultiDim_Q2_y_z_pT_phi_h)[0m (Histo Num 47972)
[91mSkipping: (MultiDim_5D_Histo)_(BC_RC_Bayesian)_(SMEAR=Smear)_(Q2_y_Bin_5)_(z_pT_Bin_9)_(MultiDim_Q2_y_z_pT_phi_h)[0m (Histo Num 47973)
[91mSkipping: (MultiDim_5D_Histo)_(BC_RC_Bayesian)_(SMEAR=Smear)_(Q2_y_Bin_5)_(z_pT_Bin_10)_(MultiDim_Q2_y_z_pT_phi_h)[0m (Histo Num 47974)
[91mSkipping: (MultiDim_5D_Histo)_(BC_RC_Bayesian)_(SMEAR=Smear)_(Q2_y_Bin_5)_(z_pT_Bin_11)_(MultiDim_Q2_y_z_pT_phi_h)[0m (Histo Num 47975)
[91mSkipping: (MultiDim_5D_Histo)_(BC_RC_Bayesian)_(SMEAR=Smear)_(Q2_y_Bin_5)_(z_pT_Bin_12)_(MultiDim_Q2_y_z_pT_phi_h)[0m (Histo Num 47976)
[91mSkipping: (MultiDim_5D_Histo)_(BC_RC_Bayesian)_(SMEAR=Smear)_(Q2_y_Bin_5)_(z_pT_Bin_13)_(MultiDim_Q2_y_z_pT_phi_h)[0m (Histo Num 47977)
[91mSkipping: (MultiDim_5D_Histo)_(BC_RC_Bayesian)_(SMEAR=Smear)_(Q2_y_Bin_5)_(z_pT_Bin_14)_(MultiDim_Q2_y_z_pT_phi_h)[0m (Histo Num 47978)
[91mSkipping: (MultiDim_5D_Histo)_(BC_RC_Bayesian)_(SMEAR=Smear)_(Q2_y_Bin_5)_(z_pT_Bin_15)_(MultiDim_Q2_y_z_pT_phi_h)[0m (Histo Num 47979)
[91mSkipping: (MultiDim_5D_Histo)_(BC_RC_Bayesian)_(SMEAR=Smear)_(Q2_y_Bin_5)_(z_pT_Bin_16)_(MultiDim_Q2_y_z_pT_phi_h)[0m (Histo Num 47980)
[91mSkipping: (MultiDim_5D_Histo)_(BC_RC_Bayesian)_(SMEAR=Smear)_(Q2_y_Bin_5)_(z_pT_Bin_17)_(MultiDim_Q2_y_z_pT_phi_h)[0m (Histo Num 47981)
[91mSkipping: (MultiDim_5D_Histo)_(BC_RC_Bayesian)_(SMEAR=Smear)_(Q2_y_Bin_5)_(z_pT_Bin_18)_(MultiDim_Q2_y_z_pT_phi_h)[0m (Histo Num 47982)
[91mSkipping: (MultiDim_5D_Histo)_(BC_RC_Bayesian)_(SMEAR=Smear)_(Q2_y_Bin_5)_(z_pT_Bin_19)_(MultiDim_Q2_y_z_pT_phi_h)[0m (Histo Num 47983)
[91mSkipping: (MultiDim_5D_Histo)_(BC_RC_Bayesian)_(SMEAR=Smear)_(Q2_y_Bin_5)_(z_pT_Bin_20)_(MultiDim_Q2_y_z_pT_phi_h)[0m (Histo Num 47984)
[91mSkipping: (MultiDim_5D_Histo)_(BC_RC_Bayesian)_(SMEAR=Smear)_(Q2_y_Bin_5)_(z_pT_Bin_21)_(MultiDim_Q2_y_z_pT_phi_h)[0m (Histo Num 47985)
[91mSkipping: (MultiDim_5D_Histo)_(BC_RC_Bayesian)_(SMEAR=Smear)_(Q2_y_Bin_5)_(z_pT_Bin_22)_(MultiDim_Q2_y_z_pT_phi_h)[0m (Histo Num 47986)
[91mSkipping: (MultiDim_5D_Histo)_(BC_RC_Bayesian)_(SMEAR=Smear)_(Q2_y_Bin_5)_(z_pT_Bin_23)_(MultiDim_Q2_y_z_pT_phi_h)[0m (Histo Num 47987)
[91mSkipping: (MultiDim_5D_Histo)_(BC_RC_Bayesian)_(SMEAR=Smear)_(Q2_y_Bin_5)_(z_pT_Bin_25)_(MultiDim_Q2_y_z_pT_phi_h)[0m (Histo Num 47988)
[91mSkipping: (MultiDim_5D_Histo)_(BC_RC_Bayesian)_(SMEAR=Smear)_(Q2_y_Bin_5)_(z_pT_Bin_26)_(MultiDim_Q2_y_z_pT_phi_h)[0m (Histo Num 47989)
[91mSkipping: (MultiDim_5D_Histo)_(BC_RC_Bayesian)_(SMEAR=Smear)_(Q2_y_Bin_5)_(z_pT_Bin_27)_(MultiDim_Q2_y_z_pT_phi_h)[0m (Histo Num 47990)
[91mSkipping: (MultiDim_5D_Histo)_(BC_RC_Bayesian)_(SMEAR=Smear)_(Q2_y_Bin_5)_(z_pT_Bin_28)_(MultiDim_Q2_y_z_pT_phi_h)[0m (Histo Num 47991)
[91mSkipping: (MultiDim_5D_Histo)_(BC_RC_Bayesian)_(SMEAR=Smear)_(Q2_y_Bin_5)_(z_pT_Bin_29)_(MultiDim_Q2_y_z_pT_phi_h)[0m (Histo Num 47992)
[91mSkipping: (MultiDim_5D_Histo)_(BC_RC_Bayesian)_(SMEAR=Smear)_(Q2_y_Bin_5)_(z_pT_Bin_31)_(MultiDim_Q2_y_z_pT_phi_h)[0m (Histo Num 47993)
[91mSkipping: (MultiDim_5D_Histo)_(BC_RC_Bayesian)_(SMEAR=Smear)_(Q2_y_Bin_5)_(z_pT_Bin_32)_(MultiDim_Q2_y_z_pT_phi_h)[0m (Histo Num 47994)
[91mSkipping: (MultiDim_5D_Histo)_(BC_RC_Bayesian)_(SMEAR=Smear)_(Q2_y_Bin_5)_(z_pT_Bin_33)_(MultiDim_Q2_y_z_pT_phi_h)[0m (Histo Num 47995)
[91mSkipping: (MultiDim_5D_Histo)_(BC_RC_Bayesian)_(SMEAR=Smear)_(Q2_y_Bin_5)_(z_pT_Bin_34)_(MultiDim_Q2_y_z_pT_phi_h)[0m (Histo Num 47996)
[91mSkipping: (MultiDim_5D_Histo)_(BC_RC_Bayesian)_(SMEAR=Smear)_(Q2_y_Bin_6)_(z_pT_Bin_1)_(MultiDim_Q2_y_z_pT_phi_h)[0m (Histo Num 47997)
[91mSkipping: (MultiDim_5D_Histo)_(BC_RC_Bayesian)_(SMEAR=Smear)_(Q2_y_Bin_6)_(z_pT_Bin_2)_(MultiDim_Q2_y_z_pT_phi_h)[0m (Histo Num 47998)
[91mSkipping: (MultiDim_5D_Histo)_(BC_RC_Bayesian)_(SMEAR=Smear)_(Q2_y_Bin_6)_(z_pT_Bin_3)_(MultiDim_Q2_y_z_pT_phi_h)[0m (Histo Num 47999)
[91mSkipping: (MultiDim_5D_Histo)_(BC_RC_Bayesian)_(SMEAR=Smear)_(Q2_y_Bin_6)_(z_pT_Bin_4)_(MultiDim_Q2_y_z_pT_phi_h)[0m (Histo Num 48000)
[91mSkipping: (MultiDim_5D_Histo)_(BC_RC_Bayesian)_(SMEAR=Smear)_(Q2_y_Bin_6)_(z_pT_Bin_5)_(MultiDim_Q2_y_z_pT_phi_h)[0m (Histo Num 48001)
[91mSkipping: (MultiDim_5D_Histo)_(BC_RC_Bayesian)_(SMEAR=Smear)_(Q2_y_Bin_6)_(z_pT_Bin_6)_(MultiDim_Q2_y_z_pT_phi_h)[0m (Histo Num 48002)
[91mSkipping: (MultiDim_5D_Histo)_(BC_RC_Bayesian)_(SMEAR=Smear)_(Q2_y_Bin_6)_(z_pT_Bin_7)_(MultiDim_Q2_y_z_pT_phi_h)[0m (Histo Num 48003)
[91mSkipping: (MultiDim_5D_Histo)_(BC_RC_Bayesian)_(SMEAR=Smear)_(Q2_y_Bin_6)_(z_pT_Bin_8)_(MultiDim_Q2_y_z_pT_phi_h)[0m (Histo Num 48004)
[91mSkipping: (MultiDim_5D_Histo)_(BC_RC_Bayesian)_(SMEAR=Smear)_(Q2_y_Bin_6)_(z_pT_Bin_9)_(MultiDim_Q2_y_z_pT_phi_h)[0m (Histo Num 48005)
[91mSkipping: (MultiDim_5D_Histo)_(BC_RC_Bayesian)_(SMEAR=Smear)_(Q2_y_Bin_6)_(z_pT_Bin_10)_(MultiDim_Q2_y_z_pT_phi_h)[0m (Histo Num 48006)
[91mSkipping: (MultiDim_5D_Histo)_(BC_RC_Bayesian)_(SMEAR=Smear)_(Q2_y_Bin_6)_(z_pT_Bin_11)_(MultiDim_Q2_y_z_pT_phi_h)[0m (Histo Num 48007)
[91mSkipping: (MultiDim_5D_Histo)_(BC_RC_Bayesian)_(SMEAR=Smear)_(Q2_y_Bin_6)_(z_pT_Bin_12)_(MultiDim_Q2_y_z_pT_phi_h)[0m (Histo Num 48008)
[91mSkipping: (MultiDim_5D_Histo)_(BC_RC_Bayesian)_(SMEAR=Smear)_(Q2_y_Bin_6)_(z_pT_Bin_13)_(MultiDim_Q2_y_z_pT_phi_h)[0m (Histo Num 48009)
[91mSkipping: (MultiDim_5D_Histo)_(BC_RC_Bayesian)_(SMEAR=Smear)_(Q2_y_Bin_6)_(z_pT_Bin_14)_(MultiDim_Q2_y_z_pT_phi_h)[0m (Histo Num 48010)
[91mSkipping: (MultiDim_5D_Histo)_(BC_RC_Bayesian)_(SMEAR=Smear)_(Q2_y_Bin_6)_(z_pT_Bin_15)_(MultiDim_Q2_y_z_pT_phi_h)[0m (Histo Num 48011)
[91mSkipping: (MultiDim_5D_Histo)_(BC_RC_Bayesian)_(SMEAR=Smear)_(Q2_y_Bin_6)_(z_pT_Bin_16)_(MultiDim_Q2_y_z_pT_phi_h)[0m (Histo Num 48012)
[91mSkipping: (MultiDim_5D_Histo)_(BC_RC_Bayesian)_(SMEAR=Smear)_(Q2_y_Bin_6)_(z_pT_Bin_17)_(MultiDim_Q2_y_z_pT_phi_h)[0m (Histo Num 48013)
[91mSkipping: (MultiDim_5D_Histo)_(BC_RC_Bayesian)_(SMEAR=Smear)_(Q2_y_Bin_6)_(z_pT_Bin_19)_(MultiDim_Q2_y_z_pT_phi_h)[0m (Histo Num 48014)
[91mSkipping: (MultiDim_5D_Histo)_(BC_RC_Bayesian)_(SMEAR=Smear)_(Q2_y_Bin_6)_(z_pT_Bin_20)_(MultiDim_Q2_y_z_pT_phi_h)[0m (Histo Num 48015)
[91mSkipping: (MultiDim_5D_Histo)_(BC_RC_Bayesian)_(SMEAR=Smear)_(Q2_y_Bin_6)_(z_pT_Bin_21)_(MultiDim_Q2_y_z_pT_phi_h)[0m (Histo Num 48016)
[91mSkipping: (MultiDim_5D_Histo)_(BC_RC_Bayesian)_(SMEAR=Smear)_(Q2_y_Bin_6)_(z_pT_Bin_22)_(MultiDim_Q2_y_z_pT_phi_h)[0m (Histo Num 48017)
[91mSkipping: (MultiDim_5D_Histo)_(BC_RC_Bayesian)_(SMEAR=Smear)_(Q2_y_Bin_6)_(z_pT_Bin_23)_(MultiDim_Q2_y_z_pT_phi_h)[0m (Histo Num 48018)
[91mSkipping: (MultiDim_5D_Histo)_(BC_RC_Bayesian)_(SMEAR=Smear)_(Q2_y_Bin_6)_(z_pT_Bin_25)_(MultiDim_Q2_y_z_pT_phi_h)[0m (Histo Num 48019)
[91mSkipping: (MultiDim_5D_Histo)_(BC_RC_Bayesian)_(SMEAR=Smear)_(Q2_y_Bin_6)_(z_pT_Bin_26)_(MultiDim_Q2_y_z_pT_phi_h)[0m (Histo Num 48020)
[91mSkipping: (MultiDim_5D_Histo)_(BC_RC_Bayesian)_(SMEAR=Smear)_(Q2_y_Bin_6)_(z_pT_Bin_27)_(MultiDim_Q2_y_z_pT_phi_h)[0m (Histo Num 48021)
[91mSkipping: (MultiDim_5D_Histo)_(BC_RC_Bayesian)_(SMEAR=Smear)_(Q2_y_Bin_6)_(z_pT_Bin_28)_(MultiDim_Q2_y_z_pT_phi_h)[0m (Histo Num 48022)
[91mSkipping: (MultiDim_5D_Histo)_(BC_RC_Bayesian)_(SMEAR=Smear)_(Q2_y_Bin_7)_(z_pT_Bin_1)_(MultiDim_Q2_y_z_pT_phi_h)[0m (Histo Num 48023)
[91mSkipping: (MultiDim_5D_Histo)_(BC_RC_Bayesian)_(SMEAR=Smear)_(Q2_y_Bin_7)_(z_pT_Bin_2)_(MultiDim_Q2_y_z_pT_phi_h)[0m (Histo Num 48024)
[91mSkipping: (MultiDim_5D_Histo)_(BC_RC_Bayesian)_(SMEAR=Smear)_(Q2_y_Bin_7)_(z_pT_Bin_3)_(MultiDim_Q2_y_z_pT_phi_h)[0m (Histo Num 48025)
[91mSkipping: (MultiDim_5D_Histo)_(BC_RC_Bayesian)_(SMEAR=Smear)_(Q2_y_Bin_7)_(z_pT_Bin_4)_(MultiDim_Q2_y_z_pT_phi_h)[0m (Histo Num 48026)
[91mSkipping: (MultiDim_5D_Histo)_(BC_RC_Bayesian)_(SMEAR=Smear)_(Q2_y_Bin_7)_(z_pT_Bin_5)_(MultiDim_Q2_y_z_pT_phi_h)[0m (Histo Num 48027)
[91mSkipping: (MultiDim_5D_Histo)_(BC_RC_Bayesian)_(SMEAR=Smear)_(Q2_y_Bin_7)_(z_pT_Bin_7)_(MultiDim_Q2_y_z_pT_phi_h)[0m (Histo Num 48028)
[91mSkipping: (MultiDim_5D_Histo)_(BC_RC_Bayesian)_(SMEAR=Smear)_(Q2_y_Bin_7)_(z_pT_Bin_8)_(MultiDim_Q2_y_z_pT_phi_h)[0m (Histo Num 48029)
[91mSkipping: (MultiDim_5D_Histo)_(BC_RC_Bayesian)_(SMEAR=Smear)_(Q2_y_Bin_7)_(z_pT_Bin_9)_(MultiDim_Q2_y_z_pT_phi_h)[0m (Histo Num 48030)
[91mSkipping: (MultiDim_5D_Histo)_(BC_RC_Bayesian)_(SMEAR=Smear)_(Q2_y_Bin_7)_(z_pT_Bin_10)_(MultiDim_Q2_y_z_pT_phi_h)[0m (Histo Num 48031)
[91mSkipping: (MultiDim_5D_Histo)_(BC_RC_Bayesian)_(SMEAR=Smear)_(Q2_y_Bin_7)_(z_pT_Bin_11)_(MultiDim_Q2_y_z_pT_phi_h)[0m (Histo Num 48032)
[91mSkipping: (MultiDim_5D_Histo)_(BC_RC_Bayesian)_(SMEAR=Smear)_(Q2_y_Bin_7)_(z_pT_Bin_12)_(MultiDim_Q2_y_z_pT_phi_h)[0m (Histo Num 48033)
[91mSkipping: (MultiDim_5D_Histo)_(BC_RC_Bayesian)_(SMEAR=Smear)_(Q2_y_Bin_7)_(z_pT_Bin_13)_(MultiDim_Q2_y_z_pT_phi_h)[0m (Histo Num 48034)
[91mSkipping: (MultiDim_5D_Histo)_(BC_RC_Bayesian)_(SMEAR=Smear)_(Q2_y_Bin_7)_(z_pT_Bin_14)_(MultiDim_Q2_y_z_pT_phi_h)[0m (Histo Num 48035)
[91mSkipping: (MultiDim_5D_Histo)_(BC_RC_Bayesian)_(SMEAR=Smear)_(Q2_y_Bin_7)_(z_pT_Bin_15)_(MultiDim_Q2_y_z_pT_phi_h)[0m (Histo Num 48036)
[91mSkipping: (MultiDim_5D_Histo)_(BC_RC_Bayesian)_(SMEAR=Smear)_(Q2_y_Bin_7)_(z_pT_Bin_16)_(MultiDim_Q2_y_z_pT_phi_h)[0m (Histo Num 48037)
[91mSkipping: (MultiDim_5D_Histo)_(BC_RC_Bayesian)_(SMEAR=Smear)_(Q2_y_Bin_7)_(z_pT_Bin_17)_(MultiDim_Q2_y_z_pT_phi_h)[0m (Histo Num 48038)
[91mSkipping: (MultiDim_5D_Histo)_(BC_RC_Bayesian)_(SMEAR=Smear)_(Q2_y_Bin_7)_(z_pT_Bin_18)_(MultiDim_Q2_y_z_pT_phi_h)[0m (Histo Num 48039)
[91mSkipping: (MultiDim_5D_Histo)_(BC_RC_Bayesian)_(SMEAR=Smear)_(Q2_y_Bin_7)_(z_pT_Bin_19)_(MultiDim_Q2_y_z_pT_phi_h)[0m (Histo Num 48040)
[91mSkipping: (MultiDim_5D_Histo)_(BC_RC_Bayesian)_(SMEAR=Smear)_(Q2_y_Bin_7)_(z_pT_Bin_20)_(MultiDim_Q2_y_z_pT_phi_h)[0m (Histo Num 48041)
[91mSkipping: (MultiDim_5D_Histo)_(BC_RC_Bayesian)_(SMEAR=Smear)_(Q2_y_Bin_7)_(z_pT_Bin_21)_(MultiDim_Q2_y_z_pT_phi_h)[0m (Histo Num 48042)
[91mSkipping: (MultiDim_5D_Histo)_(BC_RC_Bayesian)_(SMEAR=Smear)_(Q2_y_Bin_7)_(z_pT_Bin_22)_(MultiDim_Q2_y_z_pT_phi_h)[0m (Histo Num 48043)
[91mSkipping: (MultiDim_5D_Histo)_(BC_RC_Bayesian)_(SMEAR=Smear)_(Q2_y_Bin_7)_(z_pT_Bin_23)_(MultiDim_Q2_y_z_pT_phi_h)[0m (Histo Num 48044)
[91mSkipping: (MultiDim_5D_Histo)_(BC_RC_Bayesian)_(SMEAR=Smear)_(Q2_y_Bin_7)_(z_pT_Bin_24)_(MultiDim_Q2_y_z_pT_phi_h)[0m (Histo Num 48045)
[91mSkipping: (MultiDim_5D_Histo)_(BC_RC_Bayesian)_(SMEAR=Smear)_(Q2_y_Bin_7)_(z_pT_Bin_25)_(MultiDim_Q2_y_z_pT_phi_h)[0m (Histo Num 48046)
[91mSkipping: (MultiDim_5D_Histo)_(BC_RC_Bayesian)_(SMEAR=Smear)_(Q2_y_Bin_7)_(z_pT_Bin_26)_(MultiDim_Q2_y_z_pT_phi_h)[0m (Histo Num 48047)
[91mSkipping: (MultiDim_5D_Histo)_(BC_RC_Bayesian)_(SMEAR=Smear)_(Q2_y_Bin_7)_(z_pT_Bin_27)_(MultiDim_Q2_y_z_pT_phi_h)[0m (Histo Num 48048)
[91mSkipping: (MultiDim_5D_Histo)_(BC_RC_Bayesian)_(SMEAR=Smear)_(Q2_y_Bin_7)_(z_pT_Bin_28)_(MultiDim_Q2_y_z_pT_phi_h)[0m (Histo Num 48049)
[91mSkipping: (MultiDim_5D_Histo)_(BC_RC_Bayesian)_(SMEAR=Smear)_(Q2_y_Bin_7)_(z_pT_Bin_29)_(MultiDim_Q2_y_z_pT_phi_h)[0m (Histo Num 48050)
[91mSkipping: (MultiDim_5D_Histo)_(BC_RC_Bayesian)_(SMEAR=Smear)_(Q2_y_Bin_7)_(z_pT_Bin_31)_(MultiDim_Q2_y_z_pT_phi_h)[0m (Histo Num 48051)
[91mSkipping: (MultiDim_5D_Histo)_(BC_RC_Bayesian)_(SMEAR=Smear)_(Q2_y_Bin_7)_(z_pT_Bin_32)_(MultiDim_Q2_y_z_pT_phi_h)[0m (Histo Num 48052)
[91mSkipping: (MultiDim_5D_Histo)_(BC_RC_Bayesian)_(SMEAR=Smear)_(Q2_y_Bin_7)_(z_pT_Bin_33)_(MultiDim_Q2_y_z_pT_phi_h)[0m (Histo Num 48053)
[91mSkipping: (MultiDim_5D_Histo)_(BC_RC_Bayesian)_(SMEAR=Smear)_(Q2_y_Bin_7)_(z_pT_Bin_34)_(MultiDim_Q2_y_z_pT_phi_h)[0m (Histo Num 48054)
[91mSkipping: (MultiDim_5D_Histo)_(BC_RC_Bayesian)_(SMEAR=Smear)_(Q2_y_Bin_7)_(z_pT_Bin_35)_(MultiDim_Q2_y_z_pT_phi_h)[0m (Histo Num 48055)
[91mSkipping: (MultiDim_5D_Histo)_(BC_RC_Bayesian)_(SMEAR=Smear)_(Q2_y_Bin_8)_(z_pT_Bin_6)_(MultiDim_Q2_y_z_pT_phi_h)[0m (Histo Num 48056)
[91mSkipping: (MultiDim_5D_Histo)_(BC_RC_Bayesian)_(SMEAR=Smear)_(Q2_y_Bin_8)_(z_pT_Bin_7)_(MultiDim_Q2_y_z_pT_phi_h)[0m (Histo Num 48057)
[91mSkipping: (MultiDim_5D_Histo)_(BC_RC_Bayesian)_(SMEAR=Smear)_(Q2_y_Bin_8)_(z_pT_Bin_8)_(MultiDim_Q2_y_z_pT_phi_h)[0m (Histo Num 48058)
[91mSkipping: (MultiDim_5D_Histo)_(BC_RC_Bayesian)_(SMEAR=Smear)_(Q2_y_Bin_8)_(z_pT_Bin_9)_(MultiDim_Q2_y_z_pT_phi_h)[0m (Histo Num 48059)
[91mSkipping: (MultiDim_5D_Histo)_(BC_RC_Bayesian)_(SMEAR=Smear)_(Q2_y_Bin_8)_(z_pT_Bin_10)_(MultiDim_Q2_y_z_pT_phi_h)[0m (Histo Num 48060)
[91mSkipping: (MultiDim_5D_Histo)_(BC_RC_Bayesian)_(SMEAR=Smear)_(Q2_y_Bin_8)_(z_pT_Bin_11)_(MultiDim_Q2_y_z_pT_phi_h)[0m (Histo Num 48061)
[91mSkipping: (MultiDim_5D_Histo)_(BC_RC_Bayesian)_(SMEAR=Smear)_(Q2_y_Bin_8)_(z_pT_Bin_12)_(MultiDim_Q2_y_z_pT_phi_h)[0m (Histo Num 48062)
[91mSkipping: (MultiDim_5D_Histo)_(BC_RC_Bayesian)_(SMEAR=Smear)_(Q2_y_Bin_8)_(z_pT_Bin_13)_(MultiDim_Q2_y_z_pT_phi_h)[0m (Histo Num 48063)
[91mSkipping: (MultiDim_5D_Histo)_(BC_RC_Bayesian)_(SMEAR=Smear)_(Q2_y_Bin_8)_(z_pT_Bin_14)_(MultiDim_Q2_y_z_pT_phi_h)[0m (Histo Num 48064)
[91mSkipping: (MultiDim_5D_Histo)_(BC_RC_Bayesian)_(SMEAR=Smear)_(Q2_y_Bin_8)_(z_pT_Bin_15)_(MultiDim_Q2_y_z_pT_phi_h)[0m (Histo Num 48065)
[91mSkipping: (MultiDim_5D_Histo)_(BC_RC_Bayesian)_(SMEAR=Smear)_(Q2_y_Bin_8)_(z_pT_Bin_16)_(MultiDim_Q2_y_z_pT_phi_h)[0m (Histo Num 48066)
[91mSkipping: (MultiDim_5D_Histo)_(BC_RC_Bayesian)_(SMEAR=Smear)_(Q2_y_Bin_8)_(z_pT_Bin_17)_(MultiDim_Q2_y_z_pT_phi_h)[0m (Histo Num 48067)
[91mSkipping: (MultiDim_5D_Histo)_(BC_RC_Bayesian)_(SMEAR=Smear)_(Q2_y_Bin_8)_(z_pT_Bin_18)_(MultiDim_Q2_y_z_pT_phi_h)[0m (Histo Num 48068)
[91mSkipping: (MultiDim_5D_Histo)_(BC_RC_Bayesian)_(SMEAR=Smear)_(Q2_y_Bin_8)_(z_pT_Bin_19)_(MultiDim_Q2_y_z_pT_phi_h)[0m (Histo Num 48069)
[91mSkipping: (MultiDim_5D_Histo)_(BC_RC_Bayesian)_(SMEAR=Smear)_(Q2_y_Bin_8)_(z_pT_Bin_20)_(MultiDim_Q2_y_z_pT_phi_h)[0m (Histo Num 48070)
[91mSkipping: (MultiDim_5D_Histo)_(BC_RC_Bayesian)_(SMEAR=Smear)_(Q2_y_Bin_8)_(z_pT_Bin_21)_(MultiDim_Q2_y_z_pT_phi_h)[0m (Histo Num 48071)
[91mSkipping: (MultiDim_5D_Histo)_(BC_RC_Bayesian)_(SMEAR=Smear)_(Q2_y_Bin_8)_(z_pT_Bin_22)_(MultiDim_Q2_y_z_pT_phi_h)[0m (Histo Num 48072)
[91mSkipping: (MultiDim_5D_Histo)_(BC_RC_Bayesian)_(SMEAR=Smear)_(Q2_y_Bin_8)_(z_pT_Bin_23)_(MultiDim_Q2_y_z_pT_phi_h)[0m (Histo Num 48073)
[91mSkipping: (MultiDim_5D_Histo)_(BC_RC_Bayesian)_(SMEAR=Smear)_(Q2_y_Bin_8)_(z_pT_Bin_24)_(MultiDim_Q2_y_z_pT_phi_h)[0m (Histo Num 48074)
[91mSkipping: (MultiDim_5D_Histo)_(BC_RC_Bayesian)_(SMEAR=Smear)_(Q2_y_Bin_8)_(z_pT_Bin_25)_(MultiDim_Q2_y_z_pT_phi_h)[0m (Histo Num 48075)
[91mSkipping: (MultiDim_5D_Histo)_(BC_RC_Bayesian)_(SMEAR=Smear)_(Q2_y_Bin_8)_(z_pT_Bin_26)_(MultiDim_Q2_y_z_pT_phi_h)[0m (Histo Num 48076)
[91mSkipping: (MultiDim_5D_Histo)_(BC_RC_Bayesian)_(SMEAR=Smear)_(Q2_y_Bin_8)_(z_pT_Bin_27)_(MultiDim_Q2_y_z_pT_phi_h)[0m (Histo Num 48077)
[91mSkipping: (MultiDim_5D_Histo)_(BC_RC_Bayesian)_(SMEAR=Smear)_(Q2_y_Bin_8)_(z_pT_Bin_28)_(MultiDim_Q2_y_z_pT_phi_h)[0m (Histo Num 48078)
[91mSkipping: (MultiDim_5D_Histo)_(BC_RC_Bayesian)_(SMEAR=Smear)_(Q2_y_Bin_8)_(z_pT_Bin_29)_(MultiDim_Q2_y_z_pT_phi_h)[0m (Histo Num 48079)
[91mSkipping: (MultiDim_5D_Histo)_(BC_RC_Bayesian)_(SMEAR=Smear)_(Q2_y_Bin_8)_(z_pT_Bin_30)_(MultiDim_Q2_y_z_pT_phi_h)[0m (Histo Num 48080)
[91mSkipping: (MultiDim_5D_Histo)_(BC_RC_Bayesian)_(SMEAR=Smear)_(Q2_y_Bin_8)_(z_pT_Bin_31)_(MultiDim_Q2_y_z_pT_phi_h)[0m (Histo Num 48081)
[91mSkipping: (MultiDim_5D_Histo)_(BC_RC_Bayesian)_(SMEAR=Smear)_(Q2_y_Bin_8)_(z_pT_Bin_32)_(MultiDim_Q2_y_z_pT_phi_h)[0m (Histo Num 48082)
[91mSkipping: (MultiDim_5D_Histo)_(BC_RC_Bayesian)_(SMEAR=Smear)_(Q2_y_Bin_8)_(z_pT_Bin_33)_(MultiDim_Q2_y_z_pT_phi_h)[0m (Histo Num 48083)
[91mSkipping: (MultiDim_5D_Histo)_(BC_RC_Bayesian)_(SMEAR=Smear)_(Q2_y_Bin_8)_(z_pT_Bin_34)_(MultiDim_Q2_y_z_pT_phi_h)[0m (Histo Num 48084)
[91mSkipping: (MultiDim_5D_Histo)_(BC_RC_Bayesian)_(SMEAR=Smear)_(Q2_y_Bin_9)_(z_pT_Bin_1)_(MultiDim_Q2_y_z_pT_phi_h)[0m (Histo Num 48085)
[91mSkipping: (MultiDim_5D_Histo)_(BC_RC_Bayesian)_(SMEAR=Smear)_(Q2_y_Bin_9)_(z_pT_Bin_2)_(MultiDim_Q2_y_z_pT_phi_h)[0m (Histo Num 48086)
[91mSkipping: (MultiDim_5D_Histo)_(BC_RC_Bayesian)_(SMEAR=Smear)_(Q2_y_Bin_9)_(z_pT_Bin_3)_(MultiDim_Q2_y_z_pT_phi_h)[0m (Histo Num 48087)
[91mSkipping: (MultiDim_5D_Histo)_(BC_RC_Bayesian)_(SMEAR=Smear)_(Q2_y_Bin_9)_(z_pT_Bin_4)_(MultiDim_Q2_y_z_pT_phi_h)[0m (Histo Num 48088)
[91mSkipping: (MultiDim_5D_Histo)_(BC_RC_Bayesian)_(SMEAR=Smear)_(Q2_y_Bin_9)_(z_pT_Bin_5)_(MultiDim_Q2_y_z_pT_phi_h)[0m (Histo Num 48089)
[91mSkipping: (MultiDim_5D_Histo)_(BC_RC_Bayesian)_(SMEAR=Smear)_(Q2_y_Bin_9)_(z_pT_Bin_6)_(MultiDim_Q2_y_z_pT_phi_h)[0m (Histo Num 48090)
[91mSkipping: (MultiDim_5D_Histo)_(BC_RC_Bayesian)_(SMEAR=Smear)_(Q2_y_Bin_9)_(z_pT_Bin_7)_(MultiDim_Q2_y_z_pT_phi_h)[0m (Histo Num 48091)
[91mSkipping: (MultiDim_5D_Histo)_(BC_RC_Bayesian)_(SMEAR=Smear)_(Q2_y_Bin_9)_(z_pT_Bin_8)_(MultiDim_Q2_y_z_pT_phi_h)[0m (Histo Num 48092)
[91mSkipping: (MultiDim_5D_Histo)_(BC_RC_Bayesian)_(SMEAR=Smear)_(Q2_y_Bin_9)_(z_pT_Bin_9)_(MultiDim_Q2_y_z_pT_phi_h)[0m (Histo Num 48093)
[91mSkipping: (MultiDim_5D_Histo)_(BC_RC_Bayesian)_(SMEAR=Smear)_(Q2_y_Bin_9)_(z_pT_Bin_10)_(MultiDim_Q2_y_z_pT_phi_h)[0m (Histo Num 48094)
[91mSkipping: (MultiDim_5D_Histo)_(BC_RC_Bayesian)_(SMEAR=Smear)_(Q2_y_Bin_9)_(z_pT_Bin_11)_(MultiDim_Q2_y_z_pT_phi_h)[0m (Histo Num 48095)
[91mSkipping: (MultiDim_5D_Histo)_(BC_RC_Bayesian)_(SMEAR=Smear)_(Q2_y_Bin_9)_(z_pT_Bin_12)_(MultiDim_Q2_y_z_pT_phi_h)[0m (Histo Num 48096)
[91mSkipping: (MultiDim_5D_Histo)_(BC_RC_Bayesian)_(SMEAR=Smear)_(Q2_y_Bin_9)_(z_pT_Bin_13)_(MultiDim_Q2_y_z_pT_phi_h)[0m (Histo Num 48097)
[91mSkipping: (MultiDim_5D_Histo)_(BC_RC_Bayesian)_(SMEAR=Smear)_(Q2_y_Bin_9)_(z_pT_Bin_14)_(MultiDim_Q2_y_z_pT_phi_h)[0m (Histo Num 48098)
[91mSkipping: (MultiDim_5D_Histo)_(BC_RC_Bayesian)_(SMEAR=Smear)_(Q2_y_Bin_9)_(z_pT_Bin_15)_(MultiDim_Q2_y_z_pT_phi_h)[0m (Histo Num 48099)
[91mSkipping: (MultiDim_5D_Histo)_(BC_RC_Bayesian)_(SMEAR=Smear)_(Q2_y_Bin_9)_(z_pT_Bin_16)_(MultiDim_Q2_y_z_pT_phi_h)[0m (Histo Num 48100)
[91mSkipping: (MultiDim_5D_Histo)_(BC_RC_Bayesian)_(SMEAR=Smear)_(Q2_y_Bin_9)_(z_pT_Bin_17)_(MultiDim_Q2_y_z_pT_phi_h)[0m (Histo Num 48101)
[91mSkipping: (MultiDim_5D_Histo)_(BC_RC_Bayesian)_(SMEAR=Smear)_(Q2_y_Bin_9)_(z_pT_Bin_18)_(MultiDim_Q2_y_z_pT_phi_h)[0m (Histo Num 48102)
[91mSkipping: (MultiDim_5D_Histo)_(BC_RC_Bayesian)_(SMEAR=Smear)_(Q2_y_Bin_9)_(z_pT_Bin_19)_(MultiDim_Q2_y_z_pT_phi_h)[0m (Histo Num 48103)
[91mSkipping: (MultiDim_5D_Histo)_(BC_RC_Bayesian)_(SMEAR=Smear)_(Q2_y_Bin_9)_(z_pT_Bin_20)_(MultiDim_Q2_y_z_pT_phi_h)[0m (Histo Num 48104)
[91mSkipping: (MultiDim_5D_Histo)_(BC_RC_Bayesian)_(SMEAR=Smear)_(Q2_y_Bin_9)_(z_pT_Bin_22)_(MultiDim_Q2_y_z_pT_phi_h)[0m (Histo Num 48105)
[91mSkipping: (MultiDim_5D_Histo)_(BC_RC_Bayesian)_(SMEAR=Smear)_(Q2_y_Bin_9)_(z_pT_Bin_23)_(MultiDim_Q2_y_z_pT_phi_h)[0m (Histo Num 48106)
[91mSkipping: (MultiDim_5D_Histo)_(BC_RC_Bayesian)_(SMEAR=Smear)_(Q2_y_Bin_9)_(z_pT_Bin_24)_(MultiDim_Q2_y_z_pT_phi_h)[0m (Histo Num 48107)
[91mSkipping: (MultiDim_5D_Histo)_(BC_RC_Bayesian)_(SMEAR=Smear)_(Q2_y_Bin_9)_(z_pT_Bin_25)_(MultiDim_Q2_y_z_pT_phi_h)[0m (Histo Num 48108)
[91mSkipping: (MultiDim_5D_Histo)_(BC_RC_Bayesian)_(SMEAR=Smear)_(Q2_y_Bin_9)_(z_pT_Bin_26)_(MultiDim_Q2_y_z_pT_phi_h)[0m (Histo Num 48109)
[91mSkipping: (MultiDim_5D_Histo)_(BC_RC_Bayesian)_(SMEAR=Smear)_(Q2_y_Bin_9)_(z_pT_Bin_29)_(MultiDim_Q2_y_z_pT_phi_h)[0m (Histo Num 48110)
[91mSkipping: (MultiDim_5D_Histo)_(BC_RC_Bayesian)_(SMEAR=Smear)_(Q2_y_Bin_9)_(z_pT_Bin_30)_(MultiDim_Q2_y_z_pT_phi_h)[0m (Histo Num 48111)
[91mSkipping: (MultiDim_5D_Histo)_(BC_RC_Bayesian)_(SMEAR=Smear)_(Q2_y_Bin_9)_(z_pT_Bin_31)_(MultiDim_Q2_y_z_pT_phi_h)[0m (Histo Num 48112)
[91mSkipping: (MultiDim_5D_Histo)_(BC_RC_Bayesian)_(SMEAR=Smear)_(Q2_y_Bin_9)_(z_pT_Bin_32)_(MultiDim_Q2_y_z_pT_phi_h)[0m (Histo Num 48113)
[91mSkipping: (MultiDim_5D_Histo)_(BC_RC_Bayesian)_(SMEAR=Smear)_(Q2_y_Bin_10)_(z_pT_Bin_1)_(MultiDim_Q2_y_z_pT_phi_h)[0m (Histo Num 48114)
[91mSkipping: (MultiDim_5D_Histo)_(BC_RC_Bayesian)_(SMEAR=Smear)_(Q2_y_Bin_10)_(z_pT_Bin_2)_(MultiDim_Q2_y_z_pT_phi_h)[0m (Histo Num 48115)
[91mSkipping: (MultiDim_5D_Histo)_(BC_RC_Bayesian)_(SMEAR=Smear)_(Q2_y_Bin_10)_(z_pT_Bin_3)_(MultiDim_Q2_y_z_pT_phi_h)[0m (Histo Num 48116)
[91mSkipping: (MultiDim_5D_Histo)_(BC_RC_Bayesian)_(SMEAR=Smear)_(Q2_y_Bin_10)_(z_pT_Bin_4)_(MultiDim_Q2_y_z_pT_phi_h)[0m (Histo Num 48117)
[91mSkipping: (MultiDim_5D_Histo)_(BC_RC_Bayesian)_(SMEAR=Smear)_(Q2_y_Bin_10)_(z_pT_Bin_5)_(MultiDim_Q2_y_z_pT_phi_h)[0m (Histo Num 48118)
[91mSkipping: (MultiDim_5D_Histo)_(BC_RC_Bayesian)_(SMEAR=Smear)_(Q2_y_Bin_10)_(z_pT_Bin_6)_(MultiDim_Q2_y_z_pT_phi_h)[0m (Histo Num 48119)
[91mSkipping: (MultiDim_5D_Histo)_(BC_RC_Bayesian)_(SMEAR=Smear)_(Q2_y_Bin_10)_(z_pT_Bin_7)_(MultiDim_Q2_y_z_pT_phi_h)[0m (Histo Num 48120)
[91mSkipping: (MultiDim_5D_Histo)_(BC_RC_Bayesian)_(SMEAR=Smear)_(Q2_y_Bin_10)_(z_pT_Bin_8)_(MultiDim_Q2_y_z_pT_phi_h)[0m (Histo Num 48121)
[91mSkipping: (MultiDim_5D_Histo)_(BC_RC_Bayesian)_(SMEAR=Smear)_(Q2_y_Bin_10)_(z_pT_Bin_9)_(MultiDim_Q2_y_z_pT_phi_h)[0m (Histo Num 48122)
[91mSkipping: (MultiDim_5D_Histo)_(BC_RC_Bayesian)_(SMEAR=Smear)_(Q2_y_Bin_10)_(z_pT_Bin_10)_(MultiDim_Q2_y_z_pT_phi_h)[0m (Histo Num 48123)
[91mSkipping: (MultiDim_5D_Histo)_(BC_RC_Bayesian)_(SMEAR=Smear)_(Q2_y_Bin_10)_(z_pT_Bin_11)_(MultiDim_Q2_y_z_pT_phi_h)[0m (Histo Num 48124)
[91mSkipping: (MultiDim_5D_Histo)_(BC_RC_Bayesian)_(SMEAR=Smear)_(Q2_y_Bin_10)_(z_pT_Bin_12)_(MultiDim_Q2_y_z_pT_phi_h)[0m (Histo Num 48125)
[91mSkipping: (MultiDim_5D_Histo)_(BC_RC_Bayesian)_(SMEAR=Smear)_(Q2_y_Bin_10)_(z_pT_Bin_13)_(MultiDim_Q2_y_z_pT_phi_h)[0m (Histo Num 48126)
[91mSkipping: (MultiDim_5D_Histo)_(BC_RC_Bayesian)_(SMEAR=Smear)_(Q2_y_Bin_10)_(z_pT_Bin_14)_(MultiDim_Q2_y_z_pT_phi_h)[0m (Histo Num 48127)
[91mSkipping: (MultiDim_5D_Histo)_(BC_RC_Bayesian)_(SMEAR=Smear)_(Q2_y_Bin_10)_(z_pT_Bin_15)_(MultiDim_Q2_y_z_pT_phi_h)[0m (Histo Num 48128)
[91mSkipping: (MultiDim_5D_Histo)_(BC_RC_Bayesian)_(SMEAR=Smear)_(Q2_y_Bin_10)_(z_pT_Bin_16)_(MultiDim_Q2_y_z_pT_phi_h)[0m (Histo Num 48129)
[91mSkipping: (MultiDim_5D_Histo)_(BC_RC_Bayesian)_(SMEAR=Smear)_(Q2_y_Bin_10)_(z_pT_Bin_17)_(MultiDim_Q2_y_z_pT_phi_h)[0m (Histo Num 48130)
[91mSkipping: (MultiDim_5D_Histo)_(BC_RC_Bayesian)_(SMEAR=Smear)_(Q2_y_Bin_10)_(z_pT_Bin_18)_(MultiDim_Q2_y_z_pT_phi_h)[0m (Histo Num 48131)
[91mSkipping: (MultiDim_5D_Histo)_(BC_RC_Bayesian)_(SMEAR=Smear)_(Q2_y_Bin_10)_(z_pT_Bin_19)_(MultiDim_Q2_y_z_pT_phi_h)[0m (Histo Num 48132)
[91mSkipping: (MultiDim_5D_Histo)_(BC_RC_Bayesian)_(SMEAR=Smear)_(Q2_y_Bin_10)_(z_pT_Bin_20)_(MultiDim_Q2_y_z_pT_phi_h)[0m (Histo Num 48133)
[91mSkipping: (MultiDim_5D_Histo)_(BC_RC_Bayesian)_(SMEAR=Smear)_(Q2_y_Bin_10)_(z_pT_Bin_21)_(MultiDim_Q2_y_z_pT_phi_h)[0m (Histo Num 48134)
[91mSkipping: (MultiDim_5D_Histo)_(BC_RC_Bayesian)_(SMEAR=Smear)_(Q2_y_Bin_10)_(z_pT_Bin_22)_(MultiDim_Q2_y_z_pT_phi_h)[0m (Histo Num 48135)
[91mSkipping: (MultiDim_5D_Histo)_(BC_RC_Bayesian)_(SMEAR=Smear)_(Q2_y_Bin_10)_(z_pT_Bin_23)_(MultiDim_Q2_y_z_pT_phi_h)[0m (Histo Num 48136)
[91mSkipping: (MultiDim_5D_Histo)_(BC_RC_Bayesian)_(SMEAR=Smear)_(Q2_y_Bin_10)_(z_pT_Bin_25)_(MultiDim_Q2_y_z_pT_phi_h)[0m (Histo Num 48137)
[91mSkipping: (MultiDim_5D_Histo)_(BC_RC_Bayesian)_(SMEAR=Smear)_(Q2_y_Bin_10)_(z_pT_Bin_26)_(MultiDim_Q2_y_z_pT_phi_h)[0m (Histo Num 48138)
[91mSkipping: (MultiDim_5D_Histo)_(BC_RC_Bayesian)_(SMEAR=Smear)_(Q2_y_Bin_10)_(z_pT_Bin_27)_(MultiDim_Q2_y_z_pT_phi_h)[0m (Histo Num 48139)
[91mSkipping: (MultiDim_5D_Histo)_(BC_RC_Bayesian)_(SMEAR=Smear)_(Q2_y_Bin_10)_(z_pT_Bin_28)_(MultiDim_Q2_y_z_pT_phi_h)[0m (Histo Num 48140)
[91mSkipping: (MultiDim_5D_Histo)_(BC_RC_Bayesian)_(SMEAR=Smear)_(Q2_y_Bin_10)_(z_pT_Bin_29)_(MultiDim_Q2_y_z_pT_phi_h)[0m (Histo Num 48141)
[91mSkipping: (MultiDim_5D_Histo)_(BC_RC_Bayesian)_(SMEAR=Smear)_(Q2_y_Bin_10)_(z_pT_Bin_31)_(MultiDim_Q2_y_z_pT_phi_h)[0m (Histo Num 48142)
[91mSkipping: (MultiDim_5D_Histo)_(BC_RC_Bayesian)_(SMEAR=Smear)_(Q2_y_Bin_10)_(z_pT_Bin_32)_(MultiDim_Q2_y_z_pT_phi_h)[0m (Histo Num 48143)
[91mSkipping: (MultiDim_5D_Histo)_(BC_RC_Bayesian)_(SMEAR=Smear)_(Q2_y_Bin_10)_(z_pT_Bin_33)_(MultiDim_Q2_y_z_pT_phi_h)[0m (Histo Num 48144)
[91mSkipping: (MultiDim_5D_Histo)_(BC_RC_Bayesian)_(SMEAR=Smear)_(Q2_y_Bin_10)_(z_pT_Bin_34)_(MultiDim_Q2_y_z_pT_phi_h)[0m (Histo Num 48145)
[91mSkipping: (MultiDim_5D_Histo)_(BC_RC_Bayesian)_(SMEAR=Smear)_(Q2_y_Bin_11)_(z_pT_Bin_1)_(MultiDim_Q2_y_z_pT_phi_h)[0m (Histo Num 48146)
[91mSkipping: (MultiDim_5D_Histo)_(BC_RC_Bayesian)_(SMEAR=Smear)_(Q2_y_Bin_11)_(z_pT_Bin_2)_(MultiDim_Q2_y_z_pT_phi_h)[0m (Histo Num 48147)
[91mSkipping: (MultiDim_5D_Histo)_(BC_RC_Bayesian)_(SMEAR=Smear)_(Q2_y_Bin_11)_(z_pT_Bin_3)_(MultiDim_Q2_y_z_pT_phi_h)[0m (Histo Num 48148)
[91mSkipping: (MultiDim_5D_Histo)_(BC_RC_Bayesian)_(SMEAR=Smear)_(Q2_y_Bin_11)_(z_pT_Bin_4)_(MultiDim_Q2_y_z_pT_phi_h)[0m (Histo Num 48149)
[91mSkipping: (MultiDim_5D_Histo)_(BC_RC_Bayesian)_(SMEAR=Smear)_(Q2_y_Bin_11)_(z_pT_Bin_6)_(MultiDim_Q2_y_z_pT_phi_h)[0m (Histo Num 48150)
[91mSkipping: (MultiDim_5D_Histo)_(BC_RC_Bayesian)_(SMEAR=Smear)_(Q2_y_Bin_11)_(z_pT_Bin_7)_(MultiDim_Q2_y_z_pT_phi_h)[0m (Histo Num 48151)
[91mSkipping: (MultiDim_5D_Histo)_(BC_RC_Bayesian)_(SMEAR=Smear)_(Q2_y_Bin_11)_(z_pT_Bin_8)_(MultiDim_Q2_y_z_pT_phi_h)[0m (Histo Num 48152)
[91mSkipping: (MultiDim_5D_Histo)_(BC_RC_Bayesian)_(SMEAR=Smear)_(Q2_y_Bin_11)_(z_pT_Bin_9)_(MultiDim_Q2_y_z_pT_phi_h)[0m (Histo Num 48153)
[91mSkipping: (MultiDim_5D_Histo)_(BC_RC_Bayesian)_(SMEAR=Smear)_(Q2_y_Bin_11)_(z_pT_Bin_10)_(MultiDim_Q2_y_z_pT_phi_h)[0m (Histo Num 48154)
[91mSkipping: (MultiDim_5D_Histo)_(BC_RC_Bayesian)_(SMEAR=Smear)_(Q2_y_Bin_11)_(z_pT_Bin_11)_(MultiDim_Q2_y_z_pT_phi_h)[0m (Histo Num 48155)
[91mSkipping: (MultiDim_5D_Histo)_(BC_RC_Bayesian)_(SMEAR=Smear)_(Q2_y_Bin_11)_(z_pT_Bin_12)_(MultiDim_Q2_y_z_pT_phi_h)[0m (Histo Num 48156)
[91mSkipping: (MultiDim_5D_Histo)_(BC_RC_Bayesian)_(SMEAR=Smear)_(Q2_y_Bin_11)_(z_pT_Bin_13)_(MultiDim_Q2_y_z_pT_phi_h)[0m (Histo Num 48157)
[91mSkipping: (MultiDim_5D_Histo)_(BC_RC_Bayesian)_(SMEAR=Smear)_(Q2_y_Bin_11)_(z_pT_Bin_14)_(MultiDim_Q2_y_z_pT_phi_h)[0m (Histo Num 48158)
[91mSkipping: (MultiDim_5D_Histo)_(BC_RC_Bayesian)_(SMEAR=Smear)_(Q2_y_Bin_11)_(z_pT_Bin_15)_(MultiDim_Q2_y_z_pT_phi_h)[0m (Histo Num 48159)
[91mSkipping: (MultiDim_5D_Histo)_(BC_RC_Bayesian)_(SMEAR=Smear)_(Q2_y_Bin_11)_(z_pT_Bin_16)_(MultiDim_Q2_y_z_pT_phi_h)[0m (Histo Num 48160)
[91mSkipping: (MultiDim_5D_Histo)_(BC_RC_Bayesian)_(SMEAR=Smear)_(Q2_y_Bin_11)_(z_pT_Bin_17)_(MultiDim_Q2_y_z_pT_phi_h)[0m (Histo Num 48161)
[91mSkipping: (MultiDim_5D_Histo)_(BC_RC_Bayesian)_(SMEAR=Smear)_(Q2_y_Bin_11)_(z_pT_Bin_18)_(MultiDim_Q2_y_z_pT_phi_h)[0m (Histo Num 48162)
[91mSkipping: (MultiDim_5D_Histo)_(BC_RC_Bayesian)_(SMEAR=Smear)_(Q2_y_Bin_11)_(z_pT_Bin_19)_(MultiDim_Q2_y_z_pT_phi_h)[0m (Histo Num 48163)
[91mSkipping: (MultiDim_5D_Histo)_(BC_RC_Bayesian)_(SMEAR=Smear)_(Q2_y_Bin_11)_(z_pT_Bin_20)_(MultiDim_Q2_y_z_pT_phi_h)[0m (Histo Num 48164)
[91mSkipping: (MultiDim_5D_Histo)_(BC_RC_Bayesian)_(SMEAR=Smear)_(Q2_y_Bin_11)_(z_pT_Bin_21)_(MultiDim_Q2_y_z_pT_phi_h)[0m (Histo Num 48165)
[91mSkipping: (MultiDim_5D_Histo)_(BC_RC_Bayesian)_(SMEAR=Smear)_(Q2_y_Bin_11)_(z_pT_Bin_22)_(MultiDim_Q2_y_z_pT_phi_h)[0m (Histo Num 48166)
[91mSkipping: (MultiDim_5D_Histo)_(BC_RC_Bayesian)_(SMEAR=Smear)_(Q2_y_Bin_11)_(z_pT_Bin_23)_(MultiDim_Q2_y_z_pT_phi_h)[0m (Histo Num 48167)
[91mSkipping: (MultiDim_5D_Histo)_(BC_RC_Bayesian)_(SMEAR=Smear)_(Q2_y_Bin_11)_(z_pT_Bin_24)_(MultiDim_Q2_y_z_pT_phi_h)[0m (Histo Num 48168)
[91mSkipping: (MultiDim_5D_Histo)_(BC_RC_Bayesian)_(SMEAR=Smear)_(Q2_y_Bin_12)_(z_pT_Bin_6)_(MultiDim_Q2_y_z_pT_phi_h)[0m (Histo Num 48169)
[91mSkipping: (MultiDim_5D_Histo)_(BC_RC_Bayesian)_(SMEAR=Smear)_(Q2_y_Bin_12)_(z_pT_Bin_7)_(MultiDim_Q2_y_z_pT_phi_h)[0m (Histo Num 48170)
[91mSkipping: (MultiDim_5D_Histo)_(BC_RC_Bayesian)_(SMEAR=Smear)_(Q2_y_Bin_12)_(z_pT_Bin_8)_(MultiDim_Q2_y_z_pT_phi_h)[0m (Histo Num 48171)
[91mSkipping: (MultiDim_5D_Histo)_(BC_RC_Bayesian)_(SMEAR=Smear)_(Q2_y_Bin_12)_(z_pT_Bin_9)_(MultiDim_Q2_y_z_pT_phi_h)[0m (Histo Num 48172)
[91mSkipping: (MultiDim_5D_Histo)_(BC_RC_Bayesian)_(SMEAR=Smear)_(Q2_y_Bin_12)_(z_pT_Bin_10)_(MultiDim_Q2_y_z_pT_phi_h)[0m (Histo Num 48173)
[91mSkipping: (MultiDim_5D_Histo)_(BC_RC_Bayesian)_(SMEAR=Smear)_(Q2_y_Bin_12)_(z_pT_Bin_11)_(MultiDim_Q2_y_z_pT_phi_h)[0m (Histo Num 48174)
[91mSkipping: (MultiDim_5D_Histo)_(BC_RC_Bayesian)_(SMEAR=Smear)_(Q2_y_Bin_12)_(z_pT_Bin_12)_(MultiDim_Q2_y_z_pT_phi_h)[0m (Histo Num 48175)
[91mSkipping: (MultiDim_5D_Histo)_(BC_RC_Bayesian)_(SMEAR=Smear)_(Q2_y_Bin_12)_(z_pT_Bin_13)_(MultiDim_Q2_y_z_pT_phi_h)[0m (Histo Num 48176)
[91mSkipping: (MultiDim_5D_Histo)_(BC_RC_Bayesian)_(SMEAR=Smear)_(Q2_y_Bin_12)_(z_pT_Bin_14)_(MultiDim_Q2_y_z_pT_phi_h)[0m (Histo Num 48177)
[91mSkipping: (MultiDim_5D_Histo)_(BC_RC_Bayesian)_(SMEAR=Smear)_(Q2_y_Bin_12)_(z_pT_Bin_15)_(MultiDim_Q2_y_z_pT_phi_h)[0m (Histo Num 48178)
[91mSkipping: (MultiDim_5D_Histo)_(BC_RC_Bayesian)_(SMEAR=Smear)_(Q2_y_Bin_12)_(z_pT_Bin_16)_(MultiDim_Q2_y_z_pT_phi_h)[0m (Histo Num 48179)
[91mSkipping: (MultiDim_5D_Histo)_(BC_RC_Bayesian)_(SMEAR=Smear)_(Q2_y_Bin_12)_(z_pT_Bin_17)_(MultiDim_Q2_y_z_pT_phi_h)[0m (Histo Num 48180)
[91mSkipping: (MultiDim_5D_Histo)_(BC_RC_Bayesian)_(SMEAR=Smear)_(Q2_y_Bin_12)_(z_pT_Bin_18)_(MultiDim_Q2_y_z_pT_phi_h)[0m (Histo Num 48181)
[91mSkipping: (MultiDim_5D_Histo)_(BC_RC_Bayesian)_(SMEAR=Smear)_(Q2_y_Bin_12)_(z_pT_Bin_19)_(MultiDim_Q2_y_z_pT_phi_h)[0m (Histo Num 48182)
[91mSkipping: (MultiDim_5D_Histo)_(BC_RC_Bayesian)_(SMEAR=Smear)_(Q2_y_Bin_12)_(z_pT_Bin_20)_(MultiDim_Q2_y_z_pT_phi_h)[0m (Histo Num 48183)
[91mSkipping: (MultiDim_5D_Histo)_(BC_RC_Bayesian)_(SMEAR=Smear)_(Q2_y_Bin_12)_(z_pT_Bin_21)_(MultiDim_Q2_y_z_pT_phi_h)[0m (Histo Num 48184)
[91mSkipping: (MultiDim_5D_Histo)_(BC_RC_Bayesian)_(SMEAR=Smear)_(Q2_y_Bin_12)_(z_pT_Bin_22)_(MultiDim_Q2_y_z_pT_phi_h)[0m (Histo Num 48185)
[91mSkipping: (MultiDim_5D_Histo)_(BC_RC_Bayesian)_(SMEAR=Smear)_(Q2_y_Bin_12)_(z_pT_Bin_23)_(MultiDim_Q2_y_z_pT_phi_h)[0m (Histo Num 48186)
[91mSkipping: (MultiDim_5D_Histo)_(BC_RC_Bayesian)_(SMEAR=Smear)_(Q2_y_Bin_12)_(z_pT_Bin_24)_(MultiDim_Q2_y_z_pT_phi_h)[0m (Histo Num 48187)
[91mSkipping: (MultiDim_5D_Histo)_(BC_RC_Bayesian)_(SMEAR=Smear)_(Q2_y_Bin_13)_(z_pT_Bin_1)_(MultiDim_Q2_y_z_pT_phi_h)[0m (Histo Num 48188)
[91mSkipping: (MultiDim_5D_Histo)_(BC_RC_Bayesian)_(SMEAR=Smear)_(Q2_y_Bin_13)_(z_pT_Bin_2)_(MultiDim_Q2_y_z_pT_phi_h)[0m (Histo Num 48189)
[91mSkipping: (MultiDim_5D_Histo)_(BC_RC_Bayesian)_(SMEAR=Smear)_(Q2_y_Bin_13)_(z_pT_Bin_3)_(MultiDim_Q2_y_z_pT_phi_h)[0m (Histo Num 48190)
[91mSkipping: (MultiDim_5D_Histo)_(BC_RC_Bayesian)_(SMEAR=Smear)_(Q2_y_Bin_13)_(z_pT_Bin_4)_(MultiDim_Q2_y_z_pT_phi_h)[0m (Histo Num 48191)
[91mSkipping: (MultiDim_5D_Histo)_(BC_RC_Bayesian)_(SMEAR=Smear)_(Q2_y_Bin_13)_(z_pT_Bin_5)_(MultiDim_Q2_y_z_pT_phi_h)[0m (Histo Num 48192)
[91mSkipping: (MultiDim_5D_Histo)_(BC_RC_Bayesian)_(SMEAR=Smear)_(Q2_y_Bin_13)_(z_pT_Bin_6)_(MultiDim_Q2_y_z_pT_phi_h)[0m (Histo Num 48193)
[91mSkipping: (MultiDim_5D_Histo)_(BC_RC_Bayesian)_(SMEAR=Smear)_(Q2_y_Bin_13)_(z_pT_Bin_7)_(MultiDim_Q2_y_z_pT_phi_h)[0m (Histo Num 48194)
[91mSkipping: (MultiDim_5D_Histo)_(BC_RC_Bayesian)_(SMEAR=Smear)_(Q2_y_Bin_13)_(z_pT_Bin_8)_(MultiDim_Q2_y_z_pT_phi_h)[0m (Histo Num 48195)
[91mSkipping: (MultiDim_5D_Histo)_(BC_RC_Bayesian)_(SMEAR=Smear)_(Q2_y_Bin_13)_(z_pT_Bin_9)_(MultiDim_Q2_y_z_pT_phi_h)[0m (Histo Num 48196)
[91mSkipping: (MultiDim_5D_Histo)_(BC_RC_Bayesian)_(SMEAR=Smear)_(Q2_y_Bin_13)_(z_pT_Bin_10)_(MultiDim_Q2_y_z_pT_phi_h)[0m (Histo Num 48197)
[91mSkipping: (MultiDim_5D_Histo)_(BC_RC_Bayesian)_(SMEAR=Smear)_(Q2_y_Bin_13)_(z_pT_Bin_11)_(MultiDim_Q2_y_z_pT_phi_h)[0m (Histo Num 48198)
[91mSkipping: (MultiDim_5D_Histo)_(BC_RC_Bayesian)_(SMEAR=Smear)_(Q2_y_Bin_13)_(z_pT_Bin_12)_(MultiDim_Q2_y_z_pT_phi_h)[0m (Histo Num 48199)
[91mSkipping: (MultiDim_5D_Histo)_(BC_RC_Bayesian)_(SMEAR=Smear)_(Q2_y_Bin_13)_(z_pT_Bin_13)_(MultiDim_Q2_y_z_pT_phi_h)[0m (Histo Num 48200)
[91mSkipping: (MultiDim_5D_Histo)_(BC_RC_Bayesian)_(SMEAR=Smear)_(Q2_y_Bin_13)_(z_pT_Bin_14)_(MultiDim_Q2_y_z_pT_phi_h)[0m (Histo Num 48201)
[91mSkipping: (MultiDim_5D_Histo)_(BC_RC_Bayesian)_(SMEAR=Smear)_(Q2_y_Bin_13)_(z_pT_Bin_15)_(MultiDim_Q2_y_z_pT_phi_h)[0m (Histo Num 48202)
[91mSkipping: (MultiDim_5D_Histo)_(BC_RC_Bayesian)_(SMEAR=Smear)_(Q2_y_Bin_13)_(z_pT_Bin_16)_(MultiDim_Q2_y_z_pT_phi_h)[0m (Histo Num 48203)
[91mSkipping: (MultiDim_5D_Histo)_(BC_RC_Bayesian)_(SMEAR=Smear)_(Q2_y_Bin_13)_(z_pT_Bin_17)_(MultiDim_Q2_y_z_pT_phi_h)[0m (Histo Num 48204)
[91mSkipping: (MultiDim_5D_Histo)_(BC_RC_Bayesian)_(SMEAR=Smear)_(Q2_y_Bin_13)_(z_pT_Bin_18)_(MultiDim_Q2_y_z_pT_phi_h)[0m (Histo Num 48205)
[91mSkipping: (MultiDim_5D_Histo)_(BC_RC_Bayesian)_(SMEAR=Smear)_(Q2_y_Bin_13)_(z_pT_Bin_19)_(MultiDim_Q2_y_z_pT_phi_h)[0m (Histo Num 48206)
[91mSkipping: (MultiDim_5D_Histo)_(BC_RC_Bayesian)_(SMEAR=Smear)_(Q2_y_Bin_13)_(z_pT_Bin_21)_(MultiDim_Q2_y_z_pT_phi_h)[0m (Histo Num 48207)
[91mSkipping: (MultiDim_5D_Histo)_(BC_RC_Bayesian)_(SMEAR=Smear)_(Q2_y_Bin_13)_(z_pT_Bin_22)_(MultiDim_Q2_y_z_pT_phi_h)[0m (Histo Num 48208)
[91mSkipping: (MultiDim_5D_Histo)_(BC_RC_Bayesian)_(SMEAR=Smear)_(Q2_y_Bin_13)_(z_pT_Bin_23)_(MultiDim_Q2_y_z_pT_phi_h)[0m (Histo Num 48209)
[91mSkipping: (MultiDim_5D_Histo)_(BC_RC_Bayesian)_(SMEAR=Smear)_(Q2_y_Bin_13)_(z_pT_Bin_24)_(MultiDim_Q2_y_z_pT_phi_h)[0m (Histo Num 48210)
[91mSkipping: (MultiDim_5D_Histo)_(BC_RC_Bayesian)_(SMEAR=Smear)_(Q2_y_Bin_13)_(z_pT_Bin_26)_(MultiDim_Q2_y_z_pT_phi_h)[0m (Histo Num 48211)
[91mSkipping: (MultiDim_5D_Histo)_(BC_RC_Bayesian)_(SMEAR=Smear)_(Q2_y_Bin_13)_(z_pT_Bin_27)_(MultiDim_Q2_y_z_pT_phi_h)[0m (Histo Num 48212)
[91mSkipping: (MultiDim_5D_Histo)_(BC_RC_Bayesian)_(SMEAR=Smear)_(Q2_y_Bin_13)_(z_pT_Bin_28)_(MultiDim_Q2_y_z_pT_phi_h)[0m (Histo Num 48213)
[91mSkipping: (MultiDim_5D_Histo)_(BC_RC_Bayesian)_(SMEAR=Smear)_(Q2_y_Bin_14)_(z_pT_Bin_1)_(MultiDim_Q2_y_z_pT_phi_h)[0m (Histo Num 48214)
[91mSkipping: (MultiDim_5D_Histo)_(BC_RC_Bayesian)_(SMEAR=Smear)_(Q2_y_Bin_14)_(z_pT_Bin_2)_(MultiDim_Q2_y_z_pT_phi_h)[0m (Histo Num 48215)
[91mSkipping: (MultiDim_5D_Histo)_(BC_RC_Bayesian)_(SMEAR=Smear)_(Q2_y_Bin_14)_(z_pT_Bin_3)_(MultiDim_Q2_y_z_pT_phi_h)[0m (Histo Num 48216)
[91mSkipping: (MultiDim_5D_Histo)_(BC_RC_Bayesian)_(SMEAR=Smear)_(Q2_y_Bin_14)_(z_pT_Bin_4)_(MultiDim_Q2_y_z_pT_phi_h)[0m (Histo Num 48217)
[91mSkipping: (MultiDim_5D_Histo)_(BC_RC_Bayesian)_(SMEAR=Smear)_(Q2_y_Bin_14)_(z_pT_Bin_5)_(MultiDim_Q2_y_z_pT_phi_h)[0m (Histo Num 48218)
[91mSkipping: (MultiDim_5D_Histo)_(BC_RC_Bayesian)_(SMEAR=Smear)_(Q2_y_Bin_14)_(z_pT_Bin_7)_(MultiDim_Q2_y_z_pT_phi_h)[0m (Histo Num 48219)
[91mSkipping: (MultiDim_5D_Histo)_(BC_RC_Bayesian)_(SMEAR=Smear)_(Q2_y_Bin_14)_(z_pT_Bin_8)_(MultiDim_Q2_y_z_pT_phi_h)[0m (Histo Num 48220)
[91mSkipping: (MultiDim_5D_Histo)_(BC_RC_Bayesian)_(SMEAR=Smear)_(Q2_y_Bin_14)_(z_pT_Bin_9)_(MultiDim_Q2_y_z_pT_phi_h)[0m (Histo Num 48221)
[91mSkipping: (MultiDim_5D_Histo)_(BC_RC_Bayesian)_(SMEAR=Smear)_(Q2_y_Bin_14)_(z_pT_Bin_10)_(MultiDim_Q2_y_z_pT_phi_h)[0m (Histo Num 48222)
[91mSkipping: (MultiDim_5D_Histo)_(BC_RC_Bayesian)_(SMEAR=Smear)_(Q2_y_Bin_14)_(z_pT_Bin_11)_(MultiDim_Q2_y_z_pT_phi_h)[0m (Histo Num 48223)
[91mSkipping: (MultiDim_5D_Histo)_(BC_RC_Bayesian)_(SMEAR=Smear)_(Q2_y_Bin_14)_(z_pT_Bin_12)_(MultiDim_Q2_y_z_pT_phi_h)[0m (Histo Num 48224)
[91mSkipping: (MultiDim_5D_Histo)_(BC_RC_Bayesian)_(SMEAR=Smear)_(Q2_y_Bin_14)_(z_pT_Bin_13)_(MultiDim_Q2_y_z_pT_phi_h)[0m (Histo Num 48225)
[91mSkipping: (MultiDim_5D_Histo)_(BC_RC_Bayesian)_(SMEAR=Smear)_(Q2_y_Bin_14)_(z_pT_Bin_14)_(MultiDim_Q2_y_z_pT_phi_h)[0m (Histo Num 48226)
[91mSkipping: (MultiDim_5D_Histo)_(BC_RC_Bayesian)_(SMEAR=Smear)_(Q2_y_Bin_14)_(z_pT_Bin_15)_(MultiDim_Q2_y_z_pT_phi_h)[0m (Histo Num 48227)
[91mSkipping: (MultiDim_5D_Histo)_(BC_RC_Bayesian)_(SMEAR=Smear)_(Q2_y_Bin_14)_(z_pT_Bin_16)_(MultiDim_Q2_y_z_pT_phi_h)[0m (Histo Num 48228)
[91mSkipping: (MultiDim_5D_Histo)_(BC_RC_Bayesian)_(SMEAR=Smear)_(Q2_y_Bin_14)_(z_pT_Bin_17)_(MultiDim_Q2_y_z_pT_phi_h)[0m (Histo Num 48229)
[91mSkipping: (MultiDim_5D_Histo)_(BC_RC_Bayesian)_(SMEAR=Smear)_(Q2_y_Bin_14)_(z_pT_Bin_18)_(MultiDim_Q2_y_z_pT_phi_h)[0m (Histo Num 48230)
[91mSkipping: (MultiDim_5D_Histo)_(BC_RC_Bayesian)_(SMEAR=Smear)_(Q2_y_Bin_14)_(z_pT_Bin_19)_(MultiDim_Q2_y_z_pT_phi_h)[0m (Histo Num 48231)
[91mSkipping: (MultiDim_5D_Histo)_(BC_RC_Bayesian)_(SMEAR=Smear)_(Q2_y_Bin_14)_(z_pT_Bin_20)_(MultiDim_Q2_y_z_pT_phi_h)[0m (Histo Num 48232)
[91mSkipping: (MultiDim_5D_Histo)_(BC_RC_Bayesian)_(SMEAR=Smear)_(Q2_y_Bin_14)_(z_pT_Bin_21)_(MultiDim_Q2_y_z_pT_phi_h)[0m (Histo Num 48233)
[91mSkipping: (MultiDim_5D_Histo)_(BC_RC_Bayesian)_(SMEAR=Smear)_(Q2_y_Bin_14)_(z_pT_Bin_22)_(MultiDim_Q2_y_z_pT_phi_h)[0m (Histo Num 48234)
[91mSkipping: (MultiDim_5D_Histo)_(BC_RC_Bayesian)_(SMEAR=Smear)_(Q2_y_Bin_14)_(z_pT_Bin_23)_(MultiDim_Q2_y_z_pT_phi_h)[0m (Histo Num 48235)
[91mSkipping: (MultiDim_5D_Histo)_(BC_RC_Bayesian)_(SMEAR=Smear)_(Q2_y_Bin_14)_(z_pT_Bin_25)_(MultiDim_Q2_y_z_pT_phi_h)[0m (Histo Num 48236)
[91mSkipping: (MultiDim_5D_Histo)_(BC_RC_Bayesian)_(SMEAR=Smear)_(Q2_y_Bin_14)_(z_pT_Bin_26)_(MultiDim_Q2_y_z_pT_phi_h)[0m (Histo Num 48237)
[91mSkipping: (MultiDim_5D_Histo)_(BC_RC_Bayesian)_(SMEAR=Smear)_(Q2_y_Bin_14)_(z_pT_Bin_27)_(MultiDim_Q2_y_z_pT_phi_h)[0m (Histo Num 48238)
[91mSkipping: (MultiDim_5D_Histo)_(BC_RC_Bayesian)_(SMEAR=Smear)_(Q2_y_Bin_14)_(z_pT_Bin_28)_(MultiDim_Q2_y_z_pT_phi_h)[0m (Histo Num 48239)
[91mSkipping: (MultiDim_5D_Histo)_(BC_RC_Bayesian)_(SMEAR=Smear)_(Q2_y_Bin_14)_(z_pT_Bin_29)_(MultiDim_Q2_y_z_pT_phi_h)[0m (Histo Num 48240)
[91mSkipping: (MultiDim_5D_Histo)_(BC_RC_Bayesian)_(SMEAR=Smear)_(Q2_y_Bin_14)_(z_pT_Bin_31)_(MultiDim_Q2_y_z_pT_phi_h)[0m (Histo Num 48241)
[91mSkipping: (MultiDim_5D_Histo)_(BC_RC_Bayesian)_(SMEAR=Smear)_(Q2_y_Bin_14)_(z_pT_Bin_32)_(MultiDim_Q2_y_z_pT_phi_h)[0m (Histo Num 48242)
[91mSkipping: (MultiDim_5D_Histo)_(BC_RC_Bayesian)_(SMEAR=Smear)_(Q2_y_Bin_14)_(z_pT_Bin_33)_(MultiDim_Q2_y_z_pT_phi_h)[0m (Histo Num 48243)
[91mSkipping: (MultiDim_5D_Histo)_(BC_RC_Bayesian)_(SMEAR=Smear)_(Q2_y_Bin_14)_(z_pT_Bin_34)_(MultiDim_Q2_y_z_pT_phi_h)[0m (Histo Num 48244)
[91mSkipping: (MultiDim_5D_Histo)_(BC_RC_Bayesian)_(SMEAR=Smear)_(Q2_y_Bin_15)_(z_pT_Bin_1)_(MultiDim_Q2_y_z_pT_phi_h)[0m (Histo Num 48245)
[91mSkipping: (MultiDim_5D_Histo)_(BC_RC_Bayesian)_(SMEAR=Smear)_(Q2_y_Bin_15)_(z_pT_Bin_2)_(MultiDim_Q2_y_z_pT_phi_h)[0m (Histo Num 48246)
[91mSkipping: (MultiDim_5D_Histo)_(BC_RC_Bayesian)_(SMEAR=Smear)_(Q2_y_Bin_15)_(z_pT_Bin_3)_(MultiDim_Q2_y_z_pT_phi_h)[0m (Histo Num 48247)
[91mSkipping: (MultiDim_5D_Histo)_(BC_RC_Bayesian)_(SMEAR=Smear)_(Q2_y_Bin_15)_(z_pT_Bin_4)_(MultiDim_Q2_y_z_pT_phi_h)[0m (Histo Num 48248)
[91mSkipping: (MultiDim_5D_Histo)_(BC_RC_Bayesian)_(SMEAR=Smear)_(Q2_y_Bin_15)_(z_pT_Bin_6)_(MultiDim_Q2_y_z_pT_phi_h)[0m (Histo Num 48249)
[91mSkipping: (MultiDim_5D_Histo)_(BC_RC_Bayesian)_(SMEAR=Smear)_(Q2_y_Bin_15)_(z_pT_Bin_7)_(MultiDim_Q2_y_z_pT_phi_h)[0m (Histo Num 48250)
[91mSkipping: (MultiDim_5D_Histo)_(BC_RC_Bayesian)_(SMEAR=Smear)_(Q2_y_Bin_15)_(z_pT_Bin_8)_(MultiDim_Q2_y_z_pT_phi_h)[0m (Histo Num 48251)
[91mSkipping: (MultiDim_5D_Histo)_(BC_RC_Bayesian)_(SMEAR=Smear)_(Q2_y_Bin_15)_(z_pT_Bin_9)_(MultiDim_Q2_y_z_pT_phi_h)[0m (Histo Num 48252)
[91mSkipping: (MultiDim_5D_Histo)_(BC_RC_Bayesian)_(SMEAR=Smear)_(Q2_y_Bin_15)_(z_pT_Bin_10)_(MultiDim_Q2_y_z_pT_phi_h)[0m (Histo Num 48253)
[91mSkipping: (MultiDim_5D_Histo)_(BC_RC_Bayesian)_(SMEAR=Smear)_(Q2_y_Bin_15)_(z_pT_Bin_11)_(MultiDim_Q2_y_z_pT_phi_h)[0m (Histo Num 48254)
[91mSkipping: (MultiDim_5D_Histo)_(BC_RC_Bayesian)_(SMEAR=Smear)_(Q2_y_Bin_15)_(z_pT_Bin_12)_(MultiDim_Q2_y_z_pT_phi_h)[0m (Histo Num 48255)
[91mSkipping: (MultiDim_5D_Histo)_(BC_RC_Bayesian)_(SMEAR=Smear)_(Q2_y_Bin_15)_(z_pT_Bin_13)_(MultiDim_Q2_y_z_pT_phi_h)[0m (Histo Num 48256)
[91mSkipping: (MultiDim_5D_Histo)_(BC_RC_Bayesian)_(SMEAR=Smear)_(Q2_y_Bin_15)_(z_pT_Bin_14)_(MultiDim_Q2_y_z_pT_phi_h)[0m (Histo Num 48257)
[91mSkipping: (MultiDim_5D_Histo)_(BC_RC_Bayesian)_(SMEAR=Smear)_(Q2_y_Bin_15)_(z_pT_Bin_15)_(MultiDim_Q2_y_z_pT_phi_h)[0m (Histo Num 48258)
[91mSkipping: (MultiDim_5D_Histo)_(BC_RC_Bayesian)_(SMEAR=Smear)_(Q2_y_Bin_15)_(z_pT_Bin_16)_(MultiDim_Q2_y_z_pT_phi_h)[0m (Histo Num 48259)
[91mSkipping: (MultiDim_5D_Histo)_(BC_RC_Bayesian)_(SMEAR=Smear)_(Q2_y_Bin_15)_(z_pT_Bin_17)_(MultiDim_Q2_y_z_pT_phi_h)[0m (Histo Num 48260)
[91mSkipping: (MultiDim_5D_Histo)_(BC_RC_Bayesian)_(SMEAR=Smear)_(Q2_y_Bin_15)_(z_pT_Bin_18)_(MultiDim_Q2_y_z_pT_phi_h)[0m (Histo Num 48261)
[91mSkipping: (MultiDim_5D_Histo)_(BC_RC_Bayesian)_(SMEAR=Smear)_(Q2_y_Bin_15)_(z_pT_Bin_19)_(MultiDim_Q2_y_z_pT_phi_h)[0m (Histo Num 48262)
[91mSkipping: (MultiDim_5D_Histo)_(BC_RC_Bayesian)_(SMEAR=Smear)_(Q2_y_Bin_15)_(z_pT_Bin_21)_(MultiDim_Q2_y_z_pT_phi_h)[0m (Histo Num 48263)
[91mSkipping: (MultiDim_5D_Histo)_(BC_RC_Bayesian)_(SMEAR=Smear)_(Q2_y_Bin_15)_(z_pT_Bin_22)_(MultiDim_Q2_y_z_pT_phi_h)[0m (Histo Num 48264)
[91mSkipping: (MultiDim_5D_Histo)_(BC_RC_Bayesian)_(SMEAR=Smear)_(Q2_y_Bin_15)_(z_pT_Bin_23)_(MultiDim_Q2_y_z_pT_phi_h)[0m (Histo Num 48265)
[91mSkipping: (MultiDim_5D_Histo)_(BC_RC_Bayesian)_(SMEAR=Smear)_(Q2_y_Bin_15)_(z_pT_Bin_24)_(MultiDim_Q2_y_z_pT_phi_h)[0m (Histo Num 48266)
[91mSkipping: (MultiDim_5D_Histo)_(BC_RC_Bayesian)_(SMEAR=Smear)_(Q2_y_Bin_16)_(z_pT_Bin_1)_(MultiDim_Q2_y_z_pT_phi_h)[0m (Histo Num 48267)
[91mSkipping: (MultiDim_5D_Histo)_(BC_RC_Bayesian)_(SMEAR=Smear)_(Q2_y_Bin_16)_(z_pT_Bin_2)_(MultiDim_Q2_y_z_pT_phi_h)[0m (Histo Num 48268)
[91mSkipping: (MultiDim_5D_Histo)_(BC_RC_Bayesian)_(SMEAR=Smear)_(Q2_y_Bin_16)_(z_pT_Bin_3)_(MultiDim_Q2_y_z_pT_phi_h)[0m (Histo Num 48269)
[91mSkipping: (MultiDim_5D_Histo)_(BC_RC_Bayesian)_(SMEAR=Smear)_(Q2_y_Bin_16)_(z_pT_Bin_4)_(MultiDim_Q2_y_z_pT_phi_h)[0m (Histo Num 48270)
[91mSkipping: (MultiDim_5D_Histo)_(BC_RC_Bayesian)_(SMEAR=Smear)_(Q2_y_Bin_16)_(z_pT_Bin_5)_(MultiDim_Q2_y_z_pT_phi_h)[0m (Histo Num 48271)
[91mSkipping: (MultiDim_5D_Histo)_(BC_RC_Bayesian)_(SMEAR=Smear)_(Q2_y_Bin_16)_(z_pT_Bin_6)_(MultiDim_Q2_y_z_pT_phi_h)[0m (Histo Num 48272)
[91mSkipping: (MultiDim_5D_Histo)_(BC_RC_Bayesian)_(SMEAR=Smear)_(Q2_y_Bin_16)_(z_pT_Bin_7)_(MultiDim_Q2_y_z_pT_phi_h)[0m (Histo Num 48273)
[91mSkipping: (MultiDim_5D_Histo)_(BC_RC_Bayesian)_(SMEAR=Smear)_(Q2_y_Bin_16)_(z_pT_Bin_8)_(MultiDim_Q2_y_z_pT_phi_h)[0m (Histo Num 48274)
[91mSkipping: (MultiDim_5D_Histo)_(BC_RC_Bayesian)_(SMEAR=Smear)_(Q2_y_Bin_16)_(z_pT_Bin_9)_(MultiDim_Q2_y_z_pT_phi_h)[0m (Histo Num 48275)
[91mSkipping: (MultiDim_5D_Histo)_(BC_RC_Bayesian)_(SMEAR=Smear)_(Q2_y_Bin_16)_(z_pT_Bin_10)_(MultiDim_Q2_y_z_pT_phi_h)[0m (Histo Num 48276)
[91mSkipping: (MultiDim_5D_Histo)_(BC_RC_Bayesian)_(SMEAR=Smear)_(Q2_y_Bin_16)_(z_pT_Bin_11)_(MultiDim_Q2_y_z_pT_phi_h)[0m (Histo Num 48277)
[91mSkipping: (MultiDim_5D_Histo)_(BC_RC_Bayesian)_(SMEAR=Smear)_(Q2_y_Bin_16)_(z_pT_Bin_12)_(MultiDim_Q2_y_z_pT_phi_h)[0m (Histo Num 48278)
[91mSkipping: (MultiDim_5D_Histo)_(BC_RC_Bayesian)_(SMEAR=Smear)_(Q2_y_Bin_16)_(z_pT_Bin_13)_(MultiDim_Q2_y_z_pT_phi_h)[0m (Histo Num 48279)
[91mSkipping: (MultiDim_5D_Histo)_(BC_RC_Bayesian)_(SMEAR=Smear)_(Q2_y_Bin_16)_(z_pT_Bin_14)_(MultiDim_Q2_y_z_pT_phi_h)[0m (Histo Num 48280)
[91mSkipping: (MultiDim_5D_Histo)_(BC_RC_Bayesian)_(SMEAR=Smear)_(Q2_y_Bin_16)_(z_pT_Bin_15)_(MultiDim_Q2_y_z_pT_phi_h)[0m (Histo Num 48281)
[91mSkipping: (MultiDim_5D_Histo)_(BC_RC_Bayesian)_(SMEAR=Smear)_(Q2_y_Bin_16)_(z_pT_Bin_16)_(MultiDim_Q2_y_z_pT_phi_h)[0m (Histo Num 48282)
[91mSkipping: (MultiDim_5D_Histo)_(BC_RC_Bayesian)_(SMEAR=Smear)_(Q2_y_Bin_16)_(z_pT_Bin_17)_(MultiDim_Q2_y_z_pT_phi_h)[0m (Histo Num 48283)
[91mSkipping: (MultiDim_5D_Histo)_(BC_RC_Bayesian)_(SMEAR=Smear)_(Q2_y_Bin_16)_(z_pT_Bin_19)_(MultiDim_Q2_y_z_pT_phi_h)[0m (Histo Num 48284)
[91mSkipping: (MultiDim_5D_Histo)_(BC_RC_Bayesian)_(SMEAR=Smear)_(Q2_y_Bin_16)_(z_pT_Bin_20)_(MultiDim_Q2_y_z_pT_phi_h)[0m (Histo Num 48285)
[91mSkipping: (MultiDim_5D_Histo)_(BC_RC_Bayesian)_(SMEAR=Smear)_(Q2_y_Bin_16)_(z_pT_Bin_21)_(MultiDim_Q2_y_z_pT_phi_h)[0m (Histo Num 48286)
[91mSkipping: (MultiDim_5D_Histo)_(BC_RC_Bayesian)_(SMEAR=Smear)_(Q2_y_Bin_16)_(z_pT_Bin_22)_(MultiDim_Q2_y_z_pT_phi_h)[0m (Histo Num 48287)
[91mSkipping: (MultiDim_5D_Histo)_(BC_RC_Bayesian)_(SMEAR=Smear)_(Q2_y_Bin_16)_(z_pT_Bin_25)_(MultiDim_Q2_y_z_pT_phi_h)[0m (Histo Num 48288)
[91mSkipping: (MultiDim_5D_Histo)_(BC_RC_Bayesian)_(SMEAR=Smear)_(Q2_y_Bin_16)_(z_pT_Bin_26)_(MultiDim_Q2_y_z_pT_phi_h)[0m (Histo Num 48289)
[91mSkipping: (MultiDim_5D_Histo)_(BC_RC_Bayesian)_(SMEAR=Smear)_(Q2_y_Bin_16)_(z_pT_Bin_27)_(MultiDim_Q2_y_z_pT_phi_h)[0m (Histo Num 48290)
[91mSkipping: (MultiDim_5D_Histo)_(BC_RC_Bayesian)_(SMEAR=Smear)_(Q2_y_Bin_17)_(z_pT_Bin_1)_(MultiDim_Q2_y_z_pT_phi_h)[0m (Histo Num 48291)
[91mSkipping: (MultiDim_5D_Histo)_(BC_RC_Bayesian)_(SMEAR=Smear)_(Q2_y_Bin_17)_(z_pT_Bin_2)_(MultiDim_Q2_y_z_pT_phi_h)[0m (Histo Num 48292)
[91mSkipping: (MultiDim_5D_Histo)_(BC_RC_Bayesian)_(SMEAR=Smear)_(Q2_y_Bin_17)_(z_pT_Bin_3)_(MultiDim_Q2_y_z_pT_phi_h)[0m (Histo Num 48293)
[91mSkipping: (MultiDim_5D_Histo)_(BC_RC_Bayesian)_(SMEAR=Smear)_(Q2_y_Bin_17)_(z_pT_Bin_4)_(MultiDim_Q2_y_z_pT_phi_h)[0m (Histo Num 48294)
[91mSkipping: (MultiDim_5D_Histo)_(BC_RC_Bayesian)_(SMEAR=Smear)_(Q2_y_Bin_17)_(z_pT_Bin_5)_(MultiDim_Q2_y_z_pT_phi_h)[0m (Histo Num 48295)
[91mSkipping: (MultiDim_5D_Histo)_(BC_RC_Bayesian)_(SMEAR=Smear)_(Q2_y_Bin_17)_(z_pT_Bin_7)_(MultiDim_Q2_y_z_pT_phi_h)[0m (Histo Num 48296)
[91mSkipping: (MultiDim_5D_Histo)_(BC_RC_Bayesian)_(SMEAR=Smear)_(Q2_y_Bin_17)_(z_pT_Bin_8)_(MultiDim_Q2_y_z_pT_phi_h)[0m (Histo Num 48297)
[91mSkipping: (MultiDim_5D_Histo)_(BC_RC_Bayesian)_(SMEAR=Smear)_(Q2_y_Bin_17)_(z_pT_Bin_9)_(MultiDim_Q2_y_z_pT_phi_h)[0m (Histo Num 48298)
[91mSkipping: (MultiDim_5D_Histo)_(BC_RC_Bayesian)_(SMEAR=Smear)_(Q2_y_Bin_17)_(z_pT_Bin_10)_(MultiDim_Q2_y_z_pT_phi_h)[0m (Histo Num 48299)
[91mSkipping: (MultiDim_5D_Histo)_(BC_RC_Bayesian)_(SMEAR=Smear)_(Q2_y_Bin_17)_(z_pT_Bin_11)_(MultiDim_Q2_y_z_pT_phi_h)[0m (Histo Num 48300)
[91mSkipping: (MultiDim_5D_Histo)_(BC_RC_Bayesian)_(SMEAR=Smear)_(Q2_y_Bin_17)_(z_pT_Bin_12)_(MultiDim_Q2_y_z_pT_phi_h)[0m (Histo Num 48301)
[91mSkipping: (MultiDim_5D_Histo)_(BC_RC_Bayesian)_(SMEAR=Smear)_(Q2_y_Bin_17)_(z_pT_Bin_13)_(MultiDim_Q2_y_z_pT_phi_h)[0m (Histo Num 48302)
[91mSkipping: (MultiDim_5D_Histo)_(BC_RC_Bayesian)_(SMEAR=Smear)_(Q2_y_Bin_17)_(z_pT_Bin_14)_(MultiDim_Q2_y_z_pT_phi_h)[0m (Histo Num 48303)
[91mSkipping: (MultiDim_5D_Histo)_(BC_RC_Bayesian)_(SMEAR=Smear)_(Q2_y_Bin_17)_(z_pT_Bin_15)_(MultiDim_Q2_y_z_pT_phi_h)[0m (Histo Num 48304)
[91mSkipping: (MultiDim_5D_Histo)_(BC_RC_Bayesian)_(SMEAR=Smear)_(Q2_y_Bin_17)_(z_pT_Bin_16)_(MultiDim_Q2_y_z_pT_phi_h)[0m (Histo Num 48305)
[91mSkipping: (MultiDim_5D_Histo)_(BC_RC_Bayesian)_(SMEAR=Smear)_(Q2_y_Bin_17)_(z_pT_Bin_17)_(MultiDim_Q2_y_z_pT_phi_h)[0m (Histo Num 48306)
[91mSkipping: (MultiDim_5D_Histo)_(BC_RC_Bayesian)_(SMEAR=Smear)_(Q2_y_Bin_17)_(z_pT_Bin_18)_(MultiDim_Q2_y_z_pT_phi_h)[0m (Histo Num 48307)
[91mSkipping: (MultiDim_5D_Histo)_(BC_RC_Bayesian)_(SMEAR=Smear)_(Q2_y_Bin_17)_(z_pT_Bin_19)_(MultiDim_Q2_y_z_pT_phi_h)[0m (Histo Num 48308)
[91mSkipping: (MultiDim_5D_Histo)_(BC_RC_Bayesian)_(SMEAR=Smear)_(Q2_y_Bin_17)_(z_pT_Bin_20)_(MultiDim_Q2_y_z_pT_phi_h)[0m (Histo Num 48309)
[91mSkipping: (MultiDim_5D_Histo)_(BC_RC_Bayesian)_(SMEAR=Smear)_(Q2_y_Bin_17)_(z_pT_Bin_21)_(MultiDim_Q2_y_z_pT_phi_h)[0m (Histo Num 48310)
[91mSkipping: (MultiDim_5D_Histo)_(BC_RC_Bayesian)_(SMEAR=Smear)_(Q2_y_Bin_17)_(z_pT_Bin_22)_(MultiDim_Q2_y_z_pT_phi_h)[0m (Histo Num 48311)
[91mSkipping: (MultiDim_5D_Histo)_(BC_RC_Bayesian)_(SMEAR=Smear)_(Q2_y_Bin_17)_(z_pT_Bin_23)_(MultiDim_Q2_y_z_pT_phi_h)[0m (Histo Num 48312)
[91mSkipping: (MultiDim_5D_Histo)_(BC_RC_Bayesian)_(SMEAR=Smear)_(Q2_y_Bin_17)_(z_pT_Bin_25)_(MultiDim_Q2_y_z_pT_phi_h)[0m (Histo Num 48313)
[91mSkipping: (MultiDim_5D_Histo)_(BC_RC_Bayesian)_(SMEAR=Smear)_(Q2_y_Bin_17)_(z_pT_Bin_26)_(MultiDim_Q2_y_z_pT_phi_h)[0m (Histo Num 48314)
[91mSkipping: (MultiDim_5D_Histo)_(BC_RC_Bayesian)_(SMEAR=Smear)_(Q2_y_Bin_17)_(z_pT_Bin_27)_(MultiDim_Q2_y_z_pT_phi_h)[0m (Histo Num 48315)
[91mSkipping: (MultiDim_5D_Histo)_(BC_RC_Bayesian)_(SMEAR=Smear)_(Q2_y_Bin_17)_(z_pT_Bin_28)_(MultiDim_Q2_y_z_pT_phi_h)[0m (Histo Num 48316)
Fitting for: [1m(MultiDim_3D_Histo)_(Bayesian)_(SMEAR=Smear)_(Q2_y_Bin_1)_(z_pT_Bin_1)_(MultiDim_z_pT_Bin_Y_bin_phi_t)_(Normalized)[0m (Histo Num 48440)
Fitting for: [1m(MultiDim_3D_Histo)_(RC_Bayesian)_(SMEAR=Smear)_(Q2_y_Bin_1)_(z_pT_Bin_1)_(MultiDim_z_pT_Bin_Y_bin_phi_t)_(Normalized)[0m (Histo Num 48441)
Fitting for: [1m(MultiDim_3D_Histo)_(BC_RC_Bayesian)_(SMEAR=Smear)_(Q2_y_Bin_1)_(z_pT_Bin_1)_(MultiDim_z_pT_Bin_Y_bin_phi_t)_(Normalized)[0m (Histo Num 48442)
Fitting for: [1m(MultiDim_3D_Histo)_(Bayesian)_(SMEAR=Smear)_(Q2_y_Bin_1)_(z_pT_Bin_2)_(MultiDim_z_pT_Bin_Y_bin_phi_t)_(Normalized)[0m (Histo Num 48446)
Fitting for: [1m(MultiDim_3D_Histo)_(RC_Bayesian)_(SMEAR=Smear)_(Q2_y_Bin_1)_(z_pT_Bin_2)_(MultiDim_z_pT_Bin_Y_bin_phi_t)_(Normalized)[0m (Histo Num 48447)
Fitting for: [1m(MultiDim_3D_Histo)_(BC_RC_Bayesian)_(SMEAR=Smear)_(Q2_y_Bin_1)_(z_pT_Bin_2)_(MultiDim_z_pT_Bin_Y_bin_phi_t)_(Normalized)[0m (Histo Num 48448)
Fitting for: [1m(MultiDim_3D_Histo)_(Bayesian)_(SMEAR=Smear)_(Q2_y_Bin_1)_(z_pT_Bin_3)_(MultiDim_z_pT_Bin_Y_bin_phi_t)_(Normalized)[0m (Histo Num 48452)
Fitting for: [1m(MultiDim_3D_Histo)_(RC_Bayesian)_(SMEAR=Smear)_(Q2_y_Bin_1)_(z_pT_Bin_3)_(MultiDim_z_pT_Bin_Y_bin_phi_t)_(Normalized)[0m (Histo Num 48453)
Fitting for: [1m(MultiDim_3D_Histo)_(BC_RC_Bayesian)_(SMEAR=Smear)_(Q2_y_Bin_1)_(z_pT_Bin_3)_(MultiDim_z_pT_Bin_Y_bin_phi_t)_(Normalized)[0m (Histo Num 48454)
Fitting for: [1m(MultiDim_3D_Histo)_(Bayesian)_(SMEAR=Smear)_(Q2_y_Bin_1)_(z_pT_Bin_4)_(MultiDim_z_pT_Bin_Y_bin_phi_t)_(Normalized)[0m (Histo Num 48458)
Fitting for: [1m(MultiDim_3D_Histo)_(RC_Bayesian)_(SMEAR=Smear)_(Q2_y_Bin_1)_(z_pT_Bin_4)_(MultiDim_z_pT_Bin_Y_bin_phi_t)_(Normalized)[0m (Histo Num 48459)
Fitting for: [1m(MultiDim_3D_Histo)_(BC_RC_Bayesian)_(SMEAR=Smear)_(Q2_y_Bin_1)_(z_pT_Bin_4)_(MultiDim_z_pT_Bin_Y_bin_phi_t)_(Normalized)[0m (Histo Num 48460)
Fitting for: [1m(MultiDim_3D_Histo)_(Bayesian)_(SMEAR=Smear)_(Q2_y_Bin_1)_(z_pT_Bin_5)_(MultiDim_z_pT_Bin_Y_bin_phi_t)_(Normalized)[0m (Histo Num 48464)
Fitting for: [1m(MultiDim_3D_Histo)_(RC_Bayesian)_(SMEAR=Smear)_(Q2_y_Bin_1)_(z_pT_Bin_5)_(MultiDim_z_pT_Bin_Y_bin_phi_t)_(Normalized)[0m (Histo Num 48465)
Fitting for: [1m(MultiDim_3D_Histo)_(BC_RC_Bayesian)_(SMEAR=Smear)_(Q2_y_Bin_1)_(z_pT_Bin_5)_(MultiDim_z_pT_Bin_Y_bin_phi_t)_(Normalized)[0m (Histo Num 48466)
Fitting for: [1m(MultiDim_3D_Histo)_(Bayesian)_(SMEAR=Smear)_(Q2_y_Bin_1)_(z_pT_Bin_6)_(MultiDim_z_pT_Bin_Y_bin_phi_t)_(Normalized)[0m (Histo Num 48470)
Fitting for: [1m(MultiDim_3D_Histo)_(RC_Bayesian)_(SMEAR=Smear)_(Q2_y_Bin_1)_(z_pT_Bin_6)_(MultiDim_z_pT_Bin_Y_bin_phi_t)_(Normalized)[0m (Histo Num 48471)
Fitting for: [1m(MultiDim_3D_Histo)_(BC_RC_Bayesian)_(SMEAR=Smear)_(Q2_y_Bin_1)_(z_pT_Bin_6)_(MultiDim_z_pT_Bin_Y_bin_phi_t)_(Normalized)[0m (Histo Num 48472)
Fitting for: [1m(MultiDim_3D_Histo)_(Bayesian)_(SMEAR=Smear)_(Q2_y_Bin_1)_(z_pT_Bin_7)_(MultiDim_z_pT_Bin_Y_bin_phi_t)_(Normalized)[0m (Histo Num 48476)
Fitting for: [1m(MultiDim_3D_Histo)_(RC_Bayesian)_(SMEAR=Smear)_(Q2_y_Bin_1)_(z_pT_Bin_7)_(MultiDim_z_pT_Bin_Y_bin_phi_t)_(Normalized)[0m (Histo Num 48477)
Fitting for: [1m(MultiDim_3D_Histo)_(BC_RC_Bayesian)_(SMEAR=Smear)_(Q2_y_Bin_1)_(z_pT_Bin_7)_(MultiDim_z_pT_Bin_Y_bin_phi_t)_(Normalized)[0m (Histo Num 48478)
Fitting for: [1m(MultiDim_3D_Histo)_(Bayesian)_(SMEAR=Smear)_(Q2_y_Bin_1)_(z_pT_Bin_8)_(MultiDim_z_pT_Bin_Y_bin_phi_t)_(Normalized)[0m (Histo Num 48482)
Fitting for: [1m(MultiDim_3D_Histo)_(RC_Bayesian)_(SMEAR=Smear)_(Q2_y_Bin_1)_(z_pT_Bin_8)_(MultiDim_z_pT_Bin_Y_bin_phi_t)_(Normalized)[0m (Histo Num 48483)
Fitting for: [1m(MultiDim_3D_Histo)_(BC_RC_Bayesian)_(SMEAR=Smear)_(Q2_y_Bin_1)_(z_pT_Bin_8)_(MultiDim_z_pT_Bin_Y_bin_phi_t)_(Normalized)[0m (Histo Num 48484)
Fitting for: [1m(MultiDim_3D_Histo)_(Bayesian)_(SMEAR=Smear)_(Q2_y_Bin_1)_(z_pT_Bin_9)_(MultiDim_z_pT_Bin_Y_bin_phi_t)_(Normalized)[0m (Histo Num 48488)
Fitting for: [1m(MultiDim_3D_Histo)_(RC_Bayesian)_(SMEAR=Smear)_(Q2_y_Bin_1)_(z_pT_Bin_9)_(MultiDim_z_pT_Bin_Y_bin_phi_t)_(Normalized)[0m (Histo Num 48489)
Fitting for: [1m(MultiDim_3D_Histo)_(BC_RC_Bayesian)_(SMEAR=Smear)_(Q2_y_Bin_1)_(z_pT_Bin_9)_(MultiDim_z_pT_Bin_Y_bin_phi_t)_(Normalized)[0m (Histo Num 48490)
Fitting for: [1m(MultiDim_3D_Histo)_(Bayesian)_(SMEAR=Smear)_(Q2_y_Bin_1)_(z_pT_Bin_10)_(MultiDim_z_pT_Bin_Y_bin_phi_t)_(Normalized)[0m (Histo Num 48494)
Fitting for: [1m(MultiDim_3D_Histo)_(RC_Bayesian)_(SMEAR=Smear)_(Q2_y_Bin_1)_(z_pT_Bin_10)_(MultiDim_z_pT_Bin_Y_bin_phi_t)_(Normalized)[0m (Histo Num 48495)
Fitting for: [1m(MultiDim_3D_Histo)_(BC_RC_Bayesian)_(SMEAR=Smear)_(Q2_y_Bin_1)_(z_pT_Bin_10)_(MultiDim_z_pT_Bin_Y_bin_phi_t)_(Normalized)[0m (Histo Num 48496)
Fitting for: [1m(MultiDim_3D_Histo)_(Bayesian)_(SMEAR=Smear)_(Q2_y_Bin_1)_(z_pT_Bin_11)_(MultiDim_z_pT_Bin_Y_bin_phi_t)_(Normalized)[0m (Histo Num 48500)
Fitting for: [1m(MultiDim_3D_Histo)_(RC_Bayesian)_(SMEAR=Smear)_(Q2_y_Bin_1)_(z_pT_Bin_11)_(MultiDim_z_pT_Bin_Y_bin_phi_t)_(Normalized)[0m (Histo Num 48501)
Fitting for: [1m(MultiDim_3D_Histo)_(BC_RC_Bayesian)_(SMEAR=Smear)_(Q2_y_Bin_1)_(z_pT_Bin_11)_(MultiDim_z_pT_Bin_Y_bin_phi_t)_(Normalized)[0m (Histo Num 48502)
Fitting for: [1m(MultiDim_3D_Histo)_(Bayesian)_(SMEAR=Smear)_(Q2_y_Bin_1)_(z_pT_Bin_12)_(MultiDim_z_pT_Bin_Y_bin_phi_t)_(Normalized)[0m (Histo Num 48506)
Fitting for: [1m(MultiDim_3D_Histo)_(RC_Bayesian)_(SMEAR=Smear)_(Q2_y_Bin_1)_(z_pT_Bin_12)_(MultiDim_z_pT_Bin_Y_bin_phi_t)_(Normalized)[0m (Histo Num 48507)
Fitting for: [1m(MultiDim_3D_Histo)_(BC_RC_Bayesian)_(SMEAR=Smear)_(Q2_y_Bin_1)_(z_pT_Bin_12)_(MultiDim_z_pT_Bin_Y_bin_phi_t)_(Normalized)[0m (Histo Num 48508)
Fitting for: [1m(MultiDim_3D_Histo)_(Bayesian)_(SMEAR=Smear)_(Q2_y_Bin_1)_(z_pT_Bin_13)_(MultiDim_z_pT_Bin_Y_bin_phi_t)_(Normalized)[0m (Histo Num 48512)
Fitting for: [1m(MultiDim_3D_Histo)_(RC_Bayesian)_(SMEAR=Smear)_(Q2_y_Bin_1)_(z_pT_Bin_13)_(MultiDim_z_pT_Bin_Y_bin_phi_t)_(Normalized)[0m (Histo Num 48513)
Fitting for: [1m(MultiDim_3D_Histo)_(BC_RC_Bayesian)_(SMEAR=Smear)_(Q2_y_Bin_1)_(z_pT_Bin_13)_(MultiDim_z_pT_Bin_Y_bin_phi_t)_(Normalized)[0m (Histo Num 48514)
Fitting for: [1m(MultiDim_3D_Histo)_(Bayesian)_(SMEAR=Smear)_(Q2_y_Bin_1)_(z_pT_Bin_14)_(MultiDim_z_pT_Bin_Y_bin_phi_t)_(Normalized)[0m (Histo Num 48518)
Fitting for: [1m(MultiDim_3D_Histo)_(RC_Bayesian)_(SMEAR=Smear)_(Q2_y_Bin_1)_(z_pT_Bin_14)_(MultiDim_z_pT_Bin_Y_bin_phi_t)_(Normalized)[0m (Histo Num 48519)
Fitting for: [1m(MultiDim_3D_Histo)_(BC_RC_Bayesian)_(SMEAR=Smear)_(Q2_y_Bin_1)_(z_pT_Bin_14)_(MultiDim_z_pT_Bin_Y_bin_phi_t)_(Normalized)[0m (Histo Num 48520)
Fitting for: [1m(MultiDim_3D_Histo)_(Bayesian)_(SMEAR=Smear)_(Q2_y_Bin_1)_(z_pT_Bin_15)_(MultiDim_z_pT_Bin_Y_bin_phi_t)_(Normalized)[0m (Histo Num 48524)
Fitting for: [1m(MultiDim_3D_Histo)_(RC_Bayesian)_(SMEAR=Smear)_(Q2_y_Bin_1)_(z_pT_Bin_15)_(MultiDim_z_pT_Bin_Y_bin_phi_t)_(Normalized)[0m (Histo Num 48525)
Fitting for: [1m(MultiDim_3D_Histo)_(BC_RC_Bayesian)_(SMEAR=Smear)_(Q2_y_Bin_1)_(z_pT_Bin_15)_(MultiDim_z_pT_Bin_Y_bin_phi_t)_(Normalized)[0m (Histo Num 48526)
Fitting for: [1m(MultiDim_3D_Histo)_(Bayesian)_(SMEAR=Smear)_(Q2_y_Bin_1)_(z_pT_Bin_16)_(MultiDim_z_pT_Bin_Y_bin_phi_t)_(Normalized)[0m (Histo Num 48530)
Fitting for: [1m(MultiDim_3D_Histo)_(RC_Bayesian)_(SMEAR=Smear)_(Q2_y_Bin_1)_(z_pT_Bin_16)_(MultiDim_z_pT_Bin_Y_bin_phi_t)_(Normalized)[0m (Histo Num 48531)
Fitting for: [1m(MultiDim_3D_Histo)_(BC_RC_Bayesian)_(SMEAR=Smear)_(Q2_y_Bin_1)_(z_pT_Bin_16)_(MultiDim_z_pT_Bin_Y_bin_phi_t)_(Normalized)[0m (Histo Num 48532)
Fitting for: [1m(MultiDim_3D_Histo)_(Bayesian)_(SMEAR=Smear)_(Q2_y_Bin_1)_(z_pT_Bin_17)_(MultiDim_z_pT_Bin_Y_bin_phi_t)_(Normalized)[0m (Histo Num 48536)
Fitting for: [1m(MultiDim_3D_Histo)_(RC_Bayesian)_(SMEAR=Smear)_(Q2_y_Bin_1)_(z_pT_Bin_17)_(MultiDim_z_pT_Bin_Y_bin_phi_t)_(Normalized)[0m (Histo Num 48537)
Fitting for: [1m(MultiDim_3D_Histo)_(BC_RC_Bayesian)_(SMEAR=Smear)_(Q2_y_Bin_1)_(z_pT_Bin_17)_(MultiDim_z_pT_Bin_Y_bin_phi_t)_(Normalized)[0m (Histo Num 48538)
Fitting for: [1m(MultiDim_3D_Histo)_(Bayesian)_(SMEAR=Smear)_(Q2_y_Bin_1)_(z_pT_Bin_18)_(MultiDim_z_pT_Bin_Y_bin_phi_t)_(Normalized)[0m (Histo Num 48542)
Fitting for: [1m(MultiDim_3D_Histo)_(RC_Bayesian)_(SMEAR=Smear)_(Q2_y_Bin_1)_(z_pT_Bin_18)_(MultiDim_z_pT_Bin_Y_bin_phi_t)_(Normalized)[0m (Histo Num 48543)
Fitting for: [1m(MultiDim_3D_Histo)_(BC_RC_Bayesian)_(SMEAR=Smear)_(Q2_y_Bin_1)_(z_pT_Bin_18)_(MultiDim_z_pT_Bin_Y_bin_phi_t)_(Normalized)[0m (Histo Num 48544)
Fitting for: [1m(MultiDim_3D_Histo)_(Bayesian)_(SMEAR=Smear)_(Q2_y_Bin_1)_(z_pT_Bin_19)_(MultiDim_z_pT_Bin_Y_bin_phi_t)_(Normalized)[0m (Histo Num 48548)
Fitting for: [1m(MultiDim_3D_Histo)_(RC_Bayesian)_(SMEAR=Smear)_(Q2_y_Bin_1)_(z_pT_Bin_19)_(MultiDim_z_pT_Bin_Y_bin_phi_t)_(Normalized)[0m (Histo Num 48549)
Fitting for: [1m(MultiDim_3D_Histo)_(BC_RC_Bayesian)_(SMEAR=Smear)_(Q2_y_Bin_1)_(z_pT_Bin_19)_(MultiDim_z_pT_Bin_Y_bin_phi_t)_(Normalized)[0m (Histo Num 48550)
Fitting for: [1m(MultiDim_3D_Histo)_(Bayesian)_(SMEAR=Smear)_(Q2_y_Bin_1)_(z_pT_Bin_20)_(MultiDim_z_pT_Bin_Y_bin_phi_t)_(Normalized)[0m (Histo Num 48554)
Fitting for: [1m(MultiDim_3D_Histo)_(RC_Bayesian)_(SMEAR=Smear)_(Q2_y_Bin_1)_(z_pT_Bin_20)_(MultiDim_z_pT_Bin_Y_bin_phi_t)_(Normalized)[0m (Histo Num 48555)
Fitting for: [1m(MultiDim_3D_Histo)_(BC_RC_Bayesian)_(SMEAR=Smear)_(Q2_y_Bin_1)_(z_pT_Bin_20)_(MultiDim_z_pT_Bin_Y_bin_phi_t)_(Normalized)[0m (Histo Num 48556)
Fitting for: [1m(MultiDim_3D_Histo)_(Bayesian)_(SMEAR=Smear)_(Q2_y_Bin_1)_(z_pT_Bin_22)_(MultiDim_z_pT_Bin_Y_bin_phi_t)_(Normalized)[0m (Histo Num 48560)
Fitting for: [1m(MultiDim_3D_Histo)_(RC_Bayesian)_(SMEAR=Smear)_(Q2_y_Bin_1)_(z_pT_Bin_22)_(MultiDim_z_pT_Bin_Y_bin_phi_t)_(Normalized)[0m (Histo Num 48561)
Fitting for: [1m(MultiDim_3D_Histo)_(BC_RC_Bayesian)_(SMEAR=Smear)_(Q2_y_Bin_1)_(z_pT_Bin_22)_(MultiDim_z_pT_Bin_Y_bin_phi_t)_(Normalized)[0m (Histo Num 48562)
Fitting for: [1m(MultiDim_3D_Histo)_(Bayesian)_(SMEAR=Smear)_(Q2_y_Bin_1)_(z_pT_Bin_23)_(MultiDim_z_pT_Bin_Y_bin_phi_t)_(Normalized)[0m (Histo Num 48566)
Fitting for: [1m(MultiDim_3D_Histo)_(RC_Bayesian)_(SMEAR=Smear)_(Q2_y_Bin_1)_(z_pT_Bin_23)_(MultiDim_z_pT_Bin_Y_bin_phi_t)_(Normalized)[0m (Histo Num 48567)
Fitting for: [1m(MultiDim_3D_Histo)_(BC_RC_Bayesian)_(SMEAR=Smear)_(Q2_y_Bin_1)_(z_pT_Bin_23)_(MultiDim_z_pT_Bin_Y_bin_phi_t)_(Normalized)[0m (Histo Num 48568)
Fitting for: [1m(MultiDim_3D_Histo)_(Bayesian)_(SMEAR=Smear)_(Q2_y_Bin_1)_(z_pT_Bin_24)_(MultiDim_z_pT_Bin_Y_bin_phi_t)_(Normalized)[0m (Histo Num 48572)
Fitting for: [1m(MultiDim_3D_Histo)_(RC_Bayesian)_(SMEAR=Smear)_(Q2_y_Bin_1)_(z_pT_Bin_24)_(MultiDim_z_pT_Bin_Y_bin_phi_t)_(Normalized)[0m (Histo Num 48573)
Fitting for: [1m(MultiDim_3D_Histo)_(BC_RC_Bayesian)_(SMEAR=Smear)_(Q2_y_Bin_1)_(z_pT_Bin_24)_(MultiDim_z_pT_Bin_Y_bin_phi_t)_(Normalized)[0m (Histo Num 48574)
Fitting for: [1m(MultiDim_3D_Histo)_(Bayesian)_(SMEAR=Smear)_(Q2_y_Bin_1)_(z_pT_Bin_25)_(MultiDim_z_pT_Bin_Y_bin_phi_t)_(Normalized)[0m (Histo Num 48578)
Fitting for: [1m(MultiDim_3D_Histo)_(RC_Bayesian)_(SMEAR=Smear)_(Q2_y_Bin_1)_(z_pT_Bin_25)_(MultiDim_z_pT_Bin_Y_bin_phi_t)_(Normalized)[0m (Histo Num 48579)
Fitting for: [1m(MultiDim_3D_Histo)_(BC_RC_Bayesian)_(SMEAR=Smear)_(Q2_y_Bin_1)_(z_pT_Bin_25)_(MultiDim_z_pT_Bin_Y_bin_phi_t)_(Normalized)[0m (Histo Num 48580)
Fitting for: [1m(MultiDim_3D_Histo)_(Bayesian)_(SMEAR=Smear)_(Q2_y_Bin_1)_(z_pT_Bin_26)_(MultiDim_z_pT_Bin_Y_bin_phi_t)_(Normalized)[0m (Histo Num 48584)
Fitting for: [1m(MultiDim_3D_Histo)_(RC_Bayesian)_(SMEAR=Smear)_(Q2_y_Bin_1)_(z_pT_Bin_26)_(MultiDim_z_pT_Bin_Y_bin_phi_t)_(Normalized)[0m (Histo Num 48585)
Fitting for: [1m(MultiDim_3D_Histo)_(BC_RC_Bayesian)_(SMEAR=Smear)_(Q2_y_Bin_1)_(z_pT_Bin_26)_(MultiDim_z_pT_Bin_Y_bin_phi_t)_(Normalized)[0m (Histo Num 48586)
Fitting for: [1m(MultiDim_3D_Histo)_(Bayesian)_(SMEAR=Smear)_(Q2_y_Bin_1)_(z_pT_Bin_29)_(MultiDim_z_pT_Bin_Y_bin_phi_t)_(Normalized)[0m (Histo Num 48590)
Fitting for: [1m(MultiDim_3D_Histo)_(RC_Bayesian)_(SMEAR=Smear)_(Q2_y_Bin_1)_(z_pT_Bin_29)_(MultiDim_z_pT_Bin_Y_bin_phi_t)_(Normalized)[0m (Histo Num 48591)
Fitting for: [1m(MultiDim_3D_Histo)_(BC_RC_Bayesian)_(SMEAR=Smear)_(Q2_y_Bin_1)_(z_pT_Bin_29)_(MultiDim_z_pT_Bin_Y_bin_phi_t)_(Normalized)[0m (Histo Num 48592)
Fitting for: [1m(MultiDim_3D_Histo)_(Bayesian)_(SMEAR=Smear)_(Q2_y_Bin_1)_(z_pT_Bin_30)_(MultiDim_z_pT_Bin_Y_bin_phi_t)_(Normalized)[0m (Histo Num 48596)
Fitting for: [1m(MultiDim_3D_Histo)_(RC_Bayesian)_(SMEAR=Smear)_(Q2_y_Bin_1)_(z_pT_Bin_30)_(MultiDim_z_pT_Bin_Y_bin_phi_t)_(Normalized)[0m (Histo Num 48597)
Fitting for: [1m(MultiDim_3D_Histo)_(BC_RC_Bayesian)_(SMEAR=Smear)_(Q2_y_Bin_1)_(z_pT_Bin_30)_(MultiDim_z_pT_Bin_Y_bin_phi_t)_(Normalized)[0m (Histo Num 48598)
Fitting for: [1m(MultiDim_3D_Histo)_(Bayesian)_(SMEAR=Smear)_(Q2_y_Bin_1)_(z_pT_Bin_31)_(MultiDim_z_pT_Bin_Y_bin_phi_t)_(Normalized)[0m (Histo Num 48602)
Fitting for: [1m(MultiDim_3D_Histo)_(RC_Bayesian)_(SMEAR=Smear)_(Q2_y_Bin_1)_(z_pT_Bin_31)_(MultiDim_z_pT_Bin_Y_bin_phi_t)_(Normalized)[0m (Histo Num 48603)
Fitting for: [1m(MultiDim_3D_Histo)_(BC_RC_Bayesian)_(SMEAR=Smear)_(Q2_y_Bin_1)_(z_pT_Bin_31)_(MultiDim_z_pT_Bin_Y_bin_phi_t)_(Normalized)[0m (Histo Num 48604)
Fitting for: [1m(MultiDim_3D_Histo)_(Bayesian)_(SMEAR=Smear)_(Q2_y_Bin_1)_(z_pT_Bin_32)_(MultiDim_z_pT_Bin_Y_bin_phi_t)_(Normalized)[0m (Histo Num 48608)
Fitting for: [1m(MultiDim_3D_Histo)_(RC_Bayesian)_(SMEAR=Smear)_(Q2_y_Bin_1)_(z_pT_Bin_32)_(MultiDim_z_pT_Bin_Y_bin_phi_t)_(Normalized)[0m (Histo Num 48609)
Fitting for: [1m(MultiDim_3D_Histo)_(BC_RC_Bayesian)_(SMEAR=Smear)_(Q2_y_Bin_1)_(z_pT_Bin_32)_(MultiDim_z_pT_Bin_Y_bin_phi_t)_(Normalized)[0m (Histo Num 48610)
Fitting for: [1m(MultiDim_3D_Histo)_(Bayesian)_(SMEAR=Smear)_(Q2_y_Bin_2)_(z_pT_Bin_1)_(MultiDim_z_pT_Bin_Y_bin_phi_t)_(Normalized)[0m (Histo Num 48614)
Fitting for: [1m(MultiDim_3D_Histo)_(RC_Bayesian)_(SMEAR=Smear)_(Q2_y_Bin_2)_(z_pT_Bin_1)_(MultiDim_z_pT_Bin_Y_bin_phi_t)_(Normalized)[0m (Histo Num 48615)
Fitting for: [1m(MultiDim_3D_Histo)_(BC_RC_Bayesian)_(SMEAR=Smear)_(Q2_y_Bin_2)_(z_pT_Bin_1)_(MultiDim_z_pT_Bin_Y_bin_phi_t)_(Normalized)[0m (Histo Num 48616)
Fitting for: [1m(MultiDim_3D_Histo)_(Bayesian)_(SMEAR=Smear)_(Q2_y_Bin_2)_(z_pT_Bin_2)_(MultiDim_z_pT_Bin_Y_bin_phi_t)_(Normalized)[0m (Histo Num 48620)
Fitting for: [1m(MultiDim_3D_Histo)_(RC_Bayesian)_(SMEAR=Smear)_(Q2_y_Bin_2)_(z_pT_Bin_2)_(MultiDim_z_pT_Bin_Y_bin_phi_t)_(Normalized)[0m (Histo Num 48621)
Fitting for: [1m(MultiDim_3D_Histo)_(BC_RC_Bayesian)_(SMEAR=Smear)_(Q2_y_Bin_2)_(z_pT_Bin_2)_(MultiDim_z_pT_Bin_Y_bin_phi_t)_(Normalized)[0m (Histo Num 48622)
Fitting for: [1m(MultiDim_3D_Histo)_(Bayesian)_(SMEAR=Smear)_(Q2_y_Bin_2)_(z_pT_Bin_3)_(MultiDim_z_pT_Bin_Y_bin_phi_t)_(Normalized)[0m (Histo Num 48626)
Fitting for: [1m(MultiDim_3D_Histo)_(RC_Bayesian)_(SMEAR=Smear)_(Q2_y_Bin_2)_(z_pT_Bin_3)_(MultiDim_z_pT_Bin_Y_bin_phi_t)_(Normalized)[0m (Histo Num 48627)
Fitting for: [1m(MultiDim_3D_Histo)_(BC_RC_Bayesian)_(SMEAR=Smear)_(Q2_y_Bin_2)_(z_pT_Bin_3)_(MultiDim_z_pT_Bin_Y_bin_phi_t)_(Normalized)[0m (Histo Num 48628)
Fitting for: [1m(MultiDim_3D_Histo)_(Bayesian)_(SMEAR=Smear)_(Q2_y_Bin_2)_(z_pT_Bin_4)_(MultiDim_z_pT_Bin_Y_bin_phi_t)_(Normalized)[0m (Histo Num 48632)
Fitting for: [1m(MultiDim_3D_Histo)_(RC_Bayesian)_(SMEAR=Smear)_(Q2_y_Bin_2)_(z_pT_Bin_4)_(MultiDim_z_pT_Bin_Y_bin_phi_t)_(Normalized)[0m (Histo Num 48633)
Fitting for: [1m(MultiDim_3D_Histo)_(BC_RC_Bayesian)_(SMEAR=Smear)_(Q2_y_Bin_2)_(z_pT_Bin_4)_(MultiDim_z_pT_Bin_Y_bin_phi_t)_(Normalized)[0m (Histo Num 48634)
Fitting for: [1m(MultiDim_3D_Histo)_(Bayesian)_(SMEAR=Smear)_(Q2_y_Bin_2)_(z_pT_Bin_5)_(MultiDim_z_pT_Bin_Y_bin_phi_t)_(Normalized)[0m (Histo Num 48638)
Fitting for: [1m(MultiDim_3D_Histo)_(RC_Bayesian)_(SMEAR=Smear)_(Q2_y_Bin_2)_(z_pT_Bin_5)_(MultiDim_z_pT_Bin_Y_bin_phi_t)_(Normalized)[0m (Histo Num 48639)
Fitting for: [1m(MultiDim_3D_Histo)_(BC_RC_Bayesian)_(SMEAR=Smear)_(Q2_y_Bin_2)_(z_pT_Bin_5)_(MultiDim_z_pT_Bin_Y_bin_phi_t)_(Normalized)[0m (Histo Num 48640)
Fitting for: [1m(MultiDim_3D_Histo)_(Bayesian)_(SMEAR=Smear)_(Q2_y_Bin_2)_(z_pT_Bin_6)_(MultiDim_z_pT_Bin_Y_bin_phi_t)_(Normalized)[0m (Histo Num 48644)
Fitting for: [1m(MultiDim_3D_Histo)_(RC_Bayesian)_(SMEAR=Smear)_(Q2_y_Bin_2)_(z_pT_Bin_6)_(MultiDim_z_pT_Bin_Y_bin_phi_t)_(Normalized)[0m (Histo Num 48645)
Fitting for: [1m(MultiDim_3D_Histo)_(BC_RC_Bayesian)_(SMEAR=Smear)_(Q2_y_Bin_2)_(z_pT_Bin_6)_(MultiDim_z_pT_Bin_Y_bin_phi_t)_(Normalized)[0m (Histo Num 48646)
Fitting for: [1m(MultiDim_3D_Histo)_(Bayesian)_(SMEAR=Smear)_(Q2_y_Bin_2)_(z_pT_Bin_7)_(MultiDim_z_pT_Bin_Y_bin_phi_t)_(Normalized)[0m (Histo Num 48650)
Fitting for: [1m(MultiDim_3D_Histo)_(RC_Bayesian)_(SMEAR=Smear)_(Q2_y_Bin_2)_(z_pT_Bin_7)_(MultiDim_z_pT_Bin_Y_bin_phi_t)_(Normalized)[0m (Histo Num 48651)
Fitting for: [1m(MultiDim_3D_Histo)_(BC_RC_Bayesian)_(SMEAR=Smear)_(Q2_y_Bin_2)_(z_pT_Bin_7)_(MultiDim_z_pT_Bin_Y_bin_phi_t)_(Normalized)[0m (Histo Num 48652)
Fitting for: [1m(MultiDim_3D_Histo)_(Bayesian)_(SMEAR=Smear)_(Q2_y_Bin_2)_(z_pT_Bin_8)_(MultiDim_z_pT_Bin_Y_bin_phi_t)_(Normalized)[0m (Histo Num 48656)
Fitting for: [1m(MultiDim_3D_Histo)_(RC_Bayesian)_(SMEAR=Smear)_(Q2_y_Bin_2)_(z_pT_Bin_8)_(MultiDim_z_pT_Bin_Y_bin_phi_t)_(Normalized)[0m (Histo Num 48657)
Fitting for: [1m(MultiDim_3D_Histo)_(BC_RC_Bayesian)_(SMEAR=Smear)_(Q2_y_Bin_2)_(z_pT_Bin_8)_(MultiDim_z_pT_Bin_Y_bin_phi_t)_(Normalized)[0m (Histo Num 48658)
Fitting for: [1m(MultiDim_3D_Histo)_(Bayesian)_(SMEAR=Smear)_(Q2_y_Bin_2)_(z_pT_Bin_9)_(MultiDim_z_pT_Bin_Y_bin_phi_t)_(Normalized)[0m (Histo Num 48662)
Fitting for: [1m(MultiDim_3D_Histo)_(RC_Bayesian)_(SMEAR=Smear)_(Q2_y_Bin_2)_(z_pT_Bin_9)_(MultiDim_z_pT_Bin_Y_bin_phi_t)_(Normalized)[0m (Histo Num 48663)
Fitting for: [1m(MultiDim_3D_Histo)_(BC_RC_Bayesian)_(SMEAR=Smear)_(Q2_y_Bin_2)_(z_pT_Bin_9)_(MultiDim_z_pT_Bin_Y_bin_phi_t)_(Normalized)[0m (Histo Num 48664)
Fitting for: [1m(MultiDim_3D_Histo)_(Bayesian)_(SMEAR=Smear)_(Q2_y_Bin_2)_(z_pT_Bin_10)_(MultiDim_z_pT_Bin_Y_bin_phi_t)_(Normalized)[0m (Histo Num 48668)
Fitting for: [1m(MultiDim_3D_Histo)_(RC_Bayesian)_(SMEAR=Smear)_(Q2_y_Bin_2)_(z_pT_Bin_10)_(MultiDim_z_pT_Bin_Y_bin_phi_t)_(Normalized)[0m (Histo Num 48669)
Fitting for: [1m(MultiDim_3D_Histo)_(BC_RC_Bayesian)_(SMEAR=Smear)_(Q2_y_Bin_2)_(z_pT_Bin_10)_(MultiDim_z_pT_Bin_Y_bin_phi_t)_(Normalized)[0m (Histo Num 48670)
Fitting for: [1m(MultiDim_3D_Histo)_(Bayesian)_(SMEAR=Smear)_(Q2_y_Bin_2)_(z_pT_Bin_11)_(MultiDim_z_pT_Bin_Y_bin_phi_t)_(Normalized)[0m (Histo Num 48674)
Fitting for: [1m(MultiDim_3D_Histo)_(RC_Bayesian)_(SMEAR=Smear)_(Q2_y_Bin_2)_(z_pT_Bin_11)_(MultiDim_z_pT_Bin_Y_bin_phi_t)_(Normalized)[0m (Histo Num 48675)
Fitting for: [1m(MultiDim_3D_Histo)_(BC_RC_Bayesian)_(SMEAR=Smear)_(Q2_y_Bin_2)_(z_pT_Bin_11)_(MultiDim_z_pT_Bin_Y_bin_phi_t)_(Normalized)[0m (Histo Num 48676)
Fitting for: [1m(MultiDim_3D_Histo)_(Bayesian)_(SMEAR=Smear)_(Q2_y_Bin_2)_(z_pT_Bin_12)_(MultiDim_z_pT_Bin_Y_bin_phi_t)_(Normalized)[0m (Histo Num 48680)
Fitting for: [1m(MultiDim_3D_Histo)_(RC_Bayesian)_(SMEAR=Smear)_(Q2_y_Bin_2)_(z_pT_Bin_12)_(MultiDim_z_pT_Bin_Y_bin_phi_t)_(Normalized)[0m (Histo Num 48681)
Fitting for: [1m(MultiDim_3D_Histo)_(BC_RC_Bayesian)_(SMEAR=Smear)_(Q2_y_Bin_2)_(z_pT_Bin_12)_(MultiDim_z_pT_Bin_Y_bin_phi_t)_(Normalized)[0m (Histo Num 48682)
Fitting for: [1m(MultiDim_3D_Histo)_(Bayesian)_(SMEAR=Smear)_(Q2_y_Bin_2)_(z_pT_Bin_13)_(MultiDim_z_pT_Bin_Y_bin_phi_t)_(Normalized)[0m (Histo Num 48686)
Fitting for: [1m(MultiDim_3D_Histo)_(RC_Bayesian)_(SMEAR=Smear)_(Q2_y_Bin_2)_(z_pT_Bin_13)_(MultiDim_z_pT_Bin_Y_bin_phi_t)_(Normalized)[0m (Histo Num 48687)
Fitting for: [1m(MultiDim_3D_Histo)_(BC_RC_Bayesian)_(SMEAR=Smear)_(Q2_y_Bin_2)_(z_pT_Bin_13)_(MultiDim_z_pT_Bin_Y_bin_phi_t)_(Normalized)[0m (Histo Num 48688)
Fitting for: [1m(MultiDim_3D_Histo)_(Bayesian)_(SMEAR=Smear)_(Q2_y_Bin_2)_(z_pT_Bin_14)_(MultiDim_z_pT_Bin_Y_bin_phi_t)_(Normalized)[0m (Histo Num 48692)
Fitting for: [1m(MultiDim_3D_Histo)_(RC_Bayesian)_(SMEAR=Smear)_(Q2_y_Bin_2)_(z_pT_Bin_14)_(MultiDim_z_pT_Bin_Y_bin_phi_t)_(Normalized)[0m (Histo Num 48693)
Fitting for: [1m(MultiDim_3D_Histo)_(BC_RC_Bayesian)_(SMEAR=Smear)_(Q2_y_Bin_2)_(z_pT_Bin_14)_(MultiDim_z_pT_Bin_Y_bin_phi_t)_(Normalized)[0m (Histo Num 48694)
Fitting for: [1m(MultiDim_3D_Histo)_(Bayesian)_(SMEAR=Smear)_(Q2_y_Bin_2)_(z_pT_Bin_15)_(MultiDim_z_pT_Bin_Y_bin_phi_t)_(Normalized)[0m (Histo Num 48698)
Fitting for: [1m(MultiDim_3D_Histo)_(RC_Bayesian)_(SMEAR=Smear)_(Q2_y_Bin_2)_(z_pT_Bin_15)_(MultiDim_z_pT_Bin_Y_bin_phi_t)_(Normalized)[0m (Histo Num 48699)
Fitting for: [1m(MultiDim_3D_Histo)_(BC_RC_Bayesian)_(SMEAR=Smear)_(Q2_y_Bin_2)_(z_pT_Bin_15)_(MultiDim_z_pT_Bin_Y_bin_phi_t)_(Normalized)[0m (Histo Num 48700)
Fitting for: [1m(MultiDim_3D_Histo)_(Bayesian)_(SMEAR=Smear)_(Q2_y_Bin_2)_(z_pT_Bin_16)_(MultiDim_z_pT_Bin_Y_bin_phi_t)_(Normalized)[0m (Histo Num 48704)
Fitting for: [1m(MultiDim_3D_Histo)_(RC_Bayesian)_(SMEAR=Smear)_(Q2_y_Bin_2)_(z_pT_Bin_16)_(MultiDim_z_pT_Bin_Y_bin_phi_t)_(Normalized)[0m (Histo Num 48705)
Fitting for: [1m(MultiDim_3D_Histo)_(BC_RC_Bayesian)_(SMEAR=Smear)_(Q2_y_Bin_2)_(z_pT_Bin_16)_(MultiDim_z_pT_Bin_Y_bin_phi_t)_(Normalized)[0m (Histo Num 48706)
Fitting for: [1m(MultiDim_3D_Histo)_(Bayesian)_(SMEAR=Smear)_(Q2_y_Bin_2)_(z_pT_Bin_17)_(MultiDim_z_pT_Bin_Y_bin_phi_t)_(Normalized)[0m (Histo Num 48710)
Fitting for: [1m(MultiDim_3D_Histo)_(RC_Bayesian)_(SMEAR=Smear)_(Q2_y_Bin_2)_(z_pT_Bin_17)_(MultiDim_z_pT_Bin_Y_bin_phi_t)_(Normalized)[0m (Histo Num 48711)
Fitting for: [1m(MultiDim_3D_Histo)_(BC_RC_Bayesian)_(SMEAR=Smear)_(Q2_y_Bin_2)_(z_pT_Bin_17)_(MultiDim_z_pT_Bin_Y_bin_phi_t)_(Normalized)[0m (Histo Num 48712)
Fitting for: [1m(MultiDim_3D_Histo)_(Bayesian)_(SMEAR=Smear)_(Q2_y_Bin_2)_(z_pT_Bin_18)_(MultiDim_z_pT_Bin_Y_bin_phi_t)_(Normalized)[0m (Histo Num 48716)
Fitting for: [1m(MultiDim_3D_Histo)_(RC_Bayesian)_(SMEAR=Smear)_(Q2_y_Bin_2)_(z_pT_Bin_18)_(MultiDim_z_pT_Bin_Y_bin_phi_t)_(Normalized)[0m (Histo Num 48717)
Fitting for: [1m(MultiDim_3D_Histo)_(BC_RC_Bayesian)_(SMEAR=Smear)_(Q2_y_Bin_2)_(z_pT_Bin_18)_(MultiDim_z_pT_Bin_Y_bin_phi_t)_(Normalized)[0m (Histo Num 48718)
Fitting for: [1m(MultiDim_3D_Histo)_(Bayesian)_(SMEAR=Smear)_(Q2_y_Bin_2)_(z_pT_Bin_19)_(MultiDim_z_pT_Bin_Y_bin_phi_t)_(Normalized)[0m (Histo Num 48722)
Fitting for: [1m(MultiDim_3D_Histo)_(RC_Bayesian)_(SMEAR=Smear)_(Q2_y_Bin_2)_(z_pT_Bin_19)_(MultiDim_z_pT_Bin_Y_bin_phi_t)_(Normalized)[0m (Histo Num 48723)
Fitting for: [1m(MultiDim_3D_Histo)_(BC_RC_Bayesian)_(SMEAR=Smear)_(Q2_y_Bin_2)_(z_pT_Bin_19)_(MultiDim_z_pT_Bin_Y_bin_phi_t)_(Normalized)[0m (Histo Num 48724)
Fitting for: [1m(MultiDim_3D_Histo)_(Bayesian)_(SMEAR=Smear)_(Q2_y_Bin_2)_(z_pT_Bin_20)_(MultiDim_z_pT_Bin_Y_bin_phi_t)_(Normalized)[0m (Histo Num 48728)
Fitting for: [1m(MultiDim_3D_Histo)_(RC_Bayesian)_(SMEAR=Smear)_(Q2_y_Bin_2)_(z_pT_Bin_20)_(MultiDim_z_pT_Bin_Y_bin_phi_t)_(Normalized)[0m (Histo Num 48729)
Fitting for: [1m(MultiDim_3D_Histo)_(BC_RC_Bayesian)_(SMEAR=Smear)_(Q2_y_Bin_2)_(z_pT_Bin_20)_(MultiDim_z_pT_Bin_Y_bin_phi_t)_(Normalized)[0m (Histo Num 48730)
Fitting for: [1m(MultiDim_3D_Histo)_(Bayesian)_(SMEAR=Smear)_(Q2_y_Bin_2)_(z_pT_Bin_21)_(MultiDim_z_pT_Bin_Y_bin_phi_t)_(Normalized)[0m (Histo Num 48734)
Fitting for: [1m(MultiDim_3D_Histo)_(RC_Bayesian)_(SMEAR=Smear)_(Q2_y_Bin_2)_(z_pT_Bin_21)_(MultiDim_z_pT_Bin_Y_bin_phi_t)_(Normalized)[0m (Histo Num 48735)
Fitting for: [1m(MultiDim_3D_Histo)_(BC_RC_Bayesian)_(SMEAR=Smear)_(Q2_y_Bin_2)_(z_pT_Bin_21)_(MultiDim_z_pT_Bin_Y_bin_phi_t)_(Normalized)[0m (Histo Num 48736)
Fitting for: [1m(MultiDim_3D_Histo)_(Bayesian)_(SMEAR=Smear)_(Q2_y_Bin_2)_(z_pT_Bin_22)_(MultiDim_z_pT_Bin_Y_bin_phi_t)_(Normalized)[0m (Histo Num 48740)
Fitting for: [1m(MultiDim_3D_Histo)_(RC_Bayesian)_(SMEAR=Smear)_(Q2_y_Bin_2)_(z_pT_Bin_22)_(MultiDim_z_pT_Bin_Y_bin_phi_t)_(Normalized)[0m (Histo Num 48741)
Fitting for: [1m(MultiDim_3D_Histo)_(BC_RC_Bayesian)_(SMEAR=Smear)_(Q2_y_Bin_2)_(z_pT_Bin_22)_(MultiDim_z_pT_Bin_Y_bin_phi_t)_(Normalized)[0m (Histo Num 48742)
Fitting for: [1m(MultiDim_3D_Histo)_(Bayesian)_(SMEAR=Smear)_(Q2_y_Bin_2)_(z_pT_Bin_23)_(MultiDim_z_pT_Bin_Y_bin_phi_t)_(Normalized)[0m (Histo Num 48746)
Fitting for: [1m(MultiDim_3D_Histo)_(RC_Bayesian)_(SMEAR=Smear)_(Q2_y_Bin_2)_(z_pT_Bin_23)_(MultiDim_z_pT_Bin_Y_bin_phi_t)_(Normalized)[0m (Histo Num 48747)
Fitting for: [1m(MultiDim_3D_Histo)_(BC_RC_Bayesian)_(SMEAR=Smear)_(Q2_y_Bin_2)_(z_pT_Bin_23)_(MultiDim_z_pT_Bin_Y_bin_phi_t)_(Normalized)[0m (Histo Num 48748)
Fitting for: [1m(MultiDim_3D_Histo)_(Bayesian)_(SMEAR=Smear)_(Q2_y_Bin_2)_(z_pT_Bin_25)_(MultiDim_z_pT_Bin_Y_bin_phi_t)_(Normalized)[0m (Histo Num 48752)
Fitting for: [1m(MultiDim_3D_Histo)_(RC_Bayesian)_(SMEAR=Smear)_(Q2_y_Bin_2)_(z_pT_Bin_25)_(MultiDim_z_pT_Bin_Y_bin_phi_t)_(Normalized)[0m (Histo Num 48753)
Fitting for: [1m(MultiDim_3D_Histo)_(BC_RC_Bayesian)_(SMEAR=Smear)_(Q2_y_Bin_2)_(z_pT_Bin_25)_(MultiDim_z_pT_Bin_Y_bin_phi_t)_(Normalized)[0m (Histo Num 48754)
Fitting for: [1m(MultiDim_3D_Histo)_(Bayesian)_(SMEAR=Smear)_(Q2_y_Bin_2)_(z_pT_Bin_26)_(MultiDim_z_pT_Bin_Y_bin_phi_t)_(Normalized)[0m (Histo Num 48758)
Fitting for: [1m(MultiDim_3D_Histo)_(RC_Bayesian)_(SMEAR=Smear)_(Q2_y_Bin_2)_(z_pT_Bin_26)_(MultiDim_z_pT_Bin_Y_bin_phi_t)_(Normalized)[0m (Histo Num 48759)
Fitting for: [1m(MultiDim_3D_Histo)_(BC_RC_Bayesian)_(SMEAR=Smear)_(Q2_y_Bin_2)_(z_pT_Bin_26)_(MultiDim_z_pT_Bin_Y_bin_phi_t)_(Normalized)[0m (Histo Num 48760)
Fitting for: [1m(MultiDim_3D_Histo)_(Bayesian)_(SMEAR=Smear)_(Q2_y_Bin_2)_(z_pT_Bin_27)_(MultiDim_z_pT_Bin_Y_bin_phi_t)_(Normalized)[0m (Histo Num 48764)
Fitting for: [1m(MultiDim_3D_Histo)_(RC_Bayesian)_(SMEAR=Smear)_(Q2_y_Bin_2)_(z_pT_Bin_27)_(MultiDim_z_pT_Bin_Y_bin_phi_t)_(Normalized)[0m (Histo Num 48765)
Fitting for: [1m(MultiDim_3D_Histo)_(BC_RC_Bayesian)_(SMEAR=Smear)_(Q2_y_Bin_2)_(z_pT_Bin_27)_(MultiDim_z_pT_Bin_Y_bin_phi_t)_(Normalized)[0m (Histo Num 48766)
Fitting for: [1m(MultiDim_3D_Histo)_(Bayesian)_(SMEAR=Smear)_(Q2_y_Bin_2)_(z_pT_Bin_28)_(MultiDim_z_pT_Bin_Y_bin_phi_t)_(Normalized)[0m (Histo Num 48770)
Fitting for: [1m(MultiDim_3D_Histo)_(RC_Bayesian)_(SMEAR=Smear)_(Q2_y_Bin_2)_(z_pT_Bin_28)_(MultiDim_z_pT_Bin_Y_bin_phi_t)_(Normalized)[0m (Histo Num 48771)
Fitting for: [1m(MultiDim_3D_Histo)_(BC_RC_Bayesian)_(SMEAR=Smear)_(Q2_y_Bin_2)_(z_pT_Bin_28)_(MultiDim_z_pT_Bin_Y_bin_phi_t)_(Normalized)[0m (Histo Num 48772)
Fitting for: [1m(MultiDim_3D_Histo)_(Bayesian)_(SMEAR=Smear)_(Q2_y_Bin_2)_(z_pT_Bin_29)_(MultiDim_z_pT_Bin_Y_bin_phi_t)_(Normalized)[0m (Histo Num 48776)
Fitting for: [1m(MultiDim_3D_Histo)_(RC_Bayesian)_(SMEAR=Smear)_(Q2_y_Bin_2)_(z_pT_Bin_29)_(MultiDim_z_pT_Bin_Y_bin_phi_t)_(Normalized)[0m (Histo Num 48777)
Fitting for: [1m(MultiDim_3D_Histo)_(BC_RC_Bayesian)_(SMEAR=Smear)_(Q2_y_Bin_2)_(z_pT_Bin_29)_(MultiDim_z_pT_Bin_Y_bin_phi_t)_(Normalized)[0m (Histo Num 48778)
Fitting for: [1m(MultiDim_3D_Histo)_(Bayesian)_(SMEAR=Smear)_(Q2_y_Bin_2)_(z_pT_Bin_31)_(MultiDim_z_pT_Bin_Y_bin_phi_t)_(Normalized)[0m (Histo Num 48782)
Fitting for: [1m(MultiDim_3D_Histo)_(RC_Bayesian)_(SMEAR=Smear)_(Q2_y_Bin_2)_(z_pT_Bin_31)_(MultiDim_z_pT_Bin_Y_bin_phi_t)_(Normalized)[0m (Histo Num 48783)
Fitting for: [1m(MultiDim_3D_Histo)_(BC_RC_Bayesian)_(SMEAR=Smear)_(Q2_y_Bin_2)_(z_pT_Bin_31)_(MultiDim_z_pT_Bin_Y_bin_phi_t)_(Normalized)[0m (Histo Num 48784)
Fitting for: [1m(MultiDim_3D_Histo)_(Bayesian)_(SMEAR=Smear)_(Q2_y_Bin_2)_(z_pT_Bin_32)_(MultiDim_z_pT_Bin_Y_bin_phi_t)_(Normalized)[0m (Histo Num 48788)
Fitting for: [1m(MultiDim_3D_Histo)_(RC_Bayesian)_(SMEAR=Smear)_(Q2_y_Bin_2)_(z_pT_Bin_32)_(MultiDim_z_pT_Bin_Y_bin_phi_t)_(Normalized)[0m (Histo Num 48789)
Fitting for: [1m(MultiDim_3D_Histo)_(BC_RC_Bayesian)_(SMEAR=Smear)_(Q2_y_Bin_2)_(z_pT_Bin_32)_(MultiDim_z_pT_Bin_Y_bin_phi_t)_(Normalized)[0m (Histo Num 48790)
Fitting for: [1m(MultiDim_3D_Histo)_(Bayesian)_(SMEAR=Smear)_(Q2_y_Bin_2)_(z_pT_Bin_33)_(MultiDim_z_pT_Bin_Y_bin_phi_t)_(Normalized)[0m (Histo Num 48794)
Fitting for: [1m(MultiDim_3D_Histo)_(RC_Bayesian)_(SMEAR=Smear)_(Q2_y_Bin_2)_(z_pT_Bin_33)_(MultiDim_z_pT_Bin_Y_bin_phi_t)_(Normalized)[0m (Histo Num 48795)
Fitting for: [1m(MultiDim_3D_Histo)_(BC_RC_Bayesian)_(SMEAR=Smear)_(Q2_y_Bin_2)_(z_pT_Bin_33)_(MultiDim_z_pT_Bin_Y_bin_phi_t)_(Normalized)[0m (Histo Num 48796)
Fitting for: [1m(MultiDim_3D_Histo)_(Bayesian)_(SMEAR=Smear)_(Q2_y_Bin_2)_(z_pT_Bin_34)_(MultiDim_z_pT_Bin_Y_bin_phi_t)_(Normalized)[0m (Histo Num 48800)
Fitting for: [1m(MultiDim_3D_Histo)_(RC_Bayesian)_(SMEAR=Smear)_(Q2_y_Bin_2)_(z_pT_Bin_34)_(MultiDim_z_pT_Bin_Y_bin_phi_t)_(Normalized)[0m (Histo Num 48801)
Fitting for: [1m(MultiDim_3D_Histo)_(BC_RC_Bayesian)_(SMEAR=Smear)_(Q2_y_Bin_2)_(z_pT_Bin_34)_(MultiDim_z_pT_Bin_Y_bin_phi_t)_(Normalized)[0m (Histo Num 48802)
Fitting for: [1m(MultiDim_3D_Histo)_(Bayesian)_(SMEAR=Smear)_(Q2_y_Bin_3)_(z_pT_Bin_1)_(MultiDim_z_pT_Bin_Y_bin_phi_t)_(Normalized)[0m (Histo Num 48806)
Fitting for: [1m(MultiDim_3D_Histo)_(RC_Bayesian)_(SMEAR=Smear)_(Q2_y_Bin_3)_(z_pT_Bin_1)_(MultiDim_z_pT_Bin_Y_bin_phi_t)_(Normalized)[0m (Histo Num 48807)
Fitting for: [1m(MultiDim_3D_Histo)_(BC_RC_Bayesian)_(SMEAR=Smear)_(Q2_y_Bin_3)_(z_pT_Bin_1)_(MultiDim_z_pT_Bin_Y_bin_phi_t)_(Normalized)[0m (Histo Num 48808)
Fitting for: [1m(MultiDim_3D_Histo)_(Bayesian)_(SMEAR=Smear)_(Q2_y_Bin_3)_(z_pT_Bin_2)_(MultiDim_z_pT_Bin_Y_bin_phi_t)_(Normalized)[0m (Histo Num 48812)
Fitting for: [1m(MultiDim_3D_Histo)_(RC_Bayesian)_(SMEAR=Smear)_(Q2_y_Bin_3)_(z_pT_Bin_2)_(MultiDim_z_pT_Bin_Y_bin_phi_t)_(Normalized)[0m (Histo Num 48813)
Fitting for: [1m(MultiDim_3D_Histo)_(BC_RC_Bayesian)_(SMEAR=Smear)_(Q2_y_Bin_3)_(z_pT_Bin_2)_(MultiDim_z_pT_Bin_Y_bin_phi_t)_(Normalized)[0m (Histo Num 48814)
Fitting for: [1m(MultiDim_3D_Histo)_(Bayesian)_(SMEAR=Smear)_(Q2_y_Bin_3)_(z_pT_Bin_3)_(MultiDim_z_pT_Bin_Y_bin_phi_t)_(Normalized)[0m (Histo Num 48818)
Fitting for: [1m(MultiDim_3D_Histo)_(RC_Bayesian)_(SMEAR=Smear)_(Q2_y_Bin_3)_(z_pT_Bin_3)_(MultiDim_z_pT_Bin_Y_bin_phi_t)_(Normalized)[0m (Histo Num 48819)
Fitting for: [1m(MultiDim_3D_Histo)_(BC_RC_Bayesian)_(SMEAR=Smear)_(Q2_y_Bin_3)_(z_pT_Bin_3)_(MultiDim_z_pT_Bin_Y_bin_phi_t)_(Normalized)[0m (Histo Num 48820)
Fitting for: [1m(MultiDim_3D_Histo)_(Bayesian)_(SMEAR=Smear)_(Q2_y_Bin_3)_(z_pT_Bin_4)_(MultiDim_z_pT_Bin_Y_bin_phi_t)_(Normalized)[0m (Histo Num 48824)
Fitting for: [1m(MultiDim_3D_Histo)_(RC_Bayesian)_(SMEAR=Smear)_(Q2_y_Bin_3)_(z_pT_Bin_4)_(MultiDim_z_pT_Bin_Y_bin_phi_t)_(Normalized)[0m (Histo Num 48825)
Fitting for: [1m(MultiDim_3D_Histo)_(BC_RC_Bayesian)_(SMEAR=Smear)_(Q2_y_Bin_3)_(z_pT_Bin_4)_(MultiDim_z_pT_Bin_Y_bin_phi_t)_(Normalized)[0m (Histo Num 48826)
Fitting for: [1m(MultiDim_3D_Histo)_(Bayesian)_(SMEAR=Smear)_(Q2_y_Bin_3)_(z_pT_Bin_5)_(MultiDim_z_pT_Bin_Y_bin_phi_t)_(Normalized)[0m (Histo Num 48830)
Fitting for: [1m(MultiDim_3D_Histo)_(RC_Bayesian)_(SMEAR=Smear)_(Q2_y_Bin_3)_(z_pT_Bin_5)_(MultiDim_z_pT_Bin_Y_bin_phi_t)_(Normalized)[0m (Histo Num 48831)
Fitting for: [1m(MultiDim_3D_Histo)_(BC_RC_Bayesian)_(SMEAR=Smear)_(Q2_y_Bin_3)_(z_pT_Bin_5)_(MultiDim_z_pT_Bin_Y_bin_phi_t)_(Normalized)[0m (Histo Num 48832)
Fitting for: [1m(MultiDim_3D_Histo)_(Bayesian)_(SMEAR=Smear)_(Q2_y_Bin_3)_(z_pT_Bin_7)_(MultiDim_z_pT_Bin_Y_bin_phi_t)_(Normalized)[0m (Histo Num 48836)
Fitting for: [1m(MultiDim_3D_Histo)_(RC_Bayesian)_(SMEAR=Smear)_(Q2_y_Bin_3)_(z_pT_Bin_7)_(MultiDim_z_pT_Bin_Y_bin_phi_t)_(Normalized)[0m (Histo Num 48837)
Fitting for: [1m(MultiDim_3D_Histo)_(BC_RC_Bayesian)_(SMEAR=Smear)_(Q2_y_Bin_3)_(z_pT_Bin_7)_(MultiDim_z_pT_Bin_Y_bin_phi_t)_(Normalized)[0m (Histo Num 48838)
Fitting for: [1m(MultiDim_3D_Histo)_(Bayesian)_(SMEAR=Smear)_(Q2_y_Bin_3)_(z_pT_Bin_8)_(MultiDim_z_pT_Bin_Y_bin_phi_t)_(Normalized)[0m (Histo Num 48842)
Fitting for: [1m(MultiDim_3D_Histo)_(RC_Bayesian)_(SMEAR=Smear)_(Q2_y_Bin_3)_(z_pT_Bin_8)_(MultiDim_z_pT_Bin_Y_bin_phi_t)_(Normalized)[0m (Histo Num 48843)
Fitting for: [1m(MultiDim_3D_Histo)_(BC_RC_Bayesian)_(SMEAR=Smear)_(Q2_y_Bin_3)_(z_pT_Bin_8)_(MultiDim_z_pT_Bin_Y_bin_phi_t)_(Normalized)[0m (Histo Num 48844)
Fitting for: [1m(MultiDim_3D_Histo)_(Bayesian)_(SMEAR=Smear)_(Q2_y_Bin_3)_(z_pT_Bin_9)_(MultiDim_z_pT_Bin_Y_bin_phi_t)_(Normalized)[0m (Histo Num 48848)
Fitting for: [1m(MultiDim_3D_Histo)_(RC_Bayesian)_(SMEAR=Smear)_(Q2_y_Bin_3)_(z_pT_Bin_9)_(MultiDim_z_pT_Bin_Y_bin_phi_t)_(Normalized)[0m (Histo Num 48849)
Fitting for: [1m(MultiDim_3D_Histo)_(BC_RC_Bayesian)_(SMEAR=Smear)_(Q2_y_Bin_3)_(z_pT_Bin_9)_(MultiDim_z_pT_Bin_Y_bin_phi_t)_(Normalized)[0m (Histo Num 48850)
Fitting for: [1m(MultiDim_3D_Histo)_(Bayesian)_(SMEAR=Smear)_(Q2_y_Bin_3)_(z_pT_Bin_10)_(MultiDim_z_pT_Bin_Y_bin_phi_t)_(Normalized)[0m (Histo Num 48854)
Fitting for: [1m(MultiDim_3D_Histo)_(RC_Bayesian)_(SMEAR=Smear)_(Q2_y_Bin_3)_(z_pT_Bin_10)_(MultiDim_z_pT_Bin_Y_bin_phi_t)_(Normalized)[0m (Histo Num 48855)
Fitting for: [1m(MultiDim_3D_Histo)_(BC_RC_Bayesian)_(SMEAR=Smear)_(Q2_y_Bin_3)_(z_pT_Bin_10)_(MultiDim_z_pT_Bin_Y_bin_phi_t)_(Normalized)[0m (Histo Num 48856)
Fitting for: [1m(MultiDim_3D_Histo)_(Bayesian)_(SMEAR=Smear)_(Q2_y_Bin_3)_(z_pT_Bin_11)_(MultiDim_z_pT_Bin_Y_bin_phi_t)_(Normalized)[0m (Histo Num 48860)
Fitting for: [1m(MultiDim_3D_Histo)_(RC_Bayesian)_(SMEAR=Smear)_(Q2_y_Bin_3)_(z_pT_Bin_11)_(MultiDim_z_pT_Bin_Y_bin_phi_t)_(Normalized)[0m (Histo Num 48861)
Fitting for: [1m(MultiDim_3D_Histo)_(BC_RC_Bayesian)_(SMEAR=Smear)_(Q2_y_Bin_3)_(z_pT_Bin_11)_(MultiDim_z_pT_Bin_Y_bin_phi_t)_(Normalized)[0m (Histo Num 48862)
Fitting for: [1m(MultiDim_3D_Histo)_(Bayesian)_(SMEAR=Smear)_(Q2_y_Bin_3)_(z_pT_Bin_12)_(MultiDim_z_pT_Bin_Y_bin_phi_t)_(Normalized)[0m (Histo Num 48866)
Fitting for: [1m(MultiDim_3D_Histo)_(RC_Bayesian)_(SMEAR=Smear)_(Q2_y_Bin_3)_(z_pT_Bin_12)_(MultiDim_z_pT_Bin_Y_bin_phi_t)_(Normalized)[0m (Histo Num 48867)
Fitting for: [1m(MultiDim_3D_Histo)_(BC_RC_Bayesian)_(SMEAR=Smear)_(Q2_y_Bin_3)_(z_pT_Bin_12)_(MultiDim_z_pT_Bin_Y_bin_phi_t)_(Normalized)[0m (Histo Num 48868)
Fitting for: [1m(MultiDim_3D_Histo)_(Bayesian)_(SMEAR=Smear)_(Q2_y_Bin_3)_(z_pT_Bin_13)_(MultiDim_z_pT_Bin_Y_bin_phi_t)_(Normalized)[0m (Histo Num 48872)
Fitting for: [1m(MultiDim_3D_Histo)_(RC_Bayesian)_(SMEAR=Smear)_(Q2_y_Bin_3)_(z_pT_Bin_13)_(MultiDim_z_pT_Bin_Y_bin_phi_t)_(Normalized)[0m (Histo Num 48873)
Fitting for: [1m(MultiDim_3D_Histo)_(BC_RC_Bayesian)_(SMEAR=Smear)_(Q2_y_Bin_3)_(z_pT_Bin_13)_(MultiDim_z_pT_Bin_Y_bin_phi_t)_(Normalized)[0m (Histo Num 48874)
Fitting for: [1m(MultiDim_3D_Histo)_(Bayesian)_(SMEAR=Smear)_(Q2_y_Bin_3)_(z_pT_Bin_14)_(MultiDim_z_pT_Bin_Y_bin_phi_t)_(Normalized)[0m (Histo Num 48878)
Fitting for: [1m(MultiDim_3D_Histo)_(RC_Bayesian)_(SMEAR=Smear)_(Q2_y_Bin_3)_(z_pT_Bin_14)_(MultiDim_z_pT_Bin_Y_bin_phi_t)_(Normalized)[0m (Histo Num 48879)
Fitting for: [1m(MultiDim_3D_Histo)_(BC_RC_Bayesian)_(SMEAR=Smear)_(Q2_y_Bin_3)_(z_pT_Bin_14)_(MultiDim_z_pT_Bin_Y_bin_phi_t)_(Normalized)[0m (Histo Num 48880)
Fitting for: [1m(MultiDim_3D_Histo)_(Bayesian)_(SMEAR=Smear)_(Q2_y_Bin_3)_(z_pT_Bin_15)_(MultiDim_z_pT_Bin_Y_bin_phi_t)_(Normalized)[0m (Histo Num 48884)
Fitting for: [1m(MultiDim_3D_Histo)_(RC_Bayesian)_(SMEAR=Smear)_(Q2_y_Bin_3)_(z_pT_Bin_15)_(MultiDim_z_pT_Bin_Y_bin_phi_t)_(Normalized)[0m (Histo Num 48885)
Fitting for: [1m(MultiDim_3D_Histo)_(BC_RC_Bayesian)_(SMEAR=Smear)_(Q2_y_Bin_3)_(z_pT_Bin_15)_(MultiDim_z_pT_Bin_Y_bin_phi_t)_(Normalized)[0m (Histo Num 48886)
Fitting for: [1m(MultiDim_3D_Histo)_(Bayesian)_(SMEAR=Smear)_(Q2_y_Bin_3)_(z_pT_Bin_16)_(MultiDim_z_pT_Bin_Y_bin_phi_t)_(Normalized)[0m (Histo Num 48890)
Fitting for: [1m(MultiDim_3D_Histo)_(RC_Bayesian)_(SMEAR=Smear)_(Q2_y_Bin_3)_(z_pT_Bin_16)_(MultiDim_z_pT_Bin_Y_bin_phi_t)_(Normalized)[0m (Histo Num 48891)
Fitting for: [1m(MultiDim_3D_Histo)_(BC_RC_Bayesian)_(SMEAR=Smear)_(Q2_y_Bin_3)_(z_pT_Bin_16)_(MultiDim_z_pT_Bin_Y_bin_phi_t)_(Normalized)[0m (Histo Num 48892)
Fitting for: [1m(MultiDim_3D_Histo)_(Bayesian)_(SMEAR=Smear)_(Q2_y_Bin_3)_(z_pT_Bin_17)_(MultiDim_z_pT_Bin_Y_bin_phi_t)_(Normalized)[0m (Histo Num 48896)
Fitting for: [1m(MultiDim_3D_Histo)_(RC_Bayesian)_(SMEAR=Smear)_(Q2_y_Bin_3)_(z_pT_Bin_17)_(MultiDim_z_pT_Bin_Y_bin_phi_t)_(Normalized)[0m (Histo Num 48897)
Fitting for: [1m(MultiDim_3D_Histo)_(BC_RC_Bayesian)_(SMEAR=Smear)_(Q2_y_Bin_3)_(z_pT_Bin_17)_(MultiDim_z_pT_Bin_Y_bin_phi_t)_(Normalized)[0m (Histo Num 48898)
Fitting for: [1m(MultiDim_3D_Histo)_(Bayesian)_(SMEAR=Smear)_(Q2_y_Bin_3)_(z_pT_Bin_18)_(MultiDim_z_pT_Bin_Y_bin_phi_t)_(Normalized)[0m (Histo Num 48902)
Fitting for: [1m(MultiDim_3D_Histo)_(RC_Bayesian)_(SMEAR=Smear)_(Q2_y_Bin_3)_(z_pT_Bin_18)_(MultiDim_z_pT_Bin_Y_bin_phi_t)_(Normalized)[0m (Histo Num 48903)
Fitting for: [1m(MultiDim_3D_Histo)_(BC_RC_Bayesian)_(SMEAR=Smear)_(Q2_y_Bin_3)_(z_pT_Bin_18)_(MultiDim_z_pT_Bin_Y_bin_phi_t)_(Normalized)[0m (Histo Num 48904)
Fitting for: [1m(MultiDim_3D_Histo)_(Bayesian)_(SMEAR=Smear)_(Q2_y_Bin_3)_(z_pT_Bin_19)_(MultiDim_z_pT_Bin_Y_bin_phi_t)_(Normalized)[0m (Histo Num 48908)
Fitting for: [1m(MultiDim_3D_Histo)_(RC_Bayesian)_(SMEAR=Smear)_(Q2_y_Bin_3)_(z_pT_Bin_19)_(MultiDim_z_pT_Bin_Y_bin_phi_t)_(Normalized)[0m (Histo Num 48909)
Fitting for: [1m(MultiDim_3D_Histo)_(BC_RC_Bayesian)_(SMEAR=Smear)_(Q2_y_Bin_3)_(z_pT_Bin_19)_(MultiDim_z_pT_Bin_Y_bin_phi_t)_(Normalized)[0m (Histo Num 48910)
Fitting for: [1m(MultiDim_3D_Histo)_(Bayesian)_(SMEAR=Smear)_(Q2_y_Bin_3)_(z_pT_Bin_20)_(MultiDim_z_pT_Bin_Y_bin_phi_t)_(Normalized)[0m (Histo Num 48914)
Fitting for: [1m(MultiDim_3D_Histo)_(RC_Bayesian)_(SMEAR=Smear)_(Q2_y_Bin_3)_(z_pT_Bin_20)_(MultiDim_z_pT_Bin_Y_bin_phi_t)_(Normalized)[0m (Histo Num 48915)
Fitting for: [1m(MultiDim_3D_Histo)_(BC_RC_Bayesian)_(SMEAR=Smear)_(Q2_y_Bin_3)_(z_pT_Bin_20)_(MultiDim_z_pT_Bin_Y_bin_phi_t)_(Normalized)[0m (Histo Num 48916)
Fitting for: [1m(MultiDim_3D_Histo)_(Bayesian)_(SMEAR=Smear)_(Q2_y_Bin_3)_(z_pT_Bin_21)_(MultiDim_z_pT_Bin_Y_bin_phi_t)_(Normalized)[0m (Histo Num 48920)
Fitting for: [1m(MultiDim_3D_Histo)_(RC_Bayesian)_(SMEAR=Smear)_(Q2_y_Bin_3)_(z_pT_Bin_21)_(MultiDim_z_pT_Bin_Y_bin_phi_t)_(Normalized)[0m (Histo Num 48921)
Fitting for: [1m(MultiDim_3D_Histo)_(BC_RC_Bayesian)_(SMEAR=Smear)_(Q2_y_Bin_3)_(z_pT_Bin_21)_(MultiDim_z_pT_Bin_Y_bin_phi_t)_(Normalized)[0m (Histo Num 48922)
Fitting for: [1m(MultiDim_3D_Histo)_(Bayesian)_(SMEAR=Smear)_(Q2_y_Bin_3)_(z_pT_Bin_22)_(MultiDim_z_pT_Bin_Y_bin_phi_t)_(Normalized)[0m (Histo Num 48926)
Fitting for: [1m(MultiDim_3D_Histo)_(RC_Bayesian)_(SMEAR=Smear)_(Q2_y_Bin_3)_(z_pT_Bin_22)_(MultiDim_z_pT_Bin_Y_bin_phi_t)_(Normalized)[0m (Histo Num 48927)
Fitting for: [1m(MultiDim_3D_Histo)_(BC_RC_Bayesian)_(SMEAR=Smear)_(Q2_y_Bin_3)_(z_pT_Bin_22)_(MultiDim_z_pT_Bin_Y_bin_phi_t)_(Normalized)[0m (Histo Num 48928)
Fitting for: [1m(MultiDim_3D_Histo)_(Bayesian)_(SMEAR=Smear)_(Q2_y_Bin_3)_(z_pT_Bin_23)_(MultiDim_z_pT_Bin_Y_bin_phi_t)_(Normalized)[0m (Histo Num 48932)
Fitting for: [1m(MultiDim_3D_Histo)_(RC_Bayesian)_(SMEAR=Smear)_(Q2_y_Bin_3)_(z_pT_Bin_23)_(MultiDim_z_pT_Bin_Y_bin_phi_t)_(Normalized)[0m (Histo Num 48933)
Fitting for: [1m(MultiDim_3D_Histo)_(BC_RC_Bayesian)_(SMEAR=Smear)_(Q2_y_Bin_3)_(z_pT_Bin_23)_(MultiDim_z_pT_Bin_Y_bin_phi_t)_(Normalized)[0m (Histo Num 48934)
Fitting for: [1m(MultiDim_3D_Histo)_(Bayesian)_(SMEAR=Smear)_(Q2_y_Bin_3)_(z_pT_Bin_24)_(MultiDim_z_pT_Bin_Y_bin_phi_t)_(Normalized)[0m (Histo Num 48938)
Fitting for: [1m(MultiDim_3D_Histo)_(RC_Bayesian)_(SMEAR=Smear)_(Q2_y_Bin_3)_(z_pT_Bin_24)_(MultiDim_z_pT_Bin_Y_bin_phi_t)_(Normalized)[0m (Histo Num 48939)
Fitting for: [1m(MultiDim_3D_Histo)_(BC_RC_Bayesian)_(SMEAR=Smear)_(Q2_y_Bin_3)_(z_pT_Bin_24)_(MultiDim_z_pT_Bin_Y_bin_phi_t)_(Normalized)[0m (Histo Num 48940)
Fitting for: [1m(MultiDim_3D_Histo)_(Bayesian)_(SMEAR=Smear)_(Q2_y_Bin_3)_(z_pT_Bin_25)_(MultiDim_z_pT_Bin_Y_bin_phi_t)_(Normalized)[0m (Histo Num 48944)
Fitting for: [1m(MultiDim_3D_Histo)_(RC_Bayesian)_(SMEAR=Smear)_(Q2_y_Bin_3)_(z_pT_Bin_25)_(MultiDim_z_pT_Bin_Y_bin_phi_t)_(Normalized)[0m (Histo Num 48945)
Fitting for: [1m(MultiDim_3D_Histo)_(BC_RC_Bayesian)_(SMEAR=Smear)_(Q2_y_Bin_3)_(z_pT_Bin_25)_(MultiDim_z_pT_Bin_Y_bin_phi_t)_(Normalized)[0m (Histo Num 48946)
Fitting for: [1m(MultiDim_3D_Histo)_(Bayesian)_(SMEAR=Smear)_(Q2_y_Bin_3)_(z_pT_Bin_26)_(MultiDim_z_pT_Bin_Y_bin_phi_t)_(Normalized)[0m (Histo Num 48950)
Fitting for: [1m(MultiDim_3D_Histo)_(RC_Bayesian)_(SMEAR=Smear)_(Q2_y_Bin_3)_(z_pT_Bin_26)_(MultiDim_z_pT_Bin_Y_bin_phi_t)_(Normalized)[0m (Histo Num 48951)
Fitting for: [1m(MultiDim_3D_Histo)_(BC_RC_Bayesian)_(SMEAR=Smear)_(Q2_y_Bin_3)_(z_pT_Bin_26)_(MultiDim_z_pT_Bin_Y_bin_phi_t)_(Normalized)[0m (Histo Num 48952)
Fitting for: [1m(MultiDim_3D_Histo)_(Bayesian)_(SMEAR=Smear)_(Q2_y_Bin_3)_(z_pT_Bin_27)_(MultiDim_z_pT_Bin_Y_bin_phi_t)_(Normalized)[0m (Histo Num 48956)
Fitting for: [1m(MultiDim_3D_Histo)_(RC_Bayesian)_(SMEAR=Smear)_(Q2_y_Bin_3)_(z_pT_Bin_27)_(MultiDim_z_pT_Bin_Y_bin_phi_t)_(Normalized)[0m (Histo Num 48957)
Fitting for: [1m(MultiDim_3D_Histo)_(BC_RC_Bayesian)_(SMEAR=Smear)_(Q2_y_Bin_3)_(z_pT_Bin_27)_(MultiDim_z_pT_Bin_Y_bin_phi_t)_(Normalized)[0m (Histo Num 48958)
Fitting for: [1m(MultiDim_3D_Histo)_(Bayesian)_(SMEAR=Smear)_(Q2_y_Bin_3)_(z_pT_Bin_28)_(MultiDim_z_pT_Bin_Y_bin_phi_t)_(Normalized)[0m (Histo Num 48962)
Fitting for: [1m(MultiDim_3D_Histo)_(RC_Bayesian)_(SMEAR=Smear)_(Q2_y_Bin_3)_(z_pT_Bin_28)_(MultiDim_z_pT_Bin_Y_bin_phi_t)_(Normalized)[0m (Histo Num 48963)
Fitting for: [1m(MultiDim_3D_Histo)_(BC_RC_Bayesian)_(SMEAR=Smear)_(Q2_y_Bin_3)_(z_pT_Bin_28)_(MultiDim_z_pT_Bin_Y_bin_phi_t)_(Normalized)[0m (Histo Num 48964)
Fitting for: [1m(MultiDim_3D_Histo)_(Bayesian)_(SMEAR=Smear)_(Q2_y_Bin_3)_(z_pT_Bin_29)_(MultiDim_z_pT_Bin_Y_bin_phi_t)_(Normalized)[0m (Histo Num 48968)
Fitting for: [1m(MultiDim_3D_Histo)_(RC_Bayesian)_(SMEAR=Smear)_(Q2_y_Bin_3)_(z_pT_Bin_29)_(MultiDim_z_pT_Bin_Y_bin_phi_t)_(Normalized)[0m (Histo Num 48969)
Fitting for: [1m(MultiDim_3D_Histo)_(BC_RC_Bayesian)_(SMEAR=Smear)_(Q2_y_Bin_3)_(z_pT_Bin_29)_(MultiDim_z_pT_Bin_Y_bin_phi_t)_(Normalized)[0m (Histo Num 48970)
Fitting for: [1m(MultiDim_3D_Histo)_(Bayesian)_(SMEAR=Smear)_(Q2_y_Bin_4)_(z_pT_Bin_7)_(MultiDim_z_pT_Bin_Y_bin_phi_t)_(Normalized)[0m (Histo Num 48974)
Fitting for: [1m(MultiDim_3D_Histo)_(RC_Bayesian)_(SMEAR=Smear)_(Q2_y_Bin_4)_(z_pT_Bin_7)_(MultiDim_z_pT_Bin_Y_bin_phi_t)_(Normalized)[0m (Histo Num 48975)
Fitting for: [1m(MultiDim_3D_Histo)_(BC_RC_Bayesian)_(SMEAR=Smear)_(Q2_y_Bin_4)_(z_pT_Bin_7)_(MultiDim_z_pT_Bin_Y_bin_phi_t)_(Normalized)[0m (Histo Num 48976)
Fitting for: [1m(MultiDim_3D_Histo)_(Bayesian)_(SMEAR=Smear)_(Q2_y_Bin_4)_(z_pT_Bin_8)_(MultiDim_z_pT_Bin_Y_bin_phi_t)_(Normalized)[0m (Histo Num 48980)
Fitting for: [1m(MultiDim_3D_Histo)_(RC_Bayesian)_(SMEAR=Smear)_(Q2_y_Bin_4)_(z_pT_Bin_8)_(MultiDim_z_pT_Bin_Y_bin_phi_t)_(Normalized)[0m (Histo Num 48981)
Fitting for: [1m(MultiDim_3D_Histo)_(BC_RC_Bayesian)_(SMEAR=Smear)_(Q2_y_Bin_4)_(z_pT_Bin_8)_(MultiDim_z_pT_Bin_Y_bin_phi_t)_(Normalized)[0m (Histo Num 48982)
Fitting for: [1m(MultiDim_3D_Histo)_(Bayesian)_(SMEAR=Smear)_(Q2_y_Bin_4)_(z_pT_Bin_9)_(MultiDim_z_pT_Bin_Y_bin_phi_t)_(Normalized)[0m (Histo Num 48986)
Fitting for: [1m(MultiDim_3D_Histo)_(RC_Bayesian)_(SMEAR=Smear)_(Q2_y_Bin_4)_(z_pT_Bin_9)_(MultiDim_z_pT_Bin_Y_bin_phi_t)_(Normalized)[0m (Histo Num 48987)
Fitting for: [1m(MultiDim_3D_Histo)_(BC_RC_Bayesian)_(SMEAR=Smear)_(Q2_y_Bin_4)_(z_pT_Bin_9)_(MultiDim_z_pT_Bin_Y_bin_phi_t)_(Normalized)[0m (Histo Num 48988)
Fitting for: [1m(MultiDim_3D_Histo)_(Bayesian)_(SMEAR=Smear)_(Q2_y_Bin_4)_(z_pT_Bin_10)_(MultiDim_z_pT_Bin_Y_bin_phi_t)_(Normalized)[0m (Histo Num 48992)
Fitting for: [1m(MultiDim_3D_Histo)_(RC_Bayesian)_(SMEAR=Smear)_(Q2_y_Bin_4)_(z_pT_Bin_10)_(MultiDim_z_pT_Bin_Y_bin_phi_t)_(Normalized)[0m (Histo Num 48993)
Fitting for: [1m(MultiDim_3D_Histo)_(BC_RC_Bayesian)_(SMEAR=Smear)_(Q2_y_Bin_4)_(z_pT_Bin_10)_(MultiDim_z_pT_Bin_Y_bin_phi_t)_(Normalized)[0m (Histo Num 48994)
Fitting for: [1m(MultiDim_3D_Histo)_(Bayesian)_(SMEAR=Smear)_(Q2_y_Bin_4)_(z_pT_Bin_11)_(MultiDim_z_pT_Bin_Y_bin_phi_t)_(Normalized)[0m (Histo Num 48998)
Fitting for: [1m(MultiDim_3D_Histo)_(RC_Bayesian)_(SMEAR=Smear)_(Q2_y_Bin_4)_(z_pT_Bin_11)_(MultiDim_z_pT_Bin_Y_bin_phi_t)_(Normalized)[0m (Histo Num 48999)
Fitting for: [1m(MultiDim_3D_Histo)_(BC_RC_Bayesian)_(SMEAR=Smear)_(Q2_y_Bin_4)_(z_pT_Bin_11)_(MultiDim_z_pT_Bin_Y_bin_phi_t)_(Normalized)[0m (Histo Num 49000)
Fitting for: [1m(MultiDim_3D_Histo)_(Bayesian)_(SMEAR=Smear)_(Q2_y_Bin_4)_(z_pT_Bin_13)_(MultiDim_z_pT_Bin_Y_bin_phi_t)_(Normalized)[0m (Histo Num 49004)
Fitting for: [1m(MultiDim_3D_Histo)_(RC_Bayesian)_(SMEAR=Smear)_(Q2_y_Bin_4)_(z_pT_Bin_13)_(MultiDim_z_pT_Bin_Y_bin_phi_t)_(Normalized)[0m (Histo Num 49005)
Fitting for: [1m(MultiDim_3D_Histo)_(BC_RC_Bayesian)_(SMEAR=Smear)_(Q2_y_Bin_4)_(z_pT_Bin_13)_(MultiDim_z_pT_Bin_Y_bin_phi_t)_(Normalized)[0m (Histo Num 49006)
Fitting for: [1m(MultiDim_3D_Histo)_(Bayesian)_(SMEAR=Smear)_(Q2_y_Bin_4)_(z_pT_Bin_14)_(MultiDim_z_pT_Bin_Y_bin_phi_t)_(Normalized)[0m (Histo Num 49010)
Fitting for: [1m(MultiDim_3D_Histo)_(RC_Bayesian)_(SMEAR=Smear)_(Q2_y_Bin_4)_(z_pT_Bin_14)_(MultiDim_z_pT_Bin_Y_bin_phi_t)_(Normalized)[0m (Histo Num 49011)
Fitting for: [1m(MultiDim_3D_Histo)_(BC_RC_Bayesian)_(SMEAR=Smear)_(Q2_y_Bin_4)_(z_pT_Bin_14)_(MultiDim_z_pT_Bin_Y_bin_phi_t)_(Normalized)[0m (Histo Num 49012)
Fitting for: [1m(MultiDim_3D_Histo)_(Bayesian)_(SMEAR=Smear)_(Q2_y_Bin_4)_(z_pT_Bin_15)_(MultiDim_z_pT_Bin_Y_bin_phi_t)_(Normalized)[0m (Histo Num 49016)
Fitting for: [1m(MultiDim_3D_Histo)_(RC_Bayesian)_(SMEAR=Smear)_(Q2_y_Bin_4)_(z_pT_Bin_15)_(MultiDim_z_pT_Bin_Y_bin_phi_t)_(Normalized)[0m (Histo Num 49017)
Fitting for: [1m(MultiDim_3D_Histo)_(BC_RC_Bayesian)_(SMEAR=Smear)_(Q2_y_Bin_4)_(z_pT_Bin_15)_(MultiDim_z_pT_Bin_Y_bin_phi_t)_(Normalized)[0m (Histo Num 49018)
Fitting for: [1m(MultiDim_3D_Histo)_(Bayesian)_(SMEAR=Smear)_(Q2_y_Bin_4)_(z_pT_Bin_16)_(MultiDim_z_pT_Bin_Y_bin_phi_t)_(Normalized)[0m (Histo Num 49022)
Fitting for: [1m(MultiDim_3D_Histo)_(RC_Bayesian)_(SMEAR=Smear)_(Q2_y_Bin_4)_(z_pT_Bin_16)_(MultiDim_z_pT_Bin_Y_bin_phi_t)_(Normalized)[0m (Histo Num 49023)
Fitting for: [1m(MultiDim_3D_Histo)_(BC_RC_Bayesian)_(SMEAR=Smear)_(Q2_y_Bin_4)_(z_pT_Bin_16)_(MultiDim_z_pT_Bin_Y_bin_phi_t)_(Normalized)[0m (Histo Num 49024)
Fitting for: [1m(MultiDim_3D_Histo)_(Bayesian)_(SMEAR=Smear)_(Q2_y_Bin_4)_(z_pT_Bin_17)_(MultiDim_z_pT_Bin_Y_bin_phi_t)_(Normalized)[0m (Histo Num 49028)
Fitting for: [1m(MultiDim_3D_Histo)_(RC_Bayesian)_(SMEAR=Smear)_(Q2_y_Bin_4)_(z_pT_Bin_17)_(MultiDim_z_pT_Bin_Y_bin_phi_t)_(Normalized)[0m (Histo Num 49029)
Fitting for: [1m(MultiDim_3D_Histo)_(BC_RC_Bayesian)_(SMEAR=Smear)_(Q2_y_Bin_4)_(z_pT_Bin_17)_(MultiDim_z_pT_Bin_Y_bin_phi_t)_(Normalized)[0m (Histo Num 49030)
Fitting for: [1m(MultiDim_3D_Histo)_(Bayesian)_(SMEAR=Smear)_(Q2_y_Bin_4)_(z_pT_Bin_19)_(MultiDim_z_pT_Bin_Y_bin_phi_t)_(Normalized)[0m (Histo Num 49034)
Fitting for: [1m(MultiDim_3D_Histo)_(RC_Bayesian)_(SMEAR=Smear)_(Q2_y_Bin_4)_(z_pT_Bin_19)_(MultiDim_z_pT_Bin_Y_bin_phi_t)_(Normalized)[0m (Histo Num 49035)
Fitting for: [1m(MultiDim_3D_Histo)_(BC_RC_Bayesian)_(SMEAR=Smear)_(Q2_y_Bin_4)_(z_pT_Bin_19)_(MultiDim_z_pT_Bin_Y_bin_phi_t)_(Normalized)[0m (Histo Num 49036)
Fitting for: [1m(MultiDim_3D_Histo)_(Bayesian)_(SMEAR=Smear)_(Q2_y_Bin_4)_(z_pT_Bin_20)_(MultiDim_z_pT_Bin_Y_bin_phi_t)_(Normalized)[0m (Histo Num 49040)
Fitting for: [1m(MultiDim_3D_Histo)_(RC_Bayesian)_(SMEAR=Smear)_(Q2_y_Bin_4)_(z_pT_Bin_20)_(MultiDim_z_pT_Bin_Y_bin_phi_t)_(Normalized)[0m (Histo Num 49041)
Fitting for: [1m(MultiDim_3D_Histo)_(BC_RC_Bayesian)_(SMEAR=Smear)_(Q2_y_Bin_4)_(z_pT_Bin_20)_(MultiDim_z_pT_Bin_Y_bin_phi_t)_(Normalized)[0m (Histo Num 49042)
Fitting for: [1m(MultiDim_3D_Histo)_(Bayesian)_(SMEAR=Smear)_(Q2_y_Bin_4)_(z_pT_Bin_21)_(MultiDim_z_pT_Bin_Y_bin_phi_t)_(Normalized)[0m (Histo Num 49046)
Fitting for: [1m(MultiDim_3D_Histo)_(RC_Bayesian)_(SMEAR=Smear)_(Q2_y_Bin_4)_(z_pT_Bin_21)_(MultiDim_z_pT_Bin_Y_bin_phi_t)_(Normalized)[0m (Histo Num 49047)
Fitting for: [1m(MultiDim_3D_Histo)_(BC_RC_Bayesian)_(SMEAR=Smear)_(Q2_y_Bin_4)_(z_pT_Bin_21)_(MultiDim_z_pT_Bin_Y_bin_phi_t)_(Normalized)[0m (Histo Num 49048)
Fitting for: [1m(MultiDim_3D_Histo)_(Bayesian)_(SMEAR=Smear)_(Q2_y_Bin_4)_(z_pT_Bin_22)_(MultiDim_z_pT_Bin_Y_bin_phi_t)_(Normalized)[0m (Histo Num 49052)
Fitting for: [1m(MultiDim_3D_Histo)_(RC_Bayesian)_(SMEAR=Smear)_(Q2_y_Bin_4)_(z_pT_Bin_22)_(MultiDim_z_pT_Bin_Y_bin_phi_t)_(Normalized)[0m (Histo Num 49053)
Fitting for: [1m(MultiDim_3D_Histo)_(BC_RC_Bayesian)_(SMEAR=Smear)_(Q2_y_Bin_4)_(z_pT_Bin_22)_(MultiDim_z_pT_Bin_Y_bin_phi_t)_(Normalized)[0m (Histo Num 49054)
Fitting for: [1m(MultiDim_3D_Histo)_(Bayesian)_(SMEAR=Smear)_(Q2_y_Bin_4)_(z_pT_Bin_23)_(MultiDim_z_pT_Bin_Y_bin_phi_t)_(Normalized)[0m (Histo Num 49058)
Fitting for: [1m(MultiDim_3D_Histo)_(RC_Bayesian)_(SMEAR=Smear)_(Q2_y_Bin_4)_(z_pT_Bin_23)_(MultiDim_z_pT_Bin_Y_bin_phi_t)_(Normalized)[0m (Histo Num 49059)
Fitting for: [1m(MultiDim_3D_Histo)_(BC_RC_Bayesian)_(SMEAR=Smear)_(Q2_y_Bin_4)_(z_pT_Bin_23)_(MultiDim_z_pT_Bin_Y_bin_phi_t)_(Normalized)[0m (Histo Num 49060)
Fitting for: [1m(MultiDim_3D_Histo)_(Bayesian)_(SMEAR=Smear)_(Q2_y_Bin_4)_(z_pT_Bin_25)_(MultiDim_z_pT_Bin_Y_bin_phi_t)_(Normalized)[0m (Histo Num 49064)
Fitting for: [1m(MultiDim_3D_Histo)_(RC_Bayesian)_(SMEAR=Smear)_(Q2_y_Bin_4)_(z_pT_Bin_25)_(MultiDim_z_pT_Bin_Y_bin_phi_t)_(Normalized)[0m (Histo Num 49065)
Fitting for: [1m(MultiDim_3D_Histo)_(BC_RC_Bayesian)_(SMEAR=Smear)_(Q2_y_Bin_4)_(z_pT_Bin_25)_(MultiDim_z_pT_Bin_Y_bin_phi_t)_(Normalized)[0m (Histo Num 49066)
Fitting for: [1m(MultiDim_3D_Histo)_(Bayesian)_(SMEAR=Smear)_(Q2_y_Bin_4)_(z_pT_Bin_26)_(MultiDim_z_pT_Bin_Y_bin_phi_t)_(Normalized)[0m (Histo Num 49070)
Fitting for: [1m(MultiDim_3D_Histo)_(RC_Bayesian)_(SMEAR=Smear)_(Q2_y_Bin_4)_(z_pT_Bin_26)_(MultiDim_z_pT_Bin_Y_bin_phi_t)_(Normalized)[0m (Histo Num 49071)
Fitting for: [1m(MultiDim_3D_Histo)_(BC_RC_Bayesian)_(SMEAR=Smear)_(Q2_y_Bin_4)_(z_pT_Bin_26)_(MultiDim_z_pT_Bin_Y_bin_phi_t)_(Normalized)[0m (Histo Num 49072)
Fitting for: [1m(MultiDim_3D_Histo)_(Bayesian)_(SMEAR=Smear)_(Q2_y_Bin_4)_(z_pT_Bin_27)_(MultiDim_z_pT_Bin_Y_bin_phi_t)_(Normalized)[0m (Histo Num 49076)
Fitting for: [1m(MultiDim_3D_Histo)_(RC_Bayesian)_(SMEAR=Smear)_(Q2_y_Bin_4)_(z_pT_Bin_27)_(MultiDim_z_pT_Bin_Y_bin_phi_t)_(Normalized)[0m (Histo Num 49077)
Fitting for: [1m(MultiDim_3D_Histo)_(BC_RC_Bayesian)_(SMEAR=Smear)_(Q2_y_Bin_4)_(z_pT_Bin_27)_(MultiDim_z_pT_Bin_Y_bin_phi_t)_(Normalized)[0m (Histo Num 49078)
Fitting for: [1m(MultiDim_3D_Histo)_(Bayesian)_(SMEAR=Smear)_(Q2_y_Bin_4)_(z_pT_Bin_28)_(MultiDim_z_pT_Bin_Y_bin_phi_t)_(Normalized)[0m (Histo Num 49082)
Fitting for: [1m(MultiDim_3D_Histo)_(RC_Bayesian)_(SMEAR=Smear)_(Q2_y_Bin_4)_(z_pT_Bin_28)_(MultiDim_z_pT_Bin_Y_bin_phi_t)_(Normalized)[0m (Histo Num 49083)
Fitting for: [1m(MultiDim_3D_Histo)_(BC_RC_Bayesian)_(SMEAR=Smear)_(Q2_y_Bin_4)_(z_pT_Bin_28)_(MultiDim_z_pT_Bin_Y_bin_phi_t)_(Normalized)[0m (Histo Num 49084)
Fitting for: [1m(MultiDim_3D_Histo)_(Bayesian)_(SMEAR=Smear)_(Q2_y_Bin_4)_(z_pT_Bin_29)_(MultiDim_z_pT_Bin_Y_bin_phi_t)_(Normalized)[0m (Histo Num 49088)
Fitting for: [1m(MultiDim_3D_Histo)_(RC_Bayesian)_(SMEAR=Smear)_(Q2_y_Bin_4)_(z_pT_Bin_29)_(MultiDim_z_pT_Bin_Y_bin_phi_t)_(Normalized)[0m (Histo Num 49089)
Fitting for: [1m(MultiDim_3D_Histo)_(BC_RC_Bayesian)_(SMEAR=Smear)_(Q2_y_Bin_4)_(z_pT_Bin_29)_(MultiDim_z_pT_Bin_Y_bin_phi_t)_(Normalized)[0m (Histo Num 49090)
Fitting for: [1m(MultiDim_3D_Histo)_(Bayesian)_(SMEAR=Smear)_(Q2_y_Bin_4)_(z_pT_Bin_31)_(MultiDim_z_pT_Bin_Y_bin_phi_t)_(Normalized)[0m (Histo Num 49094)
Fitting for: [1m(MultiDim_3D_Histo)_(RC_Bayesian)_(SMEAR=Smear)_(Q2_y_Bin_4)_(z_pT_Bin_31)_(MultiDim_z_pT_Bin_Y_bin_phi_t)_(Normalized)[0m (Histo Num 49095)
Fitting for: [1m(MultiDim_3D_Histo)_(BC_RC_Bayesian)_(SMEAR=Smear)_(Q2_y_Bin_4)_(z_pT_Bin_31)_(MultiDim_z_pT_Bin_Y_bin_phi_t)_(Normalized)[0m (Histo Num 49096)
Fitting for: [1m(MultiDim_3D_Histo)_(Bayesian)_(SMEAR=Smear)_(Q2_y_Bin_4)_(z_pT_Bin_32)_(MultiDim_z_pT_Bin_Y_bin_phi_t)_(Normalized)[0m (Histo Num 49100)
Fitting for: [1m(MultiDim_3D_Histo)_(RC_Bayesian)_(SMEAR=Smear)_(Q2_y_Bin_4)_(z_pT_Bin_32)_(MultiDim_z_pT_Bin_Y_bin_phi_t)_(Normalized)[0m (Histo Num 49101)
Fitting for: [1m(MultiDim_3D_Histo)_(BC_RC_Bayesian)_(SMEAR=Smear)_(Q2_y_Bin_4)_(z_pT_Bin_32)_(MultiDim_z_pT_Bin_Y_bin_phi_t)_(Normalized)[0m (Histo Num 49102)
Fitting for: [1m(MultiDim_3D_Histo)_(Bayesian)_(SMEAR=Smear)_(Q2_y_Bin_4)_(z_pT_Bin_33)_(MultiDim_z_pT_Bin_Y_bin_phi_t)_(Normalized)[0m (Histo Num 49106)
Fitting for: [1m(MultiDim_3D_Histo)_(RC_Bayesian)_(SMEAR=Smear)_(Q2_y_Bin_4)_(z_pT_Bin_33)_(MultiDim_z_pT_Bin_Y_bin_phi_t)_(Normalized)[0m (Histo Num 49107)
Fitting for: [1m(MultiDim_3D_Histo)_(BC_RC_Bayesian)_(SMEAR=Smear)_(Q2_y_Bin_4)_(z_pT_Bin_33)_(MultiDim_z_pT_Bin_Y_bin_phi_t)_(Normalized)[0m (Histo Num 49108)
Fitting for: [1m(MultiDim_3D_Histo)_(Bayesian)_(SMEAR=Smear)_(Q2_y_Bin_4)_(z_pT_Bin_34)_(MultiDim_z_pT_Bin_Y_bin_phi_t)_(Normalized)[0m (Histo Num 49112)
Fitting for: [1m(MultiDim_3D_Histo)_(RC_Bayesian)_(SMEAR=Smear)_(Q2_y_Bin_4)_(z_pT_Bin_34)_(MultiDim_z_pT_Bin_Y_bin_phi_t)_(Normalized)[0m (Histo Num 49113)
Fitting for: [1m(MultiDim_3D_Histo)_(BC_RC_Bayesian)_(SMEAR=Smear)_(Q2_y_Bin_4)_(z_pT_Bin_34)_(MultiDim_z_pT_Bin_Y_bin_phi_t)_(Normalized)[0m (Histo Num 49114)
Fitting for: [1m(MultiDim_3D_Histo)_(Bayesian)_(SMEAR=Smear)_(Q2_y_Bin_5)_(z_pT_Bin_1)_(MultiDim_z_pT_Bin_Y_bin_phi_t)_(Normalized)[0m (Histo Num 49118)
Fitting for: [1m(MultiDim_3D_Histo)_(RC_Bayesian)_(SMEAR=Smear)_(Q2_y_Bin_5)_(z_pT_Bin_1)_(MultiDim_z_pT_Bin_Y_bin_phi_t)_(Normalized)[0m (Histo Num 49119)
Fitting for: [1m(MultiDim_3D_Histo)_(BC_RC_Bayesian)_(SMEAR=Smear)_(Q2_y_Bin_5)_(z_pT_Bin_1)_(MultiDim_z_pT_Bin_Y_bin_phi_t)_(Normalized)[0m (Histo Num 49120)
Fitting for: [1m(MultiDim_3D_Histo)_(Bayesian)_(SMEAR=Smear)_(Q2_y_Bin_5)_(z_pT_Bin_2)_(MultiDim_z_pT_Bin_Y_bin_phi_t)_(Normalized)[0m (Histo Num 49124)
Fitting for: [1m(MultiDim_3D_Histo)_(RC_Bayesian)_(SMEAR=Smear)_(Q2_y_Bin_5)_(z_pT_Bin_2)_(MultiDim_z_pT_Bin_Y_bin_phi_t)_(Normalized)[0m (Histo Num 49125)
Fitting for: [1m(MultiDim_3D_Histo)_(BC_RC_Bayesian)_(SMEAR=Smear)_(Q2_y_Bin_5)_(z_pT_Bin_2)_(MultiDim_z_pT_Bin_Y_bin_phi_t)_(Normalized)[0m (Histo Num 49126)
Fitting for: [1m(MultiDim_3D_Histo)_(Bayesian)_(SMEAR=Smear)_(Q2_y_Bin_5)_(z_pT_Bin_3)_(MultiDim_z_pT_Bin_Y_bin_phi_t)_(Normalized)[0m (Histo Num 49130)
Fitting for: [1m(MultiDim_3D_Histo)_(RC_Bayesian)_(SMEAR=Smear)_(Q2_y_Bin_5)_(z_pT_Bin_3)_(MultiDim_z_pT_Bin_Y_bin_phi_t)_(Normalized)[0m (Histo Num 49131)
Fitting for: [1m(MultiDim_3D_Histo)_(BC_RC_Bayesian)_(SMEAR=Smear)_(Q2_y_Bin_5)_(z_pT_Bin_3)_(MultiDim_z_pT_Bin_Y_bin_phi_t)_(Normalized)[0m (Histo Num 49132)
Fitting for: [1m(MultiDim_3D_Histo)_(Bayesian)_(SMEAR=Smear)_(Q2_y_Bin_5)_(z_pT_Bin_4)_(MultiDim_z_pT_Bin_Y_bin_phi_t)_(Normalized)[0m (Histo Num 49136)
Fitting for: [1m(MultiDim_3D_Histo)_(RC_Bayesian)_(SMEAR=Smear)_(Q2_y_Bin_5)_(z_pT_Bin_4)_(MultiDim_z_pT_Bin_Y_bin_phi_t)_(Normalized)[0m (Histo Num 49137)
Fitting for: [1m(MultiDim_3D_Histo)_(BC_RC_Bayesian)_(SMEAR=Smear)_(Q2_y_Bin_5)_(z_pT_Bin_4)_(MultiDim_z_pT_Bin_Y_bin_phi_t)_(Normalized)[0m (Histo Num 49138)
Fitting for: [1m(MultiDim_3D_Histo)_(Bayesian)_(SMEAR=Smear)_(Q2_y_Bin_5)_(z_pT_Bin_5)_(MultiDim_z_pT_Bin_Y_bin_phi_t)_(Normalized)[0m (Histo Num 49142)
Fitting for: [1m(MultiDim_3D_Histo)_(RC_Bayesian)_(SMEAR=Smear)_(Q2_y_Bin_5)_(z_pT_Bin_5)_(MultiDim_z_pT_Bin_Y_bin_phi_t)_(Normalized)[0m (Histo Num 49143)
Fitting for: [1m(MultiDim_3D_Histo)_(BC_RC_Bayesian)_(SMEAR=Smear)_(Q2_y_Bin_5)_(z_pT_Bin_5)_(MultiDim_z_pT_Bin_Y_bin_phi_t)_(Normalized)[0m (Histo Num 49144)
Fitting for: [1m(MultiDim_3D_Histo)_(Bayesian)_(SMEAR=Smear)_(Q2_y_Bin_5)_(z_pT_Bin_6)_(MultiDim_z_pT_Bin_Y_bin_phi_t)_(Normalized)[0m (Histo Num 49148)
Fitting for: [1m(MultiDim_3D_Histo)_(RC_Bayesian)_(SMEAR=Smear)_(Q2_y_Bin_5)_(z_pT_Bin_6)_(MultiDim_z_pT_Bin_Y_bin_phi_t)_(Normalized)[0m (Histo Num 49149)
Fitting for: [1m(MultiDim_3D_Histo)_(BC_RC_Bayesian)_(SMEAR=Smear)_(Q2_y_Bin_5)_(z_pT_Bin_6)_(MultiDim_z_pT_Bin_Y_bin_phi_t)_(Normalized)[0m (Histo Num 49150)
Fitting for: [1m(MultiDim_3D_Histo)_(Bayesian)_(SMEAR=Smear)_(Q2_y_Bin_5)_(z_pT_Bin_7)_(MultiDim_z_pT_Bin_Y_bin_phi_t)_(Normalized)[0m (Histo Num 49154)
Fitting for: [1m(MultiDim_3D_Histo)_(RC_Bayesian)_(SMEAR=Smear)_(Q2_y_Bin_5)_(z_pT_Bin_7)_(MultiDim_z_pT_Bin_Y_bin_phi_t)_(Normalized)[0m (Histo Num 49155)
Fitting for: [1m(MultiDim_3D_Histo)_(BC_RC_Bayesian)_(SMEAR=Smear)_(Q2_y_Bin_5)_(z_pT_Bin_7)_(MultiDim_z_pT_Bin_Y_bin_phi_t)_(Normalized)[0m (Histo Num 49156)
Fitting for: [1m(MultiDim_3D_Histo)_(Bayesian)_(SMEAR=Smear)_(Q2_y_Bin_5)_(z_pT_Bin_8)_(MultiDim_z_pT_Bin_Y_bin_phi_t)_(Normalized)[0m (Histo Num 49160)
Fitting for: [1m(MultiDim_3D_Histo)_(RC_Bayesian)_(SMEAR=Smear)_(Q2_y_Bin_5)_(z_pT_Bin_8)_(MultiDim_z_pT_Bin_Y_bin_phi_t)_(Normalized)[0m (Histo Num 49161)
Fitting for: [1m(MultiDim_3D_Histo)_(BC_RC_Bayesian)_(SMEAR=Smear)_(Q2_y_Bin_5)_(z_pT_Bin_8)_(MultiDim_z_pT_Bin_Y_bin_phi_t)_(Normalized)[0m (Histo Num 49162)
Fitting for: [1m(MultiDim_3D_Histo)_(Bayesian)_(SMEAR=Smear)_(Q2_y_Bin_5)_(z_pT_Bin_9)_(MultiDim_z_pT_Bin_Y_bin_phi_t)_(Normalized)[0m (Histo Num 49166)
Fitting for: [1m(MultiDim_3D_Histo)_(RC_Bayesian)_(SMEAR=Smear)_(Q2_y_Bin_5)_(z_pT_Bin_9)_(MultiDim_z_pT_Bin_Y_bin_phi_t)_(Normalized)[0m (Histo Num 49167)
Fitting for: [1m(MultiDim_3D_Histo)_(BC_RC_Bayesian)_(SMEAR=Smear)_(Q2_y_Bin_5)_(z_pT_Bin_9)_(MultiDim_z_pT_Bin_Y_bin_phi_t)_(Normalized)[0m (Histo Num 49168)
Fitting for: [1m(MultiDim_3D_Histo)_(Bayesian)_(SMEAR=Smear)_(Q2_y_Bin_5)_(z_pT_Bin_10)_(MultiDim_z_pT_Bin_Y_bin_phi_t)_(Normalized)[0m (Histo Num 49172)
Fitting for: [1m(MultiDim_3D_Histo)_(RC_Bayesian)_(SMEAR=Smear)_(Q2_y_Bin_5)_(z_pT_Bin_10)_(MultiDim_z_pT_Bin_Y_bin_phi_t)_(Normalized)[0m (Histo Num 49173)
Fitting for: [1m(MultiDim_3D_Histo)_(BC_RC_Bayesian)_(SMEAR=Smear)_(Q2_y_Bin_5)_(z_pT_Bin_10)_(MultiDim_z_pT_Bin_Y_bin_phi_t)_(Normalized)[0m (Histo Num 49174)
Fitting for: [1m(MultiDim_3D_Histo)_(Bayesian)_(SMEAR=Smear)_(Q2_y_Bin_5)_(z_pT_Bin_11)_(MultiDim_z_pT_Bin_Y_bin_phi_t)_(Normalized)[0m (Histo Num 49178)
Fitting for: [1m(MultiDim_3D_Histo)_(RC_Bayesian)_(SMEAR=Smear)_(Q2_y_Bin_5)_(z_pT_Bin_11)_(MultiDim_z_pT_Bin_Y_bin_phi_t)_(Normalized)[0m (Histo Num 49179)
Fitting for: [1m(MultiDim_3D_Histo)_(BC_RC_Bayesian)_(SMEAR=Smear)_(Q2_y_Bin_5)_(z_pT_Bin_11)_(MultiDim_z_pT_Bin_Y_bin_phi_t)_(Normalized)[0m (Histo Num 49180)
Fitting for: [1m(MultiDim_3D_Histo)_(Bayesian)_(SMEAR=Smear)_(Q2_y_Bin_5)_(z_pT_Bin_12)_(MultiDim_z_pT_Bin_Y_bin_phi_t)_(Normalized)[0m (Histo Num 49184)
Fitting for: [1m(MultiDim_3D_Histo)_(RC_Bayesian)_(SMEAR=Smear)_(Q2_y_Bin_5)_(z_pT_Bin_12)_(MultiDim_z_pT_Bin_Y_bin_phi_t)_(Normalized)[0m (Histo Num 49185)
Fitting for: [1m(MultiDim_3D_Histo)_(BC_RC_Bayesian)_(SMEAR=Smear)_(Q2_y_Bin_5)_(z_pT_Bin_12)_(MultiDim_z_pT_Bin_Y_bin_phi_t)_(Normalized)[0m (Histo Num 49186)
Fitting for: [1m(MultiDim_3D_Histo)_(Bayesian)_(SMEAR=Smear)_(Q2_y_Bin_5)_(z_pT_Bin_13)_(MultiDim_z_pT_Bin_Y_bin_phi_t)_(Normalized)[0m (Histo Num 49190)
Fitting for: [1m(MultiDim_3D_Histo)_(RC_Bayesian)_(SMEAR=Smear)_(Q2_y_Bin_5)_(z_pT_Bin_13)_(MultiDim_z_pT_Bin_Y_bin_phi_t)_(Normalized)[0m (Histo Num 49191)
Fitting for: [1m(MultiDim_3D_Histo)_(BC_RC_Bayesian)_(SMEAR=Smear)_(Q2_y_Bin_5)_(z_pT_Bin_13)_(MultiDim_z_pT_Bin_Y_bin_phi_t)_(Normalized)[0m (Histo Num 49192)
Fitting for: [1m(MultiDim_3D_Histo)_(Bayesian)_(SMEAR=Smear)_(Q2_y_Bin_5)_(z_pT_Bin_14)_(MultiDim_z_pT_Bin_Y_bin_phi_t)_(Normalized)[0m (Histo Num 49196)
Fitting for: [1m(MultiDim_3D_Histo)_(RC_Bayesian)_(SMEAR=Smear)_(Q2_y_Bin_5)_(z_pT_Bin_14)_(MultiDim_z_pT_Bin_Y_bin_phi_t)_(Normalized)[0m (Histo Num 49197)
Fitting for: [1m(MultiDim_3D_Histo)_(BC_RC_Bayesian)_(SMEAR=Smear)_(Q2_y_Bin_5)_(z_pT_Bin_14)_(MultiDim_z_pT_Bin_Y_bin_phi_t)_(Normalized)[0m (Histo Num 49198)
Fitting for: [1m(MultiDim_3D_Histo)_(Bayesian)_(SMEAR=Smear)_(Q2_y_Bin_5)_(z_pT_Bin_15)_(MultiDim_z_pT_Bin_Y_bin_phi_t)_(Normalized)[0m (Histo Num 49202)
Fitting for: [1m(MultiDim_3D_Histo)_(RC_Bayesian)_(SMEAR=Smear)_(Q2_y_Bin_5)_(z_pT_Bin_15)_(MultiDim_z_pT_Bin_Y_bin_phi_t)_(Normalized)[0m (Histo Num 49203)
Fitting for: [1m(MultiDim_3D_Histo)_(BC_RC_Bayesian)_(SMEAR=Smear)_(Q2_y_Bin_5)_(z_pT_Bin_15)_(MultiDim_z_pT_Bin_Y_bin_phi_t)_(Normalized)[0m (Histo Num 49204)
Fitting for: [1m(MultiDim_3D_Histo)_(Bayesian)_(SMEAR=Smear)_(Q2_y_Bin_5)_(z_pT_Bin_16)_(MultiDim_z_pT_Bin_Y_bin_phi_t)_(Normalized)[0m (Histo Num 49208)
Fitting for: [1m(MultiDim_3D_Histo)_(RC_Bayesian)_(SMEAR=Smear)_(Q2_y_Bin_5)_(z_pT_Bin_16)_(MultiDim_z_pT_Bin_Y_bin_phi_t)_(Normalized)[0m (Histo Num 49209)
Fitting for: [1m(MultiDim_3D_Histo)_(BC_RC_Bayesian)_(SMEAR=Smear)_(Q2_y_Bin_5)_(z_pT_Bin_16)_(MultiDim_z_pT_Bin_Y_bin_phi_t)_(Normalized)[0m (Histo Num 49210)
Fitting for: [1m(MultiDim_3D_Histo)_(Bayesian)_(SMEAR=Smear)_(Q2_y_Bin_5)_(z_pT_Bin_17)_(MultiDim_z_pT_Bin_Y_bin_phi_t)_(Normalized)[0m (Histo Num 49214)
Fitting for: [1m(MultiDim_3D_Histo)_(RC_Bayesian)_(SMEAR=Smear)_(Q2_y_Bin_5)_(z_pT_Bin_17)_(MultiDim_z_pT_Bin_Y_bin_phi_t)_(Normalized)[0m (Histo Num 49215)
Fitting for: [1m(MultiDim_3D_Histo)_(BC_RC_Bayesian)_(SMEAR=Smear)_(Q2_y_Bin_5)_(z_pT_Bin_17)_(MultiDim_z_pT_Bin_Y_bin_phi_t)_(Normalized)[0m (Histo Num 49216)
Fitting for: [1m(MultiDim_3D_Histo)_(Bayesian)_(SMEAR=Smear)_(Q2_y_Bin_5)_(z_pT_Bin_18)_(MultiDim_z_pT_Bin_Y_bin_phi_t)_(Normalized)[0m (Histo Num 49220)
Fitting for: [1m(MultiDim_3D_Histo)_(RC_Bayesian)_(SMEAR=Smear)_(Q2_y_Bin_5)_(z_pT_Bin_18)_(MultiDim_z_pT_Bin_Y_bin_phi_t)_(Normalized)[0m (Histo Num 49221)
Fitting for: [1m(MultiDim_3D_Histo)_(BC_RC_Bayesian)_(SMEAR=Smear)_(Q2_y_Bin_5)_(z_pT_Bin_18)_(MultiDim_z_pT_Bin_Y_bin_phi_t)_(Normalized)[0m (Histo Num 49222)
Fitting for: [1m(MultiDim_3D_Histo)_(Bayesian)_(SMEAR=Smear)_(Q2_y_Bin_5)_(z_pT_Bin_19)_(MultiDim_z_pT_Bin_Y_bin_phi_t)_(Normalized)[0m (Histo Num 49226)
Fitting for: [1m(MultiDim_3D_Histo)_(RC_Bayesian)_(SMEAR=Smear)_(Q2_y_Bin_5)_(z_pT_Bin_19)_(MultiDim_z_pT_Bin_Y_bin_phi_t)_(Normalized)[0m (Histo Num 49227)
Fitting for: [1m(MultiDim_3D_Histo)_(BC_RC_Bayesian)_(SMEAR=Smear)_(Q2_y_Bin_5)_(z_pT_Bin_19)_(MultiDim_z_pT_Bin_Y_bin_phi_t)_(Normalized)[0m (Histo Num 49228)
Fitting for: [1m(MultiDim_3D_Histo)_(Bayesian)_(SMEAR=Smear)_(Q2_y_Bin_5)_(z_pT_Bin_20)_(MultiDim_z_pT_Bin_Y_bin_phi_t)_(Normalized)[0m (Histo Num 49232)
Fitting for: [1m(MultiDim_3D_Histo)_(RC_Bayesian)_(SMEAR=Smear)_(Q2_y_Bin_5)_(z_pT_Bin_20)_(MultiDim_z_pT_Bin_Y_bin_phi_t)_(Normalized)[0m (Histo Num 49233)
Fitting for: [1m(MultiDim_3D_Histo)_(BC_RC_Bayesian)_(SMEAR=Smear)_(Q2_y_Bin_5)_(z_pT_Bin_20)_(MultiDim_z_pT_Bin_Y_bin_phi_t)_(Normalized)[0m (Histo Num 49234)
Fitting for: [1m(MultiDim_3D_Histo)_(Bayesian)_(SMEAR=Smear)_(Q2_y_Bin_5)_(z_pT_Bin_21)_(MultiDim_z_pT_Bin_Y_bin_phi_t)_(Normalized)[0m (Histo Num 49238)
Fitting for: [1m(MultiDim_3D_Histo)_(RC_Bayesian)_(SMEAR=Smear)_(Q2_y_Bin_5)_(z_pT_Bin_21)_(MultiDim_z_pT_Bin_Y_bin_phi_t)_(Normalized)[0m (Histo Num 49239)
Fitting for: [1m(MultiDim_3D_Histo)_(BC_RC_Bayesian)_(SMEAR=Smear)_(Q2_y_Bin_5)_(z_pT_Bin_21)_(MultiDim_z_pT_Bin_Y_bin_phi_t)_(Normalized)[0m (Histo Num 49240)
Fitting for: [1m(MultiDim_3D_Histo)_(Bayesian)_(SMEAR=Smear)_(Q2_y_Bin_5)_(z_pT_Bin_22)_(MultiDim_z_pT_Bin_Y_bin_phi_t)_(Normalized)[0m (Histo Num 49244)
Fitting for: [1m(MultiDim_3D_Histo)_(RC_Bayesian)_(SMEAR=Smear)_(Q2_y_Bin_5)_(z_pT_Bin_22)_(MultiDim_z_pT_Bin_Y_bin_phi_t)_(Normalized)[0m (Histo Num 49245)
Fitting for: [1m(MultiDim_3D_Histo)_(BC_RC_Bayesian)_(SMEAR=Smear)_(Q2_y_Bin_5)_(z_pT_Bin_22)_(MultiDim_z_pT_Bin_Y_bin_phi_t)_(Normalized)[0m (Histo Num 49246)
Fitting for: [1m(MultiDim_3D_Histo)_(Bayesian)_(SMEAR=Smear)_(Q2_y_Bin_5)_(z_pT_Bin_23)_(MultiDim_z_pT_Bin_Y_bin_phi_t)_(Normalized)[0m (Histo Num 49250)
Fitting for: [1m(MultiDim_3D_Histo)_(RC_Bayesian)_(SMEAR=Smear)_(Q2_y_Bin_5)_(z_pT_Bin_23)_(MultiDim_z_pT_Bin_Y_bin_phi_t)_(Normalized)[0m (Histo Num 49251)
Fitting for: [1m(MultiDim_3D_Histo)_(BC_RC_Bayesian)_(SMEAR=Smear)_(Q2_y_Bin_5)_(z_pT_Bin_23)_(MultiDim_z_pT_Bin_Y_bin_phi_t)_(Normalized)[0m (Histo Num 49252)
Fitting for: [1m(MultiDim_3D_Histo)_(Bayesian)_(SMEAR=Smear)_(Q2_y_Bin_5)_(z_pT_Bin_25)_(MultiDim_z_pT_Bin_Y_bin_phi_t)_(Normalized)[0m (Histo Num 49256)
Fitting for: [1m(MultiDim_3D_Histo)_(RC_Bayesian)_(SMEAR=Smear)_(Q2_y_Bin_5)_(z_pT_Bin_25)_(MultiDim_z_pT_Bin_Y_bin_phi_t)_(Normalized)[0m (Histo Num 49257)
Fitting for: [1m(MultiDim_3D_Histo)_(BC_RC_Bayesian)_(SMEAR=Smear)_(Q2_y_Bin_5)_(z_pT_Bin_25)_(MultiDim_z_pT_Bin_Y_bin_phi_t)_(Normalized)[0m (Histo Num 49258)
Fitting for: [1m(MultiDim_3D_Histo)_(Bayesian)_(SMEAR=Smear)_(Q2_y_Bin_5)_(z_pT_Bin_26)_(MultiDim_z_pT_Bin_Y_bin_phi_t)_(Normalized)[0m (Histo Num 49262)
Fitting for: [1m(MultiDim_3D_Histo)_(RC_Bayesian)_(SMEAR=Smear)_(Q2_y_Bin_5)_(z_pT_Bin_26)_(MultiDim_z_pT_Bin_Y_bin_phi_t)_(Normalized)[0m (Histo Num 49263)
Fitting for: [1m(MultiDim_3D_Histo)_(BC_RC_Bayesian)_(SMEAR=Smear)_(Q2_y_Bin_5)_(z_pT_Bin_26)_(MultiDim_z_pT_Bin_Y_bin_phi_t)_(Normalized)[0m (Histo Num 49264)
Fitting for: [1m(MultiDim_3D_Histo)_(Bayesian)_(SMEAR=Smear)_(Q2_y_Bin_5)_(z_pT_Bin_27)_(MultiDim_z_pT_Bin_Y_bin_phi_t)_(Normalized)[0m (Histo Num 49268)
Fitting for: [1m(MultiDim_3D_Histo)_(RC_Bayesian)_(SMEAR=Smear)_(Q2_y_Bin_5)_(z_pT_Bin_27)_(MultiDim_z_pT_Bin_Y_bin_phi_t)_(Normalized)[0m (Histo Num 49269)
Fitting for: [1m(MultiDim_3D_Histo)_(BC_RC_Bayesian)_(SMEAR=Smear)_(Q2_y_Bin_5)_(z_pT_Bin_27)_(MultiDim_z_pT_Bin_Y_bin_phi_t)_(Normalized)[0m (Histo Num 49270)
Fitting for: [1m(MultiDim_3D_Histo)_(Bayesian)_(SMEAR=Smear)_(Q2_y_Bin_5)_(z_pT_Bin_28)_(MultiDim_z_pT_Bin_Y_bin_phi_t)_(Normalized)[0m (Histo Num 49274)
Fitting for: [1m(MultiDim_3D_Histo)_(RC_Bayesian)_(SMEAR=Smear)_(Q2_y_Bin_5)_(z_pT_Bin_28)_(MultiDim_z_pT_Bin_Y_bin_phi_t)_(Normalized)[0m (Histo Num 49275)
Fitting for: [1m(MultiDim_3D_Histo)_(BC_RC_Bayesian)_(SMEAR=Smear)_(Q2_y_Bin_5)_(z_pT_Bin_28)_(MultiDim_z_pT_Bin_Y_bin_phi_t)_(Normalized)[0m (Histo Num 49276)
Fitting for: [1m(MultiDim_3D_Histo)_(Bayesian)_(SMEAR=Smear)_(Q2_y_Bin_5)_(z_pT_Bin_29)_(MultiDim_z_pT_Bin_Y_bin_phi_t)_(Normalized)[0m (Histo Num 49280)
Fitting for: [1m(MultiDim_3D_Histo)_(RC_Bayesian)_(SMEAR=Smear)_(Q2_y_Bin_5)_(z_pT_Bin_29)_(MultiDim_z_pT_Bin_Y_bin_phi_t)_(Normalized)[0m (Histo Num 49281)
Fitting for: [1m(MultiDim_3D_Histo)_(BC_RC_Bayesian)_(SMEAR=Smear)_(Q2_y_Bin_5)_(z_pT_Bin_29)_(MultiDim_z_pT_Bin_Y_bin_phi_t)_(Normalized)[0m (Histo Num 49282)
Fitting for: [1m(MultiDim_3D_Histo)_(Bayesian)_(SMEAR=Smear)_(Q2_y_Bin_5)_(z_pT_Bin_31)_(MultiDim_z_pT_Bin_Y_bin_phi_t)_(Normalized)[0m (Histo Num 49286)
Fitting for: [1m(MultiDim_3D_Histo)_(RC_Bayesian)_(SMEAR=Smear)_(Q2_y_Bin_5)_(z_pT_Bin_31)_(MultiDim_z_pT_Bin_Y_bin_phi_t)_(Normalized)[0m (Histo Num 49287)
Fitting for: [1m(MultiDim_3D_Histo)_(BC_RC_Bayesian)_(SMEAR=Smear)_(Q2_y_Bin_5)_(z_pT_Bin_31)_(MultiDim_z_pT_Bin_Y_bin_phi_t)_(Normalized)[0m (Histo Num 49288)
Fitting for: [1m(MultiDim_3D_Histo)_(Bayesian)_(SMEAR=Smear)_(Q2_y_Bin_5)_(z_pT_Bin_32)_(MultiDim_z_pT_Bin_Y_bin_phi_t)_(Normalized)[0m (Histo Num 49292)
Fitting for: [1m(MultiDim_3D_Histo)_(RC_Bayesian)_(SMEAR=Smear)_(Q2_y_Bin_5)_(z_pT_Bin_32)_(MultiDim_z_pT_Bin_Y_bin_phi_t)_(Normalized)[0m (Histo Num 49293)
Fitting for: [1m(MultiDim_3D_Histo)_(BC_RC_Bayesian)_(SMEAR=Smear)_(Q2_y_Bin_5)_(z_pT_Bin_32)_(MultiDim_z_pT_Bin_Y_bin_phi_t)_(Normalized)[0m (Histo Num 49294)
Fitting for: [1m(MultiDim_3D_Histo)_(Bayesian)_(SMEAR=Smear)_(Q2_y_Bin_5)_(z_pT_Bin_33)_(MultiDim_z_pT_Bin_Y_bin_phi_t)_(Normalized)[0m (Histo Num 49298)
Fitting for: [1m(MultiDim_3D_Histo)_(RC_Bayesian)_(SMEAR=Smear)_(Q2_y_Bin_5)_(z_pT_Bin_33)_(MultiDim_z_pT_Bin_Y_bin_phi_t)_(Normalized)[0m (Histo Num 49299)
Fitting for: [1m(MultiDim_3D_Histo)_(BC_RC_Bayesian)_(SMEAR=Smear)_(Q2_y_Bin_5)_(z_pT_Bin_33)_(MultiDim_z_pT_Bin_Y_bin_phi_t)_(Normalized)[0m (Histo Num 49300)
Fitting for: [1m(MultiDim_3D_Histo)_(Bayesian)_(SMEAR=Smear)_(Q2_y_Bin_5)_(z_pT_Bin_34)_(MultiDim_z_pT_Bin_Y_bin_phi_t)_(Normalized)[0m (Histo Num 49304)
Fitting for: [1m(MultiDim_3D_Histo)_(RC_Bayesian)_(SMEAR=Smear)_(Q2_y_Bin_5)_(z_pT_Bin_34)_(MultiDim_z_pT_Bin_Y_bin_phi_t)_(Normalized)[0m (Histo Num 49305)
Fitting for: [1m(MultiDim_3D_Histo)_(BC_RC_Bayesian)_(SMEAR=Smear)_(Q2_y_Bin_5)_(z_pT_Bin_34)_(MultiDim_z_pT_Bin_Y_bin_phi_t)_(Normalized)[0m (Histo Num 49306)
Fitting for: [1m(MultiDim_3D_Histo)_(Bayesian)_(SMEAR=Smear)_(Q2_y_Bin_6)_(z_pT_Bin_1)_(MultiDim_z_pT_Bin_Y_bin_phi_t)_(Normalized)[0m (Histo Num 49310)
Fitting for: [1m(MultiDim_3D_Histo)_(RC_Bayesian)_(SMEAR=Smear)_(Q2_y_Bin_6)_(z_pT_Bin_1)_(MultiDim_z_pT_Bin_Y_bin_phi_t)_(Normalized)[0m (Histo Num 49311)
Fitting for: [1m(MultiDim_3D_Histo)_(BC_RC_Bayesian)_(SMEAR=Smear)_(Q2_y_Bin_6)_(z_pT_Bin_1)_(MultiDim_z_pT_Bin_Y_bin_phi_t)_(Normalized)[0m (Histo Num 49312)
Fitting for: [1m(MultiDim_3D_Histo)_(Bayesian)_(SMEAR=Smear)_(Q2_y_Bin_6)_(z_pT_Bin_2)_(MultiDim_z_pT_Bin_Y_bin_phi_t)_(Normalized)[0m (Histo Num 49316)
Fitting for: [1m(MultiDim_3D_Histo)_(RC_Bayesian)_(SMEAR=Smear)_(Q2_y_Bin_6)_(z_pT_Bin_2)_(MultiDim_z_pT_Bin_Y_bin_phi_t)_(Normalized)[0m (Histo Num 49317)
Fitting for: [1m(MultiDim_3D_Histo)_(BC_RC_Bayesian)_(SMEAR=Smear)_(Q2_y_Bin_6)_(z_pT_Bin_2)_(MultiDim_z_pT_Bin_Y_bin_phi_t)_(Normalized)[0m (Histo Num 49318)
Fitting for: [1m(MultiDim_3D_Histo)_(Bayesian)_(SMEAR=Smear)_(Q2_y_Bin_6)_(z_pT_Bin_3)_(MultiDim_z_pT_Bin_Y_bin_phi_t)_(Normalized)[0m (Histo Num 49322)
Fitting for: [1m(MultiDim_3D_Histo)_(RC_Bayesian)_(SMEAR=Smear)_(Q2_y_Bin_6)_(z_pT_Bin_3)_(MultiDim_z_pT_Bin_Y_bin_phi_t)_(Normalized)[0m (Histo Num 49323)
Fitting for: [1m(MultiDim_3D_Histo)_(BC_RC_Bayesian)_(SMEAR=Smear)_(Q2_y_Bin_6)_(z_pT_Bin_3)_(MultiDim_z_pT_Bin_Y_bin_phi_t)_(Normalized)[0m (Histo Num 49324)
Fitting for: [1m(MultiDim_3D_Histo)_(Bayesian)_(SMEAR=Smear)_(Q2_y_Bin_6)_(z_pT_Bin_4)_(MultiDim_z_pT_Bin_Y_bin_phi_t)_(Normalized)[0m (Histo Num 49328)
Fitting for: [1m(MultiDim_3D_Histo)_(RC_Bayesian)_(SMEAR=Smear)_(Q2_y_Bin_6)_(z_pT_Bin_4)_(MultiDim_z_pT_Bin_Y_bin_phi_t)_(Normalized)[0m (Histo Num 49329)
Fitting for: [1m(MultiDim_3D_Histo)_(BC_RC_Bayesian)_(SMEAR=Smear)_(Q2_y_Bin_6)_(z_pT_Bin_4)_(MultiDim_z_pT_Bin_Y_bin_phi_t)_(Normalized)[0m (Histo Num 49330)
Fitting for: [1m(MultiDim_3D_Histo)_(Bayesian)_(SMEAR=Smear)_(Q2_y_Bin_6)_(z_pT_Bin_5)_(MultiDim_z_pT_Bin_Y_bin_phi_t)_(Normalized)[0m (Histo Num 49334)
Fitting for: [1m(MultiDim_3D_Histo)_(RC_Bayesian)_(SMEAR=Smear)_(Q2_y_Bin_6)_(z_pT_Bin_5)_(MultiDim_z_pT_Bin_Y_bin_phi_t)_(Normalized)[0m (Histo Num 49335)
Fitting for: [1m(MultiDim_3D_Histo)_(BC_RC_Bayesian)_(SMEAR=Smear)_(Q2_y_Bin_6)_(z_pT_Bin_5)_(MultiDim_z_pT_Bin_Y_bin_phi_t)_(Normalized)[0m (Histo Num 49336)
Fitting for: [1m(MultiDim_3D_Histo)_(Bayesian)_(SMEAR=Smear)_(Q2_y_Bin_6)_(z_pT_Bin_6)_(MultiDim_z_pT_Bin_Y_bin_phi_t)_(Normalized)[0m (Histo Num 49340)
Fitting for: [1m(MultiDim_3D_Histo)_(RC_Bayesian)_(SMEAR=Smear)_(Q2_y_Bin_6)_(z_pT_Bin_6)_(MultiDim_z_pT_Bin_Y_bin_phi_t)_(Normalized)[0m (Histo Num 49341)
Fitting for: [1m(MultiDim_3D_Histo)_(BC_RC_Bayesian)_(SMEAR=Smear)_(Q2_y_Bin_6)_(z_pT_Bin_6)_(MultiDim_z_pT_Bin_Y_bin_phi_t)_(Normalized)[0m (Histo Num 49342)
Fitting for: [1m(MultiDim_3D_Histo)_(Bayesian)_(SMEAR=Smear)_(Q2_y_Bin_6)_(z_pT_Bin_7)_(MultiDim_z_pT_Bin_Y_bin_phi_t)_(Normalized)[0m (Histo Num 49346)
Fitting for: [1m(MultiDim_3D_Histo)_(RC_Bayesian)_(SMEAR=Smear)_(Q2_y_Bin_6)_(z_pT_Bin_7)_(MultiDim_z_pT_Bin_Y_bin_phi_t)_(Normalized)[0m (Histo Num 49347)
Fitting for: [1m(MultiDim_3D_Histo)_(BC_RC_Bayesian)_(SMEAR=Smear)_(Q2_y_Bin_6)_(z_pT_Bin_7)_(MultiDim_z_pT_Bin_Y_bin_phi_t)_(Normalized)[0m (Histo Num 49348)
Fitting for: [1m(MultiDim_3D_Histo)_(Bayesian)_(SMEAR=Smear)_(Q2_y_Bin_6)_(z_pT_Bin_8)_(MultiDim_z_pT_Bin_Y_bin_phi_t)_(Normalized)[0m (Histo Num 49352)
Fitting for: [1m(MultiDim_3D_Histo)_(RC_Bayesian)_(SMEAR=Smear)_(Q2_y_Bin_6)_(z_pT_Bin_8)_(MultiDim_z_pT_Bin_Y_bin_phi_t)_(Normalized)[0m (Histo Num 49353)
Fitting for: [1m(MultiDim_3D_Histo)_(BC_RC_Bayesian)_(SMEAR=Smear)_(Q2_y_Bin_6)_(z_pT_Bin_8)_(MultiDim_z_pT_Bin_Y_bin_phi_t)_(Normalized)[0m (Histo Num 49354)
Fitting for: [1m(MultiDim_3D_Histo)_(Bayesian)_(SMEAR=Smear)_(Q2_y_Bin_6)_(z_pT_Bin_9)_(MultiDim_z_pT_Bin_Y_bin_phi_t)_(Normalized)[0m (Histo Num 49358)
Fitting for: [1m(MultiDim_3D_Histo)_(RC_Bayesian)_(SMEAR=Smear)_(Q2_y_Bin_6)_(z_pT_Bin_9)_(MultiDim_z_pT_Bin_Y_bin_phi_t)_(Normalized)[0m (Histo Num 49359)
Fitting for: [1m(MultiDim_3D_Histo)_(BC_RC_Bayesian)_(SMEAR=Smear)_(Q2_y_Bin_6)_(z_pT_Bin_9)_(MultiDim_z_pT_Bin_Y_bin_phi_t)_(Normalized)[0m (Histo Num 49360)
Fitting for: [1m(MultiDim_3D_Histo)_(Bayesian)_(SMEAR=Smear)_(Q2_y_Bin_6)_(z_pT_Bin_10)_(MultiDim_z_pT_Bin_Y_bin_phi_t)_(Normalized)[0m (Histo Num 49364)
Fitting for: [1m(MultiDim_3D_Histo)_(RC_Bayesian)_(SMEAR=Smear)_(Q2_y_Bin_6)_(z_pT_Bin_10)_(MultiDim_z_pT_Bin_Y_bin_phi_t)_(Normalized)[0m (Histo Num 49365)
Fitting for: [1m(MultiDim_3D_Histo)_(BC_RC_Bayesian)_(SMEAR=Smear)_(Q2_y_Bin_6)_(z_pT_Bin_10)_(MultiDim_z_pT_Bin_Y_bin_phi_t)_(Normalized)[0m (Histo Num 49366)
Fitting for: [1m(MultiDim_3D_Histo)_(Bayesian)_(SMEAR=Smear)_(Q2_y_Bin_6)_(z_pT_Bin_11)_(MultiDim_z_pT_Bin_Y_bin_phi_t)_(Normalized)[0m (Histo Num 49370)
Fitting for: [1m(MultiDim_3D_Histo)_(RC_Bayesian)_(SMEAR=Smear)_(Q2_y_Bin_6)_(z_pT_Bin_11)_(MultiDim_z_pT_Bin_Y_bin_phi_t)_(Normalized)[0m (Histo Num 49371)
Fitting for: [1m(MultiDim_3D_Histo)_(BC_RC_Bayesian)_(SMEAR=Smear)_(Q2_y_Bin_6)_(z_pT_Bin_11)_(MultiDim_z_pT_Bin_Y_bin_phi_t)_(Normalized)[0m (Histo Num 49372)
Fitting for: [1m(MultiDim_3D_Histo)_(Bayesian)_(SMEAR=Smear)_(Q2_y_Bin_6)_(z_pT_Bin_12)_(MultiDim_z_pT_Bin_Y_bin_phi_t)_(Normalized)[0m (Histo Num 49376)
Fitting for: [1m(MultiDim_3D_Histo)_(RC_Bayesian)_(SMEAR=Smear)_(Q2_y_Bin_6)_(z_pT_Bin_12)_(MultiDim_z_pT_Bin_Y_bin_phi_t)_(Normalized)[0m (Histo Num 49377)
Fitting for: [1m(MultiDim_3D_Histo)_(BC_RC_Bayesian)_(SMEAR=Smear)_(Q2_y_Bin_6)_(z_pT_Bin_12)_(MultiDim_z_pT_Bin_Y_bin_phi_t)_(Normalized)[0m (Histo Num 49378)
Fitting for: [1m(MultiDim_3D_Histo)_(Bayesian)_(SMEAR=Smear)_(Q2_y_Bin_6)_(z_pT_Bin_13)_(MultiDim_z_pT_Bin_Y_bin_phi_t)_(Normalized)[0m (Histo Num 49382)
Fitting for: [1m(MultiDim_3D_Histo)_(RC_Bayesian)_(SMEAR=Smear)_(Q2_y_Bin_6)_(z_pT_Bin_13)_(MultiDim_z_pT_Bin_Y_bin_phi_t)_(Normalized)[0m (Histo Num 49383)
Fitting for: [1m(MultiDim_3D_Histo)_(BC_RC_Bayesian)_(SMEAR=Smear)_(Q2_y_Bin_6)_(z_pT_Bin_13)_(MultiDim_z_pT_Bin_Y_bin_phi_t)_(Normalized)[0m (Histo Num 49384)
Fitting for: [1m(MultiDim_3D_Histo)_(Bayesian)_(SMEAR=Smear)_(Q2_y_Bin_6)_(z_pT_Bin_14)_(MultiDim_z_pT_Bin_Y_bin_phi_t)_(Normalized)[0m (Histo Num 49388)
Fitting for: [1m(MultiDim_3D_Histo)_(RC_Bayesian)_(SMEAR=Smear)_(Q2_y_Bin_6)_(z_pT_Bin_14)_(MultiDim_z_pT_Bin_Y_bin_phi_t)_(Normalized)[0m (Histo Num 49389)
Fitting for: [1m(MultiDim_3D_Histo)_(BC_RC_Bayesian)_(SMEAR=Smear)_(Q2_y_Bin_6)_(z_pT_Bin_14)_(MultiDim_z_pT_Bin_Y_bin_phi_t)_(Normalized)[0m (Histo Num 49390)
Fitting for: [1m(MultiDim_3D_Histo)_(Bayesian)_(SMEAR=Smear)_(Q2_y_Bin_6)_(z_pT_Bin_15)_(MultiDim_z_pT_Bin_Y_bin_phi_t)_(Normalized)[0m (Histo Num 49394)
Fitting for: [1m(MultiDim_3D_Histo)_(RC_Bayesian)_(SMEAR=Smear)_(Q2_y_Bin_6)_(z_pT_Bin_15)_(MultiDim_z_pT_Bin_Y_bin_phi_t)_(Normalized)[0m (Histo Num 49395)
Fitting for: [1m(MultiDim_3D_Histo)_(BC_RC_Bayesian)_(SMEAR=Smear)_(Q2_y_Bin_6)_(z_pT_Bin_15)_(MultiDim_z_pT_Bin_Y_bin_phi_t)_(Normalized)[0m (Histo Num 49396)
Fitting for: [1m(MultiDim_3D_Histo)_(Bayesian)_(SMEAR=Smear)_(Q2_y_Bin_6)_(z_pT_Bin_16)_(MultiDim_z_pT_Bin_Y_bin_phi_t)_(Normalized)[0m (Histo Num 49400)
Fitting for: [1m(MultiDim_3D_Histo)_(RC_Bayesian)_(SMEAR=Smear)_(Q2_y_Bin_6)_(z_pT_Bin_16)_(MultiDim_z_pT_Bin_Y_bin_phi_t)_(Normalized)[0m (Histo Num 49401)
Fitting for: [1m(MultiDim_3D_Histo)_(BC_RC_Bayesian)_(SMEAR=Smear)_(Q2_y_Bin_6)_(z_pT_Bin_16)_(MultiDim_z_pT_Bin_Y_bin_phi_t)_(Normalized)[0m (Histo Num 49402)
Fitting for: [1m(MultiDim_3D_Histo)_(Bayesian)_(SMEAR=Smear)_(Q2_y_Bin_6)_(z_pT_Bin_17)_(MultiDim_z_pT_Bin_Y_bin_phi_t)_(Normalized)[0m (Histo Num 49406)
Fitting for: [1m(MultiDim_3D_Histo)_(RC_Bayesian)_(SMEAR=Smear)_(Q2_y_Bin_6)_(z_pT_Bin_17)_(MultiDim_z_pT_Bin_Y_bin_phi_t)_(Normalized)[0m (Histo Num 49407)
Fitting for: [1m(MultiDim_3D_Histo)_(BC_RC_Bayesian)_(SMEAR=Smear)_(Q2_y_Bin_6)_(z_pT_Bin_17)_(MultiDim_z_pT_Bin_Y_bin_phi_t)_(Normalized)[0m (Histo Num 49408)
Fitting for: [1m(MultiDim_3D_Histo)_(Bayesian)_(SMEAR=Smear)_(Q2_y_Bin_6)_(z_pT_Bin_19)_(MultiDim_z_pT_Bin_Y_bin_phi_t)_(Normalized)[0m (Histo Num 49412)
Fitting for: [1m(MultiDim_3D_Histo)_(RC_Bayesian)_(SMEAR=Smear)_(Q2_y_Bin_6)_(z_pT_Bin_19)_(MultiDim_z_pT_Bin_Y_bin_phi_t)_(Normalized)[0m (Histo Num 49413)
Fitting for: [1m(MultiDim_3D_Histo)_(BC_RC_Bayesian)_(SMEAR=Smear)_(Q2_y_Bin_6)_(z_pT_Bin_19)_(MultiDim_z_pT_Bin_Y_bin_phi_t)_(Normalized)[0m (Histo Num 49414)
Fitting for: [1m(MultiDim_3D_Histo)_(Bayesian)_(SMEAR=Smear)_(Q2_y_Bin_6)_(z_pT_Bin_20)_(MultiDim_z_pT_Bin_Y_bin_phi_t)_(Normalized)[0m (Histo Num 49418)
Fitting for: [1m(MultiDim_3D_Histo)_(RC_Bayesian)_(SMEAR=Smear)_(Q2_y_Bin_6)_(z_pT_Bin_20)_(MultiDim_z_pT_Bin_Y_bin_phi_t)_(Normalized)[0m (Histo Num 49419)
Fitting for: [1m(MultiDim_3D_Histo)_(BC_RC_Bayesian)_(SMEAR=Smear)_(Q2_y_Bin_6)_(z_pT_Bin_20)_(MultiDim_z_pT_Bin_Y_bin_phi_t)_(Normalized)[0m (Histo Num 49420)
Fitting for: [1m(MultiDim_3D_Histo)_(Bayesian)_(SMEAR=Smear)_(Q2_y_Bin_6)_(z_pT_Bin_21)_(MultiDim_z_pT_Bin_Y_bin_phi_t)_(Normalized)[0m (Histo Num 49424)
Fitting for: [1m(MultiDim_3D_Histo)_(RC_Bayesian)_(SMEAR=Smear)_(Q2_y_Bin_6)_(z_pT_Bin_21)_(MultiDim_z_pT_Bin_Y_bin_phi_t)_(Normalized)[0m (Histo Num 49425)
Fitting for: [1m(MultiDim_3D_Histo)_(BC_RC_Bayesian)_(SMEAR=Smear)_(Q2_y_Bin_6)_(z_pT_Bin_21)_(MultiDim_z_pT_Bin_Y_bin_phi_t)_(Normalized)[0m (Histo Num 49426)
Fitting for: [1m(MultiDim_3D_Histo)_(Bayesian)_(SMEAR=Smear)_(Q2_y_Bin_6)_(z_pT_Bin_22)_(MultiDim_z_pT_Bin_Y_bin_phi_t)_(Normalized)[0m (Histo Num 49430)
Fitting for: [1m(MultiDim_3D_Histo)_(RC_Bayesian)_(SMEAR=Smear)_(Q2_y_Bin_6)_(z_pT_Bin_22)_(MultiDim_z_pT_Bin_Y_bin_phi_t)_(Normalized)[0m (Histo Num 49431)
Fitting for: [1m(MultiDim_3D_Histo)_(BC_RC_Bayesian)_(SMEAR=Smear)_(Q2_y_Bin_6)_(z_pT_Bin_22)_(MultiDim_z_pT_Bin_Y_bin_phi_t)_(Normalized)[0m (Histo Num 49432)
Fitting for: [1m(MultiDim_3D_Histo)_(Bayesian)_(SMEAR=Smear)_(Q2_y_Bin_6)_(z_pT_Bin_23)_(MultiDim_z_pT_Bin_Y_bin_phi_t)_(Normalized)[0m (Histo Num 49436)
Fitting for: [1m(MultiDim_3D_Histo)_(RC_Bayesian)_(SMEAR=Smear)_(Q2_y_Bin_6)_(z_pT_Bin_23)_(MultiDim_z_pT_Bin_Y_bin_phi_t)_(Normalized)[0m (Histo Num 49437)
Fitting for: [1m(MultiDim_3D_Histo)_(BC_RC_Bayesian)_(SMEAR=Smear)_(Q2_y_Bin_6)_(z_pT_Bin_23)_(MultiDim_z_pT_Bin_Y_bin_phi_t)_(Normalized)[0m (Histo Num 49438)
Fitting for: [1m(MultiDim_3D_Histo)_(Bayesian)_(SMEAR=Smear)_(Q2_y_Bin_6)_(z_pT_Bin_25)_(MultiDim_z_pT_Bin_Y_bin_phi_t)_(Normalized)[0m (Histo Num 49442)
Fitting for: [1m(MultiDim_3D_Histo)_(RC_Bayesian)_(SMEAR=Smear)_(Q2_y_Bin_6)_(z_pT_Bin_25)_(MultiDim_z_pT_Bin_Y_bin_phi_t)_(Normalized)[0m (Histo Num 49443)
Fitting for: [1m(MultiDim_3D_Histo)_(BC_RC_Bayesian)_(SMEAR=Smear)_(Q2_y_Bin_6)_(z_pT_Bin_25)_(MultiDim_z_pT_Bin_Y_bin_phi_t)_(Normalized)[0m (Histo Num 49444)
Fitting for: [1m(MultiDim_3D_Histo)_(Bayesian)_(SMEAR=Smear)_(Q2_y_Bin_6)_(z_pT_Bin_26)_(MultiDim_z_pT_Bin_Y_bin_phi_t)_(Normalized)[0m (Histo Num 49448)
Fitting for: [1m(MultiDim_3D_Histo)_(RC_Bayesian)_(SMEAR=Smear)_(Q2_y_Bin_6)_(z_pT_Bin_26)_(MultiDim_z_pT_Bin_Y_bin_phi_t)_(Normalized)[0m (Histo Num 49449)
Fitting for: [1m(MultiDim_3D_Histo)_(BC_RC_Bayesian)_(SMEAR=Smear)_(Q2_y_Bin_6)_(z_pT_Bin_26)_(MultiDim_z_pT_Bin_Y_bin_phi_t)_(Normalized)[0m (Histo Num 49450)
Fitting for: [1m(MultiDim_3D_Histo)_(Bayesian)_(SMEAR=Smear)_(Q2_y_Bin_6)_(z_pT_Bin_27)_(MultiDim_z_pT_Bin_Y_bin_phi_t)_(Normalized)[0m (Histo Num 49454)
Fitting for: [1m(MultiDim_3D_Histo)_(RC_Bayesian)_(SMEAR=Smear)_(Q2_y_Bin_6)_(z_pT_Bin_27)_(MultiDim_z_pT_Bin_Y_bin_phi_t)_(Normalized)[0m (Histo Num 49455)
Fitting for: [1m(MultiDim_3D_Histo)_(BC_RC_Bayesian)_(SMEAR=Smear)_(Q2_y_Bin_6)_(z_pT_Bin_27)_(MultiDim_z_pT_Bin_Y_bin_phi_t)_(Normalized)[0m (Histo Num 49456)
Fitting for: [1m(MultiDim_3D_Histo)_(Bayesian)_(SMEAR=Smear)_(Q2_y_Bin_6)_(z_pT_Bin_28)_(MultiDim_z_pT_Bin_Y_bin_phi_t)_(Normalized)[0m (Histo Num 49460)
Fitting for: [1m(MultiDim_3D_Histo)_(RC_Bayesian)_(SMEAR=Smear)_(Q2_y_Bin_6)_(z_pT_Bin_28)_(MultiDim_z_pT_Bin_Y_bin_phi_t)_(Normalized)[0m (Histo Num 49461)
Fitting for: [1m(MultiDim_3D_Histo)_(BC_RC_Bayesian)_(SMEAR=Smear)_(Q2_y_Bin_6)_(z_pT_Bin_28)_(MultiDim_z_pT_Bin_Y_bin_phi_t)_(Normalized)[0m (Histo Num 49462)
Fitting for: [1m(MultiDim_3D_Histo)_(Bayesian)_(SMEAR=Smear)_(Q2_y_Bin_7)_(z_pT_Bin_1)_(MultiDim_z_pT_Bin_Y_bin_phi_t)_(Normalized)[0m (Histo Num 49466)
Fitting for: [1m(MultiDim_3D_Histo)_(RC_Bayesian)_(SMEAR=Smear)_(Q2_y_Bin_7)_(z_pT_Bin_1)_(MultiDim_z_pT_Bin_Y_bin_phi_t)_(Normalized)[0m (Histo Num 49467)
Fitting for: [1m(MultiDim_3D_Histo)_(BC_RC_Bayesian)_(SMEAR=Smear)_(Q2_y_Bin_7)_(z_pT_Bin_1)_(MultiDim_z_pT_Bin_Y_bin_phi_t)_(Normalized)[0m (Histo Num 49468)
Fitting for: [1m(MultiDim_3D_Histo)_(Bayesian)_(SMEAR=Smear)_(Q2_y_Bin_7)_(z_pT_Bin_2)_(MultiDim_z_pT_Bin_Y_bin_phi_t)_(Normalized)[0m (Histo Num 49472)
Fitting for: [1m(MultiDim_3D_Histo)_(RC_Bayesian)_(SMEAR=Smear)_(Q2_y_Bin_7)_(z_pT_Bin_2)_(MultiDim_z_pT_Bin_Y_bin_phi_t)_(Normalized)[0m (Histo Num 49473)
Fitting for: [1m(MultiDim_3D_Histo)_(BC_RC_Bayesian)_(SMEAR=Smear)_(Q2_y_Bin_7)_(z_pT_Bin_2)_(MultiDim_z_pT_Bin_Y_bin_phi_t)_(Normalized)[0m (Histo Num 49474)
Fitting for: [1m(MultiDim_3D_Histo)_(Bayesian)_(SMEAR=Smear)_(Q2_y_Bin_7)_(z_pT_Bin_3)_(MultiDim_z_pT_Bin_Y_bin_phi_t)_(Normalized)[0m (Histo Num 49478)
Fitting for: [1m(MultiDim_3D_Histo)_(RC_Bayesian)_(SMEAR=Smear)_(Q2_y_Bin_7)_(z_pT_Bin_3)_(MultiDim_z_pT_Bin_Y_bin_phi_t)_(Normalized)[0m (Histo Num 49479)
Fitting for: [1m(MultiDim_3D_Histo)_(BC_RC_Bayesian)_(SMEAR=Smear)_(Q2_y_Bin_7)_(z_pT_Bin_3)_(MultiDim_z_pT_Bin_Y_bin_phi_t)_(Normalized)[0m (Histo Num 49480)
Fitting for: [1m(MultiDim_3D_Histo)_(Bayesian)_(SMEAR=Smear)_(Q2_y_Bin_7)_(z_pT_Bin_4)_(MultiDim_z_pT_Bin_Y_bin_phi_t)_(Normalized)[0m (Histo Num 49484)
Fitting for: [1m(MultiDim_3D_Histo)_(RC_Bayesian)_(SMEAR=Smear)_(Q2_y_Bin_7)_(z_pT_Bin_4)_(MultiDim_z_pT_Bin_Y_bin_phi_t)_(Normalized)[0m (Histo Num 49485)
Fitting for: [1m(MultiDim_3D_Histo)_(BC_RC_Bayesian)_(SMEAR=Smear)_(Q2_y_Bin_7)_(z_pT_Bin_4)_(MultiDim_z_pT_Bin_Y_bin_phi_t)_(Normalized)[0m (Histo Num 49486)
Fitting for: [1m(MultiDim_3D_Histo)_(Bayesian)_(SMEAR=Smear)_(Q2_y_Bin_7)_(z_pT_Bin_5)_(MultiDim_z_pT_Bin_Y_bin_phi_t)_(Normalized)[0m (Histo Num 49490)
Fitting for: [1m(MultiDim_3D_Histo)_(RC_Bayesian)_(SMEAR=Smear)_(Q2_y_Bin_7)_(z_pT_Bin_5)_(MultiDim_z_pT_Bin_Y_bin_phi_t)_(Normalized)[0m (Histo Num 49491)
Fitting for: [1m(MultiDim_3D_Histo)_(BC_RC_Bayesian)_(SMEAR=Smear)_(Q2_y_Bin_7)_(z_pT_Bin_5)_(MultiDim_z_pT_Bin_Y_bin_phi_t)_(Normalized)[0m (Histo Num 49492)
Fitting for: [1m(MultiDim_3D_Histo)_(Bayesian)_(SMEAR=Smear)_(Q2_y_Bin_7)_(z_pT_Bin_7)_(MultiDim_z_pT_Bin_Y_bin_phi_t)_(Normalized)[0m (Histo Num 49496)
Fitting for: [1m(MultiDim_3D_Histo)_(RC_Bayesian)_(SMEAR=Smear)_(Q2_y_Bin_7)_(z_pT_Bin_7)_(MultiDim_z_pT_Bin_Y_bin_phi_t)_(Normalized)[0m (Histo Num 49497)
Fitting for: [1m(MultiDim_3D_Histo)_(BC_RC_Bayesian)_(SMEAR=Smear)_(Q2_y_Bin_7)_(z_pT_Bin_7)_(MultiDim_z_pT_Bin_Y_bin_phi_t)_(Normalized)[0m (Histo Num 49498)
Fitting for: [1m(MultiDim_3D_Histo)_(Bayesian)_(SMEAR=Smear)_(Q2_y_Bin_7)_(z_pT_Bin_8)_(MultiDim_z_pT_Bin_Y_bin_phi_t)_(Normalized)[0m (Histo Num 49502)
Fitting for: [1m(MultiDim_3D_Histo)_(RC_Bayesian)_(SMEAR=Smear)_(Q2_y_Bin_7)_(z_pT_Bin_8)_(MultiDim_z_pT_Bin_Y_bin_phi_t)_(Normalized)[0m (Histo Num 49503)
Fitting for: [1m(MultiDim_3D_Histo)_(BC_RC_Bayesian)_(SMEAR=Smear)_(Q2_y_Bin_7)_(z_pT_Bin_8)_(MultiDim_z_pT_Bin_Y_bin_phi_t)_(Normalized)[0m (Histo Num 49504)
Fitting for: [1m(MultiDim_3D_Histo)_(Bayesian)_(SMEAR=Smear)_(Q2_y_Bin_7)_(z_pT_Bin_9)_(MultiDim_z_pT_Bin_Y_bin_phi_t)_(Normalized)[0m (Histo Num 49508)
Fitting for: [1m(MultiDim_3D_Histo)_(RC_Bayesian)_(SMEAR=Smear)_(Q2_y_Bin_7)_(z_pT_Bin_9)_(MultiDim_z_pT_Bin_Y_bin_phi_t)_(Normalized)[0m (Histo Num 49509)
Fitting for: [1m(MultiDim_3D_Histo)_(BC_RC_Bayesian)_(SMEAR=Smear)_(Q2_y_Bin_7)_(z_pT_Bin_9)_(MultiDim_z_pT_Bin_Y_bin_phi_t)_(Normalized)[0m (Histo Num 49510)
Fitting for: [1m(MultiDim_3D_Histo)_(Bayesian)_(SMEAR=Smear)_(Q2_y_Bin_7)_(z_pT_Bin_10)_(MultiDim_z_pT_Bin_Y_bin_phi_t)_(Normalized)[0m (Histo Num 49514)
Fitting for: [1m(MultiDim_3D_Histo)_(RC_Bayesian)_(SMEAR=Smear)_(Q2_y_Bin_7)_(z_pT_Bin_10)_(MultiDim_z_pT_Bin_Y_bin_phi_t)_(Normalized)[0m (Histo Num 49515)
Fitting for: [1m(MultiDim_3D_Histo)_(BC_RC_Bayesian)_(SMEAR=Smear)_(Q2_y_Bin_7)_(z_pT_Bin_10)_(MultiDim_z_pT_Bin_Y_bin_phi_t)_(Normalized)[0m (Histo Num 49516)
Fitting for: [1m(MultiDim_3D_Histo)_(Bayesian)_(SMEAR=Smear)_(Q2_y_Bin_7)_(z_pT_Bin_11)_(MultiDim_z_pT_Bin_Y_bin_phi_t)_(Normalized)[0m (Histo Num 49520)
Fitting for: [1m(MultiDim_3D_Histo)_(RC_Bayesian)_(SMEAR=Smear)_(Q2_y_Bin_7)_(z_pT_Bin_11)_(MultiDim_z_pT_Bin_Y_bin_phi_t)_(Normalized)[0m (Histo Num 49521)
Fitting for: [1m(MultiDim_3D_Histo)_(BC_RC_Bayesian)_(SMEAR=Smear)_(Q2_y_Bin_7)_(z_pT_Bin_11)_(MultiDim_z_pT_Bin_Y_bin_phi_t)_(Normalized)[0m (Histo Num 49522)
Fitting for: [1m(MultiDim_3D_Histo)_(Bayesian)_(SMEAR=Smear)_(Q2_y_Bin_7)_(z_pT_Bin_12)_(MultiDim_z_pT_Bin_Y_bin_phi_t)_(Normalized)[0m (Histo Num 49526)
Fitting for: [1m(MultiDim_3D_Histo)_(RC_Bayesian)_(SMEAR=Smear)_(Q2_y_Bin_7)_(z_pT_Bin_12)_(MultiDim_z_pT_Bin_Y_bin_phi_t)_(Normalized)[0m (Histo Num 49527)
Fitting for: [1m(MultiDim_3D_Histo)_(BC_RC_Bayesian)_(SMEAR=Smear)_(Q2_y_Bin_7)_(z_pT_Bin_12)_(MultiDim_z_pT_Bin_Y_bin_phi_t)_(Normalized)[0m (Histo Num 49528)
Fitting for: [1m(MultiDim_3D_Histo)_(Bayesian)_(SMEAR=Smear)_(Q2_y_Bin_7)_(z_pT_Bin_13)_(MultiDim_z_pT_Bin_Y_bin_phi_t)_(Normalized)[0m (Histo Num 49532)
Fitting for: [1m(MultiDim_3D_Histo)_(RC_Bayesian)_(SMEAR=Smear)_(Q2_y_Bin_7)_(z_pT_Bin_13)_(MultiDim_z_pT_Bin_Y_bin_phi_t)_(Normalized)[0m (Histo Num 49533)
Fitting for: [1m(MultiDim_3D_Histo)_(BC_RC_Bayesian)_(SMEAR=Smear)_(Q2_y_Bin_7)_(z_pT_Bin_13)_(MultiDim_z_pT_Bin_Y_bin_phi_t)_(Normalized)[0m (Histo Num 49534)
Fitting for: [1m(MultiDim_3D_Histo)_(Bayesian)_(SMEAR=Smear)_(Q2_y_Bin_7)_(z_pT_Bin_14)_(MultiDim_z_pT_Bin_Y_bin_phi_t)_(Normalized)[0m (Histo Num 49538)
Fitting for: [1m(MultiDim_3D_Histo)_(RC_Bayesian)_(SMEAR=Smear)_(Q2_y_Bin_7)_(z_pT_Bin_14)_(MultiDim_z_pT_Bin_Y_bin_phi_t)_(Normalized)[0m (Histo Num 49539)
Fitting for: [1m(MultiDim_3D_Histo)_(BC_RC_Bayesian)_(SMEAR=Smear)_(Q2_y_Bin_7)_(z_pT_Bin_14)_(MultiDim_z_pT_Bin_Y_bin_phi_t)_(Normalized)[0m (Histo Num 49540)
Fitting for: [1m(MultiDim_3D_Histo)_(Bayesian)_(SMEAR=Smear)_(Q2_y_Bin_7)_(z_pT_Bin_15)_(MultiDim_z_pT_Bin_Y_bin_phi_t)_(Normalized)[0m (Histo Num 49544)
Fitting for: [1m(MultiDim_3D_Histo)_(RC_Bayesian)_(SMEAR=Smear)_(Q2_y_Bin_7)_(z_pT_Bin_15)_(MultiDim_z_pT_Bin_Y_bin_phi_t)_(Normalized)[0m (Histo Num 49545)
Fitting for: [1m(MultiDim_3D_Histo)_(BC_RC_Bayesian)_(SMEAR=Smear)_(Q2_y_Bin_7)_(z_pT_Bin_15)_(MultiDim_z_pT_Bin_Y_bin_phi_t)_(Normalized)[0m (Histo Num 49546)
Fitting for: [1m(MultiDim_3D_Histo)_(Bayesian)_(SMEAR=Smear)_(Q2_y_Bin_7)_(z_pT_Bin_16)_(MultiDim_z_pT_Bin_Y_bin_phi_t)_(Normalized)[0m (Histo Num 49550)
Fitting for: [1m(MultiDim_3D_Histo)_(RC_Bayesian)_(SMEAR=Smear)_(Q2_y_Bin_7)_(z_pT_Bin_16)_(MultiDim_z_pT_Bin_Y_bin_phi_t)_(Normalized)[0m (Histo Num 49551)
Fitting for: [1m(MultiDim_3D_Histo)_(BC_RC_Bayesian)_(SMEAR=Smear)_(Q2_y_Bin_7)_(z_pT_Bin_16)_(MultiDim_z_pT_Bin_Y_bin_phi_t)_(Normalized)[0m (Histo Num 49552)
Fitting for: [1m(MultiDim_3D_Histo)_(Bayesian)_(SMEAR=Smear)_(Q2_y_Bin_7)_(z_pT_Bin_17)_(MultiDim_z_pT_Bin_Y_bin_phi_t)_(Normalized)[0m (Histo Num 49556)
Fitting for: [1m(MultiDim_3D_Histo)_(RC_Bayesian)_(SMEAR=Smear)_(Q2_y_Bin_7)_(z_pT_Bin_17)_(MultiDim_z_pT_Bin_Y_bin_phi_t)_(Normalized)[0m (Histo Num 49557)
Fitting for: [1m(MultiDim_3D_Histo)_(BC_RC_Bayesian)_(SMEAR=Smear)_(Q2_y_Bin_7)_(z_pT_Bin_17)_(MultiDim_z_pT_Bin_Y_bin_phi_t)_(Normalized)[0m (Histo Num 49558)
Fitting for: [1m(MultiDim_3D_Histo)_(Bayesian)_(SMEAR=Smear)_(Q2_y_Bin_7)_(z_pT_Bin_18)_(MultiDim_z_pT_Bin_Y_bin_phi_t)_(Normalized)[0m (Histo Num 49562)
Fitting for: [1m(MultiDim_3D_Histo)_(RC_Bayesian)_(SMEAR=Smear)_(Q2_y_Bin_7)_(z_pT_Bin_18)_(MultiDim_z_pT_Bin_Y_bin_phi_t)_(Normalized)[0m (Histo Num 49563)
Fitting for: [1m(MultiDim_3D_Histo)_(BC_RC_Bayesian)_(SMEAR=Smear)_(Q2_y_Bin_7)_(z_pT_Bin_18)_(MultiDim_z_pT_Bin_Y_bin_phi_t)_(Normalized)[0m (Histo Num 49564)
Fitting for: [1m(MultiDim_3D_Histo)_(Bayesian)_(SMEAR=Smear)_(Q2_y_Bin_7)_(z_pT_Bin_19)_(MultiDim_z_pT_Bin_Y_bin_phi_t)_(Normalized)[0m (Histo Num 49568)
Fitting for: [1m(MultiDim_3D_Histo)_(RC_Bayesian)_(SMEAR=Smear)_(Q2_y_Bin_7)_(z_pT_Bin_19)_(MultiDim_z_pT_Bin_Y_bin_phi_t)_(Normalized)[0m (Histo Num 49569)
Fitting for: [1m(MultiDim_3D_Histo)_(BC_RC_Bayesian)_(SMEAR=Smear)_(Q2_y_Bin_7)_(z_pT_Bin_19)_(MultiDim_z_pT_Bin_Y_bin_phi_t)_(Normalized)[0m (Histo Num 49570)
Fitting for: [1m(MultiDim_3D_Histo)_(Bayesian)_(SMEAR=Smear)_(Q2_y_Bin_7)_(z_pT_Bin_20)_(MultiDim_z_pT_Bin_Y_bin_phi_t)_(Normalized)[0m (Histo Num 49574)
Fitting for: [1m(MultiDim_3D_Histo)_(RC_Bayesian)_(SMEAR=Smear)_(Q2_y_Bin_7)_(z_pT_Bin_20)_(MultiDim_z_pT_Bin_Y_bin_phi_t)_(Normalized)[0m (Histo Num 49575)
Fitting for: [1m(MultiDim_3D_Histo)_(BC_RC_Bayesian)_(SMEAR=Smear)_(Q2_y_Bin_7)_(z_pT_Bin_20)_(MultiDim_z_pT_Bin_Y_bin_phi_t)_(Normalized)[0m (Histo Num 49576)
Fitting for: [1m(MultiDim_3D_Histo)_(Bayesian)_(SMEAR=Smear)_(Q2_y_Bin_7)_(z_pT_Bin_21)_(MultiDim_z_pT_Bin_Y_bin_phi_t)_(Normalized)[0m (Histo Num 49580)
Fitting for: [1m(MultiDim_3D_Histo)_(RC_Bayesian)_(SMEAR=Smear)_(Q2_y_Bin_7)_(z_pT_Bin_21)_(MultiDim_z_pT_Bin_Y_bin_phi_t)_(Normalized)[0m (Histo Num 49581)
Fitting for: [1m(MultiDim_3D_Histo)_(BC_RC_Bayesian)_(SMEAR=Smear)_(Q2_y_Bin_7)_(z_pT_Bin_21)_(MultiDim_z_pT_Bin_Y_bin_phi_t)_(Normalized)[0m (Histo Num 49582)
Fitting for: [1m(MultiDim_3D_Histo)_(Bayesian)_(SMEAR=Smear)_(Q2_y_Bin_7)_(z_pT_Bin_22)_(MultiDim_z_pT_Bin_Y_bin_phi_t)_(Normalized)[0m (Histo Num 49586)
Fitting for: [1m(MultiDim_3D_Histo)_(RC_Bayesian)_(SMEAR=Smear)_(Q2_y_Bin_7)_(z_pT_Bin_22)_(MultiDim_z_pT_Bin_Y_bin_phi_t)_(Normalized)[0m (Histo Num 49587)
Fitting for: [1m(MultiDim_3D_Histo)_(BC_RC_Bayesian)_(SMEAR=Smear)_(Q2_y_Bin_7)_(z_pT_Bin_22)_(MultiDim_z_pT_Bin_Y_bin_phi_t)_(Normalized)[0m (Histo Num 49588)
Fitting for: [1m(MultiDim_3D_Histo)_(Bayesian)_(SMEAR=Smear)_(Q2_y_Bin_7)_(z_pT_Bin_23)_(MultiDim_z_pT_Bin_Y_bin_phi_t)_(Normalized)[0m (Histo Num 49592)
Fitting for: [1m(MultiDim_3D_Histo)_(RC_Bayesian)_(SMEAR=Smear)_(Q2_y_Bin_7)_(z_pT_Bin_23)_(MultiDim_z_pT_Bin_Y_bin_phi_t)_(Normalized)[0m (Histo Num 49593)
Fitting for: [1m(MultiDim_3D_Histo)_(BC_RC_Bayesian)_(SMEAR=Smear)_(Q2_y_Bin_7)_(z_pT_Bin_23)_(MultiDim_z_pT_Bin_Y_bin_phi_t)_(Normalized)[0m (Histo Num 49594)
Fitting for: [1m(MultiDim_3D_Histo)_(Bayesian)_(SMEAR=Smear)_(Q2_y_Bin_7)_(z_pT_Bin_24)_(MultiDim_z_pT_Bin_Y_bin_phi_t)_(Normalized)[0m (Histo Num 49598)
Fitting for: [1m(MultiDim_3D_Histo)_(RC_Bayesian)_(SMEAR=Smear)_(Q2_y_Bin_7)_(z_pT_Bin_24)_(MultiDim_z_pT_Bin_Y_bin_phi_t)_(Normalized)[0m (Histo Num 49599)
Fitting for: [1m(MultiDim_3D_Histo)_(BC_RC_Bayesian)_(SMEAR=Smear)_(Q2_y_Bin_7)_(z_pT_Bin_24)_(MultiDim_z_pT_Bin_Y_bin_phi_t)_(Normalized)[0m (Histo Num 49600)
Fitting for: [1m(MultiDim_3D_Histo)_(Bayesian)_(SMEAR=Smear)_(Q2_y_Bin_7)_(z_pT_Bin_25)_(MultiDim_z_pT_Bin_Y_bin_phi_t)_(Normalized)[0m (Histo Num 49604)
Fitting for: [1m(MultiDim_3D_Histo)_(RC_Bayesian)_(SMEAR=Smear)_(Q2_y_Bin_7)_(z_pT_Bin_25)_(MultiDim_z_pT_Bin_Y_bin_phi_t)_(Normalized)[0m (Histo Num 49605)
Fitting for: [1m(MultiDim_3D_Histo)_(BC_RC_Bayesian)_(SMEAR=Smear)_(Q2_y_Bin_7)_(z_pT_Bin_25)_(MultiDim_z_pT_Bin_Y_bin_phi_t)_(Normalized)[0m (Histo Num 49606)
Fitting for: [1m(MultiDim_3D_Histo)_(Bayesian)_(SMEAR=Smear)_(Q2_y_Bin_7)_(z_pT_Bin_26)_(MultiDim_z_pT_Bin_Y_bin_phi_t)_(Normalized)[0m (Histo Num 49610)
Fitting for: [1m(MultiDim_3D_Histo)_(RC_Bayesian)_(SMEAR=Smear)_(Q2_y_Bin_7)_(z_pT_Bin_26)_(MultiDim_z_pT_Bin_Y_bin_phi_t)_(Normalized)[0m (Histo Num 49611)
Fitting for: [1m(MultiDim_3D_Histo)_(BC_RC_Bayesian)_(SMEAR=Smear)_(Q2_y_Bin_7)_(z_pT_Bin_26)_(MultiDim_z_pT_Bin_Y_bin_phi_t)_(Normalized)[0m (Histo Num 49612)
Fitting for: [1m(MultiDim_3D_Histo)_(Bayesian)_(SMEAR=Smear)_(Q2_y_Bin_7)_(z_pT_Bin_27)_(MultiDim_z_pT_Bin_Y_bin_phi_t)_(Normalized)[0m (Histo Num 49616)
Fitting for: [1m(MultiDim_3D_Histo)_(RC_Bayesian)_(SMEAR=Smear)_(Q2_y_Bin_7)_(z_pT_Bin_27)_(MultiDim_z_pT_Bin_Y_bin_phi_t)_(Normalized)[0m (Histo Num 49617)
Fitting for: [1m(MultiDim_3D_Histo)_(BC_RC_Bayesian)_(SMEAR=Smear)_(Q2_y_Bin_7)_(z_pT_Bin_27)_(MultiDim_z_pT_Bin_Y_bin_phi_t)_(Normalized)[0m (Histo Num 49618)
Fitting for: [1m(MultiDim_3D_Histo)_(Bayesian)_(SMEAR=Smear)_(Q2_y_Bin_7)_(z_pT_Bin_28)_(MultiDim_z_pT_Bin_Y_bin_phi_t)_(Normalized)[0m (Histo Num 49622)
Fitting for: [1m(MultiDim_3D_Histo)_(RC_Bayesian)_(SMEAR=Smear)_(Q2_y_Bin_7)_(z_pT_Bin_28)_(MultiDim_z_pT_Bin_Y_bin_phi_t)_(Normalized)[0m (Histo Num 49623)
Fitting for: [1m(MultiDim_3D_Histo)_(BC_RC_Bayesian)_(SMEAR=Smear)_(Q2_y_Bin_7)_(z_pT_Bin_28)_(MultiDim_z_pT_Bin_Y_bin_phi_t)_(Normalized)[0m (Histo Num 49624)
Fitting for: [1m(MultiDim_3D_Histo)_(Bayesian)_(SMEAR=Smear)_(Q2_y_Bin_7)_(z_pT_Bin_29)_(MultiDim_z_pT_Bin_Y_bin_phi_t)_(Normalized)[0m (Histo Num 49628)
Fitting for: [1m(MultiDim_3D_Histo)_(RC_Bayesian)_(SMEAR=Smear)_(Q2_y_Bin_7)_(z_pT_Bin_29)_(MultiDim_z_pT_Bin_Y_bin_phi_t)_(Normalized)[0m (Histo Num 49629)
Fitting for: [1m(MultiDim_3D_Histo)_(BC_RC_Bayesian)_(SMEAR=Smear)_(Q2_y_Bin_7)_(z_pT_Bin_29)_(MultiDim_z_pT_Bin_Y_bin_phi_t)_(Normalized)[0m (Histo Num 49630)
Fitting for: [1m(MultiDim_3D_Histo)_(Bayesian)_(SMEAR=Smear)_(Q2_y_Bin_7)_(z_pT_Bin_31)_(MultiDim_z_pT_Bin_Y_bin_phi_t)_(Normalized)[0m (Histo Num 49634)
Fitting for: [1m(MultiDim_3D_Histo)_(RC_Bayesian)_(SMEAR=Smear)_(Q2_y_Bin_7)_(z_pT_Bin_31)_(MultiDim_z_pT_Bin_Y_bin_phi_t)_(Normalized)[0m (Histo Num 49635)
Fitting for: [1m(MultiDim_3D_Histo)_(BC_RC_Bayesian)_(SMEAR=Smear)_(Q2_y_Bin_7)_(z_pT_Bin_31)_(MultiDim_z_pT_Bin_Y_bin_phi_t)_(Normalized)[0m (Histo Num 49636)
Fitting for: [1m(MultiDim_3D_Histo)_(Bayesian)_(SMEAR=Smear)_(Q2_y_Bin_7)_(z_pT_Bin_32)_(MultiDim_z_pT_Bin_Y_bin_phi_t)_(Normalized)[0m (Histo Num 49640)
Fitting for: [1m(MultiDim_3D_Histo)_(RC_Bayesian)_(SMEAR=Smear)_(Q2_y_Bin_7)_(z_pT_Bin_32)_(MultiDim_z_pT_Bin_Y_bin_phi_t)_(Normalized)[0m (Histo Num 49641)
Fitting for: [1m(MultiDim_3D_Histo)_(BC_RC_Bayesian)_(SMEAR=Smear)_(Q2_y_Bin_7)_(z_pT_Bin_32)_(MultiDim_z_pT_Bin_Y_bin_phi_t)_(Normalized)[0m (Histo Num 49642)
Fitting for: [1m(MultiDim_3D_Histo)_(Bayesian)_(SMEAR=Smear)_(Q2_y_Bin_7)_(z_pT_Bin_33)_(MultiDim_z_pT_Bin_Y_bin_phi_t)_(Normalized)[0m (Histo Num 49646)
Fitting for: [1m(MultiDim_3D_Histo)_(RC_Bayesian)_(SMEAR=Smear)_(Q2_y_Bin_7)_(z_pT_Bin_33)_(MultiDim_z_pT_Bin_Y_bin_phi_t)_(Normalized)[0m (Histo Num 49647)
Fitting for: [1m(MultiDim_3D_Histo)_(BC_RC_Bayesian)_(SMEAR=Smear)_(Q2_y_Bin_7)_(z_pT_Bin_33)_(MultiDim_z_pT_Bin_Y_bin_phi_t)_(Normalized)[0m (Histo Num 49648)
Fitting for: [1m(MultiDim_3D_Histo)_(Bayesian)_(SMEAR=Smear)_(Q2_y_Bin_7)_(z_pT_Bin_34)_(MultiDim_z_pT_Bin_Y_bin_phi_t)_(Normalized)[0m (Histo Num 49652)
Fitting for: [1m(MultiDim_3D_Histo)_(RC_Bayesian)_(SMEAR=Smear)_(Q2_y_Bin_7)_(z_pT_Bin_34)_(MultiDim_z_pT_Bin_Y_bin_phi_t)_(Normalized)[0m (Histo Num 49653)
Fitting for: [1m(MultiDim_3D_Histo)_(BC_RC_Bayesian)_(SMEAR=Smear)_(Q2_y_Bin_7)_(z_pT_Bin_34)_(MultiDim_z_pT_Bin_Y_bin_phi_t)_(Normalized)[0m (Histo Num 49654)
Fitting for: [1m(MultiDim_3D_Histo)_(Bayesian)_(SMEAR=Smear)_(Q2_y_Bin_7)_(z_pT_Bin_35)_(MultiDim_z_pT_Bin_Y_bin_phi_t)_(Normalized)[0m (Histo Num 49658)
Fitting for: [1m(MultiDim_3D_Histo)_(RC_Bayesian)_(SMEAR=Smear)_(Q2_y_Bin_7)_(z_pT_Bin_35)_(MultiDim_z_pT_Bin_Y_bin_phi_t)_(Normalized)[0m (Histo Num 49659)
Fitting for: [1m(MultiDim_3D_Histo)_(BC_RC_Bayesian)_(SMEAR=Smear)_(Q2_y_Bin_7)_(z_pT_Bin_35)_(MultiDim_z_pT_Bin_Y_bin_phi_t)_(Normalized)[0m (Histo Num 49660)
Fitting for: [1m(MultiDim_3D_Histo)_(Bayesian)_(SMEAR=Smear)_(Q2_y_Bin_8)_(z_pT_Bin_6)_(MultiDim_z_pT_Bin_Y_bin_phi_t)_(Normalized)[0m (Histo Num 49664)
Fitting for: [1m(MultiDim_3D_Histo)_(RC_Bayesian)_(SMEAR=Smear)_(Q2_y_Bin_8)_(z_pT_Bin_6)_(MultiDim_z_pT_Bin_Y_bin_phi_t)_(Normalized)[0m (Histo Num 49665)
Fitting for: [1m(MultiDim_3D_Histo)_(BC_RC_Bayesian)_(SMEAR=Smear)_(Q2_y_Bin_8)_(z_pT_Bin_6)_(MultiDim_z_pT_Bin_Y_bin_phi_t)_(Normalized)[0m (Histo Num 49666)
Fitting for: [1m(MultiDim_3D_Histo)_(Bayesian)_(SMEAR=Smear)_(Q2_y_Bin_8)_(z_pT_Bin_7)_(MultiDim_z_pT_Bin_Y_bin_phi_t)_(Normalized)[0m (Histo Num 49670)
Fitting for: [1m(MultiDim_3D_Histo)_(RC_Bayesian)_(SMEAR=Smear)_(Q2_y_Bin_8)_(z_pT_Bin_7)_(MultiDim_z_pT_Bin_Y_bin_phi_t)_(Normalized)[0m (Histo Num 49671)
Fitting for: [1m(MultiDim_3D_Histo)_(BC_RC_Bayesian)_(SMEAR=Smear)_(Q2_y_Bin_8)_(z_pT_Bin_7)_(MultiDim_z_pT_Bin_Y_bin_phi_t)_(Normalized)[0m (Histo Num 49672)
Fitting for: [1m(MultiDim_3D_Histo)_(Bayesian)_(SMEAR=Smear)_(Q2_y_Bin_8)_(z_pT_Bin_8)_(MultiDim_z_pT_Bin_Y_bin_phi_t)_(Normalized)[0m (Histo Num 49676)
Fitting for: [1m(MultiDim_3D_Histo)_(RC_Bayesian)_(SMEAR=Smear)_(Q2_y_Bin_8)_(z_pT_Bin_8)_(MultiDim_z_pT_Bin_Y_bin_phi_t)_(Normalized)[0m (Histo Num 49677)
Fitting for: [1m(MultiDim_3D_Histo)_(BC_RC_Bayesian)_(SMEAR=Smear)_(Q2_y_Bin_8)_(z_pT_Bin_8)_(MultiDim_z_pT_Bin_Y_bin_phi_t)_(Normalized)[0m (Histo Num 49678)
Fitting for: [1m(MultiDim_3D_Histo)_(Bayesian)_(SMEAR=Smear)_(Q2_y_Bin_8)_(z_pT_Bin_9)_(MultiDim_z_pT_Bin_Y_bin_phi_t)_(Normalized)[0m (Histo Num 49682)
Fitting for: [1m(MultiDim_3D_Histo)_(RC_Bayesian)_(SMEAR=Smear)_(Q2_y_Bin_8)_(z_pT_Bin_9)_(MultiDim_z_pT_Bin_Y_bin_phi_t)_(Normalized)[0m (Histo Num 49683)
Fitting for: [1m(MultiDim_3D_Histo)_(BC_RC_Bayesian)_(SMEAR=Smear)_(Q2_y_Bin_8)_(z_pT_Bin_9)_(MultiDim_z_pT_Bin_Y_bin_phi_t)_(Normalized)[0m (Histo Num 49684)
Fitting for: [1m(MultiDim_3D_Histo)_(Bayesian)_(SMEAR=Smear)_(Q2_y_Bin_8)_(z_pT_Bin_10)_(MultiDim_z_pT_Bin_Y_bin_phi_t)_(Normalized)[0m (Histo Num 49688)
Fitting for: [1m(MultiDim_3D_Histo)_(RC_Bayesian)_(SMEAR=Smear)_(Q2_y_Bin_8)_(z_pT_Bin_10)_(MultiDim_z_pT_Bin_Y_bin_phi_t)_(Normalized)[0m (Histo Num 49689)
Fitting for: [1m(MultiDim_3D_Histo)_(BC_RC_Bayesian)_(SMEAR=Smear)_(Q2_y_Bin_8)_(z_pT_Bin_10)_(MultiDim_z_pT_Bin_Y_bin_phi_t)_(Normalized)[0m (Histo Num 49690)
Fitting for: [1m(MultiDim_3D_Histo)_(Bayesian)_(SMEAR=Smear)_(Q2_y_Bin_8)_(z_pT_Bin_11)_(MultiDim_z_pT_Bin_Y_bin_phi_t)_(Normalized)[0m (Histo Num 49694)
Fitting for: [1m(MultiDim_3D_Histo)_(RC_Bayesian)_(SMEAR=Smear)_(Q2_y_Bin_8)_(z_pT_Bin_11)_(MultiDim_z_pT_Bin_Y_bin_phi_t)_(Normalized)[0m (Histo Num 49695)
Fitting for: [1m(MultiDim_3D_Histo)_(BC_RC_Bayesian)_(SMEAR=Smear)_(Q2_y_Bin_8)_(z_pT_Bin_11)_(MultiDim_z_pT_Bin_Y_bin_phi_t)_(Normalized)[0m (Histo Num 49696)
Fitting for: [1m(MultiDim_3D_Histo)_(Bayesian)_(SMEAR=Smear)_(Q2_y_Bin_8)_(z_pT_Bin_12)_(MultiDim_z_pT_Bin_Y_bin_phi_t)_(Normalized)[0m (Histo Num 49700)
Fitting for: [1m(MultiDim_3D_Histo)_(RC_Bayesian)_(SMEAR=Smear)_(Q2_y_Bin_8)_(z_pT_Bin_12)_(MultiDim_z_pT_Bin_Y_bin_phi_t)_(Normalized)[0m (Histo Num 49701)
Fitting for: [1m(MultiDim_3D_Histo)_(BC_RC_Bayesian)_(SMEAR=Smear)_(Q2_y_Bin_8)_(z_pT_Bin_12)_(MultiDim_z_pT_Bin_Y_bin_phi_t)_(Normalized)[0m (Histo Num 49702)
Fitting for: [1m(MultiDim_3D_Histo)_(Bayesian)_(SMEAR=Smear)_(Q2_y_Bin_8)_(z_pT_Bin_13)_(MultiDim_z_pT_Bin_Y_bin_phi_t)_(Normalized)[0m (Histo Num 49706)
Fitting for: [1m(MultiDim_3D_Histo)_(RC_Bayesian)_(SMEAR=Smear)_(Q2_y_Bin_8)_(z_pT_Bin_13)_(MultiDim_z_pT_Bin_Y_bin_phi_t)_(Normalized)[0m (Histo Num 49707)
Fitting for: [1m(MultiDim_3D_Histo)_(BC_RC_Bayesian)_(SMEAR=Smear)_(Q2_y_Bin_8)_(z_pT_Bin_13)_(MultiDim_z_pT_Bin_Y_bin_phi_t)_(Normalized)[0m (Histo Num 49708)
Fitting for: [1m(MultiDim_3D_Histo)_(Bayesian)_(SMEAR=Smear)_(Q2_y_Bin_8)_(z_pT_Bin_14)_(MultiDim_z_pT_Bin_Y_bin_phi_t)_(Normalized)[0m (Histo Num 49712)
Fitting for: [1m(MultiDim_3D_Histo)_(RC_Bayesian)_(SMEAR=Smear)_(Q2_y_Bin_8)_(z_pT_Bin_14)_(MultiDim_z_pT_Bin_Y_bin_phi_t)_(Normalized)[0m (Histo Num 49713)
Fitting for: [1m(MultiDim_3D_Histo)_(BC_RC_Bayesian)_(SMEAR=Smear)_(Q2_y_Bin_8)_(z_pT_Bin_14)_(MultiDim_z_pT_Bin_Y_bin_phi_t)_(Normalized)[0m (Histo Num 49714)
Fitting for: [1m(MultiDim_3D_Histo)_(Bayesian)_(SMEAR=Smear)_(Q2_y_Bin_8)_(z_pT_Bin_15)_(MultiDim_z_pT_Bin_Y_bin_phi_t)_(Normalized)[0m (Histo Num 49718)
Fitting for: [1m(MultiDim_3D_Histo)_(RC_Bayesian)_(SMEAR=Smear)_(Q2_y_Bin_8)_(z_pT_Bin_15)_(MultiDim_z_pT_Bin_Y_bin_phi_t)_(Normalized)[0m (Histo Num 49719)
Fitting for: [1m(MultiDim_3D_Histo)_(BC_RC_Bayesian)_(SMEAR=Smear)_(Q2_y_Bin_8)_(z_pT_Bin_15)_(MultiDim_z_pT_Bin_Y_bin_phi_t)_(Normalized)[0m (Histo Num 49720)
Fitting for: [1m(MultiDim_3D_Histo)_(Bayesian)_(SMEAR=Smear)_(Q2_y_Bin_8)_(z_pT_Bin_16)_(MultiDim_z_pT_Bin_Y_bin_phi_t)_(Normalized)[0m (Histo Num 49724)
Fitting for: [1m(MultiDim_3D_Histo)_(RC_Bayesian)_(SMEAR=Smear)_(Q2_y_Bin_8)_(z_pT_Bin_16)_(MultiDim_z_pT_Bin_Y_bin_phi_t)_(Normalized)[0m (Histo Num 49725)
Fitting for: [1m(MultiDim_3D_Histo)_(BC_RC_Bayesian)_(SMEAR=Smear)_(Q2_y_Bin_8)_(z_pT_Bin_16)_(MultiDim_z_pT_Bin_Y_bin_phi_t)_(Normalized)[0m (Histo Num 49726)
Fitting for: [1m(MultiDim_3D_Histo)_(Bayesian)_(SMEAR=Smear)_(Q2_y_Bin_8)_(z_pT_Bin_17)_(MultiDim_z_pT_Bin_Y_bin_phi_t)_(Normalized)[0m (Histo Num 49730)
Fitting for: [1m(MultiDim_3D_Histo)_(RC_Bayesian)_(SMEAR=Smear)_(Q2_y_Bin_8)_(z_pT_Bin_17)_(MultiDim_z_pT_Bin_Y_bin_phi_t)_(Normalized)[0m (Histo Num 49731)
Fitting for: [1m(MultiDim_3D_Histo)_(BC_RC_Bayesian)_(SMEAR=Smear)_(Q2_y_Bin_8)_(z_pT_Bin_17)_(MultiDim_z_pT_Bin_Y_bin_phi_t)_(Normalized)[0m (Histo Num 49732)
Fitting for: [1m(MultiDim_3D_Histo)_(Bayesian)_(SMEAR=Smear)_(Q2_y_Bin_8)_(z_pT_Bin_18)_(MultiDim_z_pT_Bin_Y_bin_phi_t)_(Normalized)[0m (Histo Num 49736)
Fitting for: [1m(MultiDim_3D_Histo)_(RC_Bayesian)_(SMEAR=Smear)_(Q2_y_Bin_8)_(z_pT_Bin_18)_(MultiDim_z_pT_Bin_Y_bin_phi_t)_(Normalized)[0m (Histo Num 49737)
Fitting for: [1m(MultiDim_3D_Histo)_(BC_RC_Bayesian)_(SMEAR=Smear)_(Q2_y_Bin_8)_(z_pT_Bin_18)_(MultiDim_z_pT_Bin_Y_bin_phi_t)_(Normalized)[0m (Histo Num 49738)
Fitting for: [1m(MultiDim_3D_Histo)_(Bayesian)_(SMEAR=Smear)_(Q2_y_Bin_8)_(z_pT_Bin_19)_(MultiDim_z_pT_Bin_Y_bin_phi_t)_(Normalized)[0m (Histo Num 49742)
Fitting for: [1m(MultiDim_3D_Histo)_(RC_Bayesian)_(SMEAR=Smear)_(Q2_y_Bin_8)_(z_pT_Bin_19)_(MultiDim_z_pT_Bin_Y_bin_phi_t)_(Normalized)[0m (Histo Num 49743)
Fitting for: [1m(MultiDim_3D_Histo)_(BC_RC_Bayesian)_(SMEAR=Smear)_(Q2_y_Bin_8)_(z_pT_Bin_19)_(MultiDim_z_pT_Bin_Y_bin_phi_t)_(Normalized)[0m (Histo Num 49744)
Fitting for: [1m(MultiDim_3D_Histo)_(Bayesian)_(SMEAR=Smear)_(Q2_y_Bin_8)_(z_pT_Bin_20)_(MultiDim_z_pT_Bin_Y_bin_phi_t)_(Normalized)[0m (Histo Num 49748)
Fitting for: [1m(MultiDim_3D_Histo)_(RC_Bayesian)_(SMEAR=Smear)_(Q2_y_Bin_8)_(z_pT_Bin_20)_(MultiDim_z_pT_Bin_Y_bin_phi_t)_(Normalized)[0m (Histo Num 49749)
Fitting for: [1m(MultiDim_3D_Histo)_(BC_RC_Bayesian)_(SMEAR=Smear)_(Q2_y_Bin_8)_(z_pT_Bin_20)_(MultiDim_z_pT_Bin_Y_bin_phi_t)_(Normalized)[0m (Histo Num 49750)
Fitting for: [1m(MultiDim_3D_Histo)_(Bayesian)_(SMEAR=Smear)_(Q2_y_Bin_8)_(z_pT_Bin_21)_(MultiDim_z_pT_Bin_Y_bin_phi_t)_(Normalized)[0m (Histo Num 49754)
Fitting for: [1m(MultiDim_3D_Histo)_(RC_Bayesian)_(SMEAR=Smear)_(Q2_y_Bin_8)_(z_pT_Bin_21)_(MultiDim_z_pT_Bin_Y_bin_phi_t)_(Normalized)[0m (Histo Num 49755)
Fitting for: [1m(MultiDim_3D_Histo)_(BC_RC_Bayesian)_(SMEAR=Smear)_(Q2_y_Bin_8)_(z_pT_Bin_21)_(MultiDim_z_pT_Bin_Y_bin_phi_t)_(Normalized)[0m (Histo Num 49756)
Fitting for: [1m(MultiDim_3D_Histo)_(Bayesian)_(SMEAR=Smear)_(Q2_y_Bin_8)_(z_pT_Bin_22)_(MultiDim_z_pT_Bin_Y_bin_phi_t)_(Normalized)[0m (Histo Num 49760)
Fitting for: [1m(MultiDim_3D_Histo)_(RC_Bayesian)_(SMEAR=Smear)_(Q2_y_Bin_8)_(z_pT_Bin_22)_(MultiDim_z_pT_Bin_Y_bin_phi_t)_(Normalized)[0m (Histo Num 49761)
Fitting for: [1m(MultiDim_3D_Histo)_(BC_RC_Bayesian)_(SMEAR=Smear)_(Q2_y_Bin_8)_(z_pT_Bin_22)_(MultiDim_z_pT_Bin_Y_bin_phi_t)_(Normalized)[0m (Histo Num 49762)
Fitting for: [1m(MultiDim_3D_Histo)_(Bayesian)_(SMEAR=Smear)_(Q2_y_Bin_8)_(z_pT_Bin_23)_(MultiDim_z_pT_Bin_Y_bin_phi_t)_(Normalized)[0m (Histo Num 49766)
Fitting for: [1m(MultiDim_3D_Histo)_(RC_Bayesian)_(SMEAR=Smear)_(Q2_y_Bin_8)_(z_pT_Bin_23)_(MultiDim_z_pT_Bin_Y_bin_phi_t)_(Normalized)[0m (Histo Num 49767)
Fitting for: [1m(MultiDim_3D_Histo)_(BC_RC_Bayesian)_(SMEAR=Smear)_(Q2_y_Bin_8)_(z_pT_Bin_23)_(MultiDim_z_pT_Bin_Y_bin_phi_t)_(Normalized)[0m (Histo Num 49768)
Fitting for: [1m(MultiDim_3D_Histo)_(Bayesian)_(SMEAR=Smear)_(Q2_y_Bin_8)_(z_pT_Bin_24)_(MultiDim_z_pT_Bin_Y_bin_phi_t)_(Normalized)[0m (Histo Num 49772)
Fitting for: [1m(MultiDim_3D_Histo)_(RC_Bayesian)_(SMEAR=Smear)_(Q2_y_Bin_8)_(z_pT_Bin_24)_(MultiDim_z_pT_Bin_Y_bin_phi_t)_(Normalized)[0m (Histo Num 49773)
Fitting for: [1m(MultiDim_3D_Histo)_(BC_RC_Bayesian)_(SMEAR=Smear)_(Q2_y_Bin_8)_(z_pT_Bin_24)_(MultiDim_z_pT_Bin_Y_bin_phi_t)_(Normalized)[0m (Histo Num 49774)
Fitting for: [1m(MultiDim_3D_Histo)_(Bayesian)_(SMEAR=Smear)_(Q2_y_Bin_8)_(z_pT_Bin_25)_(MultiDim_z_pT_Bin_Y_bin_phi_t)_(Normalized)[0m (Histo Num 49778)
Fitting for: [1m(MultiDim_3D_Histo)_(RC_Bayesian)_(SMEAR=Smear)_(Q2_y_Bin_8)_(z_pT_Bin_25)_(MultiDim_z_pT_Bin_Y_bin_phi_t)_(Normalized)[0m (Histo Num 49779)
Fitting for: [1m(MultiDim_3D_Histo)_(BC_RC_Bayesian)_(SMEAR=Smear)_(Q2_y_Bin_8)_(z_pT_Bin_25)_(MultiDim_z_pT_Bin_Y_bin_phi_t)_(Normalized)[0m (Histo Num 49780)
Fitting for: [1m(MultiDim_3D_Histo)_(Bayesian)_(SMEAR=Smear)_(Q2_y_Bin_8)_(z_pT_Bin_26)_(MultiDim_z_pT_Bin_Y_bin_phi_t)_(Normalized)[0m (Histo Num 49784)
Fitting for: [1m(MultiDim_3D_Histo)_(RC_Bayesian)_(SMEAR=Smear)_(Q2_y_Bin_8)_(z_pT_Bin_26)_(MultiDim_z_pT_Bin_Y_bin_phi_t)_(Normalized)[0m (Histo Num 49785)
Fitting for: [1m(MultiDim_3D_Histo)_(BC_RC_Bayesian)_(SMEAR=Smear)_(Q2_y_Bin_8)_(z_pT_Bin_26)_(MultiDim_z_pT_Bin_Y_bin_phi_t)_(Normalized)[0m (Histo Num 49786)
Fitting for: [1m(MultiDim_3D_Histo)_(Bayesian)_(SMEAR=Smear)_(Q2_y_Bin_8)_(z_pT_Bin_27)_(MultiDim_z_pT_Bin_Y_bin_phi_t)_(Normalized)[0m (Histo Num 49790)
Fitting for: [1m(MultiDim_3D_Histo)_(RC_Bayesian)_(SMEAR=Smear)_(Q2_y_Bin_8)_(z_pT_Bin_27)_(MultiDim_z_pT_Bin_Y_bin_phi_t)_(Normalized)[0m (Histo Num 49791)
Fitting for: [1m(MultiDim_3D_Histo)_(BC_RC_Bayesian)_(SMEAR=Smear)_(Q2_y_Bin_8)_(z_pT_Bin_27)_(MultiDim_z_pT_Bin_Y_bin_phi_t)_(Normalized)[0m (Histo Num 49792)
Fitting for: [1m(MultiDim_3D_Histo)_(Bayesian)_(SMEAR=Smear)_(Q2_y_Bin_8)_(z_pT_Bin_28)_(MultiDim_z_pT_Bin_Y_bin_phi_t)_(Normalized)[0m (Histo Num 49796)
Fitting for: [1m(MultiDim_3D_Histo)_(RC_Bayesian)_(SMEAR=Smear)_(Q2_y_Bin_8)_(z_pT_Bin_28)_(MultiDim_z_pT_Bin_Y_bin_phi_t)_(Normalized)[0m (Histo Num 49797)
Fitting for: [1m(MultiDim_3D_Histo)_(BC_RC_Bayesian)_(SMEAR=Smear)_(Q2_y_Bin_8)_(z_pT_Bin_28)_(MultiDim_z_pT_Bin_Y_bin_phi_t)_(Normalized)[0m (Histo Num 49798)
Fitting for: [1m(MultiDim_3D_Histo)_(Bayesian)_(SMEAR=Smear)_(Q2_y_Bin_8)_(z_pT_Bin_29)_(MultiDim_z_pT_Bin_Y_bin_phi_t)_(Normalized)[0m (Histo Num 49802)
Fitting for: [1m(MultiDim_3D_Histo)_(RC_Bayesian)_(SMEAR=Smear)_(Q2_y_Bin_8)_(z_pT_Bin_29)_(MultiDim_z_pT_Bin_Y_bin_phi_t)_(Normalized)[0m (Histo Num 49803)
Fitting for: [1m(MultiDim_3D_Histo)_(BC_RC_Bayesian)_(SMEAR=Smear)_(Q2_y_Bin_8)_(z_pT_Bin_29)_(MultiDim_z_pT_Bin_Y_bin_phi_t)_(Normalized)[0m (Histo Num 49804)
Fitting for: [1m(MultiDim_3D_Histo)_(Bayesian)_(SMEAR=Smear)_(Q2_y_Bin_8)_(z_pT_Bin_30)_(MultiDim_z_pT_Bin_Y_bin_phi_t)_(Normalized)[0m (Histo Num 49808)
Fitting for: [1m(MultiDim_3D_Histo)_(RC_Bayesian)_(SMEAR=Smear)_(Q2_y_Bin_8)_(z_pT_Bin_30)_(MultiDim_z_pT_Bin_Y_bin_phi_t)_(Normalized)[0m (Histo Num 49809)
Fitting for: [1m(MultiDim_3D_Histo)_(BC_RC_Bayesian)_(SMEAR=Smear)_(Q2_y_Bin_8)_(z_pT_Bin_30)_(MultiDim_z_pT_Bin_Y_bin_phi_t)_(Normalized)[0m (Histo Num 49810)
Fitting for: [1m(MultiDim_3D_Histo)_(Bayesian)_(SMEAR=Smear)_(Q2_y_Bin_8)_(z_pT_Bin_31)_(MultiDim_z_pT_Bin_Y_bin_phi_t)_(Normalized)[0m (Histo Num 49814)
Fitting for: [1m(MultiDim_3D_Histo)_(RC_Bayesian)_(SMEAR=Smear)_(Q2_y_Bin_8)_(z_pT_Bin_31)_(MultiDim_z_pT_Bin_Y_bin_phi_t)_(Normalized)[0m (Histo Num 49815)
Fitting for: [1m(MultiDim_3D_Histo)_(BC_RC_Bayesian)_(SMEAR=Smear)_(Q2_y_Bin_8)_(z_pT_Bin_31)_(MultiDim_z_pT_Bin_Y_bin_phi_t)_(Normalized)[0m (Histo Num 49816)
Fitting for: [1m(MultiDim_3D_Histo)_(Bayesian)_(SMEAR=Smear)_(Q2_y_Bin_8)_(z_pT_Bin_32)_(MultiDim_z_pT_Bin_Y_bin_phi_t)_(Normalized)[0m (Histo Num 49820)
Fitting for: [1m(MultiDim_3D_Histo)_(RC_Bayesian)_(SMEAR=Smear)_(Q2_y_Bin_8)_(z_pT_Bin_32)_(MultiDim_z_pT_Bin_Y_bin_phi_t)_(Normalized)[0m (Histo Num 49821)
Fitting for: [1m(MultiDim_3D_Histo)_(BC_RC_Bayesian)_(SMEAR=Smear)_(Q2_y_Bin_8)_(z_pT_Bin_32)_(MultiDim_z_pT_Bin_Y_bin_phi_t)_(Normalized)[0m (Histo Num 49822)
Fitting for: [1m(MultiDim_3D_Histo)_(Bayesian)_(SMEAR=Smear)_(Q2_y_Bin_8)_(z_pT_Bin_33)_(MultiDim_z_pT_Bin_Y_bin_phi_t)_(Normalized)[0m (Histo Num 49826)
Fitting for: [1m(MultiDim_3D_Histo)_(RC_Bayesian)_(SMEAR=Smear)_(Q2_y_Bin_8)_(z_pT_Bin_33)_(MultiDim_z_pT_Bin_Y_bin_phi_t)_(Normalized)[0m (Histo Num 49827)
Fitting for: [1m(MultiDim_3D_Histo)_(BC_RC_Bayesian)_(SMEAR=Smear)_(Q2_y_Bin_8)_(z_pT_Bin_33)_(MultiDim_z_pT_Bin_Y_bin_phi_t)_(Normalized)[0m (Histo Num 49828)
Fitting for: [1m(MultiDim_3D_Histo)_(Bayesian)_(SMEAR=Smear)_(Q2_y_Bin_8)_(z_pT_Bin_34)_(MultiDim_z_pT_Bin_Y_bin_phi_t)_(Normalized)[0m (Histo Num 49832)
Fitting for: [1m(MultiDim_3D_Histo)_(RC_Bayesian)_(SMEAR=Smear)_(Q2_y_Bin_8)_(z_pT_Bin_34)_(MultiDim_z_pT_Bin_Y_bin_phi_t)_(Normalized)[0m (Histo Num 49833)
Fitting for: [1m(MultiDim_3D_Histo)_(BC_RC_Bayesian)_(SMEAR=Smear)_(Q2_y_Bin_8)_(z_pT_Bin_34)_(MultiDim_z_pT_Bin_Y_bin_phi_t)_(Normalized)[0m (Histo Num 49834)
Fitting for: [1m(MultiDim_3D_Histo)_(Bayesian)_(SMEAR=Smear)_(Q2_y_Bin_9)_(z_pT_Bin_1)_(MultiDim_z_pT_Bin_Y_bin_phi_t)_(Normalized)[0m (Histo Num 49838)
Fitting for: [1m(MultiDim_3D_Histo)_(RC_Bayesian)_(SMEAR=Smear)_(Q2_y_Bin_9)_(z_pT_Bin_1)_(MultiDim_z_pT_Bin_Y_bin_phi_t)_(Normalized)[0m (Histo Num 49839)
Fitting for: [1m(MultiDim_3D_Histo)_(BC_RC_Bayesian)_(SMEAR=Smear)_(Q2_y_Bin_9)_(z_pT_Bin_1)_(MultiDim_z_pT_Bin_Y_bin_phi_t)_(Normalized)[0m (Histo Num 49840)
Fitting for: [1m(MultiDim_3D_Histo)_(Bayesian)_(SMEAR=Smear)_(Q2_y_Bin_9)_(z_pT_Bin_2)_(MultiDim_z_pT_Bin_Y_bin_phi_t)_(Normalized)[0m (Histo Num 49844)
Fitting for: [1m(MultiDim_3D_Histo)_(RC_Bayesian)_(SMEAR=Smear)_(Q2_y_Bin_9)_(z_pT_Bin_2)_(MultiDim_z_pT_Bin_Y_bin_phi_t)_(Normalized)[0m (Histo Num 49845)
Fitting for: [1m(MultiDim_3D_Histo)_(BC_RC_Bayesian)_(SMEAR=Smear)_(Q2_y_Bin_9)_(z_pT_Bin_2)_(MultiDim_z_pT_Bin_Y_bin_phi_t)_(Normalized)[0m (Histo Num 49846)
Fitting for: [1m(MultiDim_3D_Histo)_(Bayesian)_(SMEAR=Smear)_(Q2_y_Bin_9)_(z_pT_Bin_3)_(MultiDim_z_pT_Bin_Y_bin_phi_t)_(Normalized)[0m (Histo Num 49850)
Fitting for: [1m(MultiDim_3D_Histo)_(RC_Bayesian)_(SMEAR=Smear)_(Q2_y_Bin_9)_(z_pT_Bin_3)_(MultiDim_z_pT_Bin_Y_bin_phi_t)_(Normalized)[0m (Histo Num 49851)
Fitting for: [1m(MultiDim_3D_Histo)_(BC_RC_Bayesian)_(SMEAR=Smear)_(Q2_y_Bin_9)_(z_pT_Bin_3)_(MultiDim_z_pT_Bin_Y_bin_phi_t)_(Normalized)[0m (Histo Num 49852)
Fitting for: [1m(MultiDim_3D_Histo)_(Bayesian)_(SMEAR=Smear)_(Q2_y_Bin_9)_(z_pT_Bin_4)_(MultiDim_z_pT_Bin_Y_bin_phi_t)_(Normalized)[0m (Histo Num 49856)
Fitting for: [1m(MultiDim_3D_Histo)_(RC_Bayesian)_(SMEAR=Smear)_(Q2_y_Bin_9)_(z_pT_Bin_4)_(MultiDim_z_pT_Bin_Y_bin_phi_t)_(Normalized)[0m (Histo Num 49857)
Fitting for: [1m(MultiDim_3D_Histo)_(BC_RC_Bayesian)_(SMEAR=Smear)_(Q2_y_Bin_9)_(z_pT_Bin_4)_(MultiDim_z_pT_Bin_Y_bin_phi_t)_(Normalized)[0m (Histo Num 49858)
Fitting for: [1m(MultiDim_3D_Histo)_(Bayesian)_(SMEAR=Smear)_(Q2_y_Bin_9)_(z_pT_Bin_5)_(MultiDim_z_pT_Bin_Y_bin_phi_t)_(Normalized)[0m (Histo Num 49862)
Fitting for: [1m(MultiDim_3D_Histo)_(RC_Bayesian)_(SMEAR=Smear)_(Q2_y_Bin_9)_(z_pT_Bin_5)_(MultiDim_z_pT_Bin_Y_bin_phi_t)_(Normalized)[0m (Histo Num 49863)
Fitting for: [1m(MultiDim_3D_Histo)_(BC_RC_Bayesian)_(SMEAR=Smear)_(Q2_y_Bin_9)_(z_pT_Bin_5)_(MultiDim_z_pT_Bin_Y_bin_phi_t)_(Normalized)[0m (Histo Num 49864)
Fitting for: [1m(MultiDim_3D_Histo)_(Bayesian)_(SMEAR=Smear)_(Q2_y_Bin_9)_(z_pT_Bin_6)_(MultiDim_z_pT_Bin_Y_bin_phi_t)_(Normalized)[0m (Histo Num 49868)
Fitting for: [1m(MultiDim_3D_Histo)_(RC_Bayesian)_(SMEAR=Smear)_(Q2_y_Bin_9)_(z_pT_Bin_6)_(MultiDim_z_pT_Bin_Y_bin_phi_t)_(Normalized)[0m (Histo Num 49869)
Fitting for: [1m(MultiDim_3D_Histo)_(BC_RC_Bayesian)_(SMEAR=Smear)_(Q2_y_Bin_9)_(z_pT_Bin_6)_(MultiDim_z_pT_Bin_Y_bin_phi_t)_(Normalized)[0m (Histo Num 49870)
Fitting for: [1m(MultiDim_3D_Histo)_(Bayesian)_(SMEAR=Smear)_(Q2_y_Bin_9)_(z_pT_Bin_7)_(MultiDim_z_pT_Bin_Y_bin_phi_t)_(Normalized)[0m (Histo Num 49874)
Fitting for: [1m(MultiDim_3D_Histo)_(RC_Bayesian)_(SMEAR=Smear)_(Q2_y_Bin_9)_(z_pT_Bin_7)_(MultiDim_z_pT_Bin_Y_bin_phi_t)_(Normalized)[0m (Histo Num 49875)
Fitting for: [1m(MultiDim_3D_Histo)_(BC_RC_Bayesian)_(SMEAR=Smear)_(Q2_y_Bin_9)_(z_pT_Bin_7)_(MultiDim_z_pT_Bin_Y_bin_phi_t)_(Normalized)[0m (Histo Num 49876)
Fitting for: [1m(MultiDim_3D_Histo)_(Bayesian)_(SMEAR=Smear)_(Q2_y_Bin_9)_(z_pT_Bin_8)_(MultiDim_z_pT_Bin_Y_bin_phi_t)_(Normalized)[0m (Histo Num 49880)
Fitting for: [1m(MultiDim_3D_Histo)_(RC_Bayesian)_(SMEAR=Smear)_(Q2_y_Bin_9)_(z_pT_Bin_8)_(MultiDim_z_pT_Bin_Y_bin_phi_t)_(Normalized)[0m (Histo Num 49881)
Fitting for: [1m(MultiDim_3D_Histo)_(BC_RC_Bayesian)_(SMEAR=Smear)_(Q2_y_Bin_9)_(z_pT_Bin_8)_(MultiDim_z_pT_Bin_Y_bin_phi_t)_(Normalized)[0m (Histo Num 49882)
Fitting for: [1m(MultiDim_3D_Histo)_(Bayesian)_(SMEAR=Smear)_(Q2_y_Bin_9)_(z_pT_Bin_9)_(MultiDim_z_pT_Bin_Y_bin_phi_t)_(Normalized)[0m (Histo Num 49886)
Fitting for: [1m(MultiDim_3D_Histo)_(RC_Bayesian)_(SMEAR=Smear)_(Q2_y_Bin_9)_(z_pT_Bin_9)_(MultiDim_z_pT_Bin_Y_bin_phi_t)_(Normalized)[0m (Histo Num 49887)
Fitting for: [1m(MultiDim_3D_Histo)_(BC_RC_Bayesian)_(SMEAR=Smear)_(Q2_y_Bin_9)_(z_pT_Bin_9)_(MultiDim_z_pT_Bin_Y_bin_phi_t)_(Normalized)[0m (Histo Num 49888)
Fitting for: [1m(MultiDim_3D_Histo)_(Bayesian)_(SMEAR=Smear)_(Q2_y_Bin_9)_(z_pT_Bin_10)_(MultiDim_z_pT_Bin_Y_bin_phi_t)_(Normalized)[0m (Histo Num 49892)
Fitting for: [1m(MultiDim_3D_Histo)_(RC_Bayesian)_(SMEAR=Smear)_(Q2_y_Bin_9)_(z_pT_Bin_10)_(MultiDim_z_pT_Bin_Y_bin_phi_t)_(Normalized)[0m (Histo Num 49893)
Fitting for: [1m(MultiDim_3D_Histo)_(BC_RC_Bayesian)_(SMEAR=Smear)_(Q2_y_Bin_9)_(z_pT_Bin_10)_(MultiDim_z_pT_Bin_Y_bin_phi_t)_(Normalized)[0m (Histo Num 49894)
Fitting for: [1m(MultiDim_3D_Histo)_(Bayesian)_(SMEAR=Smear)_(Q2_y_Bin_9)_(z_pT_Bin_11)_(MultiDim_z_pT_Bin_Y_bin_phi_t)_(Normalized)[0m (Histo Num 49898)
Fitting for: [1m(MultiDim_3D_Histo)_(RC_Bayesian)_(SMEAR=Smear)_(Q2_y_Bin_9)_(z_pT_Bin_11)_(MultiDim_z_pT_Bin_Y_bin_phi_t)_(Normalized)[0m (Histo Num 49899)
Fitting for: [1m(MultiDim_3D_Histo)_(BC_RC_Bayesian)_(SMEAR=Smear)_(Q2_y_Bin_9)_(z_pT_Bin_11)_(MultiDim_z_pT_Bin_Y_bin_phi_t)_(Normalized)[0m (Histo Num 49900)
Fitting for: [1m(MultiDim_3D_Histo)_(Bayesian)_(SMEAR=Smear)_(Q2_y_Bin_9)_(z_pT_Bin_12)_(MultiDim_z_pT_Bin_Y_bin_phi_t)_(Normalized)[0m (Histo Num 49904)
Fitting for: [1m(MultiDim_3D_Histo)_(RC_Bayesian)_(SMEAR=Smear)_(Q2_y_Bin_9)_(z_pT_Bin_12)_(MultiDim_z_pT_Bin_Y_bin_phi_t)_(Normalized)[0m (Histo Num 49905)
Fitting for: [1m(MultiDim_3D_Histo)_(BC_RC_Bayesian)_(SMEAR=Smear)_(Q2_y_Bin_9)_(z_pT_Bin_12)_(MultiDim_z_pT_Bin_Y_bin_phi_t)_(Normalized)[0m (Histo Num 49906)
Fitting for: [1m(MultiDim_3D_Histo)_(Bayesian)_(SMEAR=Smear)_(Q2_y_Bin_9)_(z_pT_Bin_13)_(MultiDim_z_pT_Bin_Y_bin_phi_t)_(Normalized)[0m (Histo Num 49910)
Fitting for: [1m(MultiDim_3D_Histo)_(RC_Bayesian)_(SMEAR=Smear)_(Q2_y_Bin_9)_(z_pT_Bin_13)_(MultiDim_z_pT_Bin_Y_bin_phi_t)_(Normalized)[0m (Histo Num 49911)
Fitting for: [1m(MultiDim_3D_Histo)_(BC_RC_Bayesian)_(SMEAR=Smear)_(Q2_y_Bin_9)_(z_pT_Bin_13)_(MultiDim_z_pT_Bin_Y_bin_phi_t)_(Normalized)[0m (Histo Num 49912)
Fitting for: [1m(MultiDim_3D_Histo)_(Bayesian)_(SMEAR=Smear)_(Q2_y_Bin_9)_(z_pT_Bin_14)_(MultiDim_z_pT_Bin_Y_bin_phi_t)_(Normalized)[0m (Histo Num 49916)
Fitting for: [1m(MultiDim_3D_Histo)_(RC_Bayesian)_(SMEAR=Smear)_(Q2_y_Bin_9)_(z_pT_Bin_14)_(MultiDim_z_pT_Bin_Y_bin_phi_t)_(Normalized)[0m (Histo Num 49917)
Fitting for: [1m(MultiDim_3D_Histo)_(BC_RC_Bayesian)_(SMEAR=Smear)_(Q2_y_Bin_9)_(z_pT_Bin_14)_(MultiDim_z_pT_Bin_Y_bin_phi_t)_(Normalized)[0m (Histo Num 49918)
Fitting for: [1m(MultiDim_3D_Histo)_(Bayesian)_(SMEAR=Smear)_(Q2_y_Bin_9)_(z_pT_Bin_15)_(MultiDim_z_pT_Bin_Y_bin_phi_t)_(Normalized)[0m (Histo Num 49922)
Fitting for: [1m(MultiDim_3D_Histo)_(RC_Bayesian)_(SMEAR=Smear)_(Q2_y_Bin_9)_(z_pT_Bin_15)_(MultiDim_z_pT_Bin_Y_bin_phi_t)_(Normalized)[0m (Histo Num 49923)
Fitting for: [1m(MultiDim_3D_Histo)_(BC_RC_Bayesian)_(SMEAR=Smear)_(Q2_y_Bin_9)_(z_pT_Bin_15)_(MultiDim_z_pT_Bin_Y_bin_phi_t)_(Normalized)[0m (Histo Num 49924)
Fitting for: [1m(MultiDim_3D_Histo)_(Bayesian)_(SMEAR=Smear)_(Q2_y_Bin_9)_(z_pT_Bin_16)_(MultiDim_z_pT_Bin_Y_bin_phi_t)_(Normalized)[0m (Histo Num 49928)
Fitting for: [1m(MultiDim_3D_Histo)_(RC_Bayesian)_(SMEAR=Smear)_(Q2_y_Bin_9)_(z_pT_Bin_16)_(MultiDim_z_pT_Bin_Y_bin_phi_t)_(Normalized)[0m (Histo Num 49929)
Fitting for: [1m(MultiDim_3D_Histo)_(BC_RC_Bayesian)_(SMEAR=Smear)_(Q2_y_Bin_9)_(z_pT_Bin_16)_(MultiDim_z_pT_Bin_Y_bin_phi_t)_(Normalized)[0m (Histo Num 49930)
Fitting for: [1m(MultiDim_3D_Histo)_(Bayesian)_(SMEAR=Smear)_(Q2_y_Bin_9)_(z_pT_Bin_17)_(MultiDim_z_pT_Bin_Y_bin_phi_t)_(Normalized)[0m (Histo Num 49934)
Fitting for: [1m(MultiDim_3D_Histo)_(RC_Bayesian)_(SMEAR=Smear)_(Q2_y_Bin_9)_(z_pT_Bin_17)_(MultiDim_z_pT_Bin_Y_bin_phi_t)_(Normalized)[0m (Histo Num 49935)
Fitting for: [1m(MultiDim_3D_Histo)_(BC_RC_Bayesian)_(SMEAR=Smear)_(Q2_y_Bin_9)_(z_pT_Bin_17)_(MultiDim_z_pT_Bin_Y_bin_phi_t)_(Normalized)[0m (Histo Num 49936)
Fitting for: [1m(MultiDim_3D_Histo)_(Bayesian)_(SMEAR=Smear)_(Q2_y_Bin_9)_(z_pT_Bin_18)_(MultiDim_z_pT_Bin_Y_bin_phi_t)_(Normalized)[0m (Histo Num 49940)
Fitting for: [1m(MultiDim_3D_Histo)_(RC_Bayesian)_(SMEAR=Smear)_(Q2_y_Bin_9)_(z_pT_Bin_18)_(MultiDim_z_pT_Bin_Y_bin_phi_t)_(Normalized)[0m (Histo Num 49941)
Fitting for: [1m(MultiDim_3D_Histo)_(BC_RC_Bayesian)_(SMEAR=Smear)_(Q2_y_Bin_9)_(z_pT_Bin_18)_(MultiDim_z_pT_Bin_Y_bin_phi_t)_(Normalized)[0m (Histo Num 49942)
Fitting for: [1m(MultiDim_3D_Histo)_(Bayesian)_(SMEAR=Smear)_(Q2_y_Bin_9)_(z_pT_Bin_19)_(MultiDim_z_pT_Bin_Y_bin_phi_t)_(Normalized)[0m (Histo Num 49946)
Fitting for: [1m(MultiDim_3D_Histo)_(RC_Bayesian)_(SMEAR=Smear)_(Q2_y_Bin_9)_(z_pT_Bin_19)_(MultiDim_z_pT_Bin_Y_bin_phi_t)_(Normalized)[0m (Histo Num 49947)
Fitting for: [1m(MultiDim_3D_Histo)_(BC_RC_Bayesian)_(SMEAR=Smear)_(Q2_y_Bin_9)_(z_pT_Bin_19)_(MultiDim_z_pT_Bin_Y_bin_phi_t)_(Normalized)[0m (Histo Num 49948)
Fitting for: [1m(MultiDim_3D_Histo)_(Bayesian)_(SMEAR=Smear)_(Q2_y_Bin_9)_(z_pT_Bin_20)_(MultiDim_z_pT_Bin_Y_bin_phi_t)_(Normalized)[0m (Histo Num 49952)
Fitting for: [1m(MultiDim_3D_Histo)_(RC_Bayesian)_(SMEAR=Smear)_(Q2_y_Bin_9)_(z_pT_Bin_20)_(MultiDim_z_pT_Bin_Y_bin_phi_t)_(Normalized)[0m (Histo Num 49953)
Fitting for: [1m(MultiDim_3D_Histo)_(BC_RC_Bayesian)_(SMEAR=Smear)_(Q2_y_Bin_9)_(z_pT_Bin_20)_(MultiDim_z_pT_Bin_Y_bin_phi_t)_(Normalized)[0m (Histo Num 49954)
Fitting for: [1m(MultiDim_3D_Histo)_(Bayesian)_(SMEAR=Smear)_(Q2_y_Bin_9)_(z_pT_Bin_22)_(MultiDim_z_pT_Bin_Y_bin_phi_t)_(Normalized)[0m (Histo Num 49958)
Fitting for: [1m(MultiDim_3D_Histo)_(RC_Bayesian)_(SMEAR=Smear)_(Q2_y_Bin_9)_(z_pT_Bin_22)_(MultiDim_z_pT_Bin_Y_bin_phi_t)_(Normalized)[0m (Histo Num 49959)
Fitting for: [1m(MultiDim_3D_Histo)_(BC_RC_Bayesian)_(SMEAR=Smear)_(Q2_y_Bin_9)_(z_pT_Bin_22)_(MultiDim_z_pT_Bin_Y_bin_phi_t)_(Normalized)[0m (Histo Num 49960)
Fitting for: [1m(MultiDim_3D_Histo)_(Bayesian)_(SMEAR=Smear)_(Q2_y_Bin_9)_(z_pT_Bin_23)_(MultiDim_z_pT_Bin_Y_bin_phi_t)_(Normalized)[0m (Histo Num 49964)
Fitting for: [1m(MultiDim_3D_Histo)_(RC_Bayesian)_(SMEAR=Smear)_(Q2_y_Bin_9)_(z_pT_Bin_23)_(MultiDim_z_pT_Bin_Y_bin_phi_t)_(Normalized)[0m (Histo Num 49965)
Fitting for: [1m(MultiDim_3D_Histo)_(BC_RC_Bayesian)_(SMEAR=Smear)_(Q2_y_Bin_9)_(z_pT_Bin_23)_(MultiDim_z_pT_Bin_Y_bin_phi_t)_(Normalized)[0m (Histo Num 49966)
Fitting for: [1m(MultiDim_3D_Histo)_(Bayesian)_(SMEAR=Smear)_(Q2_y_Bin_9)_(z_pT_Bin_24)_(MultiDim_z_pT_Bin_Y_bin_phi_t)_(Normalized)[0m (Histo Num 49970)
Fitting for: [1m(MultiDim_3D_Histo)_(RC_Bayesian)_(SMEAR=Smear)_(Q2_y_Bin_9)_(z_pT_Bin_24)_(MultiDim_z_pT_Bin_Y_bin_phi_t)_(Normalized)[0m (Histo Num 49971)
Fitting for: [1m(MultiDim_3D_Histo)_(BC_RC_Bayesian)_(SMEAR=Smear)_(Q2_y_Bin_9)_(z_pT_Bin_24)_(MultiDim_z_pT_Bin_Y_bin_phi_t)_(Normalized)[0m (Histo Num 49972)
Fitting for: [1m(MultiDim_3D_Histo)_(Bayesian)_(SMEAR=Smear)_(Q2_y_Bin_9)_(z_pT_Bin_25)_(MultiDim_z_pT_Bin_Y_bin_phi_t)_(Normalized)[0m (Histo Num 49976)
Fitting for: [1m(MultiDim_3D_Histo)_(RC_Bayesian)_(SMEAR=Smear)_(Q2_y_Bin_9)_(z_pT_Bin_25)_(MultiDim_z_pT_Bin_Y_bin_phi_t)_(Normalized)[0m (Histo Num 49977)
Fitting for: [1m(MultiDim_3D_Histo)_(BC_RC_Bayesian)_(SMEAR=Smear)_(Q2_y_Bin_9)_(z_pT_Bin_25)_(MultiDim_z_pT_Bin_Y_bin_phi_t)_(Normalized)[0m (Histo Num 49978)
Fitting for: [1m(MultiDim_3D_Histo)_(Bayesian)_(SMEAR=Smear)_(Q2_y_Bin_9)_(z_pT_Bin_26)_(MultiDim_z_pT_Bin_Y_bin_phi_t)_(Normalized)[0m (Histo Num 49982)
Fitting for: [1m(MultiDim_3D_Histo)_(RC_Bayesian)_(SMEAR=Smear)_(Q2_y_Bin_9)_(z_pT_Bin_26)_(MultiDim_z_pT_Bin_Y_bin_phi_t)_(Normalized)[0m (Histo Num 49983)
Fitting for: [1m(MultiDim_3D_Histo)_(BC_RC_Bayesian)_(SMEAR=Smear)_(Q2_y_Bin_9)_(z_pT_Bin_26)_(MultiDim_z_pT_Bin_Y_bin_phi_t)_(Normalized)[0m (Histo Num 49984)
Fitting for: [1m(MultiDim_3D_Histo)_(Bayesian)_(SMEAR=Smear)_(Q2_y_Bin_9)_(z_pT_Bin_29)_(MultiDim_z_pT_Bin_Y_bin_phi_t)_(Normalized)[0m (Histo Num 49988)
Fitting for: [1m(MultiDim_3D_Histo)_(RC_Bayesian)_(SMEAR=Smear)_(Q2_y_Bin_9)_(z_pT_Bin_29)_(MultiDim_z_pT_Bin_Y_bin_phi_t)_(Normalized)[0m (Histo Num 49989)
Fitting for: [1m(MultiDim_3D_Histo)_(BC_RC_Bayesian)_(SMEAR=Smear)_(Q2_y_Bin_9)_(z_pT_Bin_29)_(MultiDim_z_pT_Bin_Y_bin_phi_t)_(Normalized)[0m (Histo Num 49990)
Fitting for: [1m(MultiDim_3D_Histo)_(Bayesian)_(SMEAR=Smear)_(Q2_y_Bin_9)_(z_pT_Bin_30)_(MultiDim_z_pT_Bin_Y_bin_phi_t)_(Normalized)[0m (Histo Num 49994)
Fitting for: [1m(MultiDim_3D_Histo)_(RC_Bayesian)_(SMEAR=Smear)_(Q2_y_Bin_9)_(z_pT_Bin_30)_(MultiDim_z_pT_Bin_Y_bin_phi_t)_(Normalized)[0m (Histo Num 49995)
Fitting for: [1m(MultiDim_3D_Histo)_(BC_RC_Bayesian)_(SMEAR=Smear)_(Q2_y_Bin_9)_(z_pT_Bin_30)_(MultiDim_z_pT_Bin_Y_bin_phi_t)_(Normalized)[0m (Histo Num 49996)
Fitting for: [1m(MultiDim_3D_Histo)_(Bayesian)_(SMEAR=Smear)_(Q2_y_Bin_9)_(z_pT_Bin_31)_(MultiDim_z_pT_Bin_Y_bin_phi_t)_(Normalized)[0m (Histo Num 50000)
Fitting for: [1m(MultiDim_3D_Histo)_(RC_Bayesian)_(SMEAR=Smear)_(Q2_y_Bin_9)_(z_pT_Bin_31)_(MultiDim_z_pT_Bin_Y_bin_phi_t)_(Normalized)[0m (Histo Num 50001)
Fitting for: [1m(MultiDim_3D_Histo)_(BC_RC_Bayesian)_(SMEAR=Smear)_(Q2_y_Bin_9)_(z_pT_Bin_31)_(MultiDim_z_pT_Bin_Y_bin_phi_t)_(Normalized)[0m (Histo Num 50002)
Fitting for: [1m(MultiDim_3D_Histo)_(Bayesian)_(SMEAR=Smear)_(Q2_y_Bin_9)_(z_pT_Bin_32)_(MultiDim_z_pT_Bin_Y_bin_phi_t)_(Normalized)[0m (Histo Num 50006)
Fitting for: [1m(MultiDim_3D_Histo)_(RC_Bayesian)_(SMEAR=Smear)_(Q2_y_Bin_9)_(z_pT_Bin_32)_(MultiDim_z_pT_Bin_Y_bin_phi_t)_(Normalized)[0m (Histo Num 50007)
Fitting for: [1m(MultiDim_3D_Histo)_(BC_RC_Bayesian)_(SMEAR=Smear)_(Q2_y_Bin_9)_(z_pT_Bin_32)_(MultiDim_z_pT_Bin_Y_bin_phi_t)_(Normalized)[0m (Histo Num 50008)
Fitting for: [1m(MultiDim_3D_Histo)_(Bayesian)_(SMEAR=Smear)_(Q2_y_Bin_10)_(z_pT_Bin_1)_(MultiDim_z_pT_Bin_Y_bin_phi_t)_(Normalized)[0m (Histo Num 50012)
Fitting for: [1m(MultiDim_3D_Histo)_(RC_Bayesian)_(SMEAR=Smear)_(Q2_y_Bin_10)_(z_pT_Bin_1)_(MultiDim_z_pT_Bin_Y_bin_phi_t)_(Normalized)[0m (Histo Num 50013)
Fitting for: [1m(MultiDim_3D_Histo)_(BC_RC_Bayesian)_(SMEAR=Smear)_(Q2_y_Bin_10)_(z_pT_Bin_1)_(MultiDim_z_pT_Bin_Y_bin_phi_t)_(Normalized)[0m (Histo Num 50014)
Fitting for: [1m(MultiDim_3D_Histo)_(Bayesian)_(SMEAR=Smear)_(Q2_y_Bin_10)_(z_pT_Bin_2)_(MultiDim_z_pT_Bin_Y_bin_phi_t)_(Normalized)[0m (Histo Num 50018)
Fitting for: [1m(MultiDim_3D_Histo)_(RC_Bayesian)_(SMEAR=Smear)_(Q2_y_Bin_10)_(z_pT_Bin_2)_(MultiDim_z_pT_Bin_Y_bin_phi_t)_(Normalized)[0m (Histo Num 50019)
Fitting for: [1m(MultiDim_3D_Histo)_(BC_RC_Bayesian)_(SMEAR=Smear)_(Q2_y_Bin_10)_(z_pT_Bin_2)_(MultiDim_z_pT_Bin_Y_bin_phi_t)_(Normalized)[0m (Histo Num 50020)
Fitting for: [1m(MultiDim_3D_Histo)_(Bayesian)_(SMEAR=Smear)_(Q2_y_Bin_10)_(z_pT_Bin_3)_(MultiDim_z_pT_Bin_Y_bin_phi_t)_(Normalized)[0m (Histo Num 50024)
Fitting for: [1m(MultiDim_3D_Histo)_(RC_Bayesian)_(SMEAR=Smear)_(Q2_y_Bin_10)_(z_pT_Bin_3)_(MultiDim_z_pT_Bin_Y_bin_phi_t)_(Normalized)[0m (Histo Num 50025)
Fitting for: [1m(MultiDim_3D_Histo)_(BC_RC_Bayesian)_(SMEAR=Smear)_(Q2_y_Bin_10)_(z_pT_Bin_3)_(MultiDim_z_pT_Bin_Y_bin_phi_t)_(Normalized)[0m (Histo Num 50026)
Fitting for: [1m(MultiDim_3D_Histo)_(Bayesian)_(SMEAR=Smear)_(Q2_y_Bin_10)_(z_pT_Bin_4)_(MultiDim_z_pT_Bin_Y_bin_phi_t)_(Normalized)[0m (Histo Num 50030)
Fitting for: [1m(MultiDim_3D_Histo)_(RC_Bayesian)_(SMEAR=Smear)_(Q2_y_Bin_10)_(z_pT_Bin_4)_(MultiDim_z_pT_Bin_Y_bin_phi_t)_(Normalized)[0m (Histo Num 50031)
Fitting for: [1m(MultiDim_3D_Histo)_(BC_RC_Bayesian)_(SMEAR=Smear)_(Q2_y_Bin_10)_(z_pT_Bin_4)_(MultiDim_z_pT_Bin_Y_bin_phi_t)_(Normalized)[0m (Histo Num 50032)
Fitting for: [1m(MultiDim_3D_Histo)_(Bayesian)_(SMEAR=Smear)_(Q2_y_Bin_10)_(z_pT_Bin_5)_(MultiDim_z_pT_Bin_Y_bin_phi_t)_(Normalized)[0m (Histo Num 50036)
Fitting for: [1m(MultiDim_3D_Histo)_(RC_Bayesian)_(SMEAR=Smear)_(Q2_y_Bin_10)_(z_pT_Bin_5)_(MultiDim_z_pT_Bin_Y_bin_phi_t)_(Normalized)[0m (Histo Num 50037)
Fitting for: [1m(MultiDim_3D_Histo)_(BC_RC_Bayesian)_(SMEAR=Smear)_(Q2_y_Bin_10)_(z_pT_Bin_5)_(MultiDim_z_pT_Bin_Y_bin_phi_t)_(Normalized)[0m (Histo Num 50038)
Fitting for: [1m(MultiDim_3D_Histo)_(Bayesian)_(SMEAR=Smear)_(Q2_y_Bin_10)_(z_pT_Bin_6)_(MultiDim_z_pT_Bin_Y_bin_phi_t)_(Normalized)[0m (Histo Num 50042)
Fitting for: [1m(MultiDim_3D_Histo)_(RC_Bayesian)_(SMEAR=Smear)_(Q2_y_Bin_10)_(z_pT_Bin_6)_(MultiDim_z_pT_Bin_Y_bin_phi_t)_(Normalized)[0m (Histo Num 50043)
Fitting for: [1m(MultiDim_3D_Histo)_(BC_RC_Bayesian)_(SMEAR=Smear)_(Q2_y_Bin_10)_(z_pT_Bin_6)_(MultiDim_z_pT_Bin_Y_bin_phi_t)_(Normalized)[0m (Histo Num 50044)
Fitting for: [1m(MultiDim_3D_Histo)_(Bayesian)_(SMEAR=Smear)_(Q2_y_Bin_10)_(z_pT_Bin_7)_(MultiDim_z_pT_Bin_Y_bin_phi_t)_(Normalized)[0m (Histo Num 50048)
Fitting for: [1m(MultiDim_3D_Histo)_(RC_Bayesian)_(SMEAR=Smear)_(Q2_y_Bin_10)_(z_pT_Bin_7)_(MultiDim_z_pT_Bin_Y_bin_phi_t)_(Normalized)[0m (Histo Num 50049)
Fitting for: [1m(MultiDim_3D_Histo)_(BC_RC_Bayesian)_(SMEAR=Smear)_(Q2_y_Bin_10)_(z_pT_Bin_7)_(MultiDim_z_pT_Bin_Y_bin_phi_t)_(Normalized)[0m (Histo Num 50050)
Fitting for: [1m(MultiDim_3D_Histo)_(Bayesian)_(SMEAR=Smear)_(Q2_y_Bin_10)_(z_pT_Bin_8)_(MultiDim_z_pT_Bin_Y_bin_phi_t)_(Normalized)[0m (Histo Num 50054)
Fitting for: [1m(MultiDim_3D_Histo)_(RC_Bayesian)_(SMEAR=Smear)_(Q2_y_Bin_10)_(z_pT_Bin_8)_(MultiDim_z_pT_Bin_Y_bin_phi_t)_(Normalized)[0m (Histo Num 50055)
Fitting for: [1m(MultiDim_3D_Histo)_(BC_RC_Bayesian)_(SMEAR=Smear)_(Q2_y_Bin_10)_(z_pT_Bin_8)_(MultiDim_z_pT_Bin_Y_bin_phi_t)_(Normalized)[0m (Histo Num 50056)
Fitting for: [1m(MultiDim_3D_Histo)_(Bayesian)_(SMEAR=Smear)_(Q2_y_Bin_10)_(z_pT_Bin_9)_(MultiDim_z_pT_Bin_Y_bin_phi_t)_(Normalized)[0m (Histo Num 50060)
Fitting for: [1m(MultiDim_3D_Histo)_(RC_Bayesian)_(SMEAR=Smear)_(Q2_y_Bin_10)_(z_pT_Bin_9)_(MultiDim_z_pT_Bin_Y_bin_phi_t)_(Normalized)[0m (Histo Num 50061)
Fitting for: [1m(MultiDim_3D_Histo)_(BC_RC_Bayesian)_(SMEAR=Smear)_(Q2_y_Bin_10)_(z_pT_Bin_9)_(MultiDim_z_pT_Bin_Y_bin_phi_t)_(Normalized)[0m (Histo Num 50062)
Fitting for: [1m(MultiDim_3D_Histo)_(Bayesian)_(SMEAR=Smear)_(Q2_y_Bin_10)_(z_pT_Bin_10)_(MultiDim_z_pT_Bin_Y_bin_phi_t)_(Normalized)[0m (Histo Num 50066)
Fitting for: [1m(MultiDim_3D_Histo)_(RC_Bayesian)_(SMEAR=Smear)_(Q2_y_Bin_10)_(z_pT_Bin_10)_(MultiDim_z_pT_Bin_Y_bin_phi_t)_(Normalized)[0m (Histo Num 50067)
Fitting for: [1m(MultiDim_3D_Histo)_(BC_RC_Bayesian)_(SMEAR=Smear)_(Q2_y_Bin_10)_(z_pT_Bin_10)_(MultiDim_z_pT_Bin_Y_bin_phi_t)_(Normalized)[0m (Histo Num 50068)
Fitting for: [1m(MultiDim_3D_Histo)_(Bayesian)_(SMEAR=Smear)_(Q2_y_Bin_10)_(z_pT_Bin_11)_(MultiDim_z_pT_Bin_Y_bin_phi_t)_(Normalized)[0m (Histo Num 50072)
Fitting for: [1m(MultiDim_3D_Histo)_(RC_Bayesian)_(SMEAR=Smear)_(Q2_y_Bin_10)_(z_pT_Bin_11)_(MultiDim_z_pT_Bin_Y_bin_phi_t)_(Normalized)[0m (Histo Num 50073)
Fitting for: [1m(MultiDim_3D_Histo)_(BC_RC_Bayesian)_(SMEAR=Smear)_(Q2_y_Bin_10)_(z_pT_Bin_11)_(MultiDim_z_pT_Bin_Y_bin_phi_t)_(Normalized)[0m (Histo Num 50074)
Fitting for: [1m(MultiDim_3D_Histo)_(Bayesian)_(SMEAR=Smear)_(Q2_y_Bin_10)_(z_pT_Bin_12)_(MultiDim_z_pT_Bin_Y_bin_phi_t)_(Normalized)[0m (Histo Num 50078)
Fitting for: [1m(MultiDim_3D_Histo)_(RC_Bayesian)_(SMEAR=Smear)_(Q2_y_Bin_10)_(z_pT_Bin_12)_(MultiDim_z_pT_Bin_Y_bin_phi_t)_(Normalized)[0m (Histo Num 50079)
Fitting for: [1m(MultiDim_3D_Histo)_(BC_RC_Bayesian)_(SMEAR=Smear)_(Q2_y_Bin_10)_(z_pT_Bin_12)_(MultiDim_z_pT_Bin_Y_bin_phi_t)_(Normalized)[0m (Histo Num 50080)
Fitting for: [1m(MultiDim_3D_Histo)_(Bayesian)_(SMEAR=Smear)_(Q2_y_Bin_10)_(z_pT_Bin_13)_(MultiDim_z_pT_Bin_Y_bin_phi_t)_(Normalized)[0m (Histo Num 50084)
Fitting for: [1m(MultiDim_3D_Histo)_(RC_Bayesian)_(SMEAR=Smear)_(Q2_y_Bin_10)_(z_pT_Bin_13)_(MultiDim_z_pT_Bin_Y_bin_phi_t)_(Normalized)[0m (Histo Num 50085)
Fitting for: [1m(MultiDim_3D_Histo)_(BC_RC_Bayesian)_(SMEAR=Smear)_(Q2_y_Bin_10)_(z_pT_Bin_13)_(MultiDim_z_pT_Bin_Y_bin_phi_t)_(Normalized)[0m (Histo Num 50086)
Fitting for: [1m(MultiDim_3D_Histo)_(Bayesian)_(SMEAR=Smear)_(Q2_y_Bin_10)_(z_pT_Bin_14)_(MultiDim_z_pT_Bin_Y_bin_phi_t)_(Normalized)[0m (Histo Num 50090)
Fitting for: [1m(MultiDim_3D_Histo)_(RC_Bayesian)_(SMEAR=Smear)_(Q2_y_Bin_10)_(z_pT_Bin_14)_(MultiDim_z_pT_Bin_Y_bin_phi_t)_(Normalized)[0m (Histo Num 50091)
Fitting for: [1m(MultiDim_3D_Histo)_(BC_RC_Bayesian)_(SMEAR=Smear)_(Q2_y_Bin_10)_(z_pT_Bin_14)_(MultiDim_z_pT_Bin_Y_bin_phi_t)_(Normalized)[0m (Histo Num 50092)
Fitting for: [1m(MultiDim_3D_Histo)_(Bayesian)_(SMEAR=Smear)_(Q2_y_Bin_10)_(z_pT_Bin_15)_(MultiDim_z_pT_Bin_Y_bin_phi_t)_(Normalized)[0m (Histo Num 50096)
Fitting for: [1m(MultiDim_3D_Histo)_(RC_Bayesian)_(SMEAR=Smear)_(Q2_y_Bin_10)_(z_pT_Bin_15)_(MultiDim_z_pT_Bin_Y_bin_phi_t)_(Normalized)[0m (Histo Num 50097)
Fitting for: [1m(MultiDim_3D_Histo)_(BC_RC_Bayesian)_(SMEAR=Smear)_(Q2_y_Bin_10)_(z_pT_Bin_15)_(MultiDim_z_pT_Bin_Y_bin_phi_t)_(Normalized)[0m (Histo Num 50098)
Fitting for: [1m(MultiDim_3D_Histo)_(Bayesian)_(SMEAR=Smear)_(Q2_y_Bin_10)_(z_pT_Bin_16)_(MultiDim_z_pT_Bin_Y_bin_phi_t)_(Normalized)[0m (Histo Num 50102)
Fitting for: [1m(MultiDim_3D_Histo)_(RC_Bayesian)_(SMEAR=Smear)_(Q2_y_Bin_10)_(z_pT_Bin_16)_(MultiDim_z_pT_Bin_Y_bin_phi_t)_(Normalized)[0m (Histo Num 50103)
Fitting for: [1m(MultiDim_3D_Histo)_(BC_RC_Bayesian)_(SMEAR=Smear)_(Q2_y_Bin_10)_(z_pT_Bin_16)_(MultiDim_z_pT_Bin_Y_bin_phi_t)_(Normalized)[0m (Histo Num 50104)
Fitting for: [1m(MultiDim_3D_Histo)_(Bayesian)_(SMEAR=Smear)_(Q2_y_Bin_10)_(z_pT_Bin_17)_(MultiDim_z_pT_Bin_Y_bin_phi_t)_(Normalized)[0m (Histo Num 50108)
Fitting for: [1m(MultiDim_3D_Histo)_(RC_Bayesian)_(SMEAR=Smear)_(Q2_y_Bin_10)_(z_pT_Bin_17)_(MultiDim_z_pT_Bin_Y_bin_phi_t)_(Normalized)[0m (Histo Num 50109)
Fitting for: [1m(MultiDim_3D_Histo)_(BC_RC_Bayesian)_(SMEAR=Smear)_(Q2_y_Bin_10)_(z_pT_Bin_17)_(MultiDim_z_pT_Bin_Y_bin_phi_t)_(Normalized)[0m (Histo Num 50110)
Fitting for: [1m(MultiDim_3D_Histo)_(Bayesian)_(SMEAR=Smear)_(Q2_y_Bin_10)_(z_pT_Bin_18)_(MultiDim_z_pT_Bin_Y_bin_phi_t)_(Normalized)[0m (Histo Num 50114)
Fitting for: [1m(MultiDim_3D_Histo)_(RC_Bayesian)_(SMEAR=Smear)_(Q2_y_Bin_10)_(z_pT_Bin_18)_(MultiDim_z_pT_Bin_Y_bin_phi_t)_(Normalized)[0m (Histo Num 50115)
Fitting for: [1m(MultiDim_3D_Histo)_(BC_RC_Bayesian)_(SMEAR=Smear)_(Q2_y_Bin_10)_(z_pT_Bin_18)_(MultiDim_z_pT_Bin_Y_bin_phi_t)_(Normalized)[0m (Histo Num 50116)
Fitting for: [1m(MultiDim_3D_Histo)_(Bayesian)_(SMEAR=Smear)_(Q2_y_Bin_10)_(z_pT_Bin_19)_(MultiDim_z_pT_Bin_Y_bin_phi_t)_(Normalized)[0m (Histo Num 50120)
Fitting for: [1m(MultiDim_3D_Histo)_(RC_Bayesian)_(SMEAR=Smear)_(Q2_y_Bin_10)_(z_pT_Bin_19)_(MultiDim_z_pT_Bin_Y_bin_phi_t)_(Normalized)[0m (Histo Num 50121)
Fitting for: [1m(MultiDim_3D_Histo)_(BC_RC_Bayesian)_(SMEAR=Smear)_(Q2_y_Bin_10)_(z_pT_Bin_19)_(MultiDim_z_pT_Bin_Y_bin_phi_t)_(Normalized)[0m (Histo Num 50122)
Fitting for: [1m(MultiDim_3D_Histo)_(Bayesian)_(SMEAR=Smear)_(Q2_y_Bin_10)_(z_pT_Bin_20)_(MultiDim_z_pT_Bin_Y_bin_phi_t)_(Normalized)[0m (Histo Num 50126)
Fitting for: [1m(MultiDim_3D_Histo)_(RC_Bayesian)_(SMEAR=Smear)_(Q2_y_Bin_10)_(z_pT_Bin_20)_(MultiDim_z_pT_Bin_Y_bin_phi_t)_(Normalized)[0m (Histo Num 50127)
Fitting for: [1m(MultiDim_3D_Histo)_(BC_RC_Bayesian)_(SMEAR=Smear)_(Q2_y_Bin_10)_(z_pT_Bin_20)_(MultiDim_z_pT_Bin_Y_bin_phi_t)_(Normalized)[0m (Histo Num 50128)
Fitting for: [1m(MultiDim_3D_Histo)_(Bayesian)_(SMEAR=Smear)_(Q2_y_Bin_10)_(z_pT_Bin_21)_(MultiDim_z_pT_Bin_Y_bin_phi_t)_(Normalized)[0m (Histo Num 50132)
Fitting for: [1m(MultiDim_3D_Histo)_(RC_Bayesian)_(SMEAR=Smear)_(Q2_y_Bin_10)_(z_pT_Bin_21)_(MultiDim_z_pT_Bin_Y_bin_phi_t)_(Normalized)[0m (Histo Num 50133)
Fitting for: [1m(MultiDim_3D_Histo)_(BC_RC_Bayesian)_(SMEAR=Smear)_(Q2_y_Bin_10)_(z_pT_Bin_21)_(MultiDim_z_pT_Bin_Y_bin_phi_t)_(Normalized)[0m (Histo Num 50134)
Fitting for: [1m(MultiDim_3D_Histo)_(Bayesian)_(SMEAR=Smear)_(Q2_y_Bin_10)_(z_pT_Bin_22)_(MultiDim_z_pT_Bin_Y_bin_phi_t)_(Normalized)[0m (Histo Num 50138)
Fitting for: [1m(MultiDim_3D_Histo)_(RC_Bayesian)_(SMEAR=Smear)_(Q2_y_Bin_10)_(z_pT_Bin_22)_(MultiDim_z_pT_Bin_Y_bin_phi_t)_(Normalized)[0m (Histo Num 50139)
Fitting for: [1m(MultiDim_3D_Histo)_(BC_RC_Bayesian)_(SMEAR=Smear)_(Q2_y_Bin_10)_(z_pT_Bin_22)_(MultiDim_z_pT_Bin_Y_bin_phi_t)_(Normalized)[0m (Histo Num 50140)
Fitting for: [1m(MultiDim_3D_Histo)_(Bayesian)_(SMEAR=Smear)_(Q2_y_Bin_10)_(z_pT_Bin_23)_(MultiDim_z_pT_Bin_Y_bin_phi_t)_(Normalized)[0m (Histo Num 50144)
Fitting for: [1m(MultiDim_3D_Histo)_(RC_Bayesian)_(SMEAR=Smear)_(Q2_y_Bin_10)_(z_pT_Bin_23)_(MultiDim_z_pT_Bin_Y_bin_phi_t)_(Normalized)[0m (Histo Num 50145)
Fitting for: [1m(MultiDim_3D_Histo)_(BC_RC_Bayesian)_(SMEAR=Smear)_(Q2_y_Bin_10)_(z_pT_Bin_23)_(MultiDim_z_pT_Bin_Y_bin_phi_t)_(Normalized)[0m (Histo Num 50146)
Fitting for: [1m(MultiDim_3D_Histo)_(Bayesian)_(SMEAR=Smear)_(Q2_y_Bin_10)_(z_pT_Bin_25)_(MultiDim_z_pT_Bin_Y_bin_phi_t)_(Normalized)[0m (Histo Num 50150)
Fitting for: [1m(MultiDim_3D_Histo)_(RC_Bayesian)_(SMEAR=Smear)_(Q2_y_Bin_10)_(z_pT_Bin_25)_(MultiDim_z_pT_Bin_Y_bin_phi_t)_(Normalized)[0m (Histo Num 50151)
Fitting for: [1m(MultiDim_3D_Histo)_(BC_RC_Bayesian)_(SMEAR=Smear)_(Q2_y_Bin_10)_(z_pT_Bin_25)_(MultiDim_z_pT_Bin_Y_bin_phi_t)_(Normalized)[0m (Histo Num 50152)
Fitting for: [1m(MultiDim_3D_Histo)_(Bayesian)_(SMEAR=Smear)_(Q2_y_Bin_10)_(z_pT_Bin_26)_(MultiDim_z_pT_Bin_Y_bin_phi_t)_(Normalized)[0m (Histo Num 50156)
Fitting for: [1m(MultiDim_3D_Histo)_(RC_Bayesian)_(SMEAR=Smear)_(Q2_y_Bin_10)_(z_pT_Bin_26)_(MultiDim_z_pT_Bin_Y_bin_phi_t)_(Normalized)[0m (Histo Num 50157)
Fitting for: [1m(MultiDim_3D_Histo)_(BC_RC_Bayesian)_(SMEAR=Smear)_(Q2_y_Bin_10)_(z_pT_Bin_26)_(MultiDim_z_pT_Bin_Y_bin_phi_t)_(Normalized)[0m (Histo Num 50158)
Fitting for: [1m(MultiDim_3D_Histo)_(Bayesian)_(SMEAR=Smear)_(Q2_y_Bin_10)_(z_pT_Bin_27)_(MultiDim_z_pT_Bin_Y_bin_phi_t)_(Normalized)[0m (Histo Num 50162)
Fitting for: [1m(MultiDim_3D_Histo)_(RC_Bayesian)_(SMEAR=Smear)_(Q2_y_Bin_10)_(z_pT_Bin_27)_(MultiDim_z_pT_Bin_Y_bin_phi_t)_(Normalized)[0m (Histo Num 50163)
Fitting for: [1m(MultiDim_3D_Histo)_(BC_RC_Bayesian)_(SMEAR=Smear)_(Q2_y_Bin_10)_(z_pT_Bin_27)_(MultiDim_z_pT_Bin_Y_bin_phi_t)_(Normalized)[0m (Histo Num 50164)
Fitting for: [1m(MultiDim_3D_Histo)_(Bayesian)_(SMEAR=Smear)_(Q2_y_Bin_10)_(z_pT_Bin_28)_(MultiDim_z_pT_Bin_Y_bin_phi_t)_(Normalized)[0m (Histo Num 50168)
Fitting for: [1m(MultiDim_3D_Histo)_(RC_Bayesian)_(SMEAR=Smear)_(Q2_y_Bin_10)_(z_pT_Bin_28)_(MultiDim_z_pT_Bin_Y_bin_phi_t)_(Normalized)[0m (Histo Num 50169)
Fitting for: [1m(MultiDim_3D_Histo)_(BC_RC_Bayesian)_(SMEAR=Smear)_(Q2_y_Bin_10)_(z_pT_Bin_28)_(MultiDim_z_pT_Bin_Y_bin_phi_t)_(Normalized)[0m (Histo Num 50170)
Fitting for: [1m(MultiDim_3D_Histo)_(Bayesian)_(SMEAR=Smear)_(Q2_y_Bin_10)_(z_pT_Bin_29)_(MultiDim_z_pT_Bin_Y_bin_phi_t)_(Normalized)[0m (Histo Num 50174)
Fitting for: [1m(MultiDim_3D_Histo)_(RC_Bayesian)_(SMEAR=Smear)_(Q2_y_Bin_10)_(z_pT_Bin_29)_(MultiDim_z_pT_Bin_Y_bin_phi_t)_(Normalized)[0m (Histo Num 50175)
Fitting for: [1m(MultiDim_3D_Histo)_(BC_RC_Bayesian)_(SMEAR=Smear)_(Q2_y_Bin_10)_(z_pT_Bin_29)_(MultiDim_z_pT_Bin_Y_bin_phi_t)_(Normalized)[0m (Histo Num 50176)
Fitting for: [1m(MultiDim_3D_Histo)_(Bayesian)_(SMEAR=Smear)_(Q2_y_Bin_10)_(z_pT_Bin_31)_(MultiDim_z_pT_Bin_Y_bin_phi_t)_(Normalized)[0m (Histo Num 50180)
Fitting for: [1m(MultiDim_3D_Histo)_(RC_Bayesian)_(SMEAR=Smear)_(Q2_y_Bin_10)_(z_pT_Bin_31)_(MultiDim_z_pT_Bin_Y_bin_phi_t)_(Normalized)[0m (Histo Num 50181)
Fitting for: [1m(MultiDim_3D_Histo)_(BC_RC_Bayesian)_(SMEAR=Smear)_(Q2_y_Bin_10)_(z_pT_Bin_31)_(MultiDim_z_pT_Bin_Y_bin_phi_t)_(Normalized)[0m (Histo Num 50182)
Fitting for: [1m(MultiDim_3D_Histo)_(Bayesian)_(SMEAR=Smear)_(Q2_y_Bin_10)_(z_pT_Bin_32)_(MultiDim_z_pT_Bin_Y_bin_phi_t)_(Normalized)[0m (Histo Num 50186)
Fitting for: [1m(MultiDim_3D_Histo)_(RC_Bayesian)_(SMEAR=Smear)_(Q2_y_Bin_10)_(z_pT_Bin_32)_(MultiDim_z_pT_Bin_Y_bin_phi_t)_(Normalized)[0m (Histo Num 50187)
Fitting for: [1m(MultiDim_3D_Histo)_(BC_RC_Bayesian)_(SMEAR=Smear)_(Q2_y_Bin_10)_(z_pT_Bin_32)_(MultiDim_z_pT_Bin_Y_bin_phi_t)_(Normalized)[0m (Histo Num 50188)
Fitting for: [1m(MultiDim_3D_Histo)_(Bayesian)_(SMEAR=Smear)_(Q2_y_Bin_10)_(z_pT_Bin_33)_(MultiDim_z_pT_Bin_Y_bin_phi_t)_(Normalized)[0m (Histo Num 50192)
Fitting for: [1m(MultiDim_3D_Histo)_(RC_Bayesian)_(SMEAR=Smear)_(Q2_y_Bin_10)_(z_pT_Bin_33)_(MultiDim_z_pT_Bin_Y_bin_phi_t)_(Normalized)[0m (Histo Num 50193)
Fitting for: [1m(MultiDim_3D_Histo)_(BC_RC_Bayesian)_(SMEAR=Smear)_(Q2_y_Bin_10)_(z_pT_Bin_33)_(MultiDim_z_pT_Bin_Y_bin_phi_t)_(Normalized)[0m (Histo Num 50194)
Fitting for: [1m(MultiDim_3D_Histo)_(Bayesian)_(SMEAR=Smear)_(Q2_y_Bin_10)_(z_pT_Bin_34)_(MultiDim_z_pT_Bin_Y_bin_phi_t)_(Normalized)[0m (Histo Num 50198)
Fitting for: [1m(MultiDim_3D_Histo)_(RC_Bayesian)_(SMEAR=Smear)_(Q2_y_Bin_10)_(z_pT_Bin_34)_(MultiDim_z_pT_Bin_Y_bin_phi_t)_(Normalized)[0m (Histo Num 50199)
Fitting for: [1m(MultiDim_3D_Histo)_(BC_RC_Bayesian)_(SMEAR=Smear)_(Q2_y_Bin_10)_(z_pT_Bin_34)_(MultiDim_z_pT_Bin_Y_bin_phi_t)_(Normalized)[0m (Histo Num 50200)
Fitting for: [1m(MultiDim_3D_Histo)_(Bayesian)_(SMEAR=Smear)_(Q2_y_Bin_11)_(z_pT_Bin_1)_(MultiDim_z_pT_Bin_Y_bin_phi_t)_(Normalized)[0m (Histo Num 50204)
Fitting for: [1m(MultiDim_3D_Histo)_(RC_Bayesian)_(SMEAR=Smear)_(Q2_y_Bin_11)_(z_pT_Bin_1)_(MultiDim_z_pT_Bin_Y_bin_phi_t)_(Normalized)[0m (Histo Num 50205)
Fitting for: [1m(MultiDim_3D_Histo)_(BC_RC_Bayesian)_(SMEAR=Smear)_(Q2_y_Bin_11)_(z_pT_Bin_1)_(MultiDim_z_pT_Bin_Y_bin_phi_t)_(Normalized)[0m (Histo Num 50206)
Fitting for: [1m(MultiDim_3D_Histo)_(Bayesian)_(SMEAR=Smear)_(Q2_y_Bin_11)_(z_pT_Bin_2)_(MultiDim_z_pT_Bin_Y_bin_phi_t)_(Normalized)[0m (Histo Num 50210)
Fitting for: [1m(MultiDim_3D_Histo)_(RC_Bayesian)_(SMEAR=Smear)_(Q2_y_Bin_11)_(z_pT_Bin_2)_(MultiDim_z_pT_Bin_Y_bin_phi_t)_(Normalized)[0m (Histo Num 50211)
Fitting for: [1m(MultiDim_3D_Histo)_(BC_RC_Bayesian)_(SMEAR=Smear)_(Q2_y_Bin_11)_(z_pT_Bin_2)_(MultiDim_z_pT_Bin_Y_bin_phi_t)_(Normalized)[0m (Histo Num 50212)
Fitting for: [1m(MultiDim_3D_Histo)_(Bayesian)_(SMEAR=Smear)_(Q2_y_Bin_11)_(z_pT_Bin_3)_(MultiDim_z_pT_Bin_Y_bin_phi_t)_(Normalized)[0m (Histo Num 50216)
Fitting for: [1m(MultiDim_3D_Histo)_(RC_Bayesian)_(SMEAR=Smear)_(Q2_y_Bin_11)_(z_pT_Bin_3)_(MultiDim_z_pT_Bin_Y_bin_phi_t)_(Normalized)[0m (Histo Num 50217)
Fitting for: [1m(MultiDim_3D_Histo)_(BC_RC_Bayesian)_(SMEAR=Smear)_(Q2_y_Bin_11)_(z_pT_Bin_3)_(MultiDim_z_pT_Bin_Y_bin_phi_t)_(Normalized)[0m (Histo Num 50218)
Fitting for: [1m(MultiDim_3D_Histo)_(Bayesian)_(SMEAR=Smear)_(Q2_y_Bin_11)_(z_pT_Bin_4)_(MultiDim_z_pT_Bin_Y_bin_phi_t)_(Normalized)[0m (Histo Num 50222)
Fitting for: [1m(MultiDim_3D_Histo)_(RC_Bayesian)_(SMEAR=Smear)_(Q2_y_Bin_11)_(z_pT_Bin_4)_(MultiDim_z_pT_Bin_Y_bin_phi_t)_(Normalized)[0m (Histo Num 50223)
Fitting for: [1m(MultiDim_3D_Histo)_(BC_RC_Bayesian)_(SMEAR=Smear)_(Q2_y_Bin_11)_(z_pT_Bin_4)_(MultiDim_z_pT_Bin_Y_bin_phi_t)_(Normalized)[0m (Histo Num 50224)
Fitting for: [1m(MultiDim_3D_Histo)_(Bayesian)_(SMEAR=Smear)_(Q2_y_Bin_11)_(z_pT_Bin_6)_(MultiDim_z_pT_Bin_Y_bin_phi_t)_(Normalized)[0m (Histo Num 50228)
Fitting for: [1m(MultiDim_3D_Histo)_(RC_Bayesian)_(SMEAR=Smear)_(Q2_y_Bin_11)_(z_pT_Bin_6)_(MultiDim_z_pT_Bin_Y_bin_phi_t)_(Normalized)[0m (Histo Num 50229)
Fitting for: [1m(MultiDim_3D_Histo)_(BC_RC_Bayesian)_(SMEAR=Smear)_(Q2_y_Bin_11)_(z_pT_Bin_6)_(MultiDim_z_pT_Bin_Y_bin_phi_t)_(Normalized)[0m (Histo Num 50230)
Fitting for: [1m(MultiDim_3D_Histo)_(Bayesian)_(SMEAR=Smear)_(Q2_y_Bin_11)_(z_pT_Bin_7)_(MultiDim_z_pT_Bin_Y_bin_phi_t)_(Normalized)[0m (Histo Num 50234)
Fitting for: [1m(MultiDim_3D_Histo)_(RC_Bayesian)_(SMEAR=Smear)_(Q2_y_Bin_11)_(z_pT_Bin_7)_(MultiDim_z_pT_Bin_Y_bin_phi_t)_(Normalized)[0m (Histo Num 50235)
Fitting for: [1m(MultiDim_3D_Histo)_(BC_RC_Bayesian)_(SMEAR=Smear)_(Q2_y_Bin_11)_(z_pT_Bin_7)_(MultiDim_z_pT_Bin_Y_bin_phi_t)_(Normalized)[0m (Histo Num 50236)
Fitting for: [1m(MultiDim_3D_Histo)_(Bayesian)_(SMEAR=Smear)_(Q2_y_Bin_11)_(z_pT_Bin_8)_(MultiDim_z_pT_Bin_Y_bin_phi_t)_(Normalized)[0m (Histo Num 50240)
Fitting for: [1m(MultiDim_3D_Histo)_(RC_Bayesian)_(SMEAR=Smear)_(Q2_y_Bin_11)_(z_pT_Bin_8)_(MultiDim_z_pT_Bin_Y_bin_phi_t)_(Normalized)[0m (Histo Num 50241)
Fitting for: [1m(MultiDim_3D_Histo)_(BC_RC_Bayesian)_(SMEAR=Smear)_(Q2_y_Bin_11)_(z_pT_Bin_8)_(MultiDim_z_pT_Bin_Y_bin_phi_t)_(Normalized)[0m (Histo Num 50242)
Fitting for: [1m(MultiDim_3D_Histo)_(Bayesian)_(SMEAR=Smear)_(Q2_y_Bin_11)_(z_pT_Bin_9)_(MultiDim_z_pT_Bin_Y_bin_phi_t)_(Normalized)[0m (Histo Num 50246)
Fitting for: [1m(MultiDim_3D_Histo)_(RC_Bayesian)_(SMEAR=Smear)_(Q2_y_Bin_11)_(z_pT_Bin_9)_(MultiDim_z_pT_Bin_Y_bin_phi_t)_(Normalized)[0m (Histo Num 50247)
Fitting for: [1m(MultiDim_3D_Histo)_(BC_RC_Bayesian)_(SMEAR=Smear)_(Q2_y_Bin_11)_(z_pT_Bin_9)_(MultiDim_z_pT_Bin_Y_bin_phi_t)_(Normalized)[0m (Histo Num 50248)
Fitting for: [1m(MultiDim_3D_Histo)_(Bayesian)_(SMEAR=Smear)_(Q2_y_Bin_11)_(z_pT_Bin_10)_(MultiDim_z_pT_Bin_Y_bin_phi_t)_(Normalized)[0m (Histo Num 50252)
Fitting for: [1m(MultiDim_3D_Histo)_(RC_Bayesian)_(SMEAR=Smear)_(Q2_y_Bin_11)_(z_pT_Bin_10)_(MultiDim_z_pT_Bin_Y_bin_phi_t)_(Normalized)[0m (Histo Num 50253)
Fitting for: [1m(MultiDim_3D_Histo)_(BC_RC_Bayesian)_(SMEAR=Smear)_(Q2_y_Bin_11)_(z_pT_Bin_10)_(MultiDim_z_pT_Bin_Y_bin_phi_t)_(Normalized)[0m (Histo Num 50254)
Fitting for: [1m(MultiDim_3D_Histo)_(Bayesian)_(SMEAR=Smear)_(Q2_y_Bin_11)_(z_pT_Bin_11)_(MultiDim_z_pT_Bin_Y_bin_phi_t)_(Normalized)[0m (Histo Num 50258)
Fitting for: [1m(MultiDim_3D_Histo)_(RC_Bayesian)_(SMEAR=Smear)_(Q2_y_Bin_11)_(z_pT_Bin_11)_(MultiDim_z_pT_Bin_Y_bin_phi_t)_(Normalized)[0m (Histo Num 50259)
Fitting for: [1m(MultiDim_3D_Histo)_(BC_RC_Bayesian)_(SMEAR=Smear)_(Q2_y_Bin_11)_(z_pT_Bin_11)_(MultiDim_z_pT_Bin_Y_bin_phi_t)_(Normalized)[0m (Histo Num 50260)
Fitting for: [1m(MultiDim_3D_Histo)_(Bayesian)_(SMEAR=Smear)_(Q2_y_Bin_11)_(z_pT_Bin_12)_(MultiDim_z_pT_Bin_Y_bin_phi_t)_(Normalized)[0m (Histo Num 50264)
Fitting for: [1m(MultiDim_3D_Histo)_(RC_Bayesian)_(SMEAR=Smear)_(Q2_y_Bin_11)_(z_pT_Bin_12)_(MultiDim_z_pT_Bin_Y_bin_phi_t)_(Normalized)[0m (Histo Num 50265)
Fitting for: [1m(MultiDim_3D_Histo)_(BC_RC_Bayesian)_(SMEAR=Smear)_(Q2_y_Bin_11)_(z_pT_Bin_12)_(MultiDim_z_pT_Bin_Y_bin_phi_t)_(Normalized)[0m (Histo Num 50266)
Fitting for: [1m(MultiDim_3D_Histo)_(Bayesian)_(SMEAR=Smear)_(Q2_y_Bin_11)_(z_pT_Bin_13)_(MultiDim_z_pT_Bin_Y_bin_phi_t)_(Normalized)[0m (Histo Num 50270)
Fitting for: [1m(MultiDim_3D_Histo)_(RC_Bayesian)_(SMEAR=Smear)_(Q2_y_Bin_11)_(z_pT_Bin_13)_(MultiDim_z_pT_Bin_Y_bin_phi_t)_(Normalized)[0m (Histo Num 50271)
Fitting for: [1m(MultiDim_3D_Histo)_(BC_RC_Bayesian)_(SMEAR=Smear)_(Q2_y_Bin_11)_(z_pT_Bin_13)_(MultiDim_z_pT_Bin_Y_bin_phi_t)_(Normalized)[0m (Histo Num 50272)
Fitting for: [1m(MultiDim_3D_Histo)_(Bayesian)_(SMEAR=Smear)_(Q2_y_Bin_11)_(z_pT_Bin_14)_(MultiDim_z_pT_Bin_Y_bin_phi_t)_(Normalized)[0m (Histo Num 50276)
Fitting for: [1m(MultiDim_3D_Histo)_(RC_Bayesian)_(SMEAR=Smear)_(Q2_y_Bin_11)_(z_pT_Bin_14)_(MultiDim_z_pT_Bin_Y_bin_phi_t)_(Normalized)[0m (Histo Num 50277)
Fitting for: [1m(MultiDim_3D_Histo)_(BC_RC_Bayesian)_(SMEAR=Smear)_(Q2_y_Bin_11)_(z_pT_Bin_14)_(MultiDim_z_pT_Bin_Y_bin_phi_t)_(Normalized)[0m (Histo Num 50278)
Fitting for: [1m(MultiDim_3D_Histo)_(Bayesian)_(SMEAR=Smear)_(Q2_y_Bin_11)_(z_pT_Bin_15)_(MultiDim_z_pT_Bin_Y_bin_phi_t)_(Normalized)[0m (Histo Num 50282)
Fitting for: [1m(MultiDim_3D_Histo)_(RC_Bayesian)_(SMEAR=Smear)_(Q2_y_Bin_11)_(z_pT_Bin_15)_(MultiDim_z_pT_Bin_Y_bin_phi_t)_(Normalized)[0m (Histo Num 50283)
Fitting for: [1m(MultiDim_3D_Histo)_(BC_RC_Bayesian)_(SMEAR=Smear)_(Q2_y_Bin_11)_(z_pT_Bin_15)_(MultiDim_z_pT_Bin_Y_bin_phi_t)_(Normalized)[0m (Histo Num 50284)
Fitting for: [1m(MultiDim_3D_Histo)_(Bayesian)_(SMEAR=Smear)_(Q2_y_Bin_11)_(z_pT_Bin_16)_(MultiDim_z_pT_Bin_Y_bin_phi_t)_(Normalized)[0m (Histo Num 50288)
Fitting for: [1m(MultiDim_3D_Histo)_(RC_Bayesian)_(SMEAR=Smear)_(Q2_y_Bin_11)_(z_pT_Bin_16)_(MultiDim_z_pT_Bin_Y_bin_phi_t)_(Normalized)[0m (Histo Num 50289)
Fitting for: [1m(MultiDim_3D_Histo)_(BC_RC_Bayesian)_(SMEAR=Smear)_(Q2_y_Bin_11)_(z_pT_Bin_16)_(MultiDim_z_pT_Bin_Y_bin_phi_t)_(Normalized)[0m (Histo Num 50290)
Fitting for: [1m(MultiDim_3D_Histo)_(Bayesian)_(SMEAR=Smear)_(Q2_y_Bin_11)_(z_pT_Bin_17)_(MultiDim_z_pT_Bin_Y_bin_phi_t)_(Normalized)[0m (Histo Num 50294)
Fitting for: [1m(MultiDim_3D_Histo)_(RC_Bayesian)_(SMEAR=Smear)_(Q2_y_Bin_11)_(z_pT_Bin_17)_(MultiDim_z_pT_Bin_Y_bin_phi_t)_(Normalized)[0m (Histo Num 50295)
Fitting for: [1m(MultiDim_3D_Histo)_(BC_RC_Bayesian)_(SMEAR=Smear)_(Q2_y_Bin_11)_(z_pT_Bin_17)_(MultiDim_z_pT_Bin_Y_bin_phi_t)_(Normalized)[0m (Histo Num 50296)
Fitting for: [1m(MultiDim_3D_Histo)_(Bayesian)_(SMEAR=Smear)_(Q2_y_Bin_11)_(z_pT_Bin_18)_(MultiDim_z_pT_Bin_Y_bin_phi_t)_(Normalized)[0m (Histo Num 50300)
Fitting for: [1m(MultiDim_3D_Histo)_(RC_Bayesian)_(SMEAR=Smear)_(Q2_y_Bin_11)_(z_pT_Bin_18)_(MultiDim_z_pT_Bin_Y_bin_phi_t)_(Normalized)[0m (Histo Num 50301)
Fitting for: [1m(MultiDim_3D_Histo)_(BC_RC_Bayesian)_(SMEAR=Smear)_(Q2_y_Bin_11)_(z_pT_Bin_18)_(MultiDim_z_pT_Bin_Y_bin_phi_t)_(Normalized)[0m (Histo Num 50302)
Fitting for: [1m(MultiDim_3D_Histo)_(Bayesian)_(SMEAR=Smear)_(Q2_y_Bin_11)_(z_pT_Bin_19)_(MultiDim_z_pT_Bin_Y_bin_phi_t)_(Normalized)[0m (Histo Num 50306)
Fitting for: [1m(MultiDim_3D_Histo)_(RC_Bayesian)_(SMEAR=Smear)_(Q2_y_Bin_11)_(z_pT_Bin_19)_(MultiDim_z_pT_Bin_Y_bin_phi_t)_(Normalized)[0m (Histo Num 50307)
Fitting for: [1m(MultiDim_3D_Histo)_(BC_RC_Bayesian)_(SMEAR=Smear)_(Q2_y_Bin_11)_(z_pT_Bin_19)_(MultiDim_z_pT_Bin_Y_bin_phi_t)_(Normalized)[0m (Histo Num 50308)
Fitting for: [1m(MultiDim_3D_Histo)_(Bayesian)_(SMEAR=Smear)_(Q2_y_Bin_11)_(z_pT_Bin_20)_(MultiDim_z_pT_Bin_Y_bin_phi_t)_(Normalized)[0m (Histo Num 50312)
Fitting for: [1m(MultiDim_3D_Histo)_(RC_Bayesian)_(SMEAR=Smear)_(Q2_y_Bin_11)_(z_pT_Bin_20)_(MultiDim_z_pT_Bin_Y_bin_phi_t)_(Normalized)[0m (Histo Num 50313)
Fitting for: [1m(MultiDim_3D_Histo)_(BC_RC_Bayesian)_(SMEAR=Smear)_(Q2_y_Bin_11)_(z_pT_Bin_20)_(MultiDim_z_pT_Bin_Y_bin_phi_t)_(Normalized)[0m (Histo Num 50314)
Fitting for: [1m(MultiDim_3D_Histo)_(Bayesian)_(SMEAR=Smear)_(Q2_y_Bin_11)_(z_pT_Bin_21)_(MultiDim_z_pT_Bin_Y_bin_phi_t)_(Normalized)[0m (Histo Num 50318)
Fitting for: [1m(MultiDim_3D_Histo)_(RC_Bayesian)_(SMEAR=Smear)_(Q2_y_Bin_11)_(z_pT_Bin_21)_(MultiDim_z_pT_Bin_Y_bin_phi_t)_(Normalized)[0m (Histo Num 50319)
Fitting for: [1m(MultiDim_3D_Histo)_(BC_RC_Bayesian)_(SMEAR=Smear)_(Q2_y_Bin_11)_(z_pT_Bin_21)_(MultiDim_z_pT_Bin_Y_bin_phi_t)_(Normalized)[0m (Histo Num 50320)
Fitting for: [1m(MultiDim_3D_Histo)_(Bayesian)_(SMEAR=Smear)_(Q2_y_Bin_11)_(z_pT_Bin_22)_(MultiDim_z_pT_Bin_Y_bin_phi_t)_(Normalized)[0m (Histo Num 50324)
Fitting for: [1m(MultiDim_3D_Histo)_(RC_Bayesian)_(SMEAR=Smear)_(Q2_y_Bin_11)_(z_pT_Bin_22)_(MultiDim_z_pT_Bin_Y_bin_phi_t)_(Normalized)[0m (Histo Num 50325)
Fitting for: [1m(MultiDim_3D_Histo)_(BC_RC_Bayesian)_(SMEAR=Smear)_(Q2_y_Bin_11)_(z_pT_Bin_22)_(MultiDim_z_pT_Bin_Y_bin_phi_t)_(Normalized)[0m (Histo Num 50326)
Fitting for: [1m(MultiDim_3D_Histo)_(Bayesian)_(SMEAR=Smear)_(Q2_y_Bin_11)_(z_pT_Bin_23)_(MultiDim_z_pT_Bin_Y_bin_phi_t)_(Normalized)[0m (Histo Num 50330)
Fitting for: [1m(MultiDim_3D_Histo)_(RC_Bayesian)_(SMEAR=Smear)_(Q2_y_Bin_11)_(z_pT_Bin_23)_(MultiDim_z_pT_Bin_Y_bin_phi_t)_(Normalized)[0m (Histo Num 50331)
Fitting for: [1m(MultiDim_3D_Histo)_(BC_RC_Bayesian)_(SMEAR=Smear)_(Q2_y_Bin_11)_(z_pT_Bin_23)_(MultiDim_z_pT_Bin_Y_bin_phi_t)_(Normalized)[0m (Histo Num 50332)
Fitting for: [1m(MultiDim_3D_Histo)_(Bayesian)_(SMEAR=Smear)_(Q2_y_Bin_11)_(z_pT_Bin_24)_(MultiDim_z_pT_Bin_Y_bin_phi_t)_(Normalized)[0m (Histo Num 50336)
Fitting for: [1m(MultiDim_3D_Histo)_(RC_Bayesian)_(SMEAR=Smear)_(Q2_y_Bin_11)_(z_pT_Bin_24)_(MultiDim_z_pT_Bin_Y_bin_phi_t)_(Normalized)[0m (Histo Num 50337)
Fitting for: [1m(MultiDim_3D_Histo)_(BC_RC_Bayesian)_(SMEAR=Smear)_(Q2_y_Bin_11)_(z_pT_Bin_24)_(MultiDim_z_pT_Bin_Y_bin_phi_t)_(Normalized)[0m (Histo Num 50338)
Fitting for: [1m(MultiDim_3D_Histo)_(Bayesian)_(SMEAR=Smear)_(Q2_y_Bin_12)_(z_pT_Bin_6)_(MultiDim_z_pT_Bin_Y_bin_phi_t)_(Normalized)[0m (Histo Num 50342)
Fitting for: [1m(MultiDim_3D_Histo)_(RC_Bayesian)_(SMEAR=Smear)_(Q2_y_Bin_12)_(z_pT_Bin_6)_(MultiDim_z_pT_Bin_Y_bin_phi_t)_(Normalized)[0m (Histo Num 50343)
Fitting for: [1m(MultiDim_3D_Histo)_(BC_RC_Bayesian)_(SMEAR=Smear)_(Q2_y_Bin_12)_(z_pT_Bin_6)_(MultiDim_z_pT_Bin_Y_bin_phi_t)_(Normalized)[0m (Histo Num 50344)
Fitting for: [1m(MultiDim_3D_Histo)_(Bayesian)_(SMEAR=Smear)_(Q2_y_Bin_12)_(z_pT_Bin_7)_(MultiDim_z_pT_Bin_Y_bin_phi_t)_(Normalized)[0m (Histo Num 50348)
Fitting for: [1m(MultiDim_3D_Histo)_(RC_Bayesian)_(SMEAR=Smear)_(Q2_y_Bin_12)_(z_pT_Bin_7)_(MultiDim_z_pT_Bin_Y_bin_phi_t)_(Normalized)[0m (Histo Num 50349)
Fitting for: [1m(MultiDim_3D_Histo)_(BC_RC_Bayesian)_(SMEAR=Smear)_(Q2_y_Bin_12)_(z_pT_Bin_7)_(MultiDim_z_pT_Bin_Y_bin_phi_t)_(Normalized)[0m (Histo Num 50350)
Fitting for: [1m(MultiDim_3D_Histo)_(Bayesian)_(SMEAR=Smear)_(Q2_y_Bin_12)_(z_pT_Bin_8)_(MultiDim_z_pT_Bin_Y_bin_phi_t)_(Normalized)[0m (Histo Num 50354)
Fitting for: [1m(MultiDim_3D_Histo)_(RC_Bayesian)_(SMEAR=Smear)_(Q2_y_Bin_12)_(z_pT_Bin_8)_(MultiDim_z_pT_Bin_Y_bin_phi_t)_(Normalized)[0m (Histo Num 50355)
Fitting for: [1m(MultiDim_3D_Histo)_(BC_RC_Bayesian)_(SMEAR=Smear)_(Q2_y_Bin_12)_(z_pT_Bin_8)_(MultiDim_z_pT_Bin_Y_bin_phi_t)_(Normalized)[0m (Histo Num 50356)
Fitting for: [1m(MultiDim_3D_Histo)_(Bayesian)_(SMEAR=Smear)_(Q2_y_Bin_12)_(z_pT_Bin_9)_(MultiDim_z_pT_Bin_Y_bin_phi_t)_(Normalized)[0m (Histo Num 50360)
Fitting for: [1m(MultiDim_3D_Histo)_(RC_Bayesian)_(SMEAR=Smear)_(Q2_y_Bin_12)_(z_pT_Bin_9)_(MultiDim_z_pT_Bin_Y_bin_phi_t)_(Normalized)[0m (Histo Num 50361)
Fitting for: [1m(MultiDim_3D_Histo)_(BC_RC_Bayesian)_(SMEAR=Smear)_(Q2_y_Bin_12)_(z_pT_Bin_9)_(MultiDim_z_pT_Bin_Y_bin_phi_t)_(Normalized)[0m (Histo Num 50362)
Fitting for: [1m(MultiDim_3D_Histo)_(Bayesian)_(SMEAR=Smear)_(Q2_y_Bin_12)_(z_pT_Bin_10)_(MultiDim_z_pT_Bin_Y_bin_phi_t)_(Normalized)[0m (Histo Num 50366)
Fitting for: [1m(MultiDim_3D_Histo)_(RC_Bayesian)_(SMEAR=Smear)_(Q2_y_Bin_12)_(z_pT_Bin_10)_(MultiDim_z_pT_Bin_Y_bin_phi_t)_(Normalized)[0m (Histo Num 50367)
Fitting for: [1m(MultiDim_3D_Histo)_(BC_RC_Bayesian)_(SMEAR=Smear)_(Q2_y_Bin_12)_(z_pT_Bin_10)_(MultiDim_z_pT_Bin_Y_bin_phi_t)_(Normalized)[0m (Histo Num 50368)
Fitting for: [1m(MultiDim_3D_Histo)_(Bayesian)_(SMEAR=Smear)_(Q2_y_Bin_12)_(z_pT_Bin_11)_(MultiDim_z_pT_Bin_Y_bin_phi_t)_(Normalized)[0m (Histo Num 50372)
Fitting for: [1m(MultiDim_3D_Histo)_(RC_Bayesian)_(SMEAR=Smear)_(Q2_y_Bin_12)_(z_pT_Bin_11)_(MultiDim_z_pT_Bin_Y_bin_phi_t)_(Normalized)[0m (Histo Num 50373)
Fitting for: [1m(MultiDim_3D_Histo)_(BC_RC_Bayesian)_(SMEAR=Smear)_(Q2_y_Bin_12)_(z_pT_Bin_11)_(MultiDim_z_pT_Bin_Y_bin_phi_t)_(Normalized)[0m (Histo Num 50374)
Fitting for: [1m(MultiDim_3D_Histo)_(Bayesian)_(SMEAR=Smear)_(Q2_y_Bin_12)_(z_pT_Bin_12)_(MultiDim_z_pT_Bin_Y_bin_phi_t)_(Normalized)[0m (Histo Num 50378)
Fitting for: [1m(MultiDim_3D_Histo)_(RC_Bayesian)_(SMEAR=Smear)_(Q2_y_Bin_12)_(z_pT_Bin_12)_(MultiDim_z_pT_Bin_Y_bin_phi_t)_(Normalized)[0m (Histo Num 50379)
Fitting for: [1m(MultiDim_3D_Histo)_(BC_RC_Bayesian)_(SMEAR=Smear)_(Q2_y_Bin_12)_(z_pT_Bin_12)_(MultiDim_z_pT_Bin_Y_bin_phi_t)_(Normalized)[0m (Histo Num 50380)
Fitting for: [1m(MultiDim_3D_Histo)_(Bayesian)_(SMEAR=Smear)_(Q2_y_Bin_12)_(z_pT_Bin_13)_(MultiDim_z_pT_Bin_Y_bin_phi_t)_(Normalized)[0m (Histo Num 50384)
Fitting for: [1m(MultiDim_3D_Histo)_(RC_Bayesian)_(SMEAR=Smear)_(Q2_y_Bin_12)_(z_pT_Bin_13)_(MultiDim_z_pT_Bin_Y_bin_phi_t)_(Normalized)[0m (Histo Num 50385)
Fitting for: [1m(MultiDim_3D_Histo)_(BC_RC_Bayesian)_(SMEAR=Smear)_(Q2_y_Bin_12)_(z_pT_Bin_13)_(MultiDim_z_pT_Bin_Y_bin_phi_t)_(Normalized)[0m (Histo Num 50386)
Fitting for: [1m(MultiDim_3D_Histo)_(Bayesian)_(SMEAR=Smear)_(Q2_y_Bin_12)_(z_pT_Bin_14)_(MultiDim_z_pT_Bin_Y_bin_phi_t)_(Normalized)[0m (Histo Num 50390)
Fitting for: [1m(MultiDim_3D_Histo)_(RC_Bayesian)_(SMEAR=Smear)_(Q2_y_Bin_12)_(z_pT_Bin_14)_(MultiDim_z_pT_Bin_Y_bin_phi_t)_(Normalized)[0m (Histo Num 50391)
Fitting for: [1m(MultiDim_3D_Histo)_(BC_RC_Bayesian)_(SMEAR=Smear)_(Q2_y_Bin_12)_(z_pT_Bin_14)_(MultiDim_z_pT_Bin_Y_bin_phi_t)_(Normalized)[0m (Histo Num 50392)
Fitting for: [1m(MultiDim_3D_Histo)_(Bayesian)_(SMEAR=Smear)_(Q2_y_Bin_12)_(z_pT_Bin_15)_(MultiDim_z_pT_Bin_Y_bin_phi_t)_(Normalized)[0m (Histo Num 50396)
Fitting for: [1m(MultiDim_3D_Histo)_(RC_Bayesian)_(SMEAR=Smear)_(Q2_y_Bin_12)_(z_pT_Bin_15)_(MultiDim_z_pT_Bin_Y_bin_phi_t)_(Normalized)[0m (Histo Num 50397)
Fitting for: [1m(MultiDim_3D_Histo)_(BC_RC_Bayesian)_(SMEAR=Smear)_(Q2_y_Bin_12)_(z_pT_Bin_15)_(MultiDim_z_pT_Bin_Y_bin_phi_t)_(Normalized)[0m (Histo Num 50398)
Fitting for: [1m(MultiDim_3D_Histo)_(Bayesian)_(SMEAR=Smear)_(Q2_y_Bin_12)_(z_pT_Bin_16)_(MultiDim_z_pT_Bin_Y_bin_phi_t)_(Normalized)[0m (Histo Num 50402)
Fitting for: [1m(MultiDim_3D_Histo)_(RC_Bayesian)_(SMEAR=Smear)_(Q2_y_Bin_12)_(z_pT_Bin_16)_(MultiDim_z_pT_Bin_Y_bin_phi_t)_(Normalized)[0m (Histo Num 50403)
Fitting for: [1m(MultiDim_3D_Histo)_(BC_RC_Bayesian)_(SMEAR=Smear)_(Q2_y_Bin_12)_(z_pT_Bin_16)_(MultiDim_z_pT_Bin_Y_bin_phi_t)_(Normalized)[0m (Histo Num 50404)
Fitting for: [1m(MultiDim_3D_Histo)_(Bayesian)_(SMEAR=Smear)_(Q2_y_Bin_12)_(z_pT_Bin_17)_(MultiDim_z_pT_Bin_Y_bin_phi_t)_(Normalized)[0m (Histo Num 50408)
Fitting for: [1m(MultiDim_3D_Histo)_(RC_Bayesian)_(SMEAR=Smear)_(Q2_y_Bin_12)_(z_pT_Bin_17)_(MultiDim_z_pT_Bin_Y_bin_phi_t)_(Normalized)[0m (Histo Num 50409)
Fitting for: [1m(MultiDim_3D_Histo)_(BC_RC_Bayesian)_(SMEAR=Smear)_(Q2_y_Bin_12)_(z_pT_Bin_17)_(MultiDim_z_pT_Bin_Y_bin_phi_t)_(Normalized)[0m (Histo Num 50410)
Fitting for: [1m(MultiDim_3D_Histo)_(Bayesian)_(SMEAR=Smear)_(Q2_y_Bin_12)_(z_pT_Bin_18)_(MultiDim_z_pT_Bin_Y_bin_phi_t)_(Normalized)[0m (Histo Num 50414)
Fitting for: [1m(MultiDim_3D_Histo)_(RC_Bayesian)_(SMEAR=Smear)_(Q2_y_Bin_12)_(z_pT_Bin_18)_(MultiDim_z_pT_Bin_Y_bin_phi_t)_(Normalized)[0m (Histo Num 50415)
Fitting for: [1m(MultiDim_3D_Histo)_(BC_RC_Bayesian)_(SMEAR=Smear)_(Q2_y_Bin_12)_(z_pT_Bin_18)_(MultiDim_z_pT_Bin_Y_bin_phi_t)_(Normalized)[0m (Histo Num 50416)
Fitting for: [1m(MultiDim_3D_Histo)_(Bayesian)_(SMEAR=Smear)_(Q2_y_Bin_12)_(z_pT_Bin_19)_(MultiDim_z_pT_Bin_Y_bin_phi_t)_(Normalized)[0m (Histo Num 50420)
Fitting for: [1m(MultiDim_3D_Histo)_(RC_Bayesian)_(SMEAR=Smear)_(Q2_y_Bin_12)_(z_pT_Bin_19)_(MultiDim_z_pT_Bin_Y_bin_phi_t)_(Normalized)[0m (Histo Num 50421)
Fitting for: [1m(MultiDim_3D_Histo)_(BC_RC_Bayesian)_(SMEAR=Smear)_(Q2_y_Bin_12)_(z_pT_Bin_19)_(MultiDim_z_pT_Bin_Y_bin_phi_t)_(Normalized)[0m (Histo Num 50422)
Fitting for: [1m(MultiDim_3D_Histo)_(Bayesian)_(SMEAR=Smear)_(Q2_y_Bin_12)_(z_pT_Bin_20)_(MultiDim_z_pT_Bin_Y_bin_phi_t)_(Normalized)[0m (Histo Num 50426)
Fitting for: [1m(MultiDim_3D_Histo)_(RC_Bayesian)_(SMEAR=Smear)_(Q2_y_Bin_12)_(z_pT_Bin_20)_(MultiDim_z_pT_Bin_Y_bin_phi_t)_(Normalized)[0m (Histo Num 50427)
Fitting for: [1m(MultiDim_3D_Histo)_(BC_RC_Bayesian)_(SMEAR=Smear)_(Q2_y_Bin_12)_(z_pT_Bin_20)_(MultiDim_z_pT_Bin_Y_bin_phi_t)_(Normalized)[0m (Histo Num 50428)
Fitting for: [1m(MultiDim_3D_Histo)_(Bayesian)_(SMEAR=Smear)_(Q2_y_Bin_12)_(z_pT_Bin_21)_(MultiDim_z_pT_Bin_Y_bin_phi_t)_(Normalized)[0m (Histo Num 50432)
Fitting for: [1m(MultiDim_3D_Histo)_(RC_Bayesian)_(SMEAR=Smear)_(Q2_y_Bin_12)_(z_pT_Bin_21)_(MultiDim_z_pT_Bin_Y_bin_phi_t)_(Normalized)[0m (Histo Num 50433)
Fitting for: [1m(MultiDim_3D_Histo)_(BC_RC_Bayesian)_(SMEAR=Smear)_(Q2_y_Bin_12)_(z_pT_Bin_21)_(MultiDim_z_pT_Bin_Y_bin_phi_t)_(Normalized)[0m (Histo Num 50434)
Fitting for: [1m(MultiDim_3D_Histo)_(Bayesian)_(SMEAR=Smear)_(Q2_y_Bin_12)_(z_pT_Bin_22)_(MultiDim_z_pT_Bin_Y_bin_phi_t)_(Normalized)[0m (Histo Num 50438)
Fitting for: [1m(MultiDim_3D_Histo)_(RC_Bayesian)_(SMEAR=Smear)_(Q2_y_Bin_12)_(z_pT_Bin_22)_(MultiDim_z_pT_Bin_Y_bin_phi_t)_(Normalized)[0m (Histo Num 50439)
Fitting for: [1m(MultiDim_3D_Histo)_(BC_RC_Bayesian)_(SMEAR=Smear)_(Q2_y_Bin_12)_(z_pT_Bin_22)_(MultiDim_z_pT_Bin_Y_bin_phi_t)_(Normalized)[0m (Histo Num 50440)
Fitting for: [1m(MultiDim_3D_Histo)_(Bayesian)_(SMEAR=Smear)_(Q2_y_Bin_12)_(z_pT_Bin_23)_(MultiDim_z_pT_Bin_Y_bin_phi_t)_(Normalized)[0m (Histo Num 50444)
Fitting for: [1m(MultiDim_3D_Histo)_(RC_Bayesian)_(SMEAR=Smear)_(Q2_y_Bin_12)_(z_pT_Bin_23)_(MultiDim_z_pT_Bin_Y_bin_phi_t)_(Normalized)[0m (Histo Num 50445)
Fitting for: [1m(MultiDim_3D_Histo)_(BC_RC_Bayesian)_(SMEAR=Smear)_(Q2_y_Bin_12)_(z_pT_Bin_23)_(MultiDim_z_pT_Bin_Y_bin_phi_t)_(Normalized)[0m (Histo Num 50446)
Fitting for: [1m(MultiDim_3D_Histo)_(Bayesian)_(SMEAR=Smear)_(Q2_y_Bin_12)_(z_pT_Bin_24)_(MultiDim_z_pT_Bin_Y_bin_phi_t)_(Normalized)[0m (Histo Num 50450)
Fitting for: [1m(MultiDim_3D_Histo)_(RC_Bayesian)_(SMEAR=Smear)_(Q2_y_Bin_12)_(z_pT_Bin_24)_(MultiDim_z_pT_Bin_Y_bin_phi_t)_(Normalized)[0m (Histo Num 50451)
Fitting for: [1m(MultiDim_3D_Histo)_(BC_RC_Bayesian)_(SMEAR=Smear)_(Q2_y_Bin_12)_(z_pT_Bin_24)_(MultiDim_z_pT_Bin_Y_bin_phi_t)_(Normalized)[0m (Histo Num 50452)
Fitting for: [1m(MultiDim_3D_Histo)_(Bayesian)_(SMEAR=Smear)_(Q2_y_Bin_13)_(z_pT_Bin_1)_(MultiDim_z_pT_Bin_Y_bin_phi_t)_(Normalized)[0m (Histo Num 50456)
Fitting for: [1m(MultiDim_3D_Histo)_(RC_Bayesian)_(SMEAR=Smear)_(Q2_y_Bin_13)_(z_pT_Bin_1)_(MultiDim_z_pT_Bin_Y_bin_phi_t)_(Normalized)[0m (Histo Num 50457)
Fitting for: [1m(MultiDim_3D_Histo)_(BC_RC_Bayesian)_(SMEAR=Smear)_(Q2_y_Bin_13)_(z_pT_Bin_1)_(MultiDim_z_pT_Bin_Y_bin_phi_t)_(Normalized)[0m (Histo Num 50458)
Fitting for: [1m(MultiDim_3D_Histo)_(Bayesian)_(SMEAR=Smear)_(Q2_y_Bin_13)_(z_pT_Bin_2)_(MultiDim_z_pT_Bin_Y_bin_phi_t)_(Normalized)[0m (Histo Num 50462)
Fitting for: [1m(MultiDim_3D_Histo)_(RC_Bayesian)_(SMEAR=Smear)_(Q2_y_Bin_13)_(z_pT_Bin_2)_(MultiDim_z_pT_Bin_Y_bin_phi_t)_(Normalized)[0m (Histo Num 50463)
Fitting for: [1m(MultiDim_3D_Histo)_(BC_RC_Bayesian)_(SMEAR=Smear)_(Q2_y_Bin_13)_(z_pT_Bin_2)_(MultiDim_z_pT_Bin_Y_bin_phi_t)_(Normalized)[0m (Histo Num 50464)
Fitting for: [1m(MultiDim_3D_Histo)_(Bayesian)_(SMEAR=Smear)_(Q2_y_Bin_13)_(z_pT_Bin_3)_(MultiDim_z_pT_Bin_Y_bin_phi_t)_(Normalized)[0m (Histo Num 50468)
Fitting for: [1m(MultiDim_3D_Histo)_(RC_Bayesian)_(SMEAR=Smear)_(Q2_y_Bin_13)_(z_pT_Bin_3)_(MultiDim_z_pT_Bin_Y_bin_phi_t)_(Normalized)[0m (Histo Num 50469)
Fitting for: [1m(MultiDim_3D_Histo)_(BC_RC_Bayesian)_(SMEAR=Smear)_(Q2_y_Bin_13)_(z_pT_Bin_3)_(MultiDim_z_pT_Bin_Y_bin_phi_t)_(Normalized)[0m (Histo Num 50470)
Fitting for: [1m(MultiDim_3D_Histo)_(Bayesian)_(SMEAR=Smear)_(Q2_y_Bin_13)_(z_pT_Bin_4)_(MultiDim_z_pT_Bin_Y_bin_phi_t)_(Normalized)[0m (Histo Num 50474)
Fitting for: [1m(MultiDim_3D_Histo)_(RC_Bayesian)_(SMEAR=Smear)_(Q2_y_Bin_13)_(z_pT_Bin_4)_(MultiDim_z_pT_Bin_Y_bin_phi_t)_(Normalized)[0m (Histo Num 50475)
Fitting for: [1m(MultiDim_3D_Histo)_(BC_RC_Bayesian)_(SMEAR=Smear)_(Q2_y_Bin_13)_(z_pT_Bin_4)_(MultiDim_z_pT_Bin_Y_bin_phi_t)_(Normalized)[0m (Histo Num 50476)
Fitting for: [1m(MultiDim_3D_Histo)_(Bayesian)_(SMEAR=Smear)_(Q2_y_Bin_13)_(z_pT_Bin_5)_(MultiDim_z_pT_Bin_Y_bin_phi_t)_(Normalized)[0m (Histo Num 50480)
Fitting for: [1m(MultiDim_3D_Histo)_(RC_Bayesian)_(SMEAR=Smear)_(Q2_y_Bin_13)_(z_pT_Bin_5)_(MultiDim_z_pT_Bin_Y_bin_phi_t)_(Normalized)[0m (Histo Num 50481)
Fitting for: [1m(MultiDim_3D_Histo)_(BC_RC_Bayesian)_(SMEAR=Smear)_(Q2_y_Bin_13)_(z_pT_Bin_5)_(MultiDim_z_pT_Bin_Y_bin_phi_t)_(Normalized)[0m (Histo Num 50482)
Fitting for: [1m(MultiDim_3D_Histo)_(Bayesian)_(SMEAR=Smear)_(Q2_y_Bin_13)_(z_pT_Bin_6)_(MultiDim_z_pT_Bin_Y_bin_phi_t)_(Normalized)[0m (Histo Num 50486)
Fitting for: [1m(MultiDim_3D_Histo)_(RC_Bayesian)_(SMEAR=Smear)_(Q2_y_Bin_13)_(z_pT_Bin_6)_(MultiDim_z_pT_Bin_Y_bin_phi_t)_(Normalized)[0m (Histo Num 50487)
Fitting for: [1m(MultiDim_3D_Histo)_(BC_RC_Bayesian)_(SMEAR=Smear)_(Q2_y_Bin_13)_(z_pT_Bin_6)_(MultiDim_z_pT_Bin_Y_bin_phi_t)_(Normalized)[0m (Histo Num 50488)
Fitting for: [1m(MultiDim_3D_Histo)_(Bayesian)_(SMEAR=Smear)_(Q2_y_Bin_13)_(z_pT_Bin_7)_(MultiDim_z_pT_Bin_Y_bin_phi_t)_(Normalized)[0m (Histo Num 50492)
Fitting for: [1m(MultiDim_3D_Histo)_(RC_Bayesian)_(SMEAR=Smear)_(Q2_y_Bin_13)_(z_pT_Bin_7)_(MultiDim_z_pT_Bin_Y_bin_phi_t)_(Normalized)[0m (Histo Num 50493)
Fitting for: [1m(MultiDim_3D_Histo)_(BC_RC_Bayesian)_(SMEAR=Smear)_(Q2_y_Bin_13)_(z_pT_Bin_7)_(MultiDim_z_pT_Bin_Y_bin_phi_t)_(Normalized)[0m (Histo Num 50494)
Fitting for: [1m(MultiDim_3D_Histo)_(Bayesian)_(SMEAR=Smear)_(Q2_y_Bin_13)_(z_pT_Bin_8)_(MultiDim_z_pT_Bin_Y_bin_phi_t)_(Normalized)[0m (Histo Num 50498)
Fitting for: [1m(MultiDim_3D_Histo)_(RC_Bayesian)_(SMEAR=Smear)_(Q2_y_Bin_13)_(z_pT_Bin_8)_(MultiDim_z_pT_Bin_Y_bin_phi_t)_(Normalized)[0m (Histo Num 50499)
Fitting for: [1m(MultiDim_3D_Histo)_(BC_RC_Bayesian)_(SMEAR=Smear)_(Q2_y_Bin_13)_(z_pT_Bin_8)_(MultiDim_z_pT_Bin_Y_bin_phi_t)_(Normalized)[0m (Histo Num 50500)
Fitting for: [1m(MultiDim_3D_Histo)_(Bayesian)_(SMEAR=Smear)_(Q2_y_Bin_13)_(z_pT_Bin_9)_(MultiDim_z_pT_Bin_Y_bin_phi_t)_(Normalized)[0m (Histo Num 50504)
Fitting for: [1m(MultiDim_3D_Histo)_(RC_Bayesian)_(SMEAR=Smear)_(Q2_y_Bin_13)_(z_pT_Bin_9)_(MultiDim_z_pT_Bin_Y_bin_phi_t)_(Normalized)[0m (Histo Num 50505)
Fitting for: [1m(MultiDim_3D_Histo)_(BC_RC_Bayesian)_(SMEAR=Smear)_(Q2_y_Bin_13)_(z_pT_Bin_9)_(MultiDim_z_pT_Bin_Y_bin_phi_t)_(Normalized)[0m (Histo Num 50506)
Fitting for: [1m(MultiDim_3D_Histo)_(Bayesian)_(SMEAR=Smear)_(Q2_y_Bin_13)_(z_pT_Bin_10)_(MultiDim_z_pT_Bin_Y_bin_phi_t)_(Normalized)[0m (Histo Num 50510)
Fitting for: [1m(MultiDim_3D_Histo)_(RC_Bayesian)_(SMEAR=Smear)_(Q2_y_Bin_13)_(z_pT_Bin_10)_(MultiDim_z_pT_Bin_Y_bin_phi_t)_(Normalized)[0m (Histo Num 50511)
Fitting for: [1m(MultiDim_3D_Histo)_(BC_RC_Bayesian)_(SMEAR=Smear)_(Q2_y_Bin_13)_(z_pT_Bin_10)_(MultiDim_z_pT_Bin_Y_bin_phi_t)_(Normalized)[0m (Histo Num 50512)
Fitting for: [1m(MultiDim_3D_Histo)_(Bayesian)_(SMEAR=Smear)_(Q2_y_Bin_13)_(z_pT_Bin_11)_(MultiDim_z_pT_Bin_Y_bin_phi_t)_(Normalized)[0m (Histo Num 50516)
Fitting for: [1m(MultiDim_3D_Histo)_(RC_Bayesian)_(SMEAR=Smear)_(Q2_y_Bin_13)_(z_pT_Bin_11)_(MultiDim_z_pT_Bin_Y_bin_phi_t)_(Normalized)[0m (Histo Num 50517)
Fitting for: [1m(MultiDim_3D_Histo)_(BC_RC_Bayesian)_(SMEAR=Smear)_(Q2_y_Bin_13)_(z_pT_Bin_11)_(MultiDim_z_pT_Bin_Y_bin_phi_t)_(Normalized)[0m (Histo Num 50518)
Fitting for: [1m(MultiDim_3D_Histo)_(Bayesian)_(SMEAR=Smear)_(Q2_y_Bin_13)_(z_pT_Bin_12)_(MultiDim_z_pT_Bin_Y_bin_phi_t)_(Normalized)[0m (Histo Num 50522)
Fitting for: [1m(MultiDim_3D_Histo)_(RC_Bayesian)_(SMEAR=Smear)_(Q2_y_Bin_13)_(z_pT_Bin_12)_(MultiDim_z_pT_Bin_Y_bin_phi_t)_(Normalized)[0m (Histo Num 50523)
Fitting for: [1m(MultiDim_3D_Histo)_(BC_RC_Bayesian)_(SMEAR=Smear)_(Q2_y_Bin_13)_(z_pT_Bin_12)_(MultiDim_z_pT_Bin_Y_bin_phi_t)_(Normalized)[0m (Histo Num 50524)
Fitting for: [1m(MultiDim_3D_Histo)_(Bayesian)_(SMEAR=Smear)_(Q2_y_Bin_13)_(z_pT_Bin_13)_(MultiDim_z_pT_Bin_Y_bin_phi_t)_(Normalized)[0m (Histo Num 50528)
Fitting for: [1m(MultiDim_3D_Histo)_(RC_Bayesian)_(SMEAR=Smear)_(Q2_y_Bin_13)_(z_pT_Bin_13)_(MultiDim_z_pT_Bin_Y_bin_phi_t)_(Normalized)[0m (Histo Num 50529)
Fitting for: [1m(MultiDim_3D_Histo)_(BC_RC_Bayesian)_(SMEAR=Smear)_(Q2_y_Bin_13)_(z_pT_Bin_13)_(MultiDim_z_pT_Bin_Y_bin_phi_t)_(Normalized)[0m (Histo Num 50530)
Fitting for: [1m(MultiDim_3D_Histo)_(Bayesian)_(SMEAR=Smear)_(Q2_y_Bin_13)_(z_pT_Bin_14)_(MultiDim_z_pT_Bin_Y_bin_phi_t)_(Normalized)[0m (Histo Num 50534)
Fitting for: [1m(MultiDim_3D_Histo)_(RC_Bayesian)_(SMEAR=Smear)_(Q2_y_Bin_13)_(z_pT_Bin_14)_(MultiDim_z_pT_Bin_Y_bin_phi_t)_(Normalized)[0m (Histo Num 50535)
Fitting for: [1m(MultiDim_3D_Histo)_(BC_RC_Bayesian)_(SMEAR=Smear)_(Q2_y_Bin_13)_(z_pT_Bin_14)_(MultiDim_z_pT_Bin_Y_bin_phi_t)_(Normalized)[0m (Histo Num 50536)
Fitting for: [1m(MultiDim_3D_Histo)_(Bayesian)_(SMEAR=Smear)_(Q2_y_Bin_13)_(z_pT_Bin_15)_(MultiDim_z_pT_Bin_Y_bin_phi_t)_(Normalized)[0m (Histo Num 50540)
Fitting for: [1m(MultiDim_3D_Histo)_(RC_Bayesian)_(SMEAR=Smear)_(Q2_y_Bin_13)_(z_pT_Bin_15)_(MultiDim_z_pT_Bin_Y_bin_phi_t)_(Normalized)[0m (Histo Num 50541)
Fitting for: [1m(MultiDim_3D_Histo)_(BC_RC_Bayesian)_(SMEAR=Smear)_(Q2_y_Bin_13)_(z_pT_Bin_15)_(MultiDim_z_pT_Bin_Y_bin_phi_t)_(Normalized)[0m (Histo Num 50542)
Fitting for: [1m(MultiDim_3D_Histo)_(Bayesian)_(SMEAR=Smear)_(Q2_y_Bin_13)_(z_pT_Bin_16)_(MultiDim_z_pT_Bin_Y_bin_phi_t)_(Normalized)[0m (Histo Num 50546)
Fitting for: [1m(MultiDim_3D_Histo)_(RC_Bayesian)_(SMEAR=Smear)_(Q2_y_Bin_13)_(z_pT_Bin_16)_(MultiDim_z_pT_Bin_Y_bin_phi_t)_(Normalized)[0m (Histo Num 50547)
Fitting for: [1m(MultiDim_3D_Histo)_(BC_RC_Bayesian)_(SMEAR=Smear)_(Q2_y_Bin_13)_(z_pT_Bin_16)_(MultiDim_z_pT_Bin_Y_bin_phi_t)_(Normalized)[0m (Histo Num 50548)
Fitting for: [1m(MultiDim_3D_Histo)_(Bayesian)_(SMEAR=Smear)_(Q2_y_Bin_13)_(z_pT_Bin_17)_(MultiDim_z_pT_Bin_Y_bin_phi_t)_(Normalized)[0m (Histo Num 50552)
Fitting for: [1m(MultiDim_3D_Histo)_(RC_Bayesian)_(SMEAR=Smear)_(Q2_y_Bin_13)_(z_pT_Bin_17)_(MultiDim_z_pT_Bin_Y_bin_phi_t)_(Normalized)[0m (Histo Num 50553)
Fitting for: [1m(MultiDim_3D_Histo)_(BC_RC_Bayesian)_(SMEAR=Smear)_(Q2_y_Bin_13)_(z_pT_Bin_17)_(MultiDim_z_pT_Bin_Y_bin_phi_t)_(Normalized)[0m (Histo Num 50554)
Fitting for: [1m(MultiDim_3D_Histo)_(Bayesian)_(SMEAR=Smear)_(Q2_y_Bin_13)_(z_pT_Bin_18)_(MultiDim_z_pT_Bin_Y_bin_phi_t)_(Normalized)[0m (Histo Num 50558)
Fitting for: [1m(MultiDim_3D_Histo)_(RC_Bayesian)_(SMEAR=Smear)_(Q2_y_Bin_13)_(z_pT_Bin_18)_(MultiDim_z_pT_Bin_Y_bin_phi_t)_(Normalized)[0m (Histo Num 50559)
Fitting for: [1m(MultiDim_3D_Histo)_(BC_RC_Bayesian)_(SMEAR=Smear)_(Q2_y_Bin_13)_(z_pT_Bin_18)_(MultiDim_z_pT_Bin_Y_bin_phi_t)_(Normalized)[0m (Histo Num 50560)
Fitting for: [1m(MultiDim_3D_Histo)_(Bayesian)_(SMEAR=Smear)_(Q2_y_Bin_13)_(z_pT_Bin_19)_(MultiDim_z_pT_Bin_Y_bin_phi_t)_(Normalized)[0m (Histo Num 50564)
Fitting for: [1m(MultiDim_3D_Histo)_(RC_Bayesian)_(SMEAR=Smear)_(Q2_y_Bin_13)_(z_pT_Bin_19)_(MultiDim_z_pT_Bin_Y_bin_phi_t)_(Normalized)[0m (Histo Num 50565)
Fitting for: [1m(MultiDim_3D_Histo)_(BC_RC_Bayesian)_(SMEAR=Smear)_(Q2_y_Bin_13)_(z_pT_Bin_19)_(MultiDim_z_pT_Bin_Y_bin_phi_t)_(Normalized)[0m (Histo Num 50566)
Fitting for: [1m(MultiDim_3D_Histo)_(Bayesian)_(SMEAR=Smear)_(Q2_y_Bin_13)_(z_pT_Bin_21)_(MultiDim_z_pT_Bin_Y_bin_phi_t)_(Normalized)[0m (Histo Num 50570)
Fitting for: [1m(MultiDim_3D_Histo)_(RC_Bayesian)_(SMEAR=Smear)_(Q2_y_Bin_13)_(z_pT_Bin_21)_(MultiDim_z_pT_Bin_Y_bin_phi_t)_(Normalized)[0m (Histo Num 50571)
Fitting for: [1m(MultiDim_3D_Histo)_(BC_RC_Bayesian)_(SMEAR=Smear)_(Q2_y_Bin_13)_(z_pT_Bin_21)_(MultiDim_z_pT_Bin_Y_bin_phi_t)_(Normalized)[0m (Histo Num 50572)
Fitting for: [1m(MultiDim_3D_Histo)_(Bayesian)_(SMEAR=Smear)_(Q2_y_Bin_13)_(z_pT_Bin_22)_(MultiDim_z_pT_Bin_Y_bin_phi_t)_(Normalized)[0m (Histo Num 50576)
Fitting for: [1m(MultiDim_3D_Histo)_(RC_Bayesian)_(SMEAR=Smear)_(Q2_y_Bin_13)_(z_pT_Bin_22)_(MultiDim_z_pT_Bin_Y_bin_phi_t)_(Normalized)[0m (Histo Num 50577)
Fitting for: [1m(MultiDim_3D_Histo)_(BC_RC_Bayesian)_(SMEAR=Smear)_(Q2_y_Bin_13)_(z_pT_Bin_22)_(MultiDim_z_pT_Bin_Y_bin_phi_t)_(Normalized)[0m (Histo Num 50578)
Fitting for: [1m(MultiDim_3D_Histo)_(Bayesian)_(SMEAR=Smear)_(Q2_y_Bin_13)_(z_pT_Bin_23)_(MultiDim_z_pT_Bin_Y_bin_phi_t)_(Normalized)[0m (Histo Num 50582)
Fitting for: [1m(MultiDim_3D_Histo)_(RC_Bayesian)_(SMEAR=Smear)_(Q2_y_Bin_13)_(z_pT_Bin_23)_(MultiDim_z_pT_Bin_Y_bin_phi_t)_(Normalized)[0m (Histo Num 50583)
Fitting for: [1m(MultiDim_3D_Histo)_(BC_RC_Bayesian)_(SMEAR=Smear)_(Q2_y_Bin_13)_(z_pT_Bin_23)_(MultiDim_z_pT_Bin_Y_bin_phi_t)_(Normalized)[0m (Histo Num 50584)
Fitting for: [1m(MultiDim_3D_Histo)_(Bayesian)_(SMEAR=Smear)_(Q2_y_Bin_13)_(z_pT_Bin_24)_(MultiDim_z_pT_Bin_Y_bin_phi_t)_(Normalized)[0m (Histo Num 50588)
Fitting for: [1m(MultiDim_3D_Histo)_(RC_Bayesian)_(SMEAR=Smear)_(Q2_y_Bin_13)_(z_pT_Bin_24)_(MultiDim_z_pT_Bin_Y_bin_phi_t)_(Normalized)[0m (Histo Num 50589)
Fitting for: [1m(MultiDim_3D_Histo)_(BC_RC_Bayesian)_(SMEAR=Smear)_(Q2_y_Bin_13)_(z_pT_Bin_24)_(MultiDim_z_pT_Bin_Y_bin_phi_t)_(Normalized)[0m (Histo Num 50590)
Fitting for: [1m(MultiDim_3D_Histo)_(Bayesian)_(SMEAR=Smear)_(Q2_y_Bin_13)_(z_pT_Bin_26)_(MultiDim_z_pT_Bin_Y_bin_phi_t)_(Normalized)[0m (Histo Num 50594)
Fitting for: [1m(MultiDim_3D_Histo)_(RC_Bayesian)_(SMEAR=Smear)_(Q2_y_Bin_13)_(z_pT_Bin_26)_(MultiDim_z_pT_Bin_Y_bin_phi_t)_(Normalized)[0m (Histo Num 50595)
Fitting for: [1m(MultiDim_3D_Histo)_(BC_RC_Bayesian)_(SMEAR=Smear)_(Q2_y_Bin_13)_(z_pT_Bin_26)_(MultiDim_z_pT_Bin_Y_bin_phi_t)_(Normalized)[0m (Histo Num 50596)
Fitting for: [1m(MultiDim_3D_Histo)_(Bayesian)_(SMEAR=Smear)_(Q2_y_Bin_13)_(z_pT_Bin_27)_(MultiDim_z_pT_Bin_Y_bin_phi_t)_(Normalized)[0m (Histo Num 50600)
Fitting for: [1m(MultiDim_3D_Histo)_(RC_Bayesian)_(SMEAR=Smear)_(Q2_y_Bin_13)_(z_pT_Bin_27)_(MultiDim_z_pT_Bin_Y_bin_phi_t)_(Normalized)[0m (Histo Num 50601)
Fitting for: [1m(MultiDim_3D_Histo)_(BC_RC_Bayesian)_(SMEAR=Smear)_(Q2_y_Bin_13)_(z_pT_Bin_27)_(MultiDim_z_pT_Bin_Y_bin_phi_t)_(Normalized)[0m (Histo Num 50602)
Fitting for: [1m(MultiDim_3D_Histo)_(Bayesian)_(SMEAR=Smear)_(Q2_y_Bin_13)_(z_pT_Bin_28)_(MultiDim_z_pT_Bin_Y_bin_phi_t)_(Normalized)[0m (Histo Num 50606)
Fitting for: [1m(MultiDim_3D_Histo)_(RC_Bayesian)_(SMEAR=Smear)_(Q2_y_Bin_13)_(z_pT_Bin_28)_(MultiDim_z_pT_Bin_Y_bin_phi_t)_(Normalized)[0m (Histo Num 50607)
Fitting for: [1m(MultiDim_3D_Histo)_(BC_RC_Bayesian)_(SMEAR=Smear)_(Q2_y_Bin_13)_(z_pT_Bin_28)_(MultiDim_z_pT_Bin_Y_bin_phi_t)_(Normalized)[0m (Histo Num 50608)
Fitting for: [1m(MultiDim_3D_Histo)_(Bayesian)_(SMEAR=Smear)_(Q2_y_Bin_14)_(z_pT_Bin_1)_(MultiDim_z_pT_Bin_Y_bin_phi_t)_(Normalized)[0m (Histo Num 50612)
Fitting for: [1m(MultiDim_3D_Histo)_(RC_Bayesian)_(SMEAR=Smear)_(Q2_y_Bin_14)_(z_pT_Bin_1)_(MultiDim_z_pT_Bin_Y_bin_phi_t)_(Normalized)[0m (Histo Num 50613)
Fitting for: [1m(MultiDim_3D_Histo)_(BC_RC_Bayesian)_(SMEAR=Smear)_(Q2_y_Bin_14)_(z_pT_Bin_1)_(MultiDim_z_pT_Bin_Y_bin_phi_t)_(Normalized)[0m (Histo Num 50614)
Fitting for: [1m(MultiDim_3D_Histo)_(Bayesian)_(SMEAR=Smear)_(Q2_y_Bin_14)_(z_pT_Bin_2)_(MultiDim_z_pT_Bin_Y_bin_phi_t)_(Normalized)[0m (Histo Num 50618)
Fitting for: [1m(MultiDim_3D_Histo)_(RC_Bayesian)_(SMEAR=Smear)_(Q2_y_Bin_14)_(z_pT_Bin_2)_(MultiDim_z_pT_Bin_Y_bin_phi_t)_(Normalized)[0m (Histo Num 50619)
Fitting for: [1m(MultiDim_3D_Histo)_(BC_RC_Bayesian)_(SMEAR=Smear)_(Q2_y_Bin_14)_(z_pT_Bin_2)_(MultiDim_z_pT_Bin_Y_bin_phi_t)_(Normalized)[0m (Histo Num 50620)
Fitting for: [1m(MultiDim_3D_Histo)_(Bayesian)_(SMEAR=Smear)_(Q2_y_Bin_14)_(z_pT_Bin_3)_(MultiDim_z_pT_Bin_Y_bin_phi_t)_(Normalized)[0m (Histo Num 50624)
Fitting for: [1m(MultiDim_3D_Histo)_(RC_Bayesian)_(SMEAR=Smear)_(Q2_y_Bin_14)_(z_pT_Bin_3)_(MultiDim_z_pT_Bin_Y_bin_phi_t)_(Normalized)[0m (Histo Num 50625)
Fitting for: [1m(MultiDim_3D_Histo)_(BC_RC_Bayesian)_(SMEAR=Smear)_(Q2_y_Bin_14)_(z_pT_Bin_3)_(MultiDim_z_pT_Bin_Y_bin_phi_t)_(Normalized)[0m (Histo Num 50626)
Fitting for: [1m(MultiDim_3D_Histo)_(Bayesian)_(SMEAR=Smear)_(Q2_y_Bin_14)_(z_pT_Bin_4)_(MultiDim_z_pT_Bin_Y_bin_phi_t)_(Normalized)[0m (Histo Num 50630)
Fitting for: [1m(MultiDim_3D_Histo)_(RC_Bayesian)_(SMEAR=Smear)_(Q2_y_Bin_14)_(z_pT_Bin_4)_(MultiDim_z_pT_Bin_Y_bin_phi_t)_(Normalized)[0m (Histo Num 50631)
Fitting for: [1m(MultiDim_3D_Histo)_(BC_RC_Bayesian)_(SMEAR=Smear)_(Q2_y_Bin_14)_(z_pT_Bin_4)_(MultiDim_z_pT_Bin_Y_bin_phi_t)_(Normalized)[0m (Histo Num 50632)
Fitting for: [1m(MultiDim_3D_Histo)_(Bayesian)_(SMEAR=Smear)_(Q2_y_Bin_14)_(z_pT_Bin_5)_(MultiDim_z_pT_Bin_Y_bin_phi_t)_(Normalized)[0m (Histo Num 50636)
Fitting for: [1m(MultiDim_3D_Histo)_(RC_Bayesian)_(SMEAR=Smear)_(Q2_y_Bin_14)_(z_pT_Bin_5)_(MultiDim_z_pT_Bin_Y_bin_phi_t)_(Normalized)[0m (Histo Num 50637)
Fitting for: [1m(MultiDim_3D_Histo)_(BC_RC_Bayesian)_(SMEAR=Smear)_(Q2_y_Bin_14)_(z_pT_Bin_5)_(MultiDim_z_pT_Bin_Y_bin_phi_t)_(Normalized)[0m (Histo Num 50638)
Fitting for: [1m(MultiDim_3D_Histo)_(Bayesian)_(SMEAR=Smear)_(Q2_y_Bin_14)_(z_pT_Bin_7)_(MultiDim_z_pT_Bin_Y_bin_phi_t)_(Normalized)[0m (Histo Num 50642)
Fitting for: [1m(MultiDim_3D_Histo)_(RC_Bayesian)_(SMEAR=Smear)_(Q2_y_Bin_14)_(z_pT_Bin_7)_(MultiDim_z_pT_Bin_Y_bin_phi_t)_(Normalized)[0m (Histo Num 50643)
Fitting for: [1m(MultiDim_3D_Histo)_(BC_RC_Bayesian)_(SMEAR=Smear)_(Q2_y_Bin_14)_(z_pT_Bin_7)_(MultiDim_z_pT_Bin_Y_bin_phi_t)_(Normalized)[0m (Histo Num 50644)
Fitting for: [1m(MultiDim_3D_Histo)_(Bayesian)_(SMEAR=Smear)_(Q2_y_Bin_14)_(z_pT_Bin_8)_(MultiDim_z_pT_Bin_Y_bin_phi_t)_(Normalized)[0m (Histo Num 50648)
Fitting for: [1m(MultiDim_3D_Histo)_(RC_Bayesian)_(SMEAR=Smear)_(Q2_y_Bin_14)_(z_pT_Bin_8)_(MultiDim_z_pT_Bin_Y_bin_phi_t)_(Normalized)[0m (Histo Num 50649)
Fitting for: [1m(MultiDim_3D_Histo)_(BC_RC_Bayesian)_(SMEAR=Smear)_(Q2_y_Bin_14)_(z_pT_Bin_8)_(MultiDim_z_pT_Bin_Y_bin_phi_t)_(Normalized)[0m (Histo Num 50650)
Fitting for: [1m(MultiDim_3D_Histo)_(Bayesian)_(SMEAR=Smear)_(Q2_y_Bin_14)_(z_pT_Bin_9)_(MultiDim_z_pT_Bin_Y_bin_phi_t)_(Normalized)[0m (Histo Num 50654)
Fitting for: [1m(MultiDim_3D_Histo)_(RC_Bayesian)_(SMEAR=Smear)_(Q2_y_Bin_14)_(z_pT_Bin_9)_(MultiDim_z_pT_Bin_Y_bin_phi_t)_(Normalized)[0m (Histo Num 50655)
Fitting for: [1m(MultiDim_3D_Histo)_(BC_RC_Bayesian)_(SMEAR=Smear)_(Q2_y_Bin_14)_(z_pT_Bin_9)_(MultiDim_z_pT_Bin_Y_bin_phi_t)_(Normalized)[0m (Histo Num 50656)
Fitting for: [1m(MultiDim_3D_Histo)_(Bayesian)_(SMEAR=Smear)_(Q2_y_Bin_14)_(z_pT_Bin_10)_(MultiDim_z_pT_Bin_Y_bin_phi_t)_(Normalized)[0m (Histo Num 50660)
Fitting for: [1m(MultiDim_3D_Histo)_(RC_Bayesian)_(SMEAR=Smear)_(Q2_y_Bin_14)_(z_pT_Bin_10)_(MultiDim_z_pT_Bin_Y_bin_phi_t)_(Normalized)[0m (Histo Num 50661)
Fitting for: [1m(MultiDim_3D_Histo)_(BC_RC_Bayesian)_(SMEAR=Smear)_(Q2_y_Bin_14)_(z_pT_Bin_10)_(MultiDim_z_pT_Bin_Y_bin_phi_t)_(Normalized)[0m (Histo Num 50662)
Fitting for: [1m(MultiDim_3D_Histo)_(Bayesian)_(SMEAR=Smear)_(Q2_y_Bin_14)_(z_pT_Bin_11)_(MultiDim_z_pT_Bin_Y_bin_phi_t)_(Normalized)[0m (Histo Num 50666)
Fitting for: [1m(MultiDim_3D_Histo)_(RC_Bayesian)_(SMEAR=Smear)_(Q2_y_Bin_14)_(z_pT_Bin_11)_(MultiDim_z_pT_Bin_Y_bin_phi_t)_(Normalized)[0m (Histo Num 50667)
Fitting for: [1m(MultiDim_3D_Histo)_(BC_RC_Bayesian)_(SMEAR=Smear)_(Q2_y_Bin_14)_(z_pT_Bin_11)_(MultiDim_z_pT_Bin_Y_bin_phi_t)_(Normalized)[0m (Histo Num 50668)
Fitting for: [1m(MultiDim_3D_Histo)_(Bayesian)_(SMEAR=Smear)_(Q2_y_Bin_14)_(z_pT_Bin_12)_(MultiDim_z_pT_Bin_Y_bin_phi_t)_(Normalized)[0m (Histo Num 50672)
Fitting for: [1m(MultiDim_3D_Histo)_(RC_Bayesian)_(SMEAR=Smear)_(Q2_y_Bin_14)_(z_pT_Bin_12)_(MultiDim_z_pT_Bin_Y_bin_phi_t)_(Normalized)[0m (Histo Num 50673)
Fitting for: [1m(MultiDim_3D_Histo)_(BC_RC_Bayesian)_(SMEAR=Smear)_(Q2_y_Bin_14)_(z_pT_Bin_12)_(MultiDim_z_pT_Bin_Y_bin_phi_t)_(Normalized)[0m (Histo Num 50674)
Fitting for: [1m(MultiDim_3D_Histo)_(Bayesian)_(SMEAR=Smear)_(Q2_y_Bin_14)_(z_pT_Bin_13)_(MultiDim_z_pT_Bin_Y_bin_phi_t)_(Normalized)[0m (Histo Num 50678)
Fitting for: [1m(MultiDim_3D_Histo)_(RC_Bayesian)_(SMEAR=Smear)_(Q2_y_Bin_14)_(z_pT_Bin_13)_(MultiDim_z_pT_Bin_Y_bin_phi_t)_(Normalized)[0m (Histo Num 50679)
Fitting for: [1m(MultiDim_3D_Histo)_(BC_RC_Bayesian)_(SMEAR=Smear)_(Q2_y_Bin_14)_(z_pT_Bin_13)_(MultiDim_z_pT_Bin_Y_bin_phi_t)_(Normalized)[0m (Histo Num 50680)
Fitting for: [1m(MultiDim_3D_Histo)_(Bayesian)_(SMEAR=Smear)_(Q2_y_Bin_14)_(z_pT_Bin_14)_(MultiDim_z_pT_Bin_Y_bin_phi_t)_(Normalized)[0m (Histo Num 50684)
Fitting for: [1m(MultiDim_3D_Histo)_(RC_Bayesian)_(SMEAR=Smear)_(Q2_y_Bin_14)_(z_pT_Bin_14)_(MultiDim_z_pT_Bin_Y_bin_phi_t)_(Normalized)[0m (Histo Num 50685)
Fitting for: [1m(MultiDim_3D_Histo)_(BC_RC_Bayesian)_(SMEAR=Smear)_(Q2_y_Bin_14)_(z_pT_Bin_14)_(MultiDim_z_pT_Bin_Y_bin_phi_t)_(Normalized)[0m (Histo Num 50686)
Fitting for: [1m(MultiDim_3D_Histo)_(Bayesian)_(SMEAR=Smear)_(Q2_y_Bin_14)_(z_pT_Bin_15)_(MultiDim_z_pT_Bin_Y_bin_phi_t)_(Normalized)[0m (Histo Num 50690)
Fitting for: [1m(MultiDim_3D_Histo)_(RC_Bayesian)_(SMEAR=Smear)_(Q2_y_Bin_14)_(z_pT_Bin_15)_(MultiDim_z_pT_Bin_Y_bin_phi_t)_(Normalized)[0m (Histo Num 50691)
Fitting for: [1m(MultiDim_3D_Histo)_(BC_RC_Bayesian)_(SMEAR=Smear)_(Q2_y_Bin_14)_(z_pT_Bin_15)_(MultiDim_z_pT_Bin_Y_bin_phi_t)_(Normalized)[0m (Histo Num 50692)
Fitting for: [1m(MultiDim_3D_Histo)_(Bayesian)_(SMEAR=Smear)_(Q2_y_Bin_14)_(z_pT_Bin_16)_(MultiDim_z_pT_Bin_Y_bin_phi_t)_(Normalized)[0m (Histo Num 50696)
Fitting for: [1m(MultiDim_3D_Histo)_(RC_Bayesian)_(SMEAR=Smear)_(Q2_y_Bin_14)_(z_pT_Bin_16)_(MultiDim_z_pT_Bin_Y_bin_phi_t)_(Normalized)[0m (Histo Num 50697)
Fitting for: [1m(MultiDim_3D_Histo)_(BC_RC_Bayesian)_(SMEAR=Smear)_(Q2_y_Bin_14)_(z_pT_Bin_16)_(MultiDim_z_pT_Bin_Y_bin_phi_t)_(Normalized)[0m (Histo Num 50698)
Fitting for: [1m(MultiDim_3D_Histo)_(Bayesian)_(SMEAR=Smear)_(Q2_y_Bin_14)_(z_pT_Bin_17)_(MultiDim_z_pT_Bin_Y_bin_phi_t)_(Normalized)[0m (Histo Num 50702)
Fitting for: [1m(MultiDim_3D_Histo)_(RC_Bayesian)_(SMEAR=Smear)_(Q2_y_Bin_14)_(z_pT_Bin_17)_(MultiDim_z_pT_Bin_Y_bin_phi_t)_(Normalized)[0m (Histo Num 50703)
Fitting for: [1m(MultiDim_3D_Histo)_(BC_RC_Bayesian)_(SMEAR=Smear)_(Q2_y_Bin_14)_(z_pT_Bin_17)_(MultiDim_z_pT_Bin_Y_bin_phi_t)_(Normalized)[0m (Histo Num 50704)
Fitting for: [1m(MultiDim_3D_Histo)_(Bayesian)_(SMEAR=Smear)_(Q2_y_Bin_14)_(z_pT_Bin_18)_(MultiDim_z_pT_Bin_Y_bin_phi_t)_(Normalized)[0m (Histo Num 50708)
Fitting for: [1m(MultiDim_3D_Histo)_(RC_Bayesian)_(SMEAR=Smear)_(Q2_y_Bin_14)_(z_pT_Bin_18)_(MultiDim_z_pT_Bin_Y_bin_phi_t)_(Normalized)[0m (Histo Num 50709)
Fitting for: [1m(MultiDim_3D_Histo)_(BC_RC_Bayesian)_(SMEAR=Smear)_(Q2_y_Bin_14)_(z_pT_Bin_18)_(MultiDim_z_pT_Bin_Y_bin_phi_t)_(Normalized)[0m (Histo Num 50710)
Fitting for: [1m(MultiDim_3D_Histo)_(Bayesian)_(SMEAR=Smear)_(Q2_y_Bin_14)_(z_pT_Bin_19)_(MultiDim_z_pT_Bin_Y_bin_phi_t)_(Normalized)[0m (Histo Num 50714)
Fitting for: [1m(MultiDim_3D_Histo)_(RC_Bayesian)_(SMEAR=Smear)_(Q2_y_Bin_14)_(z_pT_Bin_19)_(MultiDim_z_pT_Bin_Y_bin_phi_t)_(Normalized)[0m (Histo Num 50715)
Fitting for: [1m(MultiDim_3D_Histo)_(BC_RC_Bayesian)_(SMEAR=Smear)_(Q2_y_Bin_14)_(z_pT_Bin_19)_(MultiDim_z_pT_Bin_Y_bin_phi_t)_(Normalized)[0m (Histo Num 50716)
Fitting for: [1m(MultiDim_3D_Histo)_(Bayesian)_(SMEAR=Smear)_(Q2_y_Bin_14)_(z_pT_Bin_20)_(MultiDim_z_pT_Bin_Y_bin_phi_t)_(Normalized)[0m (Histo Num 50720)
Fitting for: [1m(MultiDim_3D_Histo)_(RC_Bayesian)_(SMEAR=Smear)_(Q2_y_Bin_14)_(z_pT_Bin_20)_(MultiDim_z_pT_Bin_Y_bin_phi_t)_(Normalized)[0m (Histo Num 50721)
Fitting for: [1m(MultiDim_3D_Histo)_(BC_RC_Bayesian)_(SMEAR=Smear)_(Q2_y_Bin_14)_(z_pT_Bin_20)_(MultiDim_z_pT_Bin_Y_bin_phi_t)_(Normalized)[0m (Histo Num 50722)
Fitting for: [1m(MultiDim_3D_Histo)_(Bayesian)_(SMEAR=Smear)_(Q2_y_Bin_14)_(z_pT_Bin_21)_(MultiDim_z_pT_Bin_Y_bin_phi_t)_(Normalized)[0m (Histo Num 50726)
Fitting for: [1m(MultiDim_3D_Histo)_(RC_Bayesian)_(SMEAR=Smear)_(Q2_y_Bin_14)_(z_pT_Bin_21)_(MultiDim_z_pT_Bin_Y_bin_phi_t)_(Normalized)[0m (Histo Num 50727)
Fitting for: [1m(MultiDim_3D_Histo)_(BC_RC_Bayesian)_(SMEAR=Smear)_(Q2_y_Bin_14)_(z_pT_Bin_21)_(MultiDim_z_pT_Bin_Y_bin_phi_t)_(Normalized)[0m (Histo Num 50728)
Fitting for: [1m(MultiDim_3D_Histo)_(Bayesian)_(SMEAR=Smear)_(Q2_y_Bin_14)_(z_pT_Bin_22)_(MultiDim_z_pT_Bin_Y_bin_phi_t)_(Normalized)[0m (Histo Num 50732)
Fitting for: [1m(MultiDim_3D_Histo)_(RC_Bayesian)_(SMEAR=Smear)_(Q2_y_Bin_14)_(z_pT_Bin_22)_(MultiDim_z_pT_Bin_Y_bin_phi_t)_(Normalized)[0m (Histo Num 50733)
Fitting for: [1m(MultiDim_3D_Histo)_(BC_RC_Bayesian)_(SMEAR=Smear)_(Q2_y_Bin_14)_(z_pT_Bin_22)_(MultiDim_z_pT_Bin_Y_bin_phi_t)_(Normalized)[0m (Histo Num 50734)
Fitting for: [1m(MultiDim_3D_Histo)_(Bayesian)_(SMEAR=Smear)_(Q2_y_Bin_14)_(z_pT_Bin_23)_(MultiDim_z_pT_Bin_Y_bin_phi_t)_(Normalized)[0m (Histo Num 50738)
Fitting for: [1m(MultiDim_3D_Histo)_(RC_Bayesian)_(SMEAR=Smear)_(Q2_y_Bin_14)_(z_pT_Bin_23)_(MultiDim_z_pT_Bin_Y_bin_phi_t)_(Normalized)[0m (Histo Num 50739)
Fitting for: [1m(MultiDim_3D_Histo)_(BC_RC_Bayesian)_(SMEAR=Smear)_(Q2_y_Bin_14)_(z_pT_Bin_23)_(MultiDim_z_pT_Bin_Y_bin_phi_t)_(Normalized)[0m (Histo Num 50740)
Fitting for: [1m(MultiDim_3D_Histo)_(Bayesian)_(SMEAR=Smear)_(Q2_y_Bin_14)_(z_pT_Bin_25)_(MultiDim_z_pT_Bin_Y_bin_phi_t)_(Normalized)[0m (Histo Num 50744)
Fitting for: [1m(MultiDim_3D_Histo)_(RC_Bayesian)_(SMEAR=Smear)_(Q2_y_Bin_14)_(z_pT_Bin_25)_(MultiDim_z_pT_Bin_Y_bin_phi_t)_(Normalized)[0m (Histo Num 50745)
Fitting for: [1m(MultiDim_3D_Histo)_(BC_RC_Bayesian)_(SMEAR=Smear)_(Q2_y_Bin_14)_(z_pT_Bin_25)_(MultiDim_z_pT_Bin_Y_bin_phi_t)_(Normalized)[0m (Histo Num 50746)
Fitting for: [1m(MultiDim_3D_Histo)_(Bayesian)_(SMEAR=Smear)_(Q2_y_Bin_14)_(z_pT_Bin_26)_(MultiDim_z_pT_Bin_Y_bin_phi_t)_(Normalized)[0m (Histo Num 50750)
Fitting for: [1m(MultiDim_3D_Histo)_(RC_Bayesian)_(SMEAR=Smear)_(Q2_y_Bin_14)_(z_pT_Bin_26)_(MultiDim_z_pT_Bin_Y_bin_phi_t)_(Normalized)[0m (Histo Num 50751)
Fitting for: [1m(MultiDim_3D_Histo)_(BC_RC_Bayesian)_(SMEAR=Smear)_(Q2_y_Bin_14)_(z_pT_Bin_26)_(MultiDim_z_pT_Bin_Y_bin_phi_t)_(Normalized)[0m (Histo Num 50752)
Fitting for: [1m(MultiDim_3D_Histo)_(Bayesian)_(SMEAR=Smear)_(Q2_y_Bin_14)_(z_pT_Bin_27)_(MultiDim_z_pT_Bin_Y_bin_phi_t)_(Normalized)[0m (Histo Num 50756)
Fitting for: [1m(MultiDim_3D_Histo)_(RC_Bayesian)_(SMEAR=Smear)_(Q2_y_Bin_14)_(z_pT_Bin_27)_(MultiDim_z_pT_Bin_Y_bin_phi_t)_(Normalized)[0m (Histo Num 50757)
Fitting for: [1m(MultiDim_3D_Histo)_(BC_RC_Bayesian)_(SMEAR=Smear)_(Q2_y_Bin_14)_(z_pT_Bin_27)_(MultiDim_z_pT_Bin_Y_bin_phi_t)_(Normalized)[0m (Histo Num 50758)
Fitting for: [1m(MultiDim_3D_Histo)_(Bayesian)_(SMEAR=Smear)_(Q2_y_Bin_14)_(z_pT_Bin_28)_(MultiDim_z_pT_Bin_Y_bin_phi_t)_(Normalized)[0m (Histo Num 50762)
Fitting for: [1m(MultiDim_3D_Histo)_(RC_Bayesian)_(SMEAR=Smear)_(Q2_y_Bin_14)_(z_pT_Bin_28)_(MultiDim_z_pT_Bin_Y_bin_phi_t)_(Normalized)[0m (Histo Num 50763)
Fitting for: [1m(MultiDim_3D_Histo)_(BC_RC_Bayesian)_(SMEAR=Smear)_(Q2_y_Bin_14)_(z_pT_Bin_28)_(MultiDim_z_pT_Bin_Y_bin_phi_t)_(Normalized)[0m (Histo Num 50764)
Fitting for: [1m(MultiDim_3D_Histo)_(Bayesian)_(SMEAR=Smear)_(Q2_y_Bin_14)_(z_pT_Bin_29)_(MultiDim_z_pT_Bin_Y_bin_phi_t)_(Normalized)[0m (Histo Num 50768)
Fitting for: [1m(MultiDim_3D_Histo)_(RC_Bayesian)_(SMEAR=Smear)_(Q2_y_Bin_14)_(z_pT_Bin_29)_(MultiDim_z_pT_Bin_Y_bin_phi_t)_(Normalized)[0m (Histo Num 50769)
Fitting for: [1m(MultiDim_3D_Histo)_(BC_RC_Bayesian)_(SMEAR=Smear)_(Q2_y_Bin_14)_(z_pT_Bin_29)_(MultiDim_z_pT_Bin_Y_bin_phi_t)_(Normalized)[0m (Histo Num 50770)
Fitting for: [1m(MultiDim_3D_Histo)_(Bayesian)_(SMEAR=Smear)_(Q2_y_Bin_14)_(z_pT_Bin_31)_(MultiDim_z_pT_Bin_Y_bin_phi_t)_(Normalized)[0m (Histo Num 50774)
Fitting for: [1m(MultiDim_3D_Histo)_(RC_Bayesian)_(SMEAR=Smear)_(Q2_y_Bin_14)_(z_pT_Bin_31)_(MultiDim_z_pT_Bin_Y_bin_phi_t)_(Normalized)[0m (Histo Num 50775)
Fitting for: [1m(MultiDim_3D_Histo)_(BC_RC_Bayesian)_(SMEAR=Smear)_(Q2_y_Bin_14)_(z_pT_Bin_31)_(MultiDim_z_pT_Bin_Y_bin_phi_t)_(Normalized)[0m (Histo Num 50776)
Fitting for: [1m(MultiDim_3D_Histo)_(Bayesian)_(SMEAR=Smear)_(Q2_y_Bin_14)_(z_pT_Bin_32)_(MultiDim_z_pT_Bin_Y_bin_phi_t)_(Normalized)[0m (Histo Num 50780)
Fitting for: [1m(MultiDim_3D_Histo)_(RC_Bayesian)_(SMEAR=Smear)_(Q2_y_Bin_14)_(z_pT_Bin_32)_(MultiDim_z_pT_Bin_Y_bin_phi_t)_(Normalized)[0m (Histo Num 50781)
Fitting for: [1m(MultiDim_3D_Histo)_(BC_RC_Bayesian)_(SMEAR=Smear)_(Q2_y_Bin_14)_(z_pT_Bin_32)_(MultiDim_z_pT_Bin_Y_bin_phi_t)_(Normalized)[0m (Histo Num 50782)
Fitting for: [1m(MultiDim_3D_Histo)_(Bayesian)_(SMEAR=Smear)_(Q2_y_Bin_14)_(z_pT_Bin_33)_(MultiDim_z_pT_Bin_Y_bin_phi_t)_(Normalized)[0m (Histo Num 50786)
Fitting for: [1m(MultiDim_3D_Histo)_(RC_Bayesian)_(SMEAR=Smear)_(Q2_y_Bin_14)_(z_pT_Bin_33)_(MultiDim_z_pT_Bin_Y_bin_phi_t)_(Normalized)[0m (Histo Num 50787)
Fitting for: [1m(MultiDim_3D_Histo)_(BC_RC_Bayesian)_(SMEAR=Smear)_(Q2_y_Bin_14)_(z_pT_Bin_33)_(MultiDim_z_pT_Bin_Y_bin_phi_t)_(Normalized)[0m (Histo Num 50788)
Fitting for: [1m(MultiDim_3D_Histo)_(Bayesian)_(SMEAR=Smear)_(Q2_y_Bin_14)_(z_pT_Bin_34)_(MultiDim_z_pT_Bin_Y_bin_phi_t)_(Normalized)[0m (Histo Num 50792)
Fitting for: [1m(MultiDim_3D_Histo)_(RC_Bayesian)_(SMEAR=Smear)_(Q2_y_Bin_14)_(z_pT_Bin_34)_(MultiDim_z_pT_Bin_Y_bin_phi_t)_(Normalized)[0m (Histo Num 50793)
Fitting for: [1m(MultiDim_3D_Histo)_(BC_RC_Bayesian)_(SMEAR=Smear)_(Q2_y_Bin_14)_(z_pT_Bin_34)_(MultiDim_z_pT_Bin_Y_bin_phi_t)_(Normalized)[0m (Histo Num 50794)
Fitting for: [1m(MultiDim_3D_Histo)_(Bayesian)_(SMEAR=Smear)_(Q2_y_Bin_15)_(z_pT_Bin_1)_(MultiDim_z_pT_Bin_Y_bin_phi_t)_(Normalized)[0m (Histo Num 50798)
Fitting for: [1m(MultiDim_3D_Histo)_(RC_Bayesian)_(SMEAR=Smear)_(Q2_y_Bin_15)_(z_pT_Bin_1)_(MultiDim_z_pT_Bin_Y_bin_phi_t)_(Normalized)[0m (Histo Num 50799)
Fitting for: [1m(MultiDim_3D_Histo)_(BC_RC_Bayesian)_(SMEAR=Smear)_(Q2_y_Bin_15)_(z_pT_Bin_1)_(MultiDim_z_pT_Bin_Y_bin_phi_t)_(Normalized)[0m (Histo Num 50800)
Fitting for: [1m(MultiDim_3D_Histo)_(Bayesian)_(SMEAR=Smear)_(Q2_y_Bin_15)_(z_pT_Bin_2)_(MultiDim_z_pT_Bin_Y_bin_phi_t)_(Normalized)[0m (Histo Num 50804)
Fitting for: [1m(MultiDim_3D_Histo)_(RC_Bayesian)_(SMEAR=Smear)_(Q2_y_Bin_15)_(z_pT_Bin_2)_(MultiDim_z_pT_Bin_Y_bin_phi_t)_(Normalized)[0m (Histo Num 50805)
Fitting for: [1m(MultiDim_3D_Histo)_(BC_RC_Bayesian)_(SMEAR=Smear)_(Q2_y_Bin_15)_(z_pT_Bin_2)_(MultiDim_z_pT_Bin_Y_bin_phi_t)_(Normalized)[0m (Histo Num 50806)
Fitting for: [1m(MultiDim_3D_Histo)_(Bayesian)_(SMEAR=Smear)_(Q2_y_Bin_15)_(z_pT_Bin_3)_(MultiDim_z_pT_Bin_Y_bin_phi_t)_(Normalized)[0m (Histo Num 50810)
Fitting for: [1m(MultiDim_3D_Histo)_(RC_Bayesian)_(SMEAR=Smear)_(Q2_y_Bin_15)_(z_pT_Bin_3)_(MultiDim_z_pT_Bin_Y_bin_phi_t)_(Normalized)[0m (Histo Num 50811)
Fitting for: [1m(MultiDim_3D_Histo)_(BC_RC_Bayesian)_(SMEAR=Smear)_(Q2_y_Bin_15)_(z_pT_Bin_3)_(MultiDim_z_pT_Bin_Y_bin_phi_t)_(Normalized)[0m (Histo Num 50812)
Fitting for: [1m(MultiDim_3D_Histo)_(Bayesian)_(SMEAR=Smear)_(Q2_y_Bin_15)_(z_pT_Bin_4)_(MultiDim_z_pT_Bin_Y_bin_phi_t)_(Normalized)[0m (Histo Num 50816)
Fitting for: [1m(MultiDim_3D_Histo)_(RC_Bayesian)_(SMEAR=Smear)_(Q2_y_Bin_15)_(z_pT_Bin_4)_(MultiDim_z_pT_Bin_Y_bin_phi_t)_(Normalized)[0m (Histo Num 50817)
Fitting for: [1m(MultiDim_3D_Histo)_(BC_RC_Bayesian)_(SMEAR=Smear)_(Q2_y_Bin_15)_(z_pT_Bin_4)_(MultiDim_z_pT_Bin_Y_bin_phi_t)_(Normalized)[0m (Histo Num 50818)
Fitting for: [1m(MultiDim_3D_Histo)_(Bayesian)_(SMEAR=Smear)_(Q2_y_Bin_15)_(z_pT_Bin_6)_(MultiDim_z_pT_Bin_Y_bin_phi_t)_(Normalized)[0m (Histo Num 50822)
Fitting for: [1m(MultiDim_3D_Histo)_(RC_Bayesian)_(SMEAR=Smear)_(Q2_y_Bin_15)_(z_pT_Bin_6)_(MultiDim_z_pT_Bin_Y_bin_phi_t)_(Normalized)[0m (Histo Num 50823)
Fitting for: [1m(MultiDim_3D_Histo)_(BC_RC_Bayesian)_(SMEAR=Smear)_(Q2_y_Bin_15)_(z_pT_Bin_6)_(MultiDim_z_pT_Bin_Y_bin_phi_t)_(Normalized)[0m (Histo Num 50824)
Fitting for: [1m(MultiDim_3D_Histo)_(Bayesian)_(SMEAR=Smear)_(Q2_y_Bin_15)_(z_pT_Bin_7)_(MultiDim_z_pT_Bin_Y_bin_phi_t)_(Normalized)[0m (Histo Num 50828)
Fitting for: [1m(MultiDim_3D_Histo)_(RC_Bayesian)_(SMEAR=Smear)_(Q2_y_Bin_15)_(z_pT_Bin_7)_(MultiDim_z_pT_Bin_Y_bin_phi_t)_(Normalized)[0m (Histo Num 50829)
Fitting for: [1m(MultiDim_3D_Histo)_(BC_RC_Bayesian)_(SMEAR=Smear)_(Q2_y_Bin_15)_(z_pT_Bin_7)_(MultiDim_z_pT_Bin_Y_bin_phi_t)_(Normalized)[0m (Histo Num 50830)
Fitting for: [1m(MultiDim_3D_Histo)_(Bayesian)_(SMEAR=Smear)_(Q2_y_Bin_15)_(z_pT_Bin_8)_(MultiDim_z_pT_Bin_Y_bin_phi_t)_(Normalized)[0m (Histo Num 50834)
Fitting for: [1m(MultiDim_3D_Histo)_(RC_Bayesian)_(SMEAR=Smear)_(Q2_y_Bin_15)_(z_pT_Bin_8)_(MultiDim_z_pT_Bin_Y_bin_phi_t)_(Normalized)[0m (Histo Num 50835)
Fitting for: [1m(MultiDim_3D_Histo)_(BC_RC_Bayesian)_(SMEAR=Smear)_(Q2_y_Bin_15)_(z_pT_Bin_8)_(MultiDim_z_pT_Bin_Y_bin_phi_t)_(Normalized)[0m (Histo Num 50836)
Fitting for: [1m(MultiDim_3D_Histo)_(Bayesian)_(SMEAR=Smear)_(Q2_y_Bin_15)_(z_pT_Bin_9)_(MultiDim_z_pT_Bin_Y_bin_phi_t)_(Normalized)[0m (Histo Num 50840)
Fitting for: [1m(MultiDim_3D_Histo)_(RC_Bayesian)_(SMEAR=Smear)_(Q2_y_Bin_15)_(z_pT_Bin_9)_(MultiDim_z_pT_Bin_Y_bin_phi_t)_(Normalized)[0m (Histo Num 50841)
Fitting for: [1m(MultiDim_3D_Histo)_(BC_RC_Bayesian)_(SMEAR=Smear)_(Q2_y_Bin_15)_(z_pT_Bin_9)_(MultiDim_z_pT_Bin_Y_bin_phi_t)_(Normalized)[0m (Histo Num 50842)
Fitting for: [1m(MultiDim_3D_Histo)_(Bayesian)_(SMEAR=Smear)_(Q2_y_Bin_15)_(z_pT_Bin_10)_(MultiDim_z_pT_Bin_Y_bin_phi_t)_(Normalized)[0m (Histo Num 50846)
Fitting for: [1m(MultiDim_3D_Histo)_(RC_Bayesian)_(SMEAR=Smear)_(Q2_y_Bin_15)_(z_pT_Bin_10)_(MultiDim_z_pT_Bin_Y_bin_phi_t)_(Normalized)[0m (Histo Num 50847)
Fitting for: [1m(MultiDim_3D_Histo)_(BC_RC_Bayesian)_(SMEAR=Smear)_(Q2_y_Bin_15)_(z_pT_Bin_10)_(MultiDim_z_pT_Bin_Y_bin_phi_t)_(Normalized)[0m (Histo Num 50848)
Fitting for: [1m(MultiDim_3D_Histo)_(Bayesian)_(SMEAR=Smear)_(Q2_y_Bin_15)_(z_pT_Bin_11)_(MultiDim_z_pT_Bin_Y_bin_phi_t)_(Normalized)[0m (Histo Num 50852)
Fitting for: [1m(MultiDim_3D_Histo)_(RC_Bayesian)_(SMEAR=Smear)_(Q2_y_Bin_15)_(z_pT_Bin_11)_(MultiDim_z_pT_Bin_Y_bin_phi_t)_(Normalized)[0m (Histo Num 50853)
Fitting for: [1m(MultiDim_3D_Histo)_(BC_RC_Bayesian)_(SMEAR=Smear)_(Q2_y_Bin_15)_(z_pT_Bin_11)_(MultiDim_z_pT_Bin_Y_bin_phi_t)_(Normalized)[0m (Histo Num 50854)
Fitting for: [1m(MultiDim_3D_Histo)_(Bayesian)_(SMEAR=Smear)_(Q2_y_Bin_15)_(z_pT_Bin_12)_(MultiDim_z_pT_Bin_Y_bin_phi_t)_(Normalized)[0m (Histo Num 50858)
Fitting for: [1m(MultiDim_3D_Histo)_(RC_Bayesian)_(SMEAR=Smear)_(Q2_y_Bin_15)_(z_pT_Bin_12)_(MultiDim_z_pT_Bin_Y_bin_phi_t)_(Normalized)[0m (Histo Num 50859)
Fitting for: [1m(MultiDim_3D_Histo)_(BC_RC_Bayesian)_(SMEAR=Smear)_(Q2_y_Bin_15)_(z_pT_Bin_12)_(MultiDim_z_pT_Bin_Y_bin_phi_t)_(Normalized)[0m (Histo Num 50860)
Fitting for: [1m(MultiDim_3D_Histo)_(Bayesian)_(SMEAR=Smear)_(Q2_y_Bin_15)_(z_pT_Bin_13)_(MultiDim_z_pT_Bin_Y_bin_phi_t)_(Normalized)[0m (Histo Num 50864)
Fitting for: [1m(MultiDim_3D_Histo)_(RC_Bayesian)_(SMEAR=Smear)_(Q2_y_Bin_15)_(z_pT_Bin_13)_(MultiDim_z_pT_Bin_Y_bin_phi_t)_(Normalized)[0m (Histo Num 50865)
Fitting for: [1m(MultiDim_3D_Histo)_(BC_RC_Bayesian)_(SMEAR=Smear)_(Q2_y_Bin_15)_(z_pT_Bin_13)_(MultiDim_z_pT_Bin_Y_bin_phi_t)_(Normalized)[0m (Histo Num 50866)
Fitting for: [1m(MultiDim_3D_Histo)_(Bayesian)_(SMEAR=Smear)_(Q2_y_Bin_15)_(z_pT_Bin_14)_(MultiDim_z_pT_Bin_Y_bin_phi_t)_(Normalized)[0m (Histo Num 50870)
Fitting for: [1m(MultiDim_3D_Histo)_(RC_Bayesian)_(SMEAR=Smear)_(Q2_y_Bin_15)_(z_pT_Bin_14)_(MultiDim_z_pT_Bin_Y_bin_phi_t)_(Normalized)[0m (Histo Num 50871)
Fitting for: [1m(MultiDim_3D_Histo)_(BC_RC_Bayesian)_(SMEAR=Smear)_(Q2_y_Bin_15)_(z_pT_Bin_14)_(MultiDim_z_pT_Bin_Y_bin_phi_t)_(Normalized)[0m (Histo Num 50872)
Fitting for: [1m(MultiDim_3D_Histo)_(Bayesian)_(SMEAR=Smear)_(Q2_y_Bin_15)_(z_pT_Bin_15)_(MultiDim_z_pT_Bin_Y_bin_phi_t)_(Normalized)[0m (Histo Num 50876)
Fitting for: [1m(MultiDim_3D_Histo)_(RC_Bayesian)_(SMEAR=Smear)_(Q2_y_Bin_15)_(z_pT_Bin_15)_(MultiDim_z_pT_Bin_Y_bin_phi_t)_(Normalized)[0m (Histo Num 50877)
Fitting for: [1m(MultiDim_3D_Histo)_(BC_RC_Bayesian)_(SMEAR=Smear)_(Q2_y_Bin_15)_(z_pT_Bin_15)_(MultiDim_z_pT_Bin_Y_bin_phi_t)_(Normalized)[0m (Histo Num 50878)
Fitting for: [1m(MultiDim_3D_Histo)_(Bayesian)_(SMEAR=Smear)_(Q2_y_Bin_15)_(z_pT_Bin_16)_(MultiDim_z_pT_Bin_Y_bin_phi_t)_(Normalized)[0m (Histo Num 50882)
Fitting for: [1m(MultiDim_3D_Histo)_(RC_Bayesian)_(SMEAR=Smear)_(Q2_y_Bin_15)_(z_pT_Bin_16)_(MultiDim_z_pT_Bin_Y_bin_phi_t)_(Normalized)[0m (Histo Num 50883)
Fitting for: [1m(MultiDim_3D_Histo)_(BC_RC_Bayesian)_(SMEAR=Smear)_(Q2_y_Bin_15)_(z_pT_Bin_16)_(MultiDim_z_pT_Bin_Y_bin_phi_t)_(Normalized)[0m (Histo Num 50884)
Fitting for: [1m(MultiDim_3D_Histo)_(Bayesian)_(SMEAR=Smear)_(Q2_y_Bin_15)_(z_pT_Bin_17)_(MultiDim_z_pT_Bin_Y_bin_phi_t)_(Normalized)[0m (Histo Num 50888)
Fitting for: [1m(MultiDim_3D_Histo)_(RC_Bayesian)_(SMEAR=Smear)_(Q2_y_Bin_15)_(z_pT_Bin_17)_(MultiDim_z_pT_Bin_Y_bin_phi_t)_(Normalized)[0m (Histo Num 50889)
Fitting for: [1m(MultiDim_3D_Histo)_(BC_RC_Bayesian)_(SMEAR=Smear)_(Q2_y_Bin_15)_(z_pT_Bin_17)_(MultiDim_z_pT_Bin_Y_bin_phi_t)_(Normalized)[0m (Histo Num 50890)
Fitting for: [1m(MultiDim_3D_Histo)_(Bayesian)_(SMEAR=Smear)_(Q2_y_Bin_15)_(z_pT_Bin_18)_(MultiDim_z_pT_Bin_Y_bin_phi_t)_(Normalized)[0m (Histo Num 50894)
Fitting for: [1m(MultiDim_3D_Histo)_(RC_Bayesian)_(SMEAR=Smear)_(Q2_y_Bin_15)_(z_pT_Bin_18)_(MultiDim_z_pT_Bin_Y_bin_phi_t)_(Normalized)[0m (Histo Num 50895)
Fitting for: [1m(MultiDim_3D_Histo)_(BC_RC_Bayesian)_(SMEAR=Smear)_(Q2_y_Bin_15)_(z_pT_Bin_18)_(MultiDim_z_pT_Bin_Y_bin_phi_t)_(Normalized)[0m (Histo Num 50896)
Fitting for: [1m(MultiDim_3D_Histo)_(Bayesian)_(SMEAR=Smear)_(Q2_y_Bin_15)_(z_pT_Bin_19)_(MultiDim_z_pT_Bin_Y_bin_phi_t)_(Normalized)[0m (Histo Num 50900)
Fitting for: [1m(MultiDim_3D_Histo)_(RC_Bayesian)_(SMEAR=Smear)_(Q2_y_Bin_15)_(z_pT_Bin_19)_(MultiDim_z_pT_Bin_Y_bin_phi_t)_(Normalized)[0m (Histo Num 50901)
Fitting for: [1m(MultiDim_3D_Histo)_(BC_RC_Bayesian)_(SMEAR=Smear)_(Q2_y_Bin_15)_(z_pT_Bin_19)_(MultiDim_z_pT_Bin_Y_bin_phi_t)_(Normalized)[0m (Histo Num 50902)
Fitting for: [1m(MultiDim_3D_Histo)_(Bayesian)_(SMEAR=Smear)_(Q2_y_Bin_15)_(z_pT_Bin_21)_(MultiDim_z_pT_Bin_Y_bin_phi_t)_(Normalized)[0m (Histo Num 50906)
Fitting for: [1m(MultiDim_3D_Histo)_(RC_Bayesian)_(SMEAR=Smear)_(Q2_y_Bin_15)_(z_pT_Bin_21)_(MultiDim_z_pT_Bin_Y_bin_phi_t)_(Normalized)[0m (Histo Num 50907)
Fitting for: [1m(MultiDim_3D_Histo)_(BC_RC_Bayesian)_(SMEAR=Smear)_(Q2_y_Bin_15)_(z_pT_Bin_21)_(MultiDim_z_pT_Bin_Y_bin_phi_t)_(Normalized)[0m (Histo Num 50908)
Fitting for: [1m(MultiDim_3D_Histo)_(Bayesian)_(SMEAR=Smear)_(Q2_y_Bin_15)_(z_pT_Bin_22)_(MultiDim_z_pT_Bin_Y_bin_phi_t)_(Normalized)[0m (Histo Num 50912)
Fitting for: [1m(MultiDim_3D_Histo)_(RC_Bayesian)_(SMEAR=Smear)_(Q2_y_Bin_15)_(z_pT_Bin_22)_(MultiDim_z_pT_Bin_Y_bin_phi_t)_(Normalized)[0m (Histo Num 50913)
Fitting for: [1m(MultiDim_3D_Histo)_(BC_RC_Bayesian)_(SMEAR=Smear)_(Q2_y_Bin_15)_(z_pT_Bin_22)_(MultiDim_z_pT_Bin_Y_bin_phi_t)_(Normalized)[0m (Histo Num 50914)
Fitting for: [1m(MultiDim_3D_Histo)_(Bayesian)_(SMEAR=Smear)_(Q2_y_Bin_15)_(z_pT_Bin_23)_(MultiDim_z_pT_Bin_Y_bin_phi_t)_(Normalized)[0m (Histo Num 50918)
Fitting for: [1m(MultiDim_3D_Histo)_(RC_Bayesian)_(SMEAR=Smear)_(Q2_y_Bin_15)_(z_pT_Bin_23)_(MultiDim_z_pT_Bin_Y_bin_phi_t)_(Normalized)[0m (Histo Num 50919)
Fitting for: [1m(MultiDim_3D_Histo)_(BC_RC_Bayesian)_(SMEAR=Smear)_(Q2_y_Bin_15)_(z_pT_Bin_23)_(MultiDim_z_pT_Bin_Y_bin_phi_t)_(Normalized)[0m (Histo Num 50920)
Fitting for: [1m(MultiDim_3D_Histo)_(Bayesian)_(SMEAR=Smear)_(Q2_y_Bin_15)_(z_pT_Bin_24)_(MultiDim_z_pT_Bin_Y_bin_phi_t)_(Normalized)[0m (Histo Num 50924)
Fitting for: [1m(MultiDim_3D_Histo)_(RC_Bayesian)_(SMEAR=Smear)_(Q2_y_Bin_15)_(z_pT_Bin_24)_(MultiDim_z_pT_Bin_Y_bin_phi_t)_(Normalized)[0m (Histo Num 50925)
Fitting for: [1m(MultiDim_3D_Histo)_(BC_RC_Bayesian)_(SMEAR=Smear)_(Q2_y_Bin_15)_(z_pT_Bin_24)_(MultiDim_z_pT_Bin_Y_bin_phi_t)_(Normalized)[0m (Histo Num 50926)
Fitting for: [1m(MultiDim_3D_Histo)_(Bayesian)_(SMEAR=Smear)_(Q2_y_Bin_16)_(z_pT_Bin_1)_(MultiDim_z_pT_Bin_Y_bin_phi_t)_(Normalized)[0m (Histo Num 50930)
Fitting for: [1m(MultiDim_3D_Histo)_(RC_Bayesian)_(SMEAR=Smear)_(Q2_y_Bin_16)_(z_pT_Bin_1)_(MultiDim_z_pT_Bin_Y_bin_phi_t)_(Normalized)[0m (Histo Num 50931)
Fitting for: [1m(MultiDim_3D_Histo)_(BC_RC_Bayesian)_(SMEAR=Smear)_(Q2_y_Bin_16)_(z_pT_Bin_1)_(MultiDim_z_pT_Bin_Y_bin_phi_t)_(Normalized)[0m (Histo Num 50932)
Fitting for: [1m(MultiDim_3D_Histo)_(Bayesian)_(SMEAR=Smear)_(Q2_y_Bin_16)_(z_pT_Bin_2)_(MultiDim_z_pT_Bin_Y_bin_phi_t)_(Normalized)[0m (Histo Num 50936)
Fitting for: [1m(MultiDim_3D_Histo)_(RC_Bayesian)_(SMEAR=Smear)_(Q2_y_Bin_16)_(z_pT_Bin_2)_(MultiDim_z_pT_Bin_Y_bin_phi_t)_(Normalized)[0m (Histo Num 50937)
Fitting for: [1m(MultiDim_3D_Histo)_(BC_RC_Bayesian)_(SMEAR=Smear)_(Q2_y_Bin_16)_(z_pT_Bin_2)_(MultiDim_z_pT_Bin_Y_bin_phi_t)_(Normalized)[0m (Histo Num 50938)
Fitting for: [1m(MultiDim_3D_Histo)_(Bayesian)_(SMEAR=Smear)_(Q2_y_Bin_16)_(z_pT_Bin_3)_(MultiDim_z_pT_Bin_Y_bin_phi_t)_(Normalized)[0m (Histo Num 50942)
Fitting for: [1m(MultiDim_3D_Histo)_(RC_Bayesian)_(SMEAR=Smear)_(Q2_y_Bin_16)_(z_pT_Bin_3)_(MultiDim_z_pT_Bin_Y_bin_phi_t)_(Normalized)[0m (Histo Num 50943)
Fitting for: [1m(MultiDim_3D_Histo)_(BC_RC_Bayesian)_(SMEAR=Smear)_(Q2_y_Bin_16)_(z_pT_Bin_3)_(MultiDim_z_pT_Bin_Y_bin_phi_t)_(Normalized)[0m (Histo Num 50944)
Fitting for: [1m(MultiDim_3D_Histo)_(Bayesian)_(SMEAR=Smear)_(Q2_y_Bin_16)_(z_pT_Bin_4)_(MultiDim_z_pT_Bin_Y_bin_phi_t)_(Normalized)[0m (Histo Num 50948)
Fitting for: [1m(MultiDim_3D_Histo)_(RC_Bayesian)_(SMEAR=Smear)_(Q2_y_Bin_16)_(z_pT_Bin_4)_(MultiDim_z_pT_Bin_Y_bin_phi_t)_(Normalized)[0m (Histo Num 50949)
Fitting for: [1m(MultiDim_3D_Histo)_(BC_RC_Bayesian)_(SMEAR=Smear)_(Q2_y_Bin_16)_(z_pT_Bin_4)_(MultiDim_z_pT_Bin_Y_bin_phi_t)_(Normalized)[0m (Histo Num 50950)
Fitting for: [1m(MultiDim_3D_Histo)_(Bayesian)_(SMEAR=Smear)_(Q2_y_Bin_16)_(z_pT_Bin_5)_(MultiDim_z_pT_Bin_Y_bin_phi_t)_(Normalized)[0m (Histo Num 50954)
Fitting for: [1m(MultiDim_3D_Histo)_(RC_Bayesian)_(SMEAR=Smear)_(Q2_y_Bin_16)_(z_pT_Bin_5)_(MultiDim_z_pT_Bin_Y_bin_phi_t)_(Normalized)[0m (Histo Num 50955)
Fitting for: [1m(MultiDim_3D_Histo)_(BC_RC_Bayesian)_(SMEAR=Smear)_(Q2_y_Bin_16)_(z_pT_Bin_5)_(MultiDim_z_pT_Bin_Y_bin_phi_t)_(Normalized)[0m (Histo Num 50956)
Fitting for: [1m(MultiDim_3D_Histo)_(Bayesian)_(SMEAR=Smear)_(Q2_y_Bin_16)_(z_pT_Bin_6)_(MultiDim_z_pT_Bin_Y_bin_phi_t)_(Normalized)[0m (Histo Num 50960)
Fitting for: [1m(MultiDim_3D_Histo)_(RC_Bayesian)_(SMEAR=Smear)_(Q2_y_Bin_16)_(z_pT_Bin_6)_(MultiDim_z_pT_Bin_Y_bin_phi_t)_(Normalized)[0m (Histo Num 50961)
Fitting for: [1m(MultiDim_3D_Histo)_(BC_RC_Bayesian)_(SMEAR=Smear)_(Q2_y_Bin_16)_(z_pT_Bin_6)_(MultiDim_z_pT_Bin_Y_bin_phi_t)_(Normalized)[0m (Histo Num 50962)
Fitting for: [1m(MultiDim_3D_Histo)_(Bayesian)_(SMEAR=Smear)_(Q2_y_Bin_16)_(z_pT_Bin_7)_(MultiDim_z_pT_Bin_Y_bin_phi_t)_(Normalized)[0m (Histo Num 50966)
Fitting for: [1m(MultiDim_3D_Histo)_(RC_Bayesian)_(SMEAR=Smear)_(Q2_y_Bin_16)_(z_pT_Bin_7)_(MultiDim_z_pT_Bin_Y_bin_phi_t)_(Normalized)[0m (Histo Num 50967)
Fitting for: [1m(MultiDim_3D_Histo)_(BC_RC_Bayesian)_(SMEAR=Smear)_(Q2_y_Bin_16)_(z_pT_Bin_7)_(MultiDim_z_pT_Bin_Y_bin_phi_t)_(Normalized)[0m (Histo Num 50968)
Fitting for: [1m(MultiDim_3D_Histo)_(Bayesian)_(SMEAR=Smear)_(Q2_y_Bin_16)_(z_pT_Bin_8)_(MultiDim_z_pT_Bin_Y_bin_phi_t)_(Normalized)[0m (Histo Num 50972)
Fitting for: [1m(MultiDim_3D_Histo)_(RC_Bayesian)_(SMEAR=Smear)_(Q2_y_Bin_16)_(z_pT_Bin_8)_(MultiDim_z_pT_Bin_Y_bin_phi_t)_(Normalized)[0m (Histo Num 50973)
Fitting for: [1m(MultiDim_3D_Histo)_(BC_RC_Bayesian)_(SMEAR=Smear)_(Q2_y_Bin_16)_(z_pT_Bin_8)_(MultiDim_z_pT_Bin_Y_bin_phi_t)_(Normalized)[0m (Histo Num 50974)
Fitting for: [1m(MultiDim_3D_Histo)_(Bayesian)_(SMEAR=Smear)_(Q2_y_Bin_16)_(z_pT_Bin_9)_(MultiDim_z_pT_Bin_Y_bin_phi_t)_(Normalized)[0m (Histo Num 50978)
Fitting for: [1m(MultiDim_3D_Histo)_(RC_Bayesian)_(SMEAR=Smear)_(Q2_y_Bin_16)_(z_pT_Bin_9)_(MultiDim_z_pT_Bin_Y_bin_phi_t)_(Normalized)[0m (Histo Num 50979)
Fitting for: [1m(MultiDim_3D_Histo)_(BC_RC_Bayesian)_(SMEAR=Smear)_(Q2_y_Bin_16)_(z_pT_Bin_9)_(MultiDim_z_pT_Bin_Y_bin_phi_t)_(Normalized)[0m (Histo Num 50980)
Fitting for: [1m(MultiDim_3D_Histo)_(Bayesian)_(SMEAR=Smear)_(Q2_y_Bin_16)_(z_pT_Bin_10)_(MultiDim_z_pT_Bin_Y_bin_phi_t)_(Normalized)[0m (Histo Num 50984)
Fitting for: [1m(MultiDim_3D_Histo)_(RC_Bayesian)_(SMEAR=Smear)_(Q2_y_Bin_16)_(z_pT_Bin_10)_(MultiDim_z_pT_Bin_Y_bin_phi_t)_(Normalized)[0m (Histo Num 50985)
Fitting for: [1m(MultiDim_3D_Histo)_(BC_RC_Bayesian)_(SMEAR=Smear)_(Q2_y_Bin_16)_(z_pT_Bin_10)_(MultiDim_z_pT_Bin_Y_bin_phi_t)_(Normalized)[0m (Histo Num 50986)
Fitting for: [1m(MultiDim_3D_Histo)_(Bayesian)_(SMEAR=Smear)_(Q2_y_Bin_16)_(z_pT_Bin_11)_(MultiDim_z_pT_Bin_Y_bin_phi_t)_(Normalized)[0m (Histo Num 50990)
Fitting for: [1m(MultiDim_3D_Histo)_(RC_Bayesian)_(SMEAR=Smear)_(Q2_y_Bin_16)_(z_pT_Bin_11)_(MultiDim_z_pT_Bin_Y_bin_phi_t)_(Normalized)[0m (Histo Num 50991)
Fitting for: [1m(MultiDim_3D_Histo)_(BC_RC_Bayesian)_(SMEAR=Smear)_(Q2_y_Bin_16)_(z_pT_Bin_11)_(MultiDim_z_pT_Bin_Y_bin_phi_t)_(Normalized)[0m (Histo Num 50992)
Fitting for: [1m(MultiDim_3D_Histo)_(Bayesian)_(SMEAR=Smear)_(Q2_y_Bin_16)_(z_pT_Bin_12)_(MultiDim_z_pT_Bin_Y_bin_phi_t)_(Normalized)[0m (Histo Num 50996)
Fitting for: [1m(MultiDim_3D_Histo)_(RC_Bayesian)_(SMEAR=Smear)_(Q2_y_Bin_16)_(z_pT_Bin_12)_(MultiDim_z_pT_Bin_Y_bin_phi_t)_(Normalized)[0m (Histo Num 50997)
Fitting for: [1m(MultiDim_3D_Histo)_(BC_RC_Bayesian)_(SMEAR=Smear)_(Q2_y_Bin_16)_(z_pT_Bin_12)_(MultiDim_z_pT_Bin_Y_bin_phi_t)_(Normalized)[0m (Histo Num 50998)
Fitting for: [1m(MultiDim_3D_Histo)_(Bayesian)_(SMEAR=Smear)_(Q2_y_Bin_16)_(z_pT_Bin_13)_(MultiDim_z_pT_Bin_Y_bin_phi_t)_(Normalized)[0m (Histo Num 51002)
Fitting for: [1m(MultiDim_3D_Histo)_(RC_Bayesian)_(SMEAR=Smear)_(Q2_y_Bin_16)_(z_pT_Bin_13)_(MultiDim_z_pT_Bin_Y_bin_phi_t)_(Normalized)[0m (Histo Num 51003)
Fitting for: [1m(MultiDim_3D_Histo)_(BC_RC_Bayesian)_(SMEAR=Smear)_(Q2_y_Bin_16)_(z_pT_Bin_13)_(MultiDim_z_pT_Bin_Y_bin_phi_t)_(Normalized)[0m (Histo Num 51004)
Fitting for: [1m(MultiDim_3D_Histo)_(Bayesian)_(SMEAR=Smear)_(Q2_y_Bin_16)_(z_pT_Bin_14)_(MultiDim_z_pT_Bin_Y_bin_phi_t)_(Normalized)[0m (Histo Num 51008)
Fitting for: [1m(MultiDim_3D_Histo)_(RC_Bayesian)_(SMEAR=Smear)_(Q2_y_Bin_16)_(z_pT_Bin_14)_(MultiDim_z_pT_Bin_Y_bin_phi_t)_(Normalized)[0m (Histo Num 51009)
Fitting for: [1m(MultiDim_3D_Histo)_(BC_RC_Bayesian)_(SMEAR=Smear)_(Q2_y_Bin_16)_(z_pT_Bin_14)_(MultiDim_z_pT_Bin_Y_bin_phi_t)_(Normalized)[0m (Histo Num 51010)
Fitting for: [1m(MultiDim_3D_Histo)_(Bayesian)_(SMEAR=Smear)_(Q2_y_Bin_16)_(z_pT_Bin_15)_(MultiDim_z_pT_Bin_Y_bin_phi_t)_(Normalized)[0m (Histo Num 51014)
Fitting for: [1m(MultiDim_3D_Histo)_(RC_Bayesian)_(SMEAR=Smear)_(Q2_y_Bin_16)_(z_pT_Bin_15)_(MultiDim_z_pT_Bin_Y_bin_phi_t)_(Normalized)[0m (Histo Num 51015)
Fitting for: [1m(MultiDim_3D_Histo)_(BC_RC_Bayesian)_(SMEAR=Smear)_(Q2_y_Bin_16)_(z_pT_Bin_15)_(MultiDim_z_pT_Bin_Y_bin_phi_t)_(Normalized)[0m (Histo Num 51016)
Fitting for: [1m(MultiDim_3D_Histo)_(Bayesian)_(SMEAR=Smear)_(Q2_y_Bin_16)_(z_pT_Bin_16)_(MultiDim_z_pT_Bin_Y_bin_phi_t)_(Normalized)[0m (Histo Num 51020)
Fitting for: [1m(MultiDim_3D_Histo)_(RC_Bayesian)_(SMEAR=Smear)_(Q2_y_Bin_16)_(z_pT_Bin_16)_(MultiDim_z_pT_Bin_Y_bin_phi_t)_(Normalized)[0m (Histo Num 51021)
Fitting for: [1m(MultiDim_3D_Histo)_(BC_RC_Bayesian)_(SMEAR=Smear)_(Q2_y_Bin_16)_(z_pT_Bin_16)_(MultiDim_z_pT_Bin_Y_bin_phi_t)_(Normalized)[0m (Histo Num 51022)
Fitting for: [1m(MultiDim_3D_Histo)_(Bayesian)_(SMEAR=Smear)_(Q2_y_Bin_16)_(z_pT_Bin_17)_(MultiDim_z_pT_Bin_Y_bin_phi_t)_(Normalized)[0m (Histo Num 51026)
Fitting for: [1m(MultiDim_3D_Histo)_(RC_Bayesian)_(SMEAR=Smear)_(Q2_y_Bin_16)_(z_pT_Bin_17)_(MultiDim_z_pT_Bin_Y_bin_phi_t)_(Normalized)[0m (Histo Num 51027)
Fitting for: [1m(MultiDim_3D_Histo)_(BC_RC_Bayesian)_(SMEAR=Smear)_(Q2_y_Bin_16)_(z_pT_Bin_17)_(MultiDim_z_pT_Bin_Y_bin_phi_t)_(Normalized)[0m (Histo Num 51028)
Fitting for: [1m(MultiDim_3D_Histo)_(Bayesian)_(SMEAR=Smear)_(Q2_y_Bin_16)_(z_pT_Bin_19)_(MultiDim_z_pT_Bin_Y_bin_phi_t)_(Normalized)[0m (Histo Num 51032)
Fitting for: [1m(MultiDim_3D_Histo)_(RC_Bayesian)_(SMEAR=Smear)_(Q2_y_Bin_16)_(z_pT_Bin_19)_(MultiDim_z_pT_Bin_Y_bin_phi_t)_(Normalized)[0m (Histo Num 51033)
Fitting for: [1m(MultiDim_3D_Histo)_(BC_RC_Bayesian)_(SMEAR=Smear)_(Q2_y_Bin_16)_(z_pT_Bin_19)_(MultiDim_z_pT_Bin_Y_bin_phi_t)_(Normalized)[0m (Histo Num 51034)
Fitting for: [1m(MultiDim_3D_Histo)_(Bayesian)_(SMEAR=Smear)_(Q2_y_Bin_16)_(z_pT_Bin_20)_(MultiDim_z_pT_Bin_Y_bin_phi_t)_(Normalized)[0m (Histo Num 51038)
Fitting for: [1m(MultiDim_3D_Histo)_(RC_Bayesian)_(SMEAR=Smear)_(Q2_y_Bin_16)_(z_pT_Bin_20)_(MultiDim_z_pT_Bin_Y_bin_phi_t)_(Normalized)[0m (Histo Num 51039)
Fitting for: [1m(MultiDim_3D_Histo)_(BC_RC_Bayesian)_(SMEAR=Smear)_(Q2_y_Bin_16)_(z_pT_Bin_20)_(MultiDim_z_pT_Bin_Y_bin_phi_t)_(Normalized)[0m (Histo Num 51040)
Fitting for: [1m(MultiDim_3D_Histo)_(Bayesian)_(SMEAR=Smear)_(Q2_y_Bin_16)_(z_pT_Bin_21)_(MultiDim_z_pT_Bin_Y_bin_phi_t)_(Normalized)[0m (Histo Num 51044)
Fitting for: [1m(MultiDim_3D_Histo)_(RC_Bayesian)_(SMEAR=Smear)_(Q2_y_Bin_16)_(z_pT_Bin_21)_(MultiDim_z_pT_Bin_Y_bin_phi_t)_(Normalized)[0m (Histo Num 51045)
Fitting for: [1m(MultiDim_3D_Histo)_(BC_RC_Bayesian)_(SMEAR=Smear)_(Q2_y_Bin_16)_(z_pT_Bin_21)_(MultiDim_z_pT_Bin_Y_bin_phi_t)_(Normalized)[0m (Histo Num 51046)
Fitting for: [1m(MultiDim_3D_Histo)_(Bayesian)_(SMEAR=Smear)_(Q2_y_Bin_16)_(z_pT_Bin_22)_(MultiDim_z_pT_Bin_Y_bin_phi_t)_(Normalized)[0m (Histo Num 51050)
Fitting for: [1m(MultiDim_3D_Histo)_(RC_Bayesian)_(SMEAR=Smear)_(Q2_y_Bin_16)_(z_pT_Bin_22)_(MultiDim_z_pT_Bin_Y_bin_phi_t)_(Normalized)[0m (Histo Num 51051)
Fitting for: [1m(MultiDim_3D_Histo)_(BC_RC_Bayesian)_(SMEAR=Smear)_(Q2_y_Bin_16)_(z_pT_Bin_22)_(MultiDim_z_pT_Bin_Y_bin_phi_t)_(Normalized)[0m (Histo Num 51052)
Fitting for: [1m(MultiDim_3D_Histo)_(Bayesian)_(SMEAR=Smear)_(Q2_y_Bin_16)_(z_pT_Bin_25)_(MultiDim_z_pT_Bin_Y_bin_phi_t)_(Normalized)[0m (Histo Num 51056)
Fitting for: [1m(MultiDim_3D_Histo)_(RC_Bayesian)_(SMEAR=Smear)_(Q2_y_Bin_16)_(z_pT_Bin_25)_(MultiDim_z_pT_Bin_Y_bin_phi_t)_(Normalized)[0m (Histo Num 51057)
Fitting for: [1m(MultiDim_3D_Histo)_(BC_RC_Bayesian)_(SMEAR=Smear)_(Q2_y_Bin_16)_(z_pT_Bin_25)_(MultiDim_z_pT_Bin_Y_bin_phi_t)_(Normalized)[0m (Histo Num 51058)
Fitting for: [1m(MultiDim_3D_Histo)_(Bayesian)_(SMEAR=Smear)_(Q2_y_Bin_16)_(z_pT_Bin_26)_(MultiDim_z_pT_Bin_Y_bin_phi_t)_(Normalized)[0m (Histo Num 51062)
Fitting for: [1m(MultiDim_3D_Histo)_(RC_Bayesian)_(SMEAR=Smear)_(Q2_y_Bin_16)_(z_pT_Bin_26)_(MultiDim_z_pT_Bin_Y_bin_phi_t)_(Normalized)[0m (Histo Num 51063)
Fitting for: [1m(MultiDim_3D_Histo)_(BC_RC_Bayesian)_(SMEAR=Smear)_(Q2_y_Bin_16)_(z_pT_Bin_26)_(MultiDim_z_pT_Bin_Y_bin_phi_t)_(Normalized)[0m (Histo Num 51064)
Fitting for: [1m(MultiDim_3D_Histo)_(Bayesian)_(SMEAR=Smear)_(Q2_y_Bin_16)_(z_pT_Bin_27)_(MultiDim_z_pT_Bin_Y_bin_phi_t)_(Normalized)[0m (Histo Num 51068)
Fitting for: [1m(MultiDim_3D_Histo)_(RC_Bayesian)_(SMEAR=Smear)_(Q2_y_Bin_16)_(z_pT_Bin_27)_(MultiDim_z_pT_Bin_Y_bin_phi_t)_(Normalized)[0m (Histo Num 51069)
Fitting for: [1m(MultiDim_3D_Histo)_(BC_RC_Bayesian)_(SMEAR=Smear)_(Q2_y_Bin_16)_(z_pT_Bin_27)_(MultiDim_z_pT_Bin_Y_bin_phi_t)_(Normalized)[0m (Histo Num 51070)
Fitting for: [1m(MultiDim_3D_Histo)_(Bayesian)_(SMEAR=Smear)_(Q2_y_Bin_17)_(z_pT_Bin_1)_(MultiDim_z_pT_Bin_Y_bin_phi_t)_(Normalized)[0m (Histo Num 51074)
Fitting for: [1m(MultiDim_3D_Histo)_(RC_Bayesian)_(SMEAR=Smear)_(Q2_y_Bin_17)_(z_pT_Bin_1)_(MultiDim_z_pT_Bin_Y_bin_phi_t)_(Normalized)[0m (Histo Num 51075)
Fitting for: [1m(MultiDim_3D_Histo)_(BC_RC_Bayesian)_(SMEAR=Smear)_(Q2_y_Bin_17)_(z_pT_Bin_1)_(MultiDim_z_pT_Bin_Y_bin_phi_t)_(Normalized)[0m (Histo Num 51076)
Fitting for: [1m(MultiDim_3D_Histo)_(Bayesian)_(SMEAR=Smear)_(Q2_y_Bin_17)_(z_pT_Bin_2)_(MultiDim_z_pT_Bin_Y_bin_phi_t)_(Normalized)[0m (Histo Num 51080)
Fitting for: [1m(MultiDim_3D_Histo)_(RC_Bayesian)_(SMEAR=Smear)_(Q2_y_Bin_17)_(z_pT_Bin_2)_(MultiDim_z_pT_Bin_Y_bin_phi_t)_(Normalized)[0m (Histo Num 51081)
Fitting for: [1m(MultiDim_3D_Histo)_(BC_RC_Bayesian)_(SMEAR=Smear)_(Q2_y_Bin_17)_(z_pT_Bin_2)_(MultiDim_z_pT_Bin_Y_bin_phi_t)_(Normalized)[0m (Histo Num 51082)
Fitting for: [1m(MultiDim_3D_Histo)_(Bayesian)_(SMEAR=Smear)_(Q2_y_Bin_17)_(z_pT_Bin_3)_(MultiDim_z_pT_Bin_Y_bin_phi_t)_(Normalized)[0m (Histo Num 51086)
Fitting for: [1m(MultiDim_3D_Histo)_(RC_Bayesian)_(SMEAR=Smear)_(Q2_y_Bin_17)_(z_pT_Bin_3)_(MultiDim_z_pT_Bin_Y_bin_phi_t)_(Normalized)[0m (Histo Num 51087)
Fitting for: [1m(MultiDim_3D_Histo)_(BC_RC_Bayesian)_(SMEAR=Smear)_(Q2_y_Bin_17)_(z_pT_Bin_3)_(MultiDim_z_pT_Bin_Y_bin_phi_t)_(Normalized)[0m (Histo Num 51088)
Fitting for: [1m(MultiDim_3D_Histo)_(Bayesian)_(SMEAR=Smear)_(Q2_y_Bin_17)_(z_pT_Bin_4)_(MultiDim_z_pT_Bin_Y_bin_phi_t)_(Normalized)[0m (Histo Num 51092)
Fitting for: [1m(MultiDim_3D_Histo)_(RC_Bayesian)_(SMEAR=Smear)_(Q2_y_Bin_17)_(z_pT_Bin_4)_(MultiDim_z_pT_Bin_Y_bin_phi_t)_(Normalized)[0m (Histo Num 51093)
Fitting for: [1m(MultiDim_3D_Histo)_(BC_RC_Bayesian)_(SMEAR=Smear)_(Q2_y_Bin_17)_(z_pT_Bin_4)_(MultiDim_z_pT_Bin_Y_bin_phi_t)_(Normalized)[0m (Histo Num 51094)
Fitting for: [1m(MultiDim_3D_Histo)_(Bayesian)_(SMEAR=Smear)_(Q2_y_Bin_17)_(z_pT_Bin_5)_(MultiDim_z_pT_Bin_Y_bin_phi_t)_(Normalized)[0m (Histo Num 51098)
Fitting for: [1m(MultiDim_3D_Histo)_(RC_Bayesian)_(SMEAR=Smear)_(Q2_y_Bin_17)_(z_pT_Bin_5)_(MultiDim_z_pT_Bin_Y_bin_phi_t)_(Normalized)[0m (Histo Num 51099)
Fitting for: [1m(MultiDim_3D_Histo)_(BC_RC_Bayesian)_(SMEAR=Smear)_(Q2_y_Bin_17)_(z_pT_Bin_5)_(MultiDim_z_pT_Bin_Y_bin_phi_t)_(Normalized)[0m (Histo Num 51100)
Fitting for: [1m(MultiDim_3D_Histo)_(Bayesian)_(SMEAR=Smear)_(Q2_y_Bin_17)_(z_pT_Bin_7)_(MultiDim_z_pT_Bin_Y_bin_phi_t)_(Normalized)[0m (Histo Num 51104)
Fitting for: [1m(MultiDim_3D_Histo)_(RC_Bayesian)_(SMEAR=Smear)_(Q2_y_Bin_17)_(z_pT_Bin_7)_(MultiDim_z_pT_Bin_Y_bin_phi_t)_(Normalized)[0m (Histo Num 51105)
Fitting for: [1m(MultiDim_3D_Histo)_(BC_RC_Bayesian)_(SMEAR=Smear)_(Q2_y_Bin_17)_(z_pT_Bin_7)_(MultiDim_z_pT_Bin_Y_bin_phi_t)_(Normalized)[0m (Histo Num 51106)
Fitting for: [1m(MultiDim_3D_Histo)_(Bayesian)_(SMEAR=Smear)_(Q2_y_Bin_17)_(z_pT_Bin_8)_(MultiDim_z_pT_Bin_Y_bin_phi_t)_(Normalized)[0m (Histo Num 51110)
Fitting for: [1m(MultiDim_3D_Histo)_(RC_Bayesian)_(SMEAR=Smear)_(Q2_y_Bin_17)_(z_pT_Bin_8)_(MultiDim_z_pT_Bin_Y_bin_phi_t)_(Normalized)[0m (Histo Num 51111)
Fitting for: [1m(MultiDim_3D_Histo)_(BC_RC_Bayesian)_(SMEAR=Smear)_(Q2_y_Bin_17)_(z_pT_Bin_8)_(MultiDim_z_pT_Bin_Y_bin_phi_t)_(Normalized)[0m (Histo Num 51112)
Fitting for: [1m(MultiDim_3D_Histo)_(Bayesian)_(SMEAR=Smear)_(Q2_y_Bin_17)_(z_pT_Bin_9)_(MultiDim_z_pT_Bin_Y_bin_phi_t)_(Normalized)[0m (Histo Num 51116)
Fitting for: [1m(MultiDim_3D_Histo)_(RC_Bayesian)_(SMEAR=Smear)_(Q2_y_Bin_17)_(z_pT_Bin_9)_(MultiDim_z_pT_Bin_Y_bin_phi_t)_(Normalized)[0m (Histo Num 51117)
Fitting for: [1m(MultiDim_3D_Histo)_(BC_RC_Bayesian)_(SMEAR=Smear)_(Q2_y_Bin_17)_(z_pT_Bin_9)_(MultiDim_z_pT_Bin_Y_bin_phi_t)_(Normalized)[0m (Histo Num 51118)
Fitting for: [1m(MultiDim_3D_Histo)_(Bayesian)_(SMEAR=Smear)_(Q2_y_Bin_17)_(z_pT_Bin_10)_(MultiDim_z_pT_Bin_Y_bin_phi_t)_(Normalized)[0m (Histo Num 51122)
Fitting for: [1m(MultiDim_3D_Histo)_(RC_Bayesian)_(SMEAR=Smear)_(Q2_y_Bin_17)_(z_pT_Bin_10)_(MultiDim_z_pT_Bin_Y_bin_phi_t)_(Normalized)[0m (Histo Num 51123)
Fitting for: [1m(MultiDim_3D_Histo)_(BC_RC_Bayesian)_(SMEAR=Smear)_(Q2_y_Bin_17)_(z_pT_Bin_10)_(MultiDim_z_pT_Bin_Y_bin_phi_t)_(Normalized)[0m (Histo Num 51124)
Fitting for: [1m(MultiDim_3D_Histo)_(Bayesian)_(SMEAR=Smear)_(Q2_y_Bin_17)_(z_pT_Bin_11)_(MultiDim_z_pT_Bin_Y_bin_phi_t)_(Normalized)[0m (Histo Num 51128)
Fitting for: [1m(MultiDim_3D_Histo)_(RC_Bayesian)_(SMEAR=Smear)_(Q2_y_Bin_17)_(z_pT_Bin_11)_(MultiDim_z_pT_Bin_Y_bin_phi_t)_(Normalized)[0m (Histo Num 51129)
Fitting for: [1m(MultiDim_3D_Histo)_(BC_RC_Bayesian)_(SMEAR=Smear)_(Q2_y_Bin_17)_(z_pT_Bin_11)_(MultiDim_z_pT_Bin_Y_bin_phi_t)_(Normalized)[0m (Histo Num 51130)
Fitting for: [1m(MultiDim_3D_Histo)_(Bayesian)_(SMEAR=Smear)_(Q2_y_Bin_17)_(z_pT_Bin_12)_(MultiDim_z_pT_Bin_Y_bin_phi_t)_(Normalized)[0m (Histo Num 51134)
Fitting for: [1m(MultiDim_3D_Histo)_(RC_Bayesian)_(SMEAR=Smear)_(Q2_y_Bin_17)_(z_pT_Bin_12)_(MultiDim_z_pT_Bin_Y_bin_phi_t)_(Normalized)[0m (Histo Num 51135)
Fitting for: [1m(MultiDim_3D_Histo)_(BC_RC_Bayesian)_(SMEAR=Smear)_(Q2_y_Bin_17)_(z_pT_Bin_12)_(MultiDim_z_pT_Bin_Y_bin_phi_t)_(Normalized)[0m (Histo Num 51136)
Fitting for: [1m(MultiDim_3D_Histo)_(Bayesian)_(SMEAR=Smear)_(Q2_y_Bin_17)_(z_pT_Bin_13)_(MultiDim_z_pT_Bin_Y_bin_phi_t)_(Normalized)[0m (Histo Num 51140)
Fitting for: [1m(MultiDim_3D_Histo)_(RC_Bayesian)_(SMEAR=Smear)_(Q2_y_Bin_17)_(z_pT_Bin_13)_(MultiDim_z_pT_Bin_Y_bin_phi_t)_(Normalized)[0m (Histo Num 51141)
Fitting for: [1m(MultiDim_3D_Histo)_(BC_RC_Bayesian)_(SMEAR=Smear)_(Q2_y_Bin_17)_(z_pT_Bin_13)_(MultiDim_z_pT_Bin_Y_bin_phi_t)_(Normalized)[0m (Histo Num 51142)
Fitting for: [1m(MultiDim_3D_Histo)_(Bayesian)_(SMEAR=Smear)_(Q2_y_Bin_17)_(z_pT_Bin_14)_(MultiDim_z_pT_Bin_Y_bin_phi_t)_(Normalized)[0m (Histo Num 51146)
Fitting for: [1m(MultiDim_3D_Histo)_(RC_Bayesian)_(SMEAR=Smear)_(Q2_y_Bin_17)_(z_pT_Bin_14)_(MultiDim_z_pT_Bin_Y_bin_phi_t)_(Normalized)[0m (Histo Num 51147)
Fitting for: [1m(MultiDim_3D_Histo)_(BC_RC_Bayesian)_(SMEAR=Smear)_(Q2_y_Bin_17)_(z_pT_Bin_14)_(MultiDim_z_pT_Bin_Y_bin_phi_t)_(Normalized)[0m (Histo Num 51148)
Fitting for: [1m(MultiDim_3D_Histo)_(Bayesian)_(SMEAR=Smear)_(Q2_y_Bin_17)_(z_pT_Bin_15)_(MultiDim_z_pT_Bin_Y_bin_phi_t)_(Normalized)[0m (Histo Num 51152)
Fitting for: [1m(MultiDim_3D_Histo)_(RC_Bayesian)_(SMEAR=Smear)_(Q2_y_Bin_17)_(z_pT_Bin_15)_(MultiDim_z_pT_Bin_Y_bin_phi_t)_(Normalized)[0m (Histo Num 51153)
Fitting for: [1m(MultiDim_3D_Histo)_(BC_RC_Bayesian)_(SMEAR=Smear)_(Q2_y_Bin_17)_(z_pT_Bin_15)_(MultiDim_z_pT_Bin_Y_bin_phi_t)_(Normalized)[0m (Histo Num 51154)
Fitting for: [1m(MultiDim_3D_Histo)_(Bayesian)_(SMEAR=Smear)_(Q2_y_Bin_17)_(z_pT_Bin_16)_(MultiDim_z_pT_Bin_Y_bin_phi_t)_(Normalized)[0m (Histo Num 51158)
Fitting for: [1m(MultiDim_3D_Histo)_(RC_Bayesian)_(SMEAR=Smear)_(Q2_y_Bin_17)_(z_pT_Bin_16)_(MultiDim_z_pT_Bin_Y_bin_phi_t)_(Normalized)[0m (Histo Num 51159)
Fitting for: [1m(MultiDim_3D_Histo)_(BC_RC_Bayesian)_(SMEAR=Smear)_(Q2_y_Bin_17)_(z_pT_Bin_16)_(MultiDim_z_pT_Bin_Y_bin_phi_t)_(Normalized)[0m (Histo Num 51160)
Fitting for: [1m(MultiDim_3D_Histo)_(Bayesian)_(SMEAR=Smear)_(Q2_y_Bin_17)_(z_pT_Bin_17)_(MultiDim_z_pT_Bin_Y_bin_phi_t)_(Normalized)[0m (Histo Num 51164)
Fitting for: [1m(MultiDim_3D_Histo)_(RC_Bayesian)_(SMEAR=Smear)_(Q2_y_Bin_17)_(z_pT_Bin_17)_(MultiDim_z_pT_Bin_Y_bin_phi_t)_(Normalized)[0m (Histo Num 51165)
Fitting for: [1m(MultiDim_3D_Histo)_(BC_RC_Bayesian)_(SMEAR=Smear)_(Q2_y_Bin_17)_(z_pT_Bin_17)_(MultiDim_z_pT_Bin_Y_bin_phi_t)_(Normalized)[0m (Histo Num 51166)
Fitting for: [1m(MultiDim_3D_Histo)_(Bayesian)_(SMEAR=Smear)_(Q2_y_Bin_17)_(z_pT_Bin_18)_(MultiDim_z_pT_Bin_Y_bin_phi_t)_(Normalized)[0m (Histo Num 51170)
Fitting for: [1m(MultiDim_3D_Histo)_(RC_Bayesian)_(SMEAR=Smear)_(Q2_y_Bin_17)_(z_pT_Bin_18)_(MultiDim_z_pT_Bin_Y_bin_phi_t)_(Normalized)[0m (Histo Num 51171)
Fitting for: [1m(MultiDim_3D_Histo)_(BC_RC_Bayesian)_(SMEAR=Smear)_(Q2_y_Bin_17)_(z_pT_Bin_18)_(MultiDim_z_pT_Bin_Y_bin_phi_t)_(Normalized)[0m (Histo Num 51172)
Fitting for: [1m(MultiDim_3D_Histo)_(Bayesian)_(SMEAR=Smear)_(Q2_y_Bin_17)_(z_pT_Bin_19)_(MultiDim_z_pT_Bin_Y_bin_phi_t)_(Normalized)[0m (Histo Num 51176)
Fitting for: [1m(MultiDim_3D_Histo)_(RC_Bayesian)_(SMEAR=Smear)_(Q2_y_Bin_17)_(z_pT_Bin_19)_(MultiDim_z_pT_Bin_Y_bin_phi_t)_(Normalized)[0m (Histo Num 51177)
Fitting for: [1m(MultiDim_3D_Histo)_(BC_RC_Bayesian)_(SMEAR=Smear)_(Q2_y_Bin_17)_(z_pT_Bin_19)_(MultiDim_z_pT_Bin_Y_bin_phi_t)_(Normalized)[0m (Histo Num 51178)
Fitting for: [1m(MultiDim_3D_Histo)_(Bayesian)_(SMEAR=Smear)_(Q2_y_Bin_17)_(z_pT_Bin_20)_(MultiDim_z_pT_Bin_Y_bin_phi_t)_(Normalized)[0m (Histo Num 51182)
Fitting for: [1m(MultiDim_3D_Histo)_(RC_Bayesian)_(SMEAR=Smear)_(Q2_y_Bin_17)_(z_pT_Bin_20)_(MultiDim_z_pT_Bin_Y_bin_phi_t)_(Normalized)[0m (Histo Num 51183)
Fitting for: [1m(MultiDim_3D_Histo)_(BC_RC_Bayesian)_(SMEAR=Smear)_(Q2_y_Bin_17)_(z_pT_Bin_20)_(MultiDim_z_pT_Bin_Y_bin_phi_t)_(Normalized)[0m (Histo Num 51184)
Fitting for: [1m(MultiDim_3D_Histo)_(Bayesian)_(SMEAR=Smear)_(Q2_y_Bin_17)_(z_pT_Bin_21)_(MultiDim_z_pT_Bin_Y_bin_phi_t)_(Normalized)[0m (Histo Num 51188)
Fitting for: [1m(MultiDim_3D_Histo)_(RC_Bayesian)_(SMEAR=Smear)_(Q2_y_Bin_17)_(z_pT_Bin_21)_(MultiDim_z_pT_Bin_Y_bin_phi_t)_(Normalized)[0m (Histo Num 51189)
Fitting for: [1m(MultiDim_3D_Histo)_(BC_RC_Bayesian)_(SMEAR=Smear)_(Q2_y_Bin_17)_(z_pT_Bin_21)_(MultiDim_z_pT_Bin_Y_bin_phi_t)_(Normalized)[0m (Histo Num 51190)
Fitting for: [1m(MultiDim_3D_Histo)_(Bayesian)_(SMEAR=Smear)_(Q2_y_Bin_17)_(z_pT_Bin_22)_(MultiDim_z_pT_Bin_Y_bin_phi_t)_(Normalized)[0m (Histo Num 51194)
Fitting for: [1m(MultiDim_3D_Histo)_(RC_Bayesian)_(SMEAR=Smear)_(Q2_y_Bin_17)_(z_pT_Bin_22)_(MultiDim_z_pT_Bin_Y_bin_phi_t)_(Normalized)[0m (Histo Num 51195)
Fitting for: [1m(MultiDim_3D_Histo)_(BC_RC_Bayesian)_(SMEAR=Smear)_(Q2_y_Bin_17)_(z_pT_Bin_22)_(MultiDim_z_pT_Bin_Y_bin_phi_t)_(Normalized)[0m (Histo Num 51196)
Fitting for: [1m(MultiDim_3D_Histo)_(Bayesian)_(SMEAR=Smear)_(Q2_y_Bin_17)_(z_pT_Bin_23)_(MultiDim_z_pT_Bin_Y_bin_phi_t)_(Normalized)[0m (Histo Num 51200)
Fitting for: [1m(MultiDim_3D_Histo)_(RC_Bayesian)_(SMEAR=Smear)_(Q2_y_Bin_17)_(z_pT_Bin_23)_(MultiDim_z_pT_Bin_Y_bin_phi_t)_(Normalized)[0m (Histo Num 51201)
Fitting for: [1m(MultiDim_3D_Histo)_(BC_RC_Bayesian)_(SMEAR=Smear)_(Q2_y_Bin_17)_(z_pT_Bin_23)_(MultiDim_z_pT_Bin_Y_bin_phi_t)_(Normalized)[0m (Histo Num 51202)
Fitting for: [1m(MultiDim_3D_Histo)_(Bayesian)_(SMEAR=Smear)_(Q2_y_Bin_17)_(z_pT_Bin_25)_(MultiDim_z_pT_Bin_Y_bin_phi_t)_(Normalized)[0m (Histo Num 51206)
Fitting for: [1m(MultiDim_3D_Histo)_(RC_Bayesian)_(SMEAR=Smear)_(Q2_y_Bin_17)_(z_pT_Bin_25)_(MultiDim_z_pT_Bin_Y_bin_phi_t)_(Normalized)[0m (Histo Num 51207)
Fitting for: [1m(MultiDim_3D_Histo)_(BC_RC_Bayesian)_(SMEAR=Smear)_(Q2_y_Bin_17)_(z_pT_Bin_25)_(MultiDim_z_pT_Bin_Y_bin_phi_t)_(Normalized)[0m (Histo Num 51208)
Fitting for: [1m(MultiDim_3D_Histo)_(Bayesian)_(SMEAR=Smear)_(Q2_y_Bin_17)_(z_pT_Bin_26)_(MultiDim_z_pT_Bin_Y_bin_phi_t)_(Normalized)[0m (Histo Num 51212)
Fitting for: [1m(MultiDim_3D_Histo)_(RC_Bayesian)_(SMEAR=Smear)_(Q2_y_Bin_17)_(z_pT_Bin_26)_(MultiDim_z_pT_Bin_Y_bin_phi_t)_(Normalized)[0m (Histo Num 51213)
Fitting for: [1m(MultiDim_3D_Histo)_(BC_RC_Bayesian)_(SMEAR=Smear)_(Q2_y_Bin_17)_(z_pT_Bin_26)_(MultiDim_z_pT_Bin_Y_bin_phi_t)_(Normalized)[0m (Histo Num 51214)
Fitting for: [1m(MultiDim_3D_Histo)_(Bayesian)_(SMEAR=Smear)_(Q2_y_Bin_17)_(z_pT_Bin_27)_(MultiDim_z_pT_Bin_Y_bin_phi_t)_(Normalized)[0m (Histo Num 51218)
Fitting for: [1m(MultiDim_3D_Histo)_(RC_Bayesian)_(SMEAR=Smear)_(Q2_y_Bin_17)_(z_pT_Bin_27)_(MultiDim_z_pT_Bin_Y_bin_phi_t)_(Normalized)[0m (Histo Num 51219)
Fitting for: [1m(MultiDim_3D_Histo)_(BC_RC_Bayesian)_(SMEAR=Smear)_(Q2_y_Bin_17)_(z_pT_Bin_27)_(MultiDim_z_pT_Bin_Y_bin_phi_t)_(Normalized)[0m (Histo Num 51220)
Fitting for: [1m(MultiDim_3D_Histo)_(Bayesian)_(SMEAR=Smear)_(Q2_y_Bin_17)_(z_pT_Bin_28)_(MultiDim_z_pT_Bin_Y_bin_phi_t)_(Normalized)[0m (Histo Num 51224)
Fitting for: [1m(MultiDim_3D_Histo)_(RC_Bayesian)_(SMEAR=Smear)_(Q2_y_Bin_17)_(z_pT_Bin_28)_(MultiDim_z_pT_Bin_Y_bin_phi_t)_(Normalized)[0m (Histo Num 51225)
Fitting for: [1m(MultiDim_3D_Histo)_(BC_RC_Bayesian)_(SMEAR=Smear)_(Q2_y_Bin_17)_(z_pT_Bin_28)_(MultiDim_z_pT_Bin_Y_bin_phi_t)_(Normalized)[0m (Histo Num 51226)
[91mSkipping: (MultiDim_5D_Histo)_(Bayesian)_(SMEAR=Smear)_(Q2_y_Bin_1)_(z_pT_Bin_1)_(MultiDim_Q2_y_z_pT_phi_h)_(Normalized)[0m (Histo Num 52691)
[91mSkipping: (MultiDim_5D_Histo)_(RC_Bayesian)_(SMEAR=Smear)_(Q2_y_Bin_1)_(z_pT_Bin_1)_(MultiDim_Q2_y_z_pT_phi_h)_(Normalized)[0m (Histo Num 52692)
[91mSkipping: (MultiDim_5D_Histo)_(BC_RC_Bayesian)_(SMEAR=Smear)_(Q2_y_Bin_1)_(z_pT_Bin_1)_(MultiDim_Q2_y_z_pT_phi_h)_(Normalized)[0m (Histo Num 52693)
[91mSkipping: (MultiDim_5D_Histo)_(Bayesian)_(SMEAR=Smear)_(Q2_y_Bin_1)_(z_pT_Bin_2)_(MultiDim_Q2_y_z_pT_phi_h)_(Normalized)[0m (Histo Num 52695)
[91mSkipping: (MultiDim_5D_Histo)_(RC_Bayesian)_(SMEAR=Smear)_(Q2_y_Bin_1)_(z_pT_Bin_2)_(MultiDim_Q2_y_z_pT_phi_h)_(Normalized)[0m (Histo Num 52696)
[91mSkipping: (MultiDim_5D_Histo)_(BC_RC_Bayesian)_(SMEAR=Smear)_(Q2_y_Bin_1)_(z_pT_Bin_2)_(MultiDim_Q2_y_z_pT_phi_h)_(Normalized)[0m (Histo Num 52697)
[91mSkipping: (MultiDim_5D_Histo)_(Bayesian)_(SMEAR=Smear)_(Q2_y_Bin_1)_(z_pT_Bin_3)_(MultiDim_Q2_y_z_pT_phi_h)_(Normalized)[0m (Histo Num 52699)
[91mSkipping: (MultiDim_5D_Histo)_(RC_Bayesian)_(SMEAR=Smear)_(Q2_y_Bin_1)_(z_pT_Bin_3)_(MultiDim_Q2_y_z_pT_phi_h)_(Normalized)[0m (Histo Num 52700)
[91mSkipping: (MultiDim_5D_Histo)_(BC_RC_Bayesian)_(SMEAR=Smear)_(Q2_y_Bin_1)_(z_pT_Bin_3)_(MultiDim_Q2_y_z_pT_phi_h)_(Normalized)[0m (Histo Num 52701)
[91mSkipping: (MultiDim_5D_Histo)_(Bayesian)_(SMEAR=Smear)_(Q2_y_Bin_1)_(z_pT_Bin_4)_(MultiDim_Q2_y_z_pT_phi_h)_(Normalized)[0m (Histo Num 52703)
[91mSkipping: (MultiDim_5D_Histo)_(RC_Bayesian)_(SMEAR=Smear)_(Q2_y_Bin_1)_(z_pT_Bin_4)_(MultiDim_Q2_y_z_pT_phi_h)_(Normalized)[0m (Histo Num 52704)
[91mSkipping: (MultiDim_5D_Histo)_(BC_RC_Bayesian)_(SMEAR=Smear)_(Q2_y_Bin_1)_(z_pT_Bin_4)_(MultiDim_Q2_y_z_pT_phi_h)_(Normalized)[0m (Histo Num 52705)
[91mSkipping: (MultiDim_5D_Histo)_(Bayesian)_(SMEAR=Smear)_(Q2_y_Bin_1)_(z_pT_Bin_5)_(MultiDim_Q2_y_z_pT_phi_h)_(Normalized)[0m (Histo Num 52707)
[91mSkipping: (MultiDim_5D_Histo)_(RC_Bayesian)_(SMEAR=Smear)_(Q2_y_Bin_1)_(z_pT_Bin_5)_(MultiDim_Q2_y_z_pT_phi_h)_(Normalized)[0m (Histo Num 52708)
[91mSkipping: (MultiDim_5D_Histo)_(BC_RC_Bayesian)_(SMEAR=Smear)_(Q2_y_Bin_1)_(z_pT_Bin_5)_(MultiDim_Q2_y_z_pT_phi_h)_(Normalized)[0m (Histo Num 52709)
[91mSkipping: (MultiDim_5D_Histo)_(Bayesian)_(SMEAR=Smear)_(Q2_y_Bin_1)_(z_pT_Bin_6)_(MultiDim_Q2_y_z_pT_phi_h)_(Normalized)[0m (Histo Num 52711)
[91mSkipping: (MultiDim_5D_Histo)_(RC_Bayesian)_(SMEAR=Smear)_(Q2_y_Bin_1)_(z_pT_Bin_6)_(MultiDim_Q2_y_z_pT_phi_h)_(Normalized)[0m (Histo Num 52712)
[91mSkipping: (MultiDim_5D_Histo)_(BC_RC_Bayesian)_(SMEAR=Smear)_(Q2_y_Bin_1)_(z_pT_Bin_6)_(MultiDim_Q2_y_z_pT_phi_h)_(Normalized)[0m (Histo Num 52713)
[91mSkipping: (MultiDim_5D_Histo)_(Bayesian)_(SMEAR=Smear)_(Q2_y_Bin_1)_(z_pT_Bin_7)_(MultiDim_Q2_y_z_pT_phi_h)_(Normalized)[0m (Histo Num 52715)
[91mSkipping: (MultiDim_5D_Histo)_(RC_Bayesian)_(SMEAR=Smear)_(Q2_y_Bin_1)_(z_pT_Bin_7)_(MultiDim_Q2_y_z_pT_phi_h)_(Normalized)[0m (Histo Num 52716)
[91mSkipping: (MultiDim_5D_Histo)_(BC_RC_Bayesian)_(SMEAR=Smear)_(Q2_y_Bin_1)_(z_pT_Bin_7)_(MultiDim_Q2_y_z_pT_phi_h)_(Normalized)[0m (Histo Num 52717)
[91mSkipping: (MultiDim_5D_Histo)_(Bayesian)_(SMEAR=Smear)_(Q2_y_Bin_1)_(z_pT_Bin_8)_(MultiDim_Q2_y_z_pT_phi_h)_(Normalized)[0m (Histo Num 52719)
[91mSkipping: (MultiDim_5D_Histo)_(RC_Bayesian)_(SMEAR=Smear)_(Q2_y_Bin_1)_(z_pT_Bin_8)_(MultiDim_Q2_y_z_pT_phi_h)_(Normalized)[0m (Histo Num 52720)
[91mSkipping: (MultiDim_5D_Histo)_(BC_RC_Bayesian)_(SMEAR=Smear)_(Q2_y_Bin_1)_(z_pT_Bin_8)_(MultiDim_Q2_y_z_pT_phi_h)_(Normalized)[0m (Histo Num 52721)
[91mSkipping: (MultiDim_5D_Histo)_(Bayesian)_(SMEAR=Smear)_(Q2_y_Bin_1)_(z_pT_Bin_9)_(MultiDim_Q2_y_z_pT_phi_h)_(Normalized)[0m (Histo Num 52723)
[91mSkipping: (MultiDim_5D_Histo)_(RC_Bayesian)_(SMEAR=Smear)_(Q2_y_Bin_1)_(z_pT_Bin_9)_(MultiDim_Q2_y_z_pT_phi_h)_(Normalized)[0m (Histo Num 52724)
[91mSkipping: (MultiDim_5D_Histo)_(BC_RC_Bayesian)_(SMEAR=Smear)_(Q2_y_Bin_1)_(z_pT_Bin_9)_(MultiDim_Q2_y_z_pT_phi_h)_(Normalized)[0m (Histo Num 52725)
[91mSkipping: (MultiDim_5D_Histo)_(Bayesian)_(SMEAR=Smear)_(Q2_y_Bin_1)_(z_pT_Bin_10)_(MultiDim_Q2_y_z_pT_phi_h)_(Normalized)[0m (Histo Num 52727)
[91mSkipping: (MultiDim_5D_Histo)_(RC_Bayesian)_(SMEAR=Smear)_(Q2_y_Bin_1)_(z_pT_Bin_10)_(MultiDim_Q2_y_z_pT_phi_h)_(Normalized)[0m (Histo Num 52728)
[91mSkipping: (MultiDim_5D_Histo)_(BC_RC_Bayesian)_(SMEAR=Smear)_(Q2_y_Bin_1)_(z_pT_Bin_10)_(MultiDim_Q2_y_z_pT_phi_h)_(Normalized)[0m (Histo Num 52729)
[91mSkipping: (MultiDim_5D_Histo)_(Bayesian)_(SMEAR=Smear)_(Q2_y_Bin_1)_(z_pT_Bin_11)_(MultiDim_Q2_y_z_pT_phi_h)_(Normalized)[0m (Histo Num 52731)
[91mSkipping: (MultiDim_5D_Histo)_(RC_Bayesian)_(SMEAR=Smear)_(Q2_y_Bin_1)_(z_pT_Bin_11)_(MultiDim_Q2_y_z_pT_phi_h)_(Normalized)[0m (Histo Num 52732)
[91mSkipping: (MultiDim_5D_Histo)_(BC_RC_Bayesian)_(SMEAR=Smear)_(Q2_y_Bin_1)_(z_pT_Bin_11)_(MultiDim_Q2_y_z_pT_phi_h)_(Normalized)[0m (Histo Num 52733)
[91mSkipping: (MultiDim_5D_Histo)_(Bayesian)_(SMEAR=Smear)_(Q2_y_Bin_1)_(z_pT_Bin_12)_(MultiDim_Q2_y_z_pT_phi_h)_(Normalized)[0m (Histo Num 52735)
[91mSkipping: (MultiDim_5D_Histo)_(RC_Bayesian)_(SMEAR=Smear)_(Q2_y_Bin_1)_(z_pT_Bin_12)_(MultiDim_Q2_y_z_pT_phi_h)_(Normalized)[0m (Histo Num 52736)
[91mSkipping: (MultiDim_5D_Histo)_(BC_RC_Bayesian)_(SMEAR=Smear)_(Q2_y_Bin_1)_(z_pT_Bin_12)_(MultiDim_Q2_y_z_pT_phi_h)_(Normalized)[0m (Histo Num 52737)
[91mSkipping: (MultiDim_5D_Histo)_(Bayesian)_(SMEAR=Smear)_(Q2_y_Bin_1)_(z_pT_Bin_13)_(MultiDim_Q2_y_z_pT_phi_h)_(Normalized)[0m (Histo Num 52739)
[91mSkipping: (MultiDim_5D_Histo)_(RC_Bayesian)_(SMEAR=Smear)_(Q2_y_Bin_1)_(z_pT_Bin_13)_(MultiDim_Q2_y_z_pT_phi_h)_(Normalized)[0m (Histo Num 52740)
[91mSkipping: (MultiDim_5D_Histo)_(BC_RC_Bayesian)_(SMEAR=Smear)_(Q2_y_Bin_1)_(z_pT_Bin_13)_(MultiDim_Q2_y_z_pT_phi_h)_(Normalized)[0m (Histo Num 52741)
[91mSkipping: (MultiDim_5D_Histo)_(Bayesian)_(SMEAR=Smear)_(Q2_y_Bin_1)_(z_pT_Bin_14)_(MultiDim_Q2_y_z_pT_phi_h)_(Normalized)[0m (Histo Num 52743)
[91mSkipping: (MultiDim_5D_Histo)_(RC_Bayesian)_(SMEAR=Smear)_(Q2_y_Bin_1)_(z_pT_Bin_14)_(MultiDim_Q2_y_z_pT_phi_h)_(Normalized)[0m (Histo Num 52744)
[91mSkipping: (MultiDim_5D_Histo)_(BC_RC_Bayesian)_(SMEAR=Smear)_(Q2_y_Bin_1)_(z_pT_Bin_14)_(MultiDim_Q2_y_z_pT_phi_h)_(Normalized)[0m (Histo Num 52745)
[91mSkipping: (MultiDim_5D_Histo)_(Bayesian)_(SMEAR=Smear)_(Q2_y_Bin_1)_(z_pT_Bin_15)_(MultiDim_Q2_y_z_pT_phi_h)_(Normalized)[0m (Histo Num 52747)
[91mSkipping: (MultiDim_5D_Histo)_(RC_Bayesian)_(SMEAR=Smear)_(Q2_y_Bin_1)_(z_pT_Bin_15)_(MultiDim_Q2_y_z_pT_phi_h)_(Normalized)[0m (Histo Num 52748)
[91mSkipping: (MultiDim_5D_Histo)_(BC_RC_Bayesian)_(SMEAR=Smear)_(Q2_y_Bin_1)_(z_pT_Bin_15)_(MultiDim_Q2_y_z_pT_phi_h)_(Normalized)[0m (Histo Num 52749)
[91mSkipping: (MultiDim_5D_Histo)_(Bayesian)_(SMEAR=Smear)_(Q2_y_Bin_1)_(z_pT_Bin_16)_(MultiDim_Q2_y_z_pT_phi_h)_(Normalized)[0m (Histo Num 52751)
[91mSkipping: (MultiDim_5D_Histo)_(RC_Bayesian)_(SMEAR=Smear)_(Q2_y_Bin_1)_(z_pT_Bin_16)_(MultiDim_Q2_y_z_pT_phi_h)_(Normalized)[0m (Histo Num 52752)
[91mSkipping: (MultiDim_5D_Histo)_(BC_RC_Bayesian)_(SMEAR=Smear)_(Q2_y_Bin_1)_(z_pT_Bin_16)_(MultiDim_Q2_y_z_pT_phi_h)_(Normalized)[0m (Histo Num 52753)
[91mSkipping: (MultiDim_5D_Histo)_(Bayesian)_(SMEAR=Smear)_(Q2_y_Bin_1)_(z_pT_Bin_17)_(MultiDim_Q2_y_z_pT_phi_h)_(Normalized)[0m (Histo Num 52755)
[91mSkipping: (MultiDim_5D_Histo)_(RC_Bayesian)_(SMEAR=Smear)_(Q2_y_Bin_1)_(z_pT_Bin_17)_(MultiDim_Q2_y_z_pT_phi_h)_(Normalized)[0m (Histo Num 52756)
[91mSkipping: (MultiDim_5D_Histo)_(BC_RC_Bayesian)_(SMEAR=Smear)_(Q2_y_Bin_1)_(z_pT_Bin_17)_(MultiDim_Q2_y_z_pT_phi_h)_(Normalized)[0m (Histo Num 52757)
[91mSkipping: (MultiDim_5D_Histo)_(Bayesian)_(SMEAR=Smear)_(Q2_y_Bin_1)_(z_pT_Bin_18)_(MultiDim_Q2_y_z_pT_phi_h)_(Normalized)[0m (Histo Num 52759)
[91mSkipping: (MultiDim_5D_Histo)_(RC_Bayesian)_(SMEAR=Smear)_(Q2_y_Bin_1)_(z_pT_Bin_18)_(MultiDim_Q2_y_z_pT_phi_h)_(Normalized)[0m (Histo Num 52760)
[91mSkipping: (MultiDim_5D_Histo)_(BC_RC_Bayesian)_(SMEAR=Smear)_(Q2_y_Bin_1)_(z_pT_Bin_18)_(MultiDim_Q2_y_z_pT_phi_h)_(Normalized)[0m (Histo Num 52761)
[91mSkipping: (MultiDim_5D_Histo)_(Bayesian)_(SMEAR=Smear)_(Q2_y_Bin_1)_(z_pT_Bin_19)_(MultiDim_Q2_y_z_pT_phi_h)_(Normalized)[0m (Histo Num 52763)
[91mSkipping: (MultiDim_5D_Histo)_(RC_Bayesian)_(SMEAR=Smear)_(Q2_y_Bin_1)_(z_pT_Bin_19)_(MultiDim_Q2_y_z_pT_phi_h)_(Normalized)[0m (Histo Num 52764)
[91mSkipping: (MultiDim_5D_Histo)_(BC_RC_Bayesian)_(SMEAR=Smear)_(Q2_y_Bin_1)_(z_pT_Bin_19)_(MultiDim_Q2_y_z_pT_phi_h)_(Normalized)[0m (Histo Num 52765)
[91mSkipping: (MultiDim_5D_Histo)_(Bayesian)_(SMEAR=Smear)_(Q2_y_Bin_1)_(z_pT_Bin_20)_(MultiDim_Q2_y_z_pT_phi_h)_(Normalized)[0m (Histo Num 52767)
[91mSkipping: (MultiDim_5D_Histo)_(RC_Bayesian)_(SMEAR=Smear)_(Q2_y_Bin_1)_(z_pT_Bin_20)_(MultiDim_Q2_y_z_pT_phi_h)_(Normalized)[0m (Histo Num 52768)
[91mSkipping: (MultiDim_5D_Histo)_(BC_RC_Bayesian)_(SMEAR=Smear)_(Q2_y_Bin_1)_(z_pT_Bin_20)_(MultiDim_Q2_y_z_pT_phi_h)_(Normalized)[0m (Histo Num 52769)
[91mSkipping: (MultiDim_5D_Histo)_(Bayesian)_(SMEAR=Smear)_(Q2_y_Bin_1)_(z_pT_Bin_22)_(MultiDim_Q2_y_z_pT_phi_h)_(Normalized)[0m (Histo Num 52771)
[91mSkipping: (MultiDim_5D_Histo)_(RC_Bayesian)_(SMEAR=Smear)_(Q2_y_Bin_1)_(z_pT_Bin_22)_(MultiDim_Q2_y_z_pT_phi_h)_(Normalized)[0m (Histo Num 52772)
[91mSkipping: (MultiDim_5D_Histo)_(BC_RC_Bayesian)_(SMEAR=Smear)_(Q2_y_Bin_1)_(z_pT_Bin_22)_(MultiDim_Q2_y_z_pT_phi_h)_(Normalized)[0m (Histo Num 52773)
[91mSkipping: (MultiDim_5D_Histo)_(Bayesian)_(SMEAR=Smear)_(Q2_y_Bin_1)_(z_pT_Bin_23)_(MultiDim_Q2_y_z_pT_phi_h)_(Normalized)[0m (Histo Num 52775)
[91mSkipping: (MultiDim_5D_Histo)_(RC_Bayesian)_(SMEAR=Smear)_(Q2_y_Bin_1)_(z_pT_Bin_23)_(MultiDim_Q2_y_z_pT_phi_h)_(Normalized)[0m (Histo Num 52776)
[91mSkipping: (MultiDim_5D_Histo)_(BC_RC_Bayesian)_(SMEAR=Smear)_(Q2_y_Bin_1)_(z_pT_Bin_23)_(MultiDim_Q2_y_z_pT_phi_h)_(Normalized)[0m (Histo Num 52777)
[91mSkipping: (MultiDim_5D_Histo)_(Bayesian)_(SMEAR=Smear)_(Q2_y_Bin_1)_(z_pT_Bin_24)_(MultiDim_Q2_y_z_pT_phi_h)_(Normalized)[0m (Histo Num 52779)
[91mSkipping: (MultiDim_5D_Histo)_(RC_Bayesian)_(SMEAR=Smear)_(Q2_y_Bin_1)_(z_pT_Bin_24)_(MultiDim_Q2_y_z_pT_phi_h)_(Normalized)[0m (Histo Num 52780)
[91mSkipping: (MultiDim_5D_Histo)_(BC_RC_Bayesian)_(SMEAR=Smear)_(Q2_y_Bin_1)_(z_pT_Bin_24)_(MultiDim_Q2_y_z_pT_phi_h)_(Normalized)[0m (Histo Num 52781)
[91mSkipping: (MultiDim_5D_Histo)_(Bayesian)_(SMEAR=Smear)_(Q2_y_Bin_1)_(z_pT_Bin_25)_(MultiDim_Q2_y_z_pT_phi_h)_(Normalized)[0m (Histo Num 52783)
[91mSkipping: (MultiDim_5D_Histo)_(RC_Bayesian)_(SMEAR=Smear)_(Q2_y_Bin_1)_(z_pT_Bin_25)_(MultiDim_Q2_y_z_pT_phi_h)_(Normalized)[0m (Histo Num 52784)
[91mSkipping: (MultiDim_5D_Histo)_(BC_RC_Bayesian)_(SMEAR=Smear)_(Q2_y_Bin_1)_(z_pT_Bin_25)_(MultiDim_Q2_y_z_pT_phi_h)_(Normalized)[0m (Histo Num 52785)
[91mSkipping: (MultiDim_5D_Histo)_(Bayesian)_(SMEAR=Smear)_(Q2_y_Bin_1)_(z_pT_Bin_26)_(MultiDim_Q2_y_z_pT_phi_h)_(Normalized)[0m (Histo Num 52787)
[91mSkipping: (MultiDim_5D_Histo)_(RC_Bayesian)_(SMEAR=Smear)_(Q2_y_Bin_1)_(z_pT_Bin_26)_(MultiDim_Q2_y_z_pT_phi_h)_(Normalized)[0m (Histo Num 52788)
[91mSkipping: (MultiDim_5D_Histo)_(BC_RC_Bayesian)_(SMEAR=Smear)_(Q2_y_Bin_1)_(z_pT_Bin_26)_(MultiDim_Q2_y_z_pT_phi_h)_(Normalized)[0m (Histo Num 52789)
[91mSkipping: (MultiDim_5D_Histo)_(Bayesian)_(SMEAR=Smear)_(Q2_y_Bin_1)_(z_pT_Bin_29)_(MultiDim_Q2_y_z_pT_phi_h)_(Normalized)[0m (Histo Num 52791)
[91mSkipping: (MultiDim_5D_Histo)_(RC_Bayesian)_(SMEAR=Smear)_(Q2_y_Bin_1)_(z_pT_Bin_29)_(MultiDim_Q2_y_z_pT_phi_h)_(Normalized)[0m (Histo Num 52792)
[91mSkipping: (MultiDim_5D_Histo)_(BC_RC_Bayesian)_(SMEAR=Smear)_(Q2_y_Bin_1)_(z_pT_Bin_29)_(MultiDim_Q2_y_z_pT_phi_h)_(Normalized)[0m (Histo Num 52793)
[91mSkipping: (MultiDim_5D_Histo)_(Bayesian)_(SMEAR=Smear)_(Q2_y_Bin_1)_(z_pT_Bin_30)_(MultiDim_Q2_y_z_pT_phi_h)_(Normalized)[0m (Histo Num 52795)
[91mSkipping: (MultiDim_5D_Histo)_(RC_Bayesian)_(SMEAR=Smear)_(Q2_y_Bin_1)_(z_pT_Bin_30)_(MultiDim_Q2_y_z_pT_phi_h)_(Normalized)[0m (Histo Num 52796)
[91mSkipping: (MultiDim_5D_Histo)_(BC_RC_Bayesian)_(SMEAR=Smear)_(Q2_y_Bin_1)_(z_pT_Bin_30)_(MultiDim_Q2_y_z_pT_phi_h)_(Normalized)[0m (Histo Num 52797)
[91mSkipping: (MultiDim_5D_Histo)_(Bayesian)_(SMEAR=Smear)_(Q2_y_Bin_1)_(z_pT_Bin_31)_(MultiDim_Q2_y_z_pT_phi_h)_(Normalized)[0m (Histo Num 52799)
[91mSkipping: (MultiDim_5D_Histo)_(RC_Bayesian)_(SMEAR=Smear)_(Q2_y_Bin_1)_(z_pT_Bin_31)_(MultiDim_Q2_y_z_pT_phi_h)_(Normalized)[0m (Histo Num 52800)
[91mSkipping: (MultiDim_5D_Histo)_(BC_RC_Bayesian)_(SMEAR=Smear)_(Q2_y_Bin_1)_(z_pT_Bin_31)_(MultiDim_Q2_y_z_pT_phi_h)_(Normalized)[0m (Histo Num 52801)
[91mSkipping: (MultiDim_5D_Histo)_(Bayesian)_(SMEAR=Smear)_(Q2_y_Bin_1)_(z_pT_Bin_32)_(MultiDim_Q2_y_z_pT_phi_h)_(Normalized)[0m (Histo Num 52803)
[91mSkipping: (MultiDim_5D_Histo)_(RC_Bayesian)_(SMEAR=Smear)_(Q2_y_Bin_1)_(z_pT_Bin_32)_(MultiDim_Q2_y_z_pT_phi_h)_(Normalized)[0m (Histo Num 52804)
[91mSkipping: (MultiDim_5D_Histo)_(BC_RC_Bayesian)_(SMEAR=Smear)_(Q2_y_Bin_1)_(z_pT_Bin_32)_(MultiDim_Q2_y_z_pT_phi_h)_(Normalized)[0m (Histo Num 52805)
[91mSkipping: (MultiDim_5D_Histo)_(Bayesian)_(SMEAR=Smear)_(Q2_y_Bin_2)_(z_pT_Bin_1)_(MultiDim_Q2_y_z_pT_phi_h)_(Normalized)[0m (Histo Num 52807)
[91mSkipping: (MultiDim_5D_Histo)_(RC_Bayesian)_(SMEAR=Smear)_(Q2_y_Bin_2)_(z_pT_Bin_1)_(MultiDim_Q2_y_z_pT_phi_h)_(Normalized)[0m (Histo Num 52808)
[91mSkipping: (MultiDim_5D_Histo)_(BC_RC_Bayesian)_(SMEAR=Smear)_(Q2_y_Bin_2)_(z_pT_Bin_1)_(MultiDim_Q2_y_z_pT_phi_h)_(Normalized)[0m (Histo Num 52809)
[91mSkipping: (MultiDim_5D_Histo)_(Bayesian)_(SMEAR=Smear)_(Q2_y_Bin_2)_(z_pT_Bin_2)_(MultiDim_Q2_y_z_pT_phi_h)_(Normalized)[0m (Histo Num 52811)
[91mSkipping: (MultiDim_5D_Histo)_(RC_Bayesian)_(SMEAR=Smear)_(Q2_y_Bin_2)_(z_pT_Bin_2)_(MultiDim_Q2_y_z_pT_phi_h)_(Normalized)[0m (Histo Num 52812)
[91mSkipping: (MultiDim_5D_Histo)_(BC_RC_Bayesian)_(SMEAR=Smear)_(Q2_y_Bin_2)_(z_pT_Bin_2)_(MultiDim_Q2_y_z_pT_phi_h)_(Normalized)[0m (Histo Num 52813)
[91mSkipping: (MultiDim_5D_Histo)_(Bayesian)_(SMEAR=Smear)_(Q2_y_Bin_2)_(z_pT_Bin_3)_(MultiDim_Q2_y_z_pT_phi_h)_(Normalized)[0m (Histo Num 52815)
[91mSkipping: (MultiDim_5D_Histo)_(RC_Bayesian)_(SMEAR=Smear)_(Q2_y_Bin_2)_(z_pT_Bin_3)_(MultiDim_Q2_y_z_pT_phi_h)_(Normalized)[0m (Histo Num 52816)
[91mSkipping: (MultiDim_5D_Histo)_(BC_RC_Bayesian)_(SMEAR=Smear)_(Q2_y_Bin_2)_(z_pT_Bin_3)_(MultiDim_Q2_y_z_pT_phi_h)_(Normalized)[0m (Histo Num 52817)
[91mSkipping: (MultiDim_5D_Histo)_(Bayesian)_(SMEAR=Smear)_(Q2_y_Bin_2)_(z_pT_Bin_4)_(MultiDim_Q2_y_z_pT_phi_h)_(Normalized)[0m (Histo Num 52819)
[91mSkipping: (MultiDim_5D_Histo)_(RC_Bayesian)_(SMEAR=Smear)_(Q2_y_Bin_2)_(z_pT_Bin_4)_(MultiDim_Q2_y_z_pT_phi_h)_(Normalized)[0m (Histo Num 52820)
[91mSkipping: (MultiDim_5D_Histo)_(BC_RC_Bayesian)_(SMEAR=Smear)_(Q2_y_Bin_2)_(z_pT_Bin_4)_(MultiDim_Q2_y_z_pT_phi_h)_(Normalized)[0m (Histo Num 52821)
[91mSkipping: (MultiDim_5D_Histo)_(Bayesian)_(SMEAR=Smear)_(Q2_y_Bin_2)_(z_pT_Bin_5)_(MultiDim_Q2_y_z_pT_phi_h)_(Normalized)[0m (Histo Num 52823)
[91mSkipping: (MultiDim_5D_Histo)_(RC_Bayesian)_(SMEAR=Smear)_(Q2_y_Bin_2)_(z_pT_Bin_5)_(MultiDim_Q2_y_z_pT_phi_h)_(Normalized)[0m (Histo Num 52824)
[91mSkipping: (MultiDim_5D_Histo)_(BC_RC_Bayesian)_(SMEAR=Smear)_(Q2_y_Bin_2)_(z_pT_Bin_5)_(MultiDim_Q2_y_z_pT_phi_h)_(Normalized)[0m (Histo Num 52825)
[91mSkipping: (MultiDim_5D_Histo)_(Bayesian)_(SMEAR=Smear)_(Q2_y_Bin_2)_(z_pT_Bin_6)_(MultiDim_Q2_y_z_pT_phi_h)_(Normalized)[0m (Histo Num 52827)
[91mSkipping: (MultiDim_5D_Histo)_(RC_Bayesian)_(SMEAR=Smear)_(Q2_y_Bin_2)_(z_pT_Bin_6)_(MultiDim_Q2_y_z_pT_phi_h)_(Normalized)[0m (Histo Num 52828)
[91mSkipping: (MultiDim_5D_Histo)_(BC_RC_Bayesian)_(SMEAR=Smear)_(Q2_y_Bin_2)_(z_pT_Bin_6)_(MultiDim_Q2_y_z_pT_phi_h)_(Normalized)[0m (Histo Num 52829)
[91mSkipping: (MultiDim_5D_Histo)_(Bayesian)_(SMEAR=Smear)_(Q2_y_Bin_2)_(z_pT_Bin_7)_(MultiDim_Q2_y_z_pT_phi_h)_(Normalized)[0m (Histo Num 52831)
[91mSkipping: (MultiDim_5D_Histo)_(RC_Bayesian)_(SMEAR=Smear)_(Q2_y_Bin_2)_(z_pT_Bin_7)_(MultiDim_Q2_y_z_pT_phi_h)_(Normalized)[0m (Histo Num 52832)
[91mSkipping: (MultiDim_5D_Histo)_(BC_RC_Bayesian)_(SMEAR=Smear)_(Q2_y_Bin_2)_(z_pT_Bin_7)_(MultiDim_Q2_y_z_pT_phi_h)_(Normalized)[0m (Histo Num 52833)
[91mSkipping: (MultiDim_5D_Histo)_(Bayesian)_(SMEAR=Smear)_(Q2_y_Bin_2)_(z_pT_Bin_8)_(MultiDim_Q2_y_z_pT_phi_h)_(Normalized)[0m (Histo Num 52835)
[91mSkipping: (MultiDim_5D_Histo)_(RC_Bayesian)_(SMEAR=Smear)_(Q2_y_Bin_2)_(z_pT_Bin_8)_(MultiDim_Q2_y_z_pT_phi_h)_(Normalized)[0m (Histo Num 52836)
[91mSkipping: (MultiDim_5D_Histo)_(BC_RC_Bayesian)_(SMEAR=Smear)_(Q2_y_Bin_2)_(z_pT_Bin_8)_(MultiDim_Q2_y_z_pT_phi_h)_(Normalized)[0m (Histo Num 52837)
[91mSkipping: (MultiDim_5D_Histo)_(Bayesian)_(SMEAR=Smear)_(Q2_y_Bin_2)_(z_pT_Bin_9)_(MultiDim_Q2_y_z_pT_phi_h)_(Normalized)[0m (Histo Num 52839)
[91mSkipping: (MultiDim_5D_Histo)_(RC_Bayesian)_(SMEAR=Smear)_(Q2_y_Bin_2)_(z_pT_Bin_9)_(MultiDim_Q2_y_z_pT_phi_h)_(Normalized)[0m (Histo Num 52840)
[91mSkipping: (MultiDim_5D_Histo)_(BC_RC_Bayesian)_(SMEAR=Smear)_(Q2_y_Bin_2)_(z_pT_Bin_9)_(MultiDim_Q2_y_z_pT_phi_h)_(Normalized)[0m (Histo Num 52841)
[91mSkipping: (MultiDim_5D_Histo)_(Bayesian)_(SMEAR=Smear)_(Q2_y_Bin_2)_(z_pT_Bin_10)_(MultiDim_Q2_y_z_pT_phi_h)_(Normalized)[0m (Histo Num 52843)
[91mSkipping: (MultiDim_5D_Histo)_(RC_Bayesian)_(SMEAR=Smear)_(Q2_y_Bin_2)_(z_pT_Bin_10)_(MultiDim_Q2_y_z_pT_phi_h)_(Normalized)[0m (Histo Num 52844)
[91mSkipping: (MultiDim_5D_Histo)_(BC_RC_Bayesian)_(SMEAR=Smear)_(Q2_y_Bin_2)_(z_pT_Bin_10)_(MultiDim_Q2_y_z_pT_phi_h)_(Normalized)[0m (Histo Num 52845)
[91mSkipping: (MultiDim_5D_Histo)_(Bayesian)_(SMEAR=Smear)_(Q2_y_Bin_2)_(z_pT_Bin_11)_(MultiDim_Q2_y_z_pT_phi_h)_(Normalized)[0m (Histo Num 52847)
[91mSkipping: (MultiDim_5D_Histo)_(RC_Bayesian)_(SMEAR=Smear)_(Q2_y_Bin_2)_(z_pT_Bin_11)_(MultiDim_Q2_y_z_pT_phi_h)_(Normalized)[0m (Histo Num 52848)
[91mSkipping: (MultiDim_5D_Histo)_(BC_RC_Bayesian)_(SMEAR=Smear)_(Q2_y_Bin_2)_(z_pT_Bin_11)_(MultiDim_Q2_y_z_pT_phi_h)_(Normalized)[0m (Histo Num 52849)
[91mSkipping: (MultiDim_5D_Histo)_(Bayesian)_(SMEAR=Smear)_(Q2_y_Bin_2)_(z_pT_Bin_12)_(MultiDim_Q2_y_z_pT_phi_h)_(Normalized)[0m (Histo Num 52851)
[91mSkipping: (MultiDim_5D_Histo)_(RC_Bayesian)_(SMEAR=Smear)_(Q2_y_Bin_2)_(z_pT_Bin_12)_(MultiDim_Q2_y_z_pT_phi_h)_(Normalized)[0m (Histo Num 52852)
[91mSkipping: (MultiDim_5D_Histo)_(BC_RC_Bayesian)_(SMEAR=Smear)_(Q2_y_Bin_2)_(z_pT_Bin_12)_(MultiDim_Q2_y_z_pT_phi_h)_(Normalized)[0m (Histo Num 52853)
[91mSkipping: (MultiDim_5D_Histo)_(Bayesian)_(SMEAR=Smear)_(Q2_y_Bin_2)_(z_pT_Bin_13)_(MultiDim_Q2_y_z_pT_phi_h)_(Normalized)[0m (Histo Num 52855)
[91mSkipping: (MultiDim_5D_Histo)_(RC_Bayesian)_(SMEAR=Smear)_(Q2_y_Bin_2)_(z_pT_Bin_13)_(MultiDim_Q2_y_z_pT_phi_h)_(Normalized)[0m (Histo Num 52856)
[91mSkipping: (MultiDim_5D_Histo)_(BC_RC_Bayesian)_(SMEAR=Smear)_(Q2_y_Bin_2)_(z_pT_Bin_13)_(MultiDim_Q2_y_z_pT_phi_h)_(Normalized)[0m (Histo Num 52857)
[91mSkipping: (MultiDim_5D_Histo)_(Bayesian)_(SMEAR=Smear)_(Q2_y_Bin_2)_(z_pT_Bin_14)_(MultiDim_Q2_y_z_pT_phi_h)_(Normalized)[0m (Histo Num 52859)
[91mSkipping: (MultiDim_5D_Histo)_(RC_Bayesian)_(SMEAR=Smear)_(Q2_y_Bin_2)_(z_pT_Bin_14)_(MultiDim_Q2_y_z_pT_phi_h)_(Normalized)[0m (Histo Num 52860)
[91mSkipping: (MultiDim_5D_Histo)_(BC_RC_Bayesian)_(SMEAR=Smear)_(Q2_y_Bin_2)_(z_pT_Bin_14)_(MultiDim_Q2_y_z_pT_phi_h)_(Normalized)[0m (Histo Num 52861)
[91mSkipping: (MultiDim_5D_Histo)_(Bayesian)_(SMEAR=Smear)_(Q2_y_Bin_2)_(z_pT_Bin_15)_(MultiDim_Q2_y_z_pT_phi_h)_(Normalized)[0m (Histo Num 52863)
[91mSkipping: (MultiDim_5D_Histo)_(RC_Bayesian)_(SMEAR=Smear)_(Q2_y_Bin_2)_(z_pT_Bin_15)_(MultiDim_Q2_y_z_pT_phi_h)_(Normalized)[0m (Histo Num 52864)
[91mSkipping: (MultiDim_5D_Histo)_(BC_RC_Bayesian)_(SMEAR=Smear)_(Q2_y_Bin_2)_(z_pT_Bin_15)_(MultiDim_Q2_y_z_pT_phi_h)_(Normalized)[0m (Histo Num 52865)
[91mSkipping: (MultiDim_5D_Histo)_(Bayesian)_(SMEAR=Smear)_(Q2_y_Bin_2)_(z_pT_Bin_16)_(MultiDim_Q2_y_z_pT_phi_h)_(Normalized)[0m (Histo Num 52867)
[91mSkipping: (MultiDim_5D_Histo)_(RC_Bayesian)_(SMEAR=Smear)_(Q2_y_Bin_2)_(z_pT_Bin_16)_(MultiDim_Q2_y_z_pT_phi_h)_(Normalized)[0m (Histo Num 52868)
[91mSkipping: (MultiDim_5D_Histo)_(BC_RC_Bayesian)_(SMEAR=Smear)_(Q2_y_Bin_2)_(z_pT_Bin_16)_(MultiDim_Q2_y_z_pT_phi_h)_(Normalized)[0m (Histo Num 52869)
[91mSkipping: (MultiDim_5D_Histo)_(Bayesian)_(SMEAR=Smear)_(Q2_y_Bin_2)_(z_pT_Bin_17)_(MultiDim_Q2_y_z_pT_phi_h)_(Normalized)[0m (Histo Num 52871)
[91mSkipping: (MultiDim_5D_Histo)_(RC_Bayesian)_(SMEAR=Smear)_(Q2_y_Bin_2)_(z_pT_Bin_17)_(MultiDim_Q2_y_z_pT_phi_h)_(Normalized)[0m (Histo Num 52872)
[91mSkipping: (MultiDim_5D_Histo)_(BC_RC_Bayesian)_(SMEAR=Smear)_(Q2_y_Bin_2)_(z_pT_Bin_17)_(MultiDim_Q2_y_z_pT_phi_h)_(Normalized)[0m (Histo Num 52873)
[91mSkipping: (MultiDim_5D_Histo)_(Bayesian)_(SMEAR=Smear)_(Q2_y_Bin_2)_(z_pT_Bin_18)_(MultiDim_Q2_y_z_pT_phi_h)_(Normalized)[0m (Histo Num 52875)
[91mSkipping: (MultiDim_5D_Histo)_(RC_Bayesian)_(SMEAR=Smear)_(Q2_y_Bin_2)_(z_pT_Bin_18)_(MultiDim_Q2_y_z_pT_phi_h)_(Normalized)[0m (Histo Num 52876)
[91mSkipping: (MultiDim_5D_Histo)_(BC_RC_Bayesian)_(SMEAR=Smear)_(Q2_y_Bin_2)_(z_pT_Bin_18)_(MultiDim_Q2_y_z_pT_phi_h)_(Normalized)[0m (Histo Num 52877)
[91mSkipping: (MultiDim_5D_Histo)_(Bayesian)_(SMEAR=Smear)_(Q2_y_Bin_2)_(z_pT_Bin_19)_(MultiDim_Q2_y_z_pT_phi_h)_(Normalized)[0m (Histo Num 52879)
[91mSkipping: (MultiDim_5D_Histo)_(RC_Bayesian)_(SMEAR=Smear)_(Q2_y_Bin_2)_(z_pT_Bin_19)_(MultiDim_Q2_y_z_pT_phi_h)_(Normalized)[0m (Histo Num 52880)
[91mSkipping: (MultiDim_5D_Histo)_(BC_RC_Bayesian)_(SMEAR=Smear)_(Q2_y_Bin_2)_(z_pT_Bin_19)_(MultiDim_Q2_y_z_pT_phi_h)_(Normalized)[0m (Histo Num 52881)
[91mSkipping: (MultiDim_5D_Histo)_(Bayesian)_(SMEAR=Smear)_(Q2_y_Bin_2)_(z_pT_Bin_20)_(MultiDim_Q2_y_z_pT_phi_h)_(Normalized)[0m (Histo Num 52883)
[91mSkipping: (MultiDim_5D_Histo)_(RC_Bayesian)_(SMEAR=Smear)_(Q2_y_Bin_2)_(z_pT_Bin_20)_(MultiDim_Q2_y_z_pT_phi_h)_(Normalized)[0m (Histo Num 52884)
[91mSkipping: (MultiDim_5D_Histo)_(BC_RC_Bayesian)_(SMEAR=Smear)_(Q2_y_Bin_2)_(z_pT_Bin_20)_(MultiDim_Q2_y_z_pT_phi_h)_(Normalized)[0m (Histo Num 52885)
[91mSkipping: (MultiDim_5D_Histo)_(Bayesian)_(SMEAR=Smear)_(Q2_y_Bin_2)_(z_pT_Bin_21)_(MultiDim_Q2_y_z_pT_phi_h)_(Normalized)[0m (Histo Num 52887)
[91mSkipping: (MultiDim_5D_Histo)_(RC_Bayesian)_(SMEAR=Smear)_(Q2_y_Bin_2)_(z_pT_Bin_21)_(MultiDim_Q2_y_z_pT_phi_h)_(Normalized)[0m (Histo Num 52888)
[91mSkipping: (MultiDim_5D_Histo)_(BC_RC_Bayesian)_(SMEAR=Smear)_(Q2_y_Bin_2)_(z_pT_Bin_21)_(MultiDim_Q2_y_z_pT_phi_h)_(Normalized)[0m (Histo Num 52889)
[91mSkipping: (MultiDim_5D_Histo)_(Bayesian)_(SMEAR=Smear)_(Q2_y_Bin_2)_(z_pT_Bin_22)_(MultiDim_Q2_y_z_pT_phi_h)_(Normalized)[0m (Histo Num 52891)
[91mSkipping: (MultiDim_5D_Histo)_(RC_Bayesian)_(SMEAR=Smear)_(Q2_y_Bin_2)_(z_pT_Bin_22)_(MultiDim_Q2_y_z_pT_phi_h)_(Normalized)[0m (Histo Num 52892)
[91mSkipping: (MultiDim_5D_Histo)_(BC_RC_Bayesian)_(SMEAR=Smear)_(Q2_y_Bin_2)_(z_pT_Bin_22)_(MultiDim_Q2_y_z_pT_phi_h)_(Normalized)[0m (Histo Num 52893)
[91mSkipping: (MultiDim_5D_Histo)_(Bayesian)_(SMEAR=Smear)_(Q2_y_Bin_2)_(z_pT_Bin_23)_(MultiDim_Q2_y_z_pT_phi_h)_(Normalized)[0m (Histo Num 52895)
[91mSkipping: (MultiDim_5D_Histo)_(RC_Bayesian)_(SMEAR=Smear)_(Q2_y_Bin_2)_(z_pT_Bin_23)_(MultiDim_Q2_y_z_pT_phi_h)_(Normalized)[0m (Histo Num 52896)
[91mSkipping: (MultiDim_5D_Histo)_(BC_RC_Bayesian)_(SMEAR=Smear)_(Q2_y_Bin_2)_(z_pT_Bin_23)_(MultiDim_Q2_y_z_pT_phi_h)_(Normalized)[0m (Histo Num 52897)
[91mSkipping: (MultiDim_5D_Histo)_(Bayesian)_(SMEAR=Smear)_(Q2_y_Bin_2)_(z_pT_Bin_25)_(MultiDim_Q2_y_z_pT_phi_h)_(Normalized)[0m (Histo Num 52899)
[91mSkipping: (MultiDim_5D_Histo)_(RC_Bayesian)_(SMEAR=Smear)_(Q2_y_Bin_2)_(z_pT_Bin_25)_(MultiDim_Q2_y_z_pT_phi_h)_(Normalized)[0m (Histo Num 52900)
[91mSkipping: (MultiDim_5D_Histo)_(BC_RC_Bayesian)_(SMEAR=Smear)_(Q2_y_Bin_2)_(z_pT_Bin_25)_(MultiDim_Q2_y_z_pT_phi_h)_(Normalized)[0m (Histo Num 52901)
[91mSkipping: (MultiDim_5D_Histo)_(Bayesian)_(SMEAR=Smear)_(Q2_y_Bin_2)_(z_pT_Bin_26)_(MultiDim_Q2_y_z_pT_phi_h)_(Normalized)[0m (Histo Num 52903)
[91mSkipping: (MultiDim_5D_Histo)_(RC_Bayesian)_(SMEAR=Smear)_(Q2_y_Bin_2)_(z_pT_Bin_26)_(MultiDim_Q2_y_z_pT_phi_h)_(Normalized)[0m (Histo Num 52904)
[91mSkipping: (MultiDim_5D_Histo)_(BC_RC_Bayesian)_(SMEAR=Smear)_(Q2_y_Bin_2)_(z_pT_Bin_26)_(MultiDim_Q2_y_z_pT_phi_h)_(Normalized)[0m (Histo Num 52905)
[91mSkipping: (MultiDim_5D_Histo)_(Bayesian)_(SMEAR=Smear)_(Q2_y_Bin_2)_(z_pT_Bin_27)_(MultiDim_Q2_y_z_pT_phi_h)_(Normalized)[0m (Histo Num 52907)
[91mSkipping: (MultiDim_5D_Histo)_(RC_Bayesian)_(SMEAR=Smear)_(Q2_y_Bin_2)_(z_pT_Bin_27)_(MultiDim_Q2_y_z_pT_phi_h)_(Normalized)[0m (Histo Num 52908)
[91mSkipping: (MultiDim_5D_Histo)_(BC_RC_Bayesian)_(SMEAR=Smear)_(Q2_y_Bin_2)_(z_pT_Bin_27)_(MultiDim_Q2_y_z_pT_phi_h)_(Normalized)[0m (Histo Num 52909)
[91mSkipping: (MultiDim_5D_Histo)_(Bayesian)_(SMEAR=Smear)_(Q2_y_Bin_2)_(z_pT_Bin_28)_(MultiDim_Q2_y_z_pT_phi_h)_(Normalized)[0m (Histo Num 52911)
[91mSkipping: (MultiDim_5D_Histo)_(RC_Bayesian)_(SMEAR=Smear)_(Q2_y_Bin_2)_(z_pT_Bin_28)_(MultiDim_Q2_y_z_pT_phi_h)_(Normalized)[0m (Histo Num 52912)
[91mSkipping: (MultiDim_5D_Histo)_(BC_RC_Bayesian)_(SMEAR=Smear)_(Q2_y_Bin_2)_(z_pT_Bin_28)_(MultiDim_Q2_y_z_pT_phi_h)_(Normalized)[0m (Histo Num 52913)
[91mSkipping: (MultiDim_5D_Histo)_(Bayesian)_(SMEAR=Smear)_(Q2_y_Bin_2)_(z_pT_Bin_29)_(MultiDim_Q2_y_z_pT_phi_h)_(Normalized)[0m (Histo Num 52915)
[91mSkipping: (MultiDim_5D_Histo)_(RC_Bayesian)_(SMEAR=Smear)_(Q2_y_Bin_2)_(z_pT_Bin_29)_(MultiDim_Q2_y_z_pT_phi_h)_(Normalized)[0m (Histo Num 52916)
[91mSkipping: (MultiDim_5D_Histo)_(BC_RC_Bayesian)_(SMEAR=Smear)_(Q2_y_Bin_2)_(z_pT_Bin_29)_(MultiDim_Q2_y_z_pT_phi_h)_(Normalized)[0m (Histo Num 52917)
[91mSkipping: (MultiDim_5D_Histo)_(Bayesian)_(SMEAR=Smear)_(Q2_y_Bin_2)_(z_pT_Bin_31)_(MultiDim_Q2_y_z_pT_phi_h)_(Normalized)[0m (Histo Num 52919)
[91mSkipping: (MultiDim_5D_Histo)_(RC_Bayesian)_(SMEAR=Smear)_(Q2_y_Bin_2)_(z_pT_Bin_31)_(MultiDim_Q2_y_z_pT_phi_h)_(Normalized)[0m (Histo Num 52920)
[91mSkipping: (MultiDim_5D_Histo)_(BC_RC_Bayesian)_(SMEAR=Smear)_(Q2_y_Bin_2)_(z_pT_Bin_31)_(MultiDim_Q2_y_z_pT_phi_h)_(Normalized)[0m (Histo Num 52921)
[91mSkipping: (MultiDim_5D_Histo)_(Bayesian)_(SMEAR=Smear)_(Q2_y_Bin_2)_(z_pT_Bin_32)_(MultiDim_Q2_y_z_pT_phi_h)_(Normalized)[0m (Histo Num 52923)
[91mSkipping: (MultiDim_5D_Histo)_(RC_Bayesian)_(SMEAR=Smear)_(Q2_y_Bin_2)_(z_pT_Bin_32)_(MultiDim_Q2_y_z_pT_phi_h)_(Normalized)[0m (Histo Num 52924)
[91mSkipping: (MultiDim_5D_Histo)_(BC_RC_Bayesian)_(SMEAR=Smear)_(Q2_y_Bin_2)_(z_pT_Bin_32)_(MultiDim_Q2_y_z_pT_phi_h)_(Normalized)[0m (Histo Num 52925)
[91mSkipping: (MultiDim_5D_Histo)_(Bayesian)_(SMEAR=Smear)_(Q2_y_Bin_2)_(z_pT_Bin_33)_(MultiDim_Q2_y_z_pT_phi_h)_(Normalized)[0m (Histo Num 52927)
[91mSkipping: (MultiDim_5D_Histo)_(RC_Bayesian)_(SMEAR=Smear)_(Q2_y_Bin_2)_(z_pT_Bin_33)_(MultiDim_Q2_y_z_pT_phi_h)_(Normalized)[0m (Histo Num 52928)
[91mSkipping: (MultiDim_5D_Histo)_(BC_RC_Bayesian)_(SMEAR=Smear)_(Q2_y_Bin_2)_(z_pT_Bin_33)_(MultiDim_Q2_y_z_pT_phi_h)_(Normalized)[0m (Histo Num 52929)
[91mSkipping: (MultiDim_5D_Histo)_(Bayesian)_(SMEAR=Smear)_(Q2_y_Bin_2)_(z_pT_Bin_34)_(MultiDim_Q2_y_z_pT_phi_h)_(Normalized)[0m (Histo Num 52931)
[91mSkipping: (MultiDim_5D_Histo)_(RC_Bayesian)_(SMEAR=Smear)_(Q2_y_Bin_2)_(z_pT_Bin_34)_(MultiDim_Q2_y_z_pT_phi_h)_(Normalized)[0m (Histo Num 52932)
[91mSkipping: (MultiDim_5D_Histo)_(BC_RC_Bayesian)_(SMEAR=Smear)_(Q2_y_Bin_2)_(z_pT_Bin_34)_(MultiDim_Q2_y_z_pT_phi_h)_(Normalized)[0m (Histo Num 52933)
[91mSkipping: (MultiDim_5D_Histo)_(Bayesian)_(SMEAR=Smear)_(Q2_y_Bin_3)_(z_pT_Bin_1)_(MultiDim_Q2_y_z_pT_phi_h)_(Normalized)[0m (Histo Num 52935)
[91mSkipping: (MultiDim_5D_Histo)_(RC_Bayesian)_(SMEAR=Smear)_(Q2_y_Bin_3)_(z_pT_Bin_1)_(MultiDim_Q2_y_z_pT_phi_h)_(Normalized)[0m (Histo Num 52936)
[91mSkipping: (MultiDim_5D_Histo)_(BC_RC_Bayesian)_(SMEAR=Smear)_(Q2_y_Bin_3)_(z_pT_Bin_1)_(MultiDim_Q2_y_z_pT_phi_h)_(Normalized)[0m (Histo Num 52937)
[91mSkipping: (MultiDim_5D_Histo)_(Bayesian)_(SMEAR=Smear)_(Q2_y_Bin_3)_(z_pT_Bin_2)_(MultiDim_Q2_y_z_pT_phi_h)_(Normalized)[0m (Histo Num 52939)
[91mSkipping: (MultiDim_5D_Histo)_(RC_Bayesian)_(SMEAR=Smear)_(Q2_y_Bin_3)_(z_pT_Bin_2)_(MultiDim_Q2_y_z_pT_phi_h)_(Normalized)[0m (Histo Num 52940)
[91mSkipping: (MultiDim_5D_Histo)_(BC_RC_Bayesian)_(SMEAR=Smear)_(Q2_y_Bin_3)_(z_pT_Bin_2)_(MultiDim_Q2_y_z_pT_phi_h)_(Normalized)[0m (Histo Num 52941)
[91mSkipping: (MultiDim_5D_Histo)_(Bayesian)_(SMEAR=Smear)_(Q2_y_Bin_3)_(z_pT_Bin_3)_(MultiDim_Q2_y_z_pT_phi_h)_(Normalized)[0m (Histo Num 52943)
[91mSkipping: (MultiDim_5D_Histo)_(RC_Bayesian)_(SMEAR=Smear)_(Q2_y_Bin_3)_(z_pT_Bin_3)_(MultiDim_Q2_y_z_pT_phi_h)_(Normalized)[0m (Histo Num 52944)
[91mSkipping: (MultiDim_5D_Histo)_(BC_RC_Bayesian)_(SMEAR=Smear)_(Q2_y_Bin_3)_(z_pT_Bin_3)_(MultiDim_Q2_y_z_pT_phi_h)_(Normalized)[0m (Histo Num 52945)
[91mSkipping: (MultiDim_5D_Histo)_(Bayesian)_(SMEAR=Smear)_(Q2_y_Bin_3)_(z_pT_Bin_4)_(MultiDim_Q2_y_z_pT_phi_h)_(Normalized)[0m (Histo Num 52947)
[91mSkipping: (MultiDim_5D_Histo)_(RC_Bayesian)_(SMEAR=Smear)_(Q2_y_Bin_3)_(z_pT_Bin_4)_(MultiDim_Q2_y_z_pT_phi_h)_(Normalized)[0m (Histo Num 52948)
[91mSkipping: (MultiDim_5D_Histo)_(BC_RC_Bayesian)_(SMEAR=Smear)_(Q2_y_Bin_3)_(z_pT_Bin_4)_(MultiDim_Q2_y_z_pT_phi_h)_(Normalized)[0m (Histo Num 52949)
[91mSkipping: (MultiDim_5D_Histo)_(Bayesian)_(SMEAR=Smear)_(Q2_y_Bin_3)_(z_pT_Bin_5)_(MultiDim_Q2_y_z_pT_phi_h)_(Normalized)[0m (Histo Num 52951)
[91mSkipping: (MultiDim_5D_Histo)_(RC_Bayesian)_(SMEAR=Smear)_(Q2_y_Bin_3)_(z_pT_Bin_5)_(MultiDim_Q2_y_z_pT_phi_h)_(Normalized)[0m (Histo Num 52952)
[91mSkipping: (MultiDim_5D_Histo)_(BC_RC_Bayesian)_(SMEAR=Smear)_(Q2_y_Bin_3)_(z_pT_Bin_5)_(MultiDim_Q2_y_z_pT_phi_h)_(Normalized)[0m (Histo Num 52953)
[91mSkipping: (MultiDim_5D_Histo)_(Bayesian)_(SMEAR=Smear)_(Q2_y_Bin_3)_(z_pT_Bin_7)_(MultiDim_Q2_y_z_pT_phi_h)_(Normalized)[0m (Histo Num 52955)
[91mSkipping: (MultiDim_5D_Histo)_(RC_Bayesian)_(SMEAR=Smear)_(Q2_y_Bin_3)_(z_pT_Bin_7)_(MultiDim_Q2_y_z_pT_phi_h)_(Normalized)[0m (Histo Num 52956)
[91mSkipping: (MultiDim_5D_Histo)_(BC_RC_Bayesian)_(SMEAR=Smear)_(Q2_y_Bin_3)_(z_pT_Bin_7)_(MultiDim_Q2_y_z_pT_phi_h)_(Normalized)[0m (Histo Num 52957)
[91mSkipping: (MultiDim_5D_Histo)_(Bayesian)_(SMEAR=Smear)_(Q2_y_Bin_3)_(z_pT_Bin_8)_(MultiDim_Q2_y_z_pT_phi_h)_(Normalized)[0m (Histo Num 52959)
[91mSkipping: (MultiDim_5D_Histo)_(RC_Bayesian)_(SMEAR=Smear)_(Q2_y_Bin_3)_(z_pT_Bin_8)_(MultiDim_Q2_y_z_pT_phi_h)_(Normalized)[0m (Histo Num 52960)
[91mSkipping: (MultiDim_5D_Histo)_(BC_RC_Bayesian)_(SMEAR=Smear)_(Q2_y_Bin_3)_(z_pT_Bin_8)_(MultiDim_Q2_y_z_pT_phi_h)_(Normalized)[0m (Histo Num 52961)
[91mSkipping: (MultiDim_5D_Histo)_(Bayesian)_(SMEAR=Smear)_(Q2_y_Bin_3)_(z_pT_Bin_9)_(MultiDim_Q2_y_z_pT_phi_h)_(Normalized)[0m (Histo Num 52963)
[91mSkipping: (MultiDim_5D_Histo)_(RC_Bayesian)_(SMEAR=Smear)_(Q2_y_Bin_3)_(z_pT_Bin_9)_(MultiDim_Q2_y_z_pT_phi_h)_(Normalized)[0m (Histo Num 52964)
[91mSkipping: (MultiDim_5D_Histo)_(BC_RC_Bayesian)_(SMEAR=Smear)_(Q2_y_Bin_3)_(z_pT_Bin_9)_(MultiDim_Q2_y_z_pT_phi_h)_(Normalized)[0m (Histo Num 52965)
[91mSkipping: (MultiDim_5D_Histo)_(Bayesian)_(SMEAR=Smear)_(Q2_y_Bin_3)_(z_pT_Bin_10)_(MultiDim_Q2_y_z_pT_phi_h)_(Normalized)[0m (Histo Num 52967)
[91mSkipping: (MultiDim_5D_Histo)_(RC_Bayesian)_(SMEAR=Smear)_(Q2_y_Bin_3)_(z_pT_Bin_10)_(MultiDim_Q2_y_z_pT_phi_h)_(Normalized)[0m (Histo Num 52968)
[91mSkipping: (MultiDim_5D_Histo)_(BC_RC_Bayesian)_(SMEAR=Smear)_(Q2_y_Bin_3)_(z_pT_Bin_10)_(MultiDim_Q2_y_z_pT_phi_h)_(Normalized)[0m (Histo Num 52969)
[91mSkipping: (MultiDim_5D_Histo)_(Bayesian)_(SMEAR=Smear)_(Q2_y_Bin_3)_(z_pT_Bin_11)_(MultiDim_Q2_y_z_pT_phi_h)_(Normalized)[0m (Histo Num 52971)
[91mSkipping: (MultiDim_5D_Histo)_(RC_Bayesian)_(SMEAR=Smear)_(Q2_y_Bin_3)_(z_pT_Bin_11)_(MultiDim_Q2_y_z_pT_phi_h)_(Normalized)[0m (Histo Num 52972)
[91mSkipping: (MultiDim_5D_Histo)_(BC_RC_Bayesian)_(SMEAR=Smear)_(Q2_y_Bin_3)_(z_pT_Bin_11)_(MultiDim_Q2_y_z_pT_phi_h)_(Normalized)[0m (Histo Num 52973)
[91mSkipping: (MultiDim_5D_Histo)_(Bayesian)_(SMEAR=Smear)_(Q2_y_Bin_3)_(z_pT_Bin_12)_(MultiDim_Q2_y_z_pT_phi_h)_(Normalized)[0m (Histo Num 52975)
[91mSkipping: (MultiDim_5D_Histo)_(RC_Bayesian)_(SMEAR=Smear)_(Q2_y_Bin_3)_(z_pT_Bin_12)_(MultiDim_Q2_y_z_pT_phi_h)_(Normalized)[0m (Histo Num 52976)
[91mSkipping: (MultiDim_5D_Histo)_(BC_RC_Bayesian)_(SMEAR=Smear)_(Q2_y_Bin_3)_(z_pT_Bin_12)_(MultiDim_Q2_y_z_pT_phi_h)_(Normalized)[0m (Histo Num 52977)
[91mSkipping: (MultiDim_5D_Histo)_(Bayesian)_(SMEAR=Smear)_(Q2_y_Bin_3)_(z_pT_Bin_13)_(MultiDim_Q2_y_z_pT_phi_h)_(Normalized)[0m (Histo Num 52979)
[91mSkipping: (MultiDim_5D_Histo)_(RC_Bayesian)_(SMEAR=Smear)_(Q2_y_Bin_3)_(z_pT_Bin_13)_(MultiDim_Q2_y_z_pT_phi_h)_(Normalized)[0m (Histo Num 52980)
[91mSkipping: (MultiDim_5D_Histo)_(BC_RC_Bayesian)_(SMEAR=Smear)_(Q2_y_Bin_3)_(z_pT_Bin_13)_(MultiDim_Q2_y_z_pT_phi_h)_(Normalized)[0m (Histo Num 52981)
[91mSkipping: (MultiDim_5D_Histo)_(Bayesian)_(SMEAR=Smear)_(Q2_y_Bin_3)_(z_pT_Bin_14)_(MultiDim_Q2_y_z_pT_phi_h)_(Normalized)[0m (Histo Num 52983)
[91mSkipping: (MultiDim_5D_Histo)_(RC_Bayesian)_(SMEAR=Smear)_(Q2_y_Bin_3)_(z_pT_Bin_14)_(MultiDim_Q2_y_z_pT_phi_h)_(Normalized)[0m (Histo Num 52984)
[91mSkipping: (MultiDim_5D_Histo)_(BC_RC_Bayesian)_(SMEAR=Smear)_(Q2_y_Bin_3)_(z_pT_Bin_14)_(MultiDim_Q2_y_z_pT_phi_h)_(Normalized)[0m (Histo Num 52985)
[91mSkipping: (MultiDim_5D_Histo)_(Bayesian)_(SMEAR=Smear)_(Q2_y_Bin_3)_(z_pT_Bin_15)_(MultiDim_Q2_y_z_pT_phi_h)_(Normalized)[0m (Histo Num 52987)
[91mSkipping: (MultiDim_5D_Histo)_(RC_Bayesian)_(SMEAR=Smear)_(Q2_y_Bin_3)_(z_pT_Bin_15)_(MultiDim_Q2_y_z_pT_phi_h)_(Normalized)[0m (Histo Num 52988)
[91mSkipping: (MultiDim_5D_Histo)_(BC_RC_Bayesian)_(SMEAR=Smear)_(Q2_y_Bin_3)_(z_pT_Bin_15)_(MultiDim_Q2_y_z_pT_phi_h)_(Normalized)[0m (Histo Num 52989)
[91mSkipping: (MultiDim_5D_Histo)_(Bayesian)_(SMEAR=Smear)_(Q2_y_Bin_3)_(z_pT_Bin_16)_(MultiDim_Q2_y_z_pT_phi_h)_(Normalized)[0m (Histo Num 52991)
[91mSkipping: (MultiDim_5D_Histo)_(RC_Bayesian)_(SMEAR=Smear)_(Q2_y_Bin_3)_(z_pT_Bin_16)_(MultiDim_Q2_y_z_pT_phi_h)_(Normalized)[0m (Histo Num 52992)
[91mSkipping: (MultiDim_5D_Histo)_(BC_RC_Bayesian)_(SMEAR=Smear)_(Q2_y_Bin_3)_(z_pT_Bin_16)_(MultiDim_Q2_y_z_pT_phi_h)_(Normalized)[0m (Histo Num 52993)
[91mSkipping: (MultiDim_5D_Histo)_(Bayesian)_(SMEAR=Smear)_(Q2_y_Bin_3)_(z_pT_Bin_17)_(MultiDim_Q2_y_z_pT_phi_h)_(Normalized)[0m (Histo Num 52995)
[91mSkipping: (MultiDim_5D_Histo)_(RC_Bayesian)_(SMEAR=Smear)_(Q2_y_Bin_3)_(z_pT_Bin_17)_(MultiDim_Q2_y_z_pT_phi_h)_(Normalized)[0m (Histo Num 52996)
[91mSkipping: (MultiDim_5D_Histo)_(BC_RC_Bayesian)_(SMEAR=Smear)_(Q2_y_Bin_3)_(z_pT_Bin_17)_(MultiDim_Q2_y_z_pT_phi_h)_(Normalized)[0m (Histo Num 52997)
[91mSkipping: (MultiDim_5D_Histo)_(Bayesian)_(SMEAR=Smear)_(Q2_y_Bin_3)_(z_pT_Bin_18)_(MultiDim_Q2_y_z_pT_phi_h)_(Normalized)[0m (Histo Num 52999)
[91mSkipping: (MultiDim_5D_Histo)_(RC_Bayesian)_(SMEAR=Smear)_(Q2_y_Bin_3)_(z_pT_Bin_18)_(MultiDim_Q2_y_z_pT_phi_h)_(Normalized)[0m (Histo Num 53000)
[91mSkipping: (MultiDim_5D_Histo)_(BC_RC_Bayesian)_(SMEAR=Smear)_(Q2_y_Bin_3)_(z_pT_Bin_18)_(MultiDim_Q2_y_z_pT_phi_h)_(Normalized)[0m (Histo Num 53001)
[91mSkipping: (MultiDim_5D_Histo)_(Bayesian)_(SMEAR=Smear)_(Q2_y_Bin_3)_(z_pT_Bin_19)_(MultiDim_Q2_y_z_pT_phi_h)_(Normalized)[0m (Histo Num 53003)
[91mSkipping: (MultiDim_5D_Histo)_(RC_Bayesian)_(SMEAR=Smear)_(Q2_y_Bin_3)_(z_pT_Bin_19)_(MultiDim_Q2_y_z_pT_phi_h)_(Normalized)[0m (Histo Num 53004)
[91mSkipping: (MultiDim_5D_Histo)_(BC_RC_Bayesian)_(SMEAR=Smear)_(Q2_y_Bin_3)_(z_pT_Bin_19)_(MultiDim_Q2_y_z_pT_phi_h)_(Normalized)[0m (Histo Num 53005)
[91mSkipping: (MultiDim_5D_Histo)_(Bayesian)_(SMEAR=Smear)_(Q2_y_Bin_3)_(z_pT_Bin_20)_(MultiDim_Q2_y_z_pT_phi_h)_(Normalized)[0m (Histo Num 53007)
[91mSkipping: (MultiDim_5D_Histo)_(RC_Bayesian)_(SMEAR=Smear)_(Q2_y_Bin_3)_(z_pT_Bin_20)_(MultiDim_Q2_y_z_pT_phi_h)_(Normalized)[0m (Histo Num 53008)
[91mSkipping: (MultiDim_5D_Histo)_(BC_RC_Bayesian)_(SMEAR=Smear)_(Q2_y_Bin_3)_(z_pT_Bin_20)_(MultiDim_Q2_y_z_pT_phi_h)_(Normalized)[0m (Histo Num 53009)
[91mSkipping: (MultiDim_5D_Histo)_(Bayesian)_(SMEAR=Smear)_(Q2_y_Bin_3)_(z_pT_Bin_21)_(MultiDim_Q2_y_z_pT_phi_h)_(Normalized)[0m (Histo Num 53011)
[91mSkipping: (MultiDim_5D_Histo)_(RC_Bayesian)_(SMEAR=Smear)_(Q2_y_Bin_3)_(z_pT_Bin_21)_(MultiDim_Q2_y_z_pT_phi_h)_(Normalized)[0m (Histo Num 53012)
[91mSkipping: (MultiDim_5D_Histo)_(BC_RC_Bayesian)_(SMEAR=Smear)_(Q2_y_Bin_3)_(z_pT_Bin_21)_(MultiDim_Q2_y_z_pT_phi_h)_(Normalized)[0m (Histo Num 53013)
[91mSkipping: (MultiDim_5D_Histo)_(Bayesian)_(SMEAR=Smear)_(Q2_y_Bin_3)_(z_pT_Bin_22)_(MultiDim_Q2_y_z_pT_phi_h)_(Normalized)[0m (Histo Num 53015)
[91mSkipping: (MultiDim_5D_Histo)_(RC_Bayesian)_(SMEAR=Smear)_(Q2_y_Bin_3)_(z_pT_Bin_22)_(MultiDim_Q2_y_z_pT_phi_h)_(Normalized)[0m (Histo Num 53016)
[91mSkipping: (MultiDim_5D_Histo)_(BC_RC_Bayesian)_(SMEAR=Smear)_(Q2_y_Bin_3)_(z_pT_Bin_22)_(MultiDim_Q2_y_z_pT_phi_h)_(Normalized)[0m (Histo Num 53017)
[91mSkipping: (MultiDim_5D_Histo)_(Bayesian)_(SMEAR=Smear)_(Q2_y_Bin_3)_(z_pT_Bin_23)_(MultiDim_Q2_y_z_pT_phi_h)_(Normalized)[0m (Histo Num 53019)
[91mSkipping: (MultiDim_5D_Histo)_(RC_Bayesian)_(SMEAR=Smear)_(Q2_y_Bin_3)_(z_pT_Bin_23)_(MultiDim_Q2_y_z_pT_phi_h)_(Normalized)[0m (Histo Num 53020)
[91mSkipping: (MultiDim_5D_Histo)_(BC_RC_Bayesian)_(SMEAR=Smear)_(Q2_y_Bin_3)_(z_pT_Bin_23)_(MultiDim_Q2_y_z_pT_phi_h)_(Normalized)[0m (Histo Num 53021)
[91mSkipping: (MultiDim_5D_Histo)_(Bayesian)_(SMEAR=Smear)_(Q2_y_Bin_3)_(z_pT_Bin_24)_(MultiDim_Q2_y_z_pT_phi_h)_(Normalized)[0m (Histo Num 53023)
[91mSkipping: (MultiDim_5D_Histo)_(RC_Bayesian)_(SMEAR=Smear)_(Q2_y_Bin_3)_(z_pT_Bin_24)_(MultiDim_Q2_y_z_pT_phi_h)_(Normalized)[0m (Histo Num 53024)
[91mSkipping: (MultiDim_5D_Histo)_(BC_RC_Bayesian)_(SMEAR=Smear)_(Q2_y_Bin_3)_(z_pT_Bin_24)_(MultiDim_Q2_y_z_pT_phi_h)_(Normalized)[0m (Histo Num 53025)
[91mSkipping: (MultiDim_5D_Histo)_(Bayesian)_(SMEAR=Smear)_(Q2_y_Bin_3)_(z_pT_Bin_25)_(MultiDim_Q2_y_z_pT_phi_h)_(Normalized)[0m (Histo Num 53027)
[91mSkipping: (MultiDim_5D_Histo)_(RC_Bayesian)_(SMEAR=Smear)_(Q2_y_Bin_3)_(z_pT_Bin_25)_(MultiDim_Q2_y_z_pT_phi_h)_(Normalized)[0m (Histo Num 53028)
[91mSkipping: (MultiDim_5D_Histo)_(BC_RC_Bayesian)_(SMEAR=Smear)_(Q2_y_Bin_3)_(z_pT_Bin_25)_(MultiDim_Q2_y_z_pT_phi_h)_(Normalized)[0m (Histo Num 53029)
[91mSkipping: (MultiDim_5D_Histo)_(Bayesian)_(SMEAR=Smear)_(Q2_y_Bin_3)_(z_pT_Bin_26)_(MultiDim_Q2_y_z_pT_phi_h)_(Normalized)[0m (Histo Num 53031)
[91mSkipping: (MultiDim_5D_Histo)_(RC_Bayesian)_(SMEAR=Smear)_(Q2_y_Bin_3)_(z_pT_Bin_26)_(MultiDim_Q2_y_z_pT_phi_h)_(Normalized)[0m (Histo Num 53032)
[91mSkipping: (MultiDim_5D_Histo)_(BC_RC_Bayesian)_(SMEAR=Smear)_(Q2_y_Bin_3)_(z_pT_Bin_26)_(MultiDim_Q2_y_z_pT_phi_h)_(Normalized)[0m (Histo Num 53033)
[91mSkipping: (MultiDim_5D_Histo)_(Bayesian)_(SMEAR=Smear)_(Q2_y_Bin_3)_(z_pT_Bin_27)_(MultiDim_Q2_y_z_pT_phi_h)_(Normalized)[0m (Histo Num 53035)
[91mSkipping: (MultiDim_5D_Histo)_(RC_Bayesian)_(SMEAR=Smear)_(Q2_y_Bin_3)_(z_pT_Bin_27)_(MultiDim_Q2_y_z_pT_phi_h)_(Normalized)[0m (Histo Num 53036)
[91mSkipping: (MultiDim_5D_Histo)_(BC_RC_Bayesian)_(SMEAR=Smear)_(Q2_y_Bin_3)_(z_pT_Bin_27)_(MultiDim_Q2_y_z_pT_phi_h)_(Normalized)[0m (Histo Num 53037)
[91mSkipping: (MultiDim_5D_Histo)_(Bayesian)_(SMEAR=Smear)_(Q2_y_Bin_3)_(z_pT_Bin_28)_(MultiDim_Q2_y_z_pT_phi_h)_(Normalized)[0m (Histo Num 53039)
[91mSkipping: (MultiDim_5D_Histo)_(RC_Bayesian)_(SMEAR=Smear)_(Q2_y_Bin_3)_(z_pT_Bin_28)_(MultiDim_Q2_y_z_pT_phi_h)_(Normalized)[0m (Histo Num 53040)
[91mSkipping: (MultiDim_5D_Histo)_(BC_RC_Bayesian)_(SMEAR=Smear)_(Q2_y_Bin_3)_(z_pT_Bin_28)_(MultiDim_Q2_y_z_pT_phi_h)_(Normalized)[0m (Histo Num 53041)
[91mSkipping: (MultiDim_5D_Histo)_(Bayesian)_(SMEAR=Smear)_(Q2_y_Bin_3)_(z_pT_Bin_29)_(MultiDim_Q2_y_z_pT_phi_h)_(Normalized)[0m (Histo Num 53043)
[91mSkipping: (MultiDim_5D_Histo)_(RC_Bayesian)_(SMEAR=Smear)_(Q2_y_Bin_3)_(z_pT_Bin_29)_(MultiDim_Q2_y_z_pT_phi_h)_(Normalized)[0m (Histo Num 53044)
[91mSkipping: (MultiDim_5D_Histo)_(BC_RC_Bayesian)_(SMEAR=Smear)_(Q2_y_Bin_3)_(z_pT_Bin_29)_(MultiDim_Q2_y_z_pT_phi_h)_(Normalized)[0m (Histo Num 53045)
[91mSkipping: (MultiDim_5D_Histo)_(Bayesian)_(SMEAR=Smear)_(Q2_y_Bin_4)_(z_pT_Bin_7)_(MultiDim_Q2_y_z_pT_phi_h)_(Normalized)[0m (Histo Num 53047)
[91mSkipping: (MultiDim_5D_Histo)_(RC_Bayesian)_(SMEAR=Smear)_(Q2_y_Bin_4)_(z_pT_Bin_7)_(MultiDim_Q2_y_z_pT_phi_h)_(Normalized)[0m (Histo Num 53048)
[91mSkipping: (MultiDim_5D_Histo)_(BC_RC_Bayesian)_(SMEAR=Smear)_(Q2_y_Bin_4)_(z_pT_Bin_7)_(MultiDim_Q2_y_z_pT_phi_h)_(Normalized)[0m (Histo Num 53049)
[91mSkipping: (MultiDim_5D_Histo)_(Bayesian)_(SMEAR=Smear)_(Q2_y_Bin_4)_(z_pT_Bin_8)_(MultiDim_Q2_y_z_pT_phi_h)_(Normalized)[0m (Histo Num 53051)
[91mSkipping: (MultiDim_5D_Histo)_(RC_Bayesian)_(SMEAR=Smear)_(Q2_y_Bin_4)_(z_pT_Bin_8)_(MultiDim_Q2_y_z_pT_phi_h)_(Normalized)[0m (Histo Num 53052)
[91mSkipping: (MultiDim_5D_Histo)_(BC_RC_Bayesian)_(SMEAR=Smear)_(Q2_y_Bin_4)_(z_pT_Bin_8)_(MultiDim_Q2_y_z_pT_phi_h)_(Normalized)[0m (Histo Num 53053)
[91mSkipping: (MultiDim_5D_Histo)_(Bayesian)_(SMEAR=Smear)_(Q2_y_Bin_4)_(z_pT_Bin_9)_(MultiDim_Q2_y_z_pT_phi_h)_(Normalized)[0m (Histo Num 53055)
[91mSkipping: (MultiDim_5D_Histo)_(RC_Bayesian)_(SMEAR=Smear)_(Q2_y_Bin_4)_(z_pT_Bin_9)_(MultiDim_Q2_y_z_pT_phi_h)_(Normalized)[0m (Histo Num 53056)
[91mSkipping: (MultiDim_5D_Histo)_(BC_RC_Bayesian)_(SMEAR=Smear)_(Q2_y_Bin_4)_(z_pT_Bin_9)_(MultiDim_Q2_y_z_pT_phi_h)_(Normalized)[0m (Histo Num 53057)
[91mSkipping: (MultiDim_5D_Histo)_(Bayesian)_(SMEAR=Smear)_(Q2_y_Bin_4)_(z_pT_Bin_10)_(MultiDim_Q2_y_z_pT_phi_h)_(Normalized)[0m (Histo Num 53059)
[91mSkipping: (MultiDim_5D_Histo)_(RC_Bayesian)_(SMEAR=Smear)_(Q2_y_Bin_4)_(z_pT_Bin_10)_(MultiDim_Q2_y_z_pT_phi_h)_(Normalized)[0m (Histo Num 53060)
[91mSkipping: (MultiDim_5D_Histo)_(BC_RC_Bayesian)_(SMEAR=Smear)_(Q2_y_Bin_4)_(z_pT_Bin_10)_(MultiDim_Q2_y_z_pT_phi_h)_(Normalized)[0m (Histo Num 53061)
[91mSkipping: (MultiDim_5D_Histo)_(Bayesian)_(SMEAR=Smear)_(Q2_y_Bin_4)_(z_pT_Bin_11)_(MultiDim_Q2_y_z_pT_phi_h)_(Normalized)[0m (Histo Num 53063)
[91mSkipping: (MultiDim_5D_Histo)_(RC_Bayesian)_(SMEAR=Smear)_(Q2_y_Bin_4)_(z_pT_Bin_11)_(MultiDim_Q2_y_z_pT_phi_h)_(Normalized)[0m (Histo Num 53064)
[91mSkipping: (MultiDim_5D_Histo)_(BC_RC_Bayesian)_(SMEAR=Smear)_(Q2_y_Bin_4)_(z_pT_Bin_11)_(MultiDim_Q2_y_z_pT_phi_h)_(Normalized)[0m (Histo Num 53065)
[91mSkipping: (MultiDim_5D_Histo)_(Bayesian)_(SMEAR=Smear)_(Q2_y_Bin_4)_(z_pT_Bin_13)_(MultiDim_Q2_y_z_pT_phi_h)_(Normalized)[0m (Histo Num 53067)
[91mSkipping: (MultiDim_5D_Histo)_(RC_Bayesian)_(SMEAR=Smear)_(Q2_y_Bin_4)_(z_pT_Bin_13)_(MultiDim_Q2_y_z_pT_phi_h)_(Normalized)[0m (Histo Num 53068)
[91mSkipping: (MultiDim_5D_Histo)_(BC_RC_Bayesian)_(SMEAR=Smear)_(Q2_y_Bin_4)_(z_pT_Bin_13)_(MultiDim_Q2_y_z_pT_phi_h)_(Normalized)[0m (Histo Num 53069)
[91mSkipping: (MultiDim_5D_Histo)_(Bayesian)_(SMEAR=Smear)_(Q2_y_Bin_4)_(z_pT_Bin_14)_(MultiDim_Q2_y_z_pT_phi_h)_(Normalized)[0m (Histo Num 53071)
[91mSkipping: (MultiDim_5D_Histo)_(RC_Bayesian)_(SMEAR=Smear)_(Q2_y_Bin_4)_(z_pT_Bin_14)_(MultiDim_Q2_y_z_pT_phi_h)_(Normalized)[0m (Histo Num 53072)
[91mSkipping: (MultiDim_5D_Histo)_(BC_RC_Bayesian)_(SMEAR=Smear)_(Q2_y_Bin_4)_(z_pT_Bin_14)_(MultiDim_Q2_y_z_pT_phi_h)_(Normalized)[0m (Histo Num 53073)
[91mSkipping: (MultiDim_5D_Histo)_(Bayesian)_(SMEAR=Smear)_(Q2_y_Bin_4)_(z_pT_Bin_15)_(MultiDim_Q2_y_z_pT_phi_h)_(Normalized)[0m (Histo Num 53075)
[91mSkipping: (MultiDim_5D_Histo)_(RC_Bayesian)_(SMEAR=Smear)_(Q2_y_Bin_4)_(z_pT_Bin_15)_(MultiDim_Q2_y_z_pT_phi_h)_(Normalized)[0m (Histo Num 53076)
[91mSkipping: (MultiDim_5D_Histo)_(BC_RC_Bayesian)_(SMEAR=Smear)_(Q2_y_Bin_4)_(z_pT_Bin_15)_(MultiDim_Q2_y_z_pT_phi_h)_(Normalized)[0m (Histo Num 53077)
[91mSkipping: (MultiDim_5D_Histo)_(Bayesian)_(SMEAR=Smear)_(Q2_y_Bin_4)_(z_pT_Bin_16)_(MultiDim_Q2_y_z_pT_phi_h)_(Normalized)[0m (Histo Num 53079)
[91mSkipping: (MultiDim_5D_Histo)_(RC_Bayesian)_(SMEAR=Smear)_(Q2_y_Bin_4)_(z_pT_Bin_16)_(MultiDim_Q2_y_z_pT_phi_h)_(Normalized)[0m (Histo Num 53080)
[91mSkipping: (MultiDim_5D_Histo)_(BC_RC_Bayesian)_(SMEAR=Smear)_(Q2_y_Bin_4)_(z_pT_Bin_16)_(MultiDim_Q2_y_z_pT_phi_h)_(Normalized)[0m (Histo Num 53081)
[91mSkipping: (MultiDim_5D_Histo)_(Bayesian)_(SMEAR=Smear)_(Q2_y_Bin_4)_(z_pT_Bin_17)_(MultiDim_Q2_y_z_pT_phi_h)_(Normalized)[0m (Histo Num 53083)
[91mSkipping: (MultiDim_5D_Histo)_(RC_Bayesian)_(SMEAR=Smear)_(Q2_y_Bin_4)_(z_pT_Bin_17)_(MultiDim_Q2_y_z_pT_phi_h)_(Normalized)[0m (Histo Num 53084)
[91mSkipping: (MultiDim_5D_Histo)_(BC_RC_Bayesian)_(SMEAR=Smear)_(Q2_y_Bin_4)_(z_pT_Bin_17)_(MultiDim_Q2_y_z_pT_phi_h)_(Normalized)[0m (Histo Num 53085)
[91mSkipping: (MultiDim_5D_Histo)_(Bayesian)_(SMEAR=Smear)_(Q2_y_Bin_4)_(z_pT_Bin_19)_(MultiDim_Q2_y_z_pT_phi_h)_(Normalized)[0m (Histo Num 53087)
[91mSkipping: (MultiDim_5D_Histo)_(RC_Bayesian)_(SMEAR=Smear)_(Q2_y_Bin_4)_(z_pT_Bin_19)_(MultiDim_Q2_y_z_pT_phi_h)_(Normalized)[0m (Histo Num 53088)
[91mSkipping: (MultiDim_5D_Histo)_(BC_RC_Bayesian)_(SMEAR=Smear)_(Q2_y_Bin_4)_(z_pT_Bin_19)_(MultiDim_Q2_y_z_pT_phi_h)_(Normalized)[0m (Histo Num 53089)
[91mSkipping: (MultiDim_5D_Histo)_(Bayesian)_(SMEAR=Smear)_(Q2_y_Bin_4)_(z_pT_Bin_20)_(MultiDim_Q2_y_z_pT_phi_h)_(Normalized)[0m (Histo Num 53091)
[91mSkipping: (MultiDim_5D_Histo)_(RC_Bayesian)_(SMEAR=Smear)_(Q2_y_Bin_4)_(z_pT_Bin_20)_(MultiDim_Q2_y_z_pT_phi_h)_(Normalized)[0m (Histo Num 53092)
[91mSkipping: (MultiDim_5D_Histo)_(BC_RC_Bayesian)_(SMEAR=Smear)_(Q2_y_Bin_4)_(z_pT_Bin_20)_(MultiDim_Q2_y_z_pT_phi_h)_(Normalized)[0m (Histo Num 53093)
[91mSkipping: (MultiDim_5D_Histo)_(Bayesian)_(SMEAR=Smear)_(Q2_y_Bin_4)_(z_pT_Bin_21)_(MultiDim_Q2_y_z_pT_phi_h)_(Normalized)[0m (Histo Num 53095)
[91mSkipping: (MultiDim_5D_Histo)_(RC_Bayesian)_(SMEAR=Smear)_(Q2_y_Bin_4)_(z_pT_Bin_21)_(MultiDim_Q2_y_z_pT_phi_h)_(Normalized)[0m (Histo Num 53096)
[91mSkipping: (MultiDim_5D_Histo)_(BC_RC_Bayesian)_(SMEAR=Smear)_(Q2_y_Bin_4)_(z_pT_Bin_21)_(MultiDim_Q2_y_z_pT_phi_h)_(Normalized)[0m (Histo Num 53097)
[91mSkipping: (MultiDim_5D_Histo)_(Bayesian)_(SMEAR=Smear)_(Q2_y_Bin_4)_(z_pT_Bin_22)_(MultiDim_Q2_y_z_pT_phi_h)_(Normalized)[0m (Histo Num 53099)
[91mSkipping: (MultiDim_5D_Histo)_(RC_Bayesian)_(SMEAR=Smear)_(Q2_y_Bin_4)_(z_pT_Bin_22)_(MultiDim_Q2_y_z_pT_phi_h)_(Normalized)[0m (Histo Num 53100)
[91mSkipping: (MultiDim_5D_Histo)_(BC_RC_Bayesian)_(SMEAR=Smear)_(Q2_y_Bin_4)_(z_pT_Bin_22)_(MultiDim_Q2_y_z_pT_phi_h)_(Normalized)[0m (Histo Num 53101)
[91mSkipping: (MultiDim_5D_Histo)_(Bayesian)_(SMEAR=Smear)_(Q2_y_Bin_4)_(z_pT_Bin_23)_(MultiDim_Q2_y_z_pT_phi_h)_(Normalized)[0m (Histo Num 53103)
[91mSkipping: (MultiDim_5D_Histo)_(RC_Bayesian)_(SMEAR=Smear)_(Q2_y_Bin_4)_(z_pT_Bin_23)_(MultiDim_Q2_y_z_pT_phi_h)_(Normalized)[0m (Histo Num 53104)
[91mSkipping: (MultiDim_5D_Histo)_(BC_RC_Bayesian)_(SMEAR=Smear)_(Q2_y_Bin_4)_(z_pT_Bin_23)_(MultiDim_Q2_y_z_pT_phi_h)_(Normalized)[0m (Histo Num 53105)
[91mSkipping: (MultiDim_5D_Histo)_(Bayesian)_(SMEAR=Smear)_(Q2_y_Bin_4)_(z_pT_Bin_25)_(MultiDim_Q2_y_z_pT_phi_h)_(Normalized)[0m (Histo Num 53107)
[91mSkipping: (MultiDim_5D_Histo)_(RC_Bayesian)_(SMEAR=Smear)_(Q2_y_Bin_4)_(z_pT_Bin_25)_(MultiDim_Q2_y_z_pT_phi_h)_(Normalized)[0m (Histo Num 53108)
[91mSkipping: (MultiDim_5D_Histo)_(BC_RC_Bayesian)_(SMEAR=Smear)_(Q2_y_Bin_4)_(z_pT_Bin_25)_(MultiDim_Q2_y_z_pT_phi_h)_(Normalized)[0m (Histo Num 53109)
[91mSkipping: (MultiDim_5D_Histo)_(Bayesian)_(SMEAR=Smear)_(Q2_y_Bin_4)_(z_pT_Bin_26)_(MultiDim_Q2_y_z_pT_phi_h)_(Normalized)[0m (Histo Num 53111)
[91mSkipping: (MultiDim_5D_Histo)_(RC_Bayesian)_(SMEAR=Smear)_(Q2_y_Bin_4)_(z_pT_Bin_26)_(MultiDim_Q2_y_z_pT_phi_h)_(Normalized)[0m (Histo Num 53112)
[91mSkipping: (MultiDim_5D_Histo)_(BC_RC_Bayesian)_(SMEAR=Smear)_(Q2_y_Bin_4)_(z_pT_Bin_26)_(MultiDim_Q2_y_z_pT_phi_h)_(Normalized)[0m (Histo Num 53113)
[91mSkipping: (MultiDim_5D_Histo)_(Bayesian)_(SMEAR=Smear)_(Q2_y_Bin_4)_(z_pT_Bin_27)_(MultiDim_Q2_y_z_pT_phi_h)_(Normalized)[0m (Histo Num 53115)
[91mSkipping: (MultiDim_5D_Histo)_(RC_Bayesian)_(SMEAR=Smear)_(Q2_y_Bin_4)_(z_pT_Bin_27)_(MultiDim_Q2_y_z_pT_phi_h)_(Normalized)[0m (Histo Num 53116)
[91mSkipping: (MultiDim_5D_Histo)_(BC_RC_Bayesian)_(SMEAR=Smear)_(Q2_y_Bin_4)_(z_pT_Bin_27)_(MultiDim_Q2_y_z_pT_phi_h)_(Normalized)[0m (Histo Num 53117)
[91mSkipping: (MultiDim_5D_Histo)_(Bayesian)_(SMEAR=Smear)_(Q2_y_Bin_4)_(z_pT_Bin_28)_(MultiDim_Q2_y_z_pT_phi_h)_(Normalized)[0m (Histo Num 53119)
[91mSkipping: (MultiDim_5D_Histo)_(RC_Bayesian)_(SMEAR=Smear)_(Q2_y_Bin_4)_(z_pT_Bin_28)_(MultiDim_Q2_y_z_pT_phi_h)_(Normalized)[0m (Histo Num 53120)
[91mSkipping: (MultiDim_5D_Histo)_(BC_RC_Bayesian)_(SMEAR=Smear)_(Q2_y_Bin_4)_(z_pT_Bin_28)_(MultiDim_Q2_y_z_pT_phi_h)_(Normalized)[0m (Histo Num 53121)
[91mSkipping: (MultiDim_5D_Histo)_(Bayesian)_(SMEAR=Smear)_(Q2_y_Bin_4)_(z_pT_Bin_29)_(MultiDim_Q2_y_z_pT_phi_h)_(Normalized)[0m (Histo Num 53123)
[91mSkipping: (MultiDim_5D_Histo)_(RC_Bayesian)_(SMEAR=Smear)_(Q2_y_Bin_4)_(z_pT_Bin_29)_(MultiDim_Q2_y_z_pT_phi_h)_(Normalized)[0m (Histo Num 53124)
[91mSkipping: (MultiDim_5D_Histo)_(BC_RC_Bayesian)_(SMEAR=Smear)_(Q2_y_Bin_4)_(z_pT_Bin_29)_(MultiDim_Q2_y_z_pT_phi_h)_(Normalized)[0m (Histo Num 53125)
[91mSkipping: (MultiDim_5D_Histo)_(Bayesian)_(SMEAR=Smear)_(Q2_y_Bin_4)_(z_pT_Bin_31)_(MultiDim_Q2_y_z_pT_phi_h)_(Normalized)[0m (Histo Num 53127)
[91mSkipping: (MultiDim_5D_Histo)_(RC_Bayesian)_(SMEAR=Smear)_(Q2_y_Bin_4)_(z_pT_Bin_31)_(MultiDim_Q2_y_z_pT_phi_h)_(Normalized)[0m (Histo Num 53128)
[91mSkipping: (MultiDim_5D_Histo)_(BC_RC_Bayesian)_(SMEAR=Smear)_(Q2_y_Bin_4)_(z_pT_Bin_31)_(MultiDim_Q2_y_z_pT_phi_h)_(Normalized)[0m (Histo Num 53129)
[91mSkipping: (MultiDim_5D_Histo)_(Bayesian)_(SMEAR=Smear)_(Q2_y_Bin_4)_(z_pT_Bin_32)_(MultiDim_Q2_y_z_pT_phi_h)_(Normalized)[0m (Histo Num 53131)
[91mSkipping: (MultiDim_5D_Histo)_(RC_Bayesian)_(SMEAR=Smear)_(Q2_y_Bin_4)_(z_pT_Bin_32)_(MultiDim_Q2_y_z_pT_phi_h)_(Normalized)[0m (Histo Num 53132)
[91mSkipping: (MultiDim_5D_Histo)_(BC_RC_Bayesian)_(SMEAR=Smear)_(Q2_y_Bin_4)_(z_pT_Bin_32)_(MultiDim_Q2_y_z_pT_phi_h)_(Normalized)[0m (Histo Num 53133)
[91mSkipping: (MultiDim_5D_Histo)_(Bayesian)_(SMEAR=Smear)_(Q2_y_Bin_4)_(z_pT_Bin_33)_(MultiDim_Q2_y_z_pT_phi_h)_(Normalized)[0m (Histo Num 53135)
[91mSkipping: (MultiDim_5D_Histo)_(RC_Bayesian)_(SMEAR=Smear)_(Q2_y_Bin_4)_(z_pT_Bin_33)_(MultiDim_Q2_y_z_pT_phi_h)_(Normalized)[0m (Histo Num 53136)
[91mSkipping: (MultiDim_5D_Histo)_(BC_RC_Bayesian)_(SMEAR=Smear)_(Q2_y_Bin_4)_(z_pT_Bin_33)_(MultiDim_Q2_y_z_pT_phi_h)_(Normalized)[0m (Histo Num 53137)
[91mSkipping: (MultiDim_5D_Histo)_(Bayesian)_(SMEAR=Smear)_(Q2_y_Bin_4)_(z_pT_Bin_34)_(MultiDim_Q2_y_z_pT_phi_h)_(Normalized)[0m (Histo Num 53139)
[91mSkipping: (MultiDim_5D_Histo)_(RC_Bayesian)_(SMEAR=Smear)_(Q2_y_Bin_4)_(z_pT_Bin_34)_(MultiDim_Q2_y_z_pT_phi_h)_(Normalized)[0m (Histo Num 53140)
[91mSkipping: (MultiDim_5D_Histo)_(BC_RC_Bayesian)_(SMEAR=Smear)_(Q2_y_Bin_4)_(z_pT_Bin_34)_(MultiDim_Q2_y_z_pT_phi_h)_(Normalized)[0m (Histo Num 53141)
[91mSkipping: (MultiDim_5D_Histo)_(Bayesian)_(SMEAR=Smear)_(Q2_y_Bin_5)_(z_pT_Bin_1)_(MultiDim_Q2_y_z_pT_phi_h)_(Normalized)[0m (Histo Num 53143)
[91mSkipping: (MultiDim_5D_Histo)_(RC_Bayesian)_(SMEAR=Smear)_(Q2_y_Bin_5)_(z_pT_Bin_1)_(MultiDim_Q2_y_z_pT_phi_h)_(Normalized)[0m (Histo Num 53144)
[91mSkipping: (MultiDim_5D_Histo)_(BC_RC_Bayesian)_(SMEAR=Smear)_(Q2_y_Bin_5)_(z_pT_Bin_1)_(MultiDim_Q2_y_z_pT_phi_h)_(Normalized)[0m (Histo Num 53145)
[91mSkipping: (MultiDim_5D_Histo)_(Bayesian)_(SMEAR=Smear)_(Q2_y_Bin_5)_(z_pT_Bin_2)_(MultiDim_Q2_y_z_pT_phi_h)_(Normalized)[0m (Histo Num 53147)
[91mSkipping: (MultiDim_5D_Histo)_(RC_Bayesian)_(SMEAR=Smear)_(Q2_y_Bin_5)_(z_pT_Bin_2)_(MultiDim_Q2_y_z_pT_phi_h)_(Normalized)[0m (Histo Num 53148)
[91mSkipping: (MultiDim_5D_Histo)_(BC_RC_Bayesian)_(SMEAR=Smear)_(Q2_y_Bin_5)_(z_pT_Bin_2)_(MultiDim_Q2_y_z_pT_phi_h)_(Normalized)[0m (Histo Num 53149)
[91mSkipping: (MultiDim_5D_Histo)_(Bayesian)_(SMEAR=Smear)_(Q2_y_Bin_5)_(z_pT_Bin_3)_(MultiDim_Q2_y_z_pT_phi_h)_(Normalized)[0m (Histo Num 53151)
[91mSkipping: (MultiDim_5D_Histo)_(RC_Bayesian)_(SMEAR=Smear)_(Q2_y_Bin_5)_(z_pT_Bin_3)_(MultiDim_Q2_y_z_pT_phi_h)_(Normalized)[0m (Histo Num 53152)
[91mSkipping: (MultiDim_5D_Histo)_(BC_RC_Bayesian)_(SMEAR=Smear)_(Q2_y_Bin_5)_(z_pT_Bin_3)_(MultiDim_Q2_y_z_pT_phi_h)_(Normalized)[0m (Histo Num 53153)
[91mSkipping: (MultiDim_5D_Histo)_(Bayesian)_(SMEAR=Smear)_(Q2_y_Bin_5)_(z_pT_Bin_4)_(MultiDim_Q2_y_z_pT_phi_h)_(Normalized)[0m (Histo Num 53155)
[91mSkipping: (MultiDim_5D_Histo)_(RC_Bayesian)_(SMEAR=Smear)_(Q2_y_Bin_5)_(z_pT_Bin_4)_(MultiDim_Q2_y_z_pT_phi_h)_(Normalized)[0m (Histo Num 53156)
[91mSkipping: (MultiDim_5D_Histo)_(BC_RC_Bayesian)_(SMEAR=Smear)_(Q2_y_Bin_5)_(z_pT_Bin_4)_(MultiDim_Q2_y_z_pT_phi_h)_(Normalized)[0m (Histo Num 53157)
[91mSkipping: (MultiDim_5D_Histo)_(Bayesian)_(SMEAR=Smear)_(Q2_y_Bin_5)_(z_pT_Bin_5)_(MultiDim_Q2_y_z_pT_phi_h)_(Normalized)[0m (Histo Num 53159)
[91mSkipping: (MultiDim_5D_Histo)_(RC_Bayesian)_(SMEAR=Smear)_(Q2_y_Bin_5)_(z_pT_Bin_5)_(MultiDim_Q2_y_z_pT_phi_h)_(Normalized)[0m (Histo Num 53160)
[91mSkipping: (MultiDim_5D_Histo)_(BC_RC_Bayesian)_(SMEAR=Smear)_(Q2_y_Bin_5)_(z_pT_Bin_5)_(MultiDim_Q2_y_z_pT_phi_h)_(Normalized)[0m (Histo Num 53161)
[91mSkipping: (MultiDim_5D_Histo)_(Bayesian)_(SMEAR=Smear)_(Q2_y_Bin_5)_(z_pT_Bin_6)_(MultiDim_Q2_y_z_pT_phi_h)_(Normalized)[0m (Histo Num 53163)
[91mSkipping: (MultiDim_5D_Histo)_(RC_Bayesian)_(SMEAR=Smear)_(Q2_y_Bin_5)_(z_pT_Bin_6)_(MultiDim_Q2_y_z_pT_phi_h)_(Normalized)[0m (Histo Num 53164)
[91mSkipping: (MultiDim_5D_Histo)_(BC_RC_Bayesian)_(SMEAR=Smear)_(Q2_y_Bin_5)_(z_pT_Bin_6)_(MultiDim_Q2_y_z_pT_phi_h)_(Normalized)[0m (Histo Num 53165)
[91mSkipping: (MultiDim_5D_Histo)_(Bayesian)_(SMEAR=Smear)_(Q2_y_Bin_5)_(z_pT_Bin_7)_(MultiDim_Q2_y_z_pT_phi_h)_(Normalized)[0m (Histo Num 53167)
[91mSkipping: (MultiDim_5D_Histo)_(RC_Bayesian)_(SMEAR=Smear)_(Q2_y_Bin_5)_(z_pT_Bin_7)_(MultiDim_Q2_y_z_pT_phi_h)_(Normalized)[0m (Histo Num 53168)
[91mSkipping: (MultiDim_5D_Histo)_(BC_RC_Bayesian)_(SMEAR=Smear)_(Q2_y_Bin_5)_(z_pT_Bin_7)_(MultiDim_Q2_y_z_pT_phi_h)_(Normalized)[0m (Histo Num 53169)
[91mSkipping: (MultiDim_5D_Histo)_(Bayesian)_(SMEAR=Smear)_(Q2_y_Bin_5)_(z_pT_Bin_8)_(MultiDim_Q2_y_z_pT_phi_h)_(Normalized)[0m (Histo Num 53171)
[91mSkipping: (MultiDim_5D_Histo)_(RC_Bayesian)_(SMEAR=Smear)_(Q2_y_Bin_5)_(z_pT_Bin_8)_(MultiDim_Q2_y_z_pT_phi_h)_(Normalized)[0m (Histo Num 53172)
[91mSkipping: (MultiDim_5D_Histo)_(BC_RC_Bayesian)_(SMEAR=Smear)_(Q2_y_Bin_5)_(z_pT_Bin_8)_(MultiDim_Q2_y_z_pT_phi_h)_(Normalized)[0m (Histo Num 53173)
[91mSkipping: (MultiDim_5D_Histo)_(Bayesian)_(SMEAR=Smear)_(Q2_y_Bin_5)_(z_pT_Bin_9)_(MultiDim_Q2_y_z_pT_phi_h)_(Normalized)[0m (Histo Num 53175)
[91mSkipping: (MultiDim_5D_Histo)_(RC_Bayesian)_(SMEAR=Smear)_(Q2_y_Bin_5)_(z_pT_Bin_9)_(MultiDim_Q2_y_z_pT_phi_h)_(Normalized)[0m (Histo Num 53176)
[91mSkipping: (MultiDim_5D_Histo)_(BC_RC_Bayesian)_(SMEAR=Smear)_(Q2_y_Bin_5)_(z_pT_Bin_9)_(MultiDim_Q2_y_z_pT_phi_h)_(Normalized)[0m (Histo Num 53177)
[91mSkipping: (MultiDim_5D_Histo)_(Bayesian)_(SMEAR=Smear)_(Q2_y_Bin_5)_(z_pT_Bin_10)_(MultiDim_Q2_y_z_pT_phi_h)_(Normalized)[0m (Histo Num 53179)
[91mSkipping: (MultiDim_5D_Histo)_(RC_Bayesian)_(SMEAR=Smear)_(Q2_y_Bin_5)_(z_pT_Bin_10)_(MultiDim_Q2_y_z_pT_phi_h)_(Normalized)[0m (Histo Num 53180)
[91mSkipping: (MultiDim_5D_Histo)_(BC_RC_Bayesian)_(SMEAR=Smear)_(Q2_y_Bin_5)_(z_pT_Bin_10)_(MultiDim_Q2_y_z_pT_phi_h)_(Normalized)[0m (Histo Num 53181)
[91mSkipping: (MultiDim_5D_Histo)_(Bayesian)_(SMEAR=Smear)_(Q2_y_Bin_5)_(z_pT_Bin_11)_(MultiDim_Q2_y_z_pT_phi_h)_(Normalized)[0m (Histo Num 53183)
[91mSkipping: (MultiDim_5D_Histo)_(RC_Bayesian)_(SMEAR=Smear)_(Q2_y_Bin_5)_(z_pT_Bin_11)_(MultiDim_Q2_y_z_pT_phi_h)_(Normalized)[0m (Histo Num 53184)
[91mSkipping: (MultiDim_5D_Histo)_(BC_RC_Bayesian)_(SMEAR=Smear)_(Q2_y_Bin_5)_(z_pT_Bin_11)_(MultiDim_Q2_y_z_pT_phi_h)_(Normalized)[0m (Histo Num 53185)
[91mSkipping: (MultiDim_5D_Histo)_(Bayesian)_(SMEAR=Smear)_(Q2_y_Bin_5)_(z_pT_Bin_12)_(MultiDim_Q2_y_z_pT_phi_h)_(Normalized)[0m (Histo Num 53187)
[91mSkipping: (MultiDim_5D_Histo)_(RC_Bayesian)_(SMEAR=Smear)_(Q2_y_Bin_5)_(z_pT_Bin_12)_(MultiDim_Q2_y_z_pT_phi_h)_(Normalized)[0m (Histo Num 53188)
[91mSkipping: (MultiDim_5D_Histo)_(BC_RC_Bayesian)_(SMEAR=Smear)_(Q2_y_Bin_5)_(z_pT_Bin_12)_(MultiDim_Q2_y_z_pT_phi_h)_(Normalized)[0m (Histo Num 53189)
[91mSkipping: (MultiDim_5D_Histo)_(Bayesian)_(SMEAR=Smear)_(Q2_y_Bin_5)_(z_pT_Bin_13)_(MultiDim_Q2_y_z_pT_phi_h)_(Normalized)[0m (Histo Num 53191)
[91mSkipping: (MultiDim_5D_Histo)_(RC_Bayesian)_(SMEAR=Smear)_(Q2_y_Bin_5)_(z_pT_Bin_13)_(MultiDim_Q2_y_z_pT_phi_h)_(Normalized)[0m (Histo Num 53192)
[91mSkipping: (MultiDim_5D_Histo)_(BC_RC_Bayesian)_(SMEAR=Smear)_(Q2_y_Bin_5)_(z_pT_Bin_13)_(MultiDim_Q2_y_z_pT_phi_h)_(Normalized)[0m (Histo Num 53193)
[91mSkipping: (MultiDim_5D_Histo)_(Bayesian)_(SMEAR=Smear)_(Q2_y_Bin_5)_(z_pT_Bin_14)_(MultiDim_Q2_y_z_pT_phi_h)_(Normalized)[0m (Histo Num 53195)
[91mSkipping: (MultiDim_5D_Histo)_(RC_Bayesian)_(SMEAR=Smear)_(Q2_y_Bin_5)_(z_pT_Bin_14)_(MultiDim_Q2_y_z_pT_phi_h)_(Normalized)[0m (Histo Num 53196)
[91mSkipping: (MultiDim_5D_Histo)_(BC_RC_Bayesian)_(SMEAR=Smear)_(Q2_y_Bin_5)_(z_pT_Bin_14)_(MultiDim_Q2_y_z_pT_phi_h)_(Normalized)[0m (Histo Num 53197)
[91mSkipping: (MultiDim_5D_Histo)_(Bayesian)_(SMEAR=Smear)_(Q2_y_Bin_5)_(z_pT_Bin_15)_(MultiDim_Q2_y_z_pT_phi_h)_(Normalized)[0m (Histo Num 53199)
[91mSkipping: (MultiDim_5D_Histo)_(RC_Bayesian)_(SMEAR=Smear)_(Q2_y_Bin_5)_(z_pT_Bin_15)_(MultiDim_Q2_y_z_pT_phi_h)_(Normalized)[0m (Histo Num 53200)
[91mSkipping: (MultiDim_5D_Histo)_(BC_RC_Bayesian)_(SMEAR=Smear)_(Q2_y_Bin_5)_(z_pT_Bin_15)_(MultiDim_Q2_y_z_pT_phi_h)_(Normalized)[0m (Histo Num 53201)
[91mSkipping: (MultiDim_5D_Histo)_(Bayesian)_(SMEAR=Smear)_(Q2_y_Bin_5)_(z_pT_Bin_16)_(MultiDim_Q2_y_z_pT_phi_h)_(Normalized)[0m (Histo Num 53203)
[91mSkipping: (MultiDim_5D_Histo)_(RC_Bayesian)_(SMEAR=Smear)_(Q2_y_Bin_5)_(z_pT_Bin_16)_(MultiDim_Q2_y_z_pT_phi_h)_(Normalized)[0m (Histo Num 53204)
[91mSkipping: (MultiDim_5D_Histo)_(BC_RC_Bayesian)_(SMEAR=Smear)_(Q2_y_Bin_5)_(z_pT_Bin_16)_(MultiDim_Q2_y_z_pT_phi_h)_(Normalized)[0m (Histo Num 53205)
[91mSkipping: (MultiDim_5D_Histo)_(Bayesian)_(SMEAR=Smear)_(Q2_y_Bin_5)_(z_pT_Bin_17)_(MultiDim_Q2_y_z_pT_phi_h)_(Normalized)[0m (Histo Num 53207)
[91mSkipping: (MultiDim_5D_Histo)_(RC_Bayesian)_(SMEAR=Smear)_(Q2_y_Bin_5)_(z_pT_Bin_17)_(MultiDim_Q2_y_z_pT_phi_h)_(Normalized)[0m (Histo Num 53208)
[91mSkipping: (MultiDim_5D_Histo)_(BC_RC_Bayesian)_(SMEAR=Smear)_(Q2_y_Bin_5)_(z_pT_Bin_17)_(MultiDim_Q2_y_z_pT_phi_h)_(Normalized)[0m (Histo Num 53209)
[91mSkipping: (MultiDim_5D_Histo)_(Bayesian)_(SMEAR=Smear)_(Q2_y_Bin_5)_(z_pT_Bin_18)_(MultiDim_Q2_y_z_pT_phi_h)_(Normalized)[0m (Histo Num 53211)
[91mSkipping: (MultiDim_5D_Histo)_(RC_Bayesian)_(SMEAR=Smear)_(Q2_y_Bin_5)_(z_pT_Bin_18)_(MultiDim_Q2_y_z_pT_phi_h)_(Normalized)[0m (Histo Num 53212)
[91mSkipping: (MultiDim_5D_Histo)_(BC_RC_Bayesian)_(SMEAR=Smear)_(Q2_y_Bin_5)_(z_pT_Bin_18)_(MultiDim_Q2_y_z_pT_phi_h)_(Normalized)[0m (Histo Num 53213)
[91mSkipping: (MultiDim_5D_Histo)_(Bayesian)_(SMEAR=Smear)_(Q2_y_Bin_5)_(z_pT_Bin_19)_(MultiDim_Q2_y_z_pT_phi_h)_(Normalized)[0m (Histo Num 53215)
[91mSkipping: (MultiDim_5D_Histo)_(RC_Bayesian)_(SMEAR=Smear)_(Q2_y_Bin_5)_(z_pT_Bin_19)_(MultiDim_Q2_y_z_pT_phi_h)_(Normalized)[0m (Histo Num 53216)
[91mSkipping: (MultiDim_5D_Histo)_(BC_RC_Bayesian)_(SMEAR=Smear)_(Q2_y_Bin_5)_(z_pT_Bin_19)_(MultiDim_Q2_y_z_pT_phi_h)_(Normalized)[0m (Histo Num 53217)
[91mSkipping: (MultiDim_5D_Histo)_(Bayesian)_(SMEAR=Smear)_(Q2_y_Bin_5)_(z_pT_Bin_20)_(MultiDim_Q2_y_z_pT_phi_h)_(Normalized)[0m (Histo Num 53219)
[91mSkipping: (MultiDim_5D_Histo)_(RC_Bayesian)_(SMEAR=Smear)_(Q2_y_Bin_5)_(z_pT_Bin_20)_(MultiDim_Q2_y_z_pT_phi_h)_(Normalized)[0m (Histo Num 53220)
[91mSkipping: (MultiDim_5D_Histo)_(BC_RC_Bayesian)_(SMEAR=Smear)_(Q2_y_Bin_5)_(z_pT_Bin_20)_(MultiDim_Q2_y_z_pT_phi_h)_(Normalized)[0m (Histo Num 53221)
[91mSkipping: (MultiDim_5D_Histo)_(Bayesian)_(SMEAR=Smear)_(Q2_y_Bin_5)_(z_pT_Bin_21)_(MultiDim_Q2_y_z_pT_phi_h)_(Normalized)[0m (Histo Num 53223)
[91mSkipping: (MultiDim_5D_Histo)_(RC_Bayesian)_(SMEAR=Smear)_(Q2_y_Bin_5)_(z_pT_Bin_21)_(MultiDim_Q2_y_z_pT_phi_h)_(Normalized)[0m (Histo Num 53224)
[91mSkipping: (MultiDim_5D_Histo)_(BC_RC_Bayesian)_(SMEAR=Smear)_(Q2_y_Bin_5)_(z_pT_Bin_21)_(MultiDim_Q2_y_z_pT_phi_h)_(Normalized)[0m (Histo Num 53225)
[91mSkipping: (MultiDim_5D_Histo)_(Bayesian)_(SMEAR=Smear)_(Q2_y_Bin_5)_(z_pT_Bin_22)_(MultiDim_Q2_y_z_pT_phi_h)_(Normalized)[0m (Histo Num 53227)
[91mSkipping: (MultiDim_5D_Histo)_(RC_Bayesian)_(SMEAR=Smear)_(Q2_y_Bin_5)_(z_pT_Bin_22)_(MultiDim_Q2_y_z_pT_phi_h)_(Normalized)[0m (Histo Num 53228)
[91mSkipping: (MultiDim_5D_Histo)_(BC_RC_Bayesian)_(SMEAR=Smear)_(Q2_y_Bin_5)_(z_pT_Bin_22)_(MultiDim_Q2_y_z_pT_phi_h)_(Normalized)[0m (Histo Num 53229)
[91mSkipping: (MultiDim_5D_Histo)_(Bayesian)_(SMEAR=Smear)_(Q2_y_Bin_5)_(z_pT_Bin_23)_(MultiDim_Q2_y_z_pT_phi_h)_(Normalized)[0m (Histo Num 53231)
[91mSkipping: (MultiDim_5D_Histo)_(RC_Bayesian)_(SMEAR=Smear)_(Q2_y_Bin_5)_(z_pT_Bin_23)_(MultiDim_Q2_y_z_pT_phi_h)_(Normalized)[0m (Histo Num 53232)
[91mSkipping: (MultiDim_5D_Histo)_(BC_RC_Bayesian)_(SMEAR=Smear)_(Q2_y_Bin_5)_(z_pT_Bin_23)_(MultiDim_Q2_y_z_pT_phi_h)_(Normalized)[0m (Histo Num 53233)
[91mSkipping: (MultiDim_5D_Histo)_(Bayesian)_(SMEAR=Smear)_(Q2_y_Bin_5)_(z_pT_Bin_25)_(MultiDim_Q2_y_z_pT_phi_h)_(Normalized)[0m (Histo Num 53235)
[91mSkipping: (MultiDim_5D_Histo)_(RC_Bayesian)_(SMEAR=Smear)_(Q2_y_Bin_5)_(z_pT_Bin_25)_(MultiDim_Q2_y_z_pT_phi_h)_(Normalized)[0m (Histo Num 53236)
[91mSkipping: (MultiDim_5D_Histo)_(BC_RC_Bayesian)_(SMEAR=Smear)_(Q2_y_Bin_5)_(z_pT_Bin_25)_(MultiDim_Q2_y_z_pT_phi_h)_(Normalized)[0m (Histo Num 53237)
[91mSkipping: (MultiDim_5D_Histo)_(Bayesian)_(SMEAR=Smear)_(Q2_y_Bin_5)_(z_pT_Bin_26)_(MultiDim_Q2_y_z_pT_phi_h)_(Normalized)[0m (Histo Num 53239)
[91mSkipping: (MultiDim_5D_Histo)_(RC_Bayesian)_(SMEAR=Smear)_(Q2_y_Bin_5)_(z_pT_Bin_26)_(MultiDim_Q2_y_z_pT_phi_h)_(Normalized)[0m (Histo Num 53240)
[91mSkipping: (MultiDim_5D_Histo)_(BC_RC_Bayesian)_(SMEAR=Smear)_(Q2_y_Bin_5)_(z_pT_Bin_26)_(MultiDim_Q2_y_z_pT_phi_h)_(Normalized)[0m (Histo Num 53241)
[91mSkipping: (MultiDim_5D_Histo)_(Bayesian)_(SMEAR=Smear)_(Q2_y_Bin_5)_(z_pT_Bin_27)_(MultiDim_Q2_y_z_pT_phi_h)_(Normalized)[0m (Histo Num 53243)
[91mSkipping: (MultiDim_5D_Histo)_(RC_Bayesian)_(SMEAR=Smear)_(Q2_y_Bin_5)_(z_pT_Bin_27)_(MultiDim_Q2_y_z_pT_phi_h)_(Normalized)[0m (Histo Num 53244)
[91mSkipping: (MultiDim_5D_Histo)_(BC_RC_Bayesian)_(SMEAR=Smear)_(Q2_y_Bin_5)_(z_pT_Bin_27)_(MultiDim_Q2_y_z_pT_phi_h)_(Normalized)[0m (Histo Num 53245)
[91mSkipping: (MultiDim_5D_Histo)_(Bayesian)_(SMEAR=Smear)_(Q2_y_Bin_5)_(z_pT_Bin_28)_(MultiDim_Q2_y_z_pT_phi_h)_(Normalized)[0m (Histo Num 53247)
[91mSkipping: (MultiDim_5D_Histo)_(RC_Bayesian)_(SMEAR=Smear)_(Q2_y_Bin_5)_(z_pT_Bin_28)_(MultiDim_Q2_y_z_pT_phi_h)_(Normalized)[0m (Histo Num 53248)
[91mSkipping: (MultiDim_5D_Histo)_(BC_RC_Bayesian)_(SMEAR=Smear)_(Q2_y_Bin_5)_(z_pT_Bin_28)_(MultiDim_Q2_y_z_pT_phi_h)_(Normalized)[0m (Histo Num 53249)
[91mSkipping: (MultiDim_5D_Histo)_(Bayesian)_(SMEAR=Smear)_(Q2_y_Bin_5)_(z_pT_Bin_29)_(MultiDim_Q2_y_z_pT_phi_h)_(Normalized)[0m (Histo Num 53251)
[91mSkipping: (MultiDim_5D_Histo)_(RC_Bayesian)_(SMEAR=Smear)_(Q2_y_Bin_5)_(z_pT_Bin_29)_(MultiDim_Q2_y_z_pT_phi_h)_(Normalized)[0m (Histo Num 53252)
[91mSkipping: (MultiDim_5D_Histo)_(BC_RC_Bayesian)_(SMEAR=Smear)_(Q2_y_Bin_5)_(z_pT_Bin_29)_(MultiDim_Q2_y_z_pT_phi_h)_(Normalized)[0m (Histo Num 53253)
[91mSkipping: (MultiDim_5D_Histo)_(Bayesian)_(SMEAR=Smear)_(Q2_y_Bin_5)_(z_pT_Bin_31)_(MultiDim_Q2_y_z_pT_phi_h)_(Normalized)[0m (Histo Num 53255)
[91mSkipping: (MultiDim_5D_Histo)_(RC_Bayesian)_(SMEAR=Smear)_(Q2_y_Bin_5)_(z_pT_Bin_31)_(MultiDim_Q2_y_z_pT_phi_h)_(Normalized)[0m (Histo Num 53256)
[91mSkipping: (MultiDim_5D_Histo)_(BC_RC_Bayesian)_(SMEAR=Smear)_(Q2_y_Bin_5)_(z_pT_Bin_31)_(MultiDim_Q2_y_z_pT_phi_h)_(Normalized)[0m (Histo Num 53257)
[91mSkipping: (MultiDim_5D_Histo)_(Bayesian)_(SMEAR=Smear)_(Q2_y_Bin_5)_(z_pT_Bin_32)_(MultiDim_Q2_y_z_pT_phi_h)_(Normalized)[0m (Histo Num 53259)
[91mSkipping: (MultiDim_5D_Histo)_(RC_Bayesian)_(SMEAR=Smear)_(Q2_y_Bin_5)_(z_pT_Bin_32)_(MultiDim_Q2_y_z_pT_phi_h)_(Normalized)[0m (Histo Num 53260)
[91mSkipping: (MultiDim_5D_Histo)_(BC_RC_Bayesian)_(SMEAR=Smear)_(Q2_y_Bin_5)_(z_pT_Bin_32)_(MultiDim_Q2_y_z_pT_phi_h)_(Normalized)[0m (Histo Num 53261)
[91mSkipping: (MultiDim_5D_Histo)_(Bayesian)_(SMEAR=Smear)_(Q2_y_Bin_5)_(z_pT_Bin_33)_(MultiDim_Q2_y_z_pT_phi_h)_(Normalized)[0m (Histo Num 53263)
[91mSkipping: (MultiDim_5D_Histo)_(RC_Bayesian)_(SMEAR=Smear)_(Q2_y_Bin_5)_(z_pT_Bin_33)_(MultiDim_Q2_y_z_pT_phi_h)_(Normalized)[0m (Histo Num 53264)
[91mSkipping: (MultiDim_5D_Histo)_(BC_RC_Bayesian)_(SMEAR=Smear)_(Q2_y_Bin_5)_(z_pT_Bin_33)_(MultiDim_Q2_y_z_pT_phi_h)_(Normalized)[0m (Histo Num 53265)
[91mSkipping: (MultiDim_5D_Histo)_(Bayesian)_(SMEAR=Smear)_(Q2_y_Bin_5)_(z_pT_Bin_34)_(MultiDim_Q2_y_z_pT_phi_h)_(Normalized)[0m (Histo Num 53267)
[91mSkipping: (MultiDim_5D_Histo)_(RC_Bayesian)_(SMEAR=Smear)_(Q2_y_Bin_5)_(z_pT_Bin_34)_(MultiDim_Q2_y_z_pT_phi_h)_(Normalized)[0m (Histo Num 53268)
[91mSkipping: (MultiDim_5D_Histo)_(BC_RC_Bayesian)_(SMEAR=Smear)_(Q2_y_Bin_5)_(z_pT_Bin_34)_(MultiDim_Q2_y_z_pT_phi_h)_(Normalized)[0m (Histo Num 53269)
[91mSkipping: (MultiDim_5D_Histo)_(Bayesian)_(SMEAR=Smear)_(Q2_y_Bin_6)_(z_pT_Bin_1)_(MultiDim_Q2_y_z_pT_phi_h)_(Normalized)[0m (Histo Num 53271)
[91mSkipping: (MultiDim_5D_Histo)_(RC_Bayesian)_(SMEAR=Smear)_(Q2_y_Bin_6)_(z_pT_Bin_1)_(MultiDim_Q2_y_z_pT_phi_h)_(Normalized)[0m (Histo Num 53272)
[91mSkipping: (MultiDim_5D_Histo)_(BC_RC_Bayesian)_(SMEAR=Smear)_(Q2_y_Bin_6)_(z_pT_Bin_1)_(MultiDim_Q2_y_z_pT_phi_h)_(Normalized)[0m (Histo Num 53273)
[91mSkipping: (MultiDim_5D_Histo)_(Bayesian)_(SMEAR=Smear)_(Q2_y_Bin_6)_(z_pT_Bin_2)_(MultiDim_Q2_y_z_pT_phi_h)_(Normalized)[0m (Histo Num 53275)
[91mSkipping: (MultiDim_5D_Histo)_(RC_Bayesian)_(SMEAR=Smear)_(Q2_y_Bin_6)_(z_pT_Bin_2)_(MultiDim_Q2_y_z_pT_phi_h)_(Normalized)[0m (Histo Num 53276)
[91mSkipping: (MultiDim_5D_Histo)_(BC_RC_Bayesian)_(SMEAR=Smear)_(Q2_y_Bin_6)_(z_pT_Bin_2)_(MultiDim_Q2_y_z_pT_phi_h)_(Normalized)[0m (Histo Num 53277)
[91mSkipping: (MultiDim_5D_Histo)_(Bayesian)_(SMEAR=Smear)_(Q2_y_Bin_6)_(z_pT_Bin_3)_(MultiDim_Q2_y_z_pT_phi_h)_(Normalized)[0m (Histo Num 53279)
[91mSkipping: (MultiDim_5D_Histo)_(RC_Bayesian)_(SMEAR=Smear)_(Q2_y_Bin_6)_(z_pT_Bin_3)_(MultiDim_Q2_y_z_pT_phi_h)_(Normalized)[0m (Histo Num 53280)
[91mSkipping: (MultiDim_5D_Histo)_(BC_RC_Bayesian)_(SMEAR=Smear)_(Q2_y_Bin_6)_(z_pT_Bin_3)_(MultiDim_Q2_y_z_pT_phi_h)_(Normalized)[0m (Histo Num 53281)
[91mSkipping: (MultiDim_5D_Histo)_(Bayesian)_(SMEAR=Smear)_(Q2_y_Bin_6)_(z_pT_Bin_4)_(MultiDim_Q2_y_z_pT_phi_h)_(Normalized)[0m (Histo Num 53283)
[91mSkipping: (MultiDim_5D_Histo)_(RC_Bayesian)_(SMEAR=Smear)_(Q2_y_Bin_6)_(z_pT_Bin_4)_(MultiDim_Q2_y_z_pT_phi_h)_(Normalized)[0m (Histo Num 53284)
[91mSkipping: (MultiDim_5D_Histo)_(BC_RC_Bayesian)_(SMEAR=Smear)_(Q2_y_Bin_6)_(z_pT_Bin_4)_(MultiDim_Q2_y_z_pT_phi_h)_(Normalized)[0m (Histo Num 53285)
[91mSkipping: (MultiDim_5D_Histo)_(Bayesian)_(SMEAR=Smear)_(Q2_y_Bin_6)_(z_pT_Bin_5)_(MultiDim_Q2_y_z_pT_phi_h)_(Normalized)[0m (Histo Num 53287)
[91mSkipping: (MultiDim_5D_Histo)_(RC_Bayesian)_(SMEAR=Smear)_(Q2_y_Bin_6)_(z_pT_Bin_5)_(MultiDim_Q2_y_z_pT_phi_h)_(Normalized)[0m (Histo Num 53288)
[91mSkipping: (MultiDim_5D_Histo)_(BC_RC_Bayesian)_(SMEAR=Smear)_(Q2_y_Bin_6)_(z_pT_Bin_5)_(MultiDim_Q2_y_z_pT_phi_h)_(Normalized)[0m (Histo Num 53289)
[91mSkipping: (MultiDim_5D_Histo)_(Bayesian)_(SMEAR=Smear)_(Q2_y_Bin_6)_(z_pT_Bin_6)_(MultiDim_Q2_y_z_pT_phi_h)_(Normalized)[0m (Histo Num 53291)
[91mSkipping: (MultiDim_5D_Histo)_(RC_Bayesian)_(SMEAR=Smear)_(Q2_y_Bin_6)_(z_pT_Bin_6)_(MultiDim_Q2_y_z_pT_phi_h)_(Normalized)[0m (Histo Num 53292)
[91mSkipping: (MultiDim_5D_Histo)_(BC_RC_Bayesian)_(SMEAR=Smear)_(Q2_y_Bin_6)_(z_pT_Bin_6)_(MultiDim_Q2_y_z_pT_phi_h)_(Normalized)[0m (Histo Num 53293)
[91mSkipping: (MultiDim_5D_Histo)_(Bayesian)_(SMEAR=Smear)_(Q2_y_Bin_6)_(z_pT_Bin_7)_(MultiDim_Q2_y_z_pT_phi_h)_(Normalized)[0m (Histo Num 53295)
[91mSkipping: (MultiDim_5D_Histo)_(RC_Bayesian)_(SMEAR=Smear)_(Q2_y_Bin_6)_(z_pT_Bin_7)_(MultiDim_Q2_y_z_pT_phi_h)_(Normalized)[0m (Histo Num 53296)
[91mSkipping: (MultiDim_5D_Histo)_(BC_RC_Bayesian)_(SMEAR=Smear)_(Q2_y_Bin_6)_(z_pT_Bin_7)_(MultiDim_Q2_y_z_pT_phi_h)_(Normalized)[0m (Histo Num 53297)
[91mSkipping: (MultiDim_5D_Histo)_(Bayesian)_(SMEAR=Smear)_(Q2_y_Bin_6)_(z_pT_Bin_8)_(MultiDim_Q2_y_z_pT_phi_h)_(Normalized)[0m (Histo Num 53299)
[91mSkipping: (MultiDim_5D_Histo)_(RC_Bayesian)_(SMEAR=Smear)_(Q2_y_Bin_6)_(z_pT_Bin_8)_(MultiDim_Q2_y_z_pT_phi_h)_(Normalized)[0m (Histo Num 53300)
[91mSkipping: (MultiDim_5D_Histo)_(BC_RC_Bayesian)_(SMEAR=Smear)_(Q2_y_Bin_6)_(z_pT_Bin_8)_(MultiDim_Q2_y_z_pT_phi_h)_(Normalized)[0m (Histo Num 53301)
[91mSkipping: (MultiDim_5D_Histo)_(Bayesian)_(SMEAR=Smear)_(Q2_y_Bin_6)_(z_pT_Bin_9)_(MultiDim_Q2_y_z_pT_phi_h)_(Normalized)[0m (Histo Num 53303)
[91mSkipping: (MultiDim_5D_Histo)_(RC_Bayesian)_(SMEAR=Smear)_(Q2_y_Bin_6)_(z_pT_Bin_9)_(MultiDim_Q2_y_z_pT_phi_h)_(Normalized)[0m (Histo Num 53304)
[91mSkipping: (MultiDim_5D_Histo)_(BC_RC_Bayesian)_(SMEAR=Smear)_(Q2_y_Bin_6)_(z_pT_Bin_9)_(MultiDim_Q2_y_z_pT_phi_h)_(Normalized)[0m (Histo Num 53305)
[91mSkipping: (MultiDim_5D_Histo)_(Bayesian)_(SMEAR=Smear)_(Q2_y_Bin_6)_(z_pT_Bin_10)_(MultiDim_Q2_y_z_pT_phi_h)_(Normalized)[0m (Histo Num 53307)
[91mSkipping: (MultiDim_5D_Histo)_(RC_Bayesian)_(SMEAR=Smear)_(Q2_y_Bin_6)_(z_pT_Bin_10)_(MultiDim_Q2_y_z_pT_phi_h)_(Normalized)[0m (Histo Num 53308)
[91mSkipping: (MultiDim_5D_Histo)_(BC_RC_Bayesian)_(SMEAR=Smear)_(Q2_y_Bin_6)_(z_pT_Bin_10)_(MultiDim_Q2_y_z_pT_phi_h)_(Normalized)[0m (Histo Num 53309)
[91mSkipping: (MultiDim_5D_Histo)_(Bayesian)_(SMEAR=Smear)_(Q2_y_Bin_6)_(z_pT_Bin_11)_(MultiDim_Q2_y_z_pT_phi_h)_(Normalized)[0m (Histo Num 53311)
[91mSkipping: (MultiDim_5D_Histo)_(RC_Bayesian)_(SMEAR=Smear)_(Q2_y_Bin_6)_(z_pT_Bin_11)_(MultiDim_Q2_y_z_pT_phi_h)_(Normalized)[0m (Histo Num 53312)
[91mSkipping: (MultiDim_5D_Histo)_(BC_RC_Bayesian)_(SMEAR=Smear)_(Q2_y_Bin_6)_(z_pT_Bin_11)_(MultiDim_Q2_y_z_pT_phi_h)_(Normalized)[0m (Histo Num 53313)
[91mSkipping: (MultiDim_5D_Histo)_(Bayesian)_(SMEAR=Smear)_(Q2_y_Bin_6)_(z_pT_Bin_12)_(MultiDim_Q2_y_z_pT_phi_h)_(Normalized)[0m (Histo Num 53315)
[91mSkipping: (MultiDim_5D_Histo)_(RC_Bayesian)_(SMEAR=Smear)_(Q2_y_Bin_6)_(z_pT_Bin_12)_(MultiDim_Q2_y_z_pT_phi_h)_(Normalized)[0m (Histo Num 53316)
[91mSkipping: (MultiDim_5D_Histo)_(BC_RC_Bayesian)_(SMEAR=Smear)_(Q2_y_Bin_6)_(z_pT_Bin_12)_(MultiDim_Q2_y_z_pT_phi_h)_(Normalized)[0m (Histo Num 53317)
[91mSkipping: (MultiDim_5D_Histo)_(Bayesian)_(SMEAR=Smear)_(Q2_y_Bin_6)_(z_pT_Bin_13)_(MultiDim_Q2_y_z_pT_phi_h)_(Normalized)[0m (Histo Num 53319)
[91mSkipping: (MultiDim_5D_Histo)_(RC_Bayesian)_(SMEAR=Smear)_(Q2_y_Bin_6)_(z_pT_Bin_13)_(MultiDim_Q2_y_z_pT_phi_h)_(Normalized)[0m (Histo Num 53320)
[91mSkipping: (MultiDim_5D_Histo)_(BC_RC_Bayesian)_(SMEAR=Smear)_(Q2_y_Bin_6)_(z_pT_Bin_13)_(MultiDim_Q2_y_z_pT_phi_h)_(Normalized)[0m (Histo Num 53321)
[91mSkipping: (MultiDim_5D_Histo)_(Bayesian)_(SMEAR=Smear)_(Q2_y_Bin_6)_(z_pT_Bin_14)_(MultiDim_Q2_y_z_pT_phi_h)_(Normalized)[0m (Histo Num 53323)
[91mSkipping: (MultiDim_5D_Histo)_(RC_Bayesian)_(SMEAR=Smear)_(Q2_y_Bin_6)_(z_pT_Bin_14)_(MultiDim_Q2_y_z_pT_phi_h)_(Normalized)[0m (Histo Num 53324)
[91mSkipping: (MultiDim_5D_Histo)_(BC_RC_Bayesian)_(SMEAR=Smear)_(Q2_y_Bin_6)_(z_pT_Bin_14)_(MultiDim_Q2_y_z_pT_phi_h)_(Normalized)[0m (Histo Num 53325)
[91mSkipping: (MultiDim_5D_Histo)_(Bayesian)_(SMEAR=Smear)_(Q2_y_Bin_6)_(z_pT_Bin_15)_(MultiDim_Q2_y_z_pT_phi_h)_(Normalized)[0m (Histo Num 53327)
[91mSkipping: (MultiDim_5D_Histo)_(RC_Bayesian)_(SMEAR=Smear)_(Q2_y_Bin_6)_(z_pT_Bin_15)_(MultiDim_Q2_y_z_pT_phi_h)_(Normalized)[0m (Histo Num 53328)
[91mSkipping: (MultiDim_5D_Histo)_(BC_RC_Bayesian)_(SMEAR=Smear)_(Q2_y_Bin_6)_(z_pT_Bin_15)_(MultiDim_Q2_y_z_pT_phi_h)_(Normalized)[0m (Histo Num 53329)
[91mSkipping: (MultiDim_5D_Histo)_(Bayesian)_(SMEAR=Smear)_(Q2_y_Bin_6)_(z_pT_Bin_16)_(MultiDim_Q2_y_z_pT_phi_h)_(Normalized)[0m (Histo Num 53331)
[91mSkipping: (MultiDim_5D_Histo)_(RC_Bayesian)_(SMEAR=Smear)_(Q2_y_Bin_6)_(z_pT_Bin_16)_(MultiDim_Q2_y_z_pT_phi_h)_(Normalized)[0m (Histo Num 53332)
[91mSkipping: (MultiDim_5D_Histo)_(BC_RC_Bayesian)_(SMEAR=Smear)_(Q2_y_Bin_6)_(z_pT_Bin_16)_(MultiDim_Q2_y_z_pT_phi_h)_(Normalized)[0m (Histo Num 53333)
[91mSkipping: (MultiDim_5D_Histo)_(Bayesian)_(SMEAR=Smear)_(Q2_y_Bin_6)_(z_pT_Bin_17)_(MultiDim_Q2_y_z_pT_phi_h)_(Normalized)[0m (Histo Num 53335)
[91mSkipping: (MultiDim_5D_Histo)_(RC_Bayesian)_(SMEAR=Smear)_(Q2_y_Bin_6)_(z_pT_Bin_17)_(MultiDim_Q2_y_z_pT_phi_h)_(Normalized)[0m (Histo Num 53336)
[91mSkipping: (MultiDim_5D_Histo)_(BC_RC_Bayesian)_(SMEAR=Smear)_(Q2_y_Bin_6)_(z_pT_Bin_17)_(MultiDim_Q2_y_z_pT_phi_h)_(Normalized)[0m (Histo Num 53337)
[91mSkipping: (MultiDim_5D_Histo)_(Bayesian)_(SMEAR=Smear)_(Q2_y_Bin_6)_(z_pT_Bin_19)_(MultiDim_Q2_y_z_pT_phi_h)_(Normalized)[0m (Histo Num 53339)
[91mSkipping: (MultiDim_5D_Histo)_(RC_Bayesian)_(SMEAR=Smear)_(Q2_y_Bin_6)_(z_pT_Bin_19)_(MultiDim_Q2_y_z_pT_phi_h)_(Normalized)[0m (Histo Num 53340)
[91mSkipping: (MultiDim_5D_Histo)_(BC_RC_Bayesian)_(SMEAR=Smear)_(Q2_y_Bin_6)_(z_pT_Bin_19)_(MultiDim_Q2_y_z_pT_phi_h)_(Normalized)[0m (Histo Num 53341)
[91mSkipping: (MultiDim_5D_Histo)_(Bayesian)_(SMEAR=Smear)_(Q2_y_Bin_6)_(z_pT_Bin_20)_(MultiDim_Q2_y_z_pT_phi_h)_(Normalized)[0m (Histo Num 53343)
[91mSkipping: (MultiDim_5D_Histo)_(RC_Bayesian)_(SMEAR=Smear)_(Q2_y_Bin_6)_(z_pT_Bin_20)_(MultiDim_Q2_y_z_pT_phi_h)_(Normalized)[0m (Histo Num 53344)
[91mSkipping: (MultiDim_5D_Histo)_(BC_RC_Bayesian)_(SMEAR=Smear)_(Q2_y_Bin_6)_(z_pT_Bin_20)_(MultiDim_Q2_y_z_pT_phi_h)_(Normalized)[0m (Histo Num 53345)
[91mSkipping: (MultiDim_5D_Histo)_(Bayesian)_(SMEAR=Smear)_(Q2_y_Bin_6)_(z_pT_Bin_21)_(MultiDim_Q2_y_z_pT_phi_h)_(Normalized)[0m (Histo Num 53347)
[91mSkipping: (MultiDim_5D_Histo)_(RC_Bayesian)_(SMEAR=Smear)_(Q2_y_Bin_6)_(z_pT_Bin_21)_(MultiDim_Q2_y_z_pT_phi_h)_(Normalized)[0m (Histo Num 53348)
[91mSkipping: (MultiDim_5D_Histo)_(BC_RC_Bayesian)_(SMEAR=Smear)_(Q2_y_Bin_6)_(z_pT_Bin_21)_(MultiDim_Q2_y_z_pT_phi_h)_(Normalized)[0m (Histo Num 53349)
[91mSkipping: (MultiDim_5D_Histo)_(Bayesian)_(SMEAR=Smear)_(Q2_y_Bin_6)_(z_pT_Bin_22)_(MultiDim_Q2_y_z_pT_phi_h)_(Normalized)[0m (Histo Num 53351)
[91mSkipping: (MultiDim_5D_Histo)_(RC_Bayesian)_(SMEAR=Smear)_(Q2_y_Bin_6)_(z_pT_Bin_22)_(MultiDim_Q2_y_z_pT_phi_h)_(Normalized)[0m (Histo Num 53352)
[91mSkipping: (MultiDim_5D_Histo)_(BC_RC_Bayesian)_(SMEAR=Smear)_(Q2_y_Bin_6)_(z_pT_Bin_22)_(MultiDim_Q2_y_z_pT_phi_h)_(Normalized)[0m (Histo Num 53353)
[91mSkipping: (MultiDim_5D_Histo)_(Bayesian)_(SMEAR=Smear)_(Q2_y_Bin_6)_(z_pT_Bin_23)_(MultiDim_Q2_y_z_pT_phi_h)_(Normalized)[0m (Histo Num 53355)
[91mSkipping: (MultiDim_5D_Histo)_(RC_Bayesian)_(SMEAR=Smear)_(Q2_y_Bin_6)_(z_pT_Bin_23)_(MultiDim_Q2_y_z_pT_phi_h)_(Normalized)[0m (Histo Num 53356)
[91mSkipping: (MultiDim_5D_Histo)_(BC_RC_Bayesian)_(SMEAR=Smear)_(Q2_y_Bin_6)_(z_pT_Bin_23)_(MultiDim_Q2_y_z_pT_phi_h)_(Normalized)[0m (Histo Num 53357)
[91mSkipping: (MultiDim_5D_Histo)_(Bayesian)_(SMEAR=Smear)_(Q2_y_Bin_6)_(z_pT_Bin_25)_(MultiDim_Q2_y_z_pT_phi_h)_(Normalized)[0m (Histo Num 53359)
[91mSkipping: (MultiDim_5D_Histo)_(RC_Bayesian)_(SMEAR=Smear)_(Q2_y_Bin_6)_(z_pT_Bin_25)_(MultiDim_Q2_y_z_pT_phi_h)_(Normalized)[0m (Histo Num 53360)
[91mSkipping: (MultiDim_5D_Histo)_(BC_RC_Bayesian)_(SMEAR=Smear)_(Q2_y_Bin_6)_(z_pT_Bin_25)_(MultiDim_Q2_y_z_pT_phi_h)_(Normalized)[0m (Histo Num 53361)
[91mSkipping: (MultiDim_5D_Histo)_(Bayesian)_(SMEAR=Smear)_(Q2_y_Bin_6)_(z_pT_Bin_26)_(MultiDim_Q2_y_z_pT_phi_h)_(Normalized)[0m (Histo Num 53363)
[91mSkipping: (MultiDim_5D_Histo)_(RC_Bayesian)_(SMEAR=Smear)_(Q2_y_Bin_6)_(z_pT_Bin_26)_(MultiDim_Q2_y_z_pT_phi_h)_(Normalized)[0m (Histo Num 53364)
[91mSkipping: (MultiDim_5D_Histo)_(BC_RC_Bayesian)_(SMEAR=Smear)_(Q2_y_Bin_6)_(z_pT_Bin_26)_(MultiDim_Q2_y_z_pT_phi_h)_(Normalized)[0m (Histo Num 53365)
[91mSkipping: (MultiDim_5D_Histo)_(Bayesian)_(SMEAR=Smear)_(Q2_y_Bin_6)_(z_pT_Bin_27)_(MultiDim_Q2_y_z_pT_phi_h)_(Normalized)[0m (Histo Num 53367)
[91mSkipping: (MultiDim_5D_Histo)_(RC_Bayesian)_(SMEAR=Smear)_(Q2_y_Bin_6)_(z_pT_Bin_27)_(MultiDim_Q2_y_z_pT_phi_h)_(Normalized)[0m (Histo Num 53368)
[91mSkipping: (MultiDim_5D_Histo)_(BC_RC_Bayesian)_(SMEAR=Smear)_(Q2_y_Bin_6)_(z_pT_Bin_27)_(MultiDim_Q2_y_z_pT_phi_h)_(Normalized)[0m (Histo Num 53369)
[91mSkipping: (MultiDim_5D_Histo)_(Bayesian)_(SMEAR=Smear)_(Q2_y_Bin_6)_(z_pT_Bin_28)_(MultiDim_Q2_y_z_pT_phi_h)_(Normalized)[0m (Histo Num 53371)
[91mSkipping: (MultiDim_5D_Histo)_(RC_Bayesian)_(SMEAR=Smear)_(Q2_y_Bin_6)_(z_pT_Bin_28)_(MultiDim_Q2_y_z_pT_phi_h)_(Normalized)[0m (Histo Num 53372)
[91mSkipping: (MultiDim_5D_Histo)_(BC_RC_Bayesian)_(SMEAR=Smear)_(Q2_y_Bin_6)_(z_pT_Bin_28)_(MultiDim_Q2_y_z_pT_phi_h)_(Normalized)[0m (Histo Num 53373)
[91mSkipping: (MultiDim_5D_Histo)_(Bayesian)_(SMEAR=Smear)_(Q2_y_Bin_7)_(z_pT_Bin_1)_(MultiDim_Q2_y_z_pT_phi_h)_(Normalized)[0m (Histo Num 53375)
[91mSkipping: (MultiDim_5D_Histo)_(RC_Bayesian)_(SMEAR=Smear)_(Q2_y_Bin_7)_(z_pT_Bin_1)_(MultiDim_Q2_y_z_pT_phi_h)_(Normalized)[0m (Histo Num 53376)
[91mSkipping: (MultiDim_5D_Histo)_(BC_RC_Bayesian)_(SMEAR=Smear)_(Q2_y_Bin_7)_(z_pT_Bin_1)_(MultiDim_Q2_y_z_pT_phi_h)_(Normalized)[0m (Histo Num 53377)
[91mSkipping: (MultiDim_5D_Histo)_(Bayesian)_(SMEAR=Smear)_(Q2_y_Bin_7)_(z_pT_Bin_2)_(MultiDim_Q2_y_z_pT_phi_h)_(Normalized)[0m (Histo Num 53379)
[91mSkipping: (MultiDim_5D_Histo)_(RC_Bayesian)_(SMEAR=Smear)_(Q2_y_Bin_7)_(z_pT_Bin_2)_(MultiDim_Q2_y_z_pT_phi_h)_(Normalized)[0m (Histo Num 53380)
[91mSkipping: (MultiDim_5D_Histo)_(BC_RC_Bayesian)_(SMEAR=Smear)_(Q2_y_Bin_7)_(z_pT_Bin_2)_(MultiDim_Q2_y_z_pT_phi_h)_(Normalized)[0m (Histo Num 53381)
[91mSkipping: (MultiDim_5D_Histo)_(Bayesian)_(SMEAR=Smear)_(Q2_y_Bin_7)_(z_pT_Bin_3)_(MultiDim_Q2_y_z_pT_phi_h)_(Normalized)[0m (Histo Num 53383)
[91mSkipping: (MultiDim_5D_Histo)_(RC_Bayesian)_(SMEAR=Smear)_(Q2_y_Bin_7)_(z_pT_Bin_3)_(MultiDim_Q2_y_z_pT_phi_h)_(Normalized)[0m (Histo Num 53384)
[91mSkipping: (MultiDim_5D_Histo)_(BC_RC_Bayesian)_(SMEAR=Smear)_(Q2_y_Bin_7)_(z_pT_Bin_3)_(MultiDim_Q2_y_z_pT_phi_h)_(Normalized)[0m (Histo Num 53385)
[91mSkipping: (MultiDim_5D_Histo)_(Bayesian)_(SMEAR=Smear)_(Q2_y_Bin_7)_(z_pT_Bin_4)_(MultiDim_Q2_y_z_pT_phi_h)_(Normalized)[0m (Histo Num 53387)
[91mSkipping: (MultiDim_5D_Histo)_(RC_Bayesian)_(SMEAR=Smear)_(Q2_y_Bin_7)_(z_pT_Bin_4)_(MultiDim_Q2_y_z_pT_phi_h)_(Normalized)[0m (Histo Num 53388)
[91mSkipping: (MultiDim_5D_Histo)_(BC_RC_Bayesian)_(SMEAR=Smear)_(Q2_y_Bin_7)_(z_pT_Bin_4)_(MultiDim_Q2_y_z_pT_phi_h)_(Normalized)[0m (Histo Num 53389)
[91mSkipping: (MultiDim_5D_Histo)_(Bayesian)_(SMEAR=Smear)_(Q2_y_Bin_7)_(z_pT_Bin_5)_(MultiDim_Q2_y_z_pT_phi_h)_(Normalized)[0m (Histo Num 53391)
[91mSkipping: (MultiDim_5D_Histo)_(RC_Bayesian)_(SMEAR=Smear)_(Q2_y_Bin_7)_(z_pT_Bin_5)_(MultiDim_Q2_y_z_pT_phi_h)_(Normalized)[0m (Histo Num 53392)
[91mSkipping: (MultiDim_5D_Histo)_(BC_RC_Bayesian)_(SMEAR=Smear)_(Q2_y_Bin_7)_(z_pT_Bin_5)_(MultiDim_Q2_y_z_pT_phi_h)_(Normalized)[0m (Histo Num 53393)
[91mSkipping: (MultiDim_5D_Histo)_(Bayesian)_(SMEAR=Smear)_(Q2_y_Bin_7)_(z_pT_Bin_7)_(MultiDim_Q2_y_z_pT_phi_h)_(Normalized)[0m (Histo Num 53395)
[91mSkipping: (MultiDim_5D_Histo)_(RC_Bayesian)_(SMEAR=Smear)_(Q2_y_Bin_7)_(z_pT_Bin_7)_(MultiDim_Q2_y_z_pT_phi_h)_(Normalized)[0m (Histo Num 53396)
[91mSkipping: (MultiDim_5D_Histo)_(BC_RC_Bayesian)_(SMEAR=Smear)_(Q2_y_Bin_7)_(z_pT_Bin_7)_(MultiDim_Q2_y_z_pT_phi_h)_(Normalized)[0m (Histo Num 53397)
[91mSkipping: (MultiDim_5D_Histo)_(Bayesian)_(SMEAR=Smear)_(Q2_y_Bin_7)_(z_pT_Bin_8)_(MultiDim_Q2_y_z_pT_phi_h)_(Normalized)[0m (Histo Num 53399)
[91mSkipping: (MultiDim_5D_Histo)_(RC_Bayesian)_(SMEAR=Smear)_(Q2_y_Bin_7)_(z_pT_Bin_8)_(MultiDim_Q2_y_z_pT_phi_h)_(Normalized)[0m (Histo Num 53400)
[91mSkipping: (MultiDim_5D_Histo)_(BC_RC_Bayesian)_(SMEAR=Smear)_(Q2_y_Bin_7)_(z_pT_Bin_8)_(MultiDim_Q2_y_z_pT_phi_h)_(Normalized)[0m (Histo Num 53401)
[91mSkipping: (MultiDim_5D_Histo)_(Bayesian)_(SMEAR=Smear)_(Q2_y_Bin_7)_(z_pT_Bin_9)_(MultiDim_Q2_y_z_pT_phi_h)_(Normalized)[0m (Histo Num 53403)
[91mSkipping: (MultiDim_5D_Histo)_(RC_Bayesian)_(SMEAR=Smear)_(Q2_y_Bin_7)_(z_pT_Bin_9)_(MultiDim_Q2_y_z_pT_phi_h)_(Normalized)[0m (Histo Num 53404)
[91mSkipping: (MultiDim_5D_Histo)_(BC_RC_Bayesian)_(SMEAR=Smear)_(Q2_y_Bin_7)_(z_pT_Bin_9)_(MultiDim_Q2_y_z_pT_phi_h)_(Normalized)[0m (Histo Num 53405)
[91mSkipping: (MultiDim_5D_Histo)_(Bayesian)_(SMEAR=Smear)_(Q2_y_Bin_7)_(z_pT_Bin_10)_(MultiDim_Q2_y_z_pT_phi_h)_(Normalized)[0m (Histo Num 53407)
[91mSkipping: (MultiDim_5D_Histo)_(RC_Bayesian)_(SMEAR=Smear)_(Q2_y_Bin_7)_(z_pT_Bin_10)_(MultiDim_Q2_y_z_pT_phi_h)_(Normalized)[0m (Histo Num 53408)
[91mSkipping: (MultiDim_5D_Histo)_(BC_RC_Bayesian)_(SMEAR=Smear)_(Q2_y_Bin_7)_(z_pT_Bin_10)_(MultiDim_Q2_y_z_pT_phi_h)_(Normalized)[0m (Histo Num 53409)
[91mSkipping: (MultiDim_5D_Histo)_(Bayesian)_(SMEAR=Smear)_(Q2_y_Bin_7)_(z_pT_Bin_11)_(MultiDim_Q2_y_z_pT_phi_h)_(Normalized)[0m (Histo Num 53411)
[91mSkipping: (MultiDim_5D_Histo)_(RC_Bayesian)_(SMEAR=Smear)_(Q2_y_Bin_7)_(z_pT_Bin_11)_(MultiDim_Q2_y_z_pT_phi_h)_(Normalized)[0m (Histo Num 53412)
[91mSkipping: (MultiDim_5D_Histo)_(BC_RC_Bayesian)_(SMEAR=Smear)_(Q2_y_Bin_7)_(z_pT_Bin_11)_(MultiDim_Q2_y_z_pT_phi_h)_(Normalized)[0m (Histo Num 53413)
[91mSkipping: (MultiDim_5D_Histo)_(Bayesian)_(SMEAR=Smear)_(Q2_y_Bin_7)_(z_pT_Bin_12)_(MultiDim_Q2_y_z_pT_phi_h)_(Normalized)[0m (Histo Num 53415)
[91mSkipping: (MultiDim_5D_Histo)_(RC_Bayesian)_(SMEAR=Smear)_(Q2_y_Bin_7)_(z_pT_Bin_12)_(MultiDim_Q2_y_z_pT_phi_h)_(Normalized)[0m (Histo Num 53416)
[91mSkipping: (MultiDim_5D_Histo)_(BC_RC_Bayesian)_(SMEAR=Smear)_(Q2_y_Bin_7)_(z_pT_Bin_12)_(MultiDim_Q2_y_z_pT_phi_h)_(Normalized)[0m (Histo Num 53417)
[91mSkipping: (MultiDim_5D_Histo)_(Bayesian)_(SMEAR=Smear)_(Q2_y_Bin_7)_(z_pT_Bin_13)_(MultiDim_Q2_y_z_pT_phi_h)_(Normalized)[0m (Histo Num 53419)
[91mSkipping: (MultiDim_5D_Histo)_(RC_Bayesian)_(SMEAR=Smear)_(Q2_y_Bin_7)_(z_pT_Bin_13)_(MultiDim_Q2_y_z_pT_phi_h)_(Normalized)[0m (Histo Num 53420)
[91mSkipping: (MultiDim_5D_Histo)_(BC_RC_Bayesian)_(SMEAR=Smear)_(Q2_y_Bin_7)_(z_pT_Bin_13)_(MultiDim_Q2_y_z_pT_phi_h)_(Normalized)[0m (Histo Num 53421)
[91mSkipping: (MultiDim_5D_Histo)_(Bayesian)_(SMEAR=Smear)_(Q2_y_Bin_7)_(z_pT_Bin_14)_(MultiDim_Q2_y_z_pT_phi_h)_(Normalized)[0m (Histo Num 53423)
[91mSkipping: (MultiDim_5D_Histo)_(RC_Bayesian)_(SMEAR=Smear)_(Q2_y_Bin_7)_(z_pT_Bin_14)_(MultiDim_Q2_y_z_pT_phi_h)_(Normalized)[0m (Histo Num 53424)
[91mSkipping: (MultiDim_5D_Histo)_(BC_RC_Bayesian)_(SMEAR=Smear)_(Q2_y_Bin_7)_(z_pT_Bin_14)_(MultiDim_Q2_y_z_pT_phi_h)_(Normalized)[0m (Histo Num 53425)
[91mSkipping: (MultiDim_5D_Histo)_(Bayesian)_(SMEAR=Smear)_(Q2_y_Bin_7)_(z_pT_Bin_15)_(MultiDim_Q2_y_z_pT_phi_h)_(Normalized)[0m (Histo Num 53427)
[91mSkipping: (MultiDim_5D_Histo)_(RC_Bayesian)_(SMEAR=Smear)_(Q2_y_Bin_7)_(z_pT_Bin_15)_(MultiDim_Q2_y_z_pT_phi_h)_(Normalized)[0m (Histo Num 53428)
[91mSkipping: (MultiDim_5D_Histo)_(BC_RC_Bayesian)_(SMEAR=Smear)_(Q2_y_Bin_7)_(z_pT_Bin_15)_(MultiDim_Q2_y_z_pT_phi_h)_(Normalized)[0m (Histo Num 53429)
[91mSkipping: (MultiDim_5D_Histo)_(Bayesian)_(SMEAR=Smear)_(Q2_y_Bin_7)_(z_pT_Bin_16)_(MultiDim_Q2_y_z_pT_phi_h)_(Normalized)[0m (Histo Num 53431)
[91mSkipping: (MultiDim_5D_Histo)_(RC_Bayesian)_(SMEAR=Smear)_(Q2_y_Bin_7)_(z_pT_Bin_16)_(MultiDim_Q2_y_z_pT_phi_h)_(Normalized)[0m (Histo Num 53432)
[91mSkipping: (MultiDim_5D_Histo)_(BC_RC_Bayesian)_(SMEAR=Smear)_(Q2_y_Bin_7)_(z_pT_Bin_16)_(MultiDim_Q2_y_z_pT_phi_h)_(Normalized)[0m (Histo Num 53433)
[91mSkipping: (MultiDim_5D_Histo)_(Bayesian)_(SMEAR=Smear)_(Q2_y_Bin_7)_(z_pT_Bin_17)_(MultiDim_Q2_y_z_pT_phi_h)_(Normalized)[0m (Histo Num 53435)
[91mSkipping: (MultiDim_5D_Histo)_(RC_Bayesian)_(SMEAR=Smear)_(Q2_y_Bin_7)_(z_pT_Bin_17)_(MultiDim_Q2_y_z_pT_phi_h)_(Normalized)[0m (Histo Num 53436)
[91mSkipping: (MultiDim_5D_Histo)_(BC_RC_Bayesian)_(SMEAR=Smear)_(Q2_y_Bin_7)_(z_pT_Bin_17)_(MultiDim_Q2_y_z_pT_phi_h)_(Normalized)[0m (Histo Num 53437)
[91mSkipping: (MultiDim_5D_Histo)_(Bayesian)_(SMEAR=Smear)_(Q2_y_Bin_7)_(z_pT_Bin_18)_(MultiDim_Q2_y_z_pT_phi_h)_(Normalized)[0m (Histo Num 53439)
[91mSkipping: (MultiDim_5D_Histo)_(RC_Bayesian)_(SMEAR=Smear)_(Q2_y_Bin_7)_(z_pT_Bin_18)_(MultiDim_Q2_y_z_pT_phi_h)_(Normalized)[0m (Histo Num 53440)
[91mSkipping: (MultiDim_5D_Histo)_(BC_RC_Bayesian)_(SMEAR=Smear)_(Q2_y_Bin_7)_(z_pT_Bin_18)_(MultiDim_Q2_y_z_pT_phi_h)_(Normalized)[0m (Histo Num 53441)
[91mSkipping: (MultiDim_5D_Histo)_(Bayesian)_(SMEAR=Smear)_(Q2_y_Bin_7)_(z_pT_Bin_19)_(MultiDim_Q2_y_z_pT_phi_h)_(Normalized)[0m (Histo Num 53443)
[91mSkipping: (MultiDim_5D_Histo)_(RC_Bayesian)_(SMEAR=Smear)_(Q2_y_Bin_7)_(z_pT_Bin_19)_(MultiDim_Q2_y_z_pT_phi_h)_(Normalized)[0m (Histo Num 53444)
[91mSkipping: (MultiDim_5D_Histo)_(BC_RC_Bayesian)_(SMEAR=Smear)_(Q2_y_Bin_7)_(z_pT_Bin_19)_(MultiDim_Q2_y_z_pT_phi_h)_(Normalized)[0m (Histo Num 53445)
[91mSkipping: (MultiDim_5D_Histo)_(Bayesian)_(SMEAR=Smear)_(Q2_y_Bin_7)_(z_pT_Bin_20)_(MultiDim_Q2_y_z_pT_phi_h)_(Normalized)[0m (Histo Num 53447)
[91mSkipping: (MultiDim_5D_Histo)_(RC_Bayesian)_(SMEAR=Smear)_(Q2_y_Bin_7)_(z_pT_Bin_20)_(MultiDim_Q2_y_z_pT_phi_h)_(Normalized)[0m (Histo Num 53448)
[91mSkipping: (MultiDim_5D_Histo)_(BC_RC_Bayesian)_(SMEAR=Smear)_(Q2_y_Bin_7)_(z_pT_Bin_20)_(MultiDim_Q2_y_z_pT_phi_h)_(Normalized)[0m (Histo Num 53449)
[91mSkipping: (MultiDim_5D_Histo)_(Bayesian)_(SMEAR=Smear)_(Q2_y_Bin_7)_(z_pT_Bin_21)_(MultiDim_Q2_y_z_pT_phi_h)_(Normalized)[0m (Histo Num 53451)
[91mSkipping: (MultiDim_5D_Histo)_(RC_Bayesian)_(SMEAR=Smear)_(Q2_y_Bin_7)_(z_pT_Bin_21)_(MultiDim_Q2_y_z_pT_phi_h)_(Normalized)[0m (Histo Num 53452)
[91mSkipping: (MultiDim_5D_Histo)_(BC_RC_Bayesian)_(SMEAR=Smear)_(Q2_y_Bin_7)_(z_pT_Bin_21)_(MultiDim_Q2_y_z_pT_phi_h)_(Normalized)[0m (Histo Num 53453)
[91mSkipping: (MultiDim_5D_Histo)_(Bayesian)_(SMEAR=Smear)_(Q2_y_Bin_7)_(z_pT_Bin_22)_(MultiDim_Q2_y_z_pT_phi_h)_(Normalized)[0m (Histo Num 53455)
[91mSkipping: (MultiDim_5D_Histo)_(RC_Bayesian)_(SMEAR=Smear)_(Q2_y_Bin_7)_(z_pT_Bin_22)_(MultiDim_Q2_y_z_pT_phi_h)_(Normalized)[0m (Histo Num 53456)
[91mSkipping: (MultiDim_5D_Histo)_(BC_RC_Bayesian)_(SMEAR=Smear)_(Q2_y_Bin_7)_(z_pT_Bin_22)_(MultiDim_Q2_y_z_pT_phi_h)_(Normalized)[0m (Histo Num 53457)
[91mSkipping: (MultiDim_5D_Histo)_(Bayesian)_(SMEAR=Smear)_(Q2_y_Bin_7)_(z_pT_Bin_23)_(MultiDim_Q2_y_z_pT_phi_h)_(Normalized)[0m (Histo Num 53459)
[91mSkipping: (MultiDim_5D_Histo)_(RC_Bayesian)_(SMEAR=Smear)_(Q2_y_Bin_7)_(z_pT_Bin_23)_(MultiDim_Q2_y_z_pT_phi_h)_(Normalized)[0m (Histo Num 53460)
[91mSkipping: (MultiDim_5D_Histo)_(BC_RC_Bayesian)_(SMEAR=Smear)_(Q2_y_Bin_7)_(z_pT_Bin_23)_(MultiDim_Q2_y_z_pT_phi_h)_(Normalized)[0m (Histo Num 53461)
[91mSkipping: (MultiDim_5D_Histo)_(Bayesian)_(SMEAR=Smear)_(Q2_y_Bin_7)_(z_pT_Bin_24)_(MultiDim_Q2_y_z_pT_phi_h)_(Normalized)[0m (Histo Num 53463)
[91mSkipping: (MultiDim_5D_Histo)_(RC_Bayesian)_(SMEAR=Smear)_(Q2_y_Bin_7)_(z_pT_Bin_24)_(MultiDim_Q2_y_z_pT_phi_h)_(Normalized)[0m (Histo Num 53464)
[91mSkipping: (MultiDim_5D_Histo)_(BC_RC_Bayesian)_(SMEAR=Smear)_(Q2_y_Bin_7)_(z_pT_Bin_24)_(MultiDim_Q2_y_z_pT_phi_h)_(Normalized)[0m (Histo Num 53465)
[91mSkipping: (MultiDim_5D_Histo)_(Bayesian)_(SMEAR=Smear)_(Q2_y_Bin_7)_(z_pT_Bin_25)_(MultiDim_Q2_y_z_pT_phi_h)_(Normalized)[0m (Histo Num 53467)
[91mSkipping: (MultiDim_5D_Histo)_(RC_Bayesian)_(SMEAR=Smear)_(Q2_y_Bin_7)_(z_pT_Bin_25)_(MultiDim_Q2_y_z_pT_phi_h)_(Normalized)[0m (Histo Num 53468)
[91mSkipping: (MultiDim_5D_Histo)_(BC_RC_Bayesian)_(SMEAR=Smear)_(Q2_y_Bin_7)_(z_pT_Bin_25)_(MultiDim_Q2_y_z_pT_phi_h)_(Normalized)[0m (Histo Num 53469)
[91mSkipping: (MultiDim_5D_Histo)_(Bayesian)_(SMEAR=Smear)_(Q2_y_Bin_7)_(z_pT_Bin_26)_(MultiDim_Q2_y_z_pT_phi_h)_(Normalized)[0m (Histo Num 53471)
[91mSkipping: (MultiDim_5D_Histo)_(RC_Bayesian)_(SMEAR=Smear)_(Q2_y_Bin_7)_(z_pT_Bin_26)_(MultiDim_Q2_y_z_pT_phi_h)_(Normalized)[0m (Histo Num 53472)
[91mSkipping: (MultiDim_5D_Histo)_(BC_RC_Bayesian)_(SMEAR=Smear)_(Q2_y_Bin_7)_(z_pT_Bin_26)_(MultiDim_Q2_y_z_pT_phi_h)_(Normalized)[0m (Histo Num 53473)
[91mSkipping: (MultiDim_5D_Histo)_(Bayesian)_(SMEAR=Smear)_(Q2_y_Bin_7)_(z_pT_Bin_27)_(MultiDim_Q2_y_z_pT_phi_h)_(Normalized)[0m (Histo Num 53475)
[91mSkipping: (MultiDim_5D_Histo)_(RC_Bayesian)_(SMEAR=Smear)_(Q2_y_Bin_7)_(z_pT_Bin_27)_(MultiDim_Q2_y_z_pT_phi_h)_(Normalized)[0m (Histo Num 53476)
[91mSkipping: (MultiDim_5D_Histo)_(BC_RC_Bayesian)_(SMEAR=Smear)_(Q2_y_Bin_7)_(z_pT_Bin_27)_(MultiDim_Q2_y_z_pT_phi_h)_(Normalized)[0m (Histo Num 53477)
[91mSkipping: (MultiDim_5D_Histo)_(Bayesian)_(SMEAR=Smear)_(Q2_y_Bin_7)_(z_pT_Bin_28)_(MultiDim_Q2_y_z_pT_phi_h)_(Normalized)[0m (Histo Num 53479)
[91mSkipping: (MultiDim_5D_Histo)_(RC_Bayesian)_(SMEAR=Smear)_(Q2_y_Bin_7)_(z_pT_Bin_28)_(MultiDim_Q2_y_z_pT_phi_h)_(Normalized)[0m (Histo Num 53480)
[91mSkipping: (MultiDim_5D_Histo)_(BC_RC_Bayesian)_(SMEAR=Smear)_(Q2_y_Bin_7)_(z_pT_Bin_28)_(MultiDim_Q2_y_z_pT_phi_h)_(Normalized)[0m (Histo Num 53481)
[91mSkipping: (MultiDim_5D_Histo)_(Bayesian)_(SMEAR=Smear)_(Q2_y_Bin_7)_(z_pT_Bin_29)_(MultiDim_Q2_y_z_pT_phi_h)_(Normalized)[0m (Histo Num 53483)
[91mSkipping: (MultiDim_5D_Histo)_(RC_Bayesian)_(SMEAR=Smear)_(Q2_y_Bin_7)_(z_pT_Bin_29)_(MultiDim_Q2_y_z_pT_phi_h)_(Normalized)[0m (Histo Num 53484)
[91mSkipping: (MultiDim_5D_Histo)_(BC_RC_Bayesian)_(SMEAR=Smear)_(Q2_y_Bin_7)_(z_pT_Bin_29)_(MultiDim_Q2_y_z_pT_phi_h)_(Normalized)[0m (Histo Num 53485)
[91mSkipping: (MultiDim_5D_Histo)_(Bayesian)_(SMEAR=Smear)_(Q2_y_Bin_7)_(z_pT_Bin_31)_(MultiDim_Q2_y_z_pT_phi_h)_(Normalized)[0m (Histo Num 53487)
[91mSkipping: (MultiDim_5D_Histo)_(RC_Bayesian)_(SMEAR=Smear)_(Q2_y_Bin_7)_(z_pT_Bin_31)_(MultiDim_Q2_y_z_pT_phi_h)_(Normalized)[0m (Histo Num 53488)
[91mSkipping: (MultiDim_5D_Histo)_(BC_RC_Bayesian)_(SMEAR=Smear)_(Q2_y_Bin_7)_(z_pT_Bin_31)_(MultiDim_Q2_y_z_pT_phi_h)_(Normalized)[0m (Histo Num 53489)
[91mSkipping: (MultiDim_5D_Histo)_(Bayesian)_(SMEAR=Smear)_(Q2_y_Bin_7)_(z_pT_Bin_32)_(MultiDim_Q2_y_z_pT_phi_h)_(Normalized)[0m (Histo Num 53491)
[91mSkipping: (MultiDim_5D_Histo)_(RC_Bayesian)_(SMEAR=Smear)_(Q2_y_Bin_7)_(z_pT_Bin_32)_(MultiDim_Q2_y_z_pT_phi_h)_(Normalized)[0m (Histo Num 53492)
[91mSkipping: (MultiDim_5D_Histo)_(BC_RC_Bayesian)_(SMEAR=Smear)_(Q2_y_Bin_7)_(z_pT_Bin_32)_(MultiDim_Q2_y_z_pT_phi_h)_(Normalized)[0m (Histo Num 53493)
[91mSkipping: (MultiDim_5D_Histo)_(Bayesian)_(SMEAR=Smear)_(Q2_y_Bin_7)_(z_pT_Bin_33)_(MultiDim_Q2_y_z_pT_phi_h)_(Normalized)[0m (Histo Num 53495)
[91mSkipping: (MultiDim_5D_Histo)_(RC_Bayesian)_(SMEAR=Smear)_(Q2_y_Bin_7)_(z_pT_Bin_33)_(MultiDim_Q2_y_z_pT_phi_h)_(Normalized)[0m (Histo Num 53496)
[91mSkipping: (MultiDim_5D_Histo)_(BC_RC_Bayesian)_(SMEAR=Smear)_(Q2_y_Bin_7)_(z_pT_Bin_33)_(MultiDim_Q2_y_z_pT_phi_h)_(Normalized)[0m (Histo Num 53497)
[91mSkipping: (MultiDim_5D_Histo)_(Bayesian)_(SMEAR=Smear)_(Q2_y_Bin_7)_(z_pT_Bin_34)_(MultiDim_Q2_y_z_pT_phi_h)_(Normalized)[0m (Histo Num 53499)
[91mSkipping: (MultiDim_5D_Histo)_(RC_Bayesian)_(SMEAR=Smear)_(Q2_y_Bin_7)_(z_pT_Bin_34)_(MultiDim_Q2_y_z_pT_phi_h)_(Normalized)[0m (Histo Num 53500)
[91mSkipping: (MultiDim_5D_Histo)_(BC_RC_Bayesian)_(SMEAR=Smear)_(Q2_y_Bin_7)_(z_pT_Bin_34)_(MultiDim_Q2_y_z_pT_phi_h)_(Normalized)[0m (Histo Num 53501)
[91mSkipping: (MultiDim_5D_Histo)_(Bayesian)_(SMEAR=Smear)_(Q2_y_Bin_7)_(z_pT_Bin_35)_(MultiDim_Q2_y_z_pT_phi_h)_(Normalized)[0m (Histo Num 53503)
[91mSkipping: (MultiDim_5D_Histo)_(RC_Bayesian)_(SMEAR=Smear)_(Q2_y_Bin_7)_(z_pT_Bin_35)_(MultiDim_Q2_y_z_pT_phi_h)_(Normalized)[0m (Histo Num 53504)
[91mSkipping: (MultiDim_5D_Histo)_(BC_RC_Bayesian)_(SMEAR=Smear)_(Q2_y_Bin_7)_(z_pT_Bin_35)_(MultiDim_Q2_y_z_pT_phi_h)_(Normalized)[0m (Histo Num 53505)
[91mSkipping: (MultiDim_5D_Histo)_(Bayesian)_(SMEAR=Smear)_(Q2_y_Bin_8)_(z_pT_Bin_6)_(MultiDim_Q2_y_z_pT_phi_h)_(Normalized)[0m (Histo Num 53507)
[91mSkipping: (MultiDim_5D_Histo)_(RC_Bayesian)_(SMEAR=Smear)_(Q2_y_Bin_8)_(z_pT_Bin_6)_(MultiDim_Q2_y_z_pT_phi_h)_(Normalized)[0m (Histo Num 53508)
[91mSkipping: (MultiDim_5D_Histo)_(BC_RC_Bayesian)_(SMEAR=Smear)_(Q2_y_Bin_8)_(z_pT_Bin_6)_(MultiDim_Q2_y_z_pT_phi_h)_(Normalized)[0m (Histo Num 53509)
[91mSkipping: (MultiDim_5D_Histo)_(Bayesian)_(SMEAR=Smear)_(Q2_y_Bin_8)_(z_pT_Bin_7)_(MultiDim_Q2_y_z_pT_phi_h)_(Normalized)[0m (Histo Num 53511)
[91mSkipping: (MultiDim_5D_Histo)_(RC_Bayesian)_(SMEAR=Smear)_(Q2_y_Bin_8)_(z_pT_Bin_7)_(MultiDim_Q2_y_z_pT_phi_h)_(Normalized)[0m (Histo Num 53512)
[91mSkipping: (MultiDim_5D_Histo)_(BC_RC_Bayesian)_(SMEAR=Smear)_(Q2_y_Bin_8)_(z_pT_Bin_7)_(MultiDim_Q2_y_z_pT_phi_h)_(Normalized)[0m (Histo Num 53513)
[91mSkipping: (MultiDim_5D_Histo)_(Bayesian)_(SMEAR=Smear)_(Q2_y_Bin_8)_(z_pT_Bin_8)_(MultiDim_Q2_y_z_pT_phi_h)_(Normalized)[0m (Histo Num 53515)
[91mSkipping: (MultiDim_5D_Histo)_(RC_Bayesian)_(SMEAR=Smear)_(Q2_y_Bin_8)_(z_pT_Bin_8)_(MultiDim_Q2_y_z_pT_phi_h)_(Normalized)[0m (Histo Num 53516)
[91mSkipping: (MultiDim_5D_Histo)_(BC_RC_Bayesian)_(SMEAR=Smear)_(Q2_y_Bin_8)_(z_pT_Bin_8)_(MultiDim_Q2_y_z_pT_phi_h)_(Normalized)[0m (Histo Num 53517)
[91mSkipping: (MultiDim_5D_Histo)_(Bayesian)_(SMEAR=Smear)_(Q2_y_Bin_8)_(z_pT_Bin_9)_(MultiDim_Q2_y_z_pT_phi_h)_(Normalized)[0m (Histo Num 53519)
[91mSkipping: (MultiDim_5D_Histo)_(RC_Bayesian)_(SMEAR=Smear)_(Q2_y_Bin_8)_(z_pT_Bin_9)_(MultiDim_Q2_y_z_pT_phi_h)_(Normalized)[0m (Histo Num 53520)
[91mSkipping: (MultiDim_5D_Histo)_(BC_RC_Bayesian)_(SMEAR=Smear)_(Q2_y_Bin_8)_(z_pT_Bin_9)_(MultiDim_Q2_y_z_pT_phi_h)_(Normalized)[0m (Histo Num 53521)
[91mSkipping: (MultiDim_5D_Histo)_(Bayesian)_(SMEAR=Smear)_(Q2_y_Bin_8)_(z_pT_Bin_10)_(MultiDim_Q2_y_z_pT_phi_h)_(Normalized)[0m (Histo Num 53523)
[91mSkipping: (MultiDim_5D_Histo)_(RC_Bayesian)_(SMEAR=Smear)_(Q2_y_Bin_8)_(z_pT_Bin_10)_(MultiDim_Q2_y_z_pT_phi_h)_(Normalized)[0m (Histo Num 53524)
[91mSkipping: (MultiDim_5D_Histo)_(BC_RC_Bayesian)_(SMEAR=Smear)_(Q2_y_Bin_8)_(z_pT_Bin_10)_(MultiDim_Q2_y_z_pT_phi_h)_(Normalized)[0m (Histo Num 53525)
[91mSkipping: (MultiDim_5D_Histo)_(Bayesian)_(SMEAR=Smear)_(Q2_y_Bin_8)_(z_pT_Bin_11)_(MultiDim_Q2_y_z_pT_phi_h)_(Normalized)[0m (Histo Num 53527)
[91mSkipping: (MultiDim_5D_Histo)_(RC_Bayesian)_(SMEAR=Smear)_(Q2_y_Bin_8)_(z_pT_Bin_11)_(MultiDim_Q2_y_z_pT_phi_h)_(Normalized)[0m (Histo Num 53528)
[91mSkipping: (MultiDim_5D_Histo)_(BC_RC_Bayesian)_(SMEAR=Smear)_(Q2_y_Bin_8)_(z_pT_Bin_11)_(MultiDim_Q2_y_z_pT_phi_h)_(Normalized)[0m (Histo Num 53529)
[91mSkipping: (MultiDim_5D_Histo)_(Bayesian)_(SMEAR=Smear)_(Q2_y_Bin_8)_(z_pT_Bin_12)_(MultiDim_Q2_y_z_pT_phi_h)_(Normalized)[0m (Histo Num 53531)
[91mSkipping: (MultiDim_5D_Histo)_(RC_Bayesian)_(SMEAR=Smear)_(Q2_y_Bin_8)_(z_pT_Bin_12)_(MultiDim_Q2_y_z_pT_phi_h)_(Normalized)[0m (Histo Num 53532)
[91mSkipping: (MultiDim_5D_Histo)_(BC_RC_Bayesian)_(SMEAR=Smear)_(Q2_y_Bin_8)_(z_pT_Bin_12)_(MultiDim_Q2_y_z_pT_phi_h)_(Normalized)[0m (Histo Num 53533)
[91mSkipping: (MultiDim_5D_Histo)_(Bayesian)_(SMEAR=Smear)_(Q2_y_Bin_8)_(z_pT_Bin_13)_(MultiDim_Q2_y_z_pT_phi_h)_(Normalized)[0m (Histo Num 53535)
[91mSkipping: (MultiDim_5D_Histo)_(RC_Bayesian)_(SMEAR=Smear)_(Q2_y_Bin_8)_(z_pT_Bin_13)_(MultiDim_Q2_y_z_pT_phi_h)_(Normalized)[0m (Histo Num 53536)
[91mSkipping: (MultiDim_5D_Histo)_(BC_RC_Bayesian)_(SMEAR=Smear)_(Q2_y_Bin_8)_(z_pT_Bin_13)_(MultiDim_Q2_y_z_pT_phi_h)_(Normalized)[0m (Histo Num 53537)
[91mSkipping: (MultiDim_5D_Histo)_(Bayesian)_(SMEAR=Smear)_(Q2_y_Bin_8)_(z_pT_Bin_14)_(MultiDim_Q2_y_z_pT_phi_h)_(Normalized)[0m (Histo Num 53539)
[91mSkipping: (MultiDim_5D_Histo)_(RC_Bayesian)_(SMEAR=Smear)_(Q2_y_Bin_8)_(z_pT_Bin_14)_(MultiDim_Q2_y_z_pT_phi_h)_(Normalized)[0m (Histo Num 53540)
[91mSkipping: (MultiDim_5D_Histo)_(BC_RC_Bayesian)_(SMEAR=Smear)_(Q2_y_Bin_8)_(z_pT_Bin_14)_(MultiDim_Q2_y_z_pT_phi_h)_(Normalized)[0m (Histo Num 53541)
[91mSkipping: (MultiDim_5D_Histo)_(Bayesian)_(SMEAR=Smear)_(Q2_y_Bin_8)_(z_pT_Bin_15)_(MultiDim_Q2_y_z_pT_phi_h)_(Normalized)[0m (Histo Num 53543)
[91mSkipping: (MultiDim_5D_Histo)_(RC_Bayesian)_(SMEAR=Smear)_(Q2_y_Bin_8)_(z_pT_Bin_15)_(MultiDim_Q2_y_z_pT_phi_h)_(Normalized)[0m (Histo Num 53544)
[91mSkipping: (MultiDim_5D_Histo)_(BC_RC_Bayesian)_(SMEAR=Smear)_(Q2_y_Bin_8)_(z_pT_Bin_15)_(MultiDim_Q2_y_z_pT_phi_h)_(Normalized)[0m (Histo Num 53545)
[91mSkipping: (MultiDim_5D_Histo)_(Bayesian)_(SMEAR=Smear)_(Q2_y_Bin_8)_(z_pT_Bin_16)_(MultiDim_Q2_y_z_pT_phi_h)_(Normalized)[0m (Histo Num 53547)
[91mSkipping: (MultiDim_5D_Histo)_(RC_Bayesian)_(SMEAR=Smear)_(Q2_y_Bin_8)_(z_pT_Bin_16)_(MultiDim_Q2_y_z_pT_phi_h)_(Normalized)[0m (Histo Num 53548)
[91mSkipping: (MultiDim_5D_Histo)_(BC_RC_Bayesian)_(SMEAR=Smear)_(Q2_y_Bin_8)_(z_pT_Bin_16)_(MultiDim_Q2_y_z_pT_phi_h)_(Normalized)[0m (Histo Num 53549)
[91mSkipping: (MultiDim_5D_Histo)_(Bayesian)_(SMEAR=Smear)_(Q2_y_Bin_8)_(z_pT_Bin_17)_(MultiDim_Q2_y_z_pT_phi_h)_(Normalized)[0m (Histo Num 53551)
[91mSkipping: (MultiDim_5D_Histo)_(RC_Bayesian)_(SMEAR=Smear)_(Q2_y_Bin_8)_(z_pT_Bin_17)_(MultiDim_Q2_y_z_pT_phi_h)_(Normalized)[0m (Histo Num 53552)
[91mSkipping: (MultiDim_5D_Histo)_(BC_RC_Bayesian)_(SMEAR=Smear)_(Q2_y_Bin_8)_(z_pT_Bin_17)_(MultiDim_Q2_y_z_pT_phi_h)_(Normalized)[0m (Histo Num 53553)
[91mSkipping: (MultiDim_5D_Histo)_(Bayesian)_(SMEAR=Smear)_(Q2_y_Bin_8)_(z_pT_Bin_18)_(MultiDim_Q2_y_z_pT_phi_h)_(Normalized)[0m (Histo Num 53555)
[91mSkipping: (MultiDim_5D_Histo)_(RC_Bayesian)_(SMEAR=Smear)_(Q2_y_Bin_8)_(z_pT_Bin_18)_(MultiDim_Q2_y_z_pT_phi_h)_(Normalized)[0m (Histo Num 53556)
[91mSkipping: (MultiDim_5D_Histo)_(BC_RC_Bayesian)_(SMEAR=Smear)_(Q2_y_Bin_8)_(z_pT_Bin_18)_(MultiDim_Q2_y_z_pT_phi_h)_(Normalized)[0m (Histo Num 53557)
[91mSkipping: (MultiDim_5D_Histo)_(Bayesian)_(SMEAR=Smear)_(Q2_y_Bin_8)_(z_pT_Bin_19)_(MultiDim_Q2_y_z_pT_phi_h)_(Normalized)[0m (Histo Num 53559)
[91mSkipping: (MultiDim_5D_Histo)_(RC_Bayesian)_(SMEAR=Smear)_(Q2_y_Bin_8)_(z_pT_Bin_19)_(MultiDim_Q2_y_z_pT_phi_h)_(Normalized)[0m (Histo Num 53560)
[91mSkipping: (MultiDim_5D_Histo)_(BC_RC_Bayesian)_(SMEAR=Smear)_(Q2_y_Bin_8)_(z_pT_Bin_19)_(MultiDim_Q2_y_z_pT_phi_h)_(Normalized)[0m (Histo Num 53561)
[91mSkipping: (MultiDim_5D_Histo)_(Bayesian)_(SMEAR=Smear)_(Q2_y_Bin_8)_(z_pT_Bin_20)_(MultiDim_Q2_y_z_pT_phi_h)_(Normalized)[0m (Histo Num 53563)
[91mSkipping: (MultiDim_5D_Histo)_(RC_Bayesian)_(SMEAR=Smear)_(Q2_y_Bin_8)_(z_pT_Bin_20)_(MultiDim_Q2_y_z_pT_phi_h)_(Normalized)[0m (Histo Num 53564)
[91mSkipping: (MultiDim_5D_Histo)_(BC_RC_Bayesian)_(SMEAR=Smear)_(Q2_y_Bin_8)_(z_pT_Bin_20)_(MultiDim_Q2_y_z_pT_phi_h)_(Normalized)[0m (Histo Num 53565)
[91mSkipping: (MultiDim_5D_Histo)_(Bayesian)_(SMEAR=Smear)_(Q2_y_Bin_8)_(z_pT_Bin_21)_(MultiDim_Q2_y_z_pT_phi_h)_(Normalized)[0m (Histo Num 53567)
[91mSkipping: (MultiDim_5D_Histo)_(RC_Bayesian)_(SMEAR=Smear)_(Q2_y_Bin_8)_(z_pT_Bin_21)_(MultiDim_Q2_y_z_pT_phi_h)_(Normalized)[0m (Histo Num 53568)
[91mSkipping: (MultiDim_5D_Histo)_(BC_RC_Bayesian)_(SMEAR=Smear)_(Q2_y_Bin_8)_(z_pT_Bin_21)_(MultiDim_Q2_y_z_pT_phi_h)_(Normalized)[0m (Histo Num 53569)
[91mSkipping: (MultiDim_5D_Histo)_(Bayesian)_(SMEAR=Smear)_(Q2_y_Bin_8)_(z_pT_Bin_22)_(MultiDim_Q2_y_z_pT_phi_h)_(Normalized)[0m (Histo Num 53571)
[91mSkipping: (MultiDim_5D_Histo)_(RC_Bayesian)_(SMEAR=Smear)_(Q2_y_Bin_8)_(z_pT_Bin_22)_(MultiDim_Q2_y_z_pT_phi_h)_(Normalized)[0m (Histo Num 53572)
[91mSkipping: (MultiDim_5D_Histo)_(BC_RC_Bayesian)_(SMEAR=Smear)_(Q2_y_Bin_8)_(z_pT_Bin_22)_(MultiDim_Q2_y_z_pT_phi_h)_(Normalized)[0m (Histo Num 53573)
[91mSkipping: (MultiDim_5D_Histo)_(Bayesian)_(SMEAR=Smear)_(Q2_y_Bin_8)_(z_pT_Bin_23)_(MultiDim_Q2_y_z_pT_phi_h)_(Normalized)[0m (Histo Num 53575)
[91mSkipping: (MultiDim_5D_Histo)_(RC_Bayesian)_(SMEAR=Smear)_(Q2_y_Bin_8)_(z_pT_Bin_23)_(MultiDim_Q2_y_z_pT_phi_h)_(Normalized)[0m (Histo Num 53576)
[91mSkipping: (MultiDim_5D_Histo)_(BC_RC_Bayesian)_(SMEAR=Smear)_(Q2_y_Bin_8)_(z_pT_Bin_23)_(MultiDim_Q2_y_z_pT_phi_h)_(Normalized)[0m (Histo Num 53577)
[91mSkipping: (MultiDim_5D_Histo)_(Bayesian)_(SMEAR=Smear)_(Q2_y_Bin_8)_(z_pT_Bin_24)_(MultiDim_Q2_y_z_pT_phi_h)_(Normalized)[0m (Histo Num 53579)
[91mSkipping: (MultiDim_5D_Histo)_(RC_Bayesian)_(SMEAR=Smear)_(Q2_y_Bin_8)_(z_pT_Bin_24)_(MultiDim_Q2_y_z_pT_phi_h)_(Normalized)[0m (Histo Num 53580)
[91mSkipping: (MultiDim_5D_Histo)_(BC_RC_Bayesian)_(SMEAR=Smear)_(Q2_y_Bin_8)_(z_pT_Bin_24)_(MultiDim_Q2_y_z_pT_phi_h)_(Normalized)[0m (Histo Num 53581)
[91mSkipping: (MultiDim_5D_Histo)_(Bayesian)_(SMEAR=Smear)_(Q2_y_Bin_8)_(z_pT_Bin_25)_(MultiDim_Q2_y_z_pT_phi_h)_(Normalized)[0m (Histo Num 53583)
[91mSkipping: (MultiDim_5D_Histo)_(RC_Bayesian)_(SMEAR=Smear)_(Q2_y_Bin_8)_(z_pT_Bin_25)_(MultiDim_Q2_y_z_pT_phi_h)_(Normalized)[0m (Histo Num 53584)
[91mSkipping: (MultiDim_5D_Histo)_(BC_RC_Bayesian)_(SMEAR=Smear)_(Q2_y_Bin_8)_(z_pT_Bin_25)_(MultiDim_Q2_y_z_pT_phi_h)_(Normalized)[0m (Histo Num 53585)
[91mSkipping: (MultiDim_5D_Histo)_(Bayesian)_(SMEAR=Smear)_(Q2_y_Bin_8)_(z_pT_Bin_26)_(MultiDim_Q2_y_z_pT_phi_h)_(Normalized)[0m (Histo Num 53587)
[91mSkipping: (MultiDim_5D_Histo)_(RC_Bayesian)_(SMEAR=Smear)_(Q2_y_Bin_8)_(z_pT_Bin_26)_(MultiDim_Q2_y_z_pT_phi_h)_(Normalized)[0m (Histo Num 53588)
[91mSkipping: (MultiDim_5D_Histo)_(BC_RC_Bayesian)_(SMEAR=Smear)_(Q2_y_Bin_8)_(z_pT_Bin_26)_(MultiDim_Q2_y_z_pT_phi_h)_(Normalized)[0m (Histo Num 53589)
[91mSkipping: (MultiDim_5D_Histo)_(Bayesian)_(SMEAR=Smear)_(Q2_y_Bin_8)_(z_pT_Bin_27)_(MultiDim_Q2_y_z_pT_phi_h)_(Normalized)[0m (Histo Num 53591)
[91mSkipping: (MultiDim_5D_Histo)_(RC_Bayesian)_(SMEAR=Smear)_(Q2_y_Bin_8)_(z_pT_Bin_27)_(MultiDim_Q2_y_z_pT_phi_h)_(Normalized)[0m (Histo Num 53592)
[91mSkipping: (MultiDim_5D_Histo)_(BC_RC_Bayesian)_(SMEAR=Smear)_(Q2_y_Bin_8)_(z_pT_Bin_27)_(MultiDim_Q2_y_z_pT_phi_h)_(Normalized)[0m (Histo Num 53593)
[91mSkipping: (MultiDim_5D_Histo)_(Bayesian)_(SMEAR=Smear)_(Q2_y_Bin_8)_(z_pT_Bin_28)_(MultiDim_Q2_y_z_pT_phi_h)_(Normalized)[0m (Histo Num 53595)
[91mSkipping: (MultiDim_5D_Histo)_(RC_Bayesian)_(SMEAR=Smear)_(Q2_y_Bin_8)_(z_pT_Bin_28)_(MultiDim_Q2_y_z_pT_phi_h)_(Normalized)[0m (Histo Num 53596)
[91mSkipping: (MultiDim_5D_Histo)_(BC_RC_Bayesian)_(SMEAR=Smear)_(Q2_y_Bin_8)_(z_pT_Bin_28)_(MultiDim_Q2_y_z_pT_phi_h)_(Normalized)[0m (Histo Num 53597)
[91mSkipping: (MultiDim_5D_Histo)_(Bayesian)_(SMEAR=Smear)_(Q2_y_Bin_8)_(z_pT_Bin_29)_(MultiDim_Q2_y_z_pT_phi_h)_(Normalized)[0m (Histo Num 53599)
[91mSkipping: (MultiDim_5D_Histo)_(RC_Bayesian)_(SMEAR=Smear)_(Q2_y_Bin_8)_(z_pT_Bin_29)_(MultiDim_Q2_y_z_pT_phi_h)_(Normalized)[0m (Histo Num 53600)
[91mSkipping: (MultiDim_5D_Histo)_(BC_RC_Bayesian)_(SMEAR=Smear)_(Q2_y_Bin_8)_(z_pT_Bin_29)_(MultiDim_Q2_y_z_pT_phi_h)_(Normalized)[0m (Histo Num 53601)
[91mSkipping: (MultiDim_5D_Histo)_(Bayesian)_(SMEAR=Smear)_(Q2_y_Bin_8)_(z_pT_Bin_30)_(MultiDim_Q2_y_z_pT_phi_h)_(Normalized)[0m (Histo Num 53603)
[91mSkipping: (MultiDim_5D_Histo)_(RC_Bayesian)_(SMEAR=Smear)_(Q2_y_Bin_8)_(z_pT_Bin_30)_(MultiDim_Q2_y_z_pT_phi_h)_(Normalized)[0m (Histo Num 53604)
[91mSkipping: (MultiDim_5D_Histo)_(BC_RC_Bayesian)_(SMEAR=Smear)_(Q2_y_Bin_8)_(z_pT_Bin_30)_(MultiDim_Q2_y_z_pT_phi_h)_(Normalized)[0m (Histo Num 53605)
[91mSkipping: (MultiDim_5D_Histo)_(Bayesian)_(SMEAR=Smear)_(Q2_y_Bin_8)_(z_pT_Bin_31)_(MultiDim_Q2_y_z_pT_phi_h)_(Normalized)[0m (Histo Num 53607)
[91mSkipping: (MultiDim_5D_Histo)_(RC_Bayesian)_(SMEAR=Smear)_(Q2_y_Bin_8)_(z_pT_Bin_31)_(MultiDim_Q2_y_z_pT_phi_h)_(Normalized)[0m (Histo Num 53608)
[91mSkipping: (MultiDim_5D_Histo)_(BC_RC_Bayesian)_(SMEAR=Smear)_(Q2_y_Bin_8)_(z_pT_Bin_31)_(MultiDim_Q2_y_z_pT_phi_h)_(Normalized)[0m (Histo Num 53609)
[91mSkipping: (MultiDim_5D_Histo)_(Bayesian)_(SMEAR=Smear)_(Q2_y_Bin_8)_(z_pT_Bin_32)_(MultiDim_Q2_y_z_pT_phi_h)_(Normalized)[0m (Histo Num 53611)
[91mSkipping: (MultiDim_5D_Histo)_(RC_Bayesian)_(SMEAR=Smear)_(Q2_y_Bin_8)_(z_pT_Bin_32)_(MultiDim_Q2_y_z_pT_phi_h)_(Normalized)[0m (Histo Num 53612)
[91mSkipping: (MultiDim_5D_Histo)_(BC_RC_Bayesian)_(SMEAR=Smear)_(Q2_y_Bin_8)_(z_pT_Bin_32)_(MultiDim_Q2_y_z_pT_phi_h)_(Normalized)[0m (Histo Num 53613)
[91mSkipping: (MultiDim_5D_Histo)_(Bayesian)_(SMEAR=Smear)_(Q2_y_Bin_8)_(z_pT_Bin_33)_(MultiDim_Q2_y_z_pT_phi_h)_(Normalized)[0m (Histo Num 53615)
[91mSkipping: (MultiDim_5D_Histo)_(RC_Bayesian)_(SMEAR=Smear)_(Q2_y_Bin_8)_(z_pT_Bin_33)_(MultiDim_Q2_y_z_pT_phi_h)_(Normalized)[0m (Histo Num 53616)
[91mSkipping: (MultiDim_5D_Histo)_(BC_RC_Bayesian)_(SMEAR=Smear)_(Q2_y_Bin_8)_(z_pT_Bin_33)_(MultiDim_Q2_y_z_pT_phi_h)_(Normalized)[0m (Histo Num 53617)
[91mSkipping: (MultiDim_5D_Histo)_(Bayesian)_(SMEAR=Smear)_(Q2_y_Bin_8)_(z_pT_Bin_34)_(MultiDim_Q2_y_z_pT_phi_h)_(Normalized)[0m (Histo Num 53619)
[91mSkipping: (MultiDim_5D_Histo)_(RC_Bayesian)_(SMEAR=Smear)_(Q2_y_Bin_8)_(z_pT_Bin_34)_(MultiDim_Q2_y_z_pT_phi_h)_(Normalized)[0m (Histo Num 53620)
[91mSkipping: (MultiDim_5D_Histo)_(BC_RC_Bayesian)_(SMEAR=Smear)_(Q2_y_Bin_8)_(z_pT_Bin_34)_(MultiDim_Q2_y_z_pT_phi_h)_(Normalized)[0m (Histo Num 53621)
[91mSkipping: (MultiDim_5D_Histo)_(Bayesian)_(SMEAR=Smear)_(Q2_y_Bin_9)_(z_pT_Bin_1)_(MultiDim_Q2_y_z_pT_phi_h)_(Normalized)[0m (Histo Num 53623)
[91mSkipping: (MultiDim_5D_Histo)_(RC_Bayesian)_(SMEAR=Smear)_(Q2_y_Bin_9)_(z_pT_Bin_1)_(MultiDim_Q2_y_z_pT_phi_h)_(Normalized)[0m (Histo Num 53624)
[91mSkipping: (MultiDim_5D_Histo)_(BC_RC_Bayesian)_(SMEAR=Smear)_(Q2_y_Bin_9)_(z_pT_Bin_1)_(MultiDim_Q2_y_z_pT_phi_h)_(Normalized)[0m (Histo Num 53625)
[91mSkipping: (MultiDim_5D_Histo)_(Bayesian)_(SMEAR=Smear)_(Q2_y_Bin_9)_(z_pT_Bin_2)_(MultiDim_Q2_y_z_pT_phi_h)_(Normalized)[0m (Histo Num 53627)
[91mSkipping: (MultiDim_5D_Histo)_(RC_Bayesian)_(SMEAR=Smear)_(Q2_y_Bin_9)_(z_pT_Bin_2)_(MultiDim_Q2_y_z_pT_phi_h)_(Normalized)[0m (Histo Num 53628)
[91mSkipping: (MultiDim_5D_Histo)_(BC_RC_Bayesian)_(SMEAR=Smear)_(Q2_y_Bin_9)_(z_pT_Bin_2)_(MultiDim_Q2_y_z_pT_phi_h)_(Normalized)[0m (Histo Num 53629)
[91mSkipping: (MultiDim_5D_Histo)_(Bayesian)_(SMEAR=Smear)_(Q2_y_Bin_9)_(z_pT_Bin_3)_(MultiDim_Q2_y_z_pT_phi_h)_(Normalized)[0m (Histo Num 53631)
[91mSkipping: (MultiDim_5D_Histo)_(RC_Bayesian)_(SMEAR=Smear)_(Q2_y_Bin_9)_(z_pT_Bin_3)_(MultiDim_Q2_y_z_pT_phi_h)_(Normalized)[0m (Histo Num 53632)
[91mSkipping: (MultiDim_5D_Histo)_(BC_RC_Bayesian)_(SMEAR=Smear)_(Q2_y_Bin_9)_(z_pT_Bin_3)_(MultiDim_Q2_y_z_pT_phi_h)_(Normalized)[0m (Histo Num 53633)
[91mSkipping: (MultiDim_5D_Histo)_(Bayesian)_(SMEAR=Smear)_(Q2_y_Bin_9)_(z_pT_Bin_4)_(MultiDim_Q2_y_z_pT_phi_h)_(Normalized)[0m (Histo Num 53635)
[91mSkipping: (MultiDim_5D_Histo)_(RC_Bayesian)_(SMEAR=Smear)_(Q2_y_Bin_9)_(z_pT_Bin_4)_(MultiDim_Q2_y_z_pT_phi_h)_(Normalized)[0m (Histo Num 53636)
[91mSkipping: (MultiDim_5D_Histo)_(BC_RC_Bayesian)_(SMEAR=Smear)_(Q2_y_Bin_9)_(z_pT_Bin_4)_(MultiDim_Q2_y_z_pT_phi_h)_(Normalized)[0m (Histo Num 53637)
[91mSkipping: (MultiDim_5D_Histo)_(Bayesian)_(SMEAR=Smear)_(Q2_y_Bin_9)_(z_pT_Bin_5)_(MultiDim_Q2_y_z_pT_phi_h)_(Normalized)[0m (Histo Num 53639)
[91mSkipping: (MultiDim_5D_Histo)_(RC_Bayesian)_(SMEAR=Smear)_(Q2_y_Bin_9)_(z_pT_Bin_5)_(MultiDim_Q2_y_z_pT_phi_h)_(Normalized)[0m (Histo Num 53640)
[91mSkipping: (MultiDim_5D_Histo)_(BC_RC_Bayesian)_(SMEAR=Smear)_(Q2_y_Bin_9)_(z_pT_Bin_5)_(MultiDim_Q2_y_z_pT_phi_h)_(Normalized)[0m (Histo Num 53641)
[91mSkipping: (MultiDim_5D_Histo)_(Bayesian)_(SMEAR=Smear)_(Q2_y_Bin_9)_(z_pT_Bin_6)_(MultiDim_Q2_y_z_pT_phi_h)_(Normalized)[0m (Histo Num 53643)
[91mSkipping: (MultiDim_5D_Histo)_(RC_Bayesian)_(SMEAR=Smear)_(Q2_y_Bin_9)_(z_pT_Bin_6)_(MultiDim_Q2_y_z_pT_phi_h)_(Normalized)[0m (Histo Num 53644)
[91mSkipping: (MultiDim_5D_Histo)_(BC_RC_Bayesian)_(SMEAR=Smear)_(Q2_y_Bin_9)_(z_pT_Bin_6)_(MultiDim_Q2_y_z_pT_phi_h)_(Normalized)[0m (Histo Num 53645)
[91mSkipping: (MultiDim_5D_Histo)_(Bayesian)_(SMEAR=Smear)_(Q2_y_Bin_9)_(z_pT_Bin_7)_(MultiDim_Q2_y_z_pT_phi_h)_(Normalized)[0m (Histo Num 53647)
[91mSkipping: (MultiDim_5D_Histo)_(RC_Bayesian)_(SMEAR=Smear)_(Q2_y_Bin_9)_(z_pT_Bin_7)_(MultiDim_Q2_y_z_pT_phi_h)_(Normalized)[0m (Histo Num 53648)
[91mSkipping: (MultiDim_5D_Histo)_(BC_RC_Bayesian)_(SMEAR=Smear)_(Q2_y_Bin_9)_(z_pT_Bin_7)_(MultiDim_Q2_y_z_pT_phi_h)_(Normalized)[0m (Histo Num 53649)
[91mSkipping: (MultiDim_5D_Histo)_(Bayesian)_(SMEAR=Smear)_(Q2_y_Bin_9)_(z_pT_Bin_8)_(MultiDim_Q2_y_z_pT_phi_h)_(Normalized)[0m (Histo Num 53651)
[91mSkipping: (MultiDim_5D_Histo)_(RC_Bayesian)_(SMEAR=Smear)_(Q2_y_Bin_9)_(z_pT_Bin_8)_(MultiDim_Q2_y_z_pT_phi_h)_(Normalized)[0m (Histo Num 53652)
[91mSkipping: (MultiDim_5D_Histo)_(BC_RC_Bayesian)_(SMEAR=Smear)_(Q2_y_Bin_9)_(z_pT_Bin_8)_(MultiDim_Q2_y_z_pT_phi_h)_(Normalized)[0m (Histo Num 53653)
[91mSkipping: (MultiDim_5D_Histo)_(Bayesian)_(SMEAR=Smear)_(Q2_y_Bin_9)_(z_pT_Bin_9)_(MultiDim_Q2_y_z_pT_phi_h)_(Normalized)[0m (Histo Num 53655)
[91mSkipping: (MultiDim_5D_Histo)_(RC_Bayesian)_(SMEAR=Smear)_(Q2_y_Bin_9)_(z_pT_Bin_9)_(MultiDim_Q2_y_z_pT_phi_h)_(Normalized)[0m (Histo Num 53656)
[91mSkipping: (MultiDim_5D_Histo)_(BC_RC_Bayesian)_(SMEAR=Smear)_(Q2_y_Bin_9)_(z_pT_Bin_9)_(MultiDim_Q2_y_z_pT_phi_h)_(Normalized)[0m (Histo Num 53657)
[91mSkipping: (MultiDim_5D_Histo)_(Bayesian)_(SMEAR=Smear)_(Q2_y_Bin_9)_(z_pT_Bin_10)_(MultiDim_Q2_y_z_pT_phi_h)_(Normalized)[0m (Histo Num 53659)
[91mSkipping: (MultiDim_5D_Histo)_(RC_Bayesian)_(SMEAR=Smear)_(Q2_y_Bin_9)_(z_pT_Bin_10)_(MultiDim_Q2_y_z_pT_phi_h)_(Normalized)[0m (Histo Num 53660)
[91mSkipping: (MultiDim_5D_Histo)_(BC_RC_Bayesian)_(SMEAR=Smear)_(Q2_y_Bin_9)_(z_pT_Bin_10)_(MultiDim_Q2_y_z_pT_phi_h)_(Normalized)[0m (Histo Num 53661)
[91mSkipping: (MultiDim_5D_Histo)_(Bayesian)_(SMEAR=Smear)_(Q2_y_Bin_9)_(z_pT_Bin_11)_(MultiDim_Q2_y_z_pT_phi_h)_(Normalized)[0m (Histo Num 53663)
[91mSkipping: (MultiDim_5D_Histo)_(RC_Bayesian)_(SMEAR=Smear)_(Q2_y_Bin_9)_(z_pT_Bin_11)_(MultiDim_Q2_y_z_pT_phi_h)_(Normalized)[0m (Histo Num 53664)
[91mSkipping: (MultiDim_5D_Histo)_(BC_RC_Bayesian)_(SMEAR=Smear)_(Q2_y_Bin_9)_(z_pT_Bin_11)_(MultiDim_Q2_y_z_pT_phi_h)_(Normalized)[0m (Histo Num 53665)
[91mSkipping: (MultiDim_5D_Histo)_(Bayesian)_(SMEAR=Smear)_(Q2_y_Bin_9)_(z_pT_Bin_12)_(MultiDim_Q2_y_z_pT_phi_h)_(Normalized)[0m (Histo Num 53667)
[91mSkipping: (MultiDim_5D_Histo)_(RC_Bayesian)_(SMEAR=Smear)_(Q2_y_Bin_9)_(z_pT_Bin_12)_(MultiDim_Q2_y_z_pT_phi_h)_(Normalized)[0m (Histo Num 53668)
[91mSkipping: (MultiDim_5D_Histo)_(BC_RC_Bayesian)_(SMEAR=Smear)_(Q2_y_Bin_9)_(z_pT_Bin_12)_(MultiDim_Q2_y_z_pT_phi_h)_(Normalized)[0m (Histo Num 53669)
[91mSkipping: (MultiDim_5D_Histo)_(Bayesian)_(SMEAR=Smear)_(Q2_y_Bin_9)_(z_pT_Bin_13)_(MultiDim_Q2_y_z_pT_phi_h)_(Normalized)[0m (Histo Num 53671)
[91mSkipping: (MultiDim_5D_Histo)_(RC_Bayesian)_(SMEAR=Smear)_(Q2_y_Bin_9)_(z_pT_Bin_13)_(MultiDim_Q2_y_z_pT_phi_h)_(Normalized)[0m (Histo Num 53672)
[91mSkipping: (MultiDim_5D_Histo)_(BC_RC_Bayesian)_(SMEAR=Smear)_(Q2_y_Bin_9)_(z_pT_Bin_13)_(MultiDim_Q2_y_z_pT_phi_h)_(Normalized)[0m (Histo Num 53673)
[91mSkipping: (MultiDim_5D_Histo)_(Bayesian)_(SMEAR=Smear)_(Q2_y_Bin_9)_(z_pT_Bin_14)_(MultiDim_Q2_y_z_pT_phi_h)_(Normalized)[0m (Histo Num 53675)
[91mSkipping: (MultiDim_5D_Histo)_(RC_Bayesian)_(SMEAR=Smear)_(Q2_y_Bin_9)_(z_pT_Bin_14)_(MultiDim_Q2_y_z_pT_phi_h)_(Normalized)[0m (Histo Num 53676)
[91mSkipping: (MultiDim_5D_Histo)_(BC_RC_Bayesian)_(SMEAR=Smear)_(Q2_y_Bin_9)_(z_pT_Bin_14)_(MultiDim_Q2_y_z_pT_phi_h)_(Normalized)[0m (Histo Num 53677)
[91mSkipping: (MultiDim_5D_Histo)_(Bayesian)_(SMEAR=Smear)_(Q2_y_Bin_9)_(z_pT_Bin_15)_(MultiDim_Q2_y_z_pT_phi_h)_(Normalized)[0m (Histo Num 53679)
[91mSkipping: (MultiDim_5D_Histo)_(RC_Bayesian)_(SMEAR=Smear)_(Q2_y_Bin_9)_(z_pT_Bin_15)_(MultiDim_Q2_y_z_pT_phi_h)_(Normalized)[0m (Histo Num 53680)
[91mSkipping: (MultiDim_5D_Histo)_(BC_RC_Bayesian)_(SMEAR=Smear)_(Q2_y_Bin_9)_(z_pT_Bin_15)_(MultiDim_Q2_y_z_pT_phi_h)_(Normalized)[0m (Histo Num 53681)
[91mSkipping: (MultiDim_5D_Histo)_(Bayesian)_(SMEAR=Smear)_(Q2_y_Bin_9)_(z_pT_Bin_16)_(MultiDim_Q2_y_z_pT_phi_h)_(Normalized)[0m (Histo Num 53683)
[91mSkipping: (MultiDim_5D_Histo)_(RC_Bayesian)_(SMEAR=Smear)_(Q2_y_Bin_9)_(z_pT_Bin_16)_(MultiDim_Q2_y_z_pT_phi_h)_(Normalized)[0m (Histo Num 53684)
[91mSkipping: (MultiDim_5D_Histo)_(BC_RC_Bayesian)_(SMEAR=Smear)_(Q2_y_Bin_9)_(z_pT_Bin_16)_(MultiDim_Q2_y_z_pT_phi_h)_(Normalized)[0m (Histo Num 53685)
[91mSkipping: (MultiDim_5D_Histo)_(Bayesian)_(SMEAR=Smear)_(Q2_y_Bin_9)_(z_pT_Bin_17)_(MultiDim_Q2_y_z_pT_phi_h)_(Normalized)[0m (Histo Num 53687)
[91mSkipping: (MultiDim_5D_Histo)_(RC_Bayesian)_(SMEAR=Smear)_(Q2_y_Bin_9)_(z_pT_Bin_17)_(MultiDim_Q2_y_z_pT_phi_h)_(Normalized)[0m (Histo Num 53688)
[91mSkipping: (MultiDim_5D_Histo)_(BC_RC_Bayesian)_(SMEAR=Smear)_(Q2_y_Bin_9)_(z_pT_Bin_17)_(MultiDim_Q2_y_z_pT_phi_h)_(Normalized)[0m (Histo Num 53689)
[91mSkipping: (MultiDim_5D_Histo)_(Bayesian)_(SMEAR=Smear)_(Q2_y_Bin_9)_(z_pT_Bin_18)_(MultiDim_Q2_y_z_pT_phi_h)_(Normalized)[0m (Histo Num 53691)
[91mSkipping: (MultiDim_5D_Histo)_(RC_Bayesian)_(SMEAR=Smear)_(Q2_y_Bin_9)_(z_pT_Bin_18)_(MultiDim_Q2_y_z_pT_phi_h)_(Normalized)[0m (Histo Num 53692)
[91mSkipping: (MultiDim_5D_Histo)_(BC_RC_Bayesian)_(SMEAR=Smear)_(Q2_y_Bin_9)_(z_pT_Bin_18)_(MultiDim_Q2_y_z_pT_phi_h)_(Normalized)[0m (Histo Num 53693)
[91mSkipping: (MultiDim_5D_Histo)_(Bayesian)_(SMEAR=Smear)_(Q2_y_Bin_9)_(z_pT_Bin_19)_(MultiDim_Q2_y_z_pT_phi_h)_(Normalized)[0m (Histo Num 53695)
[91mSkipping: (MultiDim_5D_Histo)_(RC_Bayesian)_(SMEAR=Smear)_(Q2_y_Bin_9)_(z_pT_Bin_19)_(MultiDim_Q2_y_z_pT_phi_h)_(Normalized)[0m (Histo Num 53696)
[91mSkipping: (MultiDim_5D_Histo)_(BC_RC_Bayesian)_(SMEAR=Smear)_(Q2_y_Bin_9)_(z_pT_Bin_19)_(MultiDim_Q2_y_z_pT_phi_h)_(Normalized)[0m (Histo Num 53697)
[91mSkipping: (MultiDim_5D_Histo)_(Bayesian)_(SMEAR=Smear)_(Q2_y_Bin_9)_(z_pT_Bin_20)_(MultiDim_Q2_y_z_pT_phi_h)_(Normalized)[0m (Histo Num 53699)
[91mSkipping: (MultiDim_5D_Histo)_(RC_Bayesian)_(SMEAR=Smear)_(Q2_y_Bin_9)_(z_pT_Bin_20)_(MultiDim_Q2_y_z_pT_phi_h)_(Normalized)[0m (Histo Num 53700)
[91mSkipping: (MultiDim_5D_Histo)_(BC_RC_Bayesian)_(SMEAR=Smear)_(Q2_y_Bin_9)_(z_pT_Bin_20)_(MultiDim_Q2_y_z_pT_phi_h)_(Normalized)[0m (Histo Num 53701)
[91mSkipping: (MultiDim_5D_Histo)_(Bayesian)_(SMEAR=Smear)_(Q2_y_Bin_9)_(z_pT_Bin_22)_(MultiDim_Q2_y_z_pT_phi_h)_(Normalized)[0m (Histo Num 53703)
[91mSkipping: (MultiDim_5D_Histo)_(RC_Bayesian)_(SMEAR=Smear)_(Q2_y_Bin_9)_(z_pT_Bin_22)_(MultiDim_Q2_y_z_pT_phi_h)_(Normalized)[0m (Histo Num 53704)
[91mSkipping: (MultiDim_5D_Histo)_(BC_RC_Bayesian)_(SMEAR=Smear)_(Q2_y_Bin_9)_(z_pT_Bin_22)_(MultiDim_Q2_y_z_pT_phi_h)_(Normalized)[0m (Histo Num 53705)
[91mSkipping: (MultiDim_5D_Histo)_(Bayesian)_(SMEAR=Smear)_(Q2_y_Bin_9)_(z_pT_Bin_23)_(MultiDim_Q2_y_z_pT_phi_h)_(Normalized)[0m (Histo Num 53707)
[91mSkipping: (MultiDim_5D_Histo)_(RC_Bayesian)_(SMEAR=Smear)_(Q2_y_Bin_9)_(z_pT_Bin_23)_(MultiDim_Q2_y_z_pT_phi_h)_(Normalized)[0m (Histo Num 53708)
[91mSkipping: (MultiDim_5D_Histo)_(BC_RC_Bayesian)_(SMEAR=Smear)_(Q2_y_Bin_9)_(z_pT_Bin_23)_(MultiDim_Q2_y_z_pT_phi_h)_(Normalized)[0m (Histo Num 53709)
[91mSkipping: (MultiDim_5D_Histo)_(Bayesian)_(SMEAR=Smear)_(Q2_y_Bin_9)_(z_pT_Bin_24)_(MultiDim_Q2_y_z_pT_phi_h)_(Normalized)[0m (Histo Num 53711)
[91mSkipping: (MultiDim_5D_Histo)_(RC_Bayesian)_(SMEAR=Smear)_(Q2_y_Bin_9)_(z_pT_Bin_24)_(MultiDim_Q2_y_z_pT_phi_h)_(Normalized)[0m (Histo Num 53712)
[91mSkipping: (MultiDim_5D_Histo)_(BC_RC_Bayesian)_(SMEAR=Smear)_(Q2_y_Bin_9)_(z_pT_Bin_24)_(MultiDim_Q2_y_z_pT_phi_h)_(Normalized)[0m (Histo Num 53713)
[91mSkipping: (MultiDim_5D_Histo)_(Bayesian)_(SMEAR=Smear)_(Q2_y_Bin_9)_(z_pT_Bin_25)_(MultiDim_Q2_y_z_pT_phi_h)_(Normalized)[0m (Histo Num 53715)
[91mSkipping: (MultiDim_5D_Histo)_(RC_Bayesian)_(SMEAR=Smear)_(Q2_y_Bin_9)_(z_pT_Bin_25)_(MultiDim_Q2_y_z_pT_phi_h)_(Normalized)[0m (Histo Num 53716)
[91mSkipping: (MultiDim_5D_Histo)_(BC_RC_Bayesian)_(SMEAR=Smear)_(Q2_y_Bin_9)_(z_pT_Bin_25)_(MultiDim_Q2_y_z_pT_phi_h)_(Normalized)[0m (Histo Num 53717)
[91mSkipping: (MultiDim_5D_Histo)_(Bayesian)_(SMEAR=Smear)_(Q2_y_Bin_9)_(z_pT_Bin_26)_(MultiDim_Q2_y_z_pT_phi_h)_(Normalized)[0m (Histo Num 53719)
[91mSkipping: (MultiDim_5D_Histo)_(RC_Bayesian)_(SMEAR=Smear)_(Q2_y_Bin_9)_(z_pT_Bin_26)_(MultiDim_Q2_y_z_pT_phi_h)_(Normalized)[0m (Histo Num 53720)
[91mSkipping: (MultiDim_5D_Histo)_(BC_RC_Bayesian)_(SMEAR=Smear)_(Q2_y_Bin_9)_(z_pT_Bin_26)_(MultiDim_Q2_y_z_pT_phi_h)_(Normalized)[0m (Histo Num 53721)
[91mSkipping: (MultiDim_5D_Histo)_(Bayesian)_(SMEAR=Smear)_(Q2_y_Bin_9)_(z_pT_Bin_29)_(MultiDim_Q2_y_z_pT_phi_h)_(Normalized)[0m (Histo Num 53723)
[91mSkipping: (MultiDim_5D_Histo)_(RC_Bayesian)_(SMEAR=Smear)_(Q2_y_Bin_9)_(z_pT_Bin_29)_(MultiDim_Q2_y_z_pT_phi_h)_(Normalized)[0m (Histo Num 53724)
[91mSkipping: (MultiDim_5D_Histo)_(BC_RC_Bayesian)_(SMEAR=Smear)_(Q2_y_Bin_9)_(z_pT_Bin_29)_(MultiDim_Q2_y_z_pT_phi_h)_(Normalized)[0m (Histo Num 53725)
[91mSkipping: (MultiDim_5D_Histo)_(Bayesian)_(SMEAR=Smear)_(Q2_y_Bin_9)_(z_pT_Bin_30)_(MultiDim_Q2_y_z_pT_phi_h)_(Normalized)[0m (Histo Num 53727)
[91mSkipping: (MultiDim_5D_Histo)_(RC_Bayesian)_(SMEAR=Smear)_(Q2_y_Bin_9)_(z_pT_Bin_30)_(MultiDim_Q2_y_z_pT_phi_h)_(Normalized)[0m (Histo Num 53728)
[91mSkipping: (MultiDim_5D_Histo)_(BC_RC_Bayesian)_(SMEAR=Smear)_(Q2_y_Bin_9)_(z_pT_Bin_30)_(MultiDim_Q2_y_z_pT_phi_h)_(Normalized)[0m (Histo Num 53729)
[91mSkipping: (MultiDim_5D_Histo)_(Bayesian)_(SMEAR=Smear)_(Q2_y_Bin_9)_(z_pT_Bin_31)_(MultiDim_Q2_y_z_pT_phi_h)_(Normalized)[0m (Histo Num 53731)
[91mSkipping: (MultiDim_5D_Histo)_(RC_Bayesian)_(SMEAR=Smear)_(Q2_y_Bin_9)_(z_pT_Bin_31)_(MultiDim_Q2_y_z_pT_phi_h)_(Normalized)[0m (Histo Num 53732)
[91mSkipping: (MultiDim_5D_Histo)_(BC_RC_Bayesian)_(SMEAR=Smear)_(Q2_y_Bin_9)_(z_pT_Bin_31)_(MultiDim_Q2_y_z_pT_phi_h)_(Normalized)[0m (Histo Num 53733)
[91mSkipping: (MultiDim_5D_Histo)_(Bayesian)_(SMEAR=Smear)_(Q2_y_Bin_9)_(z_pT_Bin_32)_(MultiDim_Q2_y_z_pT_phi_h)_(Normalized)[0m (Histo Num 53735)
[91mSkipping: (MultiDim_5D_Histo)_(RC_Bayesian)_(SMEAR=Smear)_(Q2_y_Bin_9)_(z_pT_Bin_32)_(MultiDim_Q2_y_z_pT_phi_h)_(Normalized)[0m (Histo Num 53736)
[91mSkipping: (MultiDim_5D_Histo)_(BC_RC_Bayesian)_(SMEAR=Smear)_(Q2_y_Bin_9)_(z_pT_Bin_32)_(MultiDim_Q2_y_z_pT_phi_h)_(Normalized)[0m (Histo Num 53737)
[91mSkipping: (MultiDim_5D_Histo)_(Bayesian)_(SMEAR=Smear)_(Q2_y_Bin_10)_(z_pT_Bin_1)_(MultiDim_Q2_y_z_pT_phi_h)_(Normalized)[0m (Histo Num 53739)
[91mSkipping: (MultiDim_5D_Histo)_(RC_Bayesian)_(SMEAR=Smear)_(Q2_y_Bin_10)_(z_pT_Bin_1)_(MultiDim_Q2_y_z_pT_phi_h)_(Normalized)[0m (Histo Num 53740)
[91mSkipping: (MultiDim_5D_Histo)_(BC_RC_Bayesian)_(SMEAR=Smear)_(Q2_y_Bin_10)_(z_pT_Bin_1)_(MultiDim_Q2_y_z_pT_phi_h)_(Normalized)[0m (Histo Num 53741)
[91mSkipping: (MultiDim_5D_Histo)_(Bayesian)_(SMEAR=Smear)_(Q2_y_Bin_10)_(z_pT_Bin_2)_(MultiDim_Q2_y_z_pT_phi_h)_(Normalized)[0m (Histo Num 53743)
[91mSkipping: (MultiDim_5D_Histo)_(RC_Bayesian)_(SMEAR=Smear)_(Q2_y_Bin_10)_(z_pT_Bin_2)_(MultiDim_Q2_y_z_pT_phi_h)_(Normalized)[0m (Histo Num 53744)
[91mSkipping: (MultiDim_5D_Histo)_(BC_RC_Bayesian)_(SMEAR=Smear)_(Q2_y_Bin_10)_(z_pT_Bin_2)_(MultiDim_Q2_y_z_pT_phi_h)_(Normalized)[0m (Histo Num 53745)
[91mSkipping: (MultiDim_5D_Histo)_(Bayesian)_(SMEAR=Smear)_(Q2_y_Bin_10)_(z_pT_Bin_3)_(MultiDim_Q2_y_z_pT_phi_h)_(Normalized)[0m (Histo Num 53747)
[91mSkipping: (MultiDim_5D_Histo)_(RC_Bayesian)_(SMEAR=Smear)_(Q2_y_Bin_10)_(z_pT_Bin_3)_(MultiDim_Q2_y_z_pT_phi_h)_(Normalized)[0m (Histo Num 53748)
[91mSkipping: (MultiDim_5D_Histo)_(BC_RC_Bayesian)_(SMEAR=Smear)_(Q2_y_Bin_10)_(z_pT_Bin_3)_(MultiDim_Q2_y_z_pT_phi_h)_(Normalized)[0m (Histo Num 53749)
[91mSkipping: (MultiDim_5D_Histo)_(Bayesian)_(SMEAR=Smear)_(Q2_y_Bin_10)_(z_pT_Bin_4)_(MultiDim_Q2_y_z_pT_phi_h)_(Normalized)[0m (Histo Num 53751)
[91mSkipping: (MultiDim_5D_Histo)_(RC_Bayesian)_(SMEAR=Smear)_(Q2_y_Bin_10)_(z_pT_Bin_4)_(MultiDim_Q2_y_z_pT_phi_h)_(Normalized)[0m (Histo Num 53752)
[91mSkipping: (MultiDim_5D_Histo)_(BC_RC_Bayesian)_(SMEAR=Smear)_(Q2_y_Bin_10)_(z_pT_Bin_4)_(MultiDim_Q2_y_z_pT_phi_h)_(Normalized)[0m (Histo Num 53753)
[91mSkipping: (MultiDim_5D_Histo)_(Bayesian)_(SMEAR=Smear)_(Q2_y_Bin_10)_(z_pT_Bin_5)_(MultiDim_Q2_y_z_pT_phi_h)_(Normalized)[0m (Histo Num 53755)
[91mSkipping: (MultiDim_5D_Histo)_(RC_Bayesian)_(SMEAR=Smear)_(Q2_y_Bin_10)_(z_pT_Bin_5)_(MultiDim_Q2_y_z_pT_phi_h)_(Normalized)[0m (Histo Num 53756)
[91mSkipping: (MultiDim_5D_Histo)_(BC_RC_Bayesian)_(SMEAR=Smear)_(Q2_y_Bin_10)_(z_pT_Bin_5)_(MultiDim_Q2_y_z_pT_phi_h)_(Normalized)[0m (Histo Num 53757)
[91mSkipping: (MultiDim_5D_Histo)_(Bayesian)_(SMEAR=Smear)_(Q2_y_Bin_10)_(z_pT_Bin_6)_(MultiDim_Q2_y_z_pT_phi_h)_(Normalized)[0m (Histo Num 53759)
[91mSkipping: (MultiDim_5D_Histo)_(RC_Bayesian)_(SMEAR=Smear)_(Q2_y_Bin_10)_(z_pT_Bin_6)_(MultiDim_Q2_y_z_pT_phi_h)_(Normalized)[0m (Histo Num 53760)
[91mSkipping: (MultiDim_5D_Histo)_(BC_RC_Bayesian)_(SMEAR=Smear)_(Q2_y_Bin_10)_(z_pT_Bin_6)_(MultiDim_Q2_y_z_pT_phi_h)_(Normalized)[0m (Histo Num 53761)
[91mSkipping: (MultiDim_5D_Histo)_(Bayesian)_(SMEAR=Smear)_(Q2_y_Bin_10)_(z_pT_Bin_7)_(MultiDim_Q2_y_z_pT_phi_h)_(Normalized)[0m (Histo Num 53763)
[91mSkipping: (MultiDim_5D_Histo)_(RC_Bayesian)_(SMEAR=Smear)_(Q2_y_Bin_10)_(z_pT_Bin_7)_(MultiDim_Q2_y_z_pT_phi_h)_(Normalized)[0m (Histo Num 53764)
[91mSkipping: (MultiDim_5D_Histo)_(BC_RC_Bayesian)_(SMEAR=Smear)_(Q2_y_Bin_10)_(z_pT_Bin_7)_(MultiDim_Q2_y_z_pT_phi_h)_(Normalized)[0m (Histo Num 53765)
[91mSkipping: (MultiDim_5D_Histo)_(Bayesian)_(SMEAR=Smear)_(Q2_y_Bin_10)_(z_pT_Bin_8)_(MultiDim_Q2_y_z_pT_phi_h)_(Normalized)[0m (Histo Num 53767)
[91mSkipping: (MultiDim_5D_Histo)_(RC_Bayesian)_(SMEAR=Smear)_(Q2_y_Bin_10)_(z_pT_Bin_8)_(MultiDim_Q2_y_z_pT_phi_h)_(Normalized)[0m (Histo Num 53768)
[91mSkipping: (MultiDim_5D_Histo)_(BC_RC_Bayesian)_(SMEAR=Smear)_(Q2_y_Bin_10)_(z_pT_Bin_8)_(MultiDim_Q2_y_z_pT_phi_h)_(Normalized)[0m (Histo Num 53769)
[91mSkipping: (MultiDim_5D_Histo)_(Bayesian)_(SMEAR=Smear)_(Q2_y_Bin_10)_(z_pT_Bin_9)_(MultiDim_Q2_y_z_pT_phi_h)_(Normalized)[0m (Histo Num 53771)
[91mSkipping: (MultiDim_5D_Histo)_(RC_Bayesian)_(SMEAR=Smear)_(Q2_y_Bin_10)_(z_pT_Bin_9)_(MultiDim_Q2_y_z_pT_phi_h)_(Normalized)[0m (Histo Num 53772)
[91mSkipping: (MultiDim_5D_Histo)_(BC_RC_Bayesian)_(SMEAR=Smear)_(Q2_y_Bin_10)_(z_pT_Bin_9)_(MultiDim_Q2_y_z_pT_phi_h)_(Normalized)[0m (Histo Num 53773)
[91mSkipping: (MultiDim_5D_Histo)_(Bayesian)_(SMEAR=Smear)_(Q2_y_Bin_10)_(z_pT_Bin_10)_(MultiDim_Q2_y_z_pT_phi_h)_(Normalized)[0m (Histo Num 53775)
[91mSkipping: (MultiDim_5D_Histo)_(RC_Bayesian)_(SMEAR=Smear)_(Q2_y_Bin_10)_(z_pT_Bin_10)_(MultiDim_Q2_y_z_pT_phi_h)_(Normalized)[0m (Histo Num 53776)
[91mSkipping: (MultiDim_5D_Histo)_(BC_RC_Bayesian)_(SMEAR=Smear)_(Q2_y_Bin_10)_(z_pT_Bin_10)_(MultiDim_Q2_y_z_pT_phi_h)_(Normalized)[0m (Histo Num 53777)
[91mSkipping: (MultiDim_5D_Histo)_(Bayesian)_(SMEAR=Smear)_(Q2_y_Bin_10)_(z_pT_Bin_11)_(MultiDim_Q2_y_z_pT_phi_h)_(Normalized)[0m (Histo Num 53779)
[91mSkipping: (MultiDim_5D_Histo)_(RC_Bayesian)_(SMEAR=Smear)_(Q2_y_Bin_10)_(z_pT_Bin_11)_(MultiDim_Q2_y_z_pT_phi_h)_(Normalized)[0m (Histo Num 53780)
[91mSkipping: (MultiDim_5D_Histo)_(BC_RC_Bayesian)_(SMEAR=Smear)_(Q2_y_Bin_10)_(z_pT_Bin_11)_(MultiDim_Q2_y_z_pT_phi_h)_(Normalized)[0m (Histo Num 53781)
[91mSkipping: (MultiDim_5D_Histo)_(Bayesian)_(SMEAR=Smear)_(Q2_y_Bin_10)_(z_pT_Bin_12)_(MultiDim_Q2_y_z_pT_phi_h)_(Normalized)[0m (Histo Num 53783)
[91mSkipping: (MultiDim_5D_Histo)_(RC_Bayesian)_(SMEAR=Smear)_(Q2_y_Bin_10)_(z_pT_Bin_12)_(MultiDim_Q2_y_z_pT_phi_h)_(Normalized)[0m (Histo Num 53784)
[91mSkipping: (MultiDim_5D_Histo)_(BC_RC_Bayesian)_(SMEAR=Smear)_(Q2_y_Bin_10)_(z_pT_Bin_12)_(MultiDim_Q2_y_z_pT_phi_h)_(Normalized)[0m (Histo Num 53785)
[91mSkipping: (MultiDim_5D_Histo)_(Bayesian)_(SMEAR=Smear)_(Q2_y_Bin_10)_(z_pT_Bin_13)_(MultiDim_Q2_y_z_pT_phi_h)_(Normalized)[0m (Histo Num 53787)
[91mSkipping: (MultiDim_5D_Histo)_(RC_Bayesian)_(SMEAR=Smear)_(Q2_y_Bin_10)_(z_pT_Bin_13)_(MultiDim_Q2_y_z_pT_phi_h)_(Normalized)[0m (Histo Num 53788)
[91mSkipping: (MultiDim_5D_Histo)_(BC_RC_Bayesian)_(SMEAR=Smear)_(Q2_y_Bin_10)_(z_pT_Bin_13)_(MultiDim_Q2_y_z_pT_phi_h)_(Normalized)[0m (Histo Num 53789)
[91mSkipping: (MultiDim_5D_Histo)_(Bayesian)_(SMEAR=Smear)_(Q2_y_Bin_10)_(z_pT_Bin_14)_(MultiDim_Q2_y_z_pT_phi_h)_(Normalized)[0m (Histo Num 53791)
[91mSkipping: (MultiDim_5D_Histo)_(RC_Bayesian)_(SMEAR=Smear)_(Q2_y_Bin_10)_(z_pT_Bin_14)_(MultiDim_Q2_y_z_pT_phi_h)_(Normalized)[0m (Histo Num 53792)
[91mSkipping: (MultiDim_5D_Histo)_(BC_RC_Bayesian)_(SMEAR=Smear)_(Q2_y_Bin_10)_(z_pT_Bin_14)_(MultiDim_Q2_y_z_pT_phi_h)_(Normalized)[0m (Histo Num 53793)
[91mSkipping: (MultiDim_5D_Histo)_(Bayesian)_(SMEAR=Smear)_(Q2_y_Bin_10)_(z_pT_Bin_15)_(MultiDim_Q2_y_z_pT_phi_h)_(Normalized)[0m (Histo Num 53795)
[91mSkipping: (MultiDim_5D_Histo)_(RC_Bayesian)_(SMEAR=Smear)_(Q2_y_Bin_10)_(z_pT_Bin_15)_(MultiDim_Q2_y_z_pT_phi_h)_(Normalized)[0m (Histo Num 53796)
[91mSkipping: (MultiDim_5D_Histo)_(BC_RC_Bayesian)_(SMEAR=Smear)_(Q2_y_Bin_10)_(z_pT_Bin_15)_(MultiDim_Q2_y_z_pT_phi_h)_(Normalized)[0m (Histo Num 53797)
[91mSkipping: (MultiDim_5D_Histo)_(Bayesian)_(SMEAR=Smear)_(Q2_y_Bin_10)_(z_pT_Bin_16)_(MultiDim_Q2_y_z_pT_phi_h)_(Normalized)[0m (Histo Num 53799)
[91mSkipping: (MultiDim_5D_Histo)_(RC_Bayesian)_(SMEAR=Smear)_(Q2_y_Bin_10)_(z_pT_Bin_16)_(MultiDim_Q2_y_z_pT_phi_h)_(Normalized)[0m (Histo Num 53800)
[91mSkipping: (MultiDim_5D_Histo)_(BC_RC_Bayesian)_(SMEAR=Smear)_(Q2_y_Bin_10)_(z_pT_Bin_16)_(MultiDim_Q2_y_z_pT_phi_h)_(Normalized)[0m (Histo Num 53801)
[91mSkipping: (MultiDim_5D_Histo)_(Bayesian)_(SMEAR=Smear)_(Q2_y_Bin_10)_(z_pT_Bin_17)_(MultiDim_Q2_y_z_pT_phi_h)_(Normalized)[0m (Histo Num 53803)
[91mSkipping: (MultiDim_5D_Histo)_(RC_Bayesian)_(SMEAR=Smear)_(Q2_y_Bin_10)_(z_pT_Bin_17)_(MultiDim_Q2_y_z_pT_phi_h)_(Normalized)[0m (Histo Num 53804)
[91mSkipping: (MultiDim_5D_Histo)_(BC_RC_Bayesian)_(SMEAR=Smear)_(Q2_y_Bin_10)_(z_pT_Bin_17)_(MultiDim_Q2_y_z_pT_phi_h)_(Normalized)[0m (Histo Num 53805)
[91mSkipping: (MultiDim_5D_Histo)_(Bayesian)_(SMEAR=Smear)_(Q2_y_Bin_10)_(z_pT_Bin_18)_(MultiDim_Q2_y_z_pT_phi_h)_(Normalized)[0m (Histo Num 53807)
[91mSkipping: (MultiDim_5D_Histo)_(RC_Bayesian)_(SMEAR=Smear)_(Q2_y_Bin_10)_(z_pT_Bin_18)_(MultiDim_Q2_y_z_pT_phi_h)_(Normalized)[0m (Histo Num 53808)
[91mSkipping: (MultiDim_5D_Histo)_(BC_RC_Bayesian)_(SMEAR=Smear)_(Q2_y_Bin_10)_(z_pT_Bin_18)_(MultiDim_Q2_y_z_pT_phi_h)_(Normalized)[0m (Histo Num 53809)
[91mSkipping: (MultiDim_5D_Histo)_(Bayesian)_(SMEAR=Smear)_(Q2_y_Bin_10)_(z_pT_Bin_19)_(MultiDim_Q2_y_z_pT_phi_h)_(Normalized)[0m (Histo Num 53811)
[91mSkipping: (MultiDim_5D_Histo)_(RC_Bayesian)_(SMEAR=Smear)_(Q2_y_Bin_10)_(z_pT_Bin_19)_(MultiDim_Q2_y_z_pT_phi_h)_(Normalized)[0m (Histo Num 53812)
[91mSkipping: (MultiDim_5D_Histo)_(BC_RC_Bayesian)_(SMEAR=Smear)_(Q2_y_Bin_10)_(z_pT_Bin_19)_(MultiDim_Q2_y_z_pT_phi_h)_(Normalized)[0m (Histo Num 53813)
[91mSkipping: (MultiDim_5D_Histo)_(Bayesian)_(SMEAR=Smear)_(Q2_y_Bin_10)_(z_pT_Bin_20)_(MultiDim_Q2_y_z_pT_phi_h)_(Normalized)[0m (Histo Num 53815)
[91mSkipping: (MultiDim_5D_Histo)_(RC_Bayesian)_(SMEAR=Smear)_(Q2_y_Bin_10)_(z_pT_Bin_20)_(MultiDim_Q2_y_z_pT_phi_h)_(Normalized)[0m (Histo Num 53816)
[91mSkipping: (MultiDim_5D_Histo)_(BC_RC_Bayesian)_(SMEAR=Smear)_(Q2_y_Bin_10)_(z_pT_Bin_20)_(MultiDim_Q2_y_z_pT_phi_h)_(Normalized)[0m (Histo Num 53817)
[91mSkipping: (MultiDim_5D_Histo)_(Bayesian)_(SMEAR=Smear)_(Q2_y_Bin_10)_(z_pT_Bin_21)_(MultiDim_Q2_y_z_pT_phi_h)_(Normalized)[0m (Histo Num 53819)
[91mSkipping: (MultiDim_5D_Histo)_(RC_Bayesian)_(SMEAR=Smear)_(Q2_y_Bin_10)_(z_pT_Bin_21)_(MultiDim_Q2_y_z_pT_phi_h)_(Normalized)[0m (Histo Num 53820)
[91mSkipping: (MultiDim_5D_Histo)_(BC_RC_Bayesian)_(SMEAR=Smear)_(Q2_y_Bin_10)_(z_pT_Bin_21)_(MultiDim_Q2_y_z_pT_phi_h)_(Normalized)[0m (Histo Num 53821)
[91mSkipping: (MultiDim_5D_Histo)_(Bayesian)_(SMEAR=Smear)_(Q2_y_Bin_10)_(z_pT_Bin_22)_(MultiDim_Q2_y_z_pT_phi_h)_(Normalized)[0m (Histo Num 53823)
[91mSkipping: (MultiDim_5D_Histo)_(RC_Bayesian)_(SMEAR=Smear)_(Q2_y_Bin_10)_(z_pT_Bin_22)_(MultiDim_Q2_y_z_pT_phi_h)_(Normalized)[0m (Histo Num 53824)
[91mSkipping: (MultiDim_5D_Histo)_(BC_RC_Bayesian)_(SMEAR=Smear)_(Q2_y_Bin_10)_(z_pT_Bin_22)_(MultiDim_Q2_y_z_pT_phi_h)_(Normalized)[0m (Histo Num 53825)
[91mSkipping: (MultiDim_5D_Histo)_(Bayesian)_(SMEAR=Smear)_(Q2_y_Bin_10)_(z_pT_Bin_23)_(MultiDim_Q2_y_z_pT_phi_h)_(Normalized)[0m (Histo Num 53827)
[91mSkipping: (MultiDim_5D_Histo)_(RC_Bayesian)_(SMEAR=Smear)_(Q2_y_Bin_10)_(z_pT_Bin_23)_(MultiDim_Q2_y_z_pT_phi_h)_(Normalized)[0m (Histo Num 53828)
[91mSkipping: (MultiDim_5D_Histo)_(BC_RC_Bayesian)_(SMEAR=Smear)_(Q2_y_Bin_10)_(z_pT_Bin_23)_(MultiDim_Q2_y_z_pT_phi_h)_(Normalized)[0m (Histo Num 53829)
[91mSkipping: (MultiDim_5D_Histo)_(Bayesian)_(SMEAR=Smear)_(Q2_y_Bin_10)_(z_pT_Bin_25)_(MultiDim_Q2_y_z_pT_phi_h)_(Normalized)[0m (Histo Num 53831)
[91mSkipping: (MultiDim_5D_Histo)_(RC_Bayesian)_(SMEAR=Smear)_(Q2_y_Bin_10)_(z_pT_Bin_25)_(MultiDim_Q2_y_z_pT_phi_h)_(Normalized)[0m (Histo Num 53832)
[91mSkipping: (MultiDim_5D_Histo)_(BC_RC_Bayesian)_(SMEAR=Smear)_(Q2_y_Bin_10)_(z_pT_Bin_25)_(MultiDim_Q2_y_z_pT_phi_h)_(Normalized)[0m (Histo Num 53833)
[91mSkipping: (MultiDim_5D_Histo)_(Bayesian)_(SMEAR=Smear)_(Q2_y_Bin_10)_(z_pT_Bin_26)_(MultiDim_Q2_y_z_pT_phi_h)_(Normalized)[0m (Histo Num 53835)
[91mSkipping: (MultiDim_5D_Histo)_(RC_Bayesian)_(SMEAR=Smear)_(Q2_y_Bin_10)_(z_pT_Bin_26)_(MultiDim_Q2_y_z_pT_phi_h)_(Normalized)[0m (Histo Num 53836)
[91mSkipping: (MultiDim_5D_Histo)_(BC_RC_Bayesian)_(SMEAR=Smear)_(Q2_y_Bin_10)_(z_pT_Bin_26)_(MultiDim_Q2_y_z_pT_phi_h)_(Normalized)[0m (Histo Num 53837)
[91mSkipping: (MultiDim_5D_Histo)_(Bayesian)_(SMEAR=Smear)_(Q2_y_Bin_10)_(z_pT_Bin_27)_(MultiDim_Q2_y_z_pT_phi_h)_(Normalized)[0m (Histo Num 53839)
[91mSkipping: (MultiDim_5D_Histo)_(RC_Bayesian)_(SMEAR=Smear)_(Q2_y_Bin_10)_(z_pT_Bin_27)_(MultiDim_Q2_y_z_pT_phi_h)_(Normalized)[0m (Histo Num 53840)
[91mSkipping: (MultiDim_5D_Histo)_(BC_RC_Bayesian)_(SMEAR=Smear)_(Q2_y_Bin_10)_(z_pT_Bin_27)_(MultiDim_Q2_y_z_pT_phi_h)_(Normalized)[0m (Histo Num 53841)
[91mSkipping: (MultiDim_5D_Histo)_(Bayesian)_(SMEAR=Smear)_(Q2_y_Bin_10)_(z_pT_Bin_28)_(MultiDim_Q2_y_z_pT_phi_h)_(Normalized)[0m (Histo Num 53843)
[91mSkipping: (MultiDim_5D_Histo)_(RC_Bayesian)_(SMEAR=Smear)_(Q2_y_Bin_10)_(z_pT_Bin_28)_(MultiDim_Q2_y_z_pT_phi_h)_(Normalized)[0m (Histo Num 53844)
[91mSkipping: (MultiDim_5D_Histo)_(BC_RC_Bayesian)_(SMEAR=Smear)_(Q2_y_Bin_10)_(z_pT_Bin_28)_(MultiDim_Q2_y_z_pT_phi_h)_(Normalized)[0m (Histo Num 53845)
[91mSkipping: (MultiDim_5D_Histo)_(Bayesian)_(SMEAR=Smear)_(Q2_y_Bin_10)_(z_pT_Bin_29)_(MultiDim_Q2_y_z_pT_phi_h)_(Normalized)[0m (Histo Num 53847)
[91mSkipping: (MultiDim_5D_Histo)_(RC_Bayesian)_(SMEAR=Smear)_(Q2_y_Bin_10)_(z_pT_Bin_29)_(MultiDim_Q2_y_z_pT_phi_h)_(Normalized)[0m (Histo Num 53848)
[91mSkipping: (MultiDim_5D_Histo)_(BC_RC_Bayesian)_(SMEAR=Smear)_(Q2_y_Bin_10)_(z_pT_Bin_29)_(MultiDim_Q2_y_z_pT_phi_h)_(Normalized)[0m (Histo Num 53849)
[91mSkipping: (MultiDim_5D_Histo)_(Bayesian)_(SMEAR=Smear)_(Q2_y_Bin_10)_(z_pT_Bin_31)_(MultiDim_Q2_y_z_pT_phi_h)_(Normalized)[0m (Histo Num 53851)
[91mSkipping: (MultiDim_5D_Histo)_(RC_Bayesian)_(SMEAR=Smear)_(Q2_y_Bin_10)_(z_pT_Bin_31)_(MultiDim_Q2_y_z_pT_phi_h)_(Normalized)[0m (Histo Num 53852)
[91mSkipping: (MultiDim_5D_Histo)_(BC_RC_Bayesian)_(SMEAR=Smear)_(Q2_y_Bin_10)_(z_pT_Bin_31)_(MultiDim_Q2_y_z_pT_phi_h)_(Normalized)[0m (Histo Num 53853)
[91mSkipping: (MultiDim_5D_Histo)_(Bayesian)_(SMEAR=Smear)_(Q2_y_Bin_10)_(z_pT_Bin_32)_(MultiDim_Q2_y_z_pT_phi_h)_(Normalized)[0m (Histo Num 53855)
[91mSkipping: (MultiDim_5D_Histo)_(RC_Bayesian)_(SMEAR=Smear)_(Q2_y_Bin_10)_(z_pT_Bin_32)_(MultiDim_Q2_y_z_pT_phi_h)_(Normalized)[0m (Histo Num 53856)
[91mSkipping: (MultiDim_5D_Histo)_(BC_RC_Bayesian)_(SMEAR=Smear)_(Q2_y_Bin_10)_(z_pT_Bin_32)_(MultiDim_Q2_y_z_pT_phi_h)_(Normalized)[0m (Histo Num 53857)
[91mSkipping: (MultiDim_5D_Histo)_(Bayesian)_(SMEAR=Smear)_(Q2_y_Bin_10)_(z_pT_Bin_33)_(MultiDim_Q2_y_z_pT_phi_h)_(Normalized)[0m (Histo Num 53859)
[91mSkipping: (MultiDim_5D_Histo)_(RC_Bayesian)_(SMEAR=Smear)_(Q2_y_Bin_10)_(z_pT_Bin_33)_(MultiDim_Q2_y_z_pT_phi_h)_(Normalized)[0m (Histo Num 53860)
[91mSkipping: (MultiDim_5D_Histo)_(BC_RC_Bayesian)_(SMEAR=Smear)_(Q2_y_Bin_10)_(z_pT_Bin_33)_(MultiDim_Q2_y_z_pT_phi_h)_(Normalized)[0m (Histo Num 53861)
[91mSkipping: (MultiDim_5D_Histo)_(Bayesian)_(SMEAR=Smear)_(Q2_y_Bin_10)_(z_pT_Bin_34)_(MultiDim_Q2_y_z_pT_phi_h)_(Normalized)[0m (Histo Num 53863)
[91mSkipping: (MultiDim_5D_Histo)_(RC_Bayesian)_(SMEAR=Smear)_(Q2_y_Bin_10)_(z_pT_Bin_34)_(MultiDim_Q2_y_z_pT_phi_h)_(Normalized)[0m (Histo Num 53864)
[91mSkipping: (MultiDim_5D_Histo)_(BC_RC_Bayesian)_(SMEAR=Smear)_(Q2_y_Bin_10)_(z_pT_Bin_34)_(MultiDim_Q2_y_z_pT_phi_h)_(Normalized)[0m (Histo Num 53865)
[91mSkipping: (MultiDim_5D_Histo)_(Bayesian)_(SMEAR=Smear)_(Q2_y_Bin_11)_(z_pT_Bin_1)_(MultiDim_Q2_y_z_pT_phi_h)_(Normalized)[0m (Histo Num 53867)
[91mSkipping: (MultiDim_5D_Histo)_(RC_Bayesian)_(SMEAR=Smear)_(Q2_y_Bin_11)_(z_pT_Bin_1)_(MultiDim_Q2_y_z_pT_phi_h)_(Normalized)[0m (Histo Num 53868)
[91mSkipping: (MultiDim_5D_Histo)_(BC_RC_Bayesian)_(SMEAR=Smear)_(Q2_y_Bin_11)_(z_pT_Bin_1)_(MultiDim_Q2_y_z_pT_phi_h)_(Normalized)[0m (Histo Num 53869)
[91mSkipping: (MultiDim_5D_Histo)_(Bayesian)_(SMEAR=Smear)_(Q2_y_Bin_11)_(z_pT_Bin_2)_(MultiDim_Q2_y_z_pT_phi_h)_(Normalized)[0m (Histo Num 53871)
[91mSkipping: (MultiDim_5D_Histo)_(RC_Bayesian)_(SMEAR=Smear)_(Q2_y_Bin_11)_(z_pT_Bin_2)_(MultiDim_Q2_y_z_pT_phi_h)_(Normalized)[0m (Histo Num 53872)
[91mSkipping: (MultiDim_5D_Histo)_(BC_RC_Bayesian)_(SMEAR=Smear)_(Q2_y_Bin_11)_(z_pT_Bin_2)_(MultiDim_Q2_y_z_pT_phi_h)_(Normalized)[0m (Histo Num 53873)
[91mSkipping: (MultiDim_5D_Histo)_(Bayesian)_(SMEAR=Smear)_(Q2_y_Bin_11)_(z_pT_Bin_3)_(MultiDim_Q2_y_z_pT_phi_h)_(Normalized)[0m (Histo Num 53875)
[91mSkipping: (MultiDim_5D_Histo)_(RC_Bayesian)_(SMEAR=Smear)_(Q2_y_Bin_11)_(z_pT_Bin_3)_(MultiDim_Q2_y_z_pT_phi_h)_(Normalized)[0m (Histo Num 53876)
[91mSkipping: (MultiDim_5D_Histo)_(BC_RC_Bayesian)_(SMEAR=Smear)_(Q2_y_Bin_11)_(z_pT_Bin_3)_(MultiDim_Q2_y_z_pT_phi_h)_(Normalized)[0m (Histo Num 53877)
[91mSkipping: (MultiDim_5D_Histo)_(Bayesian)_(SMEAR=Smear)_(Q2_y_Bin_11)_(z_pT_Bin_4)_(MultiDim_Q2_y_z_pT_phi_h)_(Normalized)[0m (Histo Num 53879)
[91mSkipping: (MultiDim_5D_Histo)_(RC_Bayesian)_(SMEAR=Smear)_(Q2_y_Bin_11)_(z_pT_Bin_4)_(MultiDim_Q2_y_z_pT_phi_h)_(Normalized)[0m (Histo Num 53880)
[91mSkipping: (MultiDim_5D_Histo)_(BC_RC_Bayesian)_(SMEAR=Smear)_(Q2_y_Bin_11)_(z_pT_Bin_4)_(MultiDim_Q2_y_z_pT_phi_h)_(Normalized)[0m (Histo Num 53881)
[91mSkipping: (MultiDim_5D_Histo)_(Bayesian)_(SMEAR=Smear)_(Q2_y_Bin_11)_(z_pT_Bin_6)_(MultiDim_Q2_y_z_pT_phi_h)_(Normalized)[0m (Histo Num 53883)
[91mSkipping: (MultiDim_5D_Histo)_(RC_Bayesian)_(SMEAR=Smear)_(Q2_y_Bin_11)_(z_pT_Bin_6)_(MultiDim_Q2_y_z_pT_phi_h)_(Normalized)[0m (Histo Num 53884)
[91mSkipping: (MultiDim_5D_Histo)_(BC_RC_Bayesian)_(SMEAR=Smear)_(Q2_y_Bin_11)_(z_pT_Bin_6)_(MultiDim_Q2_y_z_pT_phi_h)_(Normalized)[0m (Histo Num 53885)
[91mSkipping: (MultiDim_5D_Histo)_(Bayesian)_(SMEAR=Smear)_(Q2_y_Bin_11)_(z_pT_Bin_7)_(MultiDim_Q2_y_z_pT_phi_h)_(Normalized)[0m (Histo Num 53887)
[91mSkipping: (MultiDim_5D_Histo)_(RC_Bayesian)_(SMEAR=Smear)_(Q2_y_Bin_11)_(z_pT_Bin_7)_(MultiDim_Q2_y_z_pT_phi_h)_(Normalized)[0m (Histo Num 53888)
[91mSkipping: (MultiDim_5D_Histo)_(BC_RC_Bayesian)_(SMEAR=Smear)_(Q2_y_Bin_11)_(z_pT_Bin_7)_(MultiDim_Q2_y_z_pT_phi_h)_(Normalized)[0m (Histo Num 53889)
[91mSkipping: (MultiDim_5D_Histo)_(Bayesian)_(SMEAR=Smear)_(Q2_y_Bin_11)_(z_pT_Bin_8)_(MultiDim_Q2_y_z_pT_phi_h)_(Normalized)[0m (Histo Num 53891)
[91mSkipping: (MultiDim_5D_Histo)_(RC_Bayesian)_(SMEAR=Smear)_(Q2_y_Bin_11)_(z_pT_Bin_8)_(MultiDim_Q2_y_z_pT_phi_h)_(Normalized)[0m (Histo Num 53892)
[91mSkipping: (MultiDim_5D_Histo)_(BC_RC_Bayesian)_(SMEAR=Smear)_(Q2_y_Bin_11)_(z_pT_Bin_8)_(MultiDim_Q2_y_z_pT_phi_h)_(Normalized)[0m (Histo Num 53893)
[91mSkipping: (MultiDim_5D_Histo)_(Bayesian)_(SMEAR=Smear)_(Q2_y_Bin_11)_(z_pT_Bin_9)_(MultiDim_Q2_y_z_pT_phi_h)_(Normalized)[0m (Histo Num 53895)
[91mSkipping: (MultiDim_5D_Histo)_(RC_Bayesian)_(SMEAR=Smear)_(Q2_y_Bin_11)_(z_pT_Bin_9)_(MultiDim_Q2_y_z_pT_phi_h)_(Normalized)[0m (Histo Num 53896)
[91mSkipping: (MultiDim_5D_Histo)_(BC_RC_Bayesian)_(SMEAR=Smear)_(Q2_y_Bin_11)_(z_pT_Bin_9)_(MultiDim_Q2_y_z_pT_phi_h)_(Normalized)[0m (Histo Num 53897)
[91mSkipping: (MultiDim_5D_Histo)_(Bayesian)_(SMEAR=Smear)_(Q2_y_Bin_11)_(z_pT_Bin_10)_(MultiDim_Q2_y_z_pT_phi_h)_(Normalized)[0m (Histo Num 53899)
[91mSkipping: (MultiDim_5D_Histo)_(RC_Bayesian)_(SMEAR=Smear)_(Q2_y_Bin_11)_(z_pT_Bin_10)_(MultiDim_Q2_y_z_pT_phi_h)_(Normalized)[0m (Histo Num 53900)
[91mSkipping: (MultiDim_5D_Histo)_(BC_RC_Bayesian)_(SMEAR=Smear)_(Q2_y_Bin_11)_(z_pT_Bin_10)_(MultiDim_Q2_y_z_pT_phi_h)_(Normalized)[0m (Histo Num 53901)
[91mSkipping: (MultiDim_5D_Histo)_(Bayesian)_(SMEAR=Smear)_(Q2_y_Bin_11)_(z_pT_Bin_11)_(MultiDim_Q2_y_z_pT_phi_h)_(Normalized)[0m (Histo Num 53903)
[91mSkipping: (MultiDim_5D_Histo)_(RC_Bayesian)_(SMEAR=Smear)_(Q2_y_Bin_11)_(z_pT_Bin_11)_(MultiDim_Q2_y_z_pT_phi_h)_(Normalized)[0m (Histo Num 53904)
[91mSkipping: (MultiDim_5D_Histo)_(BC_RC_Bayesian)_(SMEAR=Smear)_(Q2_y_Bin_11)_(z_pT_Bin_11)_(MultiDim_Q2_y_z_pT_phi_h)_(Normalized)[0m (Histo Num 53905)
[91mSkipping: (MultiDim_5D_Histo)_(Bayesian)_(SMEAR=Smear)_(Q2_y_Bin_11)_(z_pT_Bin_12)_(MultiDim_Q2_y_z_pT_phi_h)_(Normalized)[0m (Histo Num 53907)
[91mSkipping: (MultiDim_5D_Histo)_(RC_Bayesian)_(SMEAR=Smear)_(Q2_y_Bin_11)_(z_pT_Bin_12)_(MultiDim_Q2_y_z_pT_phi_h)_(Normalized)[0m (Histo Num 53908)
[91mSkipping: (MultiDim_5D_Histo)_(BC_RC_Bayesian)_(SMEAR=Smear)_(Q2_y_Bin_11)_(z_pT_Bin_12)_(MultiDim_Q2_y_z_pT_phi_h)_(Normalized)[0m (Histo Num 53909)
[91mSkipping: (MultiDim_5D_Histo)_(Bayesian)_(SMEAR=Smear)_(Q2_y_Bin_11)_(z_pT_Bin_13)_(MultiDim_Q2_y_z_pT_phi_h)_(Normalized)[0m (Histo Num 53911)
[91mSkipping: (MultiDim_5D_Histo)_(RC_Bayesian)_(SMEAR=Smear)_(Q2_y_Bin_11)_(z_pT_Bin_13)_(MultiDim_Q2_y_z_pT_phi_h)_(Normalized)[0m (Histo Num 53912)
[91mSkipping: (MultiDim_5D_Histo)_(BC_RC_Bayesian)_(SMEAR=Smear)_(Q2_y_Bin_11)_(z_pT_Bin_13)_(MultiDim_Q2_y_z_pT_phi_h)_(Normalized)[0m (Histo Num 53913)
[91mSkipping: (MultiDim_5D_Histo)_(Bayesian)_(SMEAR=Smear)_(Q2_y_Bin_11)_(z_pT_Bin_14)_(MultiDim_Q2_y_z_pT_phi_h)_(Normalized)[0m (Histo Num 53915)
[91mSkipping: (MultiDim_5D_Histo)_(RC_Bayesian)_(SMEAR=Smear)_(Q2_y_Bin_11)_(z_pT_Bin_14)_(MultiDim_Q2_y_z_pT_phi_h)_(Normalized)[0m (Histo Num 53916)
[91mSkipping: (MultiDim_5D_Histo)_(BC_RC_Bayesian)_(SMEAR=Smear)_(Q2_y_Bin_11)_(z_pT_Bin_14)_(MultiDim_Q2_y_z_pT_phi_h)_(Normalized)[0m (Histo Num 53917)
[91mSkipping: (MultiDim_5D_Histo)_(Bayesian)_(SMEAR=Smear)_(Q2_y_Bin_11)_(z_pT_Bin_15)_(MultiDim_Q2_y_z_pT_phi_h)_(Normalized)[0m (Histo Num 53919)
[91mSkipping: (MultiDim_5D_Histo)_(RC_Bayesian)_(SMEAR=Smear)_(Q2_y_Bin_11)_(z_pT_Bin_15)_(MultiDim_Q2_y_z_pT_phi_h)_(Normalized)[0m (Histo Num 53920)
[91mSkipping: (MultiDim_5D_Histo)_(BC_RC_Bayesian)_(SMEAR=Smear)_(Q2_y_Bin_11)_(z_pT_Bin_15)_(MultiDim_Q2_y_z_pT_phi_h)_(Normalized)[0m (Histo Num 53921)
[91mSkipping: (MultiDim_5D_Histo)_(Bayesian)_(SMEAR=Smear)_(Q2_y_Bin_11)_(z_pT_Bin_16)_(MultiDim_Q2_y_z_pT_phi_h)_(Normalized)[0m (Histo Num 53923)
[91mSkipping: (MultiDim_5D_Histo)_(RC_Bayesian)_(SMEAR=Smear)_(Q2_y_Bin_11)_(z_pT_Bin_16)_(MultiDim_Q2_y_z_pT_phi_h)_(Normalized)[0m (Histo Num 53924)
[91mSkipping: (MultiDim_5D_Histo)_(BC_RC_Bayesian)_(SMEAR=Smear)_(Q2_y_Bin_11)_(z_pT_Bin_16)_(MultiDim_Q2_y_z_pT_phi_h)_(Normalized)[0m (Histo Num 53925)
[91mSkipping: (MultiDim_5D_Histo)_(Bayesian)_(SMEAR=Smear)_(Q2_y_Bin_11)_(z_pT_Bin_17)_(MultiDim_Q2_y_z_pT_phi_h)_(Normalized)[0m (Histo Num 53927)
[91mSkipping: (MultiDim_5D_Histo)_(RC_Bayesian)_(SMEAR=Smear)_(Q2_y_Bin_11)_(z_pT_Bin_17)_(MultiDim_Q2_y_z_pT_phi_h)_(Normalized)[0m (Histo Num 53928)
[91mSkipping: (MultiDim_5D_Histo)_(BC_RC_Bayesian)_(SMEAR=Smear)_(Q2_y_Bin_11)_(z_pT_Bin_17)_(MultiDim_Q2_y_z_pT_phi_h)_(Normalized)[0m (Histo Num 53929)
[91mSkipping: (MultiDim_5D_Histo)_(Bayesian)_(SMEAR=Smear)_(Q2_y_Bin_11)_(z_pT_Bin_18)_(MultiDim_Q2_y_z_pT_phi_h)_(Normalized)[0m (Histo Num 53931)
[91mSkipping: (MultiDim_5D_Histo)_(RC_Bayesian)_(SMEAR=Smear)_(Q2_y_Bin_11)_(z_pT_Bin_18)_(MultiDim_Q2_y_z_pT_phi_h)_(Normalized)[0m (Histo Num 53932)
[91mSkipping: (MultiDim_5D_Histo)_(BC_RC_Bayesian)_(SMEAR=Smear)_(Q2_y_Bin_11)_(z_pT_Bin_18)_(MultiDim_Q2_y_z_pT_phi_h)_(Normalized)[0m (Histo Num 53933)
[91mSkipping: (MultiDim_5D_Histo)_(Bayesian)_(SMEAR=Smear)_(Q2_y_Bin_11)_(z_pT_Bin_19)_(MultiDim_Q2_y_z_pT_phi_h)_(Normalized)[0m (Histo Num 53935)
[91mSkipping: (MultiDim_5D_Histo)_(RC_Bayesian)_(SMEAR=Smear)_(Q2_y_Bin_11)_(z_pT_Bin_19)_(MultiDim_Q2_y_z_pT_phi_h)_(Normalized)[0m (Histo Num 53936)
[91mSkipping: (MultiDim_5D_Histo)_(BC_RC_Bayesian)_(SMEAR=Smear)_(Q2_y_Bin_11)_(z_pT_Bin_19)_(MultiDim_Q2_y_z_pT_phi_h)_(Normalized)[0m (Histo Num 53937)
[91mSkipping: (MultiDim_5D_Histo)_(Bayesian)_(SMEAR=Smear)_(Q2_y_Bin_11)_(z_pT_Bin_20)_(MultiDim_Q2_y_z_pT_phi_h)_(Normalized)[0m (Histo Num 53939)
[91mSkipping: (MultiDim_5D_Histo)_(RC_Bayesian)_(SMEAR=Smear)_(Q2_y_Bin_11)_(z_pT_Bin_20)_(MultiDim_Q2_y_z_pT_phi_h)_(Normalized)[0m (Histo Num 53940)
[91mSkipping: (MultiDim_5D_Histo)_(BC_RC_Bayesian)_(SMEAR=Smear)_(Q2_y_Bin_11)_(z_pT_Bin_20)_(MultiDim_Q2_y_z_pT_phi_h)_(Normalized)[0m (Histo Num 53941)
[91mSkipping: (MultiDim_5D_Histo)_(Bayesian)_(SMEAR=Smear)_(Q2_y_Bin_11)_(z_pT_Bin_21)_(MultiDim_Q2_y_z_pT_phi_h)_(Normalized)[0m (Histo Num 53943)
[91mSkipping: (MultiDim_5D_Histo)_(RC_Bayesian)_(SMEAR=Smear)_(Q2_y_Bin_11)_(z_pT_Bin_21)_(MultiDim_Q2_y_z_pT_phi_h)_(Normalized)[0m (Histo Num 53944)
[91mSkipping: (MultiDim_5D_Histo)_(BC_RC_Bayesian)_(SMEAR=Smear)_(Q2_y_Bin_11)_(z_pT_Bin_21)_(MultiDim_Q2_y_z_pT_phi_h)_(Normalized)[0m (Histo Num 53945)
[91mSkipping: (MultiDim_5D_Histo)_(Bayesian)_(SMEAR=Smear)_(Q2_y_Bin_11)_(z_pT_Bin_22)_(MultiDim_Q2_y_z_pT_phi_h)_(Normalized)[0m (Histo Num 53947)
[91mSkipping: (MultiDim_5D_Histo)_(RC_Bayesian)_(SMEAR=Smear)_(Q2_y_Bin_11)_(z_pT_Bin_22)_(MultiDim_Q2_y_z_pT_phi_h)_(Normalized)[0m (Histo Num 53948)
[91mSkipping: (MultiDim_5D_Histo)_(BC_RC_Bayesian)_(SMEAR=Smear)_(Q2_y_Bin_11)_(z_pT_Bin_22)_(MultiDim_Q2_y_z_pT_phi_h)_(Normalized)[0m (Histo Num 53949)
[91mSkipping: (MultiDim_5D_Histo)_(Bayesian)_(SMEAR=Smear)_(Q2_y_Bin_11)_(z_pT_Bin_23)_(MultiDim_Q2_y_z_pT_phi_h)_(Normalized)[0m (Histo Num 53951)
[91mSkipping: (MultiDim_5D_Histo)_(RC_Bayesian)_(SMEAR=Smear)_(Q2_y_Bin_11)_(z_pT_Bin_23)_(MultiDim_Q2_y_z_pT_phi_h)_(Normalized)[0m (Histo Num 53952)
[91mSkipping: (MultiDim_5D_Histo)_(BC_RC_Bayesian)_(SMEAR=Smear)_(Q2_y_Bin_11)_(z_pT_Bin_23)_(MultiDim_Q2_y_z_pT_phi_h)_(Normalized)[0m (Histo Num 53953)
[91mSkipping: (MultiDim_5D_Histo)_(Bayesian)_(SMEAR=Smear)_(Q2_y_Bin_11)_(z_pT_Bin_24)_(MultiDim_Q2_y_z_pT_phi_h)_(Normalized)[0m (Histo Num 53955)
[91mSkipping: (MultiDim_5D_Histo)_(RC_Bayesian)_(SMEAR=Smear)_(Q2_y_Bin_11)_(z_pT_Bin_24)_(MultiDim_Q2_y_z_pT_phi_h)_(Normalized)[0m (Histo Num 53956)
[91mSkipping: (MultiDim_5D_Histo)_(BC_RC_Bayesian)_(SMEAR=Smear)_(Q2_y_Bin_11)_(z_pT_Bin_24)_(MultiDim_Q2_y_z_pT_phi_h)_(Normalized)[0m (Histo Num 53957)
[91mSkipping: (MultiDim_5D_Histo)_(Bayesian)_(SMEAR=Smear)_(Q2_y_Bin_12)_(z_pT_Bin_6)_(MultiDim_Q2_y_z_pT_phi_h)_(Normalized)[0m (Histo Num 53959)
[91mSkipping: (MultiDim_5D_Histo)_(RC_Bayesian)_(SMEAR=Smear)_(Q2_y_Bin_12)_(z_pT_Bin_6)_(MultiDim_Q2_y_z_pT_phi_h)_(Normalized)[0m (Histo Num 53960)
[91mSkipping: (MultiDim_5D_Histo)_(BC_RC_Bayesian)_(SMEAR=Smear)_(Q2_y_Bin_12)_(z_pT_Bin_6)_(MultiDim_Q2_y_z_pT_phi_h)_(Normalized)[0m (Histo Num 53961)
[91mSkipping: (MultiDim_5D_Histo)_(Bayesian)_(SMEAR=Smear)_(Q2_y_Bin_12)_(z_pT_Bin_7)_(MultiDim_Q2_y_z_pT_phi_h)_(Normalized)[0m (Histo Num 53963)
[91mSkipping: (MultiDim_5D_Histo)_(RC_Bayesian)_(SMEAR=Smear)_(Q2_y_Bin_12)_(z_pT_Bin_7)_(MultiDim_Q2_y_z_pT_phi_h)_(Normalized)[0m (Histo Num 53964)
[91mSkipping: (MultiDim_5D_Histo)_(BC_RC_Bayesian)_(SMEAR=Smear)_(Q2_y_Bin_12)_(z_pT_Bin_7)_(MultiDim_Q2_y_z_pT_phi_h)_(Normalized)[0m (Histo Num 53965)
[91mSkipping: (MultiDim_5D_Histo)_(Bayesian)_(SMEAR=Smear)_(Q2_y_Bin_12)_(z_pT_Bin_8)_(MultiDim_Q2_y_z_pT_phi_h)_(Normalized)[0m (Histo Num 53967)
[91mSkipping: (MultiDim_5D_Histo)_(RC_Bayesian)_(SMEAR=Smear)_(Q2_y_Bin_12)_(z_pT_Bin_8)_(MultiDim_Q2_y_z_pT_phi_h)_(Normalized)[0m (Histo Num 53968)
[91mSkipping: (MultiDim_5D_Histo)_(BC_RC_Bayesian)_(SMEAR=Smear)_(Q2_y_Bin_12)_(z_pT_Bin_8)_(MultiDim_Q2_y_z_pT_phi_h)_(Normalized)[0m (Histo Num 53969)
[91mSkipping: (MultiDim_5D_Histo)_(Bayesian)_(SMEAR=Smear)_(Q2_y_Bin_12)_(z_pT_Bin_9)_(MultiDim_Q2_y_z_pT_phi_h)_(Normalized)[0m (Histo Num 53971)
[91mSkipping: (MultiDim_5D_Histo)_(RC_Bayesian)_(SMEAR=Smear)_(Q2_y_Bin_12)_(z_pT_Bin_9)_(MultiDim_Q2_y_z_pT_phi_h)_(Normalized)[0m (Histo Num 53972)
[91mSkipping: (MultiDim_5D_Histo)_(BC_RC_Bayesian)_(SMEAR=Smear)_(Q2_y_Bin_12)_(z_pT_Bin_9)_(MultiDim_Q2_y_z_pT_phi_h)_(Normalized)[0m (Histo Num 53973)
[91mSkipping: (MultiDim_5D_Histo)_(Bayesian)_(SMEAR=Smear)_(Q2_y_Bin_12)_(z_pT_Bin_10)_(MultiDim_Q2_y_z_pT_phi_h)_(Normalized)[0m (Histo Num 53975)
[91mSkipping: (MultiDim_5D_Histo)_(RC_Bayesian)_(SMEAR=Smear)_(Q2_y_Bin_12)_(z_pT_Bin_10)_(MultiDim_Q2_y_z_pT_phi_h)_(Normalized)[0m (Histo Num 53976)
[91mSkipping: (MultiDim_5D_Histo)_(BC_RC_Bayesian)_(SMEAR=Smear)_(Q2_y_Bin_12)_(z_pT_Bin_10)_(MultiDim_Q2_y_z_pT_phi_h)_(Normalized)[0m (Histo Num 53977)
[91mSkipping: (MultiDim_5D_Histo)_(Bayesian)_(SMEAR=Smear)_(Q2_y_Bin_12)_(z_pT_Bin_11)_(MultiDim_Q2_y_z_pT_phi_h)_(Normalized)[0m (Histo Num 53979)
[91mSkipping: (MultiDim_5D_Histo)_(RC_Bayesian)_(SMEAR=Smear)_(Q2_y_Bin_12)_(z_pT_Bin_11)_(MultiDim_Q2_y_z_pT_phi_h)_(Normalized)[0m (Histo Num 53980)
[91mSkipping: (MultiDim_5D_Histo)_(BC_RC_Bayesian)_(SMEAR=Smear)_(Q2_y_Bin_12)_(z_pT_Bin_11)_(MultiDim_Q2_y_z_pT_phi_h)_(Normalized)[0m (Histo Num 53981)
[91mSkipping: (MultiDim_5D_Histo)_(Bayesian)_(SMEAR=Smear)_(Q2_y_Bin_12)_(z_pT_Bin_12)_(MultiDim_Q2_y_z_pT_phi_h)_(Normalized)[0m (Histo Num 53983)
[91mSkipping: (MultiDim_5D_Histo)_(RC_Bayesian)_(SMEAR=Smear)_(Q2_y_Bin_12)_(z_pT_Bin_12)_(MultiDim_Q2_y_z_pT_phi_h)_(Normalized)[0m (Histo Num 53984)
[91mSkipping: (MultiDim_5D_Histo)_(BC_RC_Bayesian)_(SMEAR=Smear)_(Q2_y_Bin_12)_(z_pT_Bin_12)_(MultiDim_Q2_y_z_pT_phi_h)_(Normalized)[0m (Histo Num 53985)
[91mSkipping: (MultiDim_5D_Histo)_(Bayesian)_(SMEAR=Smear)_(Q2_y_Bin_12)_(z_pT_Bin_13)_(MultiDim_Q2_y_z_pT_phi_h)_(Normalized)[0m (Histo Num 53987)
[91mSkipping: (MultiDim_5D_Histo)_(RC_Bayesian)_(SMEAR=Smear)_(Q2_y_Bin_12)_(z_pT_Bin_13)_(MultiDim_Q2_y_z_pT_phi_h)_(Normalized)[0m (Histo Num 53988)
[91mSkipping: (MultiDim_5D_Histo)_(BC_RC_Bayesian)_(SMEAR=Smear)_(Q2_y_Bin_12)_(z_pT_Bin_13)_(MultiDim_Q2_y_z_pT_phi_h)_(Normalized)[0m (Histo Num 53989)
[91mSkipping: (MultiDim_5D_Histo)_(Bayesian)_(SMEAR=Smear)_(Q2_y_Bin_12)_(z_pT_Bin_14)_(MultiDim_Q2_y_z_pT_phi_h)_(Normalized)[0m (Histo Num 53991)
[91mSkipping: (MultiDim_5D_Histo)_(RC_Bayesian)_(SMEAR=Smear)_(Q2_y_Bin_12)_(z_pT_Bin_14)_(MultiDim_Q2_y_z_pT_phi_h)_(Normalized)[0m (Histo Num 53992)
[91mSkipping: (MultiDim_5D_Histo)_(BC_RC_Bayesian)_(SMEAR=Smear)_(Q2_y_Bin_12)_(z_pT_Bin_14)_(MultiDim_Q2_y_z_pT_phi_h)_(Normalized)[0m (Histo Num 53993)
[91mSkipping: (MultiDim_5D_Histo)_(Bayesian)_(SMEAR=Smear)_(Q2_y_Bin_12)_(z_pT_Bin_15)_(MultiDim_Q2_y_z_pT_phi_h)_(Normalized)[0m (Histo Num 53995)
[91mSkipping: (MultiDim_5D_Histo)_(RC_Bayesian)_(SMEAR=Smear)_(Q2_y_Bin_12)_(z_pT_Bin_15)_(MultiDim_Q2_y_z_pT_phi_h)_(Normalized)[0m (Histo Num 53996)
[91mSkipping: (MultiDim_5D_Histo)_(BC_RC_Bayesian)_(SMEAR=Smear)_(Q2_y_Bin_12)_(z_pT_Bin_15)_(MultiDim_Q2_y_z_pT_phi_h)_(Normalized)[0m (Histo Num 53997)
[91mSkipping: (MultiDim_5D_Histo)_(Bayesian)_(SMEAR=Smear)_(Q2_y_Bin_12)_(z_pT_Bin_16)_(MultiDim_Q2_y_z_pT_phi_h)_(Normalized)[0m (Histo Num 53999)
[91mSkipping: (MultiDim_5D_Histo)_(RC_Bayesian)_(SMEAR=Smear)_(Q2_y_Bin_12)_(z_pT_Bin_16)_(MultiDim_Q2_y_z_pT_phi_h)_(Normalized)[0m (Histo Num 54000)
[91mSkipping: (MultiDim_5D_Histo)_(BC_RC_Bayesian)_(SMEAR=Smear)_(Q2_y_Bin_12)_(z_pT_Bin_16)_(MultiDim_Q2_y_z_pT_phi_h)_(Normalized)[0m (Histo Num 54001)
[91mSkipping: (MultiDim_5D_Histo)_(Bayesian)_(SMEAR=Smear)_(Q2_y_Bin_12)_(z_pT_Bin_17)_(MultiDim_Q2_y_z_pT_phi_h)_(Normalized)[0m (Histo Num 54003)
[91mSkipping: (MultiDim_5D_Histo)_(RC_Bayesian)_(SMEAR=Smear)_(Q2_y_Bin_12)_(z_pT_Bin_17)_(MultiDim_Q2_y_z_pT_phi_h)_(Normalized)[0m (Histo Num 54004)
[91mSkipping: (MultiDim_5D_Histo)_(BC_RC_Bayesian)_(SMEAR=Smear)_(Q2_y_Bin_12)_(z_pT_Bin_17)_(MultiDim_Q2_y_z_pT_phi_h)_(Normalized)[0m (Histo Num 54005)
[91mSkipping: (MultiDim_5D_Histo)_(Bayesian)_(SMEAR=Smear)_(Q2_y_Bin_12)_(z_pT_Bin_18)_(MultiDim_Q2_y_z_pT_phi_h)_(Normalized)[0m (Histo Num 54007)
[91mSkipping: (MultiDim_5D_Histo)_(RC_Bayesian)_(SMEAR=Smear)_(Q2_y_Bin_12)_(z_pT_Bin_18)_(MultiDim_Q2_y_z_pT_phi_h)_(Normalized)[0m (Histo Num 54008)
[91mSkipping: (MultiDim_5D_Histo)_(BC_RC_Bayesian)_(SMEAR=Smear)_(Q2_y_Bin_12)_(z_pT_Bin_18)_(MultiDim_Q2_y_z_pT_phi_h)_(Normalized)[0m (Histo Num 54009)
[91mSkipping: (MultiDim_5D_Histo)_(Bayesian)_(SMEAR=Smear)_(Q2_y_Bin_12)_(z_pT_Bin_19)_(MultiDim_Q2_y_z_pT_phi_h)_(Normalized)[0m (Histo Num 54011)
[91mSkipping: (MultiDim_5D_Histo)_(RC_Bayesian)_(SMEAR=Smear)_(Q2_y_Bin_12)_(z_pT_Bin_19)_(MultiDim_Q2_y_z_pT_phi_h)_(Normalized)[0m (Histo Num 54012)
[91mSkipping: (MultiDim_5D_Histo)_(BC_RC_Bayesian)_(SMEAR=Smear)_(Q2_y_Bin_12)_(z_pT_Bin_19)_(MultiDim_Q2_y_z_pT_phi_h)_(Normalized)[0m (Histo Num 54013)
[91mSkipping: (MultiDim_5D_Histo)_(Bayesian)_(SMEAR=Smear)_(Q2_y_Bin_12)_(z_pT_Bin_20)_(MultiDim_Q2_y_z_pT_phi_h)_(Normalized)[0m (Histo Num 54015)
[91mSkipping: (MultiDim_5D_Histo)_(RC_Bayesian)_(SMEAR=Smear)_(Q2_y_Bin_12)_(z_pT_Bin_20)_(MultiDim_Q2_y_z_pT_phi_h)_(Normalized)[0m (Histo Num 54016)
[91mSkipping: (MultiDim_5D_Histo)_(BC_RC_Bayesian)_(SMEAR=Smear)_(Q2_y_Bin_12)_(z_pT_Bin_20)_(MultiDim_Q2_y_z_pT_phi_h)_(Normalized)[0m (Histo Num 54017)
[91mSkipping: (MultiDim_5D_Histo)_(Bayesian)_(SMEAR=Smear)_(Q2_y_Bin_12)_(z_pT_Bin_21)_(MultiDim_Q2_y_z_pT_phi_h)_(Normalized)[0m (Histo Num 54019)
[91mSkipping: (MultiDim_5D_Histo)_(RC_Bayesian)_(SMEAR=Smear)_(Q2_y_Bin_12)_(z_pT_Bin_21)_(MultiDim_Q2_y_z_pT_phi_h)_(Normalized)[0m (Histo Num 54020)
[91mSkipping: (MultiDim_5D_Histo)_(BC_RC_Bayesian)_(SMEAR=Smear)_(Q2_y_Bin_12)_(z_pT_Bin_21)_(MultiDim_Q2_y_z_pT_phi_h)_(Normalized)[0m (Histo Num 54021)
[91mSkipping: (MultiDim_5D_Histo)_(Bayesian)_(SMEAR=Smear)_(Q2_y_Bin_12)_(z_pT_Bin_22)_(MultiDim_Q2_y_z_pT_phi_h)_(Normalized)[0m (Histo Num 54023)
[91mSkipping: (MultiDim_5D_Histo)_(RC_Bayesian)_(SMEAR=Smear)_(Q2_y_Bin_12)_(z_pT_Bin_22)_(MultiDim_Q2_y_z_pT_phi_h)_(Normalized)[0m (Histo Num 54024)
[91mSkipping: (MultiDim_5D_Histo)_(BC_RC_Bayesian)_(SMEAR=Smear)_(Q2_y_Bin_12)_(z_pT_Bin_22)_(MultiDim_Q2_y_z_pT_phi_h)_(Normalized)[0m (Histo Num 54025)
[91mSkipping: (MultiDim_5D_Histo)_(Bayesian)_(SMEAR=Smear)_(Q2_y_Bin_12)_(z_pT_Bin_23)_(MultiDim_Q2_y_z_pT_phi_h)_(Normalized)[0m (Histo Num 54027)
[91mSkipping: (MultiDim_5D_Histo)_(RC_Bayesian)_(SMEAR=Smear)_(Q2_y_Bin_12)_(z_pT_Bin_23)_(MultiDim_Q2_y_z_pT_phi_h)_(Normalized)[0m (Histo Num 54028)
[91mSkipping: (MultiDim_5D_Histo)_(BC_RC_Bayesian)_(SMEAR=Smear)_(Q2_y_Bin_12)_(z_pT_Bin_23)_(MultiDim_Q2_y_z_pT_phi_h)_(Normalized)[0m (Histo Num 54029)
[91mSkipping: (MultiDim_5D_Histo)_(Bayesian)_(SMEAR=Smear)_(Q2_y_Bin_12)_(z_pT_Bin_24)_(MultiDim_Q2_y_z_pT_phi_h)_(Normalized)[0m (Histo Num 54031)
[91mSkipping: (MultiDim_5D_Histo)_(RC_Bayesian)_(SMEAR=Smear)_(Q2_y_Bin_12)_(z_pT_Bin_24)_(MultiDim_Q2_y_z_pT_phi_h)_(Normalized)[0m (Histo Num 54032)
[91mSkipping: (MultiDim_5D_Histo)_(BC_RC_Bayesian)_(SMEAR=Smear)_(Q2_y_Bin_12)_(z_pT_Bin_24)_(MultiDim_Q2_y_z_pT_phi_h)_(Normalized)[0m (Histo Num 54033)
[91mSkipping: (MultiDim_5D_Histo)_(Bayesian)_(SMEAR=Smear)_(Q2_y_Bin_13)_(z_pT_Bin_1)_(MultiDim_Q2_y_z_pT_phi_h)_(Normalized)[0m (Histo Num 54035)
[91mSkipping: (MultiDim_5D_Histo)_(RC_Bayesian)_(SMEAR=Smear)_(Q2_y_Bin_13)_(z_pT_Bin_1)_(MultiDim_Q2_y_z_pT_phi_h)_(Normalized)[0m (Histo Num 54036)
[91mSkipping: (MultiDim_5D_Histo)_(BC_RC_Bayesian)_(SMEAR=Smear)_(Q2_y_Bin_13)_(z_pT_Bin_1)_(MultiDim_Q2_y_z_pT_phi_h)_(Normalized)[0m (Histo Num 54037)
[91mSkipping: (MultiDim_5D_Histo)_(Bayesian)_(SMEAR=Smear)_(Q2_y_Bin_13)_(z_pT_Bin_2)_(MultiDim_Q2_y_z_pT_phi_h)_(Normalized)[0m (Histo Num 54039)
[91mSkipping: (MultiDim_5D_Histo)_(RC_Bayesian)_(SMEAR=Smear)_(Q2_y_Bin_13)_(z_pT_Bin_2)_(MultiDim_Q2_y_z_pT_phi_h)_(Normalized)[0m (Histo Num 54040)
[91mSkipping: (MultiDim_5D_Histo)_(BC_RC_Bayesian)_(SMEAR=Smear)_(Q2_y_Bin_13)_(z_pT_Bin_2)_(MultiDim_Q2_y_z_pT_phi_h)_(Normalized)[0m (Histo Num 54041)
[91mSkipping: (MultiDim_5D_Histo)_(Bayesian)_(SMEAR=Smear)_(Q2_y_Bin_13)_(z_pT_Bin_3)_(MultiDim_Q2_y_z_pT_phi_h)_(Normalized)[0m (Histo Num 54043)
[91mSkipping: (MultiDim_5D_Histo)_(RC_Bayesian)_(SMEAR=Smear)_(Q2_y_Bin_13)_(z_pT_Bin_3)_(MultiDim_Q2_y_z_pT_phi_h)_(Normalized)[0m (Histo Num 54044)
[91mSkipping: (MultiDim_5D_Histo)_(BC_RC_Bayesian)_(SMEAR=Smear)_(Q2_y_Bin_13)_(z_pT_Bin_3)_(MultiDim_Q2_y_z_pT_phi_h)_(Normalized)[0m (Histo Num 54045)
[91mSkipping: (MultiDim_5D_Histo)_(Bayesian)_(SMEAR=Smear)_(Q2_y_Bin_13)_(z_pT_Bin_4)_(MultiDim_Q2_y_z_pT_phi_h)_(Normalized)[0m (Histo Num 54047)
[91mSkipping: (MultiDim_5D_Histo)_(RC_Bayesian)_(SMEAR=Smear)_(Q2_y_Bin_13)_(z_pT_Bin_4)_(MultiDim_Q2_y_z_pT_phi_h)_(Normalized)[0m (Histo Num 54048)
[91mSkipping: (MultiDim_5D_Histo)_(BC_RC_Bayesian)_(SMEAR=Smear)_(Q2_y_Bin_13)_(z_pT_Bin_4)_(MultiDim_Q2_y_z_pT_phi_h)_(Normalized)[0m (Histo Num 54049)
[91mSkipping: (MultiDim_5D_Histo)_(Bayesian)_(SMEAR=Smear)_(Q2_y_Bin_13)_(z_pT_Bin_5)_(MultiDim_Q2_y_z_pT_phi_h)_(Normalized)[0m (Histo Num 54051)
[91mSkipping: (MultiDim_5D_Histo)_(RC_Bayesian)_(SMEAR=Smear)_(Q2_y_Bin_13)_(z_pT_Bin_5)_(MultiDim_Q2_y_z_pT_phi_h)_(Normalized)[0m (Histo Num 54052)
[91mSkipping: (MultiDim_5D_Histo)_(BC_RC_Bayesian)_(SMEAR=Smear)_(Q2_y_Bin_13)_(z_pT_Bin_5)_(MultiDim_Q2_y_z_pT_phi_h)_(Normalized)[0m (Histo Num 54053)
[91mSkipping: (MultiDim_5D_Histo)_(Bayesian)_(SMEAR=Smear)_(Q2_y_Bin_13)_(z_pT_Bin_6)_(MultiDim_Q2_y_z_pT_phi_h)_(Normalized)[0m (Histo Num 54055)
[91mSkipping: (MultiDim_5D_Histo)_(RC_Bayesian)_(SMEAR=Smear)_(Q2_y_Bin_13)_(z_pT_Bin_6)_(MultiDim_Q2_y_z_pT_phi_h)_(Normalized)[0m (Histo Num 54056)
[91mSkipping: (MultiDim_5D_Histo)_(BC_RC_Bayesian)_(SMEAR=Smear)_(Q2_y_Bin_13)_(z_pT_Bin_6)_(MultiDim_Q2_y_z_pT_phi_h)_(Normalized)[0m (Histo Num 54057)
[91mSkipping: (MultiDim_5D_Histo)_(Bayesian)_(SMEAR=Smear)_(Q2_y_Bin_13)_(z_pT_Bin_7)_(MultiDim_Q2_y_z_pT_phi_h)_(Normalized)[0m (Histo Num 54059)
[91mSkipping: (MultiDim_5D_Histo)_(RC_Bayesian)_(SMEAR=Smear)_(Q2_y_Bin_13)_(z_pT_Bin_7)_(MultiDim_Q2_y_z_pT_phi_h)_(Normalized)[0m (Histo Num 54060)
[91mSkipping: (MultiDim_5D_Histo)_(BC_RC_Bayesian)_(SMEAR=Smear)_(Q2_y_Bin_13)_(z_pT_Bin_7)_(MultiDim_Q2_y_z_pT_phi_h)_(Normalized)[0m (Histo Num 54061)
[91mSkipping: (MultiDim_5D_Histo)_(Bayesian)_(SMEAR=Smear)_(Q2_y_Bin_13)_(z_pT_Bin_8)_(MultiDim_Q2_y_z_pT_phi_h)_(Normalized)[0m (Histo Num 54063)
[91mSkipping: (MultiDim_5D_Histo)_(RC_Bayesian)_(SMEAR=Smear)_(Q2_y_Bin_13)_(z_pT_Bin_8)_(MultiDim_Q2_y_z_pT_phi_h)_(Normalized)[0m (Histo Num 54064)
[91mSkipping: (MultiDim_5D_Histo)_(BC_RC_Bayesian)_(SMEAR=Smear)_(Q2_y_Bin_13)_(z_pT_Bin_8)_(MultiDim_Q2_y_z_pT_phi_h)_(Normalized)[0m (Histo Num 54065)
[91mSkipping: (MultiDim_5D_Histo)_(Bayesian)_(SMEAR=Smear)_(Q2_y_Bin_13)_(z_pT_Bin_9)_(MultiDim_Q2_y_z_pT_phi_h)_(Normalized)[0m (Histo Num 54067)
[91mSkipping: (MultiDim_5D_Histo)_(RC_Bayesian)_(SMEAR=Smear)_(Q2_y_Bin_13)_(z_pT_Bin_9)_(MultiDim_Q2_y_z_pT_phi_h)_(Normalized)[0m (Histo Num 54068)
[91mSkipping: (MultiDim_5D_Histo)_(BC_RC_Bayesian)_(SMEAR=Smear)_(Q2_y_Bin_13)_(z_pT_Bin_9)_(MultiDim_Q2_y_z_pT_phi_h)_(Normalized)[0m (Histo Num 54069)
[91mSkipping: (MultiDim_5D_Histo)_(Bayesian)_(SMEAR=Smear)_(Q2_y_Bin_13)_(z_pT_Bin_10)_(MultiDim_Q2_y_z_pT_phi_h)_(Normalized)[0m (Histo Num 54071)
[91mSkipping: (MultiDim_5D_Histo)_(RC_Bayesian)_(SMEAR=Smear)_(Q2_y_Bin_13)_(z_pT_Bin_10)_(MultiDim_Q2_y_z_pT_phi_h)_(Normalized)[0m (Histo Num 54072)
[91mSkipping: (MultiDim_5D_Histo)_(BC_RC_Bayesian)_(SMEAR=Smear)_(Q2_y_Bin_13)_(z_pT_Bin_10)_(MultiDim_Q2_y_z_pT_phi_h)_(Normalized)[0m (Histo Num 54073)
[91mSkipping: (MultiDim_5D_Histo)_(Bayesian)_(SMEAR=Smear)_(Q2_y_Bin_13)_(z_pT_Bin_11)_(MultiDim_Q2_y_z_pT_phi_h)_(Normalized)[0m (Histo Num 54075)
[91mSkipping: (MultiDim_5D_Histo)_(RC_Bayesian)_(SMEAR=Smear)_(Q2_y_Bin_13)_(z_pT_Bin_11)_(MultiDim_Q2_y_z_pT_phi_h)_(Normalized)[0m (Histo Num 54076)
[91mSkipping: (MultiDim_5D_Histo)_(BC_RC_Bayesian)_(SMEAR=Smear)_(Q2_y_Bin_13)_(z_pT_Bin_11)_(MultiDim_Q2_y_z_pT_phi_h)_(Normalized)[0m (Histo Num 54077)
[91mSkipping: (MultiDim_5D_Histo)_(Bayesian)_(SMEAR=Smear)_(Q2_y_Bin_13)_(z_pT_Bin_12)_(MultiDim_Q2_y_z_pT_phi_h)_(Normalized)[0m (Histo Num 54079)
[91mSkipping: (MultiDim_5D_Histo)_(RC_Bayesian)_(SMEAR=Smear)_(Q2_y_Bin_13)_(z_pT_Bin_12)_(MultiDim_Q2_y_z_pT_phi_h)_(Normalized)[0m (Histo Num 54080)
[91mSkipping: (MultiDim_5D_Histo)_(BC_RC_Bayesian)_(SMEAR=Smear)_(Q2_y_Bin_13)_(z_pT_Bin_12)_(MultiDim_Q2_y_z_pT_phi_h)_(Normalized)[0m (Histo Num 54081)
[91mSkipping: (MultiDim_5D_Histo)_(Bayesian)_(SMEAR=Smear)_(Q2_y_Bin_13)_(z_pT_Bin_13)_(MultiDim_Q2_y_z_pT_phi_h)_(Normalized)[0m (Histo Num 54083)
[91mSkipping: (MultiDim_5D_Histo)_(RC_Bayesian)_(SMEAR=Smear)_(Q2_y_Bin_13)_(z_pT_Bin_13)_(MultiDim_Q2_y_z_pT_phi_h)_(Normalized)[0m (Histo Num 54084)
[91mSkipping: (MultiDim_5D_Histo)_(BC_RC_Bayesian)_(SMEAR=Smear)_(Q2_y_Bin_13)_(z_pT_Bin_13)_(MultiDim_Q2_y_z_pT_phi_h)_(Normalized)[0m (Histo Num 54085)
[91mSkipping: (MultiDim_5D_Histo)_(Bayesian)_(SMEAR=Smear)_(Q2_y_Bin_13)_(z_pT_Bin_14)_(MultiDim_Q2_y_z_pT_phi_h)_(Normalized)[0m (Histo Num 54087)
[91mSkipping: (MultiDim_5D_Histo)_(RC_Bayesian)_(SMEAR=Smear)_(Q2_y_Bin_13)_(z_pT_Bin_14)_(MultiDim_Q2_y_z_pT_phi_h)_(Normalized)[0m (Histo Num 54088)
[91mSkipping: (MultiDim_5D_Histo)_(BC_RC_Bayesian)_(SMEAR=Smear)_(Q2_y_Bin_13)_(z_pT_Bin_14)_(MultiDim_Q2_y_z_pT_phi_h)_(Normalized)[0m (Histo Num 54089)
[91mSkipping: (MultiDim_5D_Histo)_(Bayesian)_(SMEAR=Smear)_(Q2_y_Bin_13)_(z_pT_Bin_15)_(MultiDim_Q2_y_z_pT_phi_h)_(Normalized)[0m (Histo Num 54091)
[91mSkipping: (MultiDim_5D_Histo)_(RC_Bayesian)_(SMEAR=Smear)_(Q2_y_Bin_13)_(z_pT_Bin_15)_(MultiDim_Q2_y_z_pT_phi_h)_(Normalized)[0m (Histo Num 54092)
[91mSkipping: (MultiDim_5D_Histo)_(BC_RC_Bayesian)_(SMEAR=Smear)_(Q2_y_Bin_13)_(z_pT_Bin_15)_(MultiDim_Q2_y_z_pT_phi_h)_(Normalized)[0m (Histo Num 54093)
[91mSkipping: (MultiDim_5D_Histo)_(Bayesian)_(SMEAR=Smear)_(Q2_y_Bin_13)_(z_pT_Bin_16)_(MultiDim_Q2_y_z_pT_phi_h)_(Normalized)[0m (Histo Num 54095)
[91mSkipping: (MultiDim_5D_Histo)_(RC_Bayesian)_(SMEAR=Smear)_(Q2_y_Bin_13)_(z_pT_Bin_16)_(MultiDim_Q2_y_z_pT_phi_h)_(Normalized)[0m (Histo Num 54096)
[91mSkipping: (MultiDim_5D_Histo)_(BC_RC_Bayesian)_(SMEAR=Smear)_(Q2_y_Bin_13)_(z_pT_Bin_16)_(MultiDim_Q2_y_z_pT_phi_h)_(Normalized)[0m (Histo Num 54097)
[91mSkipping: (MultiDim_5D_Histo)_(Bayesian)_(SMEAR=Smear)_(Q2_y_Bin_13)_(z_pT_Bin_17)_(MultiDim_Q2_y_z_pT_phi_h)_(Normalized)[0m (Histo Num 54099)
[91mSkipping: (MultiDim_5D_Histo)_(RC_Bayesian)_(SMEAR=Smear)_(Q2_y_Bin_13)_(z_pT_Bin_17)_(MultiDim_Q2_y_z_pT_phi_h)_(Normalized)[0m (Histo Num 54100)
[91mSkipping: (MultiDim_5D_Histo)_(BC_RC_Bayesian)_(SMEAR=Smear)_(Q2_y_Bin_13)_(z_pT_Bin_17)_(MultiDim_Q2_y_z_pT_phi_h)_(Normalized)[0m (Histo Num 54101)
[91mSkipping: (MultiDim_5D_Histo)_(Bayesian)_(SMEAR=Smear)_(Q2_y_Bin_13)_(z_pT_Bin_18)_(MultiDim_Q2_y_z_pT_phi_h)_(Normalized)[0m (Histo Num 54103)
[91mSkipping: (MultiDim_5D_Histo)_(RC_Bayesian)_(SMEAR=Smear)_(Q2_y_Bin_13)_(z_pT_Bin_18)_(MultiDim_Q2_y_z_pT_phi_h)_(Normalized)[0m (Histo Num 54104)
[91mSkipping: (MultiDim_5D_Histo)_(BC_RC_Bayesian)_(SMEAR=Smear)_(Q2_y_Bin_13)_(z_pT_Bin_18)_(MultiDim_Q2_y_z_pT_phi_h)_(Normalized)[0m (Histo Num 54105)
[91mSkipping: (MultiDim_5D_Histo)_(Bayesian)_(SMEAR=Smear)_(Q2_y_Bin_13)_(z_pT_Bin_19)_(MultiDim_Q2_y_z_pT_phi_h)_(Normalized)[0m (Histo Num 54107)
[91mSkipping: (MultiDim_5D_Histo)_(RC_Bayesian)_(SMEAR=Smear)_(Q2_y_Bin_13)_(z_pT_Bin_19)_(MultiDim_Q2_y_z_pT_phi_h)_(Normalized)[0m (Histo Num 54108)
[91mSkipping: (MultiDim_5D_Histo)_(BC_RC_Bayesian)_(SMEAR=Smear)_(Q2_y_Bin_13)_(z_pT_Bin_19)_(MultiDim_Q2_y_z_pT_phi_h)_(Normalized)[0m (Histo Num 54109)
[91mSkipping: (MultiDim_5D_Histo)_(Bayesian)_(SMEAR=Smear)_(Q2_y_Bin_13)_(z_pT_Bin_21)_(MultiDim_Q2_y_z_pT_phi_h)_(Normalized)[0m (Histo Num 54111)
[91mSkipping: (MultiDim_5D_Histo)_(RC_Bayesian)_(SMEAR=Smear)_(Q2_y_Bin_13)_(z_pT_Bin_21)_(MultiDim_Q2_y_z_pT_phi_h)_(Normalized)[0m (Histo Num 54112)
[91mSkipping: (MultiDim_5D_Histo)_(BC_RC_Bayesian)_(SMEAR=Smear)_(Q2_y_Bin_13)_(z_pT_Bin_21)_(MultiDim_Q2_y_z_pT_phi_h)_(Normalized)[0m (Histo Num 54113)
[91mSkipping: (MultiDim_5D_Histo)_(Bayesian)_(SMEAR=Smear)_(Q2_y_Bin_13)_(z_pT_Bin_22)_(MultiDim_Q2_y_z_pT_phi_h)_(Normalized)[0m (Histo Num 54115)
[91mSkipping: (MultiDim_5D_Histo)_(RC_Bayesian)_(SMEAR=Smear)_(Q2_y_Bin_13)_(z_pT_Bin_22)_(MultiDim_Q2_y_z_pT_phi_h)_(Normalized)[0m (Histo Num 54116)
[91mSkipping: (MultiDim_5D_Histo)_(BC_RC_Bayesian)_(SMEAR=Smear)_(Q2_y_Bin_13)_(z_pT_Bin_22)_(MultiDim_Q2_y_z_pT_phi_h)_(Normalized)[0m (Histo Num 54117)
[91mSkipping: (MultiDim_5D_Histo)_(Bayesian)_(SMEAR=Smear)_(Q2_y_Bin_13)_(z_pT_Bin_23)_(MultiDim_Q2_y_z_pT_phi_h)_(Normalized)[0m (Histo Num 54119)
[91mSkipping: (MultiDim_5D_Histo)_(RC_Bayesian)_(SMEAR=Smear)_(Q2_y_Bin_13)_(z_pT_Bin_23)_(MultiDim_Q2_y_z_pT_phi_h)_(Normalized)[0m (Histo Num 54120)
[91mSkipping: (MultiDim_5D_Histo)_(BC_RC_Bayesian)_(SMEAR=Smear)_(Q2_y_Bin_13)_(z_pT_Bin_23)_(MultiDim_Q2_y_z_pT_phi_h)_(Normalized)[0m (Histo Num 54121)
[91mSkipping: (MultiDim_5D_Histo)_(Bayesian)_(SMEAR=Smear)_(Q2_y_Bin_13)_(z_pT_Bin_24)_(MultiDim_Q2_y_z_pT_phi_h)_(Normalized)[0m (Histo Num 54123)
[91mSkipping: (MultiDim_5D_Histo)_(RC_Bayesian)_(SMEAR=Smear)_(Q2_y_Bin_13)_(z_pT_Bin_24)_(MultiDim_Q2_y_z_pT_phi_h)_(Normalized)[0m (Histo Num 54124)
[91mSkipping: (MultiDim_5D_Histo)_(BC_RC_Bayesian)_(SMEAR=Smear)_(Q2_y_Bin_13)_(z_pT_Bin_24)_(MultiDim_Q2_y_z_pT_phi_h)_(Normalized)[0m (Histo Num 54125)
[91mSkipping: (MultiDim_5D_Histo)_(Bayesian)_(SMEAR=Smear)_(Q2_y_Bin_13)_(z_pT_Bin_26)_(MultiDim_Q2_y_z_pT_phi_h)_(Normalized)[0m (Histo Num 54127)
[91mSkipping: (MultiDim_5D_Histo)_(RC_Bayesian)_(SMEAR=Smear)_(Q2_y_Bin_13)_(z_pT_Bin_26)_(MultiDim_Q2_y_z_pT_phi_h)_(Normalized)[0m (Histo Num 54128)
[91mSkipping: (MultiDim_5D_Histo)_(BC_RC_Bayesian)_(SMEAR=Smear)_(Q2_y_Bin_13)_(z_pT_Bin_26)_(MultiDim_Q2_y_z_pT_phi_h)_(Normalized)[0m (Histo Num 54129)
[91mSkipping: (MultiDim_5D_Histo)_(Bayesian)_(SMEAR=Smear)_(Q2_y_Bin_13)_(z_pT_Bin_27)_(MultiDim_Q2_y_z_pT_phi_h)_(Normalized)[0m (Histo Num 54131)
[91mSkipping: (MultiDim_5D_Histo)_(RC_Bayesian)_(SMEAR=Smear)_(Q2_y_Bin_13)_(z_pT_Bin_27)_(MultiDim_Q2_y_z_pT_phi_h)_(Normalized)[0m (Histo Num 54132)
[91mSkipping: (MultiDim_5D_Histo)_(BC_RC_Bayesian)_(SMEAR=Smear)_(Q2_y_Bin_13)_(z_pT_Bin_27)_(MultiDim_Q2_y_z_pT_phi_h)_(Normalized)[0m (Histo Num 54133)
[91mSkipping: (MultiDim_5D_Histo)_(Bayesian)_(SMEAR=Smear)_(Q2_y_Bin_13)_(z_pT_Bin_28)_(MultiDim_Q2_y_z_pT_phi_h)_(Normalized)[0m (Histo Num 54135)
[91mSkipping: (MultiDim_5D_Histo)_(RC_Bayesian)_(SMEAR=Smear)_(Q2_y_Bin_13)_(z_pT_Bin_28)_(MultiDim_Q2_y_z_pT_phi_h)_(Normalized)[0m (Histo Num 54136)
[91mSkipping: (MultiDim_5D_Histo)_(BC_RC_Bayesian)_(SMEAR=Smear)_(Q2_y_Bin_13)_(z_pT_Bin_28)_(MultiDim_Q2_y_z_pT_phi_h)_(Normalized)[0m (Histo Num 54137)
[91mSkipping: (MultiDim_5D_Histo)_(Bayesian)_(SMEAR=Smear)_(Q2_y_Bin_14)_(z_pT_Bin_1)_(MultiDim_Q2_y_z_pT_phi_h)_(Normalized)[0m (Histo Num 54139)
[91mSkipping: (MultiDim_5D_Histo)_(RC_Bayesian)_(SMEAR=Smear)_(Q2_y_Bin_14)_(z_pT_Bin_1)_(MultiDim_Q2_y_z_pT_phi_h)_(Normalized)[0m (Histo Num 54140)
[91mSkipping: (MultiDim_5D_Histo)_(BC_RC_Bayesian)_(SMEAR=Smear)_(Q2_y_Bin_14)_(z_pT_Bin_1)_(MultiDim_Q2_y_z_pT_phi_h)_(Normalized)[0m (Histo Num 54141)
[91mSkipping: (MultiDim_5D_Histo)_(Bayesian)_(SMEAR=Smear)_(Q2_y_Bin_14)_(z_pT_Bin_2)_(MultiDim_Q2_y_z_pT_phi_h)_(Normalized)[0m (Histo Num 54143)
[91mSkipping: (MultiDim_5D_Histo)_(RC_Bayesian)_(SMEAR=Smear)_(Q2_y_Bin_14)_(z_pT_Bin_2)_(MultiDim_Q2_y_z_pT_phi_h)_(Normalized)[0m (Histo Num 54144)
[91mSkipping: (MultiDim_5D_Histo)_(BC_RC_Bayesian)_(SMEAR=Smear)_(Q2_y_Bin_14)_(z_pT_Bin_2)_(MultiDim_Q2_y_z_pT_phi_h)_(Normalized)[0m (Histo Num 54145)
[91mSkipping: (MultiDim_5D_Histo)_(Bayesian)_(SMEAR=Smear)_(Q2_y_Bin_14)_(z_pT_Bin_3)_(MultiDim_Q2_y_z_pT_phi_h)_(Normalized)[0m (Histo Num 54147)
[91mSkipping: (MultiDim_5D_Histo)_(RC_Bayesian)_(SMEAR=Smear)_(Q2_y_Bin_14)_(z_pT_Bin_3)_(MultiDim_Q2_y_z_pT_phi_h)_(Normalized)[0m (Histo Num 54148)
[91mSkipping: (MultiDim_5D_Histo)_(BC_RC_Bayesian)_(SMEAR=Smear)_(Q2_y_Bin_14)_(z_pT_Bin_3)_(MultiDim_Q2_y_z_pT_phi_h)_(Normalized)[0m (Histo Num 54149)
[91mSkipping: (MultiDim_5D_Histo)_(Bayesian)_(SMEAR=Smear)_(Q2_y_Bin_14)_(z_pT_Bin_4)_(MultiDim_Q2_y_z_pT_phi_h)_(Normalized)[0m (Histo Num 54151)
[91mSkipping: (MultiDim_5D_Histo)_(RC_Bayesian)_(SMEAR=Smear)_(Q2_y_Bin_14)_(z_pT_Bin_4)_(MultiDim_Q2_y_z_pT_phi_h)_(Normalized)[0m (Histo Num 54152)
[91mSkipping: (MultiDim_5D_Histo)_(BC_RC_Bayesian)_(SMEAR=Smear)_(Q2_y_Bin_14)_(z_pT_Bin_4)_(MultiDim_Q2_y_z_pT_phi_h)_(Normalized)[0m (Histo Num 54153)
[91mSkipping: (MultiDim_5D_Histo)_(Bayesian)_(SMEAR=Smear)_(Q2_y_Bin_14)_(z_pT_Bin_5)_(MultiDim_Q2_y_z_pT_phi_h)_(Normalized)[0m (Histo Num 54155)
[91mSkipping: (MultiDim_5D_Histo)_(RC_Bayesian)_(SMEAR=Smear)_(Q2_y_Bin_14)_(z_pT_Bin_5)_(MultiDim_Q2_y_z_pT_phi_h)_(Normalized)[0m (Histo Num 54156)
[91mSkipping: (MultiDim_5D_Histo)_(BC_RC_Bayesian)_(SMEAR=Smear)_(Q2_y_Bin_14)_(z_pT_Bin_5)_(MultiDim_Q2_y_z_pT_phi_h)_(Normalized)[0m (Histo Num 54157)
[91mSkipping: (MultiDim_5D_Histo)_(Bayesian)_(SMEAR=Smear)_(Q2_y_Bin_14)_(z_pT_Bin_7)_(MultiDim_Q2_y_z_pT_phi_h)_(Normalized)[0m (Histo Num 54159)
[91mSkipping: (MultiDim_5D_Histo)_(RC_Bayesian)_(SMEAR=Smear)_(Q2_y_Bin_14)_(z_pT_Bin_7)_(MultiDim_Q2_y_z_pT_phi_h)_(Normalized)[0m (Histo Num 54160)
[91mSkipping: (MultiDim_5D_Histo)_(BC_RC_Bayesian)_(SMEAR=Smear)_(Q2_y_Bin_14)_(z_pT_Bin_7)_(MultiDim_Q2_y_z_pT_phi_h)_(Normalized)[0m (Histo Num 54161)
[91mSkipping: (MultiDim_5D_Histo)_(Bayesian)_(SMEAR=Smear)_(Q2_y_Bin_14)_(z_pT_Bin_8)_(MultiDim_Q2_y_z_pT_phi_h)_(Normalized)[0m (Histo Num 54163)
[91mSkipping: (MultiDim_5D_Histo)_(RC_Bayesian)_(SMEAR=Smear)_(Q2_y_Bin_14)_(z_pT_Bin_8)_(MultiDim_Q2_y_z_pT_phi_h)_(Normalized)[0m (Histo Num 54164)
[91mSkipping: (MultiDim_5D_Histo)_(BC_RC_Bayesian)_(SMEAR=Smear)_(Q2_y_Bin_14)_(z_pT_Bin_8)_(MultiDim_Q2_y_z_pT_phi_h)_(Normalized)[0m (Histo Num 54165)
[91mSkipping: (MultiDim_5D_Histo)_(Bayesian)_(SMEAR=Smear)_(Q2_y_Bin_14)_(z_pT_Bin_9)_(MultiDim_Q2_y_z_pT_phi_h)_(Normalized)[0m (Histo Num 54167)
[91mSkipping: (MultiDim_5D_Histo)_(RC_Bayesian)_(SMEAR=Smear)_(Q2_y_Bin_14)_(z_pT_Bin_9)_(MultiDim_Q2_y_z_pT_phi_h)_(Normalized)[0m (Histo Num 54168)
[91mSkipping: (MultiDim_5D_Histo)_(BC_RC_Bayesian)_(SMEAR=Smear)_(Q2_y_Bin_14)_(z_pT_Bin_9)_(MultiDim_Q2_y_z_pT_phi_h)_(Normalized)[0m (Histo Num 54169)
[91mSkipping: (MultiDim_5D_Histo)_(Bayesian)_(SMEAR=Smear)_(Q2_y_Bin_14)_(z_pT_Bin_10)_(MultiDim_Q2_y_z_pT_phi_h)_(Normalized)[0m (Histo Num 54171)
[91mSkipping: (MultiDim_5D_Histo)_(RC_Bayesian)_(SMEAR=Smear)_(Q2_y_Bin_14)_(z_pT_Bin_10)_(MultiDim_Q2_y_z_pT_phi_h)_(Normalized)[0m (Histo Num 54172)
[91mSkipping: (MultiDim_5D_Histo)_(BC_RC_Bayesian)_(SMEAR=Smear)_(Q2_y_Bin_14)_(z_pT_Bin_10)_(MultiDim_Q2_y_z_pT_phi_h)_(Normalized)[0m (Histo Num 54173)
[91mSkipping: (MultiDim_5D_Histo)_(Bayesian)_(SMEAR=Smear)_(Q2_y_Bin_14)_(z_pT_Bin_11)_(MultiDim_Q2_y_z_pT_phi_h)_(Normalized)[0m (Histo Num 54175)
[91mSkipping: (MultiDim_5D_Histo)_(RC_Bayesian)_(SMEAR=Smear)_(Q2_y_Bin_14)_(z_pT_Bin_11)_(MultiDim_Q2_y_z_pT_phi_h)_(Normalized)[0m (Histo Num 54176)
[91mSkipping: (MultiDim_5D_Histo)_(BC_RC_Bayesian)_(SMEAR=Smear)_(Q2_y_Bin_14)_(z_pT_Bin_11)_(MultiDim_Q2_y_z_pT_phi_h)_(Normalized)[0m (Histo Num 54177)
[91mSkipping: (MultiDim_5D_Histo)_(Bayesian)_(SMEAR=Smear)_(Q2_y_Bin_14)_(z_pT_Bin_12)_(MultiDim_Q2_y_z_pT_phi_h)_(Normalized)[0m (Histo Num 54179)
[91mSkipping: (MultiDim_5D_Histo)_(RC_Bayesian)_(SMEAR=Smear)_(Q2_y_Bin_14)_(z_pT_Bin_12)_(MultiDim_Q2_y_z_pT_phi_h)_(Normalized)[0m (Histo Num 54180)
[91mSkipping: (MultiDim_5D_Histo)_(BC_RC_Bayesian)_(SMEAR=Smear)_(Q2_y_Bin_14)_(z_pT_Bin_12)_(MultiDim_Q2_y_z_pT_phi_h)_(Normalized)[0m (Histo Num 54181)
[91mSkipping: (MultiDim_5D_Histo)_(Bayesian)_(SMEAR=Smear)_(Q2_y_Bin_14)_(z_pT_Bin_13)_(MultiDim_Q2_y_z_pT_phi_h)_(Normalized)[0m (Histo Num 54183)
[91mSkipping: (MultiDim_5D_Histo)_(RC_Bayesian)_(SMEAR=Smear)_(Q2_y_Bin_14)_(z_pT_Bin_13)_(MultiDim_Q2_y_z_pT_phi_h)_(Normalized)[0m (Histo Num 54184)
[91mSkipping: (MultiDim_5D_Histo)_(BC_RC_Bayesian)_(SMEAR=Smear)_(Q2_y_Bin_14)_(z_pT_Bin_13)_(MultiDim_Q2_y_z_pT_phi_h)_(Normalized)[0m (Histo Num 54185)
[91mSkipping: (MultiDim_5D_Histo)_(Bayesian)_(SMEAR=Smear)_(Q2_y_Bin_14)_(z_pT_Bin_14)_(MultiDim_Q2_y_z_pT_phi_h)_(Normalized)[0m (Histo Num 54187)
[91mSkipping: (MultiDim_5D_Histo)_(RC_Bayesian)_(SMEAR=Smear)_(Q2_y_Bin_14)_(z_pT_Bin_14)_(MultiDim_Q2_y_z_pT_phi_h)_(Normalized)[0m (Histo Num 54188)
[91mSkipping: (MultiDim_5D_Histo)_(BC_RC_Bayesian)_(SMEAR=Smear)_(Q2_y_Bin_14)_(z_pT_Bin_14)_(MultiDim_Q2_y_z_pT_phi_h)_(Normalized)[0m (Histo Num 54189)
[91mSkipping: (MultiDim_5D_Histo)_(Bayesian)_(SMEAR=Smear)_(Q2_y_Bin_14)_(z_pT_Bin_15)_(MultiDim_Q2_y_z_pT_phi_h)_(Normalized)[0m (Histo Num 54191)
[91mSkipping: (MultiDim_5D_Histo)_(RC_Bayesian)_(SMEAR=Smear)_(Q2_y_Bin_14)_(z_pT_Bin_15)_(MultiDim_Q2_y_z_pT_phi_h)_(Normalized)[0m (Histo Num 54192)
[91mSkipping: (MultiDim_5D_Histo)_(BC_RC_Bayesian)_(SMEAR=Smear)_(Q2_y_Bin_14)_(z_pT_Bin_15)_(MultiDim_Q2_y_z_pT_phi_h)_(Normalized)[0m (Histo Num 54193)
[91mSkipping: (MultiDim_5D_Histo)_(Bayesian)_(SMEAR=Smear)_(Q2_y_Bin_14)_(z_pT_Bin_16)_(MultiDim_Q2_y_z_pT_phi_h)_(Normalized)[0m (Histo Num 54195)
[91mSkipping: (MultiDim_5D_Histo)_(RC_Bayesian)_(SMEAR=Smear)_(Q2_y_Bin_14)_(z_pT_Bin_16)_(MultiDim_Q2_y_z_pT_phi_h)_(Normalized)[0m (Histo Num 54196)
[91mSkipping: (MultiDim_5D_Histo)_(BC_RC_Bayesian)_(SMEAR=Smear)_(Q2_y_Bin_14)_(z_pT_Bin_16)_(MultiDim_Q2_y_z_pT_phi_h)_(Normalized)[0m (Histo Num 54197)
[91mSkipping: (MultiDim_5D_Histo)_(Bayesian)_(SMEAR=Smear)_(Q2_y_Bin_14)_(z_pT_Bin_17)_(MultiDim_Q2_y_z_pT_phi_h)_(Normalized)[0m (Histo Num 54199)
[91mSkipping: (MultiDim_5D_Histo)_(RC_Bayesian)_(SMEAR=Smear)_(Q2_y_Bin_14)_(z_pT_Bin_17)_(MultiDim_Q2_y_z_pT_phi_h)_(Normalized)[0m (Histo Num 54200)
[91mSkipping: (MultiDim_5D_Histo)_(BC_RC_Bayesian)_(SMEAR=Smear)_(Q2_y_Bin_14)_(z_pT_Bin_17)_(MultiDim_Q2_y_z_pT_phi_h)_(Normalized)[0m (Histo Num 54201)
[91mSkipping: (MultiDim_5D_Histo)_(Bayesian)_(SMEAR=Smear)_(Q2_y_Bin_14)_(z_pT_Bin_18)_(MultiDim_Q2_y_z_pT_phi_h)_(Normalized)[0m (Histo Num 54203)
[91mSkipping: (MultiDim_5D_Histo)_(RC_Bayesian)_(SMEAR=Smear)_(Q2_y_Bin_14)_(z_pT_Bin_18)_(MultiDim_Q2_y_z_pT_phi_h)_(Normalized)[0m (Histo Num 54204)
[91mSkipping: (MultiDim_5D_Histo)_(BC_RC_Bayesian)_(SMEAR=Smear)_(Q2_y_Bin_14)_(z_pT_Bin_18)_(MultiDim_Q2_y_z_pT_phi_h)_(Normalized)[0m (Histo Num 54205)
[91mSkipping: (MultiDim_5D_Histo)_(Bayesian)_(SMEAR=Smear)_(Q2_y_Bin_14)_(z_pT_Bin_19)_(MultiDim_Q2_y_z_pT_phi_h)_(Normalized)[0m (Histo Num 54207)
[91mSkipping: (MultiDim_5D_Histo)_(RC_Bayesian)_(SMEAR=Smear)_(Q2_y_Bin_14)_(z_pT_Bin_19)_(MultiDim_Q2_y_z_pT_phi_h)_(Normalized)[0m (Histo Num 54208)
[91mSkipping: (MultiDim_5D_Histo)_(BC_RC_Bayesian)_(SMEAR=Smear)_(Q2_y_Bin_14)_(z_pT_Bin_19)_(MultiDim_Q2_y_z_pT_phi_h)_(Normalized)[0m (Histo Num 54209)
[91mSkipping: (MultiDim_5D_Histo)_(Bayesian)_(SMEAR=Smear)_(Q2_y_Bin_14)_(z_pT_Bin_20)_(MultiDim_Q2_y_z_pT_phi_h)_(Normalized)[0m (Histo Num 54211)
[91mSkipping: (MultiDim_5D_Histo)_(RC_Bayesian)_(SMEAR=Smear)_(Q2_y_Bin_14)_(z_pT_Bin_20)_(MultiDim_Q2_y_z_pT_phi_h)_(Normalized)[0m (Histo Num 54212)
[91mSkipping: (MultiDim_5D_Histo)_(BC_RC_Bayesian)_(SMEAR=Smear)_(Q2_y_Bin_14)_(z_pT_Bin_20)_(MultiDim_Q2_y_z_pT_phi_h)_(Normalized)[0m (Histo Num 54213)
[91mSkipping: (MultiDim_5D_Histo)_(Bayesian)_(SMEAR=Smear)_(Q2_y_Bin_14)_(z_pT_Bin_21)_(MultiDim_Q2_y_z_pT_phi_h)_(Normalized)[0m (Histo Num 54215)
[91mSkipping: (MultiDim_5D_Histo)_(RC_Bayesian)_(SMEAR=Smear)_(Q2_y_Bin_14)_(z_pT_Bin_21)_(MultiDim_Q2_y_z_pT_phi_h)_(Normalized)[0m (Histo Num 54216)
[91mSkipping: (MultiDim_5D_Histo)_(BC_RC_Bayesian)_(SMEAR=Smear)_(Q2_y_Bin_14)_(z_pT_Bin_21)_(MultiDim_Q2_y_z_pT_phi_h)_(Normalized)[0m (Histo Num 54217)
[91mSkipping: (MultiDim_5D_Histo)_(Bayesian)_(SMEAR=Smear)_(Q2_y_Bin_14)_(z_pT_Bin_22)_(MultiDim_Q2_y_z_pT_phi_h)_(Normalized)[0m (Histo Num 54219)
[91mSkipping: (MultiDim_5D_Histo)_(RC_Bayesian)_(SMEAR=Smear)_(Q2_y_Bin_14)_(z_pT_Bin_22)_(MultiDim_Q2_y_z_pT_phi_h)_(Normalized)[0m (Histo Num 54220)
[91mSkipping: (MultiDim_5D_Histo)_(BC_RC_Bayesian)_(SMEAR=Smear)_(Q2_y_Bin_14)_(z_pT_Bin_22)_(MultiDim_Q2_y_z_pT_phi_h)_(Normalized)[0m (Histo Num 54221)
[91mSkipping: (MultiDim_5D_Histo)_(Bayesian)_(SMEAR=Smear)_(Q2_y_Bin_14)_(z_pT_Bin_23)_(MultiDim_Q2_y_z_pT_phi_h)_(Normalized)[0m (Histo Num 54223)
[91mSkipping: (MultiDim_5D_Histo)_(RC_Bayesian)_(SMEAR=Smear)_(Q2_y_Bin_14)_(z_pT_Bin_23)_(MultiDim_Q2_y_z_pT_phi_h)_(Normalized)[0m (Histo Num 54224)
[91mSkipping: (MultiDim_5D_Histo)_(BC_RC_Bayesian)_(SMEAR=Smear)_(Q2_y_Bin_14)_(z_pT_Bin_23)_(MultiDim_Q2_y_z_pT_phi_h)_(Normalized)[0m (Histo Num 54225)
[91mSkipping: (MultiDim_5D_Histo)_(Bayesian)_(SMEAR=Smear)_(Q2_y_Bin_14)_(z_pT_Bin_25)_(MultiDim_Q2_y_z_pT_phi_h)_(Normalized)[0m (Histo Num 54227)
[91mSkipping: (MultiDim_5D_Histo)_(RC_Bayesian)_(SMEAR=Smear)_(Q2_y_Bin_14)_(z_pT_Bin_25)_(MultiDim_Q2_y_z_pT_phi_h)_(Normalized)[0m (Histo Num 54228)
[91mSkipping: (MultiDim_5D_Histo)_(BC_RC_Bayesian)_(SMEAR=Smear)_(Q2_y_Bin_14)_(z_pT_Bin_25)_(MultiDim_Q2_y_z_pT_phi_h)_(Normalized)[0m (Histo Num 54229)
[91mSkipping: (MultiDim_5D_Histo)_(Bayesian)_(SMEAR=Smear)_(Q2_y_Bin_14)_(z_pT_Bin_26)_(MultiDim_Q2_y_z_pT_phi_h)_(Normalized)[0m (Histo Num 54231)
[91mSkipping: (MultiDim_5D_Histo)_(RC_Bayesian)_(SMEAR=Smear)_(Q2_y_Bin_14)_(z_pT_Bin_26)_(MultiDim_Q2_y_z_pT_phi_h)_(Normalized)[0m (Histo Num 54232)
[91mSkipping: (MultiDim_5D_Histo)_(BC_RC_Bayesian)_(SMEAR=Smear)_(Q2_y_Bin_14)_(z_pT_Bin_26)_(MultiDim_Q2_y_z_pT_phi_h)_(Normalized)[0m (Histo Num 54233)
[91mSkipping: (MultiDim_5D_Histo)_(Bayesian)_(SMEAR=Smear)_(Q2_y_Bin_14)_(z_pT_Bin_27)_(MultiDim_Q2_y_z_pT_phi_h)_(Normalized)[0m (Histo Num 54235)
[91mSkipping: (MultiDim_5D_Histo)_(RC_Bayesian)_(SMEAR=Smear)_(Q2_y_Bin_14)_(z_pT_Bin_27)_(MultiDim_Q2_y_z_pT_phi_h)_(Normalized)[0m (Histo Num 54236)
[91mSkipping: (MultiDim_5D_Histo)_(BC_RC_Bayesian)_(SMEAR=Smear)_(Q2_y_Bin_14)_(z_pT_Bin_27)_(MultiDim_Q2_y_z_pT_phi_h)_(Normalized)[0m (Histo Num 54237)
[91mSkipping: (MultiDim_5D_Histo)_(Bayesian)_(SMEAR=Smear)_(Q2_y_Bin_14)_(z_pT_Bin_28)_(MultiDim_Q2_y_z_pT_phi_h)_(Normalized)[0m (Histo Num 54239)
[91mSkipping: (MultiDim_5D_Histo)_(RC_Bayesian)_(SMEAR=Smear)_(Q2_y_Bin_14)_(z_pT_Bin_28)_(MultiDim_Q2_y_z_pT_phi_h)_(Normalized)[0m (Histo Num 54240)
[91mSkipping: (MultiDim_5D_Histo)_(BC_RC_Bayesian)_(SMEAR=Smear)_(Q2_y_Bin_14)_(z_pT_Bin_28)_(MultiDim_Q2_y_z_pT_phi_h)_(Normalized)[0m (Histo Num 54241)
[91mSkipping: (MultiDim_5D_Histo)_(Bayesian)_(SMEAR=Smear)_(Q2_y_Bin_14)_(z_pT_Bin_29)_(MultiDim_Q2_y_z_pT_phi_h)_(Normalized)[0m (Histo Num 54243)
[91mSkipping: (MultiDim_5D_Histo)_(RC_Bayesian)_(SMEAR=Smear)_(Q2_y_Bin_14)_(z_pT_Bin_29)_(MultiDim_Q2_y_z_pT_phi_h)_(Normalized)[0m (Histo Num 54244)
[91mSkipping: (MultiDim_5D_Histo)_(BC_RC_Bayesian)_(SMEAR=Smear)_(Q2_y_Bin_14)_(z_pT_Bin_29)_(MultiDim_Q2_y_z_pT_phi_h)_(Normalized)[0m (Histo Num 54245)
[91mSkipping: (MultiDim_5D_Histo)_(Bayesian)_(SMEAR=Smear)_(Q2_y_Bin_14)_(z_pT_Bin_31)_(MultiDim_Q2_y_z_pT_phi_h)_(Normalized)[0m (Histo Num 54247)
[91mSkipping: (MultiDim_5D_Histo)_(RC_Bayesian)_(SMEAR=Smear)_(Q2_y_Bin_14)_(z_pT_Bin_31)_(MultiDim_Q2_y_z_pT_phi_h)_(Normalized)[0m (Histo Num 54248)
[91mSkipping: (MultiDim_5D_Histo)_(BC_RC_Bayesian)_(SMEAR=Smear)_(Q2_y_Bin_14)_(z_pT_Bin_31)_(MultiDim_Q2_y_z_pT_phi_h)_(Normalized)[0m (Histo Num 54249)
[91mSkipping: (MultiDim_5D_Histo)_(Bayesian)_(SMEAR=Smear)_(Q2_y_Bin_14)_(z_pT_Bin_32)_(MultiDim_Q2_y_z_pT_phi_h)_(Normalized)[0m (Histo Num 54251)
[91mSkipping: (MultiDim_5D_Histo)_(RC_Bayesian)_(SMEAR=Smear)_(Q2_y_Bin_14)_(z_pT_Bin_32)_(MultiDim_Q2_y_z_pT_phi_h)_(Normalized)[0m (Histo Num 54252)
[91mSkipping: (MultiDim_5D_Histo)_(BC_RC_Bayesian)_(SMEAR=Smear)_(Q2_y_Bin_14)_(z_pT_Bin_32)_(MultiDim_Q2_y_z_pT_phi_h)_(Normalized)[0m (Histo Num 54253)
[91mSkipping: (MultiDim_5D_Histo)_(Bayesian)_(SMEAR=Smear)_(Q2_y_Bin_14)_(z_pT_Bin_33)_(MultiDim_Q2_y_z_pT_phi_h)_(Normalized)[0m (Histo Num 54255)
[91mSkipping: (MultiDim_5D_Histo)_(RC_Bayesian)_(SMEAR=Smear)_(Q2_y_Bin_14)_(z_pT_Bin_33)_(MultiDim_Q2_y_z_pT_phi_h)_(Normalized)[0m (Histo Num 54256)
[91mSkipping: (MultiDim_5D_Histo)_(BC_RC_Bayesian)_(SMEAR=Smear)_(Q2_y_Bin_14)_(z_pT_Bin_33)_(MultiDim_Q2_y_z_pT_phi_h)_(Normalized)[0m (Histo Num 54257)
[91mSkipping: (MultiDim_5D_Histo)_(Bayesian)_(SMEAR=Smear)_(Q2_y_Bin_14)_(z_pT_Bin_34)_(MultiDim_Q2_y_z_pT_phi_h)_(Normalized)[0m (Histo Num 54259)
[91mSkipping: (MultiDim_5D_Histo)_(RC_Bayesian)_(SMEAR=Smear)_(Q2_y_Bin_14)_(z_pT_Bin_34)_(MultiDim_Q2_y_z_pT_phi_h)_(Normalized)[0m (Histo Num 54260)
[91mSkipping: (MultiDim_5D_Histo)_(BC_RC_Bayesian)_(SMEAR=Smear)_(Q2_y_Bin_14)_(z_pT_Bin_34)_(MultiDim_Q2_y_z_pT_phi_h)_(Normalized)[0m (Histo Num 54261)
[91mSkipping: (MultiDim_5D_Histo)_(Bayesian)_(SMEAR=Smear)_(Q2_y_Bin_15)_(z_pT_Bin_1)_(MultiDim_Q2_y_z_pT_phi_h)_(Normalized)[0m (Histo Num 54263)
[91mSkipping: (MultiDim_5D_Histo)_(RC_Bayesian)_(SMEAR=Smear)_(Q2_y_Bin_15)_(z_pT_Bin_1)_(MultiDim_Q2_y_z_pT_phi_h)_(Normalized)[0m (Histo Num 54264)
[91mSkipping: (MultiDim_5D_Histo)_(BC_RC_Bayesian)_(SMEAR=Smear)_(Q2_y_Bin_15)_(z_pT_Bin_1)_(MultiDim_Q2_y_z_pT_phi_h)_(Normalized)[0m (Histo Num 54265)
[91mSkipping: (MultiDim_5D_Histo)_(Bayesian)_(SMEAR=Smear)_(Q2_y_Bin_15)_(z_pT_Bin_2)_(MultiDim_Q2_y_z_pT_phi_h)_(Normalized)[0m (Histo Num 54267)
[91mSkipping: (MultiDim_5D_Histo)_(RC_Bayesian)_(SMEAR=Smear)_(Q2_y_Bin_15)_(z_pT_Bin_2)_(MultiDim_Q2_y_z_pT_phi_h)_(Normalized)[0m (Histo Num 54268)
[91mSkipping: (MultiDim_5D_Histo)_(BC_RC_Bayesian)_(SMEAR=Smear)_(Q2_y_Bin_15)_(z_pT_Bin_2)_(MultiDim_Q2_y_z_pT_phi_h)_(Normalized)[0m (Histo Num 54269)
[91mSkipping: (MultiDim_5D_Histo)_(Bayesian)_(SMEAR=Smear)_(Q2_y_Bin_15)_(z_pT_Bin_3)_(MultiDim_Q2_y_z_pT_phi_h)_(Normalized)[0m (Histo Num 54271)
[91mSkipping: (MultiDim_5D_Histo)_(RC_Bayesian)_(SMEAR=Smear)_(Q2_y_Bin_15)_(z_pT_Bin_3)_(MultiDim_Q2_y_z_pT_phi_h)_(Normalized)[0m (Histo Num 54272)
[91mSkipping: (MultiDim_5D_Histo)_(BC_RC_Bayesian)_(SMEAR=Smear)_(Q2_y_Bin_15)_(z_pT_Bin_3)_(MultiDim_Q2_y_z_pT_phi_h)_(Normalized)[0m (Histo Num 54273)
[91mSkipping: (MultiDim_5D_Histo)_(Bayesian)_(SMEAR=Smear)_(Q2_y_Bin_15)_(z_pT_Bin_4)_(MultiDim_Q2_y_z_pT_phi_h)_(Normalized)[0m (Histo Num 54275)
[91mSkipping: (MultiDim_5D_Histo)_(RC_Bayesian)_(SMEAR=Smear)_(Q2_y_Bin_15)_(z_pT_Bin_4)_(MultiDim_Q2_y_z_pT_phi_h)_(Normalized)[0m (Histo Num 54276)
[91mSkipping: (MultiDim_5D_Histo)_(BC_RC_Bayesian)_(SMEAR=Smear)_(Q2_y_Bin_15)_(z_pT_Bin_4)_(MultiDim_Q2_y_z_pT_phi_h)_(Normalized)[0m (Histo Num 54277)
[91mSkipping: (MultiDim_5D_Histo)_(Bayesian)_(SMEAR=Smear)_(Q2_y_Bin_15)_(z_pT_Bin_6)_(MultiDim_Q2_y_z_pT_phi_h)_(Normalized)[0m (Histo Num 54279)
[91mSkipping: (MultiDim_5D_Histo)_(RC_Bayesian)_(SMEAR=Smear)_(Q2_y_Bin_15)_(z_pT_Bin_6)_(MultiDim_Q2_y_z_pT_phi_h)_(Normalized)[0m (Histo Num 54280)
[91mSkipping: (MultiDim_5D_Histo)_(BC_RC_Bayesian)_(SMEAR=Smear)_(Q2_y_Bin_15)_(z_pT_Bin_6)_(MultiDim_Q2_y_z_pT_phi_h)_(Normalized)[0m (Histo Num 54281)
[91mSkipping: (MultiDim_5D_Histo)_(Bayesian)_(SMEAR=Smear)_(Q2_y_Bin_15)_(z_pT_Bin_7)_(MultiDim_Q2_y_z_pT_phi_h)_(Normalized)[0m (Histo Num 54283)
[91mSkipping: (MultiDim_5D_Histo)_(RC_Bayesian)_(SMEAR=Smear)_(Q2_y_Bin_15)_(z_pT_Bin_7)_(MultiDim_Q2_y_z_pT_phi_h)_(Normalized)[0m (Histo Num 54284)
[91mSkipping: (MultiDim_5D_Histo)_(BC_RC_Bayesian)_(SMEAR=Smear)_(Q2_y_Bin_15)_(z_pT_Bin_7)_(MultiDim_Q2_y_z_pT_phi_h)_(Normalized)[0m (Histo Num 54285)
[91mSkipping: (MultiDim_5D_Histo)_(Bayesian)_(SMEAR=Smear)_(Q2_y_Bin_15)_(z_pT_Bin_8)_(MultiDim_Q2_y_z_pT_phi_h)_(Normalized)[0m (Histo Num 54287)
[91mSkipping: (MultiDim_5D_Histo)_(RC_Bayesian)_(SMEAR=Smear)_(Q2_y_Bin_15)_(z_pT_Bin_8)_(MultiDim_Q2_y_z_pT_phi_h)_(Normalized)[0m (Histo Num 54288)
[91mSkipping: (MultiDim_5D_Histo)_(BC_RC_Bayesian)_(SMEAR=Smear)_(Q2_y_Bin_15)_(z_pT_Bin_8)_(MultiDim_Q2_y_z_pT_phi_h)_(Normalized)[0m (Histo Num 54289)
[91mSkipping: (MultiDim_5D_Histo)_(Bayesian)_(SMEAR=Smear)_(Q2_y_Bin_15)_(z_pT_Bin_9)_(MultiDim_Q2_y_z_pT_phi_h)_(Normalized)[0m (Histo Num 54291)
[91mSkipping: (MultiDim_5D_Histo)_(RC_Bayesian)_(SMEAR=Smear)_(Q2_y_Bin_15)_(z_pT_Bin_9)_(MultiDim_Q2_y_z_pT_phi_h)_(Normalized)[0m (Histo Num 54292)
[91mSkipping: (MultiDim_5D_Histo)_(BC_RC_Bayesian)_(SMEAR=Smear)_(Q2_y_Bin_15)_(z_pT_Bin_9)_(MultiDim_Q2_y_z_pT_phi_h)_(Normalized)[0m (Histo Num 54293)
[91mSkipping: (MultiDim_5D_Histo)_(Bayesian)_(SMEAR=Smear)_(Q2_y_Bin_15)_(z_pT_Bin_10)_(MultiDim_Q2_y_z_pT_phi_h)_(Normalized)[0m (Histo Num 54295)
[91mSkipping: (MultiDim_5D_Histo)_(RC_Bayesian)_(SMEAR=Smear)_(Q2_y_Bin_15)_(z_pT_Bin_10)_(MultiDim_Q2_y_z_pT_phi_h)_(Normalized)[0m (Histo Num 54296)
[91mSkipping: (MultiDim_5D_Histo)_(BC_RC_Bayesian)_(SMEAR=Smear)_(Q2_y_Bin_15)_(z_pT_Bin_10)_(MultiDim_Q2_y_z_pT_phi_h)_(Normalized)[0m (Histo Num 54297)
[91mSkipping: (MultiDim_5D_Histo)_(Bayesian)_(SMEAR=Smear)_(Q2_y_Bin_15)_(z_pT_Bin_11)_(MultiDim_Q2_y_z_pT_phi_h)_(Normalized)[0m (Histo Num 54299)
[91mSkipping: (MultiDim_5D_Histo)_(RC_Bayesian)_(SMEAR=Smear)_(Q2_y_Bin_15)_(z_pT_Bin_11)_(MultiDim_Q2_y_z_pT_phi_h)_(Normalized)[0m (Histo Num 54300)
[91mSkipping: (MultiDim_5D_Histo)_(BC_RC_Bayesian)_(SMEAR=Smear)_(Q2_y_Bin_15)_(z_pT_Bin_11)_(MultiDim_Q2_y_z_pT_phi_h)_(Normalized)[0m (Histo Num 54301)
[91mSkipping: (MultiDim_5D_Histo)_(Bayesian)_(SMEAR=Smear)_(Q2_y_Bin_15)_(z_pT_Bin_12)_(MultiDim_Q2_y_z_pT_phi_h)_(Normalized)[0m (Histo Num 54303)
[91mSkipping: (MultiDim_5D_Histo)_(RC_Bayesian)_(SMEAR=Smear)_(Q2_y_Bin_15)_(z_pT_Bin_12)_(MultiDim_Q2_y_z_pT_phi_h)_(Normalized)[0m (Histo Num 54304)
[91mSkipping: (MultiDim_5D_Histo)_(BC_RC_Bayesian)_(SMEAR=Smear)_(Q2_y_Bin_15)_(z_pT_Bin_12)_(MultiDim_Q2_y_z_pT_phi_h)_(Normalized)[0m (Histo Num 54305)
[91mSkipping: (MultiDim_5D_Histo)_(Bayesian)_(SMEAR=Smear)_(Q2_y_Bin_15)_(z_pT_Bin_13)_(MultiDim_Q2_y_z_pT_phi_h)_(Normalized)[0m (Histo Num 54307)
[91mSkipping: (MultiDim_5D_Histo)_(RC_Bayesian)_(SMEAR=Smear)_(Q2_y_Bin_15)_(z_pT_Bin_13)_(MultiDim_Q2_y_z_pT_phi_h)_(Normalized)[0m (Histo Num 54308)
[91mSkipping: (MultiDim_5D_Histo)_(BC_RC_Bayesian)_(SMEAR=Smear)_(Q2_y_Bin_15)_(z_pT_Bin_13)_(MultiDim_Q2_y_z_pT_phi_h)_(Normalized)[0m (Histo Num 54309)
[91mSkipping: (MultiDim_5D_Histo)_(Bayesian)_(SMEAR=Smear)_(Q2_y_Bin_15)_(z_pT_Bin_14)_(MultiDim_Q2_y_z_pT_phi_h)_(Normalized)[0m (Histo Num 54311)
[91mSkipping: (MultiDim_5D_Histo)_(RC_Bayesian)_(SMEAR=Smear)_(Q2_y_Bin_15)_(z_pT_Bin_14)_(MultiDim_Q2_y_z_pT_phi_h)_(Normalized)[0m (Histo Num 54312)
[91mSkipping: (MultiDim_5D_Histo)_(BC_RC_Bayesian)_(SMEAR=Smear)_(Q2_y_Bin_15)_(z_pT_Bin_14)_(MultiDim_Q2_y_z_pT_phi_h)_(Normalized)[0m (Histo Num 54313)
[91mSkipping: (MultiDim_5D_Histo)_(Bayesian)_(SMEAR=Smear)_(Q2_y_Bin_15)_(z_pT_Bin_15)_(MultiDim_Q2_y_z_pT_phi_h)_(Normalized)[0m (Histo Num 54315)
[91mSkipping: (MultiDim_5D_Histo)_(RC_Bayesian)_(SMEAR=Smear)_(Q2_y_Bin_15)_(z_pT_Bin_15)_(MultiDim_Q2_y_z_pT_phi_h)_(Normalized)[0m (Histo Num 54316)
[91mSkipping: (MultiDim_5D_Histo)_(BC_RC_Bayesian)_(SMEAR=Smear)_(Q2_y_Bin_15)_(z_pT_Bin_15)_(MultiDim_Q2_y_z_pT_phi_h)_(Normalized)[0m (Histo Num 54317)
[91mSkipping: (MultiDim_5D_Histo)_(Bayesian)_(SMEAR=Smear)_(Q2_y_Bin_15)_(z_pT_Bin_16)_(MultiDim_Q2_y_z_pT_phi_h)_(Normalized)[0m (Histo Num 54319)
[91mSkipping: (MultiDim_5D_Histo)_(RC_Bayesian)_(SMEAR=Smear)_(Q2_y_Bin_15)_(z_pT_Bin_16)_(MultiDim_Q2_y_z_pT_phi_h)_(Normalized)[0m (Histo Num 54320)
[91mSkipping: (MultiDim_5D_Histo)_(BC_RC_Bayesian)_(SMEAR=Smear)_(Q2_y_Bin_15)_(z_pT_Bin_16)_(MultiDim_Q2_y_z_pT_phi_h)_(Normalized)[0m (Histo Num 54321)
[91mSkipping: (MultiDim_5D_Histo)_(Bayesian)_(SMEAR=Smear)_(Q2_y_Bin_15)_(z_pT_Bin_17)_(MultiDim_Q2_y_z_pT_phi_h)_(Normalized)[0m (Histo Num 54323)
[91mSkipping: (MultiDim_5D_Histo)_(RC_Bayesian)_(SMEAR=Smear)_(Q2_y_Bin_15)_(z_pT_Bin_17)_(MultiDim_Q2_y_z_pT_phi_h)_(Normalized)[0m (Histo Num 54324)
[91mSkipping: (MultiDim_5D_Histo)_(BC_RC_Bayesian)_(SMEAR=Smear)_(Q2_y_Bin_15)_(z_pT_Bin_17)_(MultiDim_Q2_y_z_pT_phi_h)_(Normalized)[0m (Histo Num 54325)
[91mSkipping: (MultiDim_5D_Histo)_(Bayesian)_(SMEAR=Smear)_(Q2_y_Bin_15)_(z_pT_Bin_18)_(MultiDim_Q2_y_z_pT_phi_h)_(Normalized)[0m (Histo Num 54327)
[91mSkipping: (MultiDim_5D_Histo)_(RC_Bayesian)_(SMEAR=Smear)_(Q2_y_Bin_15)_(z_pT_Bin_18)_(MultiDim_Q2_y_z_pT_phi_h)_(Normalized)[0m (Histo Num 54328)
[91mSkipping: (MultiDim_5D_Histo)_(BC_RC_Bayesian)_(SMEAR=Smear)_(Q2_y_Bin_15)_(z_pT_Bin_18)_(MultiDim_Q2_y_z_pT_phi_h)_(Normalized)[0m (Histo Num 54329)
[91mSkipping: (MultiDim_5D_Histo)_(Bayesian)_(SMEAR=Smear)_(Q2_y_Bin_15)_(z_pT_Bin_19)_(MultiDim_Q2_y_z_pT_phi_h)_(Normalized)[0m (Histo Num 54331)
[91mSkipping: (MultiDim_5D_Histo)_(RC_Bayesian)_(SMEAR=Smear)_(Q2_y_Bin_15)_(z_pT_Bin_19)_(MultiDim_Q2_y_z_pT_phi_h)_(Normalized)[0m (Histo Num 54332)
[91mSkipping: (MultiDim_5D_Histo)_(BC_RC_Bayesian)_(SMEAR=Smear)_(Q2_y_Bin_15)_(z_pT_Bin_19)_(MultiDim_Q2_y_z_pT_phi_h)_(Normalized)[0m (Histo Num 54333)
[91mSkipping: (MultiDim_5D_Histo)_(Bayesian)_(SMEAR=Smear)_(Q2_y_Bin_15)_(z_pT_Bin_21)_(MultiDim_Q2_y_z_pT_phi_h)_(Normalized)[0m (Histo Num 54335)
[91mSkipping: (MultiDim_5D_Histo)_(RC_Bayesian)_(SMEAR=Smear)_(Q2_y_Bin_15)_(z_pT_Bin_21)_(MultiDim_Q2_y_z_pT_phi_h)_(Normalized)[0m (Histo Num 54336)
[91mSkipping: (MultiDim_5D_Histo)_(BC_RC_Bayesian)_(SMEAR=Smear)_(Q2_y_Bin_15)_(z_pT_Bin_21)_(MultiDim_Q2_y_z_pT_phi_h)_(Normalized)[0m (Histo Num 54337)
[91mSkipping: (MultiDim_5D_Histo)_(Bayesian)_(SMEAR=Smear)_(Q2_y_Bin_15)_(z_pT_Bin_22)_(MultiDim_Q2_y_z_pT_phi_h)_(Normalized)[0m (Histo Num 54339)
[91mSkipping: (MultiDim_5D_Histo)_(RC_Bayesian)_(SMEAR=Smear)_(Q2_y_Bin_15)_(z_pT_Bin_22)_(MultiDim_Q2_y_z_pT_phi_h)_(Normalized)[0m (Histo Num 54340)
[91mSkipping: (MultiDim_5D_Histo)_(BC_RC_Bayesian)_(SMEAR=Smear)_(Q2_y_Bin_15)_(z_pT_Bin_22)_(MultiDim_Q2_y_z_pT_phi_h)_(Normalized)[0m (Histo Num 54341)
[91mSkipping: (MultiDim_5D_Histo)_(Bayesian)_(SMEAR=Smear)_(Q2_y_Bin_15)_(z_pT_Bin_23)_(MultiDim_Q2_y_z_pT_phi_h)_(Normalized)[0m (Histo Num 54343)
[91mSkipping: (MultiDim_5D_Histo)_(RC_Bayesian)_(SMEAR=Smear)_(Q2_y_Bin_15)_(z_pT_Bin_23)_(MultiDim_Q2_y_z_pT_phi_h)_(Normalized)[0m (Histo Num 54344)
[91mSkipping: (MultiDim_5D_Histo)_(BC_RC_Bayesian)_(SMEAR=Smear)_(Q2_y_Bin_15)_(z_pT_Bin_23)_(MultiDim_Q2_y_z_pT_phi_h)_(Normalized)[0m (Histo Num 54345)
[91mSkipping: (MultiDim_5D_Histo)_(Bayesian)_(SMEAR=Smear)_(Q2_y_Bin_15)_(z_pT_Bin_24)_(MultiDim_Q2_y_z_pT_phi_h)_(Normalized)[0m (Histo Num 54347)
[91mSkipping: (MultiDim_5D_Histo)_(RC_Bayesian)_(SMEAR=Smear)_(Q2_y_Bin_15)_(z_pT_Bin_24)_(MultiDim_Q2_y_z_pT_phi_h)_(Normalized)[0m (Histo Num 54348)
[91mSkipping: (MultiDim_5D_Histo)_(BC_RC_Bayesian)_(SMEAR=Smear)_(Q2_y_Bin_15)_(z_pT_Bin_24)_(MultiDim_Q2_y_z_pT_phi_h)_(Normalized)[0m (Histo Num 54349)
[91mSkipping: (MultiDim_5D_Histo)_(Bayesian)_(SMEAR=Smear)_(Q2_y_Bin_16)_(z_pT_Bin_1)_(MultiDim_Q2_y_z_pT_phi_h)_(Normalized)[0m (Histo Num 54351)
[91mSkipping: (MultiDim_5D_Histo)_(RC_Bayesian)_(SMEAR=Smear)_(Q2_y_Bin_16)_(z_pT_Bin_1)_(MultiDim_Q2_y_z_pT_phi_h)_(Normalized)[0m (Histo Num 54352)
[91mSkipping: (MultiDim_5D_Histo)_(BC_RC_Bayesian)_(SMEAR=Smear)_(Q2_y_Bin_16)_(z_pT_Bin_1)_(MultiDim_Q2_y_z_pT_phi_h)_(Normalized)[0m (Histo Num 54353)
[91mSkipping: (MultiDim_5D_Histo)_(Bayesian)_(SMEAR=Smear)_(Q2_y_Bin_16)_(z_pT_Bin_2)_(MultiDim_Q2_y_z_pT_phi_h)_(Normalized)[0m (Histo Num 54355)
[91mSkipping: (MultiDim_5D_Histo)_(RC_Bayesian)_(SMEAR=Smear)_(Q2_y_Bin_16)_(z_pT_Bin_2)_(MultiDim_Q2_y_z_pT_phi_h)_(Normalized)[0m (Histo Num 54356)
[91mSkipping: (MultiDim_5D_Histo)_(BC_RC_Bayesian)_(SMEAR=Smear)_(Q2_y_Bin_16)_(z_pT_Bin_2)_(MultiDim_Q2_y_z_pT_phi_h)_(Normalized)[0m (Histo Num 54357)
[91mSkipping: (MultiDim_5D_Histo)_(Bayesian)_(SMEAR=Smear)_(Q2_y_Bin_16)_(z_pT_Bin_3)_(MultiDim_Q2_y_z_pT_phi_h)_(Normalized)[0m (Histo Num 54359)
[91mSkipping: (MultiDim_5D_Histo)_(RC_Bayesian)_(SMEAR=Smear)_(Q2_y_Bin_16)_(z_pT_Bin_3)_(MultiDim_Q2_y_z_pT_phi_h)_(Normalized)[0m (Histo Num 54360)
[91mSkipping: (MultiDim_5D_Histo)_(BC_RC_Bayesian)_(SMEAR=Smear)_(Q2_y_Bin_16)_(z_pT_Bin_3)_(MultiDim_Q2_y_z_pT_phi_h)_(Normalized)[0m (Histo Num 54361)
[91mSkipping: (MultiDim_5D_Histo)_(Bayesian)_(SMEAR=Smear)_(Q2_y_Bin_16)_(z_pT_Bin_4)_(MultiDim_Q2_y_z_pT_phi_h)_(Normalized)[0m (Histo Num 54363)
[91mSkipping: (MultiDim_5D_Histo)_(RC_Bayesian)_(SMEAR=Smear)_(Q2_y_Bin_16)_(z_pT_Bin_4)_(MultiDim_Q2_y_z_pT_phi_h)_(Normalized)[0m (Histo Num 54364)
[91mSkipping: (MultiDim_5D_Histo)_(BC_RC_Bayesian)_(SMEAR=Smear)_(Q2_y_Bin_16)_(z_pT_Bin_4)_(MultiDim_Q2_y_z_pT_phi_h)_(Normalized)[0m (Histo Num 54365)
[91mSkipping: (MultiDim_5D_Histo)_(Bayesian)_(SMEAR=Smear)_(Q2_y_Bin_16)_(z_pT_Bin_5)_(MultiDim_Q2_y_z_pT_phi_h)_(Normalized)[0m (Histo Num 54367)
[91mSkipping: (MultiDim_5D_Histo)_(RC_Bayesian)_(SMEAR=Smear)_(Q2_y_Bin_16)_(z_pT_Bin_5)_(MultiDim_Q2_y_z_pT_phi_h)_(Normalized)[0m (Histo Num 54368)
[91mSkipping: (MultiDim_5D_Histo)_(BC_RC_Bayesian)_(SMEAR=Smear)_(Q2_y_Bin_16)_(z_pT_Bin_5)_(MultiDim_Q2_y_z_pT_phi_h)_(Normalized)[0m (Histo Num 54369)
[91mSkipping: (MultiDim_5D_Histo)_(Bayesian)_(SMEAR=Smear)_(Q2_y_Bin_16)_(z_pT_Bin_6)_(MultiDim_Q2_y_z_pT_phi_h)_(Normalized)[0m (Histo Num 54371)
[91mSkipping: (MultiDim_5D_Histo)_(RC_Bayesian)_(SMEAR=Smear)_(Q2_y_Bin_16)_(z_pT_Bin_6)_(MultiDim_Q2_y_z_pT_phi_h)_(Normalized)[0m (Histo Num 54372)
[91mSkipping: (MultiDim_5D_Histo)_(BC_RC_Bayesian)_(SMEAR=Smear)_(Q2_y_Bin_16)_(z_pT_Bin_6)_(MultiDim_Q2_y_z_pT_phi_h)_(Normalized)[0m (Histo Num 54373)
[91mSkipping: (MultiDim_5D_Histo)_(Bayesian)_(SMEAR=Smear)_(Q2_y_Bin_16)_(z_pT_Bin_7)_(MultiDim_Q2_y_z_pT_phi_h)_(Normalized)[0m (Histo Num 54375)
[91mSkipping: (MultiDim_5D_Histo)_(RC_Bayesian)_(SMEAR=Smear)_(Q2_y_Bin_16)_(z_pT_Bin_7)_(MultiDim_Q2_y_z_pT_phi_h)_(Normalized)[0m (Histo Num 54376)
[91mSkipping: (MultiDim_5D_Histo)_(BC_RC_Bayesian)_(SMEAR=Smear)_(Q2_y_Bin_16)_(z_pT_Bin_7)_(MultiDim_Q2_y_z_pT_phi_h)_(Normalized)[0m (Histo Num 54377)
[91mSkipping: (MultiDim_5D_Histo)_(Bayesian)_(SMEAR=Smear)_(Q2_y_Bin_16)_(z_pT_Bin_8)_(MultiDim_Q2_y_z_pT_phi_h)_(Normalized)[0m (Histo Num 54379)
[91mSkipping: (MultiDim_5D_Histo)_(RC_Bayesian)_(SMEAR=Smear)_(Q2_y_Bin_16)_(z_pT_Bin_8)_(MultiDim_Q2_y_z_pT_phi_h)_(Normalized)[0m (Histo Num 54380)
[91mSkipping: (MultiDim_5D_Histo)_(BC_RC_Bayesian)_(SMEAR=Smear)_(Q2_y_Bin_16)_(z_pT_Bin_8)_(MultiDim_Q2_y_z_pT_phi_h)_(Normalized)[0m (Histo Num 54381)
[91mSkipping: (MultiDim_5D_Histo)_(Bayesian)_(SMEAR=Smear)_(Q2_y_Bin_16)_(z_pT_Bin_9)_(MultiDim_Q2_y_z_pT_phi_h)_(Normalized)[0m (Histo Num 54383)
[91mSkipping: (MultiDim_5D_Histo)_(RC_Bayesian)_(SMEAR=Smear)_(Q2_y_Bin_16)_(z_pT_Bin_9)_(MultiDim_Q2_y_z_pT_phi_h)_(Normalized)[0m (Histo Num 54384)
[91mSkipping: (MultiDim_5D_Histo)_(BC_RC_Bayesian)_(SMEAR=Smear)_(Q2_y_Bin_16)_(z_pT_Bin_9)_(MultiDim_Q2_y_z_pT_phi_h)_(Normalized)[0m (Histo Num 54385)
[91mSkipping: (MultiDim_5D_Histo)_(Bayesian)_(SMEAR=Smear)_(Q2_y_Bin_16)_(z_pT_Bin_10)_(MultiDim_Q2_y_z_pT_phi_h)_(Normalized)[0m (Histo Num 54387)
[91mSkipping: (MultiDim_5D_Histo)_(RC_Bayesian)_(SMEAR=Smear)_(Q2_y_Bin_16)_(z_pT_Bin_10)_(MultiDim_Q2_y_z_pT_phi_h)_(Normalized)[0m (Histo Num 54388)
[91mSkipping: (MultiDim_5D_Histo)_(BC_RC_Bayesian)_(SMEAR=Smear)_(Q2_y_Bin_16)_(z_pT_Bin_10)_(MultiDim_Q2_y_z_pT_phi_h)_(Normalized)[0m (Histo Num 54389)
[91mSkipping: (MultiDim_5D_Histo)_(Bayesian)_(SMEAR=Smear)_(Q2_y_Bin_16)_(z_pT_Bin_11)_(MultiDim_Q2_y_z_pT_phi_h)_(Normalized)[0m (Histo Num 54391)
[91mSkipping: (MultiDim_5D_Histo)_(RC_Bayesian)_(SMEAR=Smear)_(Q2_y_Bin_16)_(z_pT_Bin_11)_(MultiDim_Q2_y_z_pT_phi_h)_(Normalized)[0m (Histo Num 54392)
[91mSkipping: (MultiDim_5D_Histo)_(BC_RC_Bayesian)_(SMEAR=Smear)_(Q2_y_Bin_16)_(z_pT_Bin_11)_(MultiDim_Q2_y_z_pT_phi_h)_(Normalized)[0m (Histo Num 54393)
[91mSkipping: (MultiDim_5D_Histo)_(Bayesian)_(SMEAR=Smear)_(Q2_y_Bin_16)_(z_pT_Bin_12)_(MultiDim_Q2_y_z_pT_phi_h)_(Normalized)[0m (Histo Num 54395)
[91mSkipping: (MultiDim_5D_Histo)_(RC_Bayesian)_(SMEAR=Smear)_(Q2_y_Bin_16)_(z_pT_Bin_12)_(MultiDim_Q2_y_z_pT_phi_h)_(Normalized)[0m (Histo Num 54396)
[91mSkipping: (MultiDim_5D_Histo)_(BC_RC_Bayesian)_(SMEAR=Smear)_(Q2_y_Bin_16)_(z_pT_Bin_12)_(MultiDim_Q2_y_z_pT_phi_h)_(Normalized)[0m (Histo Num 54397)
[91mSkipping: (MultiDim_5D_Histo)_(Bayesian)_(SMEAR=Smear)_(Q2_y_Bin_16)_(z_pT_Bin_13)_(MultiDim_Q2_y_z_pT_phi_h)_(Normalized)[0m (Histo Num 54399)
[91mSkipping: (MultiDim_5D_Histo)_(RC_Bayesian)_(SMEAR=Smear)_(Q2_y_Bin_16)_(z_pT_Bin_13)_(MultiDim_Q2_y_z_pT_phi_h)_(Normalized)[0m (Histo Num 54400)
[91mSkipping: (MultiDim_5D_Histo)_(BC_RC_Bayesian)_(SMEAR=Smear)_(Q2_y_Bin_16)_(z_pT_Bin_13)_(MultiDim_Q2_y_z_pT_phi_h)_(Normalized)[0m (Histo Num 54401)
[91mSkipping: (MultiDim_5D_Histo)_(Bayesian)_(SMEAR=Smear)_(Q2_y_Bin_16)_(z_pT_Bin_14)_(MultiDim_Q2_y_z_pT_phi_h)_(Normalized)[0m (Histo Num 54403)
[91mSkipping: (MultiDim_5D_Histo)_(RC_Bayesian)_(SMEAR=Smear)_(Q2_y_Bin_16)_(z_pT_Bin_14)_(MultiDim_Q2_y_z_pT_phi_h)_(Normalized)[0m (Histo Num 54404)
[91mSkipping: (MultiDim_5D_Histo)_(BC_RC_Bayesian)_(SMEAR=Smear)_(Q2_y_Bin_16)_(z_pT_Bin_14)_(MultiDim_Q2_y_z_pT_phi_h)_(Normalized)[0m (Histo Num 54405)
[91mSkipping: (MultiDim_5D_Histo)_(Bayesian)_(SMEAR=Smear)_(Q2_y_Bin_16)_(z_pT_Bin_15)_(MultiDim_Q2_y_z_pT_phi_h)_(Normalized)[0m (Histo Num 54407)
[91mSkipping: (MultiDim_5D_Histo)_(RC_Bayesian)_(SMEAR=Smear)_(Q2_y_Bin_16)_(z_pT_Bin_15)_(MultiDim_Q2_y_z_pT_phi_h)_(Normalized)[0m (Histo Num 54408)
[91mSkipping: (MultiDim_5D_Histo)_(BC_RC_Bayesian)_(SMEAR=Smear)_(Q2_y_Bin_16)_(z_pT_Bin_15)_(MultiDim_Q2_y_z_pT_phi_h)_(Normalized)[0m (Histo Num 54409)
[91mSkipping: (MultiDim_5D_Histo)_(Bayesian)_(SMEAR=Smear)_(Q2_y_Bin_16)_(z_pT_Bin_16)_(MultiDim_Q2_y_z_pT_phi_h)_(Normalized)[0m (Histo Num 54411)
[91mSkipping: (MultiDim_5D_Histo)_(RC_Bayesian)_(SMEAR=Smear)_(Q2_y_Bin_16)_(z_pT_Bin_16)_(MultiDim_Q2_y_z_pT_phi_h)_(Normalized)[0m (Histo Num 54412)
[91mSkipping: (MultiDim_5D_Histo)_(BC_RC_Bayesian)_(SMEAR=Smear)_(Q2_y_Bin_16)_(z_pT_Bin_16)_(MultiDim_Q2_y_z_pT_phi_h)_(Normalized)[0m (Histo Num 54413)
[91mSkipping: (MultiDim_5D_Histo)_(Bayesian)_(SMEAR=Smear)_(Q2_y_Bin_16)_(z_pT_Bin_17)_(MultiDim_Q2_y_z_pT_phi_h)_(Normalized)[0m (Histo Num 54415)
[91mSkipping: (MultiDim_5D_Histo)_(RC_Bayesian)_(SMEAR=Smear)_(Q2_y_Bin_16)_(z_pT_Bin_17)_(MultiDim_Q2_y_z_pT_phi_h)_(Normalized)[0m (Histo Num 54416)
[91mSkipping: (MultiDim_5D_Histo)_(BC_RC_Bayesian)_(SMEAR=Smear)_(Q2_y_Bin_16)_(z_pT_Bin_17)_(MultiDim_Q2_y_z_pT_phi_h)_(Normalized)[0m (Histo Num 54417)
[91mSkipping: (MultiDim_5D_Histo)_(Bayesian)_(SMEAR=Smear)_(Q2_y_Bin_16)_(z_pT_Bin_19)_(MultiDim_Q2_y_z_pT_phi_h)_(Normalized)[0m (Histo Num 54419)
[91mSkipping: (MultiDim_5D_Histo)_(RC_Bayesian)_(SMEAR=Smear)_(Q2_y_Bin_16)_(z_pT_Bin_19)_(MultiDim_Q2_y_z_pT_phi_h)_(Normalized)[0m (Histo Num 54420)
[91mSkipping: (MultiDim_5D_Histo)_(BC_RC_Bayesian)_(SMEAR=Smear)_(Q2_y_Bin_16)_(z_pT_Bin_19)_(MultiDim_Q2_y_z_pT_phi_h)_(Normalized)[0m (Histo Num 54421)
[91mSkipping: (MultiDim_5D_Histo)_(Bayesian)_(SMEAR=Smear)_(Q2_y_Bin_16)_(z_pT_Bin_20)_(MultiDim_Q2_y_z_pT_phi_h)_(Normalized)[0m (Histo Num 54423)
[91mSkipping: (MultiDim_5D_Histo)_(RC_Bayesian)_(SMEAR=Smear)_(Q2_y_Bin_16)_(z_pT_Bin_20)_(MultiDim_Q2_y_z_pT_phi_h)_(Normalized)[0m (Histo Num 54424)
[91mSkipping: (MultiDim_5D_Histo)_(BC_RC_Bayesian)_(SMEAR=Smear)_(Q2_y_Bin_16)_(z_pT_Bin_20)_(MultiDim_Q2_y_z_pT_phi_h)_(Normalized)[0m (Histo Num 54425)
[91mSkipping: (MultiDim_5D_Histo)_(Bayesian)_(SMEAR=Smear)_(Q2_y_Bin_16)_(z_pT_Bin_21)_(MultiDim_Q2_y_z_pT_phi_h)_(Normalized)[0m (Histo Num 54427)
[91mSkipping: (MultiDim_5D_Histo)_(RC_Bayesian)_(SMEAR=Smear)_(Q2_y_Bin_16)_(z_pT_Bin_21)_(MultiDim_Q2_y_z_pT_phi_h)_(Normalized)[0m (Histo Num 54428)
[91mSkipping: (MultiDim_5D_Histo)_(BC_RC_Bayesian)_(SMEAR=Smear)_(Q2_y_Bin_16)_(z_pT_Bin_21)_(MultiDim_Q2_y_z_pT_phi_h)_(Normalized)[0m (Histo Num 54429)
[91mSkipping: (MultiDim_5D_Histo)_(Bayesian)_(SMEAR=Smear)_(Q2_y_Bin_16)_(z_pT_Bin_22)_(MultiDim_Q2_y_z_pT_phi_h)_(Normalized)[0m (Histo Num 54431)
[91mSkipping: (MultiDim_5D_Histo)_(RC_Bayesian)_(SMEAR=Smear)_(Q2_y_Bin_16)_(z_pT_Bin_22)_(MultiDim_Q2_y_z_pT_phi_h)_(Normalized)[0m (Histo Num 54432)
[91mSkipping: (MultiDim_5D_Histo)_(BC_RC_Bayesian)_(SMEAR=Smear)_(Q2_y_Bin_16)_(z_pT_Bin_22)_(MultiDim_Q2_y_z_pT_phi_h)_(Normalized)[0m (Histo Num 54433)
[91mSkipping: (MultiDim_5D_Histo)_(Bayesian)_(SMEAR=Smear)_(Q2_y_Bin_16)_(z_pT_Bin_25)_(MultiDim_Q2_y_z_pT_phi_h)_(Normalized)[0m (Histo Num 54435)
[91mSkipping: (MultiDim_5D_Histo)_(RC_Bayesian)_(SMEAR=Smear)_(Q2_y_Bin_16)_(z_pT_Bin_25)_(MultiDim_Q2_y_z_pT_phi_h)_(Normalized)[0m (Histo Num 54436)
[91mSkipping: (MultiDim_5D_Histo)_(BC_RC_Bayesian)_(SMEAR=Smear)_(Q2_y_Bin_16)_(z_pT_Bin_25)_(MultiDim_Q2_y_z_pT_phi_h)_(Normalized)[0m (Histo Num 54437)
[91mSkipping: (MultiDim_5D_Histo)_(Bayesian)_(SMEAR=Smear)_(Q2_y_Bin_16)_(z_pT_Bin_26)_(MultiDim_Q2_y_z_pT_phi_h)_(Normalized)[0m (Histo Num 54439)
[91mSkipping: (MultiDim_5D_Histo)_(RC_Bayesian)_(SMEAR=Smear)_(Q2_y_Bin_16)_(z_pT_Bin_26)_(MultiDim_Q2_y_z_pT_phi_h)_(Normalized)[0m (Histo Num 54440)
[91mSkipping: (MultiDim_5D_Histo)_(BC_RC_Bayesian)_(SMEAR=Smear)_(Q2_y_Bin_16)_(z_pT_Bin_26)_(MultiDim_Q2_y_z_pT_phi_h)_(Normalized)[0m (Histo Num 54441)
[91mSkipping: (MultiDim_5D_Histo)_(Bayesian)_(SMEAR=Smear)_(Q2_y_Bin_16)_(z_pT_Bin_27)_(MultiDim_Q2_y_z_pT_phi_h)_(Normalized)[0m (Histo Num 54443)
[91mSkipping: (MultiDim_5D_Histo)_(RC_Bayesian)_(SMEAR=Smear)_(Q2_y_Bin_16)_(z_pT_Bin_27)_(MultiDim_Q2_y_z_pT_phi_h)_(Normalized)[0m (Histo Num 54444)
[91mSkipping: (MultiDim_5D_Histo)_(BC_RC_Bayesian)_(SMEAR=Smear)_(Q2_y_Bin_16)_(z_pT_Bin_27)_(MultiDim_Q2_y_z_pT_phi_h)_(Normalized)[0m (Histo Num 54445)
[91mSkipping: (MultiDim_5D_Histo)_(Bayesian)_(SMEAR=Smear)_(Q2_y_Bin_17)_(z_pT_Bin_1)_(MultiDim_Q2_y_z_pT_phi_h)_(Normalized)[0m (Histo Num 54447)
[91mSkipping: (MultiDim_5D_Histo)_(RC_Bayesian)_(SMEAR=Smear)_(Q2_y_Bin_17)_(z_pT_Bin_1)_(MultiDim_Q2_y_z_pT_phi_h)_(Normalized)[0m (Histo Num 54448)
[91mSkipping: (MultiDim_5D_Histo)_(BC_RC_Bayesian)_(SMEAR=Smear)_(Q2_y_Bin_17)_(z_pT_Bin_1)_(MultiDim_Q2_y_z_pT_phi_h)_(Normalized)[0m (Histo Num 54449)
[91mSkipping: (MultiDim_5D_Histo)_(Bayesian)_(SMEAR=Smear)_(Q2_y_Bin_17)_(z_pT_Bin_2)_(MultiDim_Q2_y_z_pT_phi_h)_(Normalized)[0m (Histo Num 54451)
[91mSkipping: (MultiDim_5D_Histo)_(RC_Bayesian)_(SMEAR=Smear)_(Q2_y_Bin_17)_(z_pT_Bin_2)_(MultiDim_Q2_y_z_pT_phi_h)_(Normalized)[0m (Histo Num 54452)
[91mSkipping: (MultiDim_5D_Histo)_(BC_RC_Bayesian)_(SMEAR=Smear)_(Q2_y_Bin_17)_(z_pT_Bin_2)_(MultiDim_Q2_y_z_pT_phi_h)_(Normalized)[0m (Histo Num 54453)
[91mSkipping: (MultiDim_5D_Histo)_(Bayesian)_(SMEAR=Smear)_(Q2_y_Bin_17)_(z_pT_Bin_3)_(MultiDim_Q2_y_z_pT_phi_h)_(Normalized)[0m (Histo Num 54455)
[91mSkipping: (MultiDim_5D_Histo)_(RC_Bayesian)_(SMEAR=Smear)_(Q2_y_Bin_17)_(z_pT_Bin_3)_(MultiDim_Q2_y_z_pT_phi_h)_(Normalized)[0m (Histo Num 54456)
[91mSkipping: (MultiDim_5D_Histo)_(BC_RC_Bayesian)_(SMEAR=Smear)_(Q2_y_Bin_17)_(z_pT_Bin_3)_(MultiDim_Q2_y_z_pT_phi_h)_(Normalized)[0m (Histo Num 54457)
[91mSkipping: (MultiDim_5D_Histo)_(Bayesian)_(SMEAR=Smear)_(Q2_y_Bin_17)_(z_pT_Bin_4)_(MultiDim_Q2_y_z_pT_phi_h)_(Normalized)[0m (Histo Num 54459)
[91mSkipping: (MultiDim_5D_Histo)_(RC_Bayesian)_(SMEAR=Smear)_(Q2_y_Bin_17)_(z_pT_Bin_4)_(MultiDim_Q2_y_z_pT_phi_h)_(Normalized)[0m (Histo Num 54460)
[91mSkipping: (MultiDim_5D_Histo)_(BC_RC_Bayesian)_(SMEAR=Smear)_(Q2_y_Bin_17)_(z_pT_Bin_4)_(MultiDim_Q2_y_z_pT_phi_h)_(Normalized)[0m (Histo Num 54461)
[91mSkipping: (MultiDim_5D_Histo)_(Bayesian)_(SMEAR=Smear)_(Q2_y_Bin_17)_(z_pT_Bin_5)_(MultiDim_Q2_y_z_pT_phi_h)_(Normalized)[0m (Histo Num 54463)
[91mSkipping: (MultiDim_5D_Histo)_(RC_Bayesian)_(SMEAR=Smear)_(Q2_y_Bin_17)_(z_pT_Bin_5)_(MultiDim_Q2_y_z_pT_phi_h)_(Normalized)[0m (Histo Num 54464)
[91mSkipping: (MultiDim_5D_Histo)_(BC_RC_Bayesian)_(SMEAR=Smear)_(Q2_y_Bin_17)_(z_pT_Bin_5)_(MultiDim_Q2_y_z_pT_phi_h)_(Normalized)[0m (Histo Num 54465)
[91mSkipping: (MultiDim_5D_Histo)_(Bayesian)_(SMEAR=Smear)_(Q2_y_Bin_17)_(z_pT_Bin_7)_(MultiDim_Q2_y_z_pT_phi_h)_(Normalized)[0m (Histo Num 54467)
[91mSkipping: (MultiDim_5D_Histo)_(RC_Bayesian)_(SMEAR=Smear)_(Q2_y_Bin_17)_(z_pT_Bin_7)_(MultiDim_Q2_y_z_pT_phi_h)_(Normalized)[0m (Histo Num 54468)
[91mSkipping: (MultiDim_5D_Histo)_(BC_RC_Bayesian)_(SMEAR=Smear)_(Q2_y_Bin_17)_(z_pT_Bin_7)_(MultiDim_Q2_y_z_pT_phi_h)_(Normalized)[0m (Histo Num 54469)
[91mSkipping: (MultiDim_5D_Histo)_(Bayesian)_(SMEAR=Smear)_(Q2_y_Bin_17)_(z_pT_Bin_8)_(MultiDim_Q2_y_z_pT_phi_h)_(Normalized)[0m (Histo Num 54471)
[91mSkipping: (MultiDim_5D_Histo)_(RC_Bayesian)_(SMEAR=Smear)_(Q2_y_Bin_17)_(z_pT_Bin_8)_(MultiDim_Q2_y_z_pT_phi_h)_(Normalized)[0m (Histo Num 54472)
[91mSkipping: (MultiDim_5D_Histo)_(BC_RC_Bayesian)_(SMEAR=Smear)_(Q2_y_Bin_17)_(z_pT_Bin_8)_(MultiDim_Q2_y_z_pT_phi_h)_(Normalized)[0m (Histo Num 54473)
[91mSkipping: (MultiDim_5D_Histo)_(Bayesian)_(SMEAR=Smear)_(Q2_y_Bin_17)_(z_pT_Bin_9)_(MultiDim_Q2_y_z_pT_phi_h)_(Normalized)[0m (Histo Num 54475)
[91mSkipping: (MultiDim_5D_Histo)_(RC_Bayesian)_(SMEAR=Smear)_(Q2_y_Bin_17)_(z_pT_Bin_9)_(MultiDim_Q2_y_z_pT_phi_h)_(Normalized)[0m (Histo Num 54476)
[91mSkipping: (MultiDim_5D_Histo)_(BC_RC_Bayesian)_(SMEAR=Smear)_(Q2_y_Bin_17)_(z_pT_Bin_9)_(MultiDim_Q2_y_z_pT_phi_h)_(Normalized)[0m (Histo Num 54477)
[91mSkipping: (MultiDim_5D_Histo)_(Bayesian)_(SMEAR=Smear)_(Q2_y_Bin_17)_(z_pT_Bin_10)_(MultiDim_Q2_y_z_pT_phi_h)_(Normalized)[0m (Histo Num 54479)
[91mSkipping: (MultiDim_5D_Histo)_(RC_Bayesian)_(SMEAR=Smear)_(Q2_y_Bin_17)_(z_pT_Bin_10)_(MultiDim_Q2_y_z_pT_phi_h)_(Normalized)[0m (Histo Num 54480)
[91mSkipping: (MultiDim_5D_Histo)_(BC_RC_Bayesian)_(SMEAR=Smear)_(Q2_y_Bin_17)_(z_pT_Bin_10)_(MultiDim_Q2_y_z_pT_phi_h)_(Normalized)[0m (Histo Num 54481)
[91mSkipping: (MultiDim_5D_Histo)_(Bayesian)_(SMEAR=Smear)_(Q2_y_Bin_17)_(z_pT_Bin_11)_(MultiDim_Q2_y_z_pT_phi_h)_(Normalized)[0m (Histo Num 54483)
[91mSkipping: (MultiDim_5D_Histo)_(RC_Bayesian)_(SMEAR=Smear)_(Q2_y_Bin_17)_(z_pT_Bin_11)_(MultiDim_Q2_y_z_pT_phi_h)_(Normalized)[0m (Histo Num 54484)
[91mSkipping: (MultiDim_5D_Histo)_(BC_RC_Bayesian)_(SMEAR=Smear)_(Q2_y_Bin_17)_(z_pT_Bin_11)_(MultiDim_Q2_y_z_pT_phi_h)_(Normalized)[0m (Histo Num 54485)
[91mSkipping: (MultiDim_5D_Histo)_(Bayesian)_(SMEAR=Smear)_(Q2_y_Bin_17)_(z_pT_Bin_12)_(MultiDim_Q2_y_z_pT_phi_h)_(Normalized)[0m (Histo Num 54487)
[91mSkipping: (MultiDim_5D_Histo)_(RC_Bayesian)_(SMEAR=Smear)_(Q2_y_Bin_17)_(z_pT_Bin_12)_(MultiDim_Q2_y_z_pT_phi_h)_(Normalized)[0m (Histo Num 54488)
[91mSkipping: (MultiDim_5D_Histo)_(BC_RC_Bayesian)_(SMEAR=Smear)_(Q2_y_Bin_17)_(z_pT_Bin_12)_(MultiDim_Q2_y_z_pT_phi_h)_(Normalized)[0m (Histo Num 54489)
[91mSkipping: (MultiDim_5D_Histo)_(Bayesian)_(SMEAR=Smear)_(Q2_y_Bin_17)_(z_pT_Bin_13)_(MultiDim_Q2_y_z_pT_phi_h)_(Normalized)[0m (Histo Num 54491)
[91mSkipping: (MultiDim_5D_Histo)_(RC_Bayesian)_(SMEAR=Smear)_(Q2_y_Bin_17)_(z_pT_Bin_13)_(MultiDim_Q2_y_z_pT_phi_h)_(Normalized)[0m (Histo Num 54492)
[91mSkipping: (MultiDim_5D_Histo)_(BC_RC_Bayesian)_(SMEAR=Smear)_(Q2_y_Bin_17)_(z_pT_Bin_13)_(MultiDim_Q2_y_z_pT_phi_h)_(Normalized)[0m (Histo Num 54493)
[91mSkipping: (MultiDim_5D_Histo)_(Bayesian)_(SMEAR=Smear)_(Q2_y_Bin_17)_(z_pT_Bin_14)_(MultiDim_Q2_y_z_pT_phi_h)_(Normalized)[0m (Histo Num 54495)
[91mSkipping: (MultiDim_5D_Histo)_(RC_Bayesian)_(SMEAR=Smear)_(Q2_y_Bin_17)_(z_pT_Bin_14)_(MultiDim_Q2_y_z_pT_phi_h)_(Normalized)[0m (Histo Num 54496)
[91mSkipping: (MultiDim_5D_Histo)_(BC_RC_Bayesian)_(SMEAR=Smear)_(Q2_y_Bin_17)_(z_pT_Bin_14)_(MultiDim_Q2_y_z_pT_phi_h)_(Normalized)[0m (Histo Num 54497)
[91mSkipping: (MultiDim_5D_Histo)_(Bayesian)_(SMEAR=Smear)_(Q2_y_Bin_17)_(z_pT_Bin_15)_(MultiDim_Q2_y_z_pT_phi_h)_(Normalized)[0m (Histo Num 54499)
[91mSkipping: (MultiDim_5D_Histo)_(RC_Bayesian)_(SMEAR=Smear)_(Q2_y_Bin_17)_(z_pT_Bin_15)_(MultiDim_Q2_y_z_pT_phi_h)_(Normalized)[0m (Histo Num 54500)
[91mSkipping: (MultiDim_5D_Histo)_(BC_RC_Bayesian)_(SMEAR=Smear)_(Q2_y_Bin_17)_(z_pT_Bin_15)_(MultiDim_Q2_y_z_pT_phi_h)_(Normalized)[0m (Histo Num 54501)
[91mSkipping: (MultiDim_5D_Histo)_(Bayesian)_(SMEAR=Smear)_(Q2_y_Bin_17)_(z_pT_Bin_16)_(MultiDim_Q2_y_z_pT_phi_h)_(Normalized)[0m (Histo Num 54503)
[91mSkipping: (MultiDim_5D_Histo)_(RC_Bayesian)_(SMEAR=Smear)_(Q2_y_Bin_17)_(z_pT_Bin_16)_(MultiDim_Q2_y_z_pT_phi_h)_(Normalized)[0m (Histo Num 54504)
[91mSkipping: (MultiDim_5D_Histo)_(BC_RC_Bayesian)_(SMEAR=Smear)_(Q2_y_Bin_17)_(z_pT_Bin_16)_(MultiDim_Q2_y_z_pT_phi_h)_(Normalized)[0m (Histo Num 54505)
[91mSkipping: (MultiDim_5D_Histo)_(Bayesian)_(SMEAR=Smear)_(Q2_y_Bin_17)_(z_pT_Bin_17)_(MultiDim_Q2_y_z_pT_phi_h)_(Normalized)[0m (Histo Num 54507)
[91mSkipping: (MultiDim_5D_Histo)_(RC_Bayesian)_(SMEAR=Smear)_(Q2_y_Bin_17)_(z_pT_Bin_17)_(MultiDim_Q2_y_z_pT_phi_h)_(Normalized)[0m (Histo Num 54508)
[91mSkipping: (MultiDim_5D_Histo)_(BC_RC_Bayesian)_(SMEAR=Smear)_(Q2_y_Bin_17)_(z_pT_Bin_17)_(MultiDim_Q2_y_z_pT_phi_h)_(Normalized)[0m (Histo Num 54509)
[91mSkipping: (MultiDim_5D_Histo)_(Bayesian)_(SMEAR=Smear)_(Q2_y_Bin_17)_(z_pT_Bin_18)_(MultiDim_Q2_y_z_pT_phi_h)_(Normalized)[0m (Histo Num 54511)
[91mSkipping: (MultiDim_5D_Histo)_(RC_Bayesian)_(SMEAR=Smear)_(Q2_y_Bin_17)_(z_pT_Bin_18)_(MultiDim_Q2_y_z_pT_phi_h)_(Normalized)[0m (Histo Num 54512)
[91mSkipping: (MultiDim_5D_Histo)_(BC_RC_Bayesian)_(SMEAR=Smear)_(Q2_y_Bin_17)_(z_pT_Bin_18)_(MultiDim_Q2_y_z_pT_phi_h)_(Normalized)[0m (Histo Num 54513)
[91mSkipping: (MultiDim_5D_Histo)_(Bayesian)_(SMEAR=Smear)_(Q2_y_Bin_17)_(z_pT_Bin_19)_(MultiDim_Q2_y_z_pT_phi_h)_(Normalized)[0m (Histo Num 54515)
[91mSkipping: (MultiDim_5D_Histo)_(RC_Bayesian)_(SMEAR=Smear)_(Q2_y_Bin_17)_(z_pT_Bin_19)_(MultiDim_Q2_y_z_pT_phi_h)_(Normalized)[0m (Histo Num 54516)
[91mSkipping: (MultiDim_5D_Histo)_(BC_RC_Bayesian)_(SMEAR=Smear)_(Q2_y_Bin_17)_(z_pT_Bin_19)_(MultiDim_Q2_y_z_pT_phi_h)_(Normalized)[0m (Histo Num 54517)
[91mSkipping: (MultiDim_5D_Histo)_(Bayesian)_(SMEAR=Smear)_(Q2_y_Bin_17)_(z_pT_Bin_20)_(MultiDim_Q2_y_z_pT_phi_h)_(Normalized)[0m (Histo Num 54519)
[91mSkipping: (MultiDim_5D_Histo)_(RC_Bayesian)_(SMEAR=Smear)_(Q2_y_Bin_17)_(z_pT_Bin_20)_(MultiDim_Q2_y_z_pT_phi_h)_(Normalized)[0m (Histo Num 54520)
[91mSkipping: (MultiDim_5D_Histo)_(BC_RC_Bayesian)_(SMEAR=Smear)_(Q2_y_Bin_17)_(z_pT_Bin_20)_(MultiDim_Q2_y_z_pT_phi_h)_(Normalized)[0m (Histo Num 54521)
[91mSkipping: (MultiDim_5D_Histo)_(Bayesian)_(SMEAR=Smear)_(Q2_y_Bin_17)_(z_pT_Bin_21)_(MultiDim_Q2_y_z_pT_phi_h)_(Normalized)[0m (Histo Num 54523)
[91mSkipping: (MultiDim_5D_Histo)_(RC_Bayesian)_(SMEAR=Smear)_(Q2_y_Bin_17)_(z_pT_Bin_21)_(MultiDim_Q2_y_z_pT_phi_h)_(Normalized)[0m (Histo Num 54524)
[91mSkipping: (MultiDim_5D_Histo)_(BC_RC_Bayesian)_(SMEAR=Smear)_(Q2_y_Bin_17)_(z_pT_Bin_21)_(MultiDim_Q2_y_z_pT_phi_h)_(Normalized)[0m (Histo Num 54525)
[91mSkipping: (MultiDim_5D_Histo)_(Bayesian)_(SMEAR=Smear)_(Q2_y_Bin_17)_(z_pT_Bin_22)_(MultiDim_Q2_y_z_pT_phi_h)_(Normalized)[0m (Histo Num 54527)
[91mSkipping: (MultiDim_5D_Histo)_(RC_Bayesian)_(SMEAR=Smear)_(Q2_y_Bin_17)_(z_pT_Bin_22)_(MultiDim_Q2_y_z_pT_phi_h)_(Normalized)[0m (Histo Num 54528)
[91mSkipping: (MultiDim_5D_Histo)_(BC_RC_Bayesian)_(SMEAR=Smear)_(Q2_y_Bin_17)_(z_pT_Bin_22)_(MultiDim_Q2_y_z_pT_phi_h)_(Normalized)[0m (Histo Num 54529)
[91mSkipping: (MultiDim_5D_Histo)_(Bayesian)_(SMEAR=Smear)_(Q2_y_Bin_17)_(z_pT_Bin_23)_(MultiDim_Q2_y_z_pT_phi_h)_(Normalized)[0m (Histo Num 54531)
[91mSkipping: (MultiDim_5D_Histo)_(RC_Bayesian)_(SMEAR=Smear)_(Q2_y_Bin_17)_(z_pT_Bin_23)_(MultiDim_Q2_y_z_pT_phi_h)_(Normalized)[0m (Histo Num 54532)
[91mSkipping: (MultiDim_5D_Histo)_(BC_RC_Bayesian)_(SMEAR=Smear)_(Q2_y_Bin_17)_(z_pT_Bin_23)_(MultiDim_Q2_y_z_pT_phi_h)_(Normalized)[0m (Histo Num 54533)
[91mSkipping: (MultiDim_5D_Histo)_(Bayesian)_(SMEAR=Smear)_(Q2_y_Bin_17)_(z_pT_Bin_25)_(MultiDim_Q2_y_z_pT_phi_h)_(Normalized)[0m (Histo Num 54535)
[91mSkipping: (MultiDim_5D_Histo)_(RC_Bayesian)_(SMEAR=Smear)_(Q2_y_Bin_17)_(z_pT_Bin_25)_(MultiDim_Q2_y_z_pT_phi_h)_(Normalized)[0m (Histo Num 54536)
[91mSkipping: (MultiDim_5D_Histo)_(BC_RC_Bayesian)_(SMEAR=Smear)_(Q2_y_Bin_17)_(z_pT_Bin_25)_(MultiDim_Q2_y_z_pT_phi_h)_(Normalized)[0m (Histo Num 54537)
[91mSkipping: (MultiDim_5D_Histo)_(Bayesian)_(SMEAR=Smear)_(Q2_y_Bin_17)_(z_pT_Bin_26)_(MultiDim_Q2_y_z_pT_phi_h)_(Normalized)[0m (Histo Num 54539)
[91mSkipping: (MultiDim_5D_Histo)_(RC_Bayesian)_(SMEAR=Smear)_(Q2_y_Bin_17)_(z_pT_Bin_26)_(MultiDim_Q2_y_z_pT_phi_h)_(Normalized)[0m (Histo Num 54540)
[91mSkipping: (MultiDim_5D_Histo)_(BC_RC_Bayesian)_(SMEAR=Smear)_(Q2_y_Bin_17)_(z_pT_Bin_26)_(MultiDim_Q2_y_z_pT_phi_h)_(Normalized)[0m (Histo Num 54541)
[91mSkipping: (MultiDim_5D_Histo)_(Bayesian)_(SMEAR=Smear)_(Q2_y_Bin_17)_(z_pT_Bin_27)_(MultiDim_Q2_y_z_pT_phi_h)_(Normalized)[0m (Histo Num 54543)
[91mSkipping: (MultiDim_5D_Histo)_(RC_Bayesian)_(SMEAR=Smear)_(Q2_y_Bin_17)_(z_pT_Bin_27)_(MultiDim_Q2_y_z_pT_phi_h)_(Normalized)[0m (Histo Num 54544)
[91mSkipping: (MultiDim_5D_Histo)_(BC_RC_Bayesian)_(SMEAR=Smear)_(Q2_y_Bin_17)_(z_pT_Bin_27)_(MultiDim_Q2_y_z_pT_phi_h)_(Normalized)[0m (Histo Num 54545)
[91mSkipping: (MultiDim_5D_Histo)_(Bayesian)_(SMEAR=Smear)_(Q2_y_Bin_17)_(z_pT_Bin_28)_(MultiDim_Q2_y_z_pT_phi_h)_(Normalized)[0m (Histo Num 54547)
[91mSkipping: (MultiDim_5D_Histo)_(RC_Bayesian)_(SMEAR=Smear)_(Q2_y_Bin_17)_(z_pT_Bin_28)_(MultiDim_Q2_y_z_pT_phi_h)_(Normalized)[0m (Histo Num 54548)
[91mSkipping: (MultiDim_5D_Histo)_(BC_RC_Bayesian)_(SMEAR=Smear)_(Q2_y_Bin_17)_(z_pT_Bin_28)_(MultiDim_Q2_y_z_pT_phi_h)_(Normalized)[0m (Histo Num 54549)

[1m[94mFit/Added [0m[1m2790[1m[94m Histograms[0m[94m
Adding to Main List...[0m

[1m[92mLength of Main List of Histograms (After adding Fits): [0m[1m66175[0m


Current Time: [1m12:24 p.m.[0m
Time Elapsed Up To Now:
0 Day(s), 0 Hour(s), 4 Minute(s), and 8 Second(s).



Counting Total Number of/Saving collected histograms...
[1m[94mSaving to: [1m[92mHybrid_Unfolded_Parallel_SIDIS_epip_from_3D_and_5D_1st_Order_V2.root[0m

[1m[96mDone Saving![0m

Final Count = 66175


Current Time: [1m12:41 p.m.[0m
Time Elapsed Up To Now:
0 Day(s), 0 Hour(s), 20 Minute(s), and 48 Second(s).


[1m[94mSaved Fit Parameters JSON as [1m[92mFit_Pars_from_Simple_RooUnfold_SelfContained_using_Hybrid_Unfolded_Parallel_SIDIS_epip_from_3D_and_5D_1st_Order_V2.json[1m[94m (total entries now = 13)[0m

[1m[96mDone Saving JSON File.[0m
Time Elapsed Up To Now: 0 Day(s), 0 Hour(s), 20 Minute(s), and 48 Second(s). 

[1m[94mSaved Fit Parameters JSON as [1m[92mFit_Pars_from_Simple_RooUnfold_SelfContained_using_Hybrid_Unfolded_Parallel_SIDIS_epip_from_3D_and_5D_1st_Order_V2.json[1m[94m (total entries now = 13)[0m

[1m[96mDone Saving JSON File.[0m
Time Elapsed Up To Now: 0 Day(s), 0 Hour(s), 20 Minute(s), and 48 Second(s). 

[1m[94mSaved Fit Parameters JSON as [1m[92mFit_Pars_from_Simple_RooUnfold_SelfContained_using_Hybrid_Unfolded_Parallel_SIDIS_epip_from_3D_and_5D_1st_Order_V2.json[1m[94m (total entries now = 13)[0m

[1m[96mDone Saving JSON File.[0m
Time Elapsed Up To Now: 0 Day(s), 0 Hour(s), 20 Minute(s), and 48 Second(s). 




[1m[43mEMAIL MESSAGE TO SEND:[0m


The 'Simple_RooUnfold_SelfContained.py' script has finished running.
Started running on [1m8-17-2026[0m at [1m12:20 p.m.[0m

Input File:
	Hybrid_Unfolded_Parallel_SIDIS_epip_from_3D_and_5D_1st_Order_V2.root
Output File:
	Hybrid_Unfolded_Parallel_SIDIS_epip_from_3D_and_5D_1st_Order_V2.root

Iteration 1 3D remake using universal spline initializer.
[1m[96mDone Saving JSON File.[0m
Time Elapsed Up To Now: 0 Day(s), 0 Hour(s), 20 Minute(s), and 48 Second(s). 
[1m[96mDone Saving JSON File.[0m
Time Elapsed Up To Now: 0 Day(s), 0 Hour(s), 20 Minute(s), and 48 Second(s). 
[1m[96mDone Saving JSON File.[0m
Time Elapsed Up To Now: 0 Day(s), 0 Hour(s), 20 Minute(s), and 48 Second(s). 

Arguments:
--unfolding_3D (3D Unfolding Only)                  --> True
--unfolding_5D (Ran 5D Unfolding Fits)              --> False
--run_sectors                                       --> False
--sectors_to_unfold                                 --> None
--allow_other_variables (for unfolding)             --> False
--simulation (unfolding synthetic data)             --> False
--modulation (data unfolded with modulated MC)      --> False
--closure  (modulated MC unfolded with itself)      --> False
--weighed_acceptance (use acceptance weights only)  --> False
--test                                              --> False
--verbose                                           --> False
--weight_tag                                        --> ''
--fit                                               --> True
--remake_fit                                        --> True
--CrossSection_Norm                                 --> False
--tag_proton                                        --> False
--cut_proton                                        --> False
--Common_Int_Bins                                   --> False
--bayes_iterations                                  --> None
--Num_Toys                                          --> 500
--Unfold_Methods                                    --> ['Bayesian']
--title                                             --> None
--EvGen                                             --> False
--Min_Allowed_Acceptance_Cut                        --> 0.0005
--Use_TTree                                         --> True
--Apply_RC                                          --> False
--Apply_BC                                          --> False
--Add_Uncertainties                                 --> False
--save_json                                         --> True
--json_name                                         --> 'Fit_Pars_from_Simple_RooUnfold_SelfContained_using_Hybrid_Unfolded_Parallel_SIDIS_epip_from_3D_and_5D_1st_Order_V2.json'
--old_json                                          --> False
--background_source                                 --> 'lundvpk'
--use_spline_init                                   --> True
--fit_init_file                                     --> None
--pass_version                                      --> 'Pass 2'
--smearing_options                                  --> 'smear'
--Q2_y_Bin_List                                     --> ['0', '1', '2', '3', '4', '5', '6', '7', '8', '9', '10', '11', '12', '13', '14', '15', '16', '17']
--Run_5D_Unfold                                     --> False
--run_sec_unfold                                    --> False


The time that this code finished is [1m12:41 p.m.[0m
The total time the code took to run is:
0 Day(s), 0 Hour(s), 20 Minute(s), and 48 Second(s).
Saved 66175 Histograms...
Rate = 53.02 Histograms/Seconds
    

[1m[92m[43m
    	                                   	   
    	This code has now finished running.	   
    	                                   	   [0m
    
    
